Date,ticker,open,high,low,close,adjusted_close,volume,sma_short,sma_long,vix,cpi,gdp,unemployment,sentiment_mean,sentiment_std,news_count
2022-01-31,AMZN,144.75,150.36050415039062,144.30050659179688,149.57350158691406,149.57350158691406,78308000,142.4094970703125,155.48084869384766,24.82999992370605,282.543,21932.71,4.0,0.121372,0.0133284503600381,3
2022-02-01,AMZN,150.0,151.70799255371094,147.62750244140625,151.19349670410156,151.19349670410156,59220000,144.6509979248047,154.52029876708986,21.959999084472656,284.5,21932.71,3.9,0.2462245,0.1657662137399134,4
2022-02-02,AMZN,155.05050659179688,155.0749969482422,148.86349487304688,150.6125030517578,150.6125030517578,87330000,146.9989990234375,153.67482376098633,22.09000015258789,284.5,21932.71,3.9,0.1642338,0.2334990950286531,5
2022-02-03,AMZN,141.7375030517578,144.24749755859375,138.33299255371094,138.8455047607422,138.8455047607422,225532000,146.8406005859375,152.3992492675781,24.350000381469727,284.5,21932.71,3.9,0.1537881818181818,0.1603507075037825,11
2022-02-04,AMZN,155.60650634765625,161.1999969482422,150.60800170898438,157.63949584960938,157.63949584960938,253456000,149.572900390625,152.11852416992187,23.21999931335449,284.5,21932.71,3.9,0.3186985714285714,0.1184230518295278,7
2022-02-07,AMZN,158.52000427246094,162.6909942626953,157.25,157.9355010986328,157.9355010986328,102624000,151.24530029296875,151.8875991821289,22.86000061035156,284.5,21932.71,3.9,0.2633954999999999,0.0689916146056895,6
2022-02-08,AMZN,156.75050354003906,161.79249572753906,155.55050659179688,161.4134979248047,161.4134979248047,76040000,153.28930053710937,151.88397445678712,21.440000534057617,284.5,21932.71,3.9,0.2828392857142857,0.1290710811035458,7
2022-02-09,AMZN,162.87350463867188,163.83450317382812,160.25,161.1894989013672,161.1894989013672,68786000,155.40469970703126,151.67534942626952,19.959999084472656,284.5,21932.71,3.9,-0.0082105,0.1952852152941947,2
2022-02-10,AMZN,158.35000610351562,160.7165069580078,157.75,159.0034942626953,159.0034942626953,68268000,159.43629760742186,151.3651741027832,23.90999984741211,284.5,21932.71,3.9,0.2650956666666667,0.1625808372320264,6
2022-02-11,AMZN,158.13450622558594,159.0,152.73399353027344,153.2935028076172,153.2935028076172,77100000,158.56709899902344,150.969149017334,27.36000061035156,284.5,21932.71,3.9,0.1781367142857143,0.2103013058025035,7
2022-02-14,AMZN,151.75100708007812,158.44850158691406,151.64999389648438,155.16700744628906,155.16700744628906,83230000,158.01340026855468,150.62059936523437,28.32999992370605,284.5,21932.71,3.9,0.180977125,0.1899362888477814,8
2022-02-15,AMZN,157.60549926757812,158.0070037841797,154.6374969482422,156.510498046875,156.510498046875,56440000,157.03280029296874,150.50024948120117,25.700000762939453,284.5,21932.71,3.9,0.18790175,0.1232938732158584,12
2022-02-16,AMZN,155.79049682617188,158.83399963378906,154.7344970703125,158.10049438476562,158.10049438476562,52704000,156.41499938964844,150.59032440185547,24.290000915527344,284.5,21932.71,3.9,0.0370956666666666,0.3822169372363466,3
2022-02-17,AMZN,158.14599609375,160.3489990234375,154.5,154.65249633789062,154.65249633789062,64032000,155.5447998046875,150.73957443237305,28.11000061035156,284.5,21932.71,3.9,0.1842366666666667,0.1070183380609759,3
2022-02-18,AMZN,155.49949645996094,155.49949645996094,150.89300537109375,152.60150146484375,152.60150146484375,63604000,155.40639953613282,151.23749923706055,27.75,284.5,21932.71,3.9,0.29946575,0.115415943616628,4
2022-02-22,AMZN,150.47850036621094,152.9824981689453,148.48550415039062,150.19749450683594,150.19749450683594,66128000,154.4124969482422,151.52017364501953,28.809999465942383,284.5,21932.71,3.9,0.03518225,0.2201470247559949,4
2022-02-23,AMZN,151.65049743652344,151.76300048828125,144.6510009765625,144.82699584960938,144.82699584960938,64244000,152.07579650878907,151.76222381591796,31.020000457763672,284.5,21932.71,3.9,0.234816,0.0,1
2022-02-24,AMZN,139.83749389648438,151.74899291992188,139.5,151.35800170898438,151.35800170898438,100786000,150.7272979736328,152.3864990234375,30.31999969482422,284.5,21932.71,3.9,0.0465488,0.2411800074440251,5
2022-02-25,AMZN,150.5500030517578,153.99000549316406,149.2135009765625,153.7884979248047,153.7884979248047,62396000,150.55449829101562,153.09404907226562,27.59000015258789,284.5,21932.71,3.9,0.245473,0.2005680100564394,2
2022-02-28,AMZN,152.4250030517578,154.4499969482422,150.85000610351562,153.56300354003906,153.56300354003906,57684000,150.74679870605468,153.57329940795898,30.14999961853028,284.5,21932.71,3.9,0.3101890909090909,0.0937905476585509,11
2022-03-01,AMZN,152.7324981689453,154.0989990234375,149.9770050048828,151.14199829101562,151.14199829101562,44874000,150.93569946289062,153.65172424316407,33.31999969482422,287.674,21932.71,3.7,0.1898866666666666,0.1342901629321125,3
2022-03-02,AMZN,150.8489990234375,152.99949645996094,148.75,152.05250549316406,152.05250549316406,47334000,152.38080139160155,153.69467468261718,30.739999771118164,287.674,21932.71,3.7,0.1427745714285714,0.1754249298378626,7
2022-03-03,AMZN,153.531494140625,153.9290008544922,146.8560028076172,147.89849853515625,147.89849853515625,65198000,151.68890075683595,153.5589744567871,30.479999542236328,287.674,21932.71,3.7,-0.189431,0.2507646590504066,4
2022-03-04,AMZN,147.15899658203125,147.85000610351562,143.8070068359375,145.64100646972656,145.64100646972656,60934000,150.0594024658203,153.89874954223632,31.979999542236328,287.674,21932.71,3.7,0.2668073333333333,0.1049059148253011,3
2022-03-07,AMZN,145.44349670410156,146.09449768066406,137.41650390625,137.4530029296875,137.4530029296875,86934000,146.83740234375,152.88942489624023,36.45000076293945,287.674,21932.71,3.7,0.1601719999999999,0.0747086598594834,2
2022-03-08,AMZN,136.68350219726562,140.69949340820312,133.57249450683594,136.01449584960938,136.01449584960938,91662000,143.81190185546876,151.79337463378906,35.130001068115234,287.674,21932.71,3.7,-0.0674146,0.1269957342838727,5
2022-03-09,AMZN,139.5,140.25,136.8280029296875,139.2790069580078,139.2790069580078,82656000,141.2572021484375,150.68665008544923,32.45000076293945,287.674,21932.71,3.7,0.265323,0.2299043869307412,7
2022-03-10,AMZN,145.68499755859375,148.67449951171875,143.97799682617188,146.8175048828125,146.8175048828125,135062000,141.04100341796874,149.9680503845215,30.229999542236328,287.674,21932.71,3.7,0.1942463333333333,0.2531520118179325,6
2022-03-11,AMZN,149.57449340820312,149.6750030517578,145.36900329589844,145.52450561523438,145.52450561523438,68900000,141.0177032470703,149.29410095214843,30.75,287.674,21932.71,3.7,0.2270926,0.257757934685433,5
2022-03-14,AMZN,145.9810028076172,147.4499969482422,140.88400268554688,141.85299682617188,141.85299682617188,74086000,141.8977020263672,148.72207565307616,31.770000457763672,287.674,21932.71,3.7,0.314621,0.0,1
2022-03-15,AMZN,142.85000610351562,147.98500061035156,142.0,147.3665008544922,147.3665008544922,75584000,144.16810302734376,148.33205032348633,29.82999992370605,287.674,21932.71,3.7,0.15774125,0.2256038460365869,8
2022-03-16,AMZN,148.5,153.14999389648438,147.35350036621094,153.10400390625,153.10400390625,84958000,146.9331024169922,148.16172561645507,26.670000076293945,287.674,21932.71,3.7,0.1444747142857143,0.1958673541351512,7
2022-03-17,AMZN,152.6405029296875,157.49850463867188,152.13999938964844,157.23899841308594,157.23899841308594,72934000,149.01740112304688,148.1186508178711,25.670000076293945,287.674,21932.71,3.7,0.161371875,0.2269128750483242,8
2022-03-18,AMZN,156.81300354003906,161.593994140625,156.01100158691406,161.25050354003906,161.25050354003906,102962000,152.1626007080078,148.44855117797852,23.8700008392334,287.674,21932.71,3.7,0.0,0.0,0
2022-03-21,AMZN,161.12100219726562,163.08399963378906,159.55299377441406,161.4915008544922,161.4915008544922,66538000,156.09030151367188,148.89305114746094,23.530000686645508,287.674,21932.71,3.7,0.1103258,0.2122252284406828,5
2022-03-22,AMZN,161.8054962158203,166.16700744628906,161.69900512695312,164.88900756835938,164.88900756835938,64086000,159.5948028564453,149.62762680053712,22.940000534057617,287.674,21932.71,3.7,0.2207702857142857,0.211139413465538,7
2022-03-23,AMZN,163.7050018310547,166.3699951171875,162.68699645996094,163.4080047607422,163.4080047607422,55812000,161.65560302734374,150.55667724609376,23.56999969482422,287.674,21932.71,3.7,-0.0569625,0.3856680592744231,2
2022-03-24,AMZN,163.74949645996094,164.11849975585938,160.0500030517578,163.64950561523438,163.64950561523438,56798000,162.93770446777344,151.17125244140624,21.670000076293945,287.674,21932.71,3.7,0.18746725,0.1536208334056614,4
2022-03-25,AMZN,164.0,165.36849975585938,162.25,164.77349853515625,164.77349853515625,49032000,163.64230346679688,151.72050247192382,20.809999465942383,287.674,21932.71,3.7,0.0,0.0,0
2022-03-28,AMZN,164.97500610351562,169.03750610351562,164.89999389648438,168.99049377441406,168.99049377441406,59854000,165.14210205078126,152.49187698364258,19.6299991607666,287.674,21932.71,3.7,0.130118,0.2823144370791783,4
2022-03-29,AMZN,170.38400268554688,170.8314971923828,167.86849975585938,169.31500244140625,169.31500244140625,66154000,166.0273010253906,153.4005271911621,18.89999961853028,287.674,21932.71,3.7,0.372522,0.051516971650127,2
2022-03-30,AMZN,168.50950622558594,168.95050048828125,165.5,166.30099487304688,166.30099487304688,56168000,166.60589904785155,154.11295166015626,19.32999992370605,287.674,21932.71,3.7,0.18365325,0.1536937791935175,8
2022-03-31,AMZN,166.44500732421875,166.4949951171875,162.95350646972656,162.99749755859375,162.99749755859375,59966000,166.47549743652343,154.86790161132814,20.559999465942383,287.674,21932.71,3.7,0.1569285,0.0904216492015785,4
2022-04-01,AMZN,164.14950561523438,165.82699584960938,162.3195037841797,163.55999755859375,163.55999755859375,57090000,166.23279724121093,155.76385116577148,19.6299991607666,288.561,21967.045,3.7,0.0608208333333333,0.2581883442182599,6
2022-04-04,AMZN,164.125,168.39450073242188,163.20550537109375,168.34649658203125,168.34649658203125,49882000,166.10399780273437,157.30852584838868,18.56999969482422,288.561,21967.045,3.7,0.131599,0.2299163321482404,5
2022-04-05,AMZN,167.7415008544922,168.11050415039062,163.26600646972656,164.05499267578125,164.05499267578125,53728000,165.05199584960937,158.71055068969727,21.030000686645508,288.561,21967.045,3.7,0.255855,0.1515654691214328,4
2022-04-06,AMZN,161.65049743652344,162.1999969482422,157.25450134277344,158.75599670410156,158.75599670410156,79056000,163.54299621582032,159.68440017700195,22.100000381469727,288.561,21967.045,3.7,0.236431,0.3931520361526823,3
2022-04-07,AMZN,158.39999389648438,160.07899475097656,154.51150512695312,157.7845001220703,157.7845001220703,68136000,162.50039672851562,160.23274993896484,21.549999237060547,288.561,21967.045,3.7,0.1180286666666666,0.2719124317759916,3
2022-04-08,AMZN,156.75,157.36849975585938,154.2310028076172,154.4604949951172,154.4604949951172,46002000,160.6804962158203,160.67954940795897,21.15999984741211,288.561,21967.045,3.7,0.146951,0.0,1
2022-04-11,AMZN,152.71299743652344,154.13650512695312,150.5345001220703,151.1219940185547,151.1219940185547,52112000,157.235595703125,161.14299926757812,24.3700008392334,288.561,21967.045,3.7,0.0998608571428571,0.2312957271463155,7
2022-04-12,AMZN,153.6925048828125,155.0989990234375,150.38299560546875,150.78750610351562,150.78750610351562,55178000,154.58209838867188,161.3140495300293,24.26000022888184,288.561,21967.045,3.7,0.19045425,0.0910161681566993,8
2022-04-13,AMZN,150.01849365234375,156.02499389648438,149.60000610351562,155.54100036621094,155.54100036621094,53390000,153.93909912109376,161.43589935302734,21.81999969482422,288.561,21967.045,3.7,0.254671,0.1511599676799383,3
2022-04-14,AMZN,155.38999938964844,155.89700317382812,151.4720001220703,151.7064971923828,151.7064971923828,51598000,152.72349853515624,161.15927429199218,22.700000762939453,288.561,21967.045,3.7,0.266137,0.1656944358047869,4
2022-04-18,AMZN,151.52349853515625,154.0395050048828,150.25050354003906,152.78500366210938,152.78500366210938,46514000,152.38840026855468,160.7359992980957,22.170000076293945,288.561,21967.045,3.7,0.0965778,0.2336617582076707,5
2022-04-19,AMZN,152.0294952392578,158.6490020751953,151.55050659179688,158.11549377441406,158.11549377441406,54926000,153.78710021972657,160.5671989440918,21.3700008392334,288.561,21967.045,3.7,0.0570626,0.2151054215129564,10
2022-04-20,AMZN,157.6024932861328,157.6024932861328,153.60350036621094,153.9980010986328,153.9980010986328,59630000,154.42919921875,160.02264862060548,20.31999969482422,288.561,21967.045,3.7,0.0548981999999999,0.3031747439102846,10
2022-04-21,AMZN,154.71400451660156,156.73800659179688,147.58949279785156,148.29600524902344,148.29600524902344,63970000,152.9802001953125,159.26704864501954,22.68000030517578,288.561,21967.045,3.7,0.232128,0.2568997563380927,8
2022-04-22,AMZN,148.25,149.61500549316406,143.69749450683594,144.35000610351562,144.35000610351562,73078000,151.50890197753907,158.30207366943358,28.209999084472656,288.561,21967.045,3.7,0.2110943333333333,0.1061944955698426,3
2022-04-25,AMZN,144.0229949951172,146.22149658203125,142.30650329589844,146.07400512695312,146.07400512695312,61874000,150.1667022705078,157.36709899902343,27.020000457763672,288.561,21967.045,3.7,0.1716073636363636,0.1674568531319472,11
2022-04-26,AMZN,144.8000030517578,144.8560028076172,138.92950439453125,139.39100646972656,139.39100646972656,77530000,146.42180480957032,155.88712463378906,33.52000045776367,288.561,21967.045,3.7,0.0357525,0.1674920939238625,4
2022-04-27,AMZN,140.19149780273438,141.94850158691406,135.7834930419922,138.16700744628906,138.16700744628906,71336000,143.25560607910157,154.3297248840332,31.600000381469727,288.561,21967.045,3.7,0.2478756666666667,0.1222286601393742,6
2022-04-28,AMZN,142.17799377441406,145.9375,140.3000030517578,144.59649658203125,144.59649658203125,117316000,142.5157043457031,153.24449996948243,29.989999771118164,288.561,21967.045,3.7,0.1979935,0.1877367109411476,4
2022-04-29,AMZN,129.8489990234375,130.76100158691406,121.625,124.28150177001952,124.28150177001952,272662000,138.50200347900392,151.3087001800537,33.400001525878906,288.561,21967.045,3.7,0.020509375,0.3404042388174927,16
2022-05-02,AMZN,122.4010009765625,124.66799926757812,118.375,124.5,124.5,148788000,134.18720245361328,149.35570030212403,32.34000015258789,291.298,21967.045,3.6,-0.0129215,0.2514477882139087,4
2022-05-03,AMZN,124.05349731445312,126.22049713134766,122.8249969482422,124.25350189208984,124.25350189208984,79134000,131.15970153808593,147.15105056762695,29.25,291.298,21967.045,3.6,0.2114862222222222,0.1927506503508988,9
2022-05-04,AMZN,123.5999984741211,126.0,119.18299865722656,125.92849731445312,125.92849731445312,110746000,128.71199951171874,145.24472579956054,25.420000076293945,291.298,21967.045,3.6,0.1388256153846153,0.21057208624623,13
2022-05-05,AMZN,123.0,123.4990005493164,115.07250213623048,116.40699768066406,116.40699768066406,144392000,123.07409973144532,143.12727584838868,31.200000762939453,291.298,21967.045,3.6,-0.0429026666666666,0.3537672351723658,9
2022-05-06,AMZN,114.8499984741211,119.05049896240234,113.0814971923828,114.77249908447266,114.77249908447266,124260000,121.17229919433592,140.9766757965088,30.190000534057617,291.298,21967.045,3.6,-0.0951118,0.2890282341721998,5
2022-05-09,AMZN,111.3125,114.0,107.95700073242188,108.78900146484376,108.78900146484376,128124000,118.03009948730468,138.6931011199951,34.75,291.298,21967.045,3.6,0.201052,0.0,1
2022-05-10,AMZN,111.25,112.64250183105467,107.1709976196289,108.85900115966795,108.85900115966795,105434000,114.95119934082032,136.57995147705077,32.9900016784668,291.298,21967.045,3.6,0.086754,0.1839512886880654,4
2022-05-11,AMZN,108.10350036621094,110.15599822998048,104.42849731445312,105.37200164794922,105.37200164794922,109704000,110.83990020751952,134.30917625427247,32.560001373291016,291.298,21967.045,3.6,0.151274625,0.186566055838475,8
2022-05-12,AMZN,102.75,110.78050231933594,102.40550231933594,106.93049621582033,106.93049621582033,132026000,108.94459991455078,131.87865104675294,31.770000457763672,291.298,21967.045,3.6,0.1669121,0.1260493278059118,10
2022-05-13,AMZN,109.06900024414062,113.18399810791016,107.8000030517578,113.05500030517578,113.05500030517578,93684000,108.6011001586914,129.9460762023926,28.8700008392334,291.298,21967.045,3.6,0.08360275,0.1360116067286783,4
2022-05-16,AMZN,113.0999984741211,113.99250030517578,110.35399627685548,110.8105010986328,110.8105010986328,74566000,109.00540008544922,127.84735107421876,27.46999931335449,291.298,21967.045,3.6,0.1867878,0.0583751298259798,5
2022-05-17,AMZN,113.2750015258789,115.8000030517578,111.27649688720705,115.36849975585938,115.36849975585938,76448000,110.3072998046875,125.71000137329102,26.100000381469727,291.298,21967.045,3.6,-0.0736705,0.2391935460409972,4
2022-05-18,AMZN,111.4394989013672,112.85299682617188,106.2490005493164,107.1125030517578,107.1125030517578,108380000,110.65540008544922,123.36572647094728,30.959999084472656,291.298,21967.045,3.6,0.13395,0.1920686000663007,8
2022-05-19,AMZN,106.28050231933594,110.03399658203124,106.19300079345705,107.31900024414062,107.31900024414062,88142000,110.73310089111328,121.31687622070312,29.350000381469727,291.298,21967.045,3.6,-0.0297006,0.2240765735698401,5
2022-05-20,AMZN,109.56849670410156,109.89800262451172,105.0094985961914,107.59100341796876,107.59100341796876,99500000,109.64030151367189,119.4789260864258,29.43000030517578,291.298,21967.045,3.6,0.134214,0.0,1
2022-05-23,AMZN,108.46099853515624,108.81900024414062,103.9499969482422,107.55699920654295,107.55699920654295,107798000,108.9896011352539,117.55307579040527,28.479999542236328,291.298,21967.045,3.6,0.173062625,0.2052659313315551,8
2022-05-24,AMZN,104.0250015258789,105.4000015258789,101.26000213623048,104.0999984741211,104.0999984741211,102934000,106.73590087890624,115.788525390625,29.450000762939453,291.298,21967.045,3.6,0.1351295,0.2241709973040669,6
2022-05-25,AMZN,103.65550231933594,108.1750030517578,103.6500015258789,106.7750015258789,106.7750015258789,93120000,106.66840057373048,114.21892509460449,28.3700008392334,291.298,21967.045,3.6,0.1216885,0.0086896352340014,2
2022-05-26,AMZN,107.97000122070312,112.66549682617188,107.45349884033205,111.07749938964844,111.07749938964844,93002000,107.42010040283203,112.54297523498536,27.5,291.298,21967.045,3.6,0.0499893333333333,0.2630426372721097,6
2022-05-27,AMZN,113.5500030517578,115.18699645996094,112.62799835205078,115.14649963378906,115.14649963378906,93660000,108.93119964599607,112.08622512817382,25.71999931335449,291.298,21967.045,3.6,0.1392844285714285,0.1886853920682583,7
2022-05-31,AMZN,116.27999877929688,121.99449920654295,115.6750030517578,120.20950317382812,120.20950317382812,144634000,111.46170043945312,111.87170028686523,26.190000534057617,291.298,21967.045,3.6,0.1238756666666666,0.2237002103493274,3
2022-06-01,AMZN,122.25599670410156,125.1790008544922,120.62249755859376,121.68399810791016,121.68399810791016,127528000,114.97850036621094,111.74322509765624,25.690000534057617,294.957,21967.045,3.6,0.21610525,0.150277063433679,4
2022-06-02,AMZN,121.68399810791016,125.61000061035156,120.04499816894533,125.51100158691406,125.51100158691406,100560000,118.72570037841795,111.7223503112793,24.71999931335449,294.957,21967.045,3.6,-0.0181376666666666,0.2533344145715961,3
2022-06-03,AMZN,124.1999969482422,124.4000015258789,121.04650115966795,122.3499984741211,122.3499984741211,97604000,120.9802001953125,112.01950035095214,24.790000915527344,294.957,21967.045,3.6,-0.0048075,0.1865930433813115,6
2022-06-06,AMZN,125.25,128.99000549316406,123.80999755859376,124.79000091552734,124.79000091552734,135269000,122.90890045166016,112.52037544250489,25.06999969482422,294.957,21967.045,3.6,0.0948531666666666,0.2474517698618594,6
2022-06-07,AMZN,122.01000213623048,124.0999984741211,120.62999725341795,123.0,123.0,85156700,123.46699981689451,113.23092536926268,24.020000457763672,294.957,21967.045,3.6,0.0682089999999999,0.1123389441979049,5
2022-06-08,AMZN,122.61000061035156,123.75,120.75,121.18000030517578,121.18000030517578,64926600,123.36620025634764,113.84697532653809,23.959999084472656,294.957,21967.045,3.6,-0.2203646,0.1282157718449645,5
2022-06-09,AMZN,119.98999786376952,121.3000030517578,116.0999984741211,116.1500015258789,116.1500015258789,67029800,121.49400024414062,114.38587532043456,26.09000015258789,294.957,21967.045,3.6,-0.1315003333333333,0.4407231877928971,3
2022-06-10,AMZN,113.41999816894533,114.5,109.0500030517578,109.6500015258789,109.6500015258789,87266000,118.9540008544922,114.5218505859375,27.75,294.957,21967.045,3.6,0.1651155,0.1156669653574433,4
2022-06-13,AMZN,104.19000244140624,106.54000091552734,101.86000061035156,103.66999816894533,103.66999816894533,99277700,114.73000030517578,114.05260047912596,34.02000045776367,294.957,21967.045,3.6,0.0423864444444444,0.31372933148102,9
2022-06-14,AMZN,104.19000244140624,104.87999725341795,101.43000030517578,102.30999755859376,102.30999755859376,69728800,110.59199981689451,113.62757530212404,32.689998626708984,294.957,21967.045,3.6,0.1449394,0.2533374892663934,5
2022-06-15,AMZN,103.86000061035156,109.05999755859376,103.52999877929688,107.66999816894533,107.66999816894533,85011100,107.88999938964844,113.24265022277832,29.6200008392334,294.957,21967.045,3.6,0.3270673333333333,0.0187388070680428,3
2022-06-16,AMZN,104.47000122070312,104.58000183105467,102.01000213623048,103.66000366210938,103.66000366210938,82186300,105.39199981689453,113.0700252532959,32.95000076293945,294.957,21967.045,3.6,0.154319,0.2188444867693343,7
2022-06-17,AMZN,102.8000030517578,106.9800033569336,102.51000213623048,106.22000122070312,106.22000122070312,99772100,104.70599975585938,113.01507530212402,31.1299991607666,294.957,21967.045,3.6,0.0328534999999999,0.1480773523686184,2
2022-06-21,AMZN,108.1999969482422,111.62999725341795,103.55999755859376,108.68000030517578,108.68000030517578,70901200,105.70800018310548,113.06952514648438,30.190000534057617,294.957,21967.045,3.6,0.17629675,0.0850136660244496,4
2022-06-22,AMZN,107.43000030517578,112.12999725341795,107.0199966430664,108.9499969482422,108.9499969482422,60040100,107.03600006103515,113.13917503356932,28.950000762939453,294.957,21967.045,3.6,0.30018875,0.2437225819830817,8
2022-06-23,AMZN,110.38999938964844,113.0,107.93000030517578,112.44000244140624,112.44000244140624,64345300,107.99000091552736,113.5561752319336,29.049999237060547,294.957,21967.045,3.6,-0.0537045,0.1002189512043505,2
2022-06-24,AMZN,112.37999725341795,116.70999908447266,111.43000030517578,116.45999908447266,116.45999908447266,69867600,110.55,114.04042510986328,27.229999542236328,294.957,21967.045,3.6,0.0566614999999999,0.2551426653678291,4
2022-06-27,AMZN,117.08999633789062,117.9800033569336,112.6999969482422,113.22000122070312,113.22000122070312,62133200,111.95,114.147550201416,26.950000762939453,294.957,21967.045,3.6,-0.037531,0.2196663646806219,3
2022-06-28,AMZN,113.5,114.8499984741211,107.04000091552734,107.4000015258789,107.4000015258789,74942900,111.69400024414062,113.76022529602052,28.36000061035156,294.957,21967.045,3.6,0.111392,0.0065904718343985,3
2022-06-29,AMZN,107.37999725341795,110.98999786376952,106.91000366210938,108.91999816894533,108.91999816894533,66375300,111.68800048828123,113.19575004577636,28.15999984741211,294.957,21967.045,3.6,0.2585321666666667,0.1832957826687964,6
2022-06-30,AMZN,108.11000061035156,108.18000030517578,102.5199966430664,106.20999908447266,106.20999908447266,97679400,110.44199981689454,112.42205009460449,28.709999084472656,294.957,21967.045,3.6,0.0428405555555555,0.2684576490808704,9
2022-07-01,AMZN,106.29000091552734,109.75,105.8499984741211,109.55999755859376,109.55999755859376,73021200,109.06199951171877,111.62449989318849,26.700000762939453,294.913,22125.625,3.5,0.0229532499999999,0.3621805282216545,4
2022-07-05,AMZN,107.5999984741211,114.08000183105467,106.31999969482422,113.5,113.5,76583700,109.11799926757811,111.18199996948242,27.540000915527344,294.913,22125.625,3.5,0.2710675,0.113434916674717,4
2022-07-06,AMZN,113.20999908447266,115.4800033569336,112.01000213623048,114.33000183105467,114.33000183105467,66958900,110.50399932861328,110.65900001525878,26.729999542236328,294.913,22125.625,3.5,0.1374783,0.3210698486813007,10
2022-07-07,AMZN,113.8499984741211,116.98999786376952,113.48999786376952,116.33000183105467,116.33000183105467,57872300,111.98600006103516,110.32550010681152,26.07999992370605,294.913,22125.625,3.5,0.278515,0.1474211342944649,4
2022-07-08,AMZN,114.5999984741211,116.58000183105467,113.69000244140624,115.54000091552734,115.54000091552734,45719700,113.8520004272461,110.0435001373291,24.63999938964844,294.913,22125.625,3.5,-0.0238669999999999,0.2383336451937353,4
2022-07-11,AMZN,114.08000183105467,114.3000030517578,110.87000274658205,111.75,111.75,53487600,114.29000091552734,109.82350006103516,26.170000076293945,294.913,22125.625,3.5,0.2767141666666666,0.1389336499965601,6
2022-07-12,AMZN,112.16000366210938,113.2300033569336,108.33999633789062,109.22000122070312,109.22000122070312,54280300,113.43400115966796,109.80200004577635,27.290000915527344,294.913,22125.625,3.5,0.2328985,0.139515367534548,6
2022-07-13,AMZN,107.02999877929688,111.77999877929688,106.01000213623048,110.4000015258789,110.4000015258789,61353800,112.64800109863282,110.13850021362305,26.81999969482422,294.913,22125.625,3.5,0.1047304999999999,0.1642244918102453,4
2022-07-14,AMZN,110.23999786376952,111.18000030517578,107.58000183105467,110.62999725341795,110.62999725341795,51163100,111.50800018310548,110.55450019836424,26.39999961853028,294.913,22125.625,3.5,0.3713903333333333,0.4386028735454583,3
2022-07-15,AMZN,112.5,115.58999633789062,111.58999633789062,113.5500030517578,113.5500030517578,84317800,111.11000061035156,110.84850044250489,24.229999542236328,294.913,22125.625,3.5,0.2463709999999999,0.2090294702021702,3
2022-07-18,AMZN,115.0,117.23999786376952,113.1500015258789,113.76000213623048,113.76000213623048,59115400,111.51200103759766,111.35350036621094,25.299999237060547,294.913,22125.625,3.5,0.0516873333333333,0.2335562888927064,3
2022-07-19,AMZN,115.6999969482422,118.9499969482422,114.02999877929688,118.20999908447266,118.20999908447266,60990000,113.31000061035157,111.95300025939942,24.5,294.913,22125.625,3.5,0.0021268,0.2018821059967921,5
2022-07-20,AMZN,118.62000274658205,123.4800033569336,118.31999969482422,122.7699966430664,122.7699966430664,71268300,115.78399963378908,112.65750007629394,23.8799991607666,294.913,22125.625,3.5,0.250680625,0.2116877348805057,8
2022-07-21,AMZN,123.1999969482422,124.8499984741211,121.26000213623048,124.62999725341795,124.62999725341795,60239900,118.58399963378906,113.44150009155274,23.11000061035156,294.913,22125.625,3.5,0.1954212222222222,0.2695863875359705,9
2022-07-22,AMZN,125.01000213623048,125.5,121.3499984741211,122.41999816894533,122.41999816894533,51463800,120.35799865722656,113.94049987792968,23.030000686645508,294.913,22125.625,3.5,0.113969,0.0,1
2022-07-25,AMZN,122.6999969482422,123.63999938964844,120.02999877929688,121.13999938964844,121.13999938964844,50221300,121.83399810791016,114.17449989318848,23.36000061035156,294.913,22125.625,3.5,0.1939996666666666,0.1026576151167884,6
2022-07-26,AMZN,115.79000091552734,118.1500015258789,114.52999877929688,114.80999755859376,114.80999755859376,67075100,121.15399780273438,114.253999710083,24.690000534057617,294.913,22125.625,3.5,0.1449521666666666,0.2444454704987733,6
2022-07-27,AMZN,117.30999755859376,121.9000015258789,117.16000366210938,120.97000122070312,120.97000122070312,61582000,120.79399871826172,114.93249969482422,23.239999771118164,294.913,22125.625,3.5,0.1238175,0.1519183564040238,2
2022-07-28,AMZN,121.56999969482422,122.83999633789062,118.08000183105467,122.27999877929688,122.27999877929688,82245500,120.3239990234375,115.6004997253418,22.32999992370605,294.913,22125.625,3.5,0.1114457499999999,0.1339108785981059,4
2022-07-29,AMZN,134.89999389648438,137.64999389648438,132.41000366210938,134.9499969482422,134.9499969482422,148892900,122.82999877929689,117.03749961853028,21.32999992370605,294.913,22125.625,3.5,0.145854375,0.2315125488607089,8
2022-08-01,AMZN,134.9600067138672,138.8300018310547,133.50999450683594,135.38999938964844,135.38999938964844,76846900,125.67999877929688,118.328999710083,22.84000015258789,295.097,22125.625,3.6,0.05313275,0.3241898610242409,4
2022-08-02,AMZN,134.72000122070312,137.44000244140625,134.08999633789062,134.16000366210938,134.16000366210938,61922400,129.55,119.36199989318848,23.93000030517578,295.097,22125.625,3.6,0.1693289999999999,0.0487628606728522,3
2022-08-03,AMZN,136.2100067138672,140.49000549316406,136.0500030517578,139.52000427246094,139.52000427246094,71827800,133.26000061035157,120.6215000152588,21.950000762939453,295.097,22125.625,3.6,0.1647525555555555,0.0851678829050468,9
2022-08-04,AMZN,140.5800018310547,143.55999755859375,139.5500030517578,142.57000732421875,142.57000732421875,70585000,137.31800231933593,121.933500289917,21.440000534057617,295.097,22125.625,3.6,0.197086,0.1126785495269618,5
2022-08-05,AMZN,140.10000610351562,142.86000061035156,139.60000610351562,140.8000030517578,140.8000030517578,50686900,138.48800354003907,123.19650039672852,21.14999961853028,295.097,22125.625,3.6,0.0671615714285714,0.1968915370915817,7
2022-08-08,AMZN,142.0500030517578,144.22999572753906,138.2899932861328,139.41000366210938,139.41000366210938,52229000,139.29200439453126,124.579500579834,21.290000915527344,295.097,22125.625,3.6,0.081536125,0.1994730368656644,8
2022-08-09,AMZN,138.0500030517578,138.9499969482422,136.2100067138672,137.8300018310547,137.8300018310547,40434700,140.0260040283203,126.01000061035155,21.770000457763672,295.097,22125.625,3.6,0.2893476,0.1664666475042373,5
2022-08-10,AMZN,142.89999389648438,144.60000610351562,141.00999450683594,142.69000244140625,142.69000244140625,54773800,140.66000366210938,127.62450065612794,19.739999771118164,295.097,22125.625,3.6,0.24797475,0.2194191153134035,4
2022-08-11,AMZN,143.86000061035156,144.49000549316406,139.75999450683594,140.63999938964844,140.63999938964844,44867300,140.2740020751953,129.12500076293946,20.200000762939453,295.097,22125.625,3.6,0.2518003333333333,0.0980948410790971,3
2022-08-12,AMZN,142.0500030517578,143.57000732421875,140.1199951171875,143.5500030517578,143.5500030517578,47643500,140.82400207519532,130.62500076293946,19.530000686645508,295.097,22125.625,3.6,0.0,0.0,0
2022-08-15,AMZN,142.8000030517578,143.75999450683594,141.49000549316406,143.17999267578125,143.17999267578125,39014600,141.5779998779297,132.096000289917,19.950000762939453,295.097,22125.625,3.6,0.1506753333333333,0.0390505465561409,3
2022-08-16,AMZN,143.91000366210938,146.57000732421875,142.0,144.77999877929688,144.77999877929688,59102900,142.96799926757814,133.4245002746582,19.690000534057617,295.097,22125.625,3.6,0.218303,0.1647785074334635,2
2022-08-17,AMZN,142.69000244140625,143.3800048828125,140.77999877929688,142.10000610351562,142.10000610351562,48149800,142.85,134.39100074768066,19.89999961853028,295.097,22125.625,3.6,0.160611,0.0767491194520605,4
2022-08-18,AMZN,141.32000732421875,142.77000427246094,140.3800048828125,142.3000030517578,142.3000030517578,37458700,143.18200073242187,135.27450103759764,19.559999465942383,295.097,22125.625,3.6,0.1530573333333333,0.1513729869027716,6
2022-08-19,AMZN,140.47000122070312,141.11000061035156,137.91000366210938,138.22999572753906,138.22999572753906,47792800,142.1179992675781,136.06500091552735,20.600000381469727,295.097,22125.625,3.6,0.3346736666666667,0.255865869540794,6
2022-08-22,AMZN,135.72000122070312,136.32000732421875,132.85000610351562,133.22000122070312,133.22000122070312,50461500,140.1260009765625,136.66900100708008,23.799999237060547,295.097,22125.625,3.6,0.2431874,0.1129052682353662,5
2022-08-23,AMZN,133.41000366210938,134.99000549316406,132.9499969482422,133.6199951171875,133.6199951171875,36252100,137.8940002441406,137.60950088500977,24.11000061035156,295.097,22125.625,3.6,0.0870042,0.2668240944362034,5
2022-08-24,AMZN,132.75,135.47000122070312,132.10000610351562,133.8000030517578,133.8000030517578,38627000,136.23399963378907,138.2510009765625,22.81999969482422,295.097,22125.625,3.6,0.0964281999999999,0.1318947913088307,10
2022-08-25,AMZN,135.25999450683594,137.4199981689453,134.27999877929688,137.27999877929688,137.27999877929688,37496300,135.22999877929686,139.0010009765625,21.780000686645508,295.097,22125.625,3.6,0.1227978999999999,0.2726400463633119,10
2022-08-26,AMZN,136.5500030517578,137.8300018310547,130.5,130.75,130.75,53322700,133.73399963378907,138.7910011291504,25.559999465942383,295.097,22125.625,3.6,-0.105297,0.17530538527001,4
2022-08-29,AMZN,129.89999389648438,131.9499969482422,128.77000427246094,129.7899932861328,129.7899932861328,48101600,133.047998046875,138.5110008239746,26.209999084472656,295.097,22125.625,3.6,0.0692643636363636,0.210979716545109,11
2022-08-30,AMZN,131.25,132.07000732421875,126.8499984741211,128.72999572753906,128.72999572753906,49203000,132.06999816894532,138.2395004272461,26.209999084472656,295.097,22125.625,3.6,0.242279,0.1043578511804454,3
2022-08-31,AMZN,129.4499969482422,130.58999633789062,126.73999786376952,126.7699966430664,126.7699966430664,53648700,130.66399688720702,137.60200004577638,25.8700008392334,295.097,22125.625,3.6,0.1609259999999999,0.1541646771767125,5
2022-09-01,AMZN,126.0,128.02000427246094,123.66000366210938,127.81999969482422,127.81999969482422,56636100,128.7719970703125,136.86449966430663,25.559999465942383,296.349,22125.625,3.5,0.1824867142857142,0.1805941972570125,7
2022-09-02,AMZN,129.5,131.3800048828125,126.38999938964844,127.51000213623048,127.51000213623048,57429800,128.1239974975586,136.19999961853028,25.46999931335449,296.349,22125.625,3.5,0.263915,0.0800162033590697,2
2022-09-06,AMZN,127.91999816894533,128.6199951171875,124.73999786376952,126.11000061035156,126.11000061035156,43888600,127.38799896240236,135.53499946594238,26.90999984741211,296.349,22125.625,3.5,0.0833571111111111,0.1539200577421965,9
2022-09-07,AMZN,126.12000274658205,129.82000732421875,125.4000015258789,129.47999572753906,129.47999572753906,47900300,127.53799896240234,135.1174991607666,24.63999938964844,296.349,22125.625,3.5,0.1831658461538461,0.1625238936089327,13
2022-09-08,AMZN,127.72000122070312,130.27999877929688,127.0999984741211,129.82000732421875,129.82000732421875,43988500,128.14800109863282,134.47399940490723,23.61000061035156,296.349,22125.625,3.5,0.374445875,0.1246792741126922,8
2022-09-09,AMZN,130.91000366210938,133.69000244140625,130.75999450683594,133.27000427246094,133.27000427246094,49387600,129.23800201416014,134.10549964904786,22.790000915527344,296.349,22125.625,3.5,0.1789155,0.0506620795516725,2
2022-09-12,AMZN,134.10000610351562,136.49000549316406,134.0,136.4499969482422,136.4499969482422,53826900,131.0260009765625,133.75049934387206,23.8700008392334,296.349,22125.625,3.5,0.340879,0.1855735605871698,5
2022-09-13,AMZN,131.00999450683594,131.39999389648438,126.2699966430664,126.81999969482422,126.81999969482422,72694000,131.16800079345705,132.93249969482423,27.270000457763672,296.349,22125.625,3.5,0.2363915714285714,0.4186143719343047,7
2022-09-14,AMZN,127.36000061035156,128.83999633789062,126.33000183105467,128.5500030517578,128.5500030517578,45316800,130.98200225830078,132.12099990844726,26.15999984741211,296.349,22125.625,3.5,0.1452214285714285,0.2167223427828467,7
2022-09-15,AMZN,127.37999725341795,130.3699951171875,125.5,126.27999877929688,126.27999877929688,52887200,130.2740005493164,131.32999954223632,26.270000457763672,296.349,22125.625,3.5,0.0859586666666666,0.3209081857323057,9
2022-09-16,AMZN,122.77999877929688,123.87000274658205,120.6999969482422,123.52999877929688,123.52999877929688,115667800,128.32599945068358,130.3914993286133,26.299999237060547,296.349,22125.625,3.5,-0.07345,0.1895671115647437,3
2022-09-19,AMZN,122.16000366210938,124.70999908447266,121.8000030517578,124.66000366210938,124.66000366210938,47279700,125.96800079345704,129.7129997253418,25.76000022888184,296.349,22125.625,3.5,0.102313,0.0388342808739907,3
2022-09-20,AMZN,123.3499984741211,124.4000015258789,121.13999938964844,122.19000244140624,122.19000244140624,47698400,125.04200134277345,129.16149978637696,27.15999984741211,296.349,22125.625,3.5,0.089202625,0.2413623929949897,8
2022-09-21,AMZN,122.48999786376952,123.76000213623048,118.4499969482422,118.54000091552734,118.54000091552734,58498900,123.04000091552734,128.40750007629396,27.989999771118164,296.349,22125.625,3.5,0.2213696666666667,0.100405055987568,6
2022-09-22,AMZN,117.08000183105467,118.79000091552734,116.26000213623048,117.30999755859376,117.30999755859376,55229200,121.24600067138672,127.58299980163574,27.350000381469727,296.349,22125.625,3.5,-0.2512189999999999,0.0186393347520774,2
2022-09-23,AMZN,116.0,116.0500030517578,112.05999755859376,113.77999877929688,113.77999877929688,65126700,119.29600067138672,126.40799980163574,29.920000076293945,296.349,22125.625,3.5,-0.0893219999999999,0.3047573658371524,2
2022-09-26,AMZN,113.3000030517578,117.33999633789062,113.12999725341795,115.1500015258789,115.1500015258789,62723300,117.39400024414064,125.62799987792968,32.2599983215332,296.349,22125.625,3.5,0.2436125,0.1386804979932891,4
2022-09-27,AMZN,117.1999969482422,118.31999969482422,113.0500030517578,114.41000366210938,114.41000366210938,60094700,115.83800048828124,124.85900039672852,32.599998474121094,296.349,22125.625,3.5,0.2891289999999999,0.0487526013323049,4
2022-09-28,AMZN,114.37999725341795,118.6999969482422,113.8000030517578,118.01000213623048,118.01000213623048,55763800,115.73200073242188,124.32300071716308,30.18000030517578,296.349,22125.625,3.5,0.2408124444444444,0.1143743316998083,9
2022-09-29,AMZN,115.5999984741211,116.06999969482422,113.05999755859376,114.8000030517578,114.8000030517578,58969700,115.2300018310547,123.72450103759766,31.84000015258789,296.349,22125.625,3.5,0.051389,0.206238978830385,5
2022-09-30,AMZN,114.08000183105467,116.91999816894533,112.83999633789062,113.0,113.0,59479600,115.07400207519532,122.98350105285644,31.6200008392334,296.349,22125.625,3.5,0.26114625,0.3923496000774266,4
2022-10-03,AMZN,113.58000183105467,116.91000366210938,112.4499969482422,115.87999725341795,115.87999725341795,50941900,115.22000122070312,122.40200080871584,30.100000381469727,298.007,22278.345,3.6,0.0944786666666666,0.2157910007908887,3
2022-10-04,AMZN,119.88999938964844,123.0,119.79000091552734,121.08999633789062,121.08999633789062,62812600,116.55599975585938,122.15100059509275,29.06999969482422,298.007,22278.345,3.6,0.133817375,0.1690403997450968,8
2022-10-05,AMZN,118.58000183105467,121.75,117.69000244140624,120.9499969482422,120.9499969482422,48217500,117.14399871826171,121.72450065612792,28.549999237060547,298.007,22278.345,3.6,0.2062433333333333,0.2320300463618164,6
2022-10-06,AMZN,120.7699966430664,121.52999877929688,119.5,120.3000030517578,120.3000030517578,42253800,118.24399871826172,121.24850044250488,30.520000457763672,298.007,22278.345,3.6,0.139845,0.2107311808784937,10
2022-10-07,AMZN,118.0,118.16999816894533,113.87999725341795,114.55999755859376,114.55999755859376,54678000,118.55599822998047,120.31300010681151,31.36000061035156,298.007,22278.345,3.6,-0.223102,0.1152944989017255,3
2022-10-10,AMZN,115.0999984741211,116.25,112.43000030517578,113.66999816894533,113.66999816894533,42339700,118.11399841308594,119.17400016784669,32.45000076293945,298.007,22278.345,3.6,0.2383338,0.2192015043611699,5
2022-10-11,AMZN,112.70999908447266,115.4800033569336,110.38999938964844,112.20999908447266,112.20999908447266,56432200,116.33799896240234,118.4435001373291,33.630001068115234,298.007,22278.345,3.6,0.0212702222222222,0.2961582307719042,9
2022-10-12,AMZN,112.48999786376952,113.83000183105467,111.4000015258789,112.9000015258789,112.9000015258789,45728700,114.72799987792968,117.66100006103515,33.56999969482422,298.007,22278.345,3.6,0.1568085,0.1085511871192572,4
2022-10-13,AMZN,107.87999725341795,113.44000244140624,105.3499984741211,112.52999877929688,112.52999877929688,86868100,113.1739990234375,116.97350006103515,31.940000534057617,298.007,22278.345,3.6,0.0540526,0.1117213049413584,5
2022-10-14,AMZN,114.0999984741211,114.95999908447266,106.5999984741211,106.9000015258789,106.9000015258789,67737300,111.64199981689453,116.14200019836426,32.02000045776367,298.007,22278.345,3.6,0.0864146666666666,0.0911662656967764,15
2022-10-17,AMZN,110.11000061035156,114.19000244140624,110.08999633789062,113.79000091552734,113.79000091552734,62782000,111.66600036621094,115.59850006103515,31.3700008392334,298.007,22278.345,3.6,0.19725975,0.0833912139471739,4
2022-10-18,AMZN,119.05999755859376,119.5199966430664,114.79000091552734,116.36000061035156,116.36000061035156,65607400,112.49600067138672,115.30699996948242,30.5,298.007,22278.345,3.6,0.1301439999999999,0.1204037501222449,5
2022-10-19,AMZN,114.70999908447266,116.58999633789062,113.22000122070312,115.06999969482422,115.06999969482422,47198100,112.93000030517578,115.13349990844726,30.76000022888184,298.007,22278.345,3.6,0.333784,0.0723943289491656,3
2022-10-20,AMZN,113.83000183105467,118.23999786376952,113.51000213623048,115.25,115.25,48795100,113.4740005493164,115.03050003051756,29.979999542236328,298.007,22278.345,3.6,0.1808884,0.1878480830013977,5
2022-10-21,AMZN,114.79000091552734,119.58999633789062,114.5,119.31999969482422,119.31999969482422,55660500,115.95800018310548,115.30750007629396,29.690000534057617,298.007,22278.345,3.6,0.04574475,0.2141318611469344,4
2022-10-24,AMZN,119.9800033569336,120.38999938964844,116.56999969482422,119.81999969482422,119.81999969482422,49531500,117.16399993896484,115.5409999847412,29.850000381469727,298.007,22278.345,3.6,0.0607646666666666,0.139820697557026,3
2022-10-25,AMZN,119.6500015258789,121.31999969482422,118.9499969482422,120.5999984741211,120.5999984741211,50934600,118.01199951171876,115.8504997253418,28.459999084472656,298.007,22278.345,3.6,0.1573111111111111,0.115774971112547,9
2022-10-26,AMZN,116.0,119.3499984741211,114.76000213623048,115.66000366210938,115.66000366210938,68802300,118.13000030517578,115.73299980163574,27.280000686645508,298.007,22278.345,3.6,0.105347,0.1513291957422625,4
2022-10-27,AMZN,113.91999816894533,114.12000274658205,109.7699966430664,110.95999908447266,110.95999908447266,129605400,117.27200012207032,115.54099960327147,27.38999938964844,298.007,22278.345,3.6,-0.2200186,0.4805050479540251,5
2022-10-28,AMZN,97.91000366210938,103.95999908447266,97.66000366210938,103.41000366210938,103.41000366210938,223133400,114.09000091552734,115.06149978637696,25.75,298.007,22278.345,3.6,0.1515998,0.0845240415869946,5
2022-10-31,AMZN,103.55999755859376,104.87000274658205,100.73999786376952,102.44000244140624,102.44000244140624,99251400,110.61400146484377,114.38950004577636,25.8799991607666,298.007,22278.345,3.6,0.1393685,0.2475540505240363,8
2022-11-01,AMZN,103.98999786376952,104.58000183105467,96.05999755859376,96.79000091552734,96.79000091552734,153370000,105.852001953125,113.1745002746582,25.809999465942383,298.786,22278.345,3.6,0.0607217272727272,0.1936295259179709,11
2022-11-02,AMZN,97.31999969482422,97.73999786376952,92.01000213623048,92.12000274658205,92.12000274658205,135761800,101.14400177001951,111.7330005645752,25.86000061035156,298.786,22278.345,3.6,-0.0928061428571428,0.2198313869858962,7
2022-11-03,AMZN,92.47000122070312,93.5,89.0199966430664,89.30000305175781,89.30000305175781,136683300,96.81200256347655,110.1830005645752,25.299999237060547,298.786,22278.345,3.6,0.1977476666666666,0.1402703987114411,6
2022-11-04,AMZN,91.48999786376952,92.44000244140624,88.04000091552734,90.9800033569336,90.9800033569336,129101300,94.3260025024414,109.0040008544922,24.549999237060547,298.786,22278.345,3.6,0.241054,0.0969185174876297,4
2022-11-07,AMZN,91.9499969482422,92.0999984741211,89.04000091552734,90.52999877929688,90.52999877929688,77495700,91.94400177001953,107.84700088500976,24.350000381469727,298.786,22278.345,3.6,0.150205125,0.1489792658463754,8
2022-11-08,AMZN,90.79000091552734,91.72000122070312,88.2300033569336,89.9800033569336,89.9800033569336,88703400,90.58200225830078,106.7355010986328,25.540000915527344,298.786,22278.345,3.6,0.1696656666666666,0.1116200900480434,3
2022-11-09,AMZN,89.47000122070312,89.4800033569336,85.87000274658203,86.13999938964844,86.13999938964844,90796200,89.38600158691406,105.39750099182127,26.09000015258789,298.786,22278.345,3.6,-0.0260918571428571,0.2770381079276691,7
2022-11-10,AMZN,92.94000244140624,98.69000244140624,91.6500015258789,96.62999725341795,96.62999725341795,173414900,90.8520004272461,104.60250091552734,23.530000686645508,298.786,22278.345,3.6,0.2050235,0.0994181850350662,4
2022-11-11,AMZN,97.87999725341795,101.19000244140624,96.66000366210938,100.79000091552734,100.79000091552734,111590500,92.81399993896484,104.29700088500977,22.520000457763672,298.786,22278.345,3.6,0.2301059999999999,0.1224213970268269,2
2022-11-14,AMZN,98.7699966430664,100.12000274658205,97.29000091552734,98.48999786376952,98.48999786376952,99533100,94.40599975585936,103.53200073242188,23.729999542236328,298.786,22278.345,3.6,0.1450409999999999,0.2271991387056109,8
2022-11-15,AMZN,103.20999908447266,103.79000091552734,97.33999633789062,98.94000244140624,98.94000244140624,111336300,96.1979995727539,102.6610008239746,24.540000915527344,298.786,22278.345,3.6,0.1123067142857142,0.2464489449180866,7
2022-11-16,AMZN,96.8499984741211,98.48999786376952,95.54000091552734,97.12000274658205,97.12000274658205,87958800,98.39400024414064,101.7635009765625,24.11000061035156,298.786,22278.345,3.6,-0.0635821428571428,0.2086483034561816,7
2022-11-17,AMZN,95.37000274658205,96.97000122070312,94.02999877929688,94.8499984741211,94.8499984741211,82617900,98.03800048828126,100.74350090026856,23.93000030517578,298.786,22278.345,3.6,0.054912,0.2252080794287807,8
2022-11-18,AMZN,95.9499969482422,95.98999786376952,92.4800033569336,94.13999938964844,94.13999938964844,72428200,96.70800018310548,99.48450088500977,23.1200008392334,298.786,22278.345,3.6,0.161282,0.0449936408506802,3
2022-11-21,AMZN,93.97000122070312,95.0199966430664,90.58999633789062,92.45999908447266,92.45999908447266,84330300,95.50200042724607,98.1165008544922,22.36000061035156,298.786,22278.345,3.6,0.101599,0.0,1
2022-11-22,AMZN,92.62000274658205,93.3499984741211,90.87000274658205,93.1999969482422,93.1999969482422,62192000,94.35399932861328,96.74650077819824,21.290000915527344,298.786,22278.345,3.6,-0.1000165714285714,0.2534345333176842,7
2022-11-23,AMZN,93.23999786376952,94.58000183105467,92.83000183105467,94.12999725341795,94.12999725341795,59414700,93.75599822998046,95.67000045776368,20.350000381469727,298.786,22278.345,3.6,0.278557,0.1256725074230636,4
2022-11-25,AMZN,93.79000091552734,94.43000030517578,93.06999969482422,93.41000366210938,93.41000366210938,35088600,93.46799926757812,94.79250068664552,20.5,298.786,22278.345,3.6,0.307168,0.156981588280282,3
2022-11-28,AMZN,93.93000030517578,96.4000015258789,93.43000030517578,93.9499969482422,93.9499969482422,74943100,93.42999877929688,94.31950035095215,22.209999084472656,298.786,22278.345,3.6,0.203825,0.1487714313057113,9
2022-11-29,AMZN,94.04000091552734,94.41000366210938,91.44000244140624,92.41999816894533,92.41999816894533,65567300,93.4219985961914,93.8185001373291,21.88999938964844,298.786,22278.345,3.6,0.2526892,0.1442498322380307,5
2022-11-30,AMZN,92.47000122070312,96.54000091552734,91.52999877929688,96.54000091552734,96.54000091552734,102805800,94.08999938964844,93.80600013732912,20.57999992370605,298.786,22278.345,3.6,0.3723996666666667,0.0457613708856425,3
2022-12-01,AMZN,96.98999786376952,97.2300033569336,94.91999816894533,95.5,95.5,68488000,94.36399993896484,93.975,19.84000015258789,298.832,22278.345,3.5,0.341016,0.0964932600392379,3
2022-12-02,AMZN,94.4800033569336,95.36000061035156,93.77999877929688,94.12999725341795,94.12999725341795,72496400,94.50799865722657,94.216499710083,19.059999465942383,298.832,22278.345,3.5,0.0751578333333333,0.100243589916596,6
2022-12-05,AMZN,93.0500030517578,94.05999755859376,90.81999969482422,91.01000213623048,91.01000213623048,71535500,93.9199996948242,94.21799964904784,20.75,298.832,22278.345,3.5,0.2195915,0.1007987787649235,2
2022-12-06,AMZN,90.5,91.04000091552734,87.9000015258789,88.25,88.25,75503600,93.08600006103516,94.103999710083,22.170000076293945,298.832,22278.345,3.5,-0.020921,0.2548860628221951,5
2022-12-07,AMZN,88.33999633789062,89.88999938964844,87.4800033569336,88.45999908447266,88.45999908447266,68086900,91.46999969482422,94.02799949645996,22.68000030517578,298.832,22278.345,3.5,0.0734121428571428,0.329545075065112,14
2022-12-08,AMZN,89.23999786376953,90.86000061035156,87.87999725341797,90.3499984741211,90.3499984741211,73305900,90.43999938964843,94.2384994506836,22.290000915527344,298.832,22278.345,3.5,0.1459330909090909,0.2564352532891897,11
2022-12-09,AMZN,88.9000015258789,90.3000030517578,88.62999725341797,89.08999633789062,89.08999633789062,67398500,89.43199920654297,93.86149940490722,22.82999992370605,298.832,22278.345,3.5,0.1120562857142857,0.3329968557662941,7
2022-12-12,AMZN,89.20999908447266,90.58000183105467,87.87000274658203,90.5500030517578,90.5500030517578,61999800,89.33999938964844,93.34949951171876,25.0,298.832,22278.345,3.5,0.0859960833333333,0.187700077839117,12
2022-12-13,AMZN,95.2300033569336,96.25,90.5199966430664,92.48999786376952,92.48999786376952,100212000,90.18799896240236,93.04949951171876,22.549999237060547,298.832,22278.345,3.5,0.33490425,0.0533157132958943,4
2022-12-14,AMZN,92.5,93.45999908447266,89.87000274658203,91.58000183105467,91.58000183105467,70298000,90.81199951171877,92.68149948120116,21.13999938964844,298.832,22278.345,3.5,0.19448625,0.2559886387036681,8
2022-12-15,AMZN,89.88999938964844,89.97000122070312,87.47000122070312,88.44999694824219,88.44999694824219,84802900,90.43199920654295,92.24799919128418,22.82999992370605,298.832,22278.345,3.5,0.209961875,0.2170412801535607,8
2022-12-16,AMZN,88.2699966430664,89.3499984741211,86.7300033569336,87.86000061035156,87.86000061035156,146144100,90.18600006103516,91.8984992980957,22.6200008392334,298.832,22278.345,3.5,0.0440444,0.1830126780821482,5
2022-12-19,AMZN,87.51000213623047,87.62999725341797,84.51000213623047,84.91999816894531,84.91999816894531,83531500,89.05999908447265,91.43749923706056,22.420000076293945,298.832,22278.345,3.5,0.2246764285714285,0.2548165642979652,7
2022-12-20,AMZN,85.33000183105469,86.61000061035156,84.33000183105469,85.19000244140625,85.19000244140625,74348300,87.6,91.07399940490724,21.479999542236328,298.832,22278.345,3.5,0.2100933333333333,0.089120621058578,6
2022-12-21,AMZN,86.18000030517578,87.2300033569336,85.20999908447266,86.7699966430664,86.7699966430664,59267200,86.63799896240235,90.75249938964843,20.06999969482422,298.832,22278.345,3.5,0.1553478571428571,0.1418286315974652,7
2022-12-22,AMZN,85.5199966430664,85.68000030517578,82.25,83.79000091552734,83.79000091552734,81431300,85.70599975585938,90.23549957275392,21.96999931335449,298.832,22278.345,3.5,0.0,0.0,0
2022-12-23,AMZN,83.25,85.77999877929688,82.93000030517578,85.25,85.25,57433700,85.18399963378906,89.82749938964844,20.8700008392334,298.832,22278.345,3.5,0.0506465,0.0331003755341234,2
2022-12-27,AMZN,84.97000122070312,85.3499984741211,83.0,83.04000091552734,83.04000091552734,57284000,84.80800018310546,89.2819995880127,21.64999961853028,298.832,22278.345,3.5,0.260687,0.0685016765342279,2
2022-12-28,AMZN,82.80000305175781,83.4800033569336,81.69000244140625,81.81999969482422,81.81999969482422,58228600,84.13399963378906,88.75199966430664,22.13999938964844,298.832,22278.345,3.5,0.1182375,0.0173615927984732,2
2022-12-29,AMZN,82.87000274658203,84.55000305175781,82.55000305175781,84.18000030517578,84.18000030517578,54995900,83.61600036621094,88.13399963378906,21.440000534057617,298.832,22278.345,3.5,0.26329075,0.1388787907094408,4
2022-12-30,AMZN,83.12000274658203,84.05000305175781,82.47000122070312,84.0,84.0,62401200,83.65800018310547,87.55899963378906,21.670000076293945,298.832,22278.345,3.5,-0.092816,0.3045141211044243,2
2023-01-03,AMZN,85.45999908447266,86.95999908447266,84.20999908447266,85.81999969482422,85.81999969482422,76706000,83.77200012207031,87.14349975585938,22.89999961853028,300.42,22439.607,3.5,0.068995,0.2035280113497893,3
2023-01-04,AMZN,86.55000305175781,86.9800033569336,83.36000061035156,85.13999938964844,85.13999938964844,68885100,84.19199981689454,86.84999961853028,22.01000022888184,300.42,22439.607,3.5,0.0611832499999999,0.2527380887495704,8
2023-01-05,AMZN,85.33000183105469,85.41999816894531,83.06999969482422,83.12000274658203,83.12000274658203,67930800,84.45200042724609,86.59349975585937,22.459999084472656,300.42,22439.607,3.5,-0.0728366666666666,0.2813661090321054,6
2023-01-06,AMZN,83.02999877929688,86.4000015258789,81.43000030517578,86.08000183105469,86.08000183105469,83303400,84.83200073242188,86.47449989318848,21.1299991607666,300.42,22439.607,3.5,0.111521,0.0,1
2023-01-09,AMZN,87.45999908447266,89.4800033569336,87.08000183105469,87.36000061035156,87.36000061035156,65266100,85.50400085449219,86.325,21.96999931335449,300.42,22439.607,3.5,0.140711,0.0,1
2023-01-10,AMZN,87.56999969482422,90.19000244140624,87.29000091552734,89.87000274658203,89.87000274658203,67756600,86.31400146484376,86.36400032043457,20.57999992370605,300.42,22439.607,3.5,0.1386197499999999,0.2911931425410232,4
2023-01-11,AMZN,90.93000030517578,95.26000213623048,90.93000030517578,95.08999633789062,95.08999633789062,103126200,88.30400085449219,86.59099998474122,21.09000015258789,300.42,22439.607,3.5,0.1668316666666666,0.4300452331956876,3
2023-01-12,AMZN,96.93000030517578,97.19000244140624,93.5,95.2699966430664,95.2699966430664,85254800,90.73399963378908,86.72999992370606,18.82999992370605,300.42,22439.607,3.5,0.06757025,0.2518147262312445,4
2023-01-13,AMZN,94.18000030517578,98.37000274658205,94.12000274658205,98.12000274658205,98.12000274658205,85549400,93.14199981689453,87.05699996948242,18.350000381469727,300.42,22439.607,3.5,0.0,0.0,0
2023-01-17,AMZN,98.68000030517578,98.88999938964844,95.7300033569336,96.0500030517578,96.0500030517578,72755000,94.88000030517578,87.4370002746582,19.36000061035156,300.42,22439.607,3.5,-0.1807744,0.191163213291156,5
2023-01-18,AMZN,97.25,99.31999969482422,95.37999725341795,95.45999908447266,95.45999908447266,79570400,95.99799957275393,87.81700019836425,20.34000015258789,300.42,22439.607,3.5,-0.0407368333333333,0.1455967750980998,6
2023-01-19,AMZN,94.73999786376952,95.44000244140624,92.86000061035156,93.68000030517578,93.68000030517578,69002700,95.71600036621092,88.25500030517578,20.520000457763672,300.42,22439.607,3.5,0.102925875,0.2900351031919301,8
2023-01-20,AMZN,93.86000061035156,97.3499984741211,93.1999969482422,97.25,97.25,67481500,96.11200103759764,88.85800018310547,19.850000381469727,300.42,22439.607,3.5,-0.0459886,0.3554098047477025,5
2023-01-23,AMZN,97.55999755859376,97.77999877929688,95.86000061035156,97.5199966430664,97.5199966430664,76501100,95.99199981689452,89.39550018310547,19.809999465942383,300.42,22439.607,3.5,0.1933981666666666,0.2312124190777101,6
2023-01-24,AMZN,96.93000030517578,98.08999633789062,96.0,96.31999969482422,96.31999969482422,66929500,96.0459991455078,90.02200012207031,19.200000762939453,300.42,22439.607,3.5,0.14157,0.1678425014972582,8
2023-01-25,AMZN,92.55999755859376,97.23999786376952,91.5199966430664,97.18000030517578,97.18000030517578,94261600,96.38999938964844,90.61850013732912,19.07999992370605,300.42,22439.607,3.5,0.1436107999999999,0.2040894200778178,5
2023-01-26,AMZN,98.23999786376952,99.48999786376952,96.91999816894533,99.22000122070312,99.22000122070312,68523600,97.49799957275393,91.4275001525879,18.729999542236328,300.42,22439.607,3.5,-0.0425725,0.2336970786404913,6
2023-01-27,AMZN,99.52999877929688,103.48999786376952,99.52999877929688,102.23999786376952,102.23999786376952,87775600,98.4959991455078,92.44850006103516,18.51000022888184,300.42,22439.607,3.5,0.11663,0.365804123143794,3
2023-01-30,AMZN,101.08999633789062,101.73999786376952,99.01000213623048,100.5500030517578,100.5500030517578,70691900,99.1020004272461,93.26700019836426,19.940000534057617,300.42,22439.607,3.5,0.1339018571428571,0.2142512245701515,7
2023-01-31,AMZN,101.16000366210938,103.3499984741211,101.13999938964844,103.12999725341795,103.12999725341795,66527300,100.46399993896485,94.22350006103515,19.39999961853028,300.42,22439.607,3.5,0.1055452,0.3040545900775056,5
2023-02-01,AMZN,102.52999877929688,106.23999786376952,101.23999786376952,105.1500015258789,105.1500015258789,80450100,102.05800018310546,95.19000015258788,17.8700008392334,301.45,22439.607,3.6,0.0810841428571428,0.2868403347366083,7
2023-02-02,AMZN,110.25,114.0,108.87999725341795,112.91000366210938,112.91000366210938,158154200,104.79600067138672,96.57850036621092,18.729999542236328,301.45,22439.607,3.6,0.0083451428571428,0.2417076292144627,7
2023-02-03,AMZN,105.26000213623048,108.77999877929688,102.5199966430664,103.38999938964844,103.38999938964844,144374800,105.0260009765625,97.59200019836426,18.32999992370605,301.45,22439.607,3.6,-0.2358573333333333,0.2342689788818257,3
2023-02-06,AMZN,102.93000030517578,103.9499969482422,100.6500015258789,102.18000030517578,102.18000030517578,81945200,105.3520004272461,98.39700012207032,19.43000030517578,301.45,22439.607,3.6,0.0776298333333333,0.2617775239652302,6
2023-02-07,AMZN,101.16999816894533,102.41000366210938,98.08000183105467,102.11000061035156,102.11000061035156,119501300,105.14800109863282,99.1345001220703,18.65999984741211,301.45,22439.607,3.6,0.2703525,0.0772323239615382,2
2023-02-08,AMZN,102.04000091552734,102.66999816894533,98.77999877929688,100.0500030517578,100.0500030517578,75878300,104.1280014038086,99.6435001373291,19.6299991607666,301.45,22439.607,3.6,0.0710954444444444,0.2582083206066911,9
2023-02-09,AMZN,101.31999969482422,101.77999877929688,97.56999969482422,98.23999786376952,98.23999786376952,64622500,101.19400024414062,99.80100021362304,20.709999084472656,301.45,22439.607,3.6,0.144818,0.0522469720845141,3
2023-02-10,AMZN,97.55999755859376,98.81999969482422,96.2300033569336,97.61000061035156,97.61000061035156,52740100,100.03800048828126,99.91800041198732,20.530000686645508,301.45,22439.607,3.6,0.2631903333333333,0.1555901628070789,3
2023-02-13,AMZN,97.8499984741211,99.68000030517578,96.91000366210938,99.54000091552734,99.54000091552734,52841500,99.51000061035155,99.98900032043456,20.34000015258789,301.45,22439.607,3.6,0.0523243333333333,0.2317113860524193,3
2023-02-14,AMZN,98.41000366210938,100.91999816894533,97.5199966430664,99.6999969482422,99.6999969482422,56202900,99.02799987792967,100.1715000152588,18.90999984741211,301.45,22439.607,3.6,0.1381663333333333,0.2948053978675877,6
2023-02-15,AMZN,99.08999633789062,101.16999816894533,98.4499969482422,101.16000366210938,101.16000366210938,47957600,99.25,100.45650024414064,18.229999542236328,301.45,22439.607,3.6,0.1180015,0.0175638253378926,2
2023-02-16,AMZN,99.20999908447266,100.62999725341795,98.0999984741211,98.1500015258789,98.1500015258789,56339200,99.23200073242188,100.68000030517578,20.170000076293945,301.45,22439.607,3.6,0.2269693333333333,0.0950766947907495,3
2023-02-17,AMZN,97.8000030517578,97.94000244140624,95.6500015258789,97.1999969482422,97.1999969482422,60029400,99.15,100.6775001525879,20.020000457763672,301.45,22439.607,3.6,0.129967,0.0,1
2023-02-21,AMZN,95.33999633789062,95.61000061035156,94.2699966430664,94.58000183105467,94.58000183105467,56580400,98.15800018310549,100.5305004119873,22.8700008392334,301.45,22439.607,3.6,0.0237174,0.2853617164850604,5
2023-02-22,AMZN,95.0999984741211,97.01000213623048,94.8000030517578,95.79000091552734,95.79000091552734,59534100,97.3760009765625,100.50400047302246,22.290000915527344,301.45,22439.607,3.6,0.1117765,0.2796013504743853,6
2023-02-23,AMZN,96.12000274658205,96.43000030517578,93.66999816894533,95.81999969482422,95.81999969482422,48467000,96.30800018310546,100.43600044250488,21.13999938964844,301.45,22439.607,3.6,-0.1282965,0.0279469813128359,2
2023-02-24,AMZN,93.52999877929688,94.13999938964844,92.31999969482422,93.5,93.5,57053800,95.37799987792968,100.15000038146972,21.670000076293945,301.45,22439.607,3.6,-0.0663556666666666,0.2987060343420155,3
2023-02-27,AMZN,94.27999877929688,94.77999877929688,93.13999938964844,93.76000213623048,93.76000213623048,47470300,94.69000091552736,99.72600059509276,20.950000762939453,301.45,22439.607,3.6,0.0360393999999999,0.1857790943440622,5
2023-02-28,AMZN,93.13999938964844,94.69000244140624,92.91999816894533,94.2300033569336,94.2300033569336,43959300,94.62000122070312,99.41000061035156,20.700000762939453,301.45,22439.607,3.6,0.1456048181818181,0.121017638462183,11
2023-03-01,AMZN,93.87000274658205,94.68000030517578,91.58999633789062,92.16999816894533,92.16999816894533,52299500,93.89600067138672,98.86200065612792,20.57999992370605,301.821,22439.607,3.5,0.2939029999999999,0.1100151570761956,5
2023-03-02,AMZN,91.41000366210938,92.2300033569336,90.38999938964844,92.12999725341795,92.12999725341795,55509400,93.15800018310549,98.21100044250488,19.59000015258789,301.821,22439.607,3.5,0.2087623333333333,0.3098537811522289,3
2023-03-03,AMZN,92.73999786376952,94.94000244140624,92.66000366210938,94.9000015258789,94.9000015258789,55759600,93.43800048828123,97.31050033569336,18.489999771118164,301.821,22439.607,3.5,-0.0620603999999999,0.2139767793518726,5
2023-03-06,AMZN,95.19000244140624,96.5500030517578,93.73999786376952,93.75,93.75,52112400,93.43600006103516,96.82850036621092,18.61000061035156,301.821,22439.607,3.5,0.108429,0.0,1
2023-03-07,AMZN,94.05999755859376,95.08999633789062,92.77999877929688,93.5500030517578,93.5500030517578,49100700,93.3,96.39700050354004,19.59000015258789,301.821,22439.607,3.5,0.1062962499999999,0.3064077949164859,4
2023-03-08,AMZN,93.5999984741211,94.16999816894533,92.18000030517578,93.91999816894533,93.91999816894533,44899100,93.65,95.98750038146972,19.11000061035156,301.821,22439.607,3.5,0.1413574,0.1207909458870986,5
2023-03-09,AMZN,93.68000030517578,96.20999908447266,92.18000030517578,92.25,92.25,56218700,93.6740005493164,95.59750022888184,22.61000061035156,301.821,22439.607,3.5,0.16639875,0.2080979341530946,8
2023-03-10,AMZN,92.66999816894533,93.56999969482422,90.25,90.7300033569336,90.7300033569336,69827500,92.84000091552734,95.22200050354004,24.799999237060547,301.821,22439.607,3.5,-0.008998,0.2667100552547654,5
2023-03-13,AMZN,89.97000122070312,94.0199966430664,88.12000274658203,92.43000030517578,92.43000030517578,72397100,92.5760009765625,94.96300048828124,26.520000457763672,301.821,22439.607,3.5,0.1684346666666666,0.1523986324883965,3
2023-03-14,AMZN,93.83000183105467,95.06999969482422,92.70999908447266,94.87999725341795,94.87999725341795,60912700,92.84199981689451,94.73000030517578,23.729999542236328,301.821,22439.607,3.5,0.20841825,0.141378340152408,4
2023-03-15,AMZN,93.22000122070312,96.66999816894533,93.06999969482422,96.1999969482422,96.1999969482422,70731800,93.29799957275392,94.55500030517578,26.13999938964844,301.821,22439.607,3.5,0.324082,0.1688355962734162,3
2023-03-16,AMZN,95.75,100.98999786376952,95.61000061035156,100.04000091552734,100.04000091552734,84446900,94.85599975585936,94.49900016784667,22.989999771118164,301.821,22439.607,3.5,0.112011,0.0459888108348106,2
2023-03-17,AMZN,99.79000091552734,100.66000366210938,97.45999908447266,98.9499969482422,98.9499969482422,87300200,96.4999984741211,94.53899993896484,25.51000022888184,301.821,22439.607,3.5,0.0,0.0,0
2023-03-20,AMZN,98.41000366210938,98.4800033569336,95.6999969482422,97.70999908447266,97.70999908447266,62388900,97.55599822998047,94.56450004577636,24.14999961853028,301.821,22439.607,3.5,0.0202996666666666,0.2895167304254914,6
2023-03-21,AMZN,98.13999938964844,100.8499984741211,98.0,100.61000061035156,100.61000061035156,58597300,98.7019989013672,94.8659999847412,21.3799991607666,301.821,22439.607,3.5,0.3926555,0.0704030866688386,2
2023-03-22,AMZN,100.4499969482422,102.0999984741211,98.61000061035156,98.6999969482422,98.6999969482422,57475400,99.2019989013672,95.01149978637696,22.26000022888184,301.821,22439.607,3.5,0.0,0.0,0
2023-03-23,AMZN,100.43000030517578,101.05999755859376,97.62000274658205,98.70999908447266,98.70999908447266,57559300,98.93599853515624,95.15599975585936,22.61000061035156,301.821,22439.607,3.5,0.048889,0.2526379392094544,2
2023-03-24,AMZN,98.06999969482422,98.3000030517578,96.4000015258789,98.12999725341795,98.12999725341795,56095400,98.7719985961914,95.38749961853028,21.739999771118164,301.821,22439.607,3.5,0.2246522,0.227587206486217,5
2023-03-27,AMZN,99.06999969482422,99.33999633789062,97.08000183105467,98.04000091552734,98.04000091552734,46721300,98.83799896240234,95.60149955749512,20.600000381469727,301.821,22439.607,3.5,0.223363,0.0,1
2023-03-28,AMZN,98.11000061035156,98.44000244140624,96.29000091552734,97.23999786376952,97.23999786376952,38720100,98.16399841308592,95.75199928283692,19.96999931335449,301.821,22439.607,3.5,-0.0719141818181818,0.3261173273387411,11
2023-03-29,AMZN,98.69000244140624,100.41999816894533,98.55999755859376,100.25,100.25,49783300,98.4739990234375,96.15599937438964,19.1200008392334,301.821,22439.607,3.5,0.113544,0.0,1
2023-03-30,AMZN,101.5500030517578,103.04000091552734,101.01000213623048,102.0,102.0,53633400,99.13199920654296,96.64949951171874,19.020000457763672,301.821,22439.607,3.5,0.26459675,0.147821042039296,4
2023-03-31,AMZN,102.16000366210938,103.48999786376952,101.9499969482422,103.29000091552734,103.29000091552734,56750300,100.16399993896484,97.06899948120116,18.700000762939453,301.821,22439.607,3.5,0.2316765,0.0832261984934231,4
2023-04-03,AMZN,102.3000030517578,103.29000091552734,101.43000030517578,102.41000366210938,102.41000366210938,41135700,101.03800048828126,97.50199966430664,18.549999237060547,302.845,22580.499,3.4,0.0909383333333333,0.1817322624118605,3
2023-04-04,AMZN,102.75,104.1999969482422,102.11000061035156,103.9499969482422,103.9499969482422,48662500,102.38000030517578,98.02199935913086,19.0,302.845,22580.499,3.4,0.1942485,0.0796265875226359,2
2023-04-05,AMZN,103.91000366210938,103.91000366210938,100.75,101.0999984741211,101.0999984741211,45175400,102.55,98.38099937438965,19.07999992370605,302.845,22580.499,3.4,0.047781,0.0,1
2023-04-06,AMZN,100.75,102.37999725341795,99.8000030517578,102.05999755859376,102.05999755859376,43808000,102.56199951171877,98.87149925231934,18.39999961853028,302.845,22580.499,3.4,0.07799375,0.1584121622758703,4
2023-04-10,AMZN,100.95999908447266,102.1999969482422,99.56999969482422,102.16999816894533,102.16999816894533,37261200,102.33799896240234,99.44349899291991,18.96999931335449,302.845,22580.499,3.4,-0.177994,0.0,1
2023-04-11,AMZN,100.8000030517578,101.0,99.01000213623048,99.91999816894533,99.91999816894533,60417800,101.83999786376953,99.8179988861084,19.100000381469727,302.845,22580.499,3.4,-0.1390486666666666,0.0357456645809437,3
2023-04-12,AMZN,100.4000015258789,100.51000213623048,97.70999908447266,97.83000183105467,97.83000183105467,56735000,100.61599884033204,99.96549911499024,19.09000015258789,302.845,22580.499,3.4,0.25076,0.0,1
2023-04-13,AMZN,98.9499969482422,102.56999969482422,98.70999908447266,102.4000015258789,102.4000015258789,67925100,100.8759994506836,100.27549934387208,17.799999237060547,302.845,22580.499,3.4,0.193955,0.2549337332249304,7
2023-04-14,AMZN,102.06999969482422,103.1999969482422,101.11000061035156,102.51000213623048,102.51000213623048,51450500,100.96600036621092,100.39899940490724,17.06999969482422,302.845,22580.499,3.4,0.251622,0.3131309243399636,2
2023-04-17,AMZN,103.16000366210938,103.7300033569336,101.58999633789062,102.73999786376952,102.73999786376952,39919500,101.0800003051758,100.5884994506836,16.950000762939453,302.845,22580.499,3.4,-0.14525,0.0,1
2023-04-18,AMZN,103.9499969482422,104.1999969482422,101.5199966430664,102.3000030517578,102.3000030517578,39790500,101.55600128173828,100.81799964904783,16.829999923706055,302.845,22580.499,3.4,0.228045,0.1636881487768738,2
2023-04-19,AMZN,101.58000183105467,105.12000274658205,101.38999938964844,104.3000030517578,104.3000030517578,58398900,102.85000152587892,101.00249977111817,16.459999084472656,302.845,22580.499,3.4,0.186546,0.2195608981991101,2
2023-04-20,AMZN,103.52999877929688,105.25,103.20999908447266,103.80999755859376,103.80999755859376,57696900,103.13200073242189,101.25799980163576,17.170000076293945,302.845,22580.499,3.4,0.1016454999999999,0.3340761343054902,2
2023-04-21,AMZN,106.0999984741211,108.1500015258789,105.08000183105467,106.95999908447266,106.95999908447266,86774200,104.02200012207032,101.67049980163574,16.770000457763672,302.845,22580.499,3.4,0.2268513333333333,0.2945510452372107,3
2023-04-24,AMZN,107.66000366210938,109.2300033569336,105.06999969482422,106.20999908447266,106.20999908447266,69575600,104.71600036621092,102.07449989318847,16.889999389648438,302.845,22580.499,3.4,0.1803055,0.0895006266151248,2
2023-04-25,AMZN,104.91000366210938,105.4499969482422,102.4499969482422,102.56999969482422,102.56999969482422,65026800,104.76999969482422,102.30099983215332,18.76000022888184,302.845,22580.499,3.4,0.1088415,0.2955430573715106,2
2023-04-26,AMZN,105.04000091552734,106.62000274658205,104.0999984741211,104.9800033569336,104.9800033569336,73803800,104.90599975585936,102.68800010681151,18.84000015258789,302.845,22580.499,3.4,0.349339,0.0,1
2023-04-27,AMZN,108.16000366210938,110.86000061035156,106.8000030517578,109.81999969482422,109.81999969482422,149961200,106.10800018310547,103.16650009155272,17.030000686645508,302.845,22580.499,3.4,-0.0481919999999999,0.5414019638697296,2
2023-04-28,AMZN,107.7300033569336,109.4800033569336,104.33000183105467,105.4499969482422,105.4499969482422,130715900,105.80599975585938,103.33899993896485,15.779999732971191,302.845,22580.499,3.4,0.110312,0.0,1
2023-05-01,AMZN,104.9499969482422,105.2300033569336,101.81999969482422,102.0500030517578,102.0500030517578,74728100,104.9740005493164,103.27700004577636,16.079999923706055,303.334,22580.499,3.6,0.145472,0.0,1
2023-05-02,AMZN,101.47000122070312,103.9000015258789,101.1500015258789,103.62999725341795,103.62999725341795,73469400,105.18600006103516,103.3379997253418,17.780000686645508,303.334,22580.499,3.6,-0.0406175,0.2584496498440267,2
2023-05-03,AMZN,103.73999786376952,105.95999908447266,103.27999877929688,103.6500015258789,103.6500015258789,65051900,104.9199996948242,103.32299995422365,18.34000015258789,303.334,22580.499,3.6,0.2342725,0.1200858233285678,2
2023-05-04,AMZN,104.04000091552734,105.38999938964844,103.30999755859376,104.0,104.0,45345500,103.75599975585938,103.46800003051756,20.09000015258789,303.334,22580.499,3.6,0.3659015,0.1148702037105358,2
2023-05-05,AMZN,104.2699966430664,105.76000213623048,103.5500030517578,105.66000366210938,105.66000366210938,56951700,103.7980010986328,103.64800033569335,17.190000534057617,303.334,22580.499,3.6,-0.14089775,0.361471358263579,4
2023-05-08,AMZN,105.04000091552734,106.0999984741211,104.6999969482422,105.83000183105467,105.83000183105467,49430900,104.5540008544922,103.83100051879885,16.979999542236328,303.334,22580.499,3.6,0.182653,0.0575695037208648,4
2023-05-09,AMZN,105.4800033569336,106.79000091552734,105.16000366210938,106.62000274658205,106.62000274658205,44089400,105.152001953125,104.16600074768068,17.709999084472656,303.334,22580.499,3.6,0.0,0.0,0
2023-05-10,AMZN,108.0999984741211,110.66999816894533,108.0500030517578,110.19000244140624,110.19000244140624,78627600,106.46000213623049,104.78400077819823,16.940000534057617,303.334,22580.499,3.6,0.332506,0.0,1
2023-05-11,AMZN,111.02999877929688,113.27999877929688,110.48999786376952,112.18000030517578,112.18000030517578,74924800,108.09600219726562,105.27300071716309,16.93000030517578,303.334,22580.499,3.6,0.1665265,0.0474574716193351,2
2023-05-12,AMZN,112.16000366210938,112.63999938964844,109.31999969482422,110.26000213623048,110.26000213623048,49852700,109.01600189208985,105.66050071716307,17.030000686645508,303.334,22580.499,3.6,0.1370626666666666,0.0081750650965807,3
2023-05-15,AMZN,111.1500015258789,112.29000091552734,109.25,111.1999969482422,111.1999969482422,53011100,110.09000091552734,106.08350067138672,17.1200008392334,303.334,22580.499,3.6,-0.0085666666666666,0.1256367569078943,3
2023-05-16,AMZN,111.0500030517578,114.79000091552734,111.0500030517578,113.4000015258789,113.4000015258789,71472900,111.44600067138671,106.63850059509278,17.989999771118164,303.334,22580.499,3.6,0.310733,0.0,1
2023-05-17,AMZN,114.88999938964844,115.83000183105467,114.22000122070312,115.5,115.5,65655200,112.50800018310548,107.19850044250488,16.8700008392334,303.334,22580.499,3.6,0.0,0.0,0
2023-05-18,AMZN,116.69000244140624,118.5999984741211,116.33999633789062,118.1500015258789,118.1500015258789,73174100,113.70200042724608,107.91550064086914,16.049999237060547,303.334,22580.499,3.6,0.346494,0.0,1
2023-05-19,AMZN,118.16000366210938,118.30999755859376,115.6999969482422,116.25,116.25,55056300,114.9,108.3800006866455,16.809999465942383,303.334,22580.499,3.6,0.2860506666666667,0.169420435621956,3
2023-05-22,AMZN,116.7699966430664,116.7699966430664,114.25,115.01000213623048,115.01000213623048,70741100,115.66200103759766,108.8200008392334,17.209999084472656,303.334,22580.499,3.6,0.0,0.0,0
2023-05-23,AMZN,114.2699966430664,117.13999938964844,113.77999877929688,114.98999786376952,114.98999786376952,67576300,115.98000030517578,109.44100074768066,18.530000686645508,303.334,22580.499,3.6,0.14071925,0.1041680958111295,4
2023-05-24,AMZN,115.3499984741211,117.33999633789062,115.0199966430664,116.75,116.75,63487900,116.23000030517578,110.02950057983398,20.030000686645508,303.334,22580.499,3.6,0.0095593333333333,0.2700779882077274,3
2023-05-25,AMZN,116.62999725341795,116.87000274658205,114.30999755859376,115.0,115.0,66496700,115.6,110.28850059509276,19.13999938964844,303.334,22580.499,3.6,0.1768982499999999,0.19155100344534,4
2023-05-26,AMZN,116.04000091552734,121.5,116.0199966430664,120.11000061035156,120.11000061035156,96779900,116.37200012207032,111.02150077819825,17.950000762939453,303.334,22580.499,3.6,0.217576,0.0,1
2023-05-30,AMZN,122.37000274658205,122.91999816894533,119.86000061035156,121.66000366210938,121.66000366210938,64314800,117.70200042724608,112.00200080871582,17.459999084472656,303.334,22580.499,3.6,0.169152,0.0779358952088188,2
2023-05-31,AMZN,121.4499969482422,122.04000091552734,119.16999816894533,120.58000183105467,120.58000183105467,72800800,118.82000122070312,112.84950103759766,17.940000534057617,303.334,22580.499,3.6,-0.0816794999999999,0.2832337425246151,2
2023-06-01,AMZN,120.69000244140624,123.48999786376952,119.93000030517578,122.7699966430664,122.7699966430664,54375100,120.0240005493164,113.80550079345704,15.649999618530272,304.014,22580.499,3.6,-0.107165,0.2311362362071339,2
2023-06-02,AMZN,124.91999816894533,126.38999938964844,124.0199966430664,124.25,124.25,61264400,121.8740005493164,114.81800079345705,14.600000381469728,304.014,22580.499,3.6,0.049747,0.0,1
2023-06-05,AMZN,123.36000061035156,125.8000030517578,123.02999877929688,125.3000030517578,125.3000030517578,47950100,122.91200103759766,115.80000076293943,14.729999542236328,304.014,22580.499,3.6,0.098168,0.2105822708286083,4
2023-06-06,AMZN,125.06999969482422,127.4000015258789,125.0,126.61000061035156,126.61000061035156,45695200,123.9020004272461,116.8390007019043,13.960000038146973,304.014,22580.499,3.6,0.2237341666666666,0.1214088852109542,6
2023-06-07,AMZN,127.01000213623048,127.37000274658205,120.62999725341795,121.2300033569336,121.2300033569336,95663300,124.03200073242188,117.56950073242189,13.9399995803833,304.014,22580.499,3.6,0.141818,0.0514339288991226,4
2023-06-08,AMZN,123.01000213623048,125.62999725341795,122.26000213623048,124.25,124.25,62159300,124.3280014038086,118.27250061035156,13.649999618530272,304.014,22580.499,3.6,0.16302,0.1681457499254738,2
2023-06-09,AMZN,124.08000183105467,125.8000030517578,123.19000244140624,123.43000030517578,123.43000030517578,51396000,124.16400146484376,118.83500061035156,13.829999923706056,304.014,22580.499,3.6,-0.240739,0.0,1
2023-06-12,AMZN,124.0199966430664,126.77999877929688,123.52999877929688,126.56999969482422,126.56999969482422,51338000,124.41800079345704,119.65050048828124,15.010000228881836,304.014,22580.499,3.6,0.2398711666666666,0.1423345265203305,6
2023-06-13,AMZN,128.1199951171875,128.41000366210938,125.18000030517578,126.66000366210938,126.66000366210938,50564800,124.4280014038086,120.4235008239746,14.609999656677246,304.014,22580.499,3.6,0.1105155,0.1314194810517071,6
2023-06-14,AMZN,126.6999969482422,126.9499969482422,124.12000274658205,126.41999816894533,126.41999816894533,52422500,125.46600036621092,121.07450065612792,13.880000114440918,304.014,22580.499,3.6,0.153552,0.2387472607424009,3
2023-06-15,AMZN,125.20999908447266,127.69000244140624,124.31999969482422,127.11000061035156,127.11000061035156,60458500,126.03800048828126,121.65500068664552,14.5,304.014,22580.499,3.6,0.3405588333333333,0.0318697316801799,6
2023-06-16,AMZN,127.70999908447266,127.9000015258789,125.3000030517578,125.48999786376952,125.48999786376952,84247100,126.45,122.02200050354004,13.539999961853027,304.014,22580.499,3.6,0.2935776315789474,0.0938809736931767,19
2023-06-20,AMZN,124.97000122070312,127.25,124.5,125.77999877929688,125.77999877929688,56930100,126.29199981689452,122.49850044250488,13.880000114440918,304.014,22580.499,3.6,0.138458,0.185188437565632,2
2023-06-21,AMZN,125.63999938964844,126.7300033569336,123.8499984741211,124.83000183105467,124.83000183105467,52137700,125.9259994506836,122.9895004272461,13.199999809265137,304.014,22580.499,3.6,0.2137845,0.1500020970270082,2
2023-06-22,AMZN,125.30999755859376,130.3300018310547,125.13999938964844,130.14999389648438,130.14999389648438,90354600,126.6719985961914,123.74750022888183,12.90999984741211,304.014,22580.499,3.6,0.2407838,0.2150616555170477,10
2023-06-23,AMZN,129.11000061035156,130.83999633789062,128.27999877929688,129.3300018310547,129.3300018310547,71927800,127.11599884033204,124.37650032043456,13.4399995803833,304.014,22580.499,3.6,-0.205064,0.0,1
2023-06-26,AMZN,129.3300018310547,131.49000549316406,127.0999984741211,127.33000183105467,127.33000183105467,59989300,127.48399963378908,124.99300041198732,14.25,304.014,22580.499,3.6,0.1384536666666666,0.2334567765932985,3
2023-06-27,AMZN,128.6300048828125,130.08999633789062,127.5500030517578,129.17999267578125,129.17999267578125,46801000,128.16399841308595,125.4465000152588,13.739999771118164,304.014,22580.499,3.6,0.15582125,0.1748725878354009,4
2023-06-28,AMZN,128.94000244140625,131.47999572753906,128.44000244140625,129.0399932861328,129.0399932861328,52149500,129.00599670410156,125.81549949645996,13.43000030517578,304.014,22580.499,3.6,0.1887057999999999,0.2134239975487761,5
2023-06-29,AMZN,128.77000427246094,129.25999450683594,127.26000213623048,127.9000015258789,127.9000015258789,40761000,128.55599822998047,126.18149948120116,13.539999961853027,304.014,22580.499,3.6,0.3064756666666666,0.0384214058349422,3
2023-06-30,AMZN,129.47000122070312,131.25,128.9499969482422,130.36000061035156,130.36000061035156,54350700,128.76199798583986,126.56099967956544,13.59000015258789,304.014,22580.499,3.6,0.2326478,0.1091803244966784,5
2023-07-03,AMZN,130.82000732421875,131.85000610351562,130.07000732421875,130.22000122070312,130.22000122070312,28264800,129.33999786376953,126.85949974060058,13.56999969482422,304.609,22840.989,3.5,0.2553835,0.0653967706580378,2
2023-07-05,AMZN,130.24000549316406,131.39999389648438,129.63999938964844,130.3800048828125,130.3800048828125,35895400,129.5800003051758,127.11349983215332,14.18000030517578,304.609,22840.989,3.5,0.218337,0.0,1
2023-07-06,AMZN,128.25,128.72999572753906,127.37000274658205,128.36000061035156,128.36000061035156,40639900,129.44400177001953,127.20099983215331,15.4399995803833,304.609,22840.989,3.5,0.140077,0.0,1
2023-07-07,AMZN,128.58999633789062,130.97000122070312,128.1300048828125,129.77999877929688,129.77999877929688,41992300,129.82000122070312,127.62849960327148,14.829999923706056,304.609,22840.989,3.5,0.379595,0.303165414280719,3
2023-07-10,AMZN,129.07000732421875,129.27999877929688,125.91999816894533,127.12999725341795,127.12999725341795,61889300,129.17400054931642,127.7724994659424,15.06999969482422,304.609,22840.989,3.5,0.40107,0.0,1
2023-07-11,AMZN,127.75,129.77000427246094,127.3499984741211,128.77999877929688,128.77999877929688,49951500,128.88600006103516,128.03999938964844,14.84000015258789,304.609,22840.989,3.5,0.26102975,0.1162987655863838,4
2023-07-12,AMZN,130.30999755859375,131.25999450683594,128.8300018310547,130.8000030517578,130.8000030517578,54022800,128.96999969482422,128.25149955749512,13.539999961853027,304.609,22840.989,3.5,0.1251268,0.0140712284005341,5
2023-07-13,AMZN,134.0399932861328,134.6699981689453,132.7100067138672,134.3000030517578,134.3000030517578,61170900,130.15800018310546,128.63349952697754,13.609999656677246,304.609,22840.989,3.5,0.17478175,0.1706528433815689,8
2023-07-14,AMZN,134.05999755859375,136.64999389648438,134.05999755859375,134.67999267578125,134.67999267578125,54487100,131.13799896240235,129.04649925231934,13.34000015258789,304.609,22840.989,3.5,0.2016285,0.1056254896533029,2
2023-07-17,AMZN,134.55999755859375,135.6199951171875,133.2100067138672,133.55999755859375,133.55999755859375,48450200,132.4239990234375,129.36899909973144,13.479999542236328,304.609,22840.989,3.5,0.0,0.0,0
2023-07-18,AMZN,132.7100067138672,133.86000061035156,131.35000610351562,132.8300018310547,132.8300018310547,54882900,133.23399963378907,129.7359992980957,13.300000190734863,304.609,22840.989,3.5,0.0095681999999999,0.1965321671297093,5
2023-07-19,AMZN,133.38999938964844,135.99000549316406,132.52999877929688,135.36000061035156,135.36000061035156,54531000,134.1459991455078,130.21499938964843,13.760000228881836,304.609,22840.989,3.5,0.1071118,0.2365186733647049,5
2023-07-20,AMZN,134.07000732421875,134.7899932861328,129.3300018310547,129.9600067138672,129.9600067138672,59820600,133.2779998779297,130.47149963378905,13.989999771118164,304.609,22840.989,3.5,0.0018177499999999,0.1137863088992549,4
2023-07-21,AMZN,131.33999633789062,131.3699951171875,128.4199981689453,130.0,130.0,133307300,132.34200134277344,130.46399993896483,13.600000381469728,304.609,22840.989,3.5,0.21516,0.0,1
2023-07-24,AMZN,130.30999755859375,131.66000366210938,128.35000610351562,128.8000030517578,128.8000030517578,45591100,131.39000244140624,130.4375,13.90999984741211,304.609,22840.989,3.5,0.0,0.0,0
2023-07-25,AMZN,129.30999755859375,129.5800018310547,128.52999877929688,129.1300048828125,129.1300048828125,39236700,130.6500030517578,130.5275001525879,13.859999656677246,304.609,22840.989,3.5,0.1227249999999999,0.1742141019378167,4
2023-07-26,AMZN,126.51000213623048,129.0800018310547,126.11000061035156,128.14999389648438,128.14999389648438,53910100,129.20800170898437,130.47600021362305,13.1899995803833,304.609,22840.989,3.5,0.4082989999999999,0.1096793328298454,2
2023-07-27,AMZN,131.0,132.6300048828125,127.79000091552734,128.25,128.25,52610700,128.86600036621093,130.4365005493164,14.40999984741211,304.609,22840.989,3.5,0.378206,0.0615720300785998,2
2023-07-28,AMZN,129.69000244140625,133.00999450683594,129.3300018310547,132.2100067138672,132.2100067138672,46317400,129.30800170898436,130.65200080871583,13.329999923706056,304.609,22840.989,3.5,0.1912903333333333,0.0582185095767087,3
2023-07-31,AMZN,133.1999969482422,133.8699951171875,132.3800048828125,133.67999267578125,133.67999267578125,41901500,130.28399963378905,130.8180004119873,13.630000114440918,304.609,22840.989,3.5,0.315644,0.0,1
2023-08-01,AMZN,133.5500030517578,133.69000244140625,131.6199951171875,131.69000244140625,131.69000244140625,42098500,130.7959991455078,130.89150047302246,13.93000030517578,306.082,22840.989,3.7,0.276709,0.0,1
2023-08-02,AMZN,130.14999389648438,130.22999572753906,126.81999969482422,128.2100067138672,128.2100067138672,51027600,130.80800170898436,130.7830005645752,16.09000015258789,306.082,22840.989,3.7,0.0072074999999999,0.3400130028403326,2
2023-08-03,AMZN,127.4800033569336,129.83999633789062,126.41000366210938,128.91000366210938,128.91000366210938,88585200,130.94000244140625,130.81050071716308,15.920000076293944,306.082,22840.989,3.7,0.1340334,0.1519767739666163,5
2023-08-04,AMZN,141.05999755859375,143.6300048828125,139.32000732421875,139.57000732421875,139.57000732421875,153128500,132.41200256347656,131.30000114440918,17.100000381469727,306.082,22840.989,3.7,0.2259726666666666,0.1937397783273567,3
2023-08-07,AMZN,140.99000549316406,142.5399932861328,138.9499969482422,142.22000122070312,142.22000122070312,71213100,134.12000427246093,132.05450134277345,15.770000457763672,306.082,22840.989,3.7,0.380707,0.0718632621719888,2
2023-08-08,AMZN,140.6199951171875,140.83999633789062,138.4199981689453,139.94000244140625,139.94000244140625,51710500,135.77000427246094,132.6125015258789,15.989999771118164,306.082,22840.989,3.7,0.174091,0.1317804350178735,5
2023-08-09,AMZN,139.97000122070312,140.32000732421875,137.10000610351562,137.85000610351562,137.85000610351562,50017300,137.69800415039063,132.9650016784668,15.960000038146973,306.082,22840.989,3.7,0.2655486,0.1653108739309063,5
2023-08-10,AMZN,139.07000732421875,140.41000366210938,137.49000549316406,138.55999755859375,138.55999755859375,58928400,139.6280029296875,133.1780014038086,15.850000381469728,306.082,22840.989,3.7,0.436899,0.4190526917345837,2
2023-08-11,AMZN,137.39999389648438,139.3300018310547,137.0,138.41000366210938,138.41000366210938,42905800,139.39600219726563,133.364501953125,14.84000015258789,306.082,22840.989,3.7,0.1850276666666666,0.1149932399158025,3
2023-08-14,AMZN,138.3000030517578,140.58999633789062,137.75,140.57000732421875,140.57000732421875,47148700,139.06600341796874,133.71500244140626,14.81999969482422,306.082,22840.989,3.7,-0.613961,0.0,1
2023-08-15,AMZN,140.0500030517578,141.27999877929688,137.22999572753906,137.6699981689453,137.6699981689453,42781500,138.61200256347655,133.95700225830078,16.459999084472656,306.082,22840.989,3.7,0.110848,0.2181982224308896,3
2023-08-16,AMZN,137.19000244140625,137.27000427246094,135.00999450683594,135.07000732421875,135.07000732421875,41675900,138.05600280761718,133.9425025939941,16.780000686645508,306.082,22840.989,3.7,0.322506,0.0,1
2023-08-17,AMZN,135.4600067138672,136.08999633789062,133.52999877929688,133.97999572753906,133.97999572753906,48354100,137.14000244140624,134.14350204467777,17.889999389648438,306.082,22840.989,3.7,0.1891567499999999,0.3117144030287714,4
2023-08-18,AMZN,131.6199951171875,134.07000732421875,131.14999389648438,133.22000122070312,133.22000122070312,48497700,136.102001953125,134.30450210571288,17.299999237060547,306.082,22840.989,3.7,0.257008,0.0,1
2023-08-21,AMZN,133.74000549316406,135.19000244140625,132.7100067138672,134.67999267578125,134.67999267578125,41442500,134.9239990234375,134.59850158691407,17.1299991607666,306.082,22840.989,3.7,0.041663,0.0,1
2023-08-22,AMZN,135.0800018310547,135.64999389648438,133.72999572753906,134.25,134.25,32905400,134.23999938964843,134.85450134277343,16.969999313354492,306.082,22840.989,3.7,0.2143145,0.0817590140051847,6
2023-08-23,AMZN,134.5,135.9499969482422,133.22000122070312,135.52000427246094,135.52000427246094,42801000,134.3299987792969,135.22300186157227,15.979999542236328,306.082,22840.989,3.7,0.20120475,0.0899582958834259,4
2023-08-24,AMZN,136.39999389648438,136.77999877929688,131.8300018310547,131.83999633789062,131.83999633789062,43646300,133.9019989013672,135.4025016784668,17.200000762939453,306.082,22840.989,3.7,0.2390755,0.1554892456490159,2
2023-08-25,AMZN,132.47000122070312,133.8699951171875,130.5800018310547,133.25999450683594,133.25999450683594,44147500,133.90999755859374,135.45500106811522,15.68000030517578,306.082,22840.989,3.7,0.183966,0.2114121996527163,2
2023-08-28,AMZN,133.77999877929688,133.9499969482422,131.85000610351562,133.13999938964844,133.13999938964844,34108400,133.60199890136718,135.4280014038086,15.079999923706056,306.082,22840.989,3.7,0.12446625,0.1783003125373499,4
2023-08-29,AMZN,133.3800048828125,135.13999938964844,133.25,134.91000366210938,134.91000366210938,38646100,133.73399963378907,135.58900146484376,14.449999809265137,306.082,22840.989,3.7,0.319105,0.0,1
2023-08-30,AMZN,134.92999267578125,135.67999267578125,133.9199981689453,135.07000732421875,135.07000732421875,36137000,133.6440002441406,135.93200149536133,13.880000114440918,306.082,22840.989,3.7,0.1909221666666666,0.1822950327676721,6
2023-08-31,AMZN,135.05999755859375,138.7899932861328,135.0,138.00999450683594,138.00999450683594,58781300,134.87799987792968,136.38700103759766,13.56999969482422,306.082,22840.989,3.7,0.05153,0.454319104763381,3
2023-09-01,AMZN,139.4600067138672,139.9600067138672,136.8800048828125,138.1199951171875,138.1199951171875,40991500,135.85,136.3145004272461,13.09000015258789,307.276,22840.989,3.7,0.0,0.0,0
2023-09-05,AMZN,137.72999572753906,137.8000030517578,135.82000732421875,137.27000427246094,137.27000427246094,40636700,136.6760009765625,136.06700057983397,14.010000228881836,307.276,22840.989,3.7,0.1923825,0.133004664220846,2
2023-09-06,AMZN,136.32000732421875,137.4499969482422,134.61000061035156,135.36000061035156,135.36000061035156,41785500,136.76600036621093,135.83800048828124,14.449999809265137,307.276,22840.989,3.7,0.3266033333333333,0.108922111517053,3
2023-09-07,AMZN,133.89999389648438,138.02999877929688,133.16000366210938,137.85000610351562,137.85000610351562,48498900,137.3220001220703,135.83800048828124,14.399999618530272,307.276,22840.989,3.7,0.2305863333333333,0.0922372277029906,3
2023-09-08,AMZN,136.86000061035156,138.85000610351562,136.75,138.22999572753906,138.22999572753906,38348200,137.36600036621093,135.8215003967285,13.84000015258789,307.276,22840.989,3.7,0.270991,0.0,1
2023-09-11,AMZN,138.75,143.6199951171875,138.63999938964844,143.10000610351562,143.10000610351562,56764500,138.36200256347655,136.05600051879884,13.800000190734863,307.276,22840.989,3.7,0.164792,0.11438557452756,4
2023-09-12,AMZN,142.32000732421875,143.0,140.61000061035156,141.22999572753906,141.22999572753906,42668500,139.15400085449218,136.08899993896483,14.229999542236328,307.276,22840.989,3.7,0.481221,0.0578314352061229,2
2023-09-13,AMZN,140.9499969482422,144.97999572753906,140.8699951171875,144.85000610351562,144.85000610351562,60465200,141.052001953125,136.44800033569337,13.479999542236328,307.276,22840.989,3.7,0.117527,0.0,1
2023-09-14,AMZN,145.0800018310547,145.86000061035156,142.9499969482422,144.72000122070312,144.72000122070312,64033600,142.4260009765625,136.93050003051758,12.81999969482422,307.276,22840.989,3.7,0.162699,0.0559291919841508,3
2023-09-15,AMZN,142.69000244140625,143.57000732421875,140.08999633789062,140.38999938964844,140.38999938964844,102909300,142.85800170898438,137.25100021362306,13.789999961853027,307.276,22840.989,3.7,-0.0055535,0.3435457083191405,2
2023-09-18,AMZN,140.47999572753906,141.75,139.22000122070312,139.97999572753906,139.97999572753906,42823500,142.23399963378907,137.58899993896483,14.0,307.276,22840.989,3.7,0.0,0.0,0
2023-09-19,AMZN,138.6999969482422,138.83999633789062,135.55999755859375,137.6300048828125,137.6300048828125,61482500,141.51400146484374,137.73650054931642,14.109999656677246,307.276,22840.989,3.7,0.2239074,0.1089608588338032,5
2023-09-20,AMZN,138.5500030517578,139.3699951171875,135.1999969482422,135.2899932861328,135.2899932861328,46263700,139.60199890136718,137.78850021362305,15.140000343322754,307.276,22840.989,3.7,0.161486,0.166957509597502,3
2023-09-21,AMZN,131.94000244140625,132.24000549316406,129.30999755859375,129.3300018310547,129.3300018310547,70343300,136.5239990234375,137.4790000915527,17.540000915527344,307.276,22840.989,3.7,0.0,0.0,0
2023-09-22,AMZN,131.11000061035156,132.02999877929688,128.52000427246094,129.1199951171875,129.1199951171875,59904300,134.2699981689453,137.34300003051757,17.200000762939453,307.276,22840.989,3.7,0.027244,0.0,1
2023-09-25,AMZN,129.36000061035156,131.77999877929688,128.77000427246094,131.27000427246094,131.27000427246094,46017800,132.5279998779297,137.24350051879884,16.899999618530273,307.276,22840.989,3.7,0.1069685,0.0172413846456715,2
2023-09-26,AMZN,130.1199951171875,130.38999938964844,125.27999877929688,125.9800033569336,125.9800033569336,73048200,130.1979995727539,136.8855007171631,18.940000534057617,307.276,22840.989,3.7,0.260872,0.1668540200714384,4
2023-09-27,AMZN,125.76000213623048,127.4800033569336,124.12999725341795,125.9800033569336,125.9800033569336,66553400,128.33600158691405,136.4390007019043,18.21999931335449,307.276,22840.989,3.7,0.4229443333333333,0.2519593642560905,3
2023-09-28,AMZN,124.04000091552734,126.58000183105467,123.04000091552734,125.9800033569336,125.9800033569336,54555000,127.66600189208984,135.98450050354003,17.34000015258789,307.276,22840.989,3.7,0.135621,0.0038838963683394,3
2023-09-29,AMZN,128.1999969482422,129.14999389648438,126.31999969482422,127.12000274658205,127.12000274658205,62411700,127.26600341796876,135.44000091552735,17.520000457763672,307.276,22840.989,3.7,0.2266729999999999,0.1663164433632465,3
2023-10-02,AMZN,127.27999877929688,130.47000122070312,126.54000091552734,129.4600067138672,129.4600067138672,48029700,126.90400390625,135.00700149536132,17.610000610351562,307.696,23033.78,3.9,0.0,0.0,0
2023-10-03,AMZN,128.05999755859375,128.52000427246094,124.25,124.72000122070312,124.72000122070312,51565000,126.65200347900392,134.37950134277344,19.780000686645508,307.696,23033.78,3.9,0.24066475,0.1833393250058026,4
2023-10-04,AMZN,126.05999755859376,127.36000061035156,125.68000030517578,127.0,127.0,44203900,126.8560028076172,133.96150131225585,18.57999992370605,307.696,23033.78,3.9,0.270578,0.0478994133575767,2
2023-10-05,AMZN,126.70999908447266,126.7300033569336,124.33000183105467,125.95999908447266,125.95999908447266,39660600,126.852001953125,133.36700096130372,18.489999771118164,307.696,23033.78,3.9,0.0397116666666666,0.3078228934928871,3
2023-10-06,AMZN,124.16000366210938,128.4499969482422,124.12999725341795,127.95999908447266,127.95999908447266,46836700,127.02000122070312,132.8535011291504,17.450000762939453,307.696,23033.78,3.9,0.0,0.0,0
2023-10-09,AMZN,126.22000122070312,128.7899932861328,124.76000213623048,128.25999450683594,128.25999450683594,38773700,126.77999877929688,132.11150054931642,17.700000762939453,307.696,23033.78,3.9,-0.0027039999999999,0.2080364718793317,2
2023-10-10,AMZN,128.82000732421875,130.74000549316406,128.0500030517578,129.47999572753906,129.47999572753906,42178600,127.73199768066408,131.5240005493164,17.030000686645508,307.696,23033.78,3.9,0.1331606666666666,0.2142225666458446,3
2023-10-11,AMZN,129.74000549316406,132.0500030517578,129.61000061035156,131.8300018310547,131.8300018310547,40741800,128.697998046875,130.87300033569335,16.09000015258789,307.696,23033.78,3.9,0.141545,0.0,1
2023-10-12,AMZN,132.1699981689453,134.47999572753906,131.22999572753906,132.3300018310547,132.3300018310547,55528600,129.9719985961914,130.25350036621094,16.690000534057617,307.696,23033.78,3.9,0.0523809999999999,0.1688510555578495,3
2023-10-13,AMZN,132.97999572753906,133.30999755859375,128.9499969482422,129.7899932861328,129.7899932861328,45786600,130.33799743652344,129.72350006103517,19.31999969482422,307.696,23033.78,3.9,0.3647924999999999,0.0617353717450538,2
2023-10-16,AMZN,130.69000244140625,133.07000732421875,130.42999267578125,132.5500030517578,132.5500030517578,42832900,131.1959991455078,129.35200042724608,17.209999084472656,307.696,23033.78,3.9,0.1931545,0.216967937632499,2
2023-10-17,AMZN,130.38999938964844,132.5800018310547,128.7100067138672,131.47000122070312,131.47000122070312,49344600,131.59400024414063,129.04400024414062,17.8799991607666,307.696,23033.78,3.9,0.0,0.0,0
2023-10-18,AMZN,129.89999389648438,130.6699981689453,127.51000213623048,128.1300048828125,128.1300048828125,42699500,130.8540008544922,128.6860008239746,19.21999931335449,307.696,23033.78,3.9,0.144165,0.1836373359205583,4
2023-10-19,AMZN,130.57000732421875,132.24000549316406,127.47000122070312,128.39999389648438,128.39999389648438,60961400,130.06799926757813,128.6395004272461,21.39999961853028,307.696,23033.78,3.9,0.22069,0.1313054866256547,2
2023-10-20,AMZN,128.0500030517578,128.1699981689453,124.97000122070312,125.16999816894533,125.16999816894533,56406400,129.1440002441406,128.44200057983397,21.709999084472656,307.696,23033.78,3.9,0.220849,0.0722533512855978,3
2023-10-23,AMZN,124.62999725341795,127.87999725341795,123.9800033569336,126.55999755859376,126.55999755859376,48260000,127.9459991455078,128.2065002441406,20.3700008392334,307.696,23033.78,3.9,0.0516783333333333,0.1606554392615865,3
2023-10-24,AMZN,127.73999786376952,128.8000030517578,126.33999633789062,128.55999755859375,128.55999755859375,46477400,127.36399841308594,128.33549995422362,18.96999931335449,307.696,23033.78,3.9,0.243129,0.0,1
2023-10-25,AMZN,126.04000091552734,126.33999633789062,120.79000091552734,121.38999938964844,121.38999938964844,74577500,126.01599731445312,128.1059997558594,20.190000534057617,307.696,23033.78,3.9,0.172288,0.2124672029702467,2
2023-10-26,AMZN,120.62999725341795,121.63999938964844,118.3499984741211,119.56999969482422,119.56999969482422,100419500,124.2499984741211,127.7854995727539,20.68000030517578,307.696,23033.78,3.9,0.1552049999999999,0.0148435855506679,2
2023-10-27,AMZN,126.1999969482422,130.02000427246094,125.5199966430664,127.73999786376952,127.73999786376952,125309300,124.76399841308594,127.81649932861328,21.270000457763672,307.696,23033.78,3.9,0.292546,0.0,1
2023-10-30,AMZN,129.72000122070312,133.0,128.55999755859375,132.7100067138672,132.7100067138672,72485500,125.99400024414062,127.97899932861328,19.75,307.696,23033.78,3.9,0.273767,0.0625478374366372,2
2023-10-31,AMZN,132.75,133.57000732421875,131.7100067138672,133.08999633789062,133.08999633789062,51589400,126.9,128.39749908447266,18.13999938964844,307.696,23033.78,3.9,0.042114,0.3760450430892554,2
2023-11-01,AMZN,133.9600067138672,137.35000610351562,133.7100067138672,137.0,137.0,61529400,130.02200012207032,128.89749908447266,16.8700008392334,308.148,23033.78,3.7,0.26765,0.0781649978059233,2
2023-11-02,AMZN,138.72999572753906,138.80999755859375,136.47000122070312,138.07000732421875,138.07000732421875,52236700,133.7220016479492,129.50299949645995,15.65999984741211,308.148,23033.78,3.7,0.307325,0.0,1
2023-11-03,AMZN,138.99000549316406,139.49000549316406,137.4499969482422,138.60000610351562,138.60000610351562,44059800,135.89400329589844,130.0349998474121,14.90999984741211,308.148,23033.78,3.7,0.221818,0.1157302349215623,3
2023-11-06,AMZN,138.75999450683594,140.72999572753906,138.36000061035156,139.74000549316406,139.74000549316406,44970400,137.3000030517578,130.6090003967285,14.890000343322754,308.148,23033.78,3.7,0.13705075,0.2537280052764837,4
2023-11-07,AMZN,140.5500030517578,143.3699951171875,140.5,142.7100067138672,142.7100067138672,53553500,139.22400512695313,131.27050094604493,14.8100004196167,308.148,23033.78,3.7,0.3733193333333333,0.0877012016812388,3
2023-11-08,AMZN,142.97000122070312,143.1199951171875,141.22000122070312,142.0800018310547,142.0800018310547,44521700,140.24000549316406,131.78300094604492,14.449999809265137,308.148,23033.78,3.7,0.284346,0.1071267298732362,4
2023-11-09,AMZN,142.02000427246094,142.64999389648438,139.83999633789062,140.60000610351562,140.60000610351562,36235400,140.74600524902343,132.19650115966795,15.289999961853027,308.148,23033.78,3.7,0.344335,0.0,1
2023-11-10,AMZN,140.4600067138672,143.64999389648438,139.91000366210938,143.55999755859375,143.55999755859375,49287800,141.73800354003907,132.885001373291,14.170000076293944,308.148,23033.78,3.7,0.1036623333333333,0.2165717315263774,3
2023-11-13,AMZN,142.0800018310547,143.22999572753906,140.6699981689453,142.58999633789062,142.58999633789062,35680600,142.30800170898436,133.38700103759766,14.760000228881836,308.148,23033.78,3.7,0.1127113999999999,0.3242414749909394,5
2023-11-14,AMZN,145.0,147.25999450683594,144.67999267578125,145.8000030517578,145.8000030517578,56674600,142.9260009765625,134.1035011291504,14.15999984741211,308.148,23033.78,3.7,0.2501431428571428,0.2414178639913435,7
2023-11-15,AMZN,147.05999755859375,147.2899932861328,142.58999633789062,143.1999969482422,143.1999969482422,63875700,143.15,134.85700073242188,14.18000030517578,308.148,23033.78,3.7,0.08198325,0.1424484133791949,4
2023-11-16,AMZN,140.91000366210938,143.32000732421875,139.52000427246094,142.8300018310547,142.8300018310547,49653500,143.59599914550782,135.5785011291504,14.31999969482422,308.148,23033.78,3.7,0.327583,0.0,1
2023-11-17,AMZN,142.66000366210938,145.22999572753906,142.5399932861328,145.17999267578125,145.17999267578125,49636700,143.9199981689453,136.5790008544922,13.800000190734863,308.148,23033.78,3.7,0.145113,0.0,1
2023-11-20,AMZN,145.1300048828125,146.6300048828125,144.72999572753906,146.1300048828125,146.1300048828125,41951200,144.62799987792968,137.55750122070313,13.40999984741211,308.148,23033.78,3.7,0.2884658,0.1091563749934011,5
2023-11-21,AMZN,143.91000366210938,144.0500030517578,141.5,143.89999389648438,143.89999389648438,71226000,144.247998046875,138.32450103759766,13.350000381469728,308.148,23033.78,3.7,0.2294613333333333,0.1198093980509598,3
2023-11-22,AMZN,144.57000732421875,147.74000549316406,144.57000732421875,146.7100067138672,146.7100067138672,45669100,144.95,139.5905014038086,12.850000381469728,308.148,23033.78,3.7,0.2972844,0.0620646665124368,5
2023-11-24,AMZN,146.6999969482422,147.1999969482422,145.32000732421875,146.74000549316406,146.74000549316406,22378400,145.73200073242188,140.9490016937256,12.460000038146973,308.148,23033.78,3.7,0.0,0.0,0
2023-11-27,AMZN,147.52999877929688,149.25999450683594,146.8800048828125,147.72999572753906,147.72999572753906,53762400,146.24200134277345,141.94850158691406,12.6899995803833,308.148,23033.78,3.7,0.129108,0.0,1
2023-11-28,AMZN,146.97999572753906,147.60000610351562,145.52999877929688,147.02999877929688,147.02999877929688,42711700,146.4220001220703,142.66450119018555,12.6899995803833,308.148,23033.78,3.7,0.1507156666666666,0.3071145001140997,3
2023-11-29,AMZN,147.85000610351562,148.5399932861328,145.97000122070312,146.32000732421875,146.32000732421875,40610900,146.9060028076172,143.32600173950195,12.979999542236328,308.148,23033.78,3.7,0.1487419999999999,0.0152042100090731,2
2023-11-30,AMZN,144.75999450683594,146.92999267578125,144.3300018310547,146.08999633789062,146.08999633789062,65814000,146.78200073242186,143.78050155639647,12.920000076293944,308.148,23033.78,3.7,0.305074,0.0530896592473525,3
2023-12-01,AMZN,146.0,147.25,145.5500030517578,147.02999877929688,147.02999877929688,39951800,146.83999938964843,144.2285011291504,12.630000114440918,308.741,23033.78,3.8,0.0,0.0,0
2023-12-04,AMZN,145.25,145.35000610351562,142.80999755859375,144.83999633789062,144.83999633789062,48294200,146.26199951171876,144.54050064086914,13.079999923706056,308.741,23033.78,3.8,0.0,0.0,0
2023-12-05,AMZN,143.5500030517578,148.57000732421875,143.1300048828125,146.8800048828125,146.8800048828125,46822400,146.23200073242188,144.89750061035156,12.850000381469728,308.741,23033.78,3.8,0.0,0.0,0
2023-12-06,AMZN,147.5800018310547,147.85000610351562,144.27999877929688,144.52000427246094,144.52000427246094,39679000,145.87200012207032,144.98800048828124,12.970000267028809,308.741,23033.78,3.8,0.0,0.0,0
2023-12-07,AMZN,146.14999389648438,147.9199981689453,145.33999633789062,146.8800048828125,146.8800048828125,52352800,146.03000183105468,145.22800064086914,13.0600004196167,308.741,23033.78,3.8,0.0,0.0,0
2023-12-08,AMZN,145.47999572753906,147.83999633789062,145.39999389648438,147.4199981689453,147.4199981689453,41906000,146.10800170898438,145.56900024414062,12.350000381469728,308.741,23033.78,3.8,0.0,0.0,0
2023-12-11,AMZN,145.66000366210938,146.19000244140625,143.63999938964844,145.88999938964844,145.88999938964844,50907300,146.31800231933593,145.68550033569335,12.630000114440918,308.741,23033.78,3.8,0.0,0.0,0
2023-12-12,AMZN,145.52000427246094,147.5,145.3000030517578,147.47999572753906,147.47999572753906,44944300,146.43800048828126,145.93000030517578,12.06999969482422,308.741,23033.78,3.8,0.0,0.0,0
2023-12-13,AMZN,148.1199951171875,149.4600067138672,146.82000732421875,148.83999633789062,148.83999633789062,52766200,147.3019989013672,146.0819999694824,12.1899995803833,308.741,23033.78,3.8,0.0,0.0,0
2023-12-14,AMZN,149.92999267578125,150.5399932861328,145.52000427246094,147.4199981689453,147.4199981689453,58400800,147.40999755859374,146.2930000305176,12.479999542236328,308.741,23033.78,3.8,0.0,0.0,0
2023-12-15,AMZN,148.3800048828125,150.57000732421875,147.8800048828125,149.97000122070312,149.97000122070312,110089300,147.9199981689453,146.65,12.279999732971191,308.741,23033.78,3.8,0.0,0.0,0
2023-12-18,AMZN,150.55999755859375,154.85000610351562,150.0500030517578,154.07000732421875,154.07000732421875,62512800,149.55599975585938,147.09450073242186,12.5600004196167,308.741,23033.78,3.8,0.0,0.0,0
2023-12-19,AMZN,154.39999389648438,155.1199951171875,152.69000244140625,153.7899932861328,153.7899932861328,43171300,150.81799926757813,147.47750015258788,12.529999732971191,308.741,23033.78,3.8,0.0,0.0,0
2023-12-20,AMZN,152.89999389648438,155.6300048828125,151.55999755859375,152.1199951171875,152.1199951171875,50322100,151.4739990234375,147.88850021362305,13.670000076293944,308.741,23033.78,3.8,0.0,0.0,0
2023-12-21,AMZN,153.3000030517578,153.97000122070312,152.10000610351562,153.83999633789062,153.83999633789062,36305700,152.75799865722655,148.24499969482423,13.649999618530272,308.741,23033.78,3.8,0.0,0.0,0
2023-12-22,AMZN,153.77000427246094,154.35000610351562,152.7100067138672,153.4199981689453,153.4199981689453,29514100,153.447998046875,148.5789993286133,13.029999732971191,308.741,23033.78,3.8,0.0,0.0,0
2023-12-26,AMZN,153.55999755859375,153.97999572753906,153.02999877929688,153.41000366210938,153.41000366210938,25067200,153.3159973144531,148.8629997253418,12.989999771118164,308.741,23033.78,3.8,0.0,0.0,0
2023-12-27,AMZN,153.55999755859375,154.77999877929688,153.1199951171875,153.33999633789062,153.33999633789062,31434700,153.2259979248047,149.1784996032715,12.43000030517578,308.741,23033.78,3.8,0.0,0.0,0
2023-12-28,AMZN,153.72000122070312,154.0800018310547,152.9499969482422,153.3800048828125,153.3800048828125,27057000,153.47799987792968,149.53149948120117,12.470000267028809,308.741,23033.78,3.8,0.0,0.0,0
2023-12-29,AMZN,153.10000610351562,153.88999938964844,151.02999877929688,151.94000244140625,151.94000244140625,39823200,153.0980010986328,149.82399978637696,12.449999809265137,308.741,23033.78,3.8,0.0,0.0,0
2024-01-02,AMZN,151.5399932861328,152.3800048828125,148.38999938964844,149.92999267578125,149.92999267578125,47339400,152.4,149.96899948120117,13.199999809265137,309.698,23082.119,3.7,0.0,0.0,0
2024-01-03,AMZN,149.1999969482422,151.0500030517578,148.3300018310547,148.47000122070312,148.47000122070312,49425500,151.41199951171876,150.1504997253418,14.039999961853027,309.698,23082.119,3.7,0.0,0.0,0
2024-01-04,AMZN,145.58999633789062,147.3800048828125,144.0500030517578,144.57000732421875,144.57000732421875,56039800,149.6580017089844,150.0349998474121,14.130000114440918,309.698,23082.119,3.7,0.0,0.0,0
2024-01-05,AMZN,144.69000244140625,146.58999633789062,144.52999877929688,145.24000549316406,145.24000549316406,45153100,148.03000183105468,150.07099990844728,13.350000381469728,309.698,23082.119,3.7,0.0,0.0,0
2024-01-08,AMZN,146.74000549316406,149.39999389648438,146.14999389648438,149.10000610351562,149.10000610351562,46757100,147.46200256347657,150.18199996948243,13.079999923706056,309.698,23082.119,3.7,0.0,0.0,0
2024-01-09,AMZN,148.3300018310547,151.7100067138672,148.2100067138672,151.3699951171875,151.3699951171875,43812600,147.7500030517578,150.37949981689454,12.760000228881836,309.698,23082.119,3.7,0.0,0.0,0
2024-01-10,AMZN,152.05999755859375,154.4199981689453,151.8800048828125,153.72999572753906,153.72999572753906,44421800,148.802001953125,150.77149963378906,12.6899995803833,309.698,23082.119,3.7,0.0,0.0,0
2024-01-11,AMZN,155.0399932861328,157.1699981689453,153.1199951171875,155.17999267578125,155.17999267578125,49072700,150.9239990234375,151.15649948120117,12.4399995803833,309.698,23082.119,3.7,0.0,0.0,0
2024-01-12,AMZN,155.38999938964844,156.1999969482422,154.00999450683594,154.6199951171875,154.6199951171875,40484200,152.79999694824218,151.44549942016602,12.699999809265137,309.698,23082.119,3.7,0.0,0.0,0
2024-01-16,AMZN,153.52999877929688,154.99000549316406,152.14999389648438,153.16000366210938,153.16000366210938,41384600,153.61199645996095,151.7324996948242,13.84000015258789,309.698,23082.119,3.7,0.0,0.0,0
2024-01-17,AMZN,151.49000549316406,152.14999389648438,149.91000366210938,151.7100067138672,151.7100067138672,34953400,153.67999877929688,151.81949996948242,14.789999961853027,309.698,23082.119,3.7,0.0,0.0,0
2024-01-18,AMZN,152.77000427246094,153.77999877929688,151.82000732421875,153.5,153.5,37850200,153.63399963378907,151.79099960327147,14.130000114440918,309.698,23082.119,3.7,0.0,0.0,0
2024-01-19,AMZN,153.8300018310547,155.75999450683594,152.74000549316406,155.33999633789062,155.33999633789062,51651600,153.66600036621094,151.86849975585938,13.300000190734863,309.698,23082.119,3.7,0.0,0.0,0
2024-01-22,AMZN,156.88999938964844,157.0500030517578,153.89999389648438,154.77999877929688,154.77999877929688,43687500,153.6980010986328,152.00149993896486,13.1899995803833,309.698,23082.119,3.7,0.0,0.0,0
2024-01-23,AMZN,154.85000610351562,156.2100067138672,153.92999267578125,156.02000427246094,156.02000427246094,37986000,154.27000122070314,152.11050033569336,12.550000190734863,309.698,23082.119,3.7,0.0,0.0,0
2024-01-24,AMZN,157.8000030517578,158.50999450683594,156.47999572753906,156.8699951171875,156.8699951171875,48547300,155.3019989013672,152.28300018310546,13.140000343322754,309.698,23082.119,3.7,0.0,0.0,0
2024-01-25,AMZN,156.9499969482422,158.50999450683594,154.5500030517578,157.75,157.75,43638600,156.1519989013672,152.5,13.449999809265137,309.698,23082.119,3.7,0.0,0.0,0
2024-01-26,AMZN,158.4199981689453,160.72000122070312,157.91000366210938,159.1199951171875,159.1199951171875,51047400,156.90799865722656,152.78899993896485,13.260000228881836,309.698,23082.119,3.7,0.0,0.0,0
2024-01-29,AMZN,159.33999633789062,161.2899932861328,158.89999389648438,161.25999450683594,161.25999450683594,45270400,158.20399780273436,153.18299942016603,13.600000381469728,309.698,23082.119,3.7,0.0,0.0,0
2024-01-30,AMZN,160.6999969482422,161.72999572753906,158.49000549316406,159.0,159.0,45207400,158.79999694824218,153.5359992980957,13.3100004196167,309.698,23082.119,3.7,0.0,0.0,0
2024-01-31,AMZN,157.0,159.00999450683594,154.80999755859375,155.1999969482422,155.1999969482422,50284400,158.46599731445312,153.79949951171875,14.350000381469728,309.698,23082.119,3.7,0.0,0.0,0
2024-02-01,AMZN,155.8699951171875,159.75999450683594,155.6199951171875,159.27999877929688,159.27999877929688,76542400,158.7719970703125,154.33999938964843,13.880000114440918,310.967,23082.119,3.9,0.0,0.0,0
2024-02-02,AMZN,169.19000244140625,172.5,167.3300018310547,171.80999755859375,171.80999755859375,117218300,161.30999755859375,155.70199890136718,13.850000381469728,310.967,23082.119,3.9,0.0,0.0,0
2024-02-05,AMZN,170.1999969482422,170.5500030517578,167.6999969482422,170.30999755859375,170.30999755859375,55081300,163.1199981689453,156.95549850463868,13.670000076293944,310.967,23082.119,3.9,0.0,0.0,0
2024-02-06,AMZN,169.38999938964844,170.7100067138672,167.64999389648438,169.14999389648438,169.14999389648438,42505500,165.14999694824218,157.9579978942871,13.0600004196167,310.967,23082.119,3.9,0.0,0.0,0
2024-02-07,AMZN,169.47999572753906,170.8800048828125,168.94000244140625,170.52999877929688,170.52999877929688,47174100,168.21599731445312,158.91599807739257,12.829999923706056,310.967,23082.119,3.9,0.0,0.0,0
2024-02-08,AMZN,169.64999389648438,171.42999267578125,168.8800048828125,169.83999633789062,169.83999633789062,42316500,170.32799682617187,159.72149810791015,12.789999961853027,310.967,23082.119,3.9,0.0,0.0,0
2024-02-09,AMZN,170.89999389648438,175.0,170.5800018310547,174.4499969482422,174.4499969482422,56986000,170.85599670410156,160.6849983215332,12.93000030517578,310.967,23082.119,3.9,0.0,0.0,0
2024-02-12,AMZN,174.8000030517578,175.38999938964844,171.5399932861328,172.33999633789062,172.33999633789062,51050400,171.26199645996093,161.57099838256835,13.93000030517578,310.967,23082.119,3.9,0.0,0.0,0
2024-02-13,AMZN,167.72999572753906,170.9499969482422,165.75,168.63999938964844,168.63999938964844,56345100,171.15999755859374,162.34499816894532,15.850000381469728,310.967,23082.119,3.9,0.0,0.0,0
2024-02-14,AMZN,169.2100067138672,171.2100067138672,168.27999877929688,170.97999572753906,170.97999572753906,42815500,171.2499969482422,163.3084976196289,14.380000114440918,310.967,23082.119,3.9,0.0,0.0,0
2024-02-15,AMZN,170.5800018310547,171.1699981689453,167.58999633789062,169.8000030517578,169.8000030517578,49855200,171.24199829101562,164.1234977722168,14.010000228881836,310.967,23082.119,3.9,0.0,0.0,0
2024-02-16,AMZN,168.74000549316406,170.4199981689453,167.1699981689453,169.50999450683594,169.50999450683594,48107700,170.25399780273438,164.83199768066407,14.239999771118164,310.967,23082.119,3.9,0.0,0.0,0
2024-02-20,AMZN,167.8300018310547,168.7100067138672,165.74000549316406,167.0800018310547,167.0800018310547,41980300,169.20199890136718,165.44699783325194,15.420000076293944,310.967,23082.119,3.9,0.0,0.0,0
2024-02-21,AMZN,168.94000244140625,170.22999572753906,167.13999938964844,168.58999633789062,168.58999633789062,44420100,169.19199829101564,166.07549743652345,15.34000015258789,310.967,23082.119,3.9,0.0,0.0,0
2024-02-22,AMZN,173.10000610351562,174.8000030517578,171.77000427246094,174.5800018310547,174.5800018310547,55392400,169.91199951171876,166.9609977722168,14.539999961853027,310.967,23082.119,3.9,0.0,0.0,0
2024-02-23,AMZN,174.27999877929688,175.75,173.6999969482422,174.99000549316406,174.99000549316406,59715200,170.95,167.822998046875,13.75,310.967,23082.119,3.9,0.0,0.0,0
2024-02-26,AMZN,175.6999969482422,176.3699951171875,174.25999450683594,174.72999572753906,174.72999572753906,44368600,171.99400024414064,168.60349807739257,13.739999771118164,310.967,23082.119,3.9,0.0,0.0,0
2024-02-27,AMZN,174.0800018310547,174.6199951171875,172.86000061035156,173.5399932861328,173.5399932861328,31141700,173.28599853515624,169.2174980163574,13.43000030517578,310.967,23082.119,3.9,0.0,0.0,0
2024-02-28,AMZN,172.44000244140625,174.0500030517578,172.27000427246094,173.16000366210938,173.16000366210938,28180500,174.2,169.92549819946288,13.84000015258789,310.967,23082.119,3.9,0.0,0.0,0
2024-02-29,AMZN,173.00999450683594,177.22000122070312,172.85000610351562,176.75999450683594,176.75999450683594,53805400,174.63599853515626,171.00349807739258,13.399999618530272,310.967,23082.119,3.9,0.0,0.0,0
2024-03-01,AMZN,176.75,178.72999572753906,176.07000732421875,178.22000122070312,178.22000122070312,31981200,175.28199768066406,171.95049819946288,13.109999656677246,312.345,23082.119,3.9,0.0,0.0,0
2024-03-04,AMZN,177.52999877929688,180.13999938964844,177.49000549316406,177.5800018310547,177.5800018310547,37381500,175.85199890136718,172.23899841308594,13.489999771118164,312.345,23082.119,3.9,0.0,0.0,0
2024-03-05,AMZN,176.92999267578125,176.92999267578125,173.3000030517578,174.1199951171875,174.1199951171875,37228300,175.96799926757814,172.42949829101562,14.460000038146973,312.345,23082.119,3.9,0.0,0.0,0
2024-03-06,AMZN,175.5399932861328,176.4600067138672,173.25999450683594,173.50999450683594,173.50999450683594,32090900,176.03799743652343,172.6474983215332,14.5,312.345,23082.119,3.9,0.0,0.0,0
2024-03-07,AMZN,174.8300018310547,177.99000549316406,173.72000122070312,176.82000732421875,176.82000732421875,34063300,176.05,172.9619987487793,14.4399995803833,312.345,23082.119,3.9,0.0,0.0,0
2024-03-08,AMZN,176.44000244140625,178.7899932861328,174.3300018310547,175.35000610351562,175.35000610351562,37893200,175.4760009765625,173.23749923706055,14.739999771118164,312.345,23082.119,3.9,0.0,0.0,0
2024-03-11,AMZN,174.30999755859375,174.47000122070312,171.47000122070312,171.9600067138672,171.9600067138672,28484800,174.352001953125,173.1129997253418,15.220000267028809,312.345,23082.119,3.9,0.0,0.0,0
2024-03-12,AMZN,173.5,176.75999450683594,171.97999572753906,175.38999938964844,175.38999938964844,36610600,174.6060028076172,173.2654998779297,13.84000015258789,312.345,23082.119,3.9,0.0,0.0,0
2024-03-13,AMZN,175.89999389648438,177.6199951171875,175.5500030517578,176.55999755859375,176.55999755859375,30772600,175.21600341796875,173.66149978637696,13.75,312.345,23082.119,3.9,0.0,0.0,0
2024-03-14,AMZN,177.69000244140625,179.52999877929688,176.47000122070312,178.75,178.75,43705800,175.602001953125,174.05,14.399999618530272,312.345,23082.119,3.9,0.0,0.0,0
2024-03-15,AMZN,176.63999938964844,177.92999267578125,173.89999389648438,174.4199981689453,174.4199981689453,72147400,175.41600036621094,174.28099975585937,14.40999984741211,312.345,23082.119,3.9,0.0,0.0,0
2024-03-18,AMZN,175.8000030517578,176.69000244140625,174.27999877929688,174.47999572753906,174.47999572753906,31250700,175.9199981689453,174.52949981689454,14.329999923706056,312.345,23082.119,3.9,0.0,0.0,0
2024-03-19,AMZN,174.22000122070312,176.08999633789062,173.52000427246094,175.89999389648438,175.89999389648438,26880900,176.0219970703125,174.97049942016602,13.81999969482422,312.345,23082.119,3.9,0.0,0.0,0
2024-03-20,AMZN,176.13999938964844,178.52999877929688,174.63999938964844,178.14999389648438,178.14999389648438,29947200,176.33999633789062,175.4484992980957,13.039999961853027,312.345,23082.119,3.9,0.0,0.0,0
2024-03-21,AMZN,179.99000549316406,181.4199981689453,178.14999389648438,178.14999389648438,178.14999389648438,32824300,176.2199951171875,175.6269989013672,12.920000076293944,312.345,23082.119,3.9,0.0,0.0,0
2024-03-22,AMZN,177.75,179.25999450683594,176.75,178.8699951171875,178.8699951171875,27995400,177.10999450683593,175.82099838256835,13.0600004196167,312.345,23082.119,3.9,0.0,0.0,0
2024-03-25,AMZN,178.00999450683594,180.9900054931641,177.24000549316406,179.7100067138672,179.7100067138672,29815500,178.15599670410157,176.06999893188475,13.1899995803833,312.345,23082.119,3.9,0.0,0.0,0
2024-03-26,AMZN,180.1499938964844,180.4499969482422,177.9499969482422,178.3000030517578,178.3000030517578,29659000,178.63599853515626,176.30799942016603,13.239999771118164,312.345,23082.119,3.9,0.0,0.0,0
2024-03-27,AMZN,179.8800048828125,180.0,177.30999755859375,179.8300018310547,179.8300018310547,33272600,178.9720001220703,176.6414993286133,12.779999732971191,312.345,23082.119,3.9,0.0,0.0,0
2024-03-28,AMZN,180.1699981689453,181.6999969482422,179.25999450683594,180.3800048828125,180.3800048828125,38051600,179.41800231933593,176.8224998474121,13.010000228881836,312.345,23082.119,3.9,0.0,0.0,0
2024-04-01,AMZN,180.7899932861328,183.0,179.9499969482422,180.97000122070312,180.97000122070312,29174500,179.83800354003907,176.95999984741212,13.649999618530272,313.023,23286.508,3.9,0.0,0.0,0
2024-04-02,AMZN,179.07000732421875,180.7899932861328,178.3800048828125,180.69000244140625,180.69000244140625,32611500,180.03400268554688,177.1154998779297,14.609999656677246,313.023,23286.508,3.9,0.0,0.0,0
2024-04-03,AMZN,179.89999389648438,182.8699951171875,179.8000030517578,182.41000366210932,182.41000366210932,31046600,180.8560028076172,177.53000030517578,14.329999923706056,313.023,23286.508,3.9,0.0,0.0,0
2024-04-04,AMZN,184.0,185.1000061035156,180.0,180.0,180.0,41624300,180.89000244140624,177.854500579834,16.350000381469727,313.023,23286.508,3.9,0.0,0.0,0
2024-04-05,AMZN,182.3800048828125,186.2700042724609,181.97000122070312,185.07000732421875,185.07000732421875,42374000,181.8280029296875,178.267000579834,16.030000686645508,313.023,23286.508,3.9,0.0,0.0,0
2024-04-08,AMZN,186.8999938964844,187.2899932861328,184.8099975585937,185.19000244140625,185.19000244140625,39221300,182.67200317382813,178.7590003967285,15.1899995803833,313.023,23286.508,3.9,0.0,0.0,0
2024-04-09,AMZN,187.2400054931641,187.33999633789065,184.1999969482422,185.6699981689453,185.6699981689453,36520100,183.66800231933595,179.44449996948242,14.979999542236328,313.023,23286.508,3.9,0.0,0.0,0
2024-04-10,AMZN,182.7700042724609,186.2700042724609,182.6699981689453,185.9499969482422,185.9499969482422,35879200,184.3760009765625,179.9724998474121,15.800000190734863,313.023,23286.508,3.9,0.0,0.0,0
2024-04-11,AMZN,186.7400054931641,189.7700042724609,185.509994506836,189.0500030517578,189.0500030517578,40020700,186.18600158691407,180.5970001220703,14.90999984741211,313.023,23286.508,3.9,0.0,0.0,0
2024-04-12,AMZN,187.72000122070312,188.3800048828125,185.0800018310547,186.1300048828125,186.1300048828125,38608800,186.3980010986328,180.9660003662109,17.309999465942383,313.023,23286.508,3.9,0.0,0.0,0
2024-04-15,AMZN,187.42999267578125,188.69000244140625,183.0,183.6199951171875,183.6199951171875,48052400,186.08399963378903,181.42600021362304,19.229999542236328,313.023,23286.508,3.9,0.0,0.0,0
2024-04-16,AMZN,183.2700042724609,184.8300018310547,182.259994506836,183.32000732421875,183.32000732421875,32891300,185.6140014648437,181.86800079345704,18.39999961853028,313.023,23286.508,3.9,0.0,0.0,0
2024-04-17,AMZN,184.3099975585937,184.57000732421875,179.82000732421875,181.27999877929688,181.27999877929688,31359700,184.68000183105468,182.13700103759768,18.209999084472656,313.023,23286.508,3.9,0.0,0.0,0
2024-04-18,AMZN,181.47000122070312,182.38999938964844,178.64999389648438,179.22000122070312,179.22000122070312,30723800,182.71400146484376,182.19050140380853,18.0,313.023,23286.508,3.9,0.0,0.0,0
2024-04-19,AMZN,178.74000549316406,179.0,173.44000244140625,174.6300048828125,174.6300048828125,56000700,180.4140014648437,182.014501953125,18.709999084472656,313.023,23286.508,3.9,0.0,0.0,0
2024-04-22,AMZN,176.94000244140625,178.8699951171875,174.55999755859375,177.22999572753906,177.22999572753906,37924900,179.13600158691406,181.93250198364257,16.940000534057617,313.023,23286.508,3.9,0.0,0.0,0
2024-04-23,AMZN,178.0800018310547,179.92999267578125,175.97999572753906,179.5399932861328,179.5399932861328,37046500,178.37999877929687,181.92400131225585,15.6899995803833,313.023,23286.508,3.9,0.0,0.0,0
2024-04-24,AMZN,179.94000244140625,180.32000732421875,176.17999267578125,176.58999633789062,176.58999633789062,34185100,177.44199829101564,181.8385009765625,15.970000267028809,313.023,23286.508,3.9,0.0,0.0,0
2024-04-25,AMZN,169.67999267578125,173.9199981689453,166.32000732421875,173.6699981689453,173.6699981689453,49249400,176.33199768066407,181.53050079345704,15.369999885559082,313.023,23286.508,3.9,0.0,0.0,0
2024-04-26,AMZN,177.8000030517578,180.82000732421875,176.1300048828125,179.6199951171875,179.6199951171875,43919800,177.32999572753906,181.49250030517572,15.029999732971191,313.023,23286.508,3.9,0.0,0.0,0
2024-04-29,AMZN,182.75,183.52999877929688,179.38999938964844,180.9600067138672,180.9600067138672,54063900,178.07599792480468,181.492000579834,14.670000076293944,313.023,23286.508,3.9,0.0,0.0,0
2024-04-30,AMZN,181.08999633789065,182.9900054931641,174.8000030517578,175.0,175.0,94639800,177.16799926757812,181.20750045776367,15.649999618530272,313.023,23286.508,3.9,0.0,0.0,0
2024-05-01,AMZN,181.63999938964844,185.1499938964844,176.55999755859375,179.0,179.0,94645100,177.65,181.0370002746582,15.390000343322754,313.175,23286.508,3.9,0.0,0.0,0
2024-05-02,AMZN,180.8500061035156,185.1000061035156,179.91000366210938,184.72000122070312,184.72000122070312,54303500,179.86000061035156,181.27300033569333,14.68000030517578,313.175,23286.508,3.9,0.0,0.0,0
2024-05-03,AMZN,186.9900054931641,187.8699951171875,185.4199981689453,186.2100067138672,186.2100067138672,39172000,181.1780029296875,181.3300003051758,13.489999771118164,313.175,23286.508,3.9,0.0,0.0,0
2024-05-06,AMZN,186.27999877929688,188.75,184.8000030517578,188.6999969482422,188.6999969482422,34725300,182.7260009765625,181.5055000305176,13.489999771118164,313.175,23286.508,3.9,0.0,0.0,0
2024-05-07,AMZN,188.9199981689453,189.94000244140625,187.3099975585937,188.759994506836,188.759994506836,34048900,185.47799987792968,181.6599998474121,13.229999542236328,313.175,23286.508,3.9,0.0,0.0,0
2024-05-08,AMZN,187.44000244140625,188.42999267578125,186.38999938964844,188.0,188.0,26136400,187.2779998779297,181.7625,13.0,313.175,23286.508,3.9,0.0,0.0,0
2024-05-09,AMZN,188.8800048828125,191.6999969482422,187.44000244140625,189.5,189.5,43368400,188.23399963378907,181.7849998474121,12.6899995803833,313.175,23286.508,3.9,0.0,0.0,0
2024-05-10,AMZN,189.16000366210932,189.88999938964844,186.92999267578125,187.47999572753903,187.47999572753903,34141800,188.48799743652344,181.85249938964844,12.550000190734863,313.175,23286.508,3.9,0.0,0.0,0
2024-05-13,AMZN,188.0,188.3099975585937,185.3600006103516,186.57000732421875,186.57000732421875,24898600,188.0619995117188,182.0,13.600000381469728,313.175,23286.508,3.9,0.0,0.0,0
2024-05-14,AMZN,183.82000732421875,187.72000122070312,183.4499969482422,187.07000732421875,187.07000732421875,38698200,187.7240020751953,182.1875,13.420000076293944,313.175,23286.508,3.9,0.0,0.0,0
2024-05-15,AMZN,185.97000122070312,186.72000122070312,182.72999572753903,185.9900054931641,185.9900054931641,75459900,187.3220031738281,182.42300033569336,12.449999809265137,313.175,23286.508,3.9,0.0,0.0,0
2024-05-16,AMZN,185.6000061035156,187.3099975585937,183.4600067138672,183.6300048828125,183.6300048828125,38834500,186.14800415039065,182.6435005187988,12.420000076293944,313.175,23286.508,3.9,0.0,0.0,0
2024-05-17,AMZN,183.759994506836,185.3000030517578,183.3500061035156,184.6999969482422,184.6999969482422,33175700,185.59200439453124,183.14700012207032,11.989999771118164,313.175,23286.508,3.9,0.0,0.0,0
2024-05-20,AMZN,184.33999633789065,186.6699981689453,183.27999877929688,183.5399932861328,183.5399932861328,30511800,184.98600158691409,183.4625,12.149999618530272,313.175,23286.508,3.9,0.0,0.0,0
2024-05-21,AMZN,182.3000030517578,183.259994506836,180.75,183.1499938964844,183.1499938964844,50839100,184.2019989013672,183.6430000305176,11.859999656677246,313.175,23286.508,3.9,0.0,0.0,0
2024-05-22,AMZN,183.8800048828125,185.22000122070312,181.97000122070312,183.1300048828125,183.1300048828125,28148800,183.62999877929687,183.9700004577637,12.289999961853027,313.175,23286.508,3.9,0.0,0.0,0
2024-05-23,AMZN,183.66000366210932,184.759994506836,180.0800018310547,181.0500030517578,181.0500030517578,33670200,183.113998413086,184.3390007019043,12.770000457763672,313.175,23286.508,3.9,0.0,0.0,0
2024-05-24,AMZN,181.6499938964844,182.44000244140625,180.3000030517578,180.75,180.75,27471600,182.3239990234375,184.39550094604493,11.93000030517578,313.175,23286.508,3.9,0.0,0.0,0
2024-05-28,AMZN,179.92999267578125,182.2400054931641,179.49000549316406,182.1499938964844,182.1499938964844,29927000,182.0459991455078,184.4550003051758,12.920000076293944,313.175,23286.508,3.9,0.0,0.0,0
2024-05-29,AMZN,181.6999969482422,184.0800018310547,181.5500030517578,182.0200042724609,182.0200042724609,32009300,181.82000122070312,184.80600051879884,14.279999732971191,313.175,23286.508,3.9,0.0,0.0,0
2024-05-30,AMZN,181.3099975585937,181.33999633789065,178.36000061035156,179.32000732421875,179.32000732421875,29184700,181.0580017089844,184.82200088500977,14.470000267028809,313.175,23286.508,3.9,0.0,0.0,0
2024-05-31,AMZN,178.3000030517578,179.2100067138672,173.8699951171875,176.44000244140625,176.44000244140625,58903900,180.13600158691406,184.4080009460449,12.920000076293944,313.175,23286.508,3.9,0.0,0.0,0
2024-06-03,AMZN,177.6999969482422,178.6999969482422,175.9199981689453,178.33999633789062,178.33999633789062,30786600,179.65400085449218,184.0145004272461,13.109999656677246,313.044,23286.508,4.1,0.0,0.0,0
2024-06-04,AMZN,177.63999938964844,179.82000732421875,176.44000244140625,179.33999633789062,179.33999633789062,27198400,179.09200134277344,183.5465003967285,13.15999984741211,313.044,23286.508,4.1,0.0,0.0,0
2024-06-05,AMZN,180.10000610351562,181.5,178.75,181.27999877929688,181.27999877929688,32116400,178.94400024414062,183.1725006103516,12.630000114440918,313.044,23286.508,4.1,0.0,0.0,0
2024-06-06,AMZN,181.75,185.0,181.4900054931641,185.0,185.0,31371200,180.0799987792969,183.0225006103516,12.579999923706056,313.044,23286.508,4.1,0.0,0.0,0
2024-06-07,AMZN,184.8999938964844,186.2899932861328,183.3600006103516,184.3000030517578,184.3000030517578,28021500,181.6519989013672,182.76250076293945,12.220000267028809,313.044,23286.508,4.1,0.0,0.0,0
2024-06-10,AMZN,184.07000732421875,187.22999572753903,183.7899932861328,187.0599975585937,187.0599975585937,34445600,183.3959991455078,182.7415008544922,12.739999771118164,313.044,23286.508,4.1,0.0,0.0,0
2024-06-11,AMZN,187.0599975585937,187.7700042724609,184.5399932861328,187.22999572753903,187.22999572753903,27265100,184.9739990234375,182.7745002746582,12.850000381469728,313.044,23286.508,4.1,0.0,0.0,0
2024-06-12,AMZN,188.0200042724609,188.3500061035156,185.42999267578125,186.88999938964844,186.88999938964844,33984200,186.09599914550785,182.7654998779297,12.039999961853027,313.044,23286.508,4.1,0.0,0.0,0
2024-06-13,AMZN,186.08999633789065,187.6699981689453,182.6699981689453,183.8300018310547,183.8300018310547,39721500,185.86199951171875,182.65749969482425,11.9399995803833,313.044,23286.508,4.1,0.0,0.0,0
2024-06-14,AMZN,183.0800018310547,183.72000122070312,182.22999572753903,183.66000366210932,183.66000366210932,25456400,185.73399963378907,182.65899963378905,12.65999984741211,313.044,23286.508,4.1,0.0,0.0,0
2024-06-17,AMZN,182.5200042724609,185.0,181.22000122070312,184.0599975585937,184.0599975585937,35601900,185.13399963378907,182.62699966430665,12.75,313.044,23286.508,4.1,0.0,0.0,0
2024-06-18,AMZN,183.7400054931641,184.2899932861328,181.42999267578125,182.8099975585937,182.8099975585937,36659200,184.25,182.5904998779297,12.300000190734863,313.044,23286.508,4.1,0.0,0.0,0
2024-06-20,AMZN,182.91000366210932,186.509994506836,182.72000122070312,186.1000061035156,186.1000061035156,44726800,184.09200134277344,182.73800048828124,13.279999732971191,313.044,23286.508,4.1,0.0,0.0,0
2024-06-21,AMZN,187.8000030517578,189.27999877929688,185.8600006103516,189.0800018310547,189.0800018310547,70792500,185.14200134277343,183.03550033569337,13.199999809265137,313.044,23286.508,4.1,0.0,0.0,0
2024-06-24,AMZN,189.3300018310547,191.0,185.3300018310547,185.57000732421875,185.57000732421875,50610400,185.5240020751953,183.2615005493164,13.329999923706056,313.044,23286.508,4.1,0.0,0.0,0
2024-06-25,AMZN,186.8099975585937,188.83999633789065,185.4199981689453,186.33999633789065,186.33999633789065,45366400,185.9800018310547,183.5410003662109,12.84000015258789,313.044,23286.508,4.1,0.0,0.0,0
2024-06-26,AMZN,186.9199981689453,194.8000030517578,186.259994506836,193.6100006103516,193.6100006103516,65103900,188.14000244140624,184.1140007019043,12.550000190734863,313.044,23286.508,4.1,0.0,0.0,0
2024-06-27,AMZN,195.009994506836,199.83999633789065,194.1999969482422,197.8500061035156,197.8500061035156,74397500,190.49000244140623,184.90550079345704,12.239999771118164,313.044,23286.508,4.1,0.0,0.0,0
2024-06-28,AMZN,197.72999572753903,198.8500061035156,192.5,193.25,193.25,76930200,191.32400207519527,185.60200042724608,12.4399995803833,313.044,23286.508,4.1,0.0,0.0,0
2024-07-01,AMZN,193.4900054931641,198.3000030517578,192.82000732421875,197.1999969482422,197.1999969482422,41192000,193.65,186.6400001525879,12.220000267028809,313.569,23478.57,4.2,0.0,0.0,0
2024-07-02,AMZN,197.27999877929688,200.42999267578125,195.92999267578125,200.0,200.0,45600000,196.3820007324219,187.72300033569337,12.029999732971191,313.569,23478.57,4.2,0.0,0.0,0
2024-07-03,AMZN,199.94000244140625,200.02999877929688,196.759994506836,197.58999633789065,197.58999633789065,31597900,197.1779998779297,188.63550033569337,12.09000015258789,313.569,23478.57,4.2,0.0,0.0,0
2024-07-05,AMZN,198.6499938964844,200.5500030517578,198.1699981689453,200.0,200.0,39858900,197.60799865722657,189.5715003967285,12.479999542236328,313.569,23478.57,4.2,0.0,0.0,0
2024-07-08,AMZN,200.0399932861328,201.1999969482422,197.9600067138672,199.2899932861328,199.2899932861328,34767300,198.8159973144531,190.2860000610352,12.369999885559082,313.569,23478.57,4.2,0.0,0.0,0
2024-07-09,AMZN,199.3999938964844,200.57000732421875,199.0500030517578,199.33999633789065,199.33999633789065,32700100,199.2439971923828,191.0379997253418,12.510000228881836,313.569,23478.57,4.2,0.0,0.0,0
2024-07-10,AMZN,200.0,200.1100006103516,197.69000244140625,199.7899932861328,199.7899932861328,32883800,199.20199584960932,191.67449951171875,12.850000381469728,313.569,23478.57,4.2,0.0,0.0,0
2024-07-11,AMZN,200.08999633789065,200.2700042724609,192.8600006103516,195.0500030517578,195.0500030517578,44565000,198.6939971923828,192.06549987792968,12.920000076293944,313.569,23478.57,4.2,0.0,0.0,0
2024-07-12,AMZN,194.8000030517578,196.47000122070312,193.8300018310547,194.4900054931641,194.4900054931641,30598500,197.5919982910156,192.44550018310548,12.460000038146973,313.569,23478.57,4.2,0.0,0.0,0
2024-07-15,AMZN,194.5599975585937,196.19000244140625,190.8300018310547,192.72000122070312,192.72000122070312,40683200,196.2779998779297,192.8900001525879,13.119999885559082,313.569,23478.57,4.2,0.0,0.0,0
2024-07-16,AMZN,195.58999633789065,196.6199951171875,192.2400054931641,193.0200042724609,193.0200042724609,33994700,195.0140014648437,193.35800018310547,13.1899995803833,313.569,23478.57,4.2,0.0,0.0,0
2024-07-17,AMZN,191.3500061035156,191.5800018310547,185.9900054931641,187.92999267578125,187.92999267578125,48076100,192.64200134277343,193.55149993896484,14.479999542236328,313.569,23478.57,4.2,0.0,0.0,0
2024-07-18,AMZN,189.58999633789065,189.67999267578125,181.4499969482422,183.75,183.75,51043600,190.3820007324219,193.5985000610352,15.93000030517578,313.569,23478.57,4.2,0.0,0.0,0
2024-07-19,AMZN,181.13999938964844,184.92999267578125,180.11000061035156,183.1300048828125,183.1300048828125,43081800,188.1100006103516,193.45,16.520000457763672,313.569,23478.57,4.2,0.0,0.0,0
2024-07-22,AMZN,185.0,185.0599975585937,182.47999572753903,182.5500030517578,182.5500030517578,39931900,186.0760009765625,193.1235000610352,14.90999984741211,313.569,23478.57,4.2,0.0,0.0,0
2024-07-23,AMZN,184.1000061035156,189.38999938964844,183.5599975585937,186.41000366210932,186.41000366210932,47537700,184.75400085449212,193.16549987792968,14.720000267028809,313.569,23478.57,4.2,0.0,0.0,0
2024-07-24,AMZN,183.1999969482422,185.4499969482422,180.41000366210932,180.8300018310547,180.8300018310547,41532400,183.3340026855469,192.8900001525879,18.040000915527344,313.569,23478.57,4.2,0.0,0.0,0
2024-07-25,AMZN,182.91000366210932,183.8999938964844,176.8000030517578,179.85000610351562,179.85000610351562,44464200,182.55400390625,192.2020004272461,18.459999084472656,313.569,23478.57,4.2,0.0,0.0,0
2024-07-26,AMZN,180.38999938964844,183.19000244140625,180.2400054931641,182.5,182.5,29506000,182.4280029296875,191.43450012207032,16.389999389648438,313.569,23478.57,4.2,0.0,0.0,0
2024-07-29,AMZN,183.83999633789065,184.75,182.3800048828125,183.1999969482422,183.1999969482422,33270100,182.5580017089844,190.93199996948243,16.600000381469727,313.569,23478.57,4.2,0.0,0.0,0
2024-07-30,AMZN,184.72000122070312,185.8600006103516,179.3800048828125,181.7100067138672,181.7100067138672,39508600,181.618002319336,190.1575004577637,17.690000534057617,313.569,23478.57,4.2,0.0,0.0,0
2024-07-31,AMZN,185.0500030517578,187.94000244140625,184.4600067138672,186.97999572753903,186.97999572753903,41667300,182.8480010986328,189.50650024414065,16.360000610351562,313.569,23478.57,4.2,0.0,0.0,0
2024-08-01,AMZN,189.2899932861328,190.6000061035156,181.8699951171875,184.07000732421875,184.07000732421875,70435600,183.69200134277344,188.83050079345705,18.59000015258789,314.062,23478.57,4.2,0.0,0.0,0
2024-08-02,AMZN,166.75,168.77000427246094,160.5500030517578,167.89999389648438,167.89999389648438,141448400,180.77200012207032,187.22550048828128,23.38999938964844,314.062,23478.57,4.2,0.0,0.0,0
2024-08-05,AMZN,154.2100067138672,162.9600067138672,151.61000061035156,161.02000427246094,161.02000427246094,83149400,176.33600158691405,185.31200103759767,38.56999969482422,314.062,23478.57,4.2,0.0,0.0,0
2024-08-06,AMZN,161.7100067138672,165.0800018310547,158.5399932861328,161.92999267578125,161.92999267578125,59950800,172.37999877929687,183.44150085449212,27.709999084472656,314.062,23478.57,4.2,0.0,0.0,0
2024-08-07,AMZN,166.5500030517578,167.5800018310547,161.42999267578125,162.77000427246094,162.77000427246094,48408200,167.53800048828126,181.5905014038086,27.850000381469727,314.062,23478.57,4.2,0.0,0.0,0
2024-08-08,AMZN,165.1699981689453,166.69000244140625,162.5500030517578,165.8000030517578,165.8000030517578,44616200,163.88399963378907,180.12800140380858,23.790000915527344,314.062,23478.57,4.2,0.0,0.0,0
2024-08-09,AMZN,166.39999389648438,168.5500030517578,165.85000610351562,166.94000244140625,166.94000244140625,36401000,163.69200134277344,178.7505012512207,20.3700008392334,314.062,23478.57,4.2,0.0,0.0,0
2024-08-12,AMZN,168.13999938964844,168.5500030517578,166.11000061035156,166.8000030517578,166.8000030517578,30072800,164.8480010986328,177.45450134277343,20.709999084472656,314.062,23478.57,4.2,0.0,0.0,0
2024-08-13,AMZN,167.80999755859375,171.0399932861328,167.10000610351562,170.22999572753906,170.22999572753906,39237900,166.50800170898438,176.31500091552735,18.1200008392334,314.062,23478.57,4.2,0.0,0.0,0
2024-08-14,AMZN,172.11000061035156,172.27999877929688,168.86000061035156,170.10000610351562,170.10000610351562,28843800,167.9740020751953,175.42350158691406,16.190000534057617,314.062,23478.57,4.2,0.0,0.0,0
2024-08-15,AMZN,174.86000061035156,177.91000366210938,173.99000549316406,177.58999633789062,177.58999633789062,51698500,170.33200073242188,175.1155014038086,15.229999542236328,314.062,23478.57,4.2,0.0,0.0,0
2024-08-16,AMZN,177.0399932861328,178.33999633789062,176.25999450683594,177.05999755859375,177.05999755859375,31489200,172.3559997558594,174.81200103759767,14.800000190734863,314.062,23478.57,4.2,0.0,0.0,0
2024-08-19,AMZN,177.63999938964844,178.3000030517578,176.16000366210938,178.22000122070312,178.22000122070312,31129800,174.63999938964844,174.59550094604492,14.649999618530272,314.062,23478.57,4.2,0.0,0.0,0
2024-08-20,AMZN,177.9199981689453,179.00999450683594,177.42999267578125,178.8800048828125,178.8800048828125,26255200,176.37000122070313,174.21900100708007,15.880000114440918,314.062,23478.57,4.2,0.0,0.0,0
2024-08-21,AMZN,179.9199981689453,182.38999938964844,178.88999938964844,180.11000061035156,180.11000061035156,35599100,178.37200012207032,174.18300094604493,16.270000457763672,314.062,23478.57,4.2,0.0,0.0,0
2024-08-22,AMZN,181.3800048828125,181.47000122070312,175.67999267578125,176.1300048828125,176.1300048828125,32047500,178.0800018310547,173.99700088500975,17.549999237060547,314.062,23478.57,4.2,0.0,0.0,0
2024-08-23,AMZN,177.33999633789062,178.97000122070312,175.24000549316406,177.0399932861328,177.0399932861328,29150100,178.0760009765625,173.7240005493164,15.859999656677246,314.062,23478.57,4.2,0.0,0.0,0
2024-08-26,AMZN,176.6999969482422,177.47000122070312,174.3000030517578,175.5,175.5,22366200,177.53200073242186,173.3390007019043,16.149999618530273,314.062,23478.57,4.2,0.0,0.0,0
2024-08-27,AMZN,174.14999389648438,174.88999938964844,172.25,173.1199951171875,173.1199951171875,29842000,176.37999877929687,172.9095001220703,15.43000030517578,314.062,23478.57,4.2,0.0,0.0,0
2024-08-28,AMZN,173.69000244140625,173.69000244140625,168.9199981689453,170.8000030517578,170.8000030517578,29045000,174.51799926757812,172.10050048828126,17.110000610351562,314.062,23478.57,4.2,0.0,0.0,0
2024-08-29,AMZN,173.22000122070312,174.2899932861328,170.80999755859375,172.1199951171875,172.1199951171875,26407800,173.71599731445312,171.50299987792968,15.649999618530272,314.062,23478.57,4.2,0.0,0.0,0
2024-08-30,AMZN,172.77999877929688,178.89999389648438,172.60000610351562,178.5,178.5,43429400,174.00799865722655,172.03300018310546,15.0,314.062,23478.57,4.2,0.0,0.0,0
2024-09-03,AMZN,177.5500030517578,178.25999450683594,175.25999450683594,176.25,176.25,37817500,174.15799865722656,172.79449996948242,20.71999931335449,314.732,23478.57,4.1,0.0,0.0,0
2024-09-04,AMZN,174.47999572753906,175.97999572753906,172.5399932861328,173.3300018310547,173.3300018310547,30309200,174.2,173.3645004272461,21.31999969482422,314.732,23478.57,4.1,0.0,0.0,0
2024-09-05,AMZN,175.0,179.8800048828125,175.0,177.88999938964844,177.88999938964844,40170500,175.6179992675781,174.12050018310546,19.89999961853028,314.732,23478.57,4.1,0.0,0.0,0
2024-09-06,AMZN,177.24000549316406,178.3800048828125,171.16000366210938,171.38999938964844,171.38999938964844,41466500,175.4720001220703,174.4,22.3799991607666,314.732,23478.57,4.1,0.0,0.0,0
2024-09-09,AMZN,174.52999877929688,175.85000610351562,173.50999450683594,175.39999389648438,175.39999389648438,29037400,174.85199890136718,174.8229995727539,19.450000762939453,314.732,23478.57,4.1,0.0,0.0,0
2024-09-10,AMZN,177.49000549316406,180.5,176.7899932861328,179.5500030517578,179.5500030517578,36233800,175.51199951171876,175.46049957275392,19.07999992370605,314.732,23478.57,4.1,0.0,0.0,0
2024-09-11,AMZN,180.10000610351562,184.9900054931641,175.72999572753906,184.5200042724609,184.5200042724609,42564700,177.75,176.175,17.690000534057617,314.732,23478.57,4.1,0.0,0.0,0
2024-09-12,AMZN,184.8000030517578,187.41000366210932,183.5399932861328,187.0,187.0,33544200,179.5720001220703,177.0199996948242,17.06999969482422,314.732,23478.57,4.1,0.0,0.0,0
2024-09-13,AMZN,187.0,188.5,185.91000366210932,186.4900054931641,186.4900054931641,26495400,182.59200134277344,177.4650001525879,16.559999465942383,314.732,23478.57,4.1,0.0,0.0,0
2024-09-16,AMZN,185.2899932861328,185.8099975585937,183.3600006103516,184.88999938964844,184.88999938964844,26065500,184.49000244140623,177.85650024414062,17.139999389648438,314.732,23478.57,4.1,0.0,0.0,0
2024-09-17,AMZN,186.8500061035156,189.4499969482422,186.13999938964844,186.8800048828125,186.8800048828125,26091700,185.9560028076172,178.28950042724608,17.610000610351562,314.732,23478.57,4.1,0.0,0.0,0
2024-09-18,AMZN,186.4499969482422,188.8000030517578,185.0599975585937,186.42999267578125,186.42999267578125,34448100,186.33800048828124,178.66699981689453,18.229999542236328,314.732,23478.57,4.1,0.0,0.0,0
2024-09-19,AMZN,190.0399932861328,190.9900054931641,188.47000122070312,189.8699951171875,189.8699951171875,39543200,186.9119995117188,179.15499954223634,16.329999923706055,314.732,23478.57,4.1,0.0,0.0,0
2024-09-20,AMZN,190.22999572753903,191.83999633789065,187.41000366210932,191.6000061035156,191.6000061035156,100378600,187.93399963378903,179.9284996032715,16.149999618530273,314.732,23478.57,4.1,0.0,0.0,0
2024-09-23,AMZN,191.63999938964844,194.4499969482422,190.57000732421875,193.8800048828125,193.8800048828125,36993100,189.73200073242188,180.77050018310547,15.890000343322754,314.732,23478.57,4.1,0.0,0.0,0
2024-09-24,AMZN,194.2700042724609,195.3699951171875,190.1300048828125,193.9600067138672,193.9600067138672,43478900,191.1480010986328,181.69350051879883,15.390000343322754,314.732,23478.57,4.1,0.0,0.0,0
2024-09-25,AMZN,193.75,193.9499969482422,192.16000366210932,192.52999877929688,192.52999877929688,26391100,192.368002319336,182.66400070190429,15.40999984741211,314.732,23478.57,4.1,0.0,0.0,0
2024-09-26,AMZN,194.3099975585937,194.52999877929688,189.5399932861328,191.16000366210932,191.16000366210932,36334900,192.62600402832032,183.68200073242187,15.369999885559082,314.732,23478.57,4.1,0.0,0.0,0
2024-09-27,AMZN,190.67999267578125,190.8999938964844,187.33999633789065,187.97000122070312,187.97000122070312,36002300,191.9000030517578,184.4745010375977,16.959999084472656,314.732,23478.57,4.1,0.0,0.0,0
2024-09-30,AMZN,187.13999938964844,188.4900054931641,184.6499938964844,186.3300018310547,186.3300018310547,41583900,190.39000244140624,184.8660011291504,16.729999542236328,314.732,23478.57,4.1,0.0,0.0,0
2024-10-01,AMZN,184.8999938964844,186.19000244140625,183.4499969482422,185.1300048828125,185.1300048828125,36044900,188.6240020751953,185.31000137329104,19.26000022888184,315.631,23586.542,4.1,0.0,0.0,0
2024-10-02,AMZN,184.44000244140625,186.6000061035156,184.0399932861328,184.759994506836,184.759994506836,23704100,187.07000122070312,185.8815010070801,18.89999961853028,315.631,23586.542,4.1,0.0,0.0,0
2024-10-03,AMZN,183.0500030517578,183.44000244140625,180.8800048828125,181.9600067138672,181.9600067138672,30204300,185.2300018310547,186.08500137329105,20.489999771118164,315.631,23586.542,4.1,0.0,0.0,0
2024-10-04,AMZN,185.75,187.6000061035156,183.6000061035156,186.509994506836,186.509994506836,40890300,184.9380004882813,186.8410011291504,19.209999084472656,315.631,23586.542,4.1,0.0,0.0,0
2024-10-07,AMZN,182.9499969482422,183.6000061035156,180.25,180.8000030517578,180.8000030517578,42364200,183.83200073242188,187.11100158691409,22.63999938964844,315.631,23586.542,4.1,0.0,0.0,0
2024-10-08,AMZN,181.9199981689453,183.08999633789065,180.9199981689453,182.72000122070312,182.72000122070312,26372100,183.35,187.2695014953613,21.420000076293945,315.631,23586.542,4.1,0.0,0.0,0
2024-10-09,AMZN,182.82000732421875,185.8500061035156,182.0500030517578,185.1699981689453,185.1699981689453,26343100,183.43200073242187,187.3020011901856,20.86000061035156,315.631,23586.542,4.1,0.0,0.0,0
2024-10-10,AMZN,187.1300048828125,188.1300048828125,185.8300018310547,186.6499938964844,186.6499938964844,27785000,184.3699981689453,187.28450088500972,20.93000030517578,315.631,23586.542,4.1,0.0,0.0,0
2024-10-11,AMZN,186.6300048828125,189.92999267578125,186.3000030517578,188.82000732421875,188.82000732421875,25751600,184.83200073242188,187.4010009765625,20.459999084472656,315.631,23586.542,4.1,0.0,0.0,0
2024-10-14,AMZN,189.77999877929688,189.8300018310547,187.3600006103516,187.5399932861328,187.5399932861328,22614400,186.17999877929688,187.53350067138672,19.700000762939453,315.631,23586.542,4.1,0.0,0.0,0
2024-10-15,AMZN,187.6300048828125,188.41000366210932,184.5800018310547,187.69000244140625,187.69000244140625,32178900,187.1739990234375,187.5740005493164,20.63999938964844,315.631,23586.542,4.1,0.0,0.0,0
2024-10-16,AMZN,187.0500030517578,187.77999877929688,185.6100006103516,186.88999938964844,186.88999938964844,23456800,187.5179992675781,187.59700088500972,19.57999992370605,315.631,23586.542,4.1,0.0,0.0,0
2024-10-17,AMZN,188.22000122070312,188.94000244140625,186.0,187.52999877929688,187.52999877929688,25039400,187.69400024414065,187.48000106811523,19.11000061035156,315.631,23586.542,4.1,0.0,0.0,0
2024-10-18,AMZN,187.1499938964844,190.7400054931641,186.27999877929688,188.9900054931641,188.9900054931641,37417700,187.72799987792968,187.3495010375977,18.030000686645508,315.631,23586.542,4.1,0.0,0.0,0
2024-10-21,AMZN,188.0500030517578,189.4600067138672,186.3999938964844,189.07000732421875,189.07000732421875,24639400,188.03400268554688,187.109001159668,18.3700008392334,315.631,23586.542,4.1,0.0,0.0,0
2024-10-22,AMZN,188.3500061035156,191.5200042724609,186.97999572753903,189.6999969482422,189.6999969482422,29650600,188.43600158691407,186.8960006713868,18.200000762939453,315.631,23586.542,4.1,0.0,0.0,0
2024-10-23,AMZN,188.8500061035156,189.16000366210932,183.69000244140625,184.7100067138672,184.7100067138672,31937100,188.0000030517578,186.50500106811523,19.239999771118164,315.631,23586.542,4.1,0.0,0.0,0
2024-10-24,AMZN,185.25,187.1100006103516,183.8600006103516,186.3800048828125,186.3800048828125,21647400,187.7700042724609,186.2660011291504,19.07999992370605,315.631,23586.542,4.1,0.0,0.0,0
2024-10-25,AMZN,187.8500061035156,190.4499969482422,187.52999877929688,187.8300018310547,187.8300018310547,29362100,187.53800354003903,186.259001159668,20.32999992370605,315.631,23586.542,4.1,0.0,0.0,0
2024-10-28,AMZN,189.57000732421875,190.2100067138672,188.2100067138672,188.38999938964844,188.38999938964844,27930800,187.402001953125,186.36200103759765,19.799999237060547,315.631,23586.542,4.1,0.0,0.0,0
2024-10-29,AMZN,188.5800018310547,191.4600067138672,187.82000732421875,190.8300018310547,190.8300018310547,35690200,187.6280029296875,186.64700088500976,19.34000015258789,315.631,23586.542,4.1,0.0,0.0,0
2024-10-30,AMZN,194.6999969482422,195.6100006103516,192.4199981689453,192.72999572753903,192.72999572753903,37707600,189.23200073242188,187.0455009460449,20.350000381469727,315.631,23586.542,4.1,0.0,0.0,0
2024-10-31,AMZN,190.509994506836,190.6000061035156,185.22999572753903,186.3999938964844,186.3999938964844,75146800,189.23599853515623,187.2675003051758,23.15999984741211,315.631,23586.542,4.1,0.0,0.0,0
2024-11-01,AMZN,199.0,200.5,197.0200042724609,197.92999267578125,197.92999267578125,99687800,191.2559967041016,187.83850021362304,21.8799991607666,316.528,23586.542,4.2,0.0,0.0,0
2024-11-04,AMZN,196.4499969482422,197.3300018310547,194.3099975585937,195.77999877929688,195.77999877929688,38492100,192.73399658203124,188.5875,21.979999542236328,316.528,23586.542,4.2,0.0,0.0,0
2024-11-05,AMZN,196.0399932861328,199.82000732421875,195.9900054931641,199.5,199.5,30564800,194.4679962158203,189.42649993896484,20.489999771118164,316.528,23586.542,4.2,0.0,0.0,0
2024-11-06,AMZN,200.009994506836,207.5500030517578,199.13999938964844,207.08999633789065,207.08999633789065,72292200,197.33999633789065,190.5224998474121,16.270000457763672,316.528,23586.542,4.2,0.0,0.0,0
2024-11-07,AMZN,207.44000244140625,212.25,207.19000244140625,210.0500030517578,210.0500030517578,52878400,202.0699981689453,191.69250030517577,15.199999809265137,316.528,23586.542,4.2,0.0,0.0,0
2024-11-08,AMZN,209.72000122070312,209.9600067138672,207.44000244140625,208.17999267578125,208.17999267578125,36075800,204.1199981689453,192.6604995727539,14.9399995803833,316.528,23586.542,4.2,0.0,0.0,0
2024-11-11,AMZN,208.5,209.6499938964844,205.58999633789065,206.83999633789065,206.83999633789065,35456000,206.33199768066407,193.6254997253418,14.970000267028809,316.528,23586.542,4.2,0.0,0.0,0
2024-11-12,AMZN,208.3699951171875,209.5399932861328,206.009994506836,208.91000366210932,208.91000366210932,38942900,208.213998413086,194.6864997863769,14.710000038146973,316.528,23586.542,4.2,0.0,0.0,0
2024-11-13,AMZN,209.3999938964844,215.08999633789065,209.13999938964844,214.1000061035156,214.1000061035156,46212900,209.61600036621093,196.0470001220703,14.020000457763672,316.528,23586.542,4.2,0.0,0.0,0
2024-11-14,AMZN,214.16000366210932,215.8999938964844,210.8800048828125,211.47999572753903,211.47999572753903,42620300,209.9019989013672,197.24449996948243,14.3100004196167,316.528,23586.542,4.2,0.0,0.0,0
2024-11-15,AMZN,206.759994506836,207.33999633789065,199.6100006103516,202.6100006103516,202.6100006103516,86591100,208.78800048828128,197.9254997253418,16.139999389648438,316.528,23586.542,4.2,0.0,0.0,0
2024-11-18,AMZN,204.1499938964844,204.6699981689453,200.9499969482422,201.6999969482422,201.6999969482422,36409900,207.7600006103516,198.55699920654297,15.579999923706056,316.528,23586.542,4.2,0.0,0.0,0
2024-11-19,AMZN,199.3300018310547,205.3000030517578,198.77999877929688,204.6100006103516,204.6100006103516,31197900,206.9,199.30249938964843,16.350000381469727,316.528,23586.542,4.2,0.0,0.0,0
2024-11-20,AMZN,202.97999572753903,203.1300048828125,199.4499969482422,202.8800048828125,202.8800048828125,32769000,204.65599975585937,200.2109992980957,17.15999984741211,316.528,23586.542,4.2,0.0,0.0,0
2024-11-21,AMZN,203.4900054931641,203.4900054931641,195.75,198.3800048828125,198.3800048828125,58800000,202.03600158691407,200.8109992980957,16.8700008392334,316.528,23586.542,4.2,0.0,0.0,0
2024-11-22,AMZN,198.25,199.259994506836,196.75,197.1199951171875,197.1199951171875,31530800,200.9380004882813,201.2754989624024,15.239999771118164,316.528,23586.542,4.2,0.0,0.0,0
2024-11-25,AMZN,199.27999877929688,201.9499969482422,199.0,201.4499969482422,201.4499969482422,40685700,200.88800048828125,201.92849884033205,14.600000381469728,316.528,23586.542,4.2,0.0,0.0,0
2024-11-26,AMZN,201.8999938964844,208.0,201.7899932861328,207.8600006103516,207.8600006103516,41673700,201.53800048828128,202.77999877929688,14.100000381469728,316.528,23586.542,4.2,0.0,0.0,0
2024-11-27,AMZN,206.97999572753903,207.63999938964844,205.0500030517578,205.7400054931641,205.7400054931641,28061600,202.1100006103516,203.4304992675781,14.100000381469728,316.528,23586.542,4.2,0.0,0.0,0
2024-11-29,AMZN,205.8300018310547,208.1999969482422,204.58999633789065,207.88999938964844,207.88999938964844,24892400,204.0119995117188,204.5049995422364,13.510000228881836,316.528,23586.542,4.2,0.0,0.0,0
2024-12-02,AMZN,209.9600067138672,212.9900054931641,209.509994506836,210.7100067138672,210.7100067138672,39523200,206.7300018310547,205.1440002441406,13.34000015258789,317.604,23586.542,4.1,0.0,0.0,0
2024-12-03,AMZN,210.3099975585937,214.0200042724609,209.6499938964844,213.44000244140625,213.44000244140625,32214800,209.1280029296875,206.0270004272461,13.300000190734863,317.604,23586.542,4.1,0.0,0.0,0
2024-12-04,AMZN,215.9600067138672,220.0,215.75,218.16000366210932,218.16000366210932,48745700,211.18800354003903,206.9600006103516,13.449999809265137,317.604,23586.542,4.1,0.0,0.0,0
2024-12-05,AMZN,218.02999877929688,222.1499938964844,217.3000030517578,220.5500030517578,220.5500030517578,41140200,214.1500030517578,207.6330009460449,13.539999961853027,317.604,23586.542,4.1,0.0,0.0,0
2024-12-06,AMZN,220.75,227.1499938964844,220.6000061035156,227.02999877929688,227.02999877929688,44178100,217.9780029296875,208.48200073242188,12.770000457763672,317.604,23586.542,4.1,0.0,0.0,0
2024-12-09,AMZN,227.2100067138672,230.0800018310547,225.6699981689453,226.08999633789065,226.08999633789065,46819400,221.0540008544922,209.3775009155273,14.1899995803833,317.604,23586.542,4.1,0.0,0.0,0
2024-12-10,AMZN,226.08999633789065,229.0599975585937,224.1999969482422,225.0399932861328,225.0399932861328,31199900,223.3739990234375,210.28750076293943,14.18000030517578,317.604,23586.542,4.1,0.0,0.0,0
2024-12-11,AMZN,226.41000366210932,231.1999969482422,226.259994506836,230.259994506836,230.259994506836,35385800,225.7939971923828,211.3550003051758,13.579999923706056,317.604,23586.542,4.1,0.0,0.0,0
2024-12-12,AMZN,229.8300018310547,231.08999633789065,227.6300048828125,228.97000122070312,228.97000122070312,28204100,227.47799682617188,212.0985000610352,13.920000076293944,317.604,23586.542,4.1,0.0,0.0,0
2024-12-13,AMZN,228.3999938964844,230.1999969482422,225.8600006103516,227.4600067138672,227.4600067138672,28768100,227.56399841308595,212.8975006103516,13.8100004196167,317.604,23586.542,4.1,0.0,0.0,0
2024-12-16,AMZN,230.22999572753903,233.0,228.009994506836,232.92999267578125,232.92999267578125,37552100,228.93199768066407,214.41350021362305,14.6899995803833,317.604,23586.542,4.1,0.0,0.0,0
2024-12-17,AMZN,232.38999938964844,232.72999572753903,227.8500061035156,231.1499938964844,231.1499938964844,35948100,230.1539978027344,215.8860000610352,15.869999885559082,317.604,23586.542,4.1,0.0,0.0,0
2024-12-18,AMZN,230.7700042724609,231.3999938964844,220.1100006103516,220.5200042724609,220.5200042724609,43281400,228.20599975585932,216.68150024414064,27.6200008392334,317.604,23586.542,4.1,0.0,0.0,0
2024-12-19,AMZN,224.91000366210932,226.08999633789065,222.9199981689453,223.2899932861328,223.2899932861328,39918700,227.0699981689453,217.70199966430664,24.09000015258789,317.604,23586.542,4.1,0.0,0.0,0
2024-12-20,AMZN,219.83999633789065,226.2100067138672,218.72999572753903,224.9199981689453,224.9199981689453,88279200,226.5619964599609,219.02899932861328,18.36000061035156,317.604,23586.542,4.1,0.0,0.0,0
2024-12-23,AMZN,225.009994506836,226.8800048828125,223.8999938964844,225.0599975585937,225.0599975585937,28070000,224.98799743652344,220.4259994506836,16.780000686645508,317.604,23586.542,4.1,0.0,0.0,0
2024-12-24,AMZN,226.94000244140625,229.13999938964844,226.1300048828125,229.0500030517578,229.0500030517578,15007500,224.56799926757813,221.80599975585932,14.270000457763672,317.604,23586.542,4.1,0.0,0.0,0
2024-12-26,AMZN,228.5,228.5,226.6699981689453,227.0500030517578,227.0500030517578,16146700,225.8739990234375,222.7654998779297,14.729999542236328,317.604,23586.542,4.1,0.0,0.0,0
2024-12-27,AMZN,225.6000061035156,226.02999877929688,220.8999938964844,223.75,223.75,27367100,225.9660003662109,223.66599960327147,15.949999809265137,317.604,23586.542,4.1,0.0,0.0,0
2024-12-30,AMZN,220.0599975585937,223.0,218.42999267578125,221.3000030517578,221.3000030517578,28321200,225.24200134277345,224.3364997863769,17.399999618530273,317.604,23586.542,4.1,0.0,0.0,0
2024-12-31,AMZN,222.97000122070312,223.22999572753903,218.94000244140625,219.38999938964844,219.38999938964844,24819700,224.1080017089844,224.770499420166,17.350000381469727,317.604,23586.542,4.1,0.0,0.0,0
2025-01-02,AMZN,222.02999877929688,225.1499938964844,218.19000244140625,220.22000122070312,220.22000122070312,33956600,222.34200134277344,225.1094993591309,17.93000030517578,318.961,23548.21,4.0,0.0,0.0,0
2025-01-03,AMZN,222.509994506836,225.3600006103516,221.6199951171875,224.19000244140625,224.19000244140625,27515600,221.7700012207032,225.4109992980957,16.1299991607666,318.961,23548.21,4.0,0.0,0.0,0
2025-01-06,AMZN,226.77999877929688,228.83999633789065,224.83999633789065,227.6100006103516,227.6100006103516,31849800,222.54200134277343,225.76399917602532,16.040000915527344,318.961,23548.21,4.0,0.0,0.0,0
2025-01-07,AMZN,227.8999938964844,228.3800048828125,221.4600067138672,222.1100006103516,222.1100006103516,28084200,222.7040008544922,225.5179992675781,17.81999969482422,318.961,23548.21,4.0,0.0,0.0,0
2025-01-08,AMZN,223.19000244140625,223.5200042724609,220.1999969482422,222.1300048828125,222.1300048828125,25033300,223.252001953125,225.31999969482425,17.700000762939453,318.961,23548.21,4.0,0.0,0.0,0
2025-01-10,AMZN,221.4600067138672,221.7100067138672,216.5,218.94000244140625,218.94000244140625,36811500,222.9960021972656,225.0150001525879,19.540000915527344,318.961,23548.21,4.0,0.0,0.0,0
2025-01-13,AMZN,218.0599975585937,219.3999938964844,216.47000122070312,218.4600067138672,218.4600067138672,27262700,221.85000305175785,224.42500076293945,19.190000534057617,318.961,23548.21,4.0,0.0,0.0,0
2025-01-14,AMZN,220.44000244140625,221.82000732421875,216.1999969482422,217.759994506836,217.759994506836,24711700,219.8800018310547,223.8645004272461,18.709999084472656,318.961,23548.21,4.0,0.0,0.0,0
2025-01-15,AMZN,222.8300018310547,223.57000732421875,220.75,223.3500061035156,223.3500061035156,31291300,220.1280029296875,223.6590003967285,16.1200008392334,318.961,23548.21,4.0,0.0,0.0,0
2025-01-16,AMZN,224.4199981689453,224.6499938964844,220.3099975585937,220.66000366210932,220.66000366210932,24757300,219.8340026855469,223.0455009460449,16.600000381469727,318.961,23548.21,4.0,0.0,0.0,0
2025-01-17,AMZN,225.83999633789065,226.509994506836,223.0800018310547,225.94000244140625,225.94000244140625,42370100,221.23400268554687,222.785001373291,15.970000267028809,318.961,23548.21,4.0,0.0,0.0,0
2025-01-21,AMZN,228.8999938964844,231.77999877929688,226.94000244140625,230.7100067138672,230.7100067138672,39951500,223.6840026855469,223.2945014953613,15.0600004196167,318.961,23548.21,4.0,0.0,0.0,0
2025-01-22,AMZN,232.0200042724609,235.44000244140625,231.19000244140625,235.009994506836,235.009994506836,41448200,227.13400268554688,223.8805015563965,15.100000381469728,318.961,23548.21,4.0,0.0,0.0,0
2025-01-23,AMZN,234.1000061035156,235.5200042724609,231.509994506836,235.4199981689453,235.4199981689453,26404400,229.5480010986328,224.40550155639647,15.020000457763672,318.961,23548.21,4.0,0.0,0.0,0
2025-01-24,AMZN,234.5,236.3999938964844,232.92999267578125,234.8500061035156,234.8500061035156,25890700,232.3860015869141,224.89500198364257,14.850000381469728,318.961,23548.21,4.0,0.0,0.0,0
2025-01-27,AMZN,226.2100067138672,235.6100006103516,225.8600006103516,235.4199981689453,235.4199981689453,49428300,234.28200073242184,225.213501739502,17.899999618530273,318.961,23548.21,4.0,0.0,0.0,0
2025-01-28,AMZN,234.2899932861328,241.7700042724609,233.97999572753903,238.1499938964844,238.1499938964844,41587200,235.7699981689453,225.76850128173828,16.40999984741211,318.961,23548.21,4.0,0.0,0.0,0
2025-01-29,AMZN,239.0200042724609,240.38999938964844,236.1499938964844,237.07000732421875,237.07000732421875,26091700,236.18200073242187,226.4345016479492,16.559999465942383,318.961,23548.21,4.0,0.0,0.0,0
2025-01-30,AMZN,237.13999938964844,237.9499969482422,232.22000122070312,234.63999938964844,234.63999938964844,32020700,236.0260009765625,227.1015014648437,15.84000015258789,318.961,23548.21,4.0,0.0,0.0,0
2025-01-31,AMZN,236.5,240.2899932861328,236.41000366210932,237.67999267578125,237.67999267578125,36110200,236.5919982910156,228.0160011291504,16.43000030517578,318.961,23548.21,4.0,0.0,0.0,0
2025-02-03,AMZN,234.0599975585937,239.25,232.8999938964844,237.4199981689453,237.4199981689453,37285900,236.9919982910156,228.8760009765625,18.6200008392334,319.679,23548.21,4.2,0.0,0.0,0
2025-02-04,AMZN,239.009994506836,242.5200042724609,238.02999877929688,242.0599975585937,242.0599975585937,29713800,237.7739990234375,229.76950073242188,17.209999084472656,319.679,23548.21,4.2,0.0,0.0,0
2025-02-05,AMZN,237.0200042724609,238.32000732421875,235.1999969482422,236.1699981689453,236.1699981689453,38727300,237.5939971923828,230.1975006103516,15.770000457763672,319.679,23548.21,4.2,0.0,0.0,0
2025-02-06,AMZN,238.009994506836,239.66000366210932,236.009994506836,238.8300018310547,238.8300018310547,60897100,238.43199768066407,231.03350067138672,15.5,319.679,23548.21,4.2,0.0,0.0,0
2025-02-07,AMZN,232.5,234.8099975585937,228.0599975585937,229.1499938964844,229.1499938964844,77539300,236.7259979248047,231.3845001220703,16.540000915527344,319.679,23548.21,4.2,0.0,0.0,0
2025-02-10,AMZN,230.5500030517578,233.9199981689453,229.1999969482422,233.13999938964844,233.13999938964844,35419900,235.8699981689453,232.09449996948243,15.8100004196167,319.679,23548.21,4.2,0.0,0.0,0
2025-02-11,AMZN,231.9199981689453,233.44000244140625,230.1300048828125,232.759994506836,232.759994506836,23713700,234.0099975585937,232.80949935913085,16.020000457763672,319.679,23548.21,4.2,0.0,0.0,0
2025-02-12,AMZN,230.4600067138672,231.17999267578125,228.16000366210932,228.92999267578125,228.92999267578125,32285200,232.5619964599609,233.3679992675781,15.890000343322754,319.679,23548.21,4.2,0.0,0.0,0
2025-02-13,AMZN,228.8500061035156,230.4199981689453,227.5200042724609,230.3699951171875,230.3699951171875,31346500,230.8699951171875,233.71899871826173,15.100000381469728,319.679,23548.21,4.2,0.0,0.0,0
2025-02-14,AMZN,229.1999969482422,229.88999938964844,227.22999572753903,228.67999267578125,228.67999267578125,27031100,230.77599487304687,234.1199981689453,14.770000457763672,319.679,23548.21,4.2,0.0,0.0,0
2025-02-18,AMZN,228.82000732421875,229.3000030517578,223.72000122070312,226.6499938964844,226.6499938964844,42975100,229.47799377441407,234.1554977416992,15.350000381469728,319.679,23548.21,4.2,0.0,0.0,0
2025-02-19,AMZN,225.5200042724609,226.8300018310547,223.7100067138672,226.6300048828125,226.6300048828125,28566700,228.2519958496094,233.95149765014648,15.270000457763672,319.679,23548.21,4.2,0.0,0.0,0
2025-02-20,AMZN,224.77999877929688,225.1300048828125,221.8099975585937,222.8800048828125,222.8800048828125,30001700,227.04199829101563,233.34499816894527,15.65999984741211,319.679,23548.21,4.2,0.0,0.0,0
2025-02-21,AMZN,223.27999877929688,223.3099975585937,214.7400054931641,216.5800018310547,216.5800018310547,55323900,224.28399963378905,232.4029983520508,18.209999084472656,319.679,23548.21,4.2,0.0,0.0,0
2025-02-24,AMZN,217.4499969482422,217.72000122070312,212.4199981689453,212.7100067138672,212.7100067138672,42387600,221.09000244140623,231.2959983825684,18.979999542236328,319.679,23548.21,4.2,0.0,0.0,0
2025-02-25,AMZN,211.6300048828125,213.33999633789065,204.16000366210932,212.8000030517578,212.8000030517578,58958000,218.3200042724609,230.16499862670892,19.43000030517578,319.679,23548.21,4.2,0.0,0.0,0
2025-02-26,AMZN,214.94000244140625,218.16000366210932,213.08999633789065,214.3500061035156,214.3500061035156,39120600,215.8640045166016,228.97499923706056,19.100000381469727,319.679,23548.21,4.2,0.0,0.0,0
2025-02-27,AMZN,218.3500061035156,219.97000122070312,208.3699951171875,208.7400054931641,208.7400054931641,40548600,213.03600463867187,227.55849914550785,21.1299991607666,319.679,23548.21,4.2,0.0,0.0,0
2025-02-28,AMZN,208.6499938964844,212.6199951171875,206.9900054931641,212.27999877929688,212.27999877929688,51771700,212.1760040283203,226.44049911499025,19.6299991607666,319.679,23548.21,4.2,0.0,0.0,0
2025-03-03,AMZN,213.3500061035156,214.009994506836,202.5500030517578,205.0200042724609,205.0200042724609,42948400,210.63800354003905,224.80749969482423,22.780000686645508,319.785,23548.21,4.2,0.0,0.0,0
2025-03-04,AMZN,200.1100006103516,206.8000030517578,197.42999267578125,203.8000030517578,203.8000030517578,60853100,208.83800354003907,223.12649993896488,23.51000022888184,319.785,23548.21,4.2,0.0,0.0,0
2025-03-05,AMZN,204.8000030517578,209.97999572753903,203.259994506836,208.3600006103516,208.3600006103516,38610100,207.64000244140624,221.4415000915528,21.93000030517578,319.785,23548.21,4.2,0.0,0.0,0
2025-03-06,AMZN,204.3999938964844,205.7700042724609,198.3000030517578,200.6999969482422,200.6999969482422,49863800,206.03200073242184,219.6680000305176,24.8700008392334,319.785,23548.21,4.2,0.0,0.0,0
2025-03-07,AMZN,199.4900054931641,202.2700042724609,192.52999877929688,199.25,199.25,59802800,203.4260009765625,217.68899993896488,23.3700008392334,319.785,23548.21,4.2,0.0,0.0,0
2025-03-10,AMZN,195.6000061035156,196.72999572753903,190.8500061035156,194.5399932861328,194.5399932861328,62350900,201.3299987792969,215.9584999084473,27.86000061035156,319.785,23548.21,4.2,0.0,0.0,0
2025-03-11,AMZN,193.8999938964844,200.17999267578125,193.3999938964844,196.58999633789065,196.58999633789065,54002900,199.88799743652345,214.13099975585936,26.920000076293945,319.785,23548.21,4.2,0.0,0.0,0
2025-03-12,AMZN,200.72000122070312,201.5200042724609,195.2899932861328,198.88999938964844,198.88999938964844,43679300,197.9939971923828,212.4375,24.229999542236328,319.785,23548.21,4.2,0.0,0.0,0
2025-03-13,AMZN,198.1699981689453,198.8800048828125,191.82000732421875,193.88999938964844,193.88999938964844,41270800,196.63199768066409,210.6855003356933,24.65999984741211,319.785,23548.21,4.2,0.0,0.0,0
2025-03-14,AMZN,197.41000366210932,198.6499938964844,195.32000732421875,197.9499969482422,197.9499969482422,38096700,196.3719970703125,209.0645004272461,21.770000457763672,319.785,23548.21,4.2,0.0,0.0,0
2025-03-17,AMZN,198.7700042724609,199.0,194.32000732421875,195.7400054931641,195.7400054931641,47341800,196.61199951171875,207.41750106811523,20.51000022888184,319.785,23548.21,4.2,0.0,0.0,0
2025-03-18,AMZN,192.5200042724609,194.0,189.3800048828125,192.82000732421875,192.82000732421875,40414900,195.8580017089844,205.72600173950195,21.700000762939453,319.785,23548.21,4.2,0.0,0.0,0
2025-03-19,AMZN,193.3800048828125,195.97000122070312,191.9600067138672,195.5399932861328,195.5399932861328,39442900,195.1880004882813,204.171501159668,19.89999961853028,319.785,23548.21,4.2,0.0,0.0,0
2025-03-20,AMZN,193.07000732421875,199.32000732421875,192.3000030517578,194.9499969482422,194.9499969482422,38921100,195.4,202.77500076293944,19.799999237060547,319.785,23548.21,4.2,0.0,0.0,0
2025-03-21,AMZN,192.8999938964844,196.9900054931641,192.5200042724609,196.2100067138672,196.2100067138672,60056900,195.052001953125,201.7565010070801,19.280000686645508,319.785,23548.21,4.2,0.0,0.0,0
2025-03-24,AMZN,200.0,203.63999938964844,199.9499969482422,203.259994506836,203.259994506836,41625400,196.55599975585932,201.2840003967285,17.479999542236328,319.785,23548.21,4.2,0.0,0.0,0
2025-03-25,AMZN,203.6000061035156,206.2100067138672,203.22000122070312,205.7100067138672,205.7100067138672,31171200,199.13399963378907,200.929500579834,17.149999618530273,319.785,23548.21,4.2,0.0,0.0,0
2025-03-26,AMZN,205.83999633789065,206.009994506836,199.92999267578125,201.1300048828125,201.1300048828125,32855300,200.252001953125,200.2685005187988,18.32999992370605,319.785,23548.21,4.2,0.0,0.0,0
2025-03-27,AMZN,200.88999938964844,203.7899932861328,199.27999877929688,201.3600006103516,201.3600006103516,27317700,201.53400268554688,199.8995002746582,18.690000534057617,319.785,23548.21,4.2,0.0,0.0,0
2025-03-28,AMZN,198.4199981689453,199.259994506836,191.8800048828125,192.72000122070312,192.72000122070312,52548200,200.83600158691405,198.9215003967285,21.64999961853028,319.785,23548.21,4.2,0.0,0.0,0
2025-03-31,AMZN,188.19000244140625,191.3300018310547,184.3999938964844,190.259994506836,190.259994506836,63547600,198.23600158691409,198.1834999084473,22.280000686645508,319.785,23548.21,4.2,0.0,0.0,0
2025-04-01,AMZN,187.8600006103516,193.92999267578125,187.1999969482422,192.1699981689453,192.1699981689453,41267300,195.5279998779297,197.60199966430665,21.770000457763672,320.302,23770.976,4.2,0.0,0.0,0
2025-04-02,AMZN,187.66000366210932,198.33999633789065,187.66000366210932,196.009994506836,196.009994506836,53679200,194.5039978027344,196.9844993591309,21.51000022888184,320.302,23770.976,4.2,0.0,0.0,0
2025-04-03,AMZN,183.0,184.1300048828125,176.9199981689453,178.41000366210938,178.41000366210938,95553600,189.91399841308595,195.86999969482423,30.020000457763672,320.302,23770.976,4.2,0.0,0.0,0
2025-04-04,AMZN,167.14999389648438,178.13999938964844,166.0,171.0,171.0,123159400,185.5699981689453,194.4574996948242,45.310001373291016,320.302,23770.976,4.2,0.0,0.0,0
2025-04-07,AMZN,162.0,183.41000366210932,161.3800048828125,175.25999450683594,175.25999450683594,109327100,182.5699981689453,193.49349975585932,46.97999954223633,320.302,23770.976,4.2,0.0,0.0,0
2025-04-08,AMZN,185.22999572753903,185.8999938964844,168.57000732421875,170.66000366210938,170.66000366210938,87710400,178.26799926757812,192.1970001220703,52.33000183105469,320.302,23770.976,4.2,0.0,0.0,0
2025-04-09,AMZN,172.1199951171875,192.6499938964844,169.92999267578125,191.1000061035156,191.1000061035156,116804300,177.28600158691407,191.80750045776367,33.619998931884766,320.302,23770.976,4.2,0.0,0.0,0
2025-04-10,AMZN,185.44000244140625,186.8699951171875,175.85000610351562,181.22000122070312,181.22000122070312,68302000,177.8480010986328,191.1740005493164,40.720001220703125,320.302,23770.976,4.2,0.0,0.0,0
2025-04-11,AMZN,179.92999267578125,185.8600006103516,178.0,184.8699951171875,184.8699951171875,50594300,180.62200012207032,190.52000045776367,37.560001373291016,320.302,23770.976,4.2,0.0,0.0,0
2025-04-14,AMZN,186.83999633789065,187.44000244140625,179.22999572753906,182.1199951171875,182.1199951171875,48002500,181.99400024414064,189.83899993896483,30.88999938964844,320.302,23770.976,4.2,0.0,0.0,0
2025-04-15,AMZN,181.41000366210932,182.3500061035156,177.92999267578125,179.58999633789062,179.58999633789062,43642000,183.77999877929688,189.17749938964843,30.1200008392334,320.302,23770.976,4.2,0.0,0.0,0
2025-04-16,AMZN,176.2899932861328,179.10000610351562,171.41000366210938,174.3300018310547,174.3300018310547,51875300,180.42599792480468,188.1169998168945,32.63999938964844,320.302,23770.976,4.2,0.0,0.0,0
2025-04-17,AMZN,176.0,176.2100067138672,172.0,172.61000061035156,172.61000061035156,44726500,178.70399780273436,187.0,29.64999961853028,320.302,23770.976,4.2,0.0,0.0,0
2025-04-21,AMZN,169.60000610351562,169.60000610351562,165.2899932861328,167.32000732421875,167.32000732421875,48126100,175.19400024414062,185.5555000305176,33.81999969482422,320.302,23770.976,4.2,0.0,0.0,0
2025-04-22,AMZN,169.85000610351562,176.77999877929688,169.35000610351562,173.17999267578125,173.17999267578125,56607200,173.40599975585937,184.05149993896484,30.56999969482422,320.302,23770.976,4.2,0.0,0.0,0
2025-04-23,AMZN,183.4499969482422,187.3800048828125,180.19000244140625,180.6000061035156,180.6000061035156,63470100,173.60800170898438,182.79599990844727,28.450000762939453,320.302,23770.976,4.2,0.0,0.0,0
2025-04-24,AMZN,180.9199981689453,186.7400054931641,180.17999267578125,186.5399932861328,186.5399932861328,43763200,176.05,182.06649932861328,26.46999931335449,320.302,23770.976,4.2,0.0,0.0,0
2025-04-25,AMZN,187.6199951171875,189.94000244140625,185.4900054931641,188.9900054931641,188.9900054931641,36414300,179.3260009765625,181.4479995727539,24.84000015258789,320.302,23770.976,4.2,0.0,0.0,0
2025-04-28,AMZN,190.1100006103516,190.22000122070312,184.88999938964844,187.6999969482422,187.6999969482422,33224700,183.4019989013672,181.19699935913087,25.14999961853028,320.302,23770.976,4.2,0.0,0.0,0
2025-04-29,AMZN,183.9900054931641,188.0200042724609,183.67999267578125,187.38999938964844,187.38999938964844,41667300,186.24400024414064,181.0534996032715,24.170000076293945,320.302,23770.976,4.2,0.0,0.0,0
2025-04-30,AMZN,182.1699981689453,185.0500030517578,178.85000610351562,184.4199981689453,184.4199981689453,55176500,187.00799865722647,180.66599960327147,24.700000762939453,320.302,23770.976,4.2,0.0,0.0,0
2025-05-01,AMZN,190.6300048828125,191.8099975585937,187.5,190.1999969482422,190.1999969482422,74266000,187.73999938964843,180.3754997253418,24.600000381469727,320.62,23770.976,4.3,0.0,0.0,0
2025-05-02,AMZN,191.44000244140625,192.8800048828125,186.3999938964844,189.97999572753903,189.97999572753903,77903500,187.93799743652343,180.9539993286133,22.68000030517578,320.62,23770.976,4.3,0.0,0.0,0
2025-05-05,AMZN,186.509994506836,188.17999267578125,185.52999877929688,186.3500061035156,186.3500061035156,35217500,187.66799926757807,181.72149963378905,23.63999938964844,320.62,23770.976,4.3,0.0,0.0,0
2025-05-06,AMZN,184.57000732421875,187.92999267578125,183.8500061035156,185.009994506836,185.009994506836,29314100,187.19199829101564,182.20899963378903,24.76000022888184,320.62,23770.976,4.3,0.0,0.0,0
2025-05-07,AMZN,185.5599975585937,190.9900054931641,185.009994506836,188.7100067138672,188.7100067138672,43948600,188.05,183.11149978637687,23.549999237060547,320.62,23770.976,4.3,0.0,0.0,0
2025-05-08,AMZN,191.42999267578125,194.3300018310547,188.82000732421875,192.0800018310547,192.0800018310547,41043600,188.4260009765625,183.1604995727539,22.479999542236328,320.62,23770.976,4.3,0.0,0.0,0
2025-05-09,AMZN,193.3800048828125,194.69000244140625,191.16000366210932,193.0599975585937,193.0599975585937,29663100,189.04200134277343,183.75249938964845,21.89999961853028,320.62,23770.976,4.3,0.0,0.0,0
2025-05-12,AMZN,210.7100067138672,211.66000366210932,205.75,208.63999938964844,208.63999938964844,75205000,193.5,184.94099960327148,18.38999938964844,320.62,23770.976,4.3,0.0,0.0,0
2025-05-13,AMZN,211.0800018310547,214.83999633789065,210.1000061035156,211.3699951171875,211.3699951171875,56193700,198.77200012207032,186.40349960327148,18.21999931335449,320.62,23770.976,4.3,0.0,0.0,0
2025-05-14,AMZN,211.4499969482422,211.92999267578125,208.8500061035156,210.25,210.25,38492100,203.0799987792969,187.9364997863769,18.6200008392334,320.62,23770.976,4.3,0.0,0.0,0
2025-05-15,AMZN,206.4499969482422,206.8800048828125,202.6699981689453,205.1699981689453,205.1699981689453,64347300,205.697998046875,189.47849960327147,17.829999923706055,320.62,23770.976,4.3,0.0,0.0,0
2025-05-16,AMZN,206.8500061035156,206.8500061035156,204.3699951171875,205.58999633789065,205.58999633789065,43318500,208.2039978027344,191.12749938964845,17.239999771118164,320.62,23770.976,4.3,0.0,0.0,0
2025-05-19,AMZN,201.6499938964844,206.6199951171875,201.259994506836,206.16000366210932,206.16000366210932,34314800,207.70799865722657,193.06949920654296,18.13999938964844,320.62,23770.976,4.3,0.0,0.0,0
2025-05-20,AMZN,204.6300048828125,205.58999633789065,202.6499938964844,204.07000732421875,204.07000732421875,29470400,206.2480010986328,194.61399993896484,18.09000015258789,320.62,23770.976,4.3,0.0,0.0,0
2025-05-21,AMZN,201.6100006103516,203.4600067138672,200.0599975585937,201.1199951171875,201.1199951171875,42460900,204.4220001220703,195.63999938964844,20.8700008392334,320.62,23770.976,4.3,0.0,0.0,0
2025-05-22,AMZN,201.3800048828125,205.759994506836,200.16000366210932,203.1000061035156,203.1000061035156,38938900,204.0080017089844,196.4680000305176,20.280000686645508,320.62,23770.976,4.3,0.0,0.0,0
2025-05-23,AMZN,198.8999938964844,202.3699951171875,197.8500061035156,200.9900054931641,200.9900054931641,33393500,203.08800354003907,197.0680000305176,22.290000915527344,320.62,23770.976,4.3,0.0,0.0,0
2025-05-27,AMZN,203.08999633789065,206.69000244140625,202.19000244140625,206.0200042724609,206.0200042724609,34892000,203.06000366210932,197.9840003967285,18.959999084472656,320.62,23770.976,4.3,0.0,0.0,0
2025-05-28,AMZN,205.9199981689453,207.66000366210932,204.41000366210932,204.72000122070312,204.72000122070312,28549800,203.19000244140625,198.85050048828128,19.309999465942383,320.62,23770.976,4.3,0.0,0.0,0
2025-05-29,AMZN,208.02999877929688,208.8099975585937,204.22999572753903,205.6999969482422,205.6999969482422,34650000,204.1060028076172,199.91450042724608,19.18000030517578,320.62,23770.976,4.3,0.0,0.0,0
2025-05-30,AMZN,204.83999633789065,205.9900054931641,201.6999969482422,205.009994506836,205.009994506836,51679400,204.48800048828124,200.65500030517572,18.56999969482422,320.62,23770.976,4.3,0.0,0.0,0
2025-06-02,AMZN,204.97999572753903,207.0,202.67999267578125,206.6499938964844,206.6499938964844,29113300,205.6199981689453,201.48850021362304,18.36000061035156,321.435,23770.976,4.1,0.0,0.0,0
2025-06-03,AMZN,207.1100006103516,208.9499969482422,205.02999877929688,205.7100067138672,205.7100067138672,33139100,205.55799865722656,202.4565002441406,17.690000534057617,321.435,23770.976,4.1,0.0,0.0,0
2025-06-04,AMZN,206.5500030517578,208.17999267578125,205.17999267578125,207.22999572753903,207.22999572753903,29915600,206.0599975585937,203.56750030517577,17.610000610351562,321.435,23770.976,4.1,0.0,0.0,0
2025-06-05,AMZN,209.5500030517578,212.8099975585937,207.5599975585937,207.91000366210932,207.91000366210932,51864200,206.5019989013672,204.5275001525879,18.479999542236328,321.435,23770.976,4.1,0.0,0.0,0
2025-06-06,AMZN,212.3999938964844,213.8699951171875,210.5,213.57000732421875,213.57000732421875,39832500,208.21400146484376,205.60200042724608,16.770000457763672,321.435,23770.976,4.1,0.0,0.0,0
2025-06-09,AMZN,214.75,217.8500061035156,212.8800048828125,216.97999572753903,216.97999572753903,38102500,210.28000183105468,206.79800033569336,17.15999984741211,321.435,23770.976,4.1,0.0,0.0,0
2025-06-10,AMZN,216.77999877929688,217.69000244140625,214.1499938964844,217.6100006103516,217.6100006103516,31303300,212.6600006103516,207.2465003967285,16.950000762939453,321.435,23770.976,4.1,0.0,0.0,0
2025-06-11,AMZN,217.41000366210932,218.3999938964844,212.88999938964844,213.1999969482422,213.1999969482422,39326000,213.8540008544922,207.33800048828124,17.260000228881836,321.435,23770.976,4.1,0.0,0.0,0
2025-06-12,AMZN,211.77999877929688,213.5800018310547,211.3300018310547,213.2400054931641,213.2400054931641,27640000,214.9200012207031,207.48750076293945,18.020000457763672,321.435,23770.976,4.1,0.0,0.0,0
2025-06-13,AMZN,209.9600067138672,214.0500030517578,209.6199951171875,212.1000061035156,212.1000061035156,29337800,214.6260009765625,207.834001159668,20.81999969482422,321.435,23770.976,4.1,0.0,0.0,0
2025-06-16,AMZN,212.3099975585937,217.0599975585937,211.6000061035156,216.1000061035156,216.1000061035156,33284200,214.45000305175785,208.35950164794923,19.11000061035156,321.435,23770.976,4.1,0.0,0.0,0
2025-06-17,AMZN,215.1999969482422,217.41000366210932,214.5599975585937,214.82000732421875,214.82000732421875,32086300,213.89200439453128,208.7925018310547,21.600000381469727,321.435,23770.976,4.1,0.0,0.0,0
2025-06-18,AMZN,215.08999633789065,217.9600067138672,212.33999633789065,212.5200042724609,212.5200042724609,44360500,213.756005859375,209.2150016784668,20.13999938964844,321.435,23770.976,4.1,0.0,0.0,0
2025-06-20,AMZN,214.67999267578125,214.88999938964844,208.2700042724609,209.69000244140625,209.69000244140625,75350700,213.04600524902344,209.6435020446777,20.6200008392334,321.435,23770.976,4.1,0.0,0.0,0
2025-06-23,AMZN,209.7899932861328,210.38999938964844,207.3099975585937,208.47000122070312,208.47000122070312,37311700,212.3200042724609,209.9120018005371,19.82999992370605,321.435,23770.976,4.1,0.0,0.0,0
2025-06-24,AMZN,212.13999938964844,214.33999633789065,211.0500030517578,212.7700042724609,212.7700042724609,38378800,211.65400390625,210.501001739502,17.479999542236328,321.435,23770.976,4.1,0.0,0.0,0
2025-06-25,AMZN,214.6199951171875,216.02999877929688,211.1100006103516,211.9900054931641,211.9900054931641,31755700,211.08800354003907,210.79950180053712,16.760000228881836,321.435,23770.976,4.1,0.0,0.0,0
2025-06-26,AMZN,213.1199951171875,218.0399932861328,212.009994506836,217.1199951171875,217.1199951171875,50480800,212.0080017089844,211.4195014953613,16.59000015258789,321.435,23770.976,4.1,0.0,0.0,0
2025-06-27,AMZN,219.9199981689453,223.3000030517578,216.7400054931641,223.3000030517578,223.3000030517578,119217100,214.7300018310547,212.29950180053712,16.31999969482422,321.435,23770.976,4.1,0.0,0.0,0
2025-06-30,AMZN,223.5200042724609,223.82000732421875,219.1199951171875,219.38999938964844,219.38999938964844,58887800,216.9140014648437,213.0185020446777,16.729999542236328,321.435,23770.976,4.1,0.0,0.0,0
2025-07-01,AMZN,219.5,221.8800048828125,217.92999267578125,220.4600067138672,220.4600067138672,39256800,218.452001953125,213.7090026855469,16.829999923706055,322.169,24026.834,4.3,0.0,0.0,0
2025-07-02,AMZN,219.72999572753903,221.6000061035156,219.0599975585937,219.9199981689453,219.9199981689453,30894200,220.03800048828128,214.4195022583008,16.639999389648438,322.169,24026.834,4.3,0.0,0.0,0
2025-07-03,AMZN,221.82000732421875,224.009994506836,221.3600006103516,223.41000366210932,223.41000366210932,29632400,221.29600219726564,215.2285026550293,16.3799991607666,322.169,24026.834,4.3,0.0,0.0,0
2025-07-07,AMZN,223.0,224.2899932861328,222.3699951171875,223.47000122070312,223.47000122070312,36604100,221.3300018310547,216.006502532959,17.790000915527344,322.169,24026.834,4.3,0.0,0.0,0
2025-07-08,AMZN,223.9199981689453,224.0,218.42999267578125,219.3600006103516,219.3600006103516,45692000,221.32400207519527,216.29600219726564,16.809999465942383,322.169,24026.834,4.3,0.0,0.0,0
2025-07-09,AMZN,221.07000732421875,224.2899932861328,220.47000122070312,222.5399932861328,222.5399932861328,38155100,221.73999938964843,216.57400207519527,15.9399995803833,322.169,24026.834,4.3,0.0,0.0,0
2025-07-10,AMZN,221.5500030517578,222.7899932861328,219.6999969482422,222.259994506836,222.259994506836,30370600,222.20799865722657,216.8065017700196,15.779999732971191,322.169,24026.834,4.3,0.0,0.0,0
2025-07-11,AMZN,223.5800018310547,226.67999267578125,222.3699951171875,225.0200042724609,225.0200042724609,50518300,222.52999877929688,217.3975021362305,16.399999618530273,322.169,24026.834,4.3,0.0,0.0,0
2025-07-14,AMZN,225.07000732421875,226.66000366210932,224.2400054931641,225.69000244140625,225.69000244140625,35702600,222.9739990234375,218.02000198364257,17.200000762939453,322.169,24026.834,4.3,0.0,0.0,0
2025-07-15,AMZN,226.1999969482422,227.2700042724609,225.4600067138672,226.3500061035156,226.3500061035156,34907300,224.37200012207032,218.73250198364252,17.3799991607666,322.169,24026.834,4.3,0.0,0.0,0
2025-07-16,AMZN,225.8800048828125,226.1000061035156,222.17999267578125,223.19000244140625,223.19000244140625,39535900,224.502001953125,219.0870018005371,17.15999984741211,322.169,24026.834,4.3,0.0,0.0,0
2025-07-17,AMZN,223.32000732421875,224.5,222.509994506836,223.8800048828125,223.8800048828125,31855800,224.8260040283203,219.5400016784668,16.520000457763672,322.169,24026.834,4.3,0.0,0.0,0
2025-07-18,AMZN,225.13999938964844,226.3999938964844,222.97999572753903,226.1300048828125,226.1300048828125,37833800,225.04800415039065,220.2205017089844,16.40999984741211,322.169,24026.834,4.3,0.0,0.0,0
2025-07-21,AMZN,225.83999633789065,229.69000244140625,225.6499938964844,229.3000030517578,229.3000030517578,40297600,225.7700042724609,221.20100173950195,16.649999618530273,322.169,24026.834,4.3,0.0,0.0,0
2025-07-22,AMZN,229.67999267578125,230.0,226.3500061035156,227.47000122070312,227.47000122070312,37483700,225.99400329589844,222.151001739502,16.5,322.169,24026.834,4.3,0.0,0.0,0
2025-07-23,AMZN,228.47000122070312,228.7899932861328,227.08999633789065,228.2899932861328,228.2899932861328,28294900,227.0140014648437,222.9270011901856,15.369999885559082,322.169,24026.834,4.3,0.0,0.0,0
2025-07-24,AMZN,229.1699981689453,236.0,228.63999938964844,232.22999572753903,232.22999572753903,42902300,228.68399963378903,223.9390007019043,15.390000343322754,322.169,24026.834,4.3,0.0,0.0,0
2025-07-25,AMZN,232.22000122070312,232.47999572753903,231.17999267578125,231.44000244140625,231.44000244140625,28712100,229.74599914550785,224.65500106811524,14.93000030517578,322.169,24026.834,4.3,0.0,0.0,0
2025-07-28,AMZN,233.3500061035156,234.2899932861328,232.25,232.7899932861328,232.7899932861328,26300100,230.4439971923828,225.129500579834,15.029999732971191,322.169,24026.834,4.3,0.0,0.0,0
2025-07-29,AMZN,234.1499938964844,234.72000122070312,230.3099975585937,231.009994506836,231.009994506836,33716200,231.15199584960936,225.71050033569333,15.979999542236328,322.169,24026.834,4.3,0.0,0.0,0
2025-07-30,AMZN,231.63999938964844,231.8000030517578,229.2899932861328,230.19000244140625,230.19000244140625,32993300,231.5319976806641,226.1970001220703,15.479999542236328,322.169,24026.834,4.3,0.0,0.0,0
2025-07-31,AMZN,235.7700042724609,236.52999877929688,231.3999938964844,234.1100006103516,234.1100006103516,104357300,231.90799865722656,226.90650024414063,16.719999313354492,322.169,24026.834,4.3,0.0,0.0,0
2025-08-01,AMZN,217.2100067138672,220.44000244140625,212.8000030517578,214.75,214.75,122258800,228.5699981689453,226.4735000610352,20.3799991607666,323.291,24026.834,4.3,0.0,0.0,0
2025-08-04,AMZN,217.3999938964844,217.44000244140625,211.4199981689453,211.6499938964844,211.6499938964844,77890100,224.3419982910156,225.88249969482425,17.520000457763672,323.291,24026.834,4.3,0.0,0.0,0
2025-08-05,AMZN,213.0500030517578,216.3000030517578,212.8699951171875,213.75,213.75,51505100,220.88999938964844,225.60199966430665,17.850000381469727,323.291,24026.834,4.3,0.0,0.0,0
2025-08-06,AMZN,214.6999969482422,222.6499938964844,213.7400054931641,222.3099975585937,222.3099975585937,54823000,219.31399841308595,225.5904998779297,16.770000457763672,323.291,24026.834,4.3,0.0,0.0,0
2025-08-07,AMZN,221.0,226.22000122070312,220.82000732421875,223.1300048828125,223.1300048828125,40603500,217.1179992675781,225.6340003967285,16.56999969482422,323.291,24026.834,4.3,0.0,0.0,0
2025-08-08,AMZN,223.13999938964844,223.8000030517578,221.8800048828125,222.69000244140625,222.69000244140625,32970500,218.70599975585932,225.5175003051758,15.149999618530272,323.291,24026.834,4.3,0.0,0.0,0
2025-08-11,AMZN,221.77999877929688,223.0500030517578,220.3999938964844,221.3000030517578,221.3000030517578,31646200,220.6360015869141,225.29800033569336,16.25,323.291,24026.834,4.3,0.0,0.0,0
2025-08-12,AMZN,222.22999572753903,223.5,219.0500030517578,221.47000122070312,221.47000122070312,37185800,222.18000183105468,225.05400009155272,14.729999542236328,323.291,24026.834,4.3,0.0,0.0,0
2025-08-13,AMZN,222.0,224.9199981689453,222.0,224.5599975585937,224.5599975585937,36508300,222.6300018310547,225.1224998474121,14.489999771118164,323.291,24026.834,4.3,0.0,0.0,0
2025-08-14,AMZN,227.3999938964844,233.1100006103516,227.0200042724609,230.97999572753903,230.97999572753903,61545800,224.2,225.47749938964844,14.829999923706056,323.291,24026.834,4.3,0.0,0.0,0
2025-08-15,AMZN,232.5800018310547,234.0800018310547,229.8099975585937,231.02999877929688,231.02999877929688,39649200,225.8679992675781,225.72249908447264,15.09000015258789,323.291,24026.834,4.3,0.0,0.0,0
2025-08-18,AMZN,230.22999572753903,231.91000366210932,228.3300018310547,231.4900054931641,231.4900054931641,25248900,227.90599975585937,225.83199920654292,14.989999771118164,323.291,24026.834,4.3,0.0,0.0,0
2025-08-19,AMZN,230.08999633789065,230.52999877929688,227.1199951171875,228.009994506836,228.009994506836,29891000,229.213998413086,225.8589988708496,15.56999969482422,323.291,24026.834,4.3,0.0,0.0,0
2025-08-20,AMZN,227.1199951171875,227.2700042724609,220.9199981689453,223.8099975585937,223.8099975585937,36604300,229.06399841308595,225.63499908447267,15.6899995803833,323.291,24026.834,4.3,0.0,0.0,0
2025-08-21,AMZN,222.6499938964844,222.77999877929688,220.5,221.9499969482422,221.9499969482422,32140500,227.25799865722647,225.12099914550785,16.600000381469727,323.291,24026.834,4.3,0.0,0.0,0
2025-08-22,AMZN,222.7899932861328,229.13999938964844,220.82000732421875,228.83999633789065,228.83999633789065,37315300,226.8199981689453,224.99099884033205,14.220000267028809,323.291,24026.834,4.3,0.0,0.0,0
2025-08-25,AMZN,227.3500061035156,229.6000061035156,227.3099975585937,227.94000244140625,227.94000244140625,22633700,226.10999755859376,224.7484992980957,14.789999961853027,323.291,24026.834,4.3,0.0,0.0,0
2025-08-26,AMZN,227.1100006103516,229.0,226.0200042724609,228.7100067138672,228.7100067138672,26105400,226.25,224.63349990844728,14.619999885559082,323.291,24026.834,4.3,0.0,0.0,0
2025-08-27,AMZN,228.57000732421875,229.8699951171875,227.8099975585937,229.1199951171875,229.1199951171875,21254500,227.3119995117188,224.57999954223632,14.850000381469728,323.291,24026.834,4.3,0.0,0.0,0
2025-08-28,AMZN,229.009994506836,232.7100067138672,228.0200042724609,231.6000061035156,231.6000061035156,33679600,229.24200134277345,224.45449981689453,14.43000030517578,323.291,24026.834,4.3,0.0,0.0,0
2025-08-29,AMZN,231.32000732421875,231.8099975585937,228.16000366210932,229.0,229.0,26199200,229.2740020751953,225.16699981689453,15.359999656677246,323.291,24026.834,4.3,0.0,0.0,0
2025-09-02,AMZN,223.5200042724609,226.1699981689453,221.8300018310547,225.33999633789065,225.33999633789065,38843900,228.75400085449212,225.85149993896485,17.170000076293945,324.245,24026.834,4.4,0.0,0.0,0
2025-09-03,AMZN,225.2100067138672,227.1699981689453,224.3600006103516,225.9900054931641,225.9900054931641,29223100,228.2100006103516,226.46350021362304,16.350000381469727,324.245,24026.834,4.4,0.0,0.0,0
2025-09-04,AMZN,231.19000244140625,235.7700042724609,230.77999877929688,235.67999267578125,235.67999267578125,59391800,229.52200012207032,227.1319999694824,15.300000190734863,324.245,24026.834,4.4,0.0,0.0,0
2025-09-05,AMZN,235.19000244140625,236.0,231.92999267578125,232.3300018310547,232.3300018310547,36721800,229.66799926757807,227.5919998168945,15.18000030517578,324.245,24026.834,4.4,0.0,0.0,0
2025-09-08,AMZN,234.94000244140625,237.6000061035156,233.75,235.83999633789065,235.83999633789065,33947100,231.03599853515624,228.2494995117188,15.109999656677246,324.245,24026.834,4.4,0.0,0.0,0
2025-09-09,AMZN,236.3600006103516,238.8500061035156,235.0800018310547,238.2400054931641,238.2400054931641,27033800,233.61600036621093,229.09649963378905,15.039999961853027,324.245,24026.834,4.4,0.0,0.0,0
2025-09-10,AMZN,237.5200042724609,237.67999267578125,229.1000061035156,230.3300018310547,230.3300018310547,60907700,234.48399963378907,229.53949966430665,15.350000381469728,324.245,24026.834,4.4,0.0,0.0,0
2025-09-11,AMZN,231.4900054931641,231.52999877929688,229.33999633789065,229.9499969482422,229.9499969482422,37485600,233.33800048828124,229.80899963378903,14.710000038146973,324.245,24026.834,4.4,0.0,0.0,0
2025-09-12,AMZN,230.3500061035156,230.7899932861328,226.2899932861328,228.1499938964844,228.1499938964844,38496200,232.5019989013672,229.6674995422364,14.760000228881836,324.245,24026.834,4.4,0.0,0.0,0
2025-09-15,AMZN,230.6300048828125,233.72999572753903,230.32000732421875,231.42999267578125,231.42999267578125,33243300,231.6199981689453,229.6874992370605,15.6899995803833,324.245,24026.834,4.4,0.0,0.0,0
2025-09-16,AMZN,232.94000244140625,235.8999938964844,232.22999572753903,234.0500030517578,234.0500030517578,38203900,230.7819976806641,229.81549911499025,16.360000610351562,324.245,24026.834,4.4,0.0,0.0,0
2025-09-17,AMZN,233.7700042724609,234.3000030517578,228.7100067138672,231.6199951171875,231.6199951171875,42815200,231.0399963378906,229.99599914550785,15.720000267028809,324.245,24026.834,4.4,0.0,0.0,0
2025-09-18,AMZN,232.5,233.47999572753903,228.7899932861328,231.22999572753903,231.22999572753903,37931700,231.29599609375,230.36699905395508,15.699999809265137,324.245,24026.834,4.4,0.0,0.0,0
2025-09-19,AMZN,232.3699951171875,234.16000366210932,229.6999969482422,231.47999572753903,231.47999572753903,97943200,231.9619964599609,230.84349899292,15.449999809265137,324.245,24026.834,4.4,0.0,0.0,0
2025-09-22,AMZN,230.5599975585937,230.57000732421875,227.509994506836,227.6300048828125,227.6300048828125,45914500,231.2019989013672,230.782999420166,16.100000381469727,324.245,24026.834,4.4,0.0,0.0,0
2025-09-23,AMZN,227.8300018310547,227.8600006103516,220.07000732421875,220.7100067138672,220.7100067138672,70956200,228.53399963378905,230.42149963378907,16.639999389648438,324.245,24026.834,4.4,0.0,0.0,0
2025-09-24,AMZN,224.1499938964844,224.5599975585937,219.4499969482422,220.2100067138672,220.2100067138672,49509000,226.252001953125,229.99649963378903,16.18000030517578,324.245,24026.834,4.4,0.0,0.0,0
2025-09-25,AMZN,220.0599975585937,220.6699981689453,216.47000122070312,218.1499938964844,218.1499938964844,52226300,223.6360015869141,229.4479995727539,16.739999771118164,324.245,24026.834,4.4,0.0,0.0,0
2025-09-26,AMZN,219.0800018310547,221.0500030517578,218.0200042724609,219.77999877929688,219.77999877929688,41650100,221.29600219726564,228.85699920654292,15.289999961853027,324.245,24026.834,4.4,0.0,0.0,0
2025-09-29,AMZN,220.0800018310547,222.6000061035156,219.3000030517578,222.1699981689453,222.1699981689453,44259200,220.2040008544922,228.51549911499023,16.1200008392334,324.245,24026.834,4.4,0.0,0.0,0
2025-09-30,AMZN,222.02999877929688,222.2400054931641,217.88999938964844,219.57000732421875,219.57000732421875,48396400,219.9760009765625,228.22699966430665,16.280000686645508,324.245,24026.834,4.4,0.0,0.0,0
2025-10-01,AMZN,217.3600006103516,222.1499938964844,216.6100006103516,220.6300048828125,220.6300048828125,43933800,220.06000061035155,227.95899963378903,16.290000915527344,324.245,24055.749,4.4,0.0,0.0,0
2025-10-02,AMZN,221.009994506836,222.8099975585937,218.9499969482422,222.41000366210932,222.41000366210932,41258600,220.91200256347656,227.29550018310547,16.6299991607666,324.245,24055.749,4.4,0.0,0.0,0
2025-10-03,AMZN,223.44000244140625,224.1999969482422,219.33999633789065,219.509994506836,219.509994506836,43639000,220.8580017089844,226.6544998168945,16.649999618530273,324.245,24055.749,4.4,0.0,0.0,0
2025-10-06,AMZN,221.0,221.72999572753903,216.02999877929688,220.8999938964844,220.8999938964844,43690900,220.6040008544922,225.90749969482425,16.3700008392334,324.245,24055.749,4.4,0.0,0.0,0
2025-10-07,AMZN,220.8800048828125,222.88999938964844,220.1699981689453,221.77999877929688,221.77999877929688,31194700,221.0459991455078,225.0844993591309,17.239999771118164,324.245,24055.749,4.4,0.0,0.0,0
2025-10-08,AMZN,222.9199981689453,226.72999572753903,221.19000244140625,225.22000122070312,225.22000122070312,46686000,221.963998413086,224.8289993286133,16.299999237060547,324.245,24055.749,4.4,0.0,0.0,0
2025-10-09,AMZN,225.0,228.2100067138672,221.75,227.7400054931641,227.7400054931641,46412100,223.02999877929688,224.71849975585937,16.43000030517578,324.245,24055.749,4.4,0.0,0.0,0
2025-10-10,AMZN,226.2100067138672,228.25,216.0,216.3699951171875,216.3699951171875,72367500,222.4019989013672,224.1294998168945,21.65999984741211,324.245,24055.749,4.4,0.0,0.0,0
2025-10-13,AMZN,217.6999969482422,220.67999267578125,217.0399932861328,220.07000732421875,220.07000732421875,37809700,222.23600158691409,223.5615005493164,19.030000686645508,324.245,24055.749,4.4,0.0,0.0,0
2025-10-14,AMZN,215.5599975585937,219.32000732421875,212.6000061035156,216.38999938964844,216.38999938964844,45665600,221.1580017089844,222.67850036621093,20.809999465942383,324.245,24055.749,4.4,0.0,0.0,0
2025-10-15,AMZN,216.6199951171875,217.7100067138672,212.66000366210932,215.57000732421875,215.57000732421875,45909500,219.2280029296875,221.8760009765625,20.63999938964844,324.245,24055.749,4.4,0.0,0.0,0
2025-10-16,AMZN,215.6699981689453,218.58999633789065,212.8099975585937,214.47000122070312,214.47000122070312,42414600,216.57400207519527,221.0380012512207,25.309999465942383,324.245,24055.749,4.4,0.0,0.0,0
2025-10-17,AMZN,214.5599975585937,214.8000030517578,211.02999877929688,213.0399932861328,213.0399932861328,45986900,215.9080017089844,220.1160011291504,20.780000686645508,324.245,24055.749,4.4,0.0,0.0,0
2025-10-20,AMZN,213.8800048828125,216.69000244140625,213.58999633789065,216.47999572753903,216.47999572753903,38882800,215.18999938964845,219.55850067138672,18.229999542236328,324.245,24055.749,4.4,0.0,0.0,0
2025-10-21,AMZN,218.42999267578125,223.32000732421875,217.9900054931641,222.02999877929688,222.02999877929688,50494600,216.31799926757813,219.6245002746582,17.8700008392334,324.245,24055.749,4.4,0.0,0.0,0
2025-10-22,AMZN,219.3000030517578,220.009994506836,216.5200042724609,217.9499969482422,217.9499969482422,44308500,216.7939971923828,219.51149978637696,18.600000381469727,324.245,24055.749,4.4,0.0,0.0,0
2025-10-23,AMZN,219.0,221.3000030517578,218.17999267578125,221.08999633789065,221.08999633789065,31540000,218.1179962158203,219.65849990844723,17.299999237060547,324.245,24055.749,4.4,0.0,0.0,0
2025-10-24,AMZN,221.97000122070312,225.3999938964844,221.8999938964844,224.2100067138672,224.2100067138672,38685100,220.3519989013672,219.88000030517577,16.3700008392334,324.245,24055.749,4.4,0.0,0.0,0
2025-10-27,AMZN,227.66000366210932,228.3999938964844,225.5399932861328,226.97000122070312,226.97000122070312,38267000,222.45,220.12000045776367,15.789999961853027,324.245,24055.749,4.4,0.0,0.0,0
2025-10-28,AMZN,228.22000122070312,231.4900054931641,226.2100067138672,229.25,229.25,47100000,223.8940002441406,220.6040000915528,16.420000076293945,324.245,24055.749,4.4,0.0,0.0,0
2025-10-29,AMZN,231.6699981689453,232.82000732421875,227.759994506836,230.3000030517578,230.3000030517578,52036200,226.3640014648437,221.0875,16.920000076293945,324.245,24055.749,4.4,0.0,0.0,0
2025-10-30,AMZN,227.0599975585937,228.44000244140625,222.75,222.8600006103516,222.8600006103516,102252900,226.718002319336,221.1099998474121,16.90999984741211,324.245,24055.749,4.4,0.0,0.0,0
2025-10-31,AMZN,250.1000061035156,250.5,243.97999572753903,244.22000122070312,244.22000122070312,166340800,230.72000122070312,222.34550018310543,17.440000534057617,324.245,24055.749,4.4,0.0,0.0,0
2025-11-03,AMZN,255.3600006103516,258.6000061035156,252.8999938964844,254.0,254.0,95997800,236.1260009765625,224.0005004882813,17.170000076293945,325.063,24055.749,4.5,0.0,0.0,0
2025-11-04,AMZN,250.3800048828125,257.010009765625,248.66000366210932,249.32000732421875,249.32000732421875,51546300,240.14000244140624,225.3775009155273,19.0,325.063,24055.749,4.5,0.0,0.0,0
2025-11-05,AMZN,249.02999877929688,251.0,246.16000366210932,250.1999969482422,250.1999969482422,40610700,244.1200012207032,226.6265007019043,18.010000228881836,325.063,24055.749,4.5,0.0,0.0,0
2025-11-06,AMZN,249.16000366210932,250.3800048828125,242.1699981689453,243.0399932861328,243.0399932861328,46004200,248.15599975585937,227.3915000915528,19.5,325.063,24055.749,4.5,0.0,0.0,0
2025-11-07,AMZN,242.8999938964844,244.8999938964844,238.4900054931641,244.41000366210932,244.41000366210932,46374300,248.19400024414065,228.7935005187988,19.07999992370605,325.063,24055.749,4.5,0.0,0.0,0
2025-11-10,AMZN,248.33999633789065,251.75,245.58999633789065,248.3999938964844,248.3999938964844,36476500,247.0739990234375,230.2099998474121,17.600000381469727,325.063,24055.749,4.5,0.0,0.0,0
2025-11-11,AMZN,248.41000366210932,249.75,247.22999572753903,249.1000061035156,249.1000061035156,23564100,247.02999877929688,231.84550018310543,17.280000686645508,325.063,24055.749,4.5,0.0,0.0,0
2025-11-12,AMZN,250.2400054931641,250.3699951171875,243.75,244.1999969482422,244.1999969482422,31190100,245.8299987792969,233.27699966430663,17.510000228881836,325.063,24055.749,4.5,0.0,0.0,0
2025-11-13,AMZN,243.0500030517578,243.75,236.5,237.5800018310547,237.5800018310547,41401700,244.73800048828124,234.43249969482423,20.0,325.063,24055.749,4.5,0.0,0.0,0
2025-11-14,AMZN,235.0599975585937,238.72999572753903,232.88999938964844,234.69000244140625,234.69000244140625,38956700,242.79400024414065,235.5150001525879,19.82999992370605,325.063,24055.749,4.5,0.0,0.0,0
2025-11-17,AMZN,233.25,234.6000061035156,229.19000244140625,232.8699951171875,232.8699951171875,59919000,239.6880004882813,236.33450012207032,22.3799991607666,325.063,24055.749,4.5,0.0,0.0,0
2025-11-18,AMZN,228.1000061035156,230.1999969482422,222.4199981689453,222.5500030517578,222.5500030517578,60608400,234.37799987792968,236.36050033569336,24.690000534057617,325.063,24055.749,4.5,0.0,0.0,0
2025-11-19,AMZN,223.7400054931641,223.7400054931641,218.5200042724609,222.69000244140625,222.69000244140625,58335600,230.0760009765625,236.5975006103516,23.65999984741211,325.063,24055.749,4.5,0.0,0.0,0
2025-11-20,AMZN,227.0500030517578,227.41000366210932,216.7400054931641,217.13999938964844,217.13999938964844,50309000,225.98800048828124,236.40000076293944,26.420000076293945,325.063,24055.749,4.5,0.0,0.0,0
2025-11-21,AMZN,216.3500061035156,222.2100067138672,215.17999267578125,220.69000244140625,220.69000244140625,68490500,223.1880004882813,236.2240005493164,23.43000030517578,325.063,24055.749,4.5,0.0,0.0,0
2025-11-24,AMZN,222.5599975585937,227.3300018310547,222.2700042724609,226.27999877929688,226.27999877929688,54318400,221.8700012207032,236.1895004272461,20.520000457763672,325.063,24055.749,4.5,0.0,0.0,0
2025-11-25,AMZN,226.3800048828125,230.5200042724609,223.8000030517578,229.6699981689453,229.6699981689453,39379300,223.29400024414065,236.21050033569333,18.559999465942383,325.063,24055.749,4.5,0.0,0.0,0
2025-11-26,AMZN,230.7400054931641,231.75,228.7700042724609,229.16000366210932,229.16000366210932,38497900,224.58800048828124,236.1535003662109,17.190000534057617,325.063,24055.749,4.5,0.0,0.0,0
2025-11-28,AMZN,231.2400054931641,233.2899932861328,230.22000122070312,233.22000122070312,233.22000122070312,20292300,227.8040008544922,236.6715003967285,16.350000381469727,325.063,24055.749,4.5,0.0,0.0,0
2025-12-01,AMZN,233.22000122070312,235.8000030517578,232.25,233.8800048828125,233.8800048828125,42904000,230.44200134277344,236.154500579834,17.239999771118164,326.031,24055.749,4.4,0.0,0.0,0
2025-12-02,AMZN,235.009994506836,238.97000122070312,233.5500030517578,234.4199981689453,234.4199981689453,45785400,232.07000122070312,235.17550048828124,16.59000015258789,326.031,24055.749,4.4,0.0,0.0,0
2025-12-03,AMZN,233.3500061035156,233.3800048828125,230.6100006103516,232.3800048828125,232.3800048828125,35495100,232.61200256347647,234.32850036621093,16.079999923706055,326.031,24055.749,4.4,0.0,0.0,0
2025-12-04,AMZN,232.7700042724609,233.5,226.8000030517578,229.1100006103516,229.1100006103516,45683200,232.602001953125,233.2740005493164,15.779999732971191,326.031,24055.749,4.4,0.0,0.0,0
2025-12-05,AMZN,230.32000732421875,231.2400054931641,228.5500030517578,229.52999877929688,229.52999877929688,33117400,231.8640014648437,232.5985008239746,15.40999984741211,326.031,24055.749,4.4,0.0,0.0,0
2025-12-08,AMZN,229.58999633789065,230.8300018310547,226.2700042724609,226.88999938964844,226.88999938964844,35019200,230.4660003662109,231.7225006103516,16.65999984741211,326.031,24055.749,4.4,0.0,0.0,0
2025-12-09,AMZN,226.83999633789065,228.57000732421875,225.1100006103516,227.9199981689453,227.9199981689453,25841700,229.1660003662109,230.6985008239746,16.93000030517578,326.031,24055.749,4.4,0.0,0.0,0
2025-12-10,AMZN,228.8099975585937,232.4199981689453,228.4600067138672,231.77999877929688,231.77999877929688,38790700,229.0459991455078,229.83250045776367,15.770000457763672,326.031,24055.749,4.4,0.0,0.0,0
2025-12-11,AMZN,230.7100067138672,232.1100006103516,228.69000244140625,230.27999877929688,230.27999877929688,28249600,229.27999877929688,229.1365005493164,14.850000381469728,326.031,24055.749,4.4,0.0,0.0,0
2025-12-12,AMZN,229.8699951171875,230.0800018310547,225.1199951171875,226.19000244140625,226.19000244140625,35639100,228.61199951171875,228.567000579834,15.739999771118164,326.031,24055.749,4.4,0.0,0.0,0
2025-12-15,AMZN,227.92999267578125,227.92999267578125,221.5,222.5399932861328,222.5399932861328,47286100,227.7419982910156,227.95950012207032,16.5,326.031,24055.749,4.4,0.0,0.0,0
2025-12-16,AMZN,223.0399932861328,223.66000366210932,221.1300048828125,222.5599975585937,222.5599975585937,39298900,226.6699981689453,227.44400024414065,16.479999542236328,326.031,24055.749,4.4,0.0,0.0,0
2025-12-17,AMZN,224.66000366210932,225.19000244140625,220.9900054931641,221.2700042724609,221.2700042724609,44034400,224.56799926757813,227.38000030517577,17.6200008392334,326.031,24055.749,4.4,0.0,0.0,0
2025-12-18,AMZN,225.7100067138672,229.22999572753903,224.41000366210932,226.759994506836,226.759994506836,50272400,223.863998413086,227.5834999084473,16.8700008392334,326.031,24055.749,4.4,0.0,0.0,0
2025-12-19,AMZN,226.759994506836,229.1300048828125,225.5800018310547,227.3500061035156,227.3500061035156,85544400,224.09599914550785,228.09400024414063,14.90999984741211,326.031,24055.749,4.4,0.0,0.0,0
2025-12-22,AMZN,228.6100006103516,229.47999572753903,226.7100067138672,228.42999267578125,228.42999267578125,32261300,225.2739990234375,228.4809997558594,14.079999923706056,326.031,24055.749,4.4,0.0,0.0,0
2025-12-23,AMZN,229.0599975585937,232.4499969482422,228.72999572753903,232.13999938964844,232.13999938964844,29230200,227.18999938964845,228.7739997863769,14.0,326.031,24055.749,4.4,0.0,0.0,0
2025-12-24,AMZN,232.1300048828125,232.9499969482422,231.3300018310547,232.3800048828125,232.3800048828125,11420500,229.4119995117188,228.9095001220703,13.470000267028809,326.031,24055.749,4.4,0.0,0.0,0
2025-12-26,AMZN,232.0399932861328,232.9900054931641,231.17999267578125,232.5200042724609,232.5200042724609,15994700,230.56400146484376,229.0775001525879,13.600000381469728,326.031,24055.749,4.4,0.0,0.0,0
2025-12-29,AMZN,231.94000244140625,232.6000061035156,230.7700042724609,232.07000732421875,232.07000732421875,19797900,231.5080017089844,229.02000045776367,14.199999809265137,326.031,24055.749,4.4,0.0,0.0,0
2025-12-30,AMZN,231.2100067138672,232.7700042724609,230.1999969482422,232.52999877929688,232.52999877929688,21910500,232.3280029296875,228.9525001525879,14.329999923706056,326.031,24055.749,4.4,0.0,0.0,0
2025-12-31,AMZN,232.91000366210932,232.9900054931641,230.1199951171875,230.82000732421875,230.82000732421875,24383700,232.0640045166016,228.7725006103516,14.949999809265137,326.031,24055.749,4.4,0.0,0.0,0
2026-01-02,AMZN,231.33999633789065,235.4600067138672,224.6999969482422,226.5,226.5,51456200,230.88800354003905,228.4785003662109,14.510000228881836,326.588,24180.419,4.3,0.0,0.0,0
2026-01-05,AMZN,228.83999633789065,234.0,227.17999267578125,233.0599975585937,233.0599975585937,49733300,230.9960021972656,228.67600021362304,14.899999618530272,326.588,24180.419,4.3,0.0,0.0,0
2026-01-06,AMZN,232.1000061035156,243.17999267578125,232.07000732421875,240.92999267578125,240.92999267578125,53764700,232.7679992675781,229.2459999084473,14.75,326.588,24180.419,4.3,0.0,0.0,0
2026-01-07,AMZN,239.6100006103516,245.2899932861328,239.5200042724609,241.5599975585937,241.5599975585937,42236500,234.5739990234375,229.97949981689453,15.380000114440918,326.588,24180.419,4.3,0.0,0.0,0
2026-01-08,AMZN,243.0599975585937,246.41000366210932,241.8800048828125,246.2899932861328,246.2899932861328,39509800,237.66799621582032,230.89799957275392,15.449999809265137,326.588,24180.419,4.3,0.0,0.0,0
2026-01-09,AMZN,244.57000732421875,247.8600006103516,242.2400054931641,247.3800048828125,247.3800048828125,34560000,241.8439971923828,231.6779998779297,14.489999771118164,326.588,24180.419,4.3,0.0,0.0,0
2026-01-12,AMZN,246.72999572753903,248.94000244140625,245.9600067138672,246.47000122070312,246.47000122070312,35867800,244.5259979248047,232.4875,15.119999885559082,326.588,24180.419,4.3,0.0,0.0,0
2026-01-13,AMZN,246.52999877929688,247.66000366210932,240.25,242.6000061035156,242.6000061035156,38371800,244.8600006103516,233.30800018310543,15.979999542236328,326.588,24180.419,4.3,0.0,0.0,0
2026-01-14,AMZN,241.1499938964844,241.27999877929688,236.22000122070312,236.6499938964844,236.6499938964844,41410600,243.87799987792968,234.01350021362305,16.75,326.588,24180.419,4.3,0.0,0.0,0
2026-01-15,AMZN,239.3099975585937,240.6499938964844,236.6300048828125,238.17999267578125,238.17999267578125,43003600,242.25599975585936,234.7944999694824,15.84000015258789,326.588,24180.419,4.3,0.0,0.0,0
2026-01-16,AMZN,239.08999633789065,239.57000732421875,236.41000366210932,239.1199951171875,239.1199951171875,45888300,240.6039978027344,235.6869995117188,15.859999656677246,326.588,24180.419,4.3,0.0,0.0,0
2026-01-20,AMZN,233.759994506836,235.08999633789065,229.33999633789065,231.0,231.0,47737900,237.5099975585937,235.8989997863769,20.09000015258789,326.588,24180.419,4.3,0.0,0.0,0
2026-01-21,AMZN,231.08999633789065,232.3000030517578,226.8800048828125,231.3099975585937,231.3099975585937,47276100,235.2519958496094,236.09699935913085,16.899999618530273,326.588,24180.419,4.3,0.0,0.0,0
2026-01-22,AMZN,234.0500030517578,235.72000122070312,230.8999938964844,234.33999633789065,234.33999633789065,31913300,234.7899963378906,236.39249954223632,15.640000343322754,326.588,24180.419,4.3,0.0,0.0,0
2026-01-23,AMZN,234.9600067138672,240.4499969482422,234.57000732421875,239.16000366210932,239.16000366210932,33778500,234.98599853515623,236.74349975585932,16.09000015258789,326.588,24180.419,4.3,0.0,0.0,0
2026-01-26,AMZN,239.97999572753903,240.9499969482422,237.5399932861328,238.4199981689453,238.4199981689453,32825500,234.84599914550785,237.045499420166,16.149999618530273,326.588,24180.419,4.3,0.0,0.0,0
2026-01-27,AMZN,239.69000244140625,244.8800048828125,238.0800018310547,244.67999267578125,244.67999267578125,38029200,237.58199768066407,237.653498840332,16.350000381469727,326.588,24180.419,4.3,0.0,0.0,0
2026-01-28,AMZN,246.3699951171875,247.77999877929688,241.52999877929688,243.009994506836,243.009994506836,40882700,239.9219970703125,238.20049819946288,16.350000381469727,326.588,24180.419,4.3,0.0,0.0,0
2026-01-29,AMZN,242.82000732421875,243.0,236.7400054931641,241.72999572753903,241.72999572753903,47229600,241.39999694824212,238.660498046875,16.8799991607666,326.588,24180.419,4.3,0.0,0.0,0
2026-01-30,AMZN,239.88999938964844,243.32000732421875,237.63999938964844,239.3000030517578,239.3000030517578,46585000,241.42799682617184,239.084497833252,17.440000534057617,326.588,24180.419,4.3,0.0,0.0,0
2026-02-02,AMZN,238.3099975585937,245.6300048828125,238.1699981689453,242.9600067138672,242.9600067138672,37546100,242.33599853515625,239.90749816894527,16.34000015258789,327.46,24180.419,4.4,0.0,0.0,0
2026-02-03,AMZN,244.97999572753903,246.3500061035156,235.4499969482422,238.6199951171875,238.6199951171875,53831300,241.1239990234375,240.185498046875,18.0,327.46,24180.419,4.4,0.0,0.0,0
2026-02-04,AMZN,238.8600006103516,238.8600006103516,231.82000732421875,232.9900054931641,232.9900054931641,51299900,239.1200012207032,239.78849868774407,18.63999938964844,327.46,24180.419,4.4,0.0,0.0,0
2026-02-05,AMZN,224.91000366210932,226.3099975585937,220.3800048828125,222.69000244140625,222.69000244140625,103509200,235.31200256347657,238.8449989318848,21.770000457763672,327.46,24180.419,4.4,0.0,0.0,0
2026-02-06,AMZN,202.6999969482422,211.44000244140625,200.3099975585937,210.32000732421875,210.32000732421875,179210900,229.5160034179688,237.04649963378907,20.3700008392334,327.46,24180.419,4.4,0.0,0.0,0
2026-02-09,AMZN,208.97000122070312,212.8099975585937,203.3500061035156,208.72000122070312,208.72000122070312,91178400,222.66800231933595,235.1134994506836,17.360000610351562,327.46,24180.419,4.4,0.0,0.0,0
2026-02-10,AMZN,208.8000030517578,212.6499938964844,206.41000366210932,206.9600067138672,206.9600067138672,67175000,216.33600463867188,233.13799972534176,17.790000915527344,327.46,24180.419,4.4,0.0,0.0,0
2026-02-11,AMZN,208.0599975585937,208.57000732421875,202.4900054931641,204.0800018310547,204.0800018310547,65545500,210.55400390625,231.2119995117188,17.649999618530273,327.46,24180.419,4.4,0.0,0.0,0
2026-02-12,AMZN,203.9600067138672,203.9600067138672,197.5599975585937,199.6000061035156,199.6000061035156,83975400,205.93600463867188,229.3595001220703,20.81999969482422,327.46,24180.419,4.4,0.0,0.0,0
2026-02-13,AMZN,198.8800048828125,201.16000366210932,197.27999877929688,198.7899932861328,198.7899932861328,66321600,203.6300018310547,227.3900001525879,20.600000381469727,327.46,24180.419,4.4,0.0,0.0,0
2026-02-17,AMZN,198.1300048828125,201.7400054931641,196.0,201.1499938964844,201.1499938964844,69879200,202.11600036621093,225.49150009155272,20.290000915527344,327.46,24180.419,4.4,0.0,0.0,0
2026-02-18,AMZN,202.07000732421875,206.8600006103516,201.509994506836,204.7899932861328,204.7899932861328,51003300,201.68199768066407,224.18099975585932,19.6200008392334,327.46,24180.419,4.4,0.0,0.0,0
2026-02-19,AMZN,203.8000030517578,205.63999938964844,202.8099975585937,204.8600006103516,204.8600006103516,35669600,201.83799743652344,222.85849990844727,20.229999542236328,327.46,24180.419,4.4,0.0,0.0,0
2026-02-20,AMZN,204.759994506836,211.1699981689453,203.75,210.1100006103516,210.1100006103516,65881600,203.93999633789065,221.64700012207032,19.09000015258789,327.46,24180.419,4.4,0.0,0.0,0
2026-02-23,AMZN,208.1000061035156,208.42999267578125,203.1100006103516,205.2700042724609,205.2700042724609,53581500,205.23599853515623,219.9525001525879,21.01000022888184,327.46,24180.419,4.4,0.0,0.0,0
2026-02-24,AMZN,205.47000122070312,210.3600006103516,203.25,208.5599975585937,208.5599975585937,41137200,206.7179992675781,218.45950012207032,19.549999237060547,327.46,24180.419,4.4,0.0,0.0,0
2026-02-25,AMZN,210.4600067138672,211.58999633789065,208.92999267578125,210.63999938964844,210.63999938964844,41346400,207.88800048828125,216.75750045776368,17.93000030517578,327.46,24180.419,4.4,0.0,0.0,0
2026-02-26,AMZN,210.72999572753903,211.0500030517578,205.3500061035156,207.9199981689453,207.9199981689453,47756800,208.5,215.00300064086915,18.6299991607666,327.46,24180.419,4.4,0.0,0.0,0
2026-02-27,AMZN,206.8300018310547,210.3300018310547,205.1999969482422,210.0,210.0,57422800,208.47799987792968,213.4165008544922,19.86000061035156,327.46,24180.419,4.4,0.0,0.0,0
2026-03-02,AMZN,204.5500030517578,209.72999572753903,203.4600067138672,208.38999938964844,208.38999938964844,46001000,209.1019989013672,211.87100067138672,21.440000534057617,330.293,24180.419,4.3,0.0,0.0,0
2026-03-03,AMZN,203.1000061035156,209.17999267578125,202.47999572753903,208.72999572753903,208.72999572753903,43184900,209.13599853515623,210.1595001220703,23.56999969482422,330.293,24180.419,4.3,0.0,0.0,0
2026-03-04,AMZN,210.47000122070312,217.5399932861328,210.1499938964844,216.82000732421875,216.82000732421875,54731100,210.37200012207032,209.0695007324219,21.14999961853028,330.293,24180.419,4.3,0.0,0.0,0
2026-03-05,AMZN,215.97999572753903,220.47000122070312,215.58999633789065,218.94000244140625,218.94000244140625,60943400,212.5760009765625,208.367000579834,23.75,330.293,24180.419,4.3,0.0,0.0,0
2026-03-06,AMZN,214.9900054931641,217.32000732421875,212.52999877929688,213.2100067138672,213.2100067138672,51152700,213.218002319336,207.89300079345705,29.489999771118164,330.293,24180.419,4.3,0.0,0.0,0
2026-03-09,AMZN,210.4499969482422,213.82000732421875,207.1100006103516,213.4900054931641,213.4900054931641,54642900,214.23800354003907,208.0515007019043,25.5,330.293,24180.419,4.3,0.0,0.0,0
2026-03-10,AMZN,214.19000244140625,215.6499938964844,212.42999267578125,214.3300018310547,214.3300018310547,35678800,215.35800476074212,208.33200073242188,24.93000030517578,330.293,24180.419,4.3,0.0,0.0,0
2026-03-11,AMZN,215.7100067138672,217.0,211.3500061035156,212.6499938964844,212.6499938964844,34199300,214.5240020751953,208.61650009155272,24.229999542236328,330.293,24180.419,4.3,0.0,0.0,0
2026-03-12,AMZN,210.38999938964844,211.7100067138672,208.1499938964844,209.52999877929688,209.52999877929688,44349500,212.64200134277343,208.88899993896484,27.290000915527344,330.293,24180.419,4.3,0.0,0.0,0
2026-03-13,AMZN,209.6100006103516,210.5599975585937,206.22000122070312,207.6699981689453,207.6699981689453,35662100,211.53399963378905,209.2924995422364,27.190000534057617,330.293,24180.419,4.3,0.0,0.0,0
2026-03-16,AMZN,208.3500061035156,212.72000122070312,207.4499969482422,211.7400054931641,211.7400054931641,42209300,211.18399963378903,209.94000015258788,23.51000022888184,330.293,24180.419,4.3,0.0,0.0,0
2026-03-17,AMZN,212.82000732421875,215.6999969482422,212.42999267578125,215.1999969482422,215.1999969482422,44969900,211.35799865722657,210.6425003051758,22.3700008392334,330.293,24180.419,4.3,0.0,0.0,0
2026-03-18,AMZN,213.92999267578125,215.13999938964844,208.8300018310547,209.8699951171875,209.8699951171875,37846600,210.8019989013672,210.89650039672853,25.09000015258789,330.293,24180.419,4.3,0.0,0.0,0
2026-03-19,AMZN,207.0599975585937,209.1199951171875,206.0500030517578,208.759994506836,208.759994506836,36440600,210.647998046875,211.0915000915528,24.059999465942383,330.293,24180.419,4.3,0.0,0.0,0
2026-03-20,AMZN,207.3999938964844,207.5399932861328,204.32000732421875,205.3699951171875,205.3699951171875,63694600,210.18799743652343,210.85449981689453,26.780000686645508,330.293,24180.419,4.3,0.0,0.0,0
2026-03-23,AMZN,209.7899932861328,212.8000030517578,209.509994506836,210.13999938964844,210.13999938964844,44277400,209.8679962158203,211.0979995727539,26.14999961853028,330.293,24180.419,4.3,0.0,0.0,0
2026-03-24,AMZN,207.9499969482422,209.3500061035156,206.63999938964844,207.2400054931641,207.2400054931641,35351400,208.2759979248047,211.03199996948243,26.950000762939453,330.293,24180.419,4.3,0.0,0.0,0
2026-03-25,AMZN,211.5599975585937,213.07000732421875,209.8999938964844,211.7100067138672,211.7100067138672,36388800,208.6440002441406,211.08550033569333,25.32999992370605,330.293,24180.419,4.3,0.0,0.0,0
2026-03-26,AMZN,210.6100006103516,212.88999938964844,207.1199951171875,207.5399932861328,207.5399932861328,46746000,208.4,211.0665000915528,27.440000534057617,330.293,24180.419,4.3,0.0,0.0,0
2026-03-27,AMZN,206.4600067138672,206.6000061035156,199.13999938964844,199.33999633789065,199.33999633789065,56009800,207.19400024414065,210.53349990844723,31.049999237060547,330.293,24180.419,4.3,0.0,0.0,0
2026-03-30,AMZN,201.47999572753903,203.8000030517578,199.97999572753903,200.9499969482422,200.9499969482422,46373800,205.3559997558594,210.16149978637696,30.61000061035156,330.293,24180.419,4.3,0.0,0.0,0
2026-03-31,AMZN,204.8500061035156,210.27999877929688,204.13999938964844,208.2700042724609,208.2700042724609,58470100,205.5619995117188,210.13850021362305,25.25,330.293,24180.419,4.3,0.0,0.0,0
2026-04-01,AMZN,210.44000244140625,213.5800018310547,208.19000244140625,210.57000732421875,210.57000732421875,45955400,205.33399963378903,209.82600021362305,24.540000915527344,332.407,24180.419,4.3,0.0,0.0,0
2026-04-02,AMZN,206.5399932861328,212.2100067138672,204.8999938964844,209.7700042724609,209.7700042724609,31453000,205.78000183105468,209.36750030517572,23.8700008392334,332.407,24180.419,4.3,0.0,0.0,0
2026-04-06,AMZN,209.8000030517578,212.9499969482422,209.58999633789065,212.7899932861328,212.7899932861328,25385500,208.47000122070312,209.34649963378905,24.170000076293945,332.407,24180.419,4.3,0.0,0.0,0
2026-04-07,AMZN,211.2400054931641,213.97000122070312,209.0800018310547,213.7700042724609,213.7700042724609,28154600,211.03400268554688,209.3604995727539,25.780000686645508,332.407,24180.419,4.3,0.0,0.0,0
2026-04-08,AMZN,223.7899932861328,226.1000061035156,219.6199951171875,221.25,221.25,51092700,213.6300018310547,209.7064994812012,21.040000915527344,332.407,24180.419,4.3,0.0,0.0,0
2026-04-09,AMZN,225.22999572753903,233.8000030517578,223.2700042724609,233.6499938964844,233.6499938964844,65964200,218.24599914550785,210.7564994812012,19.489999771118164,332.407,24180.419,4.3,0.0,0.0,0
2026-04-10,AMZN,235.3000030517578,240.42999267578125,235.2100067138672,238.3800048828125,238.3800048828125,56912800,223.9679992675781,212.19899978637696,19.229999542236328,332.407,24180.419,4.3,0.0,0.0,0
2026-04-13,AMZN,237.4499969482422,240.0,235.75,239.88999938964844,239.88999938964844,42166200,229.38800048828125,213.8099998474121,19.1200008392334,332.407,24180.419,4.3,0.0,0.0,0
2026-04-14,AMZN,241.77999877929688,252.17999267578125,241.77999877929688,249.0200042724609,249.0200042724609,72685000,236.4380004882813,215.67399978637687,18.36000061035156,332.407,24180.419,4.3,0.0,0.0,0
2026-04-15,AMZN,249.25,250.44000244140625,247.1999969482422,248.5,248.5,43045200,241.88800048828125,217.33899993896483,18.170000076293945,332.407,24180.419,4.3,0.0,0.0,0
2026-04-16,AMZN,248.509994506836,250.0,244.1999969482422,249.6999969482422,249.6999969482422,41895700,245.0980010986328,219.3305000305176,17.940000534057617,332.407,24180.419,4.3,0.0,0.0,0
2026-04-17,AMZN,254.9900054931641,256.17999267578125,250.1100006103516,250.5599975585937,250.5599975585937,52029300,247.53399963378905,221.42050018310547,17.479999542236328,332.407,24180.419,4.3,0.0,0.0,0
2026-04-20,AMZN,249.19000244140625,250.17999267578125,245.3699951171875,248.27999877929688,248.27999877929688,39463100,249.2119995117188,223.5660003662109,18.8700008392334,332.407,24180.419,4.3,0.0,0.0,0
2026-04-21,AMZN,255.08999633789065,255.08999633789065,249.1000061035156,249.91000366210932,249.91000366210932,42922400,249.38999938964844,225.554500579834,19.5,332.407,24180.419,4.3,0.0,0.0,0
2026-04-22,AMZN,252.44000244140625,255.94000244140625,250.3300018310547,255.3600006103516,255.3600006103516,36065100,250.7619995117188,227.96050033569333,18.920000076293945,332.407,24180.419,4.3,0.0,0.0,0
2026-04-23,AMZN,255.38999938964844,258.7900085449219,253.07000732421875,255.0800018310547,255.0800018310547,39091400,251.83800048828124,230.1290000915528,19.309999465942383,332.407,24180.419,4.3,0.0,0.0,0
2026-04-24,AMZN,259.9800109863281,264.5,257.69000244140625,263.989990234375,263.989990234375,53777400,254.5239990234375,232.95149993896484,18.709999084472656,332.407,24180.419,4.3,0.0,0.0,0
2026-04-27,AMZN,263.4599914550781,264.1499938964844,260.3399963378906,261.1199951171875,261.1199951171875,44906800,257.0919982910156,236.04049987792968,18.020000457763672,332.407,24180.419,4.3,0.0,0.0,0
2026-04-28,AMZN,258.3900146484375,261.0299987792969,256.6300048828125,259.70001220703125,259.70001220703125,42204400,259.05,238.9780006408692,17.829999923706055,332.407,24180.419,4.3,0.0,0.0,0
2026-04-29,AMZN,257.989990234375,265.9100036621094,257.70001220703125,263.0400085449219,263.0400085449219,72367900,260.58600158691405,241.71650085449212,18.809999465942383,332.407,24180.419,4.3,0.0,0.0,0
2026-04-30,AMZN,273.1700134277344,273.8800048828125,256.1600036621094,265.0599975585937,265.0599975585937,100974900,262.5820007324219,244.4410003662109,16.889999389648438,332.407,24180.419,4.3,0.0,0.0,0
2026-05-01,AMZN,265.5799865722656,273.32000732421875,262.739990234375,268.260009765625,268.260009765625,50825200,263.4360046386719,247.3655006408692,16.989999771118164,333.979,24180.419,4.3,0.0,0.0,0
2026-05-04,AMZN,268.79998779296875,276.1000061035156,268.79998779296875,272.04998779296875,272.04998779296875,49083700,265.62200317382815,250.32850036621093,18.290000915527344,333.979,24180.419,4.3,0.0,0.0,0
2026-05-05,AMZN,276.0799865722656,278.5599975585937,272.3800048828125,273.54998779296875,273.54998779296875,41908500,268.3919982910156,253.3174995422364,17.3799991607666,333.979,24180.419,4.3,0.0,0.0,0
2026-05-06,AMZN,272.8900146484375,277.79998779296875,272.2099914550781,274.989990234375,274.989990234375,44552000,270.78199462890626,256.0044990539551,17.389999389648438,333.979,24180.419,4.3,0.0,0.0,0
2026-05-07,AMZN,275.0199890136719,276.6300048828125,270.489990234375,271.1700134277344,271.1700134277344,35892900,272.0039978027344,257.8805000305176,17.079999923706055,333.979,24180.419,4.3,0.0,0.0,0
2026-05-08,AMZN,271.6300048828125,274.0,269.95001220703125,272.67999267578125,272.67999267578125,34732700,272.88799438476565,259.595499420166,17.190000534057617,333.979,24180.419,4.3,0.0,0.0,0
2026-05-11,AMZN,269.8399963378906,273.6300048828125,268.4800109863281,268.989990234375,268.989990234375,38176700,272.2759948730469,261.05049896240234,18.3799991607666,333.979,24180.419,4.3,0.0,0.0,0
2026-05-12,AMZN,266.7099914550781,267.6499938964844,262.6300048828125,265.82000732421875,265.82000732421875,36776200,270.72999877929686,261.89049911499023,17.989999771118164,333.979,24180.419,4.3,0.0,0.0,0
2026-05-13,AMZN,264.42999267578125,270.7200012207031,263.20001220703125,270.1300048828125,270.1300048828125,39670900,269.75800170898435,262.97199935913085,17.8700008392334,333.979,24180.419,4.3,0.0,0.0,0
2026-05-14,AMZN,269.1499938964844,270.7799987792969,266.6300048828125,267.2200012207031,267.2200012207031,31338400,268.96799926757814,263.8479995727539,17.260000228881836,333.979,24180.419,4.3,0.0,0.0,0
2026-05-15,AMZN,262.5,264.3599853515625,260.8900146484375,264.1400146484375,264.1400146484375,40770300,267.2600036621094,264.5270004272461,18.43000030517578,333.979,24180.419,4.3,0.0,0.0,0
2026-05-18,AMZN,263.8699951171875,268.8500061035156,262.5299987792969,264.8599853515625,264.8599853515625,33690800,266.4340026855469,265.3559997558594,17.81999969482422,333.979,24180.419,4.3,0.0,0.0,0
2026-05-19,AMZN,262.0400085449219,262.25,255.19000244140625,259.3399963378906,259.3399963378906,40340700,265.13800048828125,265.82749938964844,18.059999465942383,333.979,24180.419,4.3,0.0,0.0,0
2026-05-20,AMZN,260.04998779296875,265.5799865722656,259.5299987792969,265.010009765625,265.010009765625,34933200,264.11400146484374,266.3099998474121,17.440000534057617,333.979,24180.419,4.3,0.0,0.0,0
2026-05-21,AMZN,263.5,269.489990234375,261.3699951171875,268.4599914550781,268.4599914550781,36591700,264.36199951171875,266.97899932861327,16.760000228881836,333.979,24180.419,4.3,0.0,0.0,0
2026-05-22,AMZN,268.6600036621094,269.7900085449219,266.239990234375,266.32000732421875,266.32000732421875,27535500,264.797998046875,267.09550018310546,16.700000762939453,333.979,24180.419,4.3,0.0,0.0,0
2026-05-26,AMZN,267.94000244140625,269.29998779296875,262.07000732421875,265.2900085449219,265.2900085449219,38028100,264.8840026855469,267.3040008544922,17.010000228881836,333.979,24180.419,4.3,0.0,0.0,0
2026-05-27,AMZN,266.1499938964844,272.4100036621094,265.70001220703125,271.8500061035156,271.8500061035156,40061900,267.38600463867186,267.91150054931643,16.290000915527344,333.979,24180.419,4.3,0.0,0.0,0
2026-05-28,AMZN,272.2699890136719,274.5,267.44000244140625,274.0,274.0,40630400,269.1840026855469,268.4595001220703,15.739999771118164,333.979,24180.419,4.3,0.0,0.0,0
2026-05-29,AMZN,271.2900085449219,274.75,269.6400146484375,270.6400146484375,270.6400146484375,54749600,269.6200073242188,268.7385009765625,15.31999969482422,333.979,24180.419,4.3,0.0,0.0,0
2026-06-01,AMZN,266.2900085449219,266.6300048828125,260.70001220703125,261.260009765625,261.260009765625,53604400,268.6080078125,268.3885009765625,16.049999237060547,332.568,24180.419,4.2,0.0,0.0,0
2026-06-02,AMZN,257.1600036621094,261.20001220703125,254.3699951171875,256.5199890136719,256.5199890136719,41811000,266.85400390625,267.6120010375977,15.770000457763672,332.568,24180.419,4.2,0.0,0.0,0
2026-06-03,AMZN,254.6999969482422,257.0899963378906,247.7100067138672,250.0200042724609,250.0200042724609,51394200,262.4880035400391,266.4355018615723,16.059999465942383,332.568,24180.419,4.2,0.0,0.0,0
2026-06-04,AMZN,253.1199951171875,255.8300018310547,251.75,253.7899932861328,253.7899932861328,35609800,258.4460021972656,265.37550201416013,15.399999618530272,332.568,24180.419,4.2,0.0,0.0,0
2026-06-05,AMZN,254.259994506836,256.3800048828125,245.77999877929688,246.02999877929688,246.02999877929688,55607800,253.5239990234375,264.1185012817383,21.51000022888184,332.568,24180.419,4.2,0.0,0.0,0
2026-06-08,AMZN,246.67999267578125,249.4199981689453,243.3600006103516,245.22000122070312,245.22000122070312,33899500,250.3159973144531,262.7455017089844,18.920000076293945,332.568,24180.419,4.2,0.0,0.0,0
2026-06-09,AMZN,247.72999572753903,250.42999267578125,240.3999938964844,244.19000244140625,244.19000244140625,44425400,247.85,261.505502319336,19.8700008392334,332.568,24180.419,4.2,0.0,0.0,0
2026-06-10,AMZN,243.6100006103516,244.07000732421875,237.4499969482422,238.0,238.0,38590200,245.4459991455078,260.114501953125,22.21999931335449,332.568,24180.419,4.2,0.0,0.0,0
2026-06-11,AMZN,237.92999267578125,242.13999938964844,235.17999267578125,241.509994506836,241.509994506836,41335400,242.98999938964843,258.68350143432616,19.440000534057617,332.568,24180.419,4.2,0.0,0.0,0
2026-06-12,AMZN,243.2100067138672,243.3600006103516,233.58999633789065,238.5500030517578,238.5500030517578,51186600,241.49400024414064,257.25000152587893,17.68000030517578,332.568,24180.419,4.2,0.0,0.0,0
2026-06-15,AMZN,245.0200042724609,247.8099975585937,244.72999572753903,246.0200042724609,246.0200042724609,41711600,241.65400085449212,256.34400100708007,16.200000762939453,332.568,24180.419,4.2,0.0,0.0,0
2026-06-16,AMZN,248.0,249.509994506836,245.4499969482422,246.0,246.0,35187400,242.01600036621093,255.401001739502,16.40999984741211,332.568,24180.419,4.2,0.0,0.0,0
2026-06-17,AMZN,244.8999938964844,245.91000366210932,236.0,237.5,237.5,44780800,241.9160003662109,254.30900192260745,18.440000534057617,332.568,24180.419,4.2,0.0,0.0,0
2026-06-18,AMZN,240.1199951171875,245.72999572753903,236.0200042724609,244.38999938964844,244.38999938964844,75624400,242.49200134277345,253.2780014038086,16.399999618530273,332.568,24180.419,4.2,0.0,0.0,0
2026-06-22,AMZN,240.0800018310547,242.0,232.2400054931641,232.7899932861328,232.7899932861328,68388500,241.33999938964843,251.49450149536133,17.280000686645508,332.568,24180.419,4.2,0.0,0.0,0
2026-06-23,AMZN,232.5500030517578,236.8699951171875,232.0,234.1100006103516,234.1100006103516,60492600,238.95799865722657,249.884001159668,19.489999771118164,332.568,24180.419,4.2,0.0,0.0,0
2026-06-24,AMZN,233.8500061035156,242.4199981689453,232.9499969482422,234.2700042724609,234.2700042724609,70282600,236.61199951171875,248.33300094604493,18.6299991607666,332.568,24180.419,4.2,0.0,0.0,0
2026-06-25,AMZN,232.0200042724609,232.32000732421875,225.5500030517578,227.009994506836,227.009994506836,77674100,234.513998413086,246.0910003662109,18.88999938964844,332.568,24180.419,4.2,0.0,0.0,0
2026-06-26,AMZN,227.2100067138672,233.8999938964844,226.1300048828125,232.69000244140625,232.69000244140625,248372100,232.1739990234375,244.02550048828124,18.40999984741211,332.568,24180.419,4.2,0.0,0.0,0
2026-06-29,AMZN,234.22000122070312,249.7100067138672,233.8000030517578,240.13999938964844,240.13999938964844,77619200,233.6440002441406,242.5004997253418,17.649999618530273,332.568,24180.419,4.2,0.0,0.0,0
2026-06-30,AMZN,237.3500061035156,241.5399932861328,237.1699981689453,238.33999633789065,238.33999633789065,66228300,234.48999938964843,241.35449905395507,16.450000762939453,332.568,24180.419,4.2,0.0,0.0,0
2026-07-01,AMZN,239.75,244.8999938964844,234.8999938964844,241.6999969482422,241.6999969482422,53829900,235.9759979248047,240.6134994506836,16.59000015258789,332.568,24180.419,4.2,0.0,0.0,0
2026-07-02,AMZN,241.6100006103516,246.72000122070312,241.0800018310547,242.6699981689453,242.6699981689453,48246400,239.10799865722657,240.24599914550785,16.149999618530273,332.568,24180.419,4.2,0.0,0.0,0
2026-07-06,AMZN,243.8000030517578,246.0399932861328,240.8800048828125,244.16000366210932,244.16000366210932,40044000,241.4019989013672,239.76449966430664,15.56999969482422,332.568,24180.419,4.2,0.0,0.0,0
2026-07-07,AMZN,246.97999572753903,248.92999267578125,242.6999969482422,245.97999572753903,245.97999572753903,40579600,242.5699981689453,239.7619995117188,16.1299991607666,332.568,24180.419,4.2,0.0,0.0,0
2026-07-08,AMZN,244.2700042724609,244.8000030517578,240.5200042724609,243.6199951171875,243.6199951171875,29653000,243.6259979248047,239.68199920654297,16.899999618530273,332.568,24180.419,4.2,0.0,0.0,0
2026-07-09,AMZN,239.82000732421875,247.5,238.25,247.0399932861328,247.0399932861328,38091700,244.6939971923828,239.8244987487793,15.84000015258789,332.568,24180.419,4.2,0.0,0.0,0
2026-07-10,AMZN,249.5500030517578,251.02999877929688,244.41000366210932,245.33999633789065,245.33999633789065,31654000,245.22799682617188,240.19149856567384,15.029999732971191,332.568,24180.419,4.2,0.0,0.0,0
2026-07-13,AMZN,244.67999267578125,249.6499938964844,244.17999267578125,247.3099975585937,247.3099975585937,34636100,245.8579956054688,240.4814987182617,17.15999984741211,332.568,24180.419,4.2,0.0,0.0,0
2026-07-14,AMZN,245.5500030517578,248.5599975585937,243.8000030517578,247.4900054931641,247.4900054931641,30108100,246.1599975585937,240.92849884033205,16.5,332.568,24180.419,4.2,0.0,0.0,0
2026-07-15,AMZN,249.75,256.4800109863281,249.75,254.9600067138672,254.9600067138672,45240600,248.4279998779297,241.3754989624024,15.670000076293944,332.568,24180.419,4.2,0.0,0.0,0
2026-07-16,AMZN,255.1199951171875,258.0799865722656,248.0,249.88999938964844,249.88999938964844,45343700,248.9980010986328,241.56999893188475,16.729999542236328,332.568,24180.419,4.2,0.0,0.0,0
2026-07-17,AMZN,244.4600067138672,250.2400054931641,243.58999633789065,247.22999572753903,247.22999572753903,43572400,249.3760009765625,242.0564987182617,18.770000457763672,332.568,24180.419,4.2,0.0,0.0,0
2026-07-20,AMZN,248.759994506836,252.88999938964844,248.0,249.9900054931641,249.9900054931641,32406500,249.91200256347656,242.3364990234375,18.64999961853028,332.568,24180.419,4.2,0.0,0.0,0
2026-07-21,AMZN,249.1100006103516,249.33999633789065,246.4199981689453,247.5500030517578,247.5500030517578,27732100,249.9240020751953,243.0744995117188,17.049999237060547,332.568,24180.419,4.2,0.0,0.0,0
