title,url,time_published,authors,summary,banner_image,source,category_within_source,source_domain,topics,overall_sentiment_score,overall_sentiment_label,ticker_sentiment
Banneker Ventures Secures $20 Million Loan from Amazon,https://www.citybiz.co/article/387108/banneker-ventures-secures-20-million-loan-from-amazon/,20230301T021543,['Omar A. Karim'],"Banneker Ventures, a Black-led construction firm, has obtained a $20 million loan from Amazon's Housing Equity Fund to construct an affordable housing project in Prince George’s County. The $45 million project will include 193 affordable housing units in Capitol Heights, with completion expected by 2025. This loan is crucial for the project, as stated by Banneker Ventures' founder Omar A. Karim, and the units will remain affordable for 99 years, targeting households earning 40% to 60% of the median regional income.",https://www.citybiz.co/wp-content/uploads/2023/03/Omar-A.-Karim.jpg,citybiz,General,citybiz,"[{'topic': 'real_estate', 'relevance_score': '1.000000'}, {'topic': 'finance', 'relevance_score': '0.802021'}]",0.425294,Bullish,"[{'ticker': 'AMZN', 'relevance_score': '1.000000', 'ticker_sentiment_score': '0.429663', 'ticker_sentiment_label': 'Bullish'}]"
Can you spot a fake website? Slowing down can save you from being scammed,https://www.straitstimes.com/opinion/can-you-spot-a-fake-website-slowing-down-can-save-you-from-being-scammed,20230301T022947,"['Yaniv Hanoch', 'Nicholas J. Kelley']","A study found that slowing down can significantly reduce the chances of falling victim to online scams, especially those involving fake websites. Scammers often create a sense of urgency to prevent careful evaluation, and participants given less time performed worse at identifying fake sites. The research suggests that analytical reasoning and deliberate action, rather than quick emotional responses, are key to distinguishing legitimate websites from fraudulent ones.",https://cassette.sphdigital.com.sg/image/straitstimes/5982c4272c87137d6b2847dc7676045066a9a47817c21503c7be7f0566ff9d1a,The Straits Times,General,The Straits Times,"[{'topic': 'finance', 'relevance_score': '0.846325'}, {'topic': 'technology', 'relevance_score': '0.743658'}]",0.111032,Neutral,"[{'ticker': 'FFIV', 'relevance_score': '0.740842', 'ticker_sentiment_score': '0.129906', 'ticker_sentiment_label': 'Neutral'}, {'ticker': 'AMZN', 'relevance_score': '0.614681', 'ticker_sentiment_score': '0.143842', 'ticker_sentiment_label': 'Neutral'}]"
5G Future Forum accelerating 5G and Edge Compute solutions around the world,https://about.rogers.com/news-ideas/5g-future-forum-accelerating-5g-and-edge-compute-solutions-around-the-world/,20230301T023949,[],"The 5G Future Forum (5GFF) demonstrated a first-of-its-kind music collaboration using its Edge Discovery Service (EDS) API, allowing guitarists in New York, Toronto, and London to sync their performance. This showcase, powered by Amazon Web Services, Rogers, Verizon, and Vodafone, highlights the potential of 5G and mobile edge compute technology for transforming global communication and collaboration. Rogers, a founding member of 5GFF, expressed pride in accelerating the delivery of these technologies.",https://about.rogers.com/wp-content/uploads/DSC05061.jpg,Rogers,General,Rogers,"[{'topic': 'technology', 'relevance_score': '1.000000'}]",0.248533,Somewhat-Bullish,"[{'ticker': 'KT', 'relevance_score': '0.342838', 'ticker_sentiment_score': '0.001867', 'ticker_sentiment_label': 'Neutral'}, {'ticker': 'VZ', 'relevance_score': '0.890463', 'ticker_sentiment_score': '0.306548', 'ticker_sentiment_label': 'Somewhat-Bullish'}, {'ticker': 'AMZN', 'relevance_score': '0.809242', 'ticker_sentiment_score': '0.346433', 'ticker_sentiment_label': 'Somewhat-Bullish'}, {'ticker': 'MSI', 'relevance_score': '0.616262', 'ticker_sentiment_score': '0.277372', 'ticker_sentiment_label': 'Somewhat-Bullish'}, {'ticker': 'CHTR', 'relevance_score': '0.587542', 'ticker_sentiment_score': '0.224455', 'ticker_sentiment_label': 'Somewhat-Bullish'}]"
OALC Top Holdings List & Exposure (OneAscent Large Cap Core ETF),https://www.marketbeat.com/stocks/NYSEARCA/OALC/holdings/,20230301T163850,[],"This article details the top holdings and exposure of the OneAscent Large Cap Core ETF (OALC), an equity fund focusing on large-cap strategies in North America. It lists the top 25 stock holdings, including NVIDIA, Microsoft, and Amazon.com, which collectively represent nearly 50% of the fund. The ETF's geographic, currency, sector, and industry exposures, primarily in the United States and technology, are also outlined.",https://mde-images.marketbeat.com/doc-conversion/2026/05/685b2ba509e3.png,MarketBeat,General,MarketBeat,"[{'topic': 'financial_markets', 'relevance_score': '0.914882'}, {'topic': 'technology', 'relevance_score': '0.816198'}, {'topic': 'finance', 'relevance_score': '0.727362'}, {'topic': 'life_sciences', 'relevance_score': '0.644421'}, {'topic': 'retail_wholesale', 'relevance_score': '0.645917'}]",0.202603,Somewhat-Bullish,"[{'ticker': 'OALC', 'relevance_score': '1.000000', 'ticker_sentiment_score': '0.225188', 'ticker_sentiment_label': 'Somewhat-Bullish'}, {'ticker': 'NVDA', 'relevance_score': '0.874212', 'ticker_sentiment_score': '0.234929', 'ticker_sentiment_label': 'Somewhat-Bullish'}, {'ticker': 'MSFT', 'relevance_score': '0.832592', 'ticker_sentiment_score': '0.247781', 'ticker_sentiment_label': 'Somewhat-Bullish'}, {'ticker': 'AMZN', 'relevance_score': '0.751107', 'ticker_sentiment_score': '0.230212', 'ticker_sentiment_label': 'Somewhat-Bullish'}, {'ticker': 'GOOGL', 'relevance_score': '0.712919', 'ticker_sentiment_score': '0.231452', 'ticker_sentiment_label': 'Somewhat-Bullish'}]"
IWV Top Holdings List & Exposure (iShares Russell 3000 ETF),https://www.marketbeat.com/stocks/NYSEARCA/IWV/holdings/,20230301T235203,['MarketBeat.com Staff'],"This article details the top holdings of the iShares Russell 3000 ETF (IWV), an equity fund investing in publicly traded companies primarily in North America. The top 25 holdings are listed by weight, with NVIDIA, Apple, and Microsoft leading. It also provides a breakdown of IWV's geographic, currency, sector, and industry exposures, showing a significant concentration in the United States and the Technology sector.",https://www.marketbeat.com/logos/thumbnail/ishares-russell-3000-etf-logo.png?v=20210809124321,MarketBeat,General,MarketBeat,"[{'topic': 'financial_markets', 'relevance_score': '0.911628'}, {'topic': 'technology', 'relevance_score': '0.845776'}, {'topic': 'finance', 'relevance_score': '0.738528'}, {'topic': 'life_sciences', 'relevance_score': '0.635750'}, {'topic': 'retail_wholesale', 'relevance_score': '0.606381'}]",0.274558,Somewhat-Bullish,"[{'ticker': 'IWV', 'relevance_score': '1.000000', 'ticker_sentiment_score': '0.285352', 'ticker_sentiment_label': 'Somewhat-Bullish'}, {'ticker': 'NVDA', 'relevance_score': '0.924034', 'ticker_sentiment_score': '0.344463', 'ticker_sentiment_label': 'Somewhat-Bullish'}, {'ticker': 'AAPL', 'relevance_score': '0.855727', 'ticker_sentiment_score': '0.129797', 'ticker_sentiment_label': 'Neutral'}, {'ticker': 'MSFT', 'relevance_score': '0.808354', 'ticker_sentiment_score': '0.219965', 'ticker_sentiment_label': 'Somewhat-Bullish'}, {'ticker': 'AMZN', 'relevance_score': '0.772990', 'ticker_sentiment_score': '0.319365', 'ticker_sentiment_label': 'Somewhat-Bullish'}]"
Amazon Business Launches 3-Way Match for Mobile App,https://www.businesswire.com/news/home/20230302005275/en/Amazon-Business-Launches-3-Way-Match-for-Mobile-App,20230302T021542,[],"Amazon Business has launched a 3-Way Match feature on its mobile app, allowing users to scan package barcodes to automatically mark items as received. This new tool, available in the U.S., helps businesses improve procurement, automate reporting, and ensure accuracy in purchase payments by matching purchase orders, invoices, and receipts from anywhere at no additional cost. The feature aims to streamline processes, save time, and reduce the risk of incorrect or fraudulent payments.",https://mms.businesswire.com/media/20230302005275/en/1728027/4/Amazon_Business_3-way-match-product-launch-image.jpg?download=1,Business Wire,General,Business Wire,"[{'topic': 'retail_wholesale', 'relevance_score': '0.923639'}, {'topic': 'technology', 'relevance_score': '0.831091'}]",0.456773,Bullish,"[{'ticker': 'AMZN', 'relevance_score': '1.000000', 'ticker_sentiment_score': '0.480430', 'ticker_sentiment_label': 'Bullish'}]"
Tesla union labor battle shows need for church’s leadership and teaching voice,https://www.osvnews.com/tesla-union-labor-battle-shows-need-for-churchs-leadership-and-teaching-voice/,20230302T084300,['Kimberley Heatherington'],"A labor dispute at Tesla's Buffalo plant, where employees allege retaliatory firings for unionizing efforts, highlights the need for the Catholic Church to reassert its social teaching on labor rights. Despite general public approval for unions, membership rates are historically low nationwide. The article argues that the Catholic Church, with its rich history of advocating for workers' rights, has a crucial role to play in guiding the modern labor movement.",https://www.osvnews.com/wp-content/uploads/2023/03/20230227T1130-TESLA-UNION-BATTLE-2023-1756710-1024x683.jpg,OSV News,General,OSV News,"[{'topic': 'technology', 'relevance_score': '0.822762'}, {'topic': 'manufacturing', 'relevance_score': '0.707596'}, {'topic': 'economy_macro', 'relevance_score': '0.628988'}]",-0.228558,Somewhat-Bearish,"[{'ticker': 'TSLA', 'relevance_score': '1.000000', 'ticker_sentiment_score': '-0.336929', 'ticker_sentiment_label': 'Somewhat-Bearish'}, {'ticker': 'SBUX', 'relevance_score': '0.644549', 'ticker_sentiment_score': '-0.218256', 'ticker_sentiment_label': 'Somewhat-Bearish'}, {'ticker': 'AMZN', 'relevance_score': '0.590805', 'ticker_sentiment_score': '-0.128707', 'ticker_sentiment_label': 'Neutral'}]"
8 in-demand creative skills for freelancers―many can pay more than $100 per hour,https://www.cnbc.com/2023/03/02/in-demand-creative-skills-for-freelancers.html,20230302T091600,['Gili Malinsky'],"Freelancing remains a popular career choice in the U.S., with many workers planning to continue or start freelancing in 2023. While tech and marketing skills are in demand, creative skills also offer significant opportunities, with some paying over $100 per hour. Upwork identified eight top in-demand creative skills for freelancers this year, including graphic design, video editing, 3D animation, and product design.",,CNBC,General,CNBC,"[{'topic': 'economy_macro', 'relevance_score': '0.848202'}]",0.34785,Somewhat-Bullish,"[{'ticker': 'UPWK', 'relevance_score': '1.000000', 'ticker_sentiment_score': '0.523340', 'ticker_sentiment_label': 'Bullish'}, {'ticker': 'ADBE', 'relevance_score': '0.615639', 'ticker_sentiment_score': '0.334730', 'ticker_sentiment_label': 'Somewhat-Bullish'}, {'ticker': 'AMZN', 'relevance_score': '0.639778', 'ticker_sentiment_score': '0.274564', 'ticker_sentiment_label': 'Somewhat-Bullish'}, {'ticker': 'META', 'relevance_score': '0.633005', 'ticker_sentiment_score': '0.271358', 'ticker_sentiment_label': 'Somewhat-Bullish'}, {'ticker': 'MSFT', 'relevance_score': '0.603504', 'ticker_sentiment_score': '0.290266', 'ticker_sentiment_label': 'Somewhat-Bullish'}]"
VT vs ACWI ETF: Which is the Best World ETF?,https://drwealth.com/vt-vs-acwi-etf/,20230303T000000,['Yen Yee'],"This article compares two popular World ETFs, Vanguard's Total World Stock Index Fund ETF (VT) and iShares' MSCI ACWI ETF (ACWI), to help investors decide which is best for their portfolio. It delves into their differences in expense ratios, underlying indices, geographical breakdown, number of constituents, dividend yields, and fund managers, as well as their similarities in strategy, purpose, returns, liquidity, and sector breakdown. The author concludes that VT offers a lower expense ratio and exposure to smaller-cap companies, which might appeal to investors seeking that longer-tail exposure.",,Dr Wealth,General,Dr Wealth,"[{'topic': 'financial_markets', 'relevance_score': '0.948931'}, {'topic': 'finance', 'relevance_score': '0.845191'}, {'topic': 'economy_macro', 'relevance_score': '0.649590'}]",0.217199,Somewhat-Bullish,"[{'ticker': 'ACWI', 'relevance_score': '1.000000', 'ticker_sentiment_score': '0.147091', 'ticker_sentiment_label': 'Neutral'}, {'ticker': 'AAPL', 'relevance_score': '0.736756', 'ticker_sentiment_score': '0.240618', 'ticker_sentiment_label': 'Somewhat-Bullish'}, {'ticker': 'MSFT', 'relevance_score': '0.709541', 'ticker_sentiment_score': '0.231395', 'ticker_sentiment_label': 'Somewhat-Bullish'}, {'ticker': 'AMZN', 'relevance_score': '0.728088', 'ticker_sentiment_score': '0.248939', 'ticker_sentiment_label': 'Somewhat-Bullish'}]"
"Amazon delays HQ2's second phase in Pentagon City, updates hiring count",https://www.bizjournals.com/washington/news/2023/03/03/amazon-penplace-hq2-delay.html,20230303T023807,['Hannah Denham'],"Amazon has delayed the second phase of its HQ2 buildout, known as PenPlace, in Pentagon City. Despite this delay, the company reaffirms its commitment to hire 25,000 employees at HQ2. This update comes amidst previous decisions by Amazon to vacate office spaces and adjust return-to-office plans.",https://media.bizj.us/view/img/12133416/penplace-helix*900xx1622-912-0-56.png,The Business Journals,General,The Business Journals,"[{'topic': 'real_estate', 'relevance_score': '0.908119'}, {'topic': 'retail_wholesale', 'relevance_score': '0.738333'}, {'topic': 'technology', 'relevance_score': '0.632528'}]",-0.14938,Neutral,"[{'ticker': 'JBGS', 'relevance_score': '0.331223', 'ticker_sentiment_score': '0.009868', 'ticker_sentiment_label': 'Neutral'}, {'ticker': 'AMZN', 'relevance_score': '1.000000', 'ticker_sentiment_score': '-0.219709', 'ticker_sentiment_label': 'Somewhat-Bearish'}]"
Amazon is pushing back construction on Arlington-based HQ2,https://technical.ly/civic-news/amazon-hq2-arlington-virginia-construction-paused/,20230303T023807,['Michaela Althouse'],"Amazon has announced it is pausing construction on the second phase of its HQ2 in Arlington, Virginia, known as PenPlace. While the first phase, Metropolitan Park, is set to open this summer, the company cited the need to evaluate space plans and sufficient capacity in Metropolitan Park for 14,000 employees as reasons for the delay. This decision follows recent layoffs and a new return-to-work policy requiring employees to be in the office three days a week.",https://technical.ly/wp-content/uploads/2022/04/amazonhq2forest-e1664311629929.jpg,Technical.ly,General,Technical.ly,"[{'topic': 'real_estate', 'relevance_score': '0.915528'}, {'topic': 'technology', 'relevance_score': '0.840256'}, {'topic': 'economy_macro', 'relevance_score': '0.646354'}, {'topic': 'retail_wholesale', 'relevance_score': '0.642006'}]",0.010155,Neutral,"[{'ticker': 'JBGS', 'relevance_score': '0.317703', 'ticker_sentiment_score': '0.014218', 'ticker_sentiment_label': 'Neutral'}, {'ticker': 'BXP', 'relevance_score': '0.820373', 'ticker_sentiment_score': '0.142571', 'ticker_sentiment_label': 'Neutral'}, {'ticker': 'AMZN', 'relevance_score': '1.000000', 'ticker_sentiment_score': '-0.121527', 'ticker_sentiment_label': 'Neutral'}]"
Amazon delays construction on HQ2 in Northern Virginia,https://www.bizjournals.com/seattle/news/2023/03/03/amazon-penplace-hq2-delay.html,20230303T023807,['Hannah Denham'],"Amazon has announced delays in the construction of its HQ2 in Northern Virginia, specifically impacting the PenPlace phase. Despite the construction delay, the company still intends to hire 25,000 employees for the HQ2 project. The updated timeline for PenPlace remains uncertain.",https://media.bizj.us/view/img/12133416/penplace-helix*900xx1622-912-0-56.png,The Business Journals,General,The Business Journals,"[{'topic': 'real_estate', 'relevance_score': '0.941524'}, {'topic': 'technology', 'relevance_score': '0.731867'}, {'topic': 'economy_macro', 'relevance_score': '0.609642'}]",-0.145833,Neutral,"[{'ticker': 'JBGS', 'relevance_score': '0.340924', 'ticker_sentiment_score': '0.043556', 'ticker_sentiment_label': 'Neutral'}, {'ticker': 'AMZN', 'relevance_score': '1.000000', 'ticker_sentiment_score': '-0.272751', 'ticker_sentiment_label': 'Somewhat-Bearish'}]"
"Best Buy, Walmart, other major US retailers tout health services",https://www.reuters.com/business/retail-consumer/us-retailers-best-buy-tout-health-services-2023-03-02/,20230303T124500,['Katherine Masters'],"Major U.S. retailers like Best Buy, Walmart, and Amazon are expanding into healthcare and health-related products as inflation-wary Americans prioritize services over goods. Best Buy has partnered with Atrium Health for a hospital-at-home program, Walmart announced new health centers, and Amazon acquired One Medical. This strategic shift aims to tap into the resilient healthcare market and offset declining discretionary spending on electronics and other goods.",https://www.reuters.com/resizer/v2/https%3A%2F%2Fcloudfront-us-east-2.images.arcpublishing.com%2Freuters%2FG7PBH2V3TNJUXB6X26YPNF27Y4.JPG?auth=163c4672e811ac013f9f257a07994fa25d30ddb9e287865f3f4c66708765275e&width=1200&height=630&quality=80&smart=true,Reuters,General,Reuters,"[{'topic': 'retail_wholesale', 'relevance_score': '0.904463'}, {'topic': 'life_sciences', 'relevance_score': '0.828782'}, {'topic': 'mergers_and_acquisitions', 'relevance_score': '0.742131'}, {'topic': 'economy_macro', 'relevance_score': '0.729531'}, {'topic': 'earnings', 'relevance_score': '0.619949'}]",0.140502,Neutral,"[{'ticker': 'BBY', 'relevance_score': '1.000000', 'ticker_sentiment_score': '0.275085', 'ticker_sentiment_label': 'Somewhat-Bullish'}, {'ticker': 'WMT', 'relevance_score': '0.828177', 'ticker_sentiment_score': '0.085128', 'ticker_sentiment_label': 'Neutral'}, {'ticker': 'AMZN', 'relevance_score': '0.709788', 'ticker_sentiment_score': '0.054746', 'ticker_sentiment_label': 'Neutral'}]"
The Victoria’s Secret Fashion Show Returns to TV in September,https://www.wmagazine.com/fashion/victorias-secret-fashion-show-return-date-models-info,20230306T030111,['Carolyn Twersky Winkler'],"The Victoria's Secret Fashion Show is returning in September after a four-year hiatus, rebranded as ""The Tour."" This new iteration aims to be a fashion event and documentary celebrating women and global creatives, streaming on Prime Video. The show seeks to address past controversies by emphasizing inclusivity, featuring a mix of returning ""Angels"" and newcomers, and allowing viewers to shop pieces inspired by the event.",https://imgix.bustle.com/uploads/image/2023/3/6/39a289d8-bd58-4cba-b924-622ad3f0dabc-gettyimages-1062030602.jpg?w=374&h=285&fit=crop&crop=focalpoint&dpr=2&fp-x=0.5027&fp-y=0.2866,W Magazine,General,W Magazine,"[{'topic': 'retail_wholesale', 'relevance_score': '0.933724'}]",0.123685,Neutral,"[{'ticker': 'VSCO', 'relevance_score': '1.000000', 'ticker_sentiment_score': '0.106105', 'ticker_sentiment_label': 'Neutral'}, {'ticker': 'AMZN', 'relevance_score': '0.729835', 'ticker_sentiment_score': '0.108429', 'ticker_sentiment_label': 'Neutral'}, {'ticker': 'WBD', 'relevance_score': '0.622530', 'ticker_sentiment_score': '0.133504', 'ticker_sentiment_label': 'Neutral'}]"
Sprouts' latest real estate strategy means WA grocery store closure,https://www.bizjournals.com/seattle/news/2023/03/07/sprouts-unveils-new-real-estate-strategy.html,20230307T025403,['Brandon Brown'],"Sprouts Farmers Market announced it would be closing grocery stores in Washington, Texas, California, Georgia, and Florida, as part of its latest real estate strategy. The Phoenix-based specialty grocery chain is implementing these closures across multiple states. This move reflects a broader strategic shift for the company.",https://media.bizj.us/view/img/12315618/sprouts-storewide-interior-2*900xx1820-1024-0-28.jpg,The Business Journals,General,The Business Journals,"[{'topic': 'retail_wholesale', 'relevance_score': '0.907852'}, {'topic': 'real_estate', 'relevance_score': '0.740439'}]",-0.182315,Somewhat-Bearish,"[{'ticker': 'SFM', 'relevance_score': '0.308906', 'ticker_sentiment_score': '0.019829', 'ticker_sentiment_label': 'Neutral'}, {'ticker': 'AMZN', 'relevance_score': '0.709499', 'ticker_sentiment_score': '-0.337633', 'ticker_sentiment_label': 'Somewhat-Bearish'}, {'ticker': 'KR', 'relevance_score': '0.607182', 'ticker_sentiment_score': '-0.147113', 'ticker_sentiment_label': 'Neutral'}]"
"Walmart will derive more profit from services, ad sales in next 5 years -CFO",https://www.reuters.com/business/retail-consumer/walmart-will-derive-more-profit-services-ad-sales-next-5-years-cfo-2023-03-07/,20230307T030206,['Reuters'],"Walmart expects its future profitability to increasingly come from advertising sales on Walmart.com and fees from its online marketplace and delivery services, rather than traditional merchandise sales. CFO John David Rainey stated that these higher-margin, faster-growing segments will significantly shift the company's profit composition over the next five years. This strategic pivot mirrors other major retailers investing in retail media and third-party marketplaces.",https://www.reuters.com/resizer/v2/SLYWZ6U6XJNSXL7JKW6BAW2BNE.jpg?auth=70902a918cef48989863ce1590bee72ef97e67e43abfa20e29848cc5cd385369&width=1080&quality=80,Reuters,General,Reuters,"[{'topic': 'retail_wholesale', 'relevance_score': '0.949592'}, {'topic': 'earnings', 'relevance_score': '0.832472'}]",0.301808,Somewhat-Bullish,"[{'ticker': 'WMT', 'relevance_score': '1.000000', 'ticker_sentiment_score': '0.436713', 'ticker_sentiment_label': 'Bullish'}, {'ticker': 'AMZN', 'relevance_score': '0.726708', 'ticker_sentiment_score': '0.324468', 'ticker_sentiment_label': 'Somewhat-Bullish'}, {'ticker': 'TGT', 'relevance_score': '0.630703', 'ticker_sentiment_score': '0.294652', 'ticker_sentiment_label': 'Somewhat-Bullish'}, {'ticker': 'TSCO', 'relevance_score': '0.562812', 'ticker_sentiment_score': '0.237681', 'ticker_sentiment_label': 'Somewhat-Bullish'}]"
Amazon worker loses bid for California class action over remote work expenses,https://www.reuters.com/legal/amazon-worker-loses-bid-california-class-action-over-remote-work-expenses-2023-03-07/,20230307T080400,['Daniel Wiessner'],"A U.S. District Judge in San Francisco denied a class action lawsuit against Amazon seeking reimbursement for remote work expenses for nearly 7,000 California workers. The judge stated that the plaintiff failed to prove a company-wide policy of non-reimbursement, noting that many workers had received some reimbursement. The denial was without prejudice, allowing the plaintiff to refile with a revised class.",https://www.reuters.com/resizer/v2/U63WLCQLRBJABNLUMJKJ4TXKE4.jpg?auth=d6eaddb17b23efda60c3151757f4831417098c94b1132e24d5a70be81df4f149&width=1920&quality=80,Reuters,General,Reuters,"[{'topic': 'finance', 'relevance_score': '0.831438'}]",0.161092,Somewhat-Bullish,"[{'ticker': 'AMZN', 'relevance_score': '1.000000', 'ticker_sentiment_score': '0.295010', 'ticker_sentiment_label': 'Somewhat-Bullish'}, {'ticker': 'IBM', 'relevance_score': '0.607546', 'ticker_sentiment_score': '0.126791', 'ticker_sentiment_label': 'Neutral'}, {'ticker': 'ORCL', 'relevance_score': '0.612138', 'ticker_sentiment_score': '0.121515', 'ticker_sentiment_label': 'Neutral'}]"
News | Salesforce Executive Calls In-Office Work Critical to Tech Giant’s Profitability,https://www.costar.com/article/1422897950/salesforce-executive-calls-in-office-work-critical-to-tech-giants-profitability,20230307T134900,['Katie Burke'],"Salesforce's Chief Operating Officer Brian Millham states that in-person work is crucial for the company's future growth and profitability, reversing a previous stance on remote work. He noted a drop in productivity among remote employees during the pandemic. The company's shift back to a hybrid model, requiring sales and service employees in the office four days a week, appears to be positively impacting revenue growth.",,CoStar,General,CoStar,"[{'topic': 'technology', 'relevance_score': '0.831216'}, {'topic': 'earnings', 'relevance_score': '0.727529'}, {'topic': 'economy_macro', 'relevance_score': '0.622999'}]",0.196431,Somewhat-Bullish,"[{'ticker': 'CRM', 'relevance_score': '1.000000', 'ticker_sentiment_score': '0.309827', 'ticker_sentiment_label': 'Somewhat-Bullish'}, {'ticker': 'AMZN', 'relevance_score': '0.627640', 'ticker_sentiment_score': '0.143340', 'ticker_sentiment_label': 'Neutral'}, {'ticker': 'META', 'relevance_score': '0.644282', 'ticker_sentiment_score': '0.133282', 'ticker_sentiment_label': 'Neutral'}, {'ticker': 'TSLA', 'relevance_score': '0.641495', 'ticker_sentiment_score': '0.110005', 'ticker_sentiment_label': 'Neutral'}]"
Microsoft adding to far West Side data center with $175.9 million expansion project this year,https://www.expressnews.com/business/article/microsoft-data-center-expansion-texas-17826859.php,20230308T024402,['Eric Killelea'],"Microsoft is planning a $175.9 million expansion of its data center in San Antonio's Texas Research Park, dubbed ""SAT40."" Construction on the 153,227-square-foot facility is set to begin in June and finish in September 2023. This is the latest in a series of data center investments by Microsoft in the area, driven by increasing demand for cloud technology despite recent company-wide layoffs.",https://cdn-channels-pixel.ex.co/events/0012000001fxZm9AAE?integrationType=DEFAULT&template=design%2Farticle%2Fplatypus_two_column.tpl,San Antonio Express-News,General,San Antonio Express-News,"[{'topic': 'real_estate', 'relevance_score': '0.924682'}, {'topic': 'technology', 'relevance_score': '0.820502'}]",0.355122,Bullish,"[{'ticker': 'MSFT', 'relevance_score': '1.000000', 'ticker_sentiment_score': '0.494356', 'ticker_sentiment_label': 'Bullish'}, {'ticker': 'AMZN', 'relevance_score': '0.616174', 'ticker_sentiment_score': '0.337208', 'ticker_sentiment_label': 'Somewhat-Bullish'}, {'ticker': 'META', 'relevance_score': '0.615685', 'ticker_sentiment_score': '0.307294', 'ticker_sentiment_label': 'Somewhat-Bullish'}, {'ticker': 'DLR', 'relevance_score': '0.634104', 'ticker_sentiment_score': '0.371702', 'ticker_sentiment_label': 'Bullish'}, {'ticker': 'EQIX', 'relevance_score': '0.595918', 'ticker_sentiment_score': '0.367372', 'ticker_sentiment_label': 'Bullish'}]"
What Are Optimization Problems? How QCI’s Unique Quantum Approach Can Help Organizations Solve Complex Problems Across Industries,https://thequantuminsider.com/2023/03/08/what-are-optimization-problems-how-qcis-unique-quantum-approach-can-help-organizations-solve-complex-problems-across-industries/,20230308T025100,['Matt Swayne'],"This article explains optimization problems, which involve finding the best solution given various constraints, and how businesses can benefit from solving them. It highlights why quantum computers, specifically QCI's Dirac devices with their qudit approach, are well-suited to tackle these complex problems that often exceed the capabilities of classical computers. The piece details QCI's successful application in real-world scenarios, such as optimizing sensor placement for BMW and supply chain logistics, and discusses the future of quantum solutions in achieving quantum advantage for difficult business challenges.",https://thequantuminsider.com/wp-content/uploads/2023/03/blue-optimal-path-among-all-possible-movement-options-.jpg,The Quantum Insider,General,The Quantum Insider,"[{'topic': 'technology', 'relevance_score': '0.942358'}]",0.243889,Somewhat-Bullish,"[{'ticker': 'QUBT', 'relevance_score': '1.000000', 'ticker_sentiment_score': '0.454732', 'ticker_sentiment_label': 'Bullish'}, {'ticker': 'AMZN', 'relevance_score': '0.646802', 'ticker_sentiment_score': '0.123491', 'ticker_sentiment_label': 'Neutral'}, {'ticker': 'IBM', 'relevance_score': '0.597318', 'ticker_sentiment_score': '0.120424', 'ticker_sentiment_label': 'Neutral'}]"
Why Doesn’t Airbnb Have a Loyalty Program?,https://www.nerdwallet.com/travel/learn/airbnb-loyalty-program-where-is-it,20230308T045000,"['Sam Kemmis', 'Meg Lee']","Despite users expressing interest and a past announcement of a ""Superguest"" program in 2018, Airbnb has not implemented a loyalty program. The company's significant success and strong market position, coupled with a lack of reliance on business travelers who typically drive loyalty programs, are cited as key reasons for this absence. For frequent travelers seeking rewards, hotel loyalty programs remain a viable alternative.",,NerdWallet,General,NerdWallet,"[{'topic': 'retail_wholesale', 'relevance_score': '0.917268'}, {'topic': 'finance', 'relevance_score': '0.737698'}, {'topic': 'economy_macro', 'relevance_score': '0.625708'}]",-0.041524,Neutral,"[{'ticker': 'ABNB', 'relevance_score': '0.991157', 'ticker_sentiment_score': '0.146788', 'ticker_sentiment_label': 'Neutral'}, {'ticker': 'AMZN', 'relevance_score': '0.608479', 'ticker_sentiment_score': '0.006972', 'ticker_sentiment_label': 'Neutral'}, {'ticker': 'BKNG', 'relevance_score': '0.588740', 'ticker_sentiment_score': '-0.118497', 'ticker_sentiment_label': 'Neutral'}, {'ticker': 'EXPE', 'relevance_score': '0.561806', 'ticker_sentiment_score': '-0.131285', 'ticker_sentiment_label': 'Neutral'}]"
Chinese MRO procurement platform ZKH Group files for $200M US IPO,https://www.proactiveinvestors.ca/companies/news/1008451/chinese-mro-procurement-platform-zkh-group-files-for-200m-us-ipo-1008451.html?region=ca,20230308T210928,['Emily Jarvie'],"ZKH Group Ltd, a Chinese maintenance repair and operations (MRO) procurement service platform, has filed with the SEC for an initial public offering in the US, aiming to raise up to $200 million. The Shanghai-based company plans to list on the New York Stock Exchange under the ticker symbol ""ZKH"". This IPO, underwritten by Goldman Sachs and China Renaissance, would be the largest US IPO from a Chinese issuer since October 2021.",https://cdn.proactiveinvestors.com/eyJidWNrZXQiOiJwYS1jZG4iLCJrZXkiOiJ1cGxvYWRcL05ld3NcL0ltYWdlXC8yMDIzXzA3XC9TY3JlZW5zaG90LTIwMjMtMDMtMTAtYXQtNy0yOC01MS1BTS5qcGciLCJlZGl0cyI6eyJyZXNpemUiOnsid2lkdGgiOjEyODAsImhlaWdodCI6NzIwLCJmaXQiOiJjb3ZlciJ9fX0=,Proactive financial news,General,Proactive financial news,"[{'topic': 'ipo', 'relevance_score': '1.000000'}]",0.21965,Somewhat-Bullish,"[{'ticker': 'ZKH', 'relevance_score': '1.000000', 'ticker_sentiment_score': '0.302505', 'ticker_sentiment_label': 'Somewhat-Bullish'}, {'ticker': 'GS', 'relevance_score': '0.705632', 'ticker_sentiment_score': '0.218768', 'ticker_sentiment_label': 'Somewhat-Bullish'}, {'ticker': 'AMZN', 'relevance_score': '0.602338', 'ticker_sentiment_score': '0.101183', 'ticker_sentiment_label': 'Neutral'}]"
Chinese MRO procurement platform ZKH Group files for $200M US IPO,https://www.proactiveinvestors.com/companies/news/1008451/chinese-mro-procurement-platform-zkh-group-files-for-200m-us-ipo-1008451.html?region=ca&region=ca,20230308T220910,['Emily Jarvie'],"ZKH Group Ltd, a Chinese maintenance, repair, and operations (MRO) procurement service platform, has filed for an Initial Public Offering (IPO) in the US, aiming to raise up to $200 million. The Shanghai-based company plans to list on the New York Stock Exchange under the ticker ""ZKH,"" with Goldman Sachs and China Renaissance acting as joint underwriters. If successful, this would be the largest US IPO by a Chinese issuer since October 2021.",https://cdn.proactiveinvestors.com/eyJidWNrZXQiOiJwYS1jZG4iLCJrZXkiOiJ1cGxvYWRcL05ld3NcL0ltYWdlXC8yMDIzXzAzXC9zaHV0dGVyc3RvY2stMTQzNjUyODQxNC5qcGciLCJlZGl0cyI6eyJyZXNpemUiOnsid2lkdGgiOjEyODAsImhlaWdodCI6NzIwLCJmaXQiOiJjb3ZlciJ9fX0=,Proactive financial news,General,Proactive financial news,"[{'topic': 'ipo', 'relevance_score': '1.000000'}, {'topic': 'financial_markets', 'relevance_score': '0.919354'}, {'topic': 'finance', 'relevance_score': '0.820221'}, {'topic': 'technology', 'relevance_score': '0.623555'}]",0.235307,Somewhat-Bullish,"[{'ticker': 'ZKH', 'relevance_score': '1.000000', 'ticker_sentiment_score': '0.444897', 'ticker_sentiment_label': 'Bullish'}, {'ticker': 'GS', 'relevance_score': '0.733413', 'ticker_sentiment_score': '0.214985', 'ticker_sentiment_label': 'Somewhat-Bullish'}, {'ticker': 'AMZN', 'relevance_score': '0.631281', 'ticker_sentiment_score': '0.137933', 'ticker_sentiment_label': 'Neutral'}]"
Southwest Airlines Partners With Amazon After the Colossal Mess That Was Late 2022,https://www.insidehook.com/travel/southwest-airlines-amazon-web-services,20230309T024141,['Amanda Gabriele'],"After its significant operational meltdown in late 2022, Southwest Airlines has announced a partnership with Amazon Web Services (AWS). This collaboration aims to enhance Southwest's reliability by using AWS for ticket booking, flight operations optimization, customer interactions, and crew scheduling. The airline hopes this technological upgrade will prevent future travel disruptions and improve overall efficiency.",https://www.insidehook.com/wp-content/uploads/2023/03/GettyImages-1452777059.jpg?fit=1200%2C800,InsideHook,General,InsideHook,"[{'topic': 'technology', 'relevance_score': '0.841689'}, {'topic': 'energy_transportation', 'relevance_score': '0.744398'}]",0.236858,Somewhat-Bullish,"[{'ticker': 'LUV', 'relevance_score': '0.994192', 'ticker_sentiment_score': '0.312435', 'ticker_sentiment_label': 'Somewhat-Bullish'}, {'ticker': 'AMZN', 'relevance_score': '0.883250', 'ticker_sentiment_score': '0.258362', 'ticker_sentiment_label': 'Somewhat-Bullish'}, {'ticker': 'UAL', 'relevance_score': '0.610529', 'ticker_sentiment_score': '0.121567', 'ticker_sentiment_label': 'Neutral'}, {'ticker': 'EXPE', 'relevance_score': '0.550081', 'ticker_sentiment_score': '0.143043', 'ticker_sentiment_label': 'Neutral'}]"
QVC launches accessible and adaptive products line with Selma Blair,https://www.bizjournals.com/bizwomen/news/latest-news/2023/03/qvc-launches-dedicated-accessible-and-adaptive.html,20230309T025104,['Anne Stych'],"QVC has launched ""Accessible Living,"" a new on-air show and product category dedicated to home products that facilitate everyday tasks and independent living. Actress Selma Blair, who lives with MS, has partnered with QVC as the brand ambassador for this initiative.",https://media.bizj.us/view/img/12465896/selma-blair-sitting-on-couch-with-scoutmarch-2023lower-res*900xx1200-676-0-32.jpg,The Business Journals,General,The Business Journals,"[{'topic': 'retail_wholesale', 'relevance_score': '0.937461'}, {'topic': 'finance', 'relevance_score': '0.612326'}]",-0.114698,Neutral,"[{'ticker': 'QVCC', 'relevance_score': '0.341463', 'ticker_sentiment_score': '0.040894', 'ticker_sentiment_label': 'Neutral'}, {'ticker': 'AMZN', 'relevance_score': '0.730177', 'ticker_sentiment_score': '-0.216281', 'ticker_sentiment_label': 'Somewhat-Bearish'}]"
You can now buy a QLED Roku 4K TV that’s actually made by Roku,https://www.techradar.com/news/you-can-now-buy-a-qled-roku-4k-tv-thats-actually-made-by-roku,20230309T025215,['Al Griffin'],"Roku has launched its first Roku-branded QLED 4K TVs, available exclusively at Best Buy in the US. These new TVs come in two series, Plus and Select, offering screen sizes from 24 to 75 inches, with the Plus series featuring QLED technology, local dimming, Dolby Vision/HDR10+, and Dolby Atmos-certified speakers. Roku is also updating its OS with personalized news and sports experiences, and enhancing its mobile app with expanded features, positioning itself as a strong competitor in the affordable smart TV market against brands like Amazon.",https://cdn.mos.cms.futurecdn.net/N76WJSRDn5g79gCvr9PuK9-840-80.jpg,TechRadar,General,TechRadar,"[{'topic': 'technology', 'relevance_score': '0.817476'}]",0.357776,Bullish,"[{'ticker': 'ROKU', 'relevance_score': '1.000000', 'ticker_sentiment_score': '0.518042', 'ticker_sentiment_label': 'Bullish'}, {'ticker': 'AMZN', 'relevance_score': '0.686908', 'ticker_sentiment_score': '0.316300', 'ticker_sentiment_label': 'Somewhat-Bullish'}, {'ticker': 'BBY', 'relevance_score': '0.611836', 'ticker_sentiment_score': '0.292990', 'ticker_sentiment_label': 'Somewhat-Bullish'}]"
3 Amazing AI Stocks for Your March Buy List,https://www.tradingview.com/news/investorplace:bd364501a094b:0-3-amazing-ai-stocks-for-your-march-buy-list/,20230309T025344,['Larry Ramer'],"This article highlights three AI stocks – Dynatrace (DT), Check Point (CHKP), and Schrodinger (SDGR) – as excellent investment opportunities for March. The author argues that artificial intelligence's growing power and impact across sectors like healthcare and IT will lead to significant profitability for companies utilizing strong AI technologies. Each company is presented with details on how their AI solutions are driving growth and why they are considered strong investments.",,TradingView,General,TradingView,"[{'topic': 'technology', 'relevance_score': '0.913870'}, {'topic': 'earnings', 'relevance_score': '0.812898'}, {'topic': 'life_sciences', 'relevance_score': '0.712014'}]",0.393681,Bullish,"[{'ticker': 'SDGR', 'relevance_score': '1.000000', 'ticker_sentiment_score': '0.473705', 'ticker_sentiment_label': 'Bullish'}, {'ticker': 'GOOG', 'relevance_score': '0.615631', 'ticker_sentiment_score': '0.337320', 'ticker_sentiment_label': 'Somewhat-Bullish'}, {'ticker': 'AMZN', 'relevance_score': '0.626816', 'ticker_sentiment_score': '0.340500', 'ticker_sentiment_label': 'Somewhat-Bullish'}]"
Sonos Bets on Spatial Audio as a Key Brand Differentiator,https://www.technewsworld.com/story/sonos-bets-on-spatial-audio-as-a-key-brand-differentiator-177987.html,20230309T025524,['Mark N. Vena'],"Sonos is positioning spatial audio as a critical differentiator with its new Era 100 and Era 300 speakers. The Era 300 is the first Sonos speaker to support spatial audio, delivering an immersive 3D audio experience tailored for movie and TV content, and is anticipated to be a definitive way to listen to spatial audio mixes. The company believes embracing spatial audio will solidify its leadership in the premium audio market, even as wider streaming support for the technology is still developing.",https://www.technewsworld.com/wp-content/uploads/sites/3/2023/03/Sonos-Era-300.jpg,TechNewsWorld,General,TechNewsWorld,"[{'topic': 'technology', 'relevance_score': '0.915416'}]",0.226709,Somewhat-Bullish,"[{'ticker': 'SONO', 'relevance_score': '1.000000', 'ticker_sentiment_score': '0.487250', 'ticker_sentiment_label': 'Bullish'}, {'ticker': 'AAPL', 'relevance_score': '0.738792', 'ticker_sentiment_score': '0.141557', 'ticker_sentiment_label': 'Neutral'}, {'ticker': 'AMZN', 'relevance_score': '0.616780', 'ticker_sentiment_score': '0.117179', 'ticker_sentiment_label': 'Neutral'}]"
Big Tech Has Layoffs All Wrong,https://time.com/6261481/big-tech-mass-layoffs-wrong/,20230309T030344,['Kevin J. Delaney'],"This article argues that the recent wave of layoffs in Big Tech companies is a misguided and conventional approach, contrary to their self-proclaimed innovative management styles. It suggests that these staff cuts, often driven by investor expectations and a desire to reassert power over workers, are detrimental to long-term financial performance and employee morale. The author proposes alternative strategies like ""secondment"" programs and furloughs, highlighting that many profitable tech giants have suitable alternatives to mass dismissals.",https://time.com/redesign/_next/image/?url=https%3A%2F%2Fapi.time.com%2Fwp-content%2Fuploads%2F2023%2F03%2FGettyImages-1246750211.jpg%3Fquality%3D85%26w%3D1024&w=3840&q=75,TIME,General,TIME,"[{'topic': 'technology', 'relevance_score': '0.907577'}, {'topic': 'economy_macro', 'relevance_score': '0.825760'}, {'topic': 'finance', 'relevance_score': '0.631906'}]",0.057989,Neutral,"[{'ticker': 'ZM', 'relevance_score': '0.854274', 'ticker_sentiment_score': '0.134999', 'ticker_sentiment_label': 'Neutral'}, {'ticker': 'GOOGL', 'relevance_score': '0.814695', 'ticker_sentiment_score': '0.103071', 'ticker_sentiment_label': 'Neutral'}, {'ticker': 'META', 'relevance_score': '0.714365', 'ticker_sentiment_score': '0.060166', 'ticker_sentiment_label': 'Neutral'}, {'ticker': 'MSFT', 'relevance_score': '0.613919', 'ticker_sentiment_score': '0.122506', 'ticker_sentiment_label': 'Neutral'}, {'ticker': 'AMZN', 'relevance_score': '0.564552', 'ticker_sentiment_score': '-0.076297', 'ticker_sentiment_label': 'Neutral'}]"
Zero trust illustrated: Secure cloud migration,https://www.zscaler.com/cxorevolutionaries/insights/zero-trust-illustrated-secure-cloud-migration,20230309T030350,"['Editorial Team', 'Contributor Zscaler']","This article focuses on securing cloud migrations using a zero-trust architecture (ZTA), emphasizing posture control and secure workload communications. It highlights the importance of protecting against misconfigurations, vulnerabilities, and threats in cloud-native applications, advocating for early security integration in the software development lifecycle. The piece stresses that robust zero-trust protection must extend beyond user access to encompass the security of applications and workloads themselves.",https://www.zscaler.com/cxorevolutionaries/_next/image?url=https%3A%2F%2Fwww.zscaler.com%2Fcxorevolutionaries%2Fsites%2Fdefault%2Ffiles%2Fblog%2FCXO%2520REvs%2520-%2520TX%2520Tip%2520-%2520Use%2520Case%2520Series%2520-%2520Secure%2520Cloud%2520Transformation_0.jpg&w=3840&q=75,Zscaler,General,Zscaler,"[{'topic': 'technology', 'relevance_score': '0.928805'}]",0.36155,Bullish,"[{'ticker': 'ZS', 'relevance_score': '1.000000', 'ticker_sentiment_score': '0.415978', 'ticker_sentiment_label': 'Bullish'}, {'ticker': 'MSFT', 'relevance_score': '0.708430', 'ticker_sentiment_score': '0.307379', 'ticker_sentiment_label': 'Somewhat-Bullish'}, {'ticker': 'AMZN', 'relevance_score': '0.747283', 'ticker_sentiment_score': '0.314182', 'ticker_sentiment_label': 'Somewhat-Bullish'}, {'ticker': 'GOOGL', 'relevance_score': '0.731167', 'ticker_sentiment_score': '0.323933', 'ticker_sentiment_label': 'Somewhat-Bullish'}, {'ticker': 'IBM', 'relevance_score': '0.645555', 'ticker_sentiment_score': '0.340284', 'ticker_sentiment_label': 'Somewhat-Bullish'}]"
Airbnb Could Generate $1.2 Billion With Sponsored Listings and an Ad Platform by 2026,https://skift.com/2023/03/09/airbnb-could-generate-1-2-billion-with-sponsored-listings-and-an-ad-platform-by-2026/,20230309T092700,"['Dennis Schaal', 'Pranavi Agarwal']","Airbnb is exploring launching sponsored listings and an advertising platform, a move that could generate an estimated $1.2 billion in revenue by 2026. CEO Brian Chesky noted that competitors like Expedia and Booking.com already earn significant advertising revenue, highlighting the ""massive opportunity"" for Airbnb to increase its take rate. This initiative follows similar successful strategies by e-commerce giants and other travel platforms.",https://skift.com/wp-content/uploads/2023/03/Airbnb_Milan_072319_0857-scaled-e1678393000840.jpg,Skift,General,Skift,"[{'topic': 'earnings', 'relevance_score': '0.848934'}, {'topic': 'technology', 'relevance_score': '0.722710'}]",0.266143,Somewhat-Bullish,"[{'ticker': 'BKNG', 'relevance_score': '0.941983', 'ticker_sentiment_score': '0.347151', 'ticker_sentiment_label': 'Somewhat-Bullish'}, {'ticker': 'ABNB', 'relevance_score': '1.000000', 'ticker_sentiment_score': '0.432553', 'ticker_sentiment_label': 'Bullish'}, {'ticker': 'AMZN', 'relevance_score': '0.730532', 'ticker_sentiment_score': '0.277245', 'ticker_sentiment_label': 'Somewhat-Bullish'}, {'ticker': 'EXPE', 'relevance_score': '0.685976', 'ticker_sentiment_score': '0.220485', 'ticker_sentiment_label': 'Somewhat-Bullish'}, {'ticker': 'GOOGL', 'relevance_score': '0.604365', 'ticker_sentiment_score': '0.188822', 'ticker_sentiment_label': 'Somewhat-Bullish'}]"
Is NH ‘immune’ from tech layoffs?,https://www.nhbr.com/is-nh-immune-from-tech-layoffs/,20230310T022900,['Bob Sanders'],"Despite widespread tech layoffs across the nation, particularly in the Boston area, New Hampshire's tech sector remains relatively stable. While other states have seen thousands of job cuts, NH companies like Fidelity, Red River Computer, and Extreme Networks are actively hiring. Experts suggest that NH businesses were either more cautious in their hiring or constrained by existing workforce shortages, avoiding the over-hiring that led to mass layoffs elsewhere.",https://wpcdn.us-east-1.vip.tn-cloud.net/www.nhbr.com/content/uploads/2023/03/o/l/extreme-networks.png,NH Business Review,General,NH Business Review,"[{'topic': 'economy_macro', 'relevance_score': '0.906072'}, {'topic': 'technology', 'relevance_score': '0.883103'}, {'topic': 'finance', 'relevance_score': '0.615876'}, {'topic': 'manufacturing', 'relevance_score': '0.573225'}]",-0.078478,Neutral,"[{'ticker': 'EXTR', 'relevance_score': '0.997328', 'ticker_sentiment_score': '0.726672', 'ticker_sentiment_label': 'Bullish'}, {'ticker': 'ADSK', 'relevance_score': '0.646623', 'ticker_sentiment_score': '-0.128278', 'ticker_sentiment_label': 'Neutral'}, {'ticker': 'CRM', 'relevance_score': '0.748123', 'ticker_sentiment_score': '-0.443309', 'ticker_sentiment_label': 'Bearish'}, {'ticker': 'AMZN', 'relevance_score': '0.617480', 'ticker_sentiment_score': '-0.417934', 'ticker_sentiment_label': 'Bearish'}, {'ticker': 'ORCL', 'relevance_score': '0.600609', 'ticker_sentiment_score': '-0.133405', 'ticker_sentiment_label': 'Neutral'}]"
"Microsoft Details How Enterprises Can Use ChatGPT with Up-to-Date, Non-Public Corporate Data",https://virtualizationreview.com/articles/2023/03/10/chatgpt-with-enterprise-data.aspx,20230310T024402,['David Ramel'],"Microsoft has outlined how enterprises can leverage ChatGPT with their current, non-public corporate data, addressing the chatbot's September 2021 knowledge cutoff. The solution integrates Azure OpenAI Service with Azure Cognitive Search, allowing ChatGPT to generate responses based on up-to-date internal information. The company also detailed methods for validating responses, such as citations and access to supporting content.",,Virtualization Review,General,Virtualization Review,"[{'topic': 'technology', 'relevance_score': '0.914104'}]",0.172366,Somewhat-Bullish,"[{'ticker': 'MSFT', 'relevance_score': '1.000000', 'ticker_sentiment_score': '0.436576', 'ticker_sentiment_label': 'Bullish'}, {'ticker': 'ADBE', 'relevance_score': '0.612839', 'ticker_sentiment_score': '0.118282', 'ticker_sentiment_label': 'Neutral'}, {'ticker': 'ORCL', 'relevance_score': '0.638288', 'ticker_sentiment_score': '0.145513', 'ticker_sentiment_label': 'Neutral'}, {'ticker': 'IBM', 'relevance_score': '0.626352', 'ticker_sentiment_score': '0.100850', 'ticker_sentiment_label': 'Neutral'}, {'ticker': 'AMZN', 'relevance_score': '0.631339', 'ticker_sentiment_score': '0.129480', 'ticker_sentiment_label': 'Neutral'}]"
Niu's KQi3 Max Escooter Is a Heavy but Reliable Ride,https://www.wired.com/review/niu-kqi3-max/,20230310T024523,['Julian Chokkattu'],"The Niu KQi3 Max escooter is reviewed as a reliable and well-balanced ride, despite being a heavy but minor upgrade over its predecessor, the KQi3 Pro. It offers a powerful 450-watt motor, solid range, comfortable handling for taller riders, and a unique folding mechanism. While it has some drawbacks like lack of turn signals and app-dependent speed settings, its overall performance and sturdy build make it a dependable choice for daily commutes, especially in hilly areas or for heavier riders.",https://media.wired.com/photos/640a48b59555e71557652b4e/master/w_2560%2Cc_limit/Niu-KQi3-Max-Escooter-SOURCE-Niu-Featured.jpg,WIRED,General,WIRED,"[{'topic': 'energy_transportation', 'relevance_score': '0.821904'}, {'topic': 'retail_wholesale', 'relevance_score': '0.616340'}, {'topic': 'technology', 'relevance_score': '0.748372'}]",0.102342,Neutral,"[{'ticker': 'NIU', 'relevance_score': '0.325869', 'ticker_sentiment_score': '0.010493', 'ticker_sentiment_label': 'Neutral'}, {'ticker': 'BBY', 'relevance_score': '0.623682', 'ticker_sentiment_score': '0.110748', 'ticker_sentiment_label': 'Neutral'}, {'ticker': 'WMT', 'relevance_score': '0.641850', 'ticker_sentiment_score': '0.114615', 'ticker_sentiment_label': 'Neutral'}, {'ticker': 'TGT', 'relevance_score': '0.609776', 'ticker_sentiment_score': '0.129913', 'ticker_sentiment_label': 'Neutral'}, {'ticker': 'AMZN', 'relevance_score': '0.609240', 'ticker_sentiment_score': '0.113226', 'ticker_sentiment_label': 'Neutral'}]"
The 10 highest paid people in cloud networking,https://www.fierce-network.com/multi-cloud/10-highest-paid-people-cloud-networking,20230310T024728,['A. James Ruoff'],"The article lists the top 10 highest-paid executives in the cloud networking industry, detailing their salaries, stock awards, and contributions to their respective companies. It highlights that while base salaries have remained steady for most, significant bonuses and stock awards have led to multi-million dollar paydays, especially for those instrumental in growing cloud and AI divisions. Andrew Jassy of Amazon tops the list with $212 million, largely from stock awards.",,Fierce Network,General,Fierce Network,"[{'topic': 'earnings', 'relevance_score': '0.844122'}, {'topic': 'technology', 'relevance_score': '1.000000'}, {'topic': 'finance', 'relevance_score': '0.724928'}]",0.274357,Somewhat-Bullish,"[{'ticker': 'ORCL', 'relevance_score': '0.946443', 'ticker_sentiment_score': '0.305711', 'ticker_sentiment_label': 'Somewhat-Bullish'}, {'ticker': 'AMZN', 'relevance_score': '0.897866', 'ticker_sentiment_score': '0.255128', 'ticker_sentiment_label': 'Somewhat-Bullish'}, {'ticker': 'MSFT', 'relevance_score': '0.805415', 'ticker_sentiment_score': '0.265934', 'ticker_sentiment_label': 'Somewhat-Bullish'}, {'ticker': 'CRM', 'relevance_score': '0.742918', 'ticker_sentiment_score': '0.219003', 'ticker_sentiment_label': 'Somewhat-Bullish'}, {'ticker': 'IBM', 'relevance_score': '0.617640', 'ticker_sentiment_score': '0.178776', 'ticker_sentiment_label': 'Somewhat-Bullish'}]"
Yeti recalling close to 2 million coolers and gear cases,https://wgme.com/news/nation-world/yeti-recalling-close-to-2-million-coolers-and-gear-cases-us-consumer-product-safety-commission-magnets-detach-risk-serious-injury-death,20230310T083700,['Ariana St Pierre'],"Yeti is recalling nearly two million coolers and gear cases due to a defect where high-powered magnets in the closures can detach, posing a risk of serious injury or death. The affected products include the YETI Hopper M30 Soft Cooler 1.0 and 2.0, Hopper M20 Soft Backpack Cooler, and SideKick Dry Gear Case. Consumers are advised to immediately stop using these products and contact Yeti for refund information, although no magnet ingestions or injuries have been reported.",https://wgme.com/resources/media/c01cbf30-2585-484d-9827-69c4c3c64b20-large16x9_yeti3.jpg?1678455250690,WGME,General,WGME,"[{'topic': 'retail_wholesale', 'relevance_score': '0.830568'}, {'topic': 'manufacturing', 'relevance_score': '0.713788'}]",-0.263012,Somewhat-Bearish,"[{'ticker': 'YETI', 'relevance_score': '1.000000', 'ticker_sentiment_score': '-0.421475', 'ticker_sentiment_label': 'Bearish'}, {'ticker': 'AMZN', 'relevance_score': '0.632862', 'ticker_sentiment_score': '-0.124890', 'ticker_sentiment_label': 'Neutral'}]"
Four Ways to Cluster based on Correlation,https://medium.datadriveninvestor.com/four-ways-to-cluster-based-on-correlation-a86031adcb4d,20230312T022344,['Shashindra Silva'],"This article explores four methods to cluster 20 companies based on the correlation of their stock prices. It aims to see if these methods can accurately classify companies into categories like tech or oil and gas, as an alternative to clustering based on raw stock prices. The objective is to validate whether correlation-based clustering reveals meaningful industry groupings.",https://miro.medium.com/v2/resize:fill:64:64/1*dmbNkD5D-u45r44go_cf0g.png,DataDrivenInvestor,General,DataDrivenInvestor,"[{'topic': 'financial_markets', 'relevance_score': '0.937722'}, {'topic': 'technology', 'relevance_score': '0.843392'}, {'topic': 'retail_wholesale', 'relevance_score': '0.710231'}]",0.142745,Neutral,"[{'ticker': 'CRI', 'relevance_score': '0.945494', 'ticker_sentiment_score': '0.145866', 'ticker_sentiment_label': 'Neutral'}, {'ticker': 'AAPL', 'relevance_score': '0.915539', 'ticker_sentiment_score': '0.114323', 'ticker_sentiment_label': 'Neutral'}, {'ticker': 'AMZN', 'relevance_score': '0.915095', 'ticker_sentiment_score': '0.120530', 'ticker_sentiment_label': 'Neutral'}, {'ticker': 'META', 'relevance_score': '0.945646', 'ticker_sentiment_score': '0.116253', 'ticker_sentiment_label': 'Neutral'}, {'ticker': 'TSLA', 'relevance_score': '0.914556', 'ticker_sentiment_score': '0.109411', 'ticker_sentiment_label': 'Neutral'}]"
Evolution of Primary Care Delivery,https://www.fticonsulting.com/insights/articles/evolution-primary-care-delivery,20230313T022920,[],"The article discusses the evolving landscape of primary care delivery, driven by an aging population, the growth of Medicare Advantage and other value-based payment models, and digital transformation. It highlights the increasing role of insurers and retail providers in primary care, physician consolidation and shortages, and the innovations in care models focusing on improved patient outcomes and cost reduction. The author emphasizes that the future of primary care will be supported by technology and incentivized by value-based payments, requiring strategic adaptation from healthcare providers.",,FTI Consulting,General,FTI Consulting,"[{'topic': 'life_sciences', 'relevance_score': '0.934174'}, {'topic': 'mergers_and_acquisitions', 'relevance_score': '0.837051'}, {'topic': 'technology', 'relevance_score': '0.640421'}, {'topic': 'finance', 'relevance_score': '0.631451'}]",0.23769,Somewhat-Bullish,"[{'ticker': 'FCN', 'relevance_score': '0.928931', 'ticker_sentiment_score': '0.253317', 'ticker_sentiment_label': 'Somewhat-Bullish'}, {'ticker': 'CVS', 'relevance_score': '0.746321', 'ticker_sentiment_score': '0.326069', 'ticker_sentiment_label': 'Somewhat-Bullish'}, {'ticker': 'UNH', 'relevance_score': '0.640943', 'ticker_sentiment_score': '0.207270', 'ticker_sentiment_label': 'Somewhat-Bullish'}, {'ticker': 'WBA', 'relevance_score': '0.611956', 'ticker_sentiment_score': '0.224284', 'ticker_sentiment_label': 'Somewhat-Bullish'}, {'ticker': 'AMZN', 'relevance_score': '0.568598', 'ticker_sentiment_score': '0.182807', 'ticker_sentiment_label': 'Somewhat-Bullish'}]"
Southwest Airlines moves to AWS,https://www.datacenterdynamics.com/en/news/southwest-airlines-moves-to-aws/,20230313T024141,['Georgia Butler'],"Southwest Airlines is migrating its applications to Amazon Web Services (AWS) as part of a digital transformation initiative. This move aims to enhance passenger experience, improve operational efficiency, and optimize IT infrastructure resource allocation, covering everything from ticket purchases to flight operations. The decision follows a major technological breakdown in December 2022 that disrupted the airline's operations.",https://media.datacenterdynamics.com/media/images/1678381801706.width-358.jpg,DatacenterDynamics,General,DatacenterDynamics,"[{'topic': 'technology', 'relevance_score': '0.940427'}, {'topic': 'energy_transportation', 'relevance_score': '0.836587'}, {'topic': 'finance', 'relevance_score': '0.617357'}]",0.30496,Somewhat-Bullish,"[{'ticker': 'LUV', 'relevance_score': '1.000000', 'ticker_sentiment_score': '0.449204', 'ticker_sentiment_label': 'Bullish'}, {'ticker': 'AMZN', 'relevance_score': '0.728328', 'ticker_sentiment_score': '0.313138', 'ticker_sentiment_label': 'Somewhat-Bullish'}, {'ticker': 'DAL', 'relevance_score': '0.617266', 'ticker_sentiment_score': '0.236338', 'ticker_sentiment_label': 'Somewhat-Bullish'}]"
Bakkt Theater to replace Zappos Theater name at Planet Hollywood,https://www.8newsnow.com/news/local-news/bakkt-theater-to-replace-zappos-theater-name-at-planet-hollywood/,20230313T142200,['Duncan Phenix'],"The showroom at Planet Hollywood, formerly known as Zappos Theater, will be renamed Bakkt Theater. This change comes as Bakkt Holdings, Inc., a technology platform for crypto and loyalty, solidifies its relationship with Caesars Entertainment. The partnership aims to integrate Bakkt Crypto Rewards into the Caesars Rewards program, offering new crypto options to customers.",,KLAS 8 News Now,General,KLAS 8 News Now,"[{'topic': 'blockchain', 'relevance_score': '0.815185'}, {'topic': 'finance', 'relevance_score': '0.737814'}, {'topic': 'technology', 'relevance_score': '0.629532'}]",0.251839,Somewhat-Bullish,"[{'ticker': 'BKKT', 'relevance_score': '1.000000', 'ticker_sentiment_score': '0.494986', 'ticker_sentiment_label': 'Bullish'}, {'ticker': 'CZR', 'relevance_score': '0.722110', 'ticker_sentiment_score': '0.349351', 'ticker_sentiment_label': 'Somewhat-Bullish'}, {'ticker': 'AMZN', 'relevance_score': '0.609356', 'ticker_sentiment_score': '0.009359', 'ticker_sentiment_label': 'Neutral'}]"
Inside Best Buy’s big bet on the Home,https://hospitalogy.com/articles/2023-03-14/inside-best-buy-bet-on-home-partnership-atrium-health/,20230314T021822,['Blake Madden'],"This article examines Best Buy's growing involvement in the healthcare sector, particularly its strategy to enable rather than directly provide care in the home, leveraging its Geek Squad and Current Health acquisition. The company is partnering with major health systems on hospital-at-home initiatives, aiming for future growth in its Health division. The piece also briefly touches on the Silicon Valley Bank crisis and other health tech, finance, and policy updates.",https://hospitalogy.com/wp-content/uploads/sites/5/2024/02/hospitalogy-logo.png,Hospitalogy,General,Hospitalogy,"[{'topic': 'life_sciences', 'relevance_score': '0.928800'}, {'topic': 'mergers_and_acquisitions', 'relevance_score': '0.827725'}, {'topic': 'retail_wholesale', 'relevance_score': '0.731434'}, {'topic': 'technology', 'relevance_score': '0.716370'}, {'topic': 'economy_macro', 'relevance_score': '0.629723'}]",0.347791,Somewhat-Bullish,"[{'ticker': 'BBY', 'relevance_score': '1.000000', 'ticker_sentiment_score': '0.343725', 'ticker_sentiment_label': 'Somewhat-Bullish'}, {'ticker': 'AMZN', 'relevance_score': '0.647115', 'ticker_sentiment_score': '0.326790', 'ticker_sentiment_label': 'Somewhat-Bullish'}]"
Smart move: Artificial intelligence and 3D laser scanning for MEP applications,https://www.pbctoday.co.uk/news/digital-construction/construction-technology-news/smart-move-artificial-intelligence-and-3d-laser-scanning-for-mep-applications/121243/,20230314T022909,['Amanda Hidalgo'],"This article explores how artificial intelligence (AI) and 3D laser scanning can significantly benefit Mechanical, Electrical, and Plumbing (MEP) applications. It highlights how 3D laser scanning provides crucial accurate data for new construction or retrofitting projects, while AI can then process this data for pattern recognition, identifying optimal and energy-efficient solutions, and enhancing project management. The combination of these technologies, along with human expertise, is presented as a powerful tool for improving efficiency and decision-making in MEP design and implementation.",https://www.pbctoday.co.uk/news/wp-content/uploads/2023/02/7005_Image_BIM_Today_33_Article_1-696x444.jpg,"Planning, Building & Construction Today",General,"Planning, Building & Construction Today","[{'topic': 'technology', 'relevance_score': '0.848414'}, {'topic': 'real_estate', 'relevance_score': '0.741311'}, {'topic': 'manufacturing', 'relevance_score': '0.638624'}]",0.260226,Somewhat-Bullish,"[{'ticker': 'FARO', 'relevance_score': '1.000000', 'ticker_sentiment_score': '0.471654', 'ticker_sentiment_label': 'Bullish'}, {'ticker': 'IBM', 'relevance_score': '0.621115', 'ticker_sentiment_score': '0.133157', 'ticker_sentiment_label': 'Neutral'}, {'ticker': 'AMZN', 'relevance_score': '0.615973', 'ticker_sentiment_score': '0.220027', 'ticker_sentiment_label': 'Somewhat-Bullish'}, {'ticker': 'MSFT', 'relevance_score': '0.643524', 'ticker_sentiment_score': '0.230624', 'ticker_sentiment_label': 'Somewhat-Bullish'}, {'ticker': 'GOOGL', 'relevance_score': '0.617430', 'ticker_sentiment_score': '0.212441', 'ticker_sentiment_label': 'Somewhat-Bullish'}]"
Amazon to Test Satellite Internet Service Starting Next Year,https://www.bloomberg.com/news/articles/2023-03-14/amazon-to-test-satellite-internet-service-starting-next-year,20230314T141500,['Loren Grush and Matt Day'],"Amazon plans to begin beta testing its Project Kuiper satellite internet service with customers in 2024, following the launch of its first production satellites. Dave Limp, Amazon's senior vice president of devices and services, announced this timeline and showcased prototype user terminals, including a compact seven-inch antenna, at a recent satellite industry trade show. The company is investing over $10 billion in this ambitious internet-from-space venture.",https://assets.bwbx.io/images/users/iqjWHBFdfxIU/iBWJ4o7hRjjs/v1/-1x-1.webp,Bloomberg.com,General,Bloomberg.com,"[{'topic': 'technology', 'relevance_score': '0.929293'}, {'topic': 'retail_wholesale', 'relevance_score': '0.606455'}]",0.261545,Somewhat-Bullish,"[{'ticker': 'AMZN', 'relevance_score': '1.000000', 'ticker_sentiment_score': '0.280120', 'ticker_sentiment_label': 'Somewhat-Bullish'}]"
Amazon Fails to Dismiss California Suit Over Inflated Prices,https://www.bloomberg.com/news/articles/2023-03-14/amazon-can-t-shake-california-antitrust-suit-on-inflated-prices,20230314T235700,['Malathi Nayak'],"A California state court judge tentatively denied Amazon's request to dismiss an antitrust lawsuit. The lawsuit, filed by California Attorney General Rob Bonta, accuses Amazon of forcing third-party sellers into agreements that result in ""artificially high prices"" for consumers. These agreements allegedly bar sellers from offering lower prices on other platforms and impose penalties for non-compliance.",https://assets.bwbx.io/images/users/iqjWHBFdfxIU/iJrlxnRlv_lI/v1/-1x-1.webp,Bloomberg.com,General,Bloomberg.com,"[{'topic': 'retail_wholesale', 'relevance_score': '0.921979'}, {'topic': 'technology', 'relevance_score': '0.826409'}, {'topic': 'economy_monetary', 'relevance_score': '0.627954'}]",0.032868,Neutral,"[{'ticker': 'AMZN', 'relevance_score': '0.338505', 'ticker_sentiment_score': '0.006736', 'ticker_sentiment_label': 'Neutral'}]"
7 Cloud Computing Stocks That Can Make You a Millionaire as Data Explodes,https://investorplace.com/2023/03/7-cloud-computing-stocks-that-can-make-you-a-millionaire-as-data-explodes/,20230315T023559,"['Joel Baglole', 'InvestorPlace Contributor']","The article highlights seven cloud computing stocks—Salesforce, Microsoft, Snowflake, Amazon, IBM, Veeva Systems, and Alphabet—that are poised for growth as the demand for data storage and processing continues to explode. Despite a challenging 2022 for tech stocks, the public cloud sector demonstrated significant growth, indicating a strong migration of data to the cloud. Each company is detailed with its market position, recent financial performance, and reasons for its potential as a millionaire-maker investment.",https://investorplace.com/wp-content/uploads/2019/07/cloud1600d-768x432.jpg,InvestorPlace,General,InvestorPlace,"[{'topic': 'technology', 'relevance_score': '0.949774'}, {'topic': 'financial_markets', 'relevance_score': '0.844991'}, {'topic': 'earnings', 'relevance_score': '0.729575'}, {'topic': 'life_sciences', 'relevance_score': '0.637879'}, {'topic': 'finance', 'relevance_score': '0.600249'}]",0.217861,Somewhat-Bullish,"[{'ticker': 'IBM', 'relevance_score': '0.853172', 'ticker_sentiment_score': '0.257310', 'ticker_sentiment_label': 'Somewhat-Bullish'}, {'ticker': 'CRM', 'relevance_score': '0.814581', 'ticker_sentiment_score': '0.314489', 'ticker_sentiment_label': 'Somewhat-Bullish'}, {'ticker': 'MSFT', 'relevance_score': '0.787684', 'ticker_sentiment_score': '0.200463', 'ticker_sentiment_label': 'Somewhat-Bullish'}, {'ticker': 'AMZN', 'relevance_score': '0.703409', 'ticker_sentiment_score': '0.129242', 'ticker_sentiment_label': 'Neutral'}]"
7 Kinds of Telehealth Care You Can Get Through Alexa,https://www.makeuseof.com/kinds-of-telehealth-care-alexa/,20230315T025716,['Sarah Chaney'],"Amazon's Alexa has evolved beyond simple requests to offer a range of telehealth services, partnering with organizations like Teladoc and One Medical for virtual doctor visits and primary care. Users can manage prescriptions via Amazon Pharmacy, utilize Alexa Together for remote caregiving, and access medical information and reminders through Mayo Clinic First Aid and WebMD skills. The integration of telemedicine with voice assistants aims to make healthcare more accessible and convenient for minor illnesses and ongoing health management.",https://static0.makeuseofimages.com/wordpress/wp-content/uploads/2022/05/Alexa-App-Header.jpg?&fit=crop&w=1600&h=900,MUO,General,MUO,"[{'topic': 'technology', 'relevance_score': '0.901529'}, {'topic': 'life_sciences', 'relevance_score': '0.847315'}]",0.338731,Somewhat-Bullish,"[{'ticker': 'TDOC', 'relevance_score': '0.931426', 'ticker_sentiment_score': '0.319298', 'ticker_sentiment_label': 'Somewhat-Bullish'}, {'ticker': 'AMZN', 'relevance_score': '0.819936', 'ticker_sentiment_score': '0.415715', 'ticker_sentiment_label': 'Bullish'}, {'ticker': 'UNH', 'relevance_score': '0.620362', 'ticker_sentiment_score': '0.244477', 'ticker_sentiment_label': 'Somewhat-Bullish'}]"
"eBay Inc. stock falls Wednesday, underperforms market",https://www.marketwatch.com/story/ebay-inc-stock-falls-wednesday-underperforms-market-fb4ac247-d4eb2b3b1932?gaa_at=eafs&gaa_n=AWEtsqe_8XUQ1FruFBkNtRh5GE_mSAZ-FdWYZFkZmKIWFmmymZyS1-zvUVa8&gaa_ts=699a6ce3&gaa_sig=ya2Bo2auhguS78fm1DsMC_pcypfh4tGETntoYSR6CpgVbO58JGj3MywnqRI-5GqZtWo2dewd5OM4DTGHs7Ew4Q%3D%3D,20230315T165100,['MarketWatch Automation'],"eBay Inc. (EBAY) stock fell by 0.85% on Wednesday, closing at $40.81, and underperformed the broader market, which also saw declines in the S&P 500 and Dow Jones Industrial Average. The company's shares are currently $19.58 below their 52-week high. Competitors such as Amazon.com Inc. (AMZN) and Walmart Inc. (WMT) experienced gains on the same day.",https://images.mktw.net/im-220105?width=700&height=466,MarketWatch,General,MarketWatch,"[{'topic': 'financial_markets', 'relevance_score': '0.934893'}, {'topic': 'retail_wholesale', 'relevance_score': '0.733241'}]",0.183373,Somewhat-Bullish,"[{'ticker': 'EBAY', 'relevance_score': '1.000000', 'ticker_sentiment_score': '-0.391512', 'ticker_sentiment_label': 'Bearish'}, {'ticker': 'AMZN', 'relevance_score': '0.720985', 'ticker_sentiment_score': '0.427289', 'ticker_sentiment_label': 'Bullish'}, {'ticker': 'WMT', 'relevance_score': '0.603971', 'ticker_sentiment_score': '0.403595', 'ticker_sentiment_label': 'Bullish'}]"
"The Honest Company reports near-flat sales growth, indicating slowing demand",https://www.modernretail.co/operations/the-honest-company-reports-near-flat-sales-growth-indicating-slowing-demand/,20230316T023435,['Gabriela Barkho'],"The Honest Company reported near-flat sales growth in Q4 2022, with revenue increasing by only 2% to $81.9 million, and net losses rising. This performance, along with similar struggles at Grove Collaborative, highlights challenges for sustainable CPG startups in a market impacted by inflation and shifting consumer behaviors. New CEO Carla Vernón plans to improve profitability by focusing on margin improvement, bottom-of-the-funnel marketing, and expanding brick-and-mortar presence.",https://www.modernretail.co/wp-content/uploads/sites/5/2023/03/The-Honest-Company-.jpeg?w=1024&h=640&crop=1,Modern Retail,General,Modern Retail,"[{'topic': 'earnings', 'relevance_score': '0.922601'}, {'topic': 'retail_wholesale', 'relevance_score': '0.818374'}, {'topic': 'economy_macro', 'relevance_score': '0.648162'}, {'topic': 'ipo', 'relevance_score': '0.617143'}]",0.05555,Neutral,"[{'ticker': 'HNST', 'relevance_score': '0.997995', 'ticker_sentiment_score': '-0.317143', 'ticker_sentiment_label': 'Somewhat-Bearish'}, {'ticker': 'AMZN', 'relevance_score': '0.728425', 'ticker_sentiment_score': '0.144530', 'ticker_sentiment_label': 'Neutral'}, {'ticker': 'GIS', 'relevance_score': '0.680381', 'ticker_sentiment_score': '-0.135002', 'ticker_sentiment_label': 'Neutral'}, {'ticker': 'WMT', 'relevance_score': '0.742066', 'ticker_sentiment_score': '0.236367', 'ticker_sentiment_label': 'Somewhat-Bullish'}, {'ticker': 'TGT', 'relevance_score': '0.610600', 'ticker_sentiment_score': '0.178539', 'ticker_sentiment_label': 'Somewhat-Bullish'}]"
Kohl’s marketplace gives Lands’ End a much-needed boost,https://www.retaildive.com/news/kohls-marketplace-lands-end-sales/645188/,20230316T024025,['Daphne Howland'],"Lands’ End reported a 4.6% year-over-year decline in Q4 net revenue, with global e-commerce down 6.1%. However, its third-party net revenue, which includes sales on marketplaces like Kohl's, rose 8%, significantly boosting the brand. Lands’ End plans to expand its presence on other marketplaces, including Macy's, acknowledging the potential for customer acquisition among lapsed and new customers.",https://imgproxy.divecdn.com/JUfJM858Zl1Bf8G92YIUECfQCZfzud3FXe2WHPfrt4Y/g:ce/rs:fill:1200:675:1/Z3M6Ly9kaXZlc2l0ZS1zdG9yYWdlL2RpdmVpbWFnZS8yMDIwMDgxNy1kYWxsYXMuanBn.webp,Retail Dive,General,Retail Dive,"[{'topic': 'earnings', 'relevance_score': '0.912409'}, {'topic': 'retail_wholesale', 'relevance_score': '0.802280'}]",0.106953,Neutral,"[{'ticker': 'LE', 'relevance_score': '1.000000', 'ticker_sentiment_score': '0.132878', 'ticker_sentiment_label': 'Neutral'}, {'ticker': 'TGT', 'relevance_score': '0.743752', 'ticker_sentiment_score': '0.149825', 'ticker_sentiment_label': 'Neutral'}, {'ticker': 'WMT', 'relevance_score': '0.624421', 'ticker_sentiment_score': '0.106935', 'ticker_sentiment_label': 'Neutral'}, {'ticker': 'AMZN', 'relevance_score': '0.629893', 'ticker_sentiment_score': '0.079492', 'ticker_sentiment_label': 'Neutral'}]"
"IRS to crack down on income earned by third-party sellers on eBay, Amazon and other sites",https://abc7news.com/post/amazon-ebay-etsy-third-party-sellers/12926032/,20230318T022829,['Randall Yip'],"The IRS is changing its reporting rules for third-party sellers on platforms like eBay and Amazon, requiring companies to issue 1099 forms for transactions exceeding $600, eliminating the previous $20,000 sales threshold. This move aims to ensure that income from online sales is properly taxed. The article highlights a case where an individual was wrongly accused of undeclared sales, demonstrating potential identity theft issues that sellers might face.",https://cdn.abcotvs.com/dip/images/12798218_021023-kgo-middle-class-tax-refund-img.jpg?w=608,ABC7 San Francisco,General,ABC7 San Francisco,"[{'topic': 'economy_fiscal', 'relevance_score': '0.928620'}, {'topic': 'retail_wholesale', 'relevance_score': '0.732632'}, {'topic': 'finance', 'relevance_score': '0.608774'}]",-0.217262,Somewhat-Bearish,"[{'ticker': 'ETSY', 'relevance_score': '1.000000', 'ticker_sentiment_score': '-0.238650', 'ticker_sentiment_label': 'Somewhat-Bearish'}, {'ticker': 'AMZN', 'relevance_score': '0.926310', 'ticker_sentiment_score': '-0.214657', 'ticker_sentiment_label': 'Somewhat-Bearish'}, {'ticker': 'EBAY', 'relevance_score': '0.801736', 'ticker_sentiment_score': '-0.235968', 'ticker_sentiment_label': 'Somewhat-Bearish'}]"
Quantum Bits: IBM-Cleveland Clinic Launch; D-Wave Adds Solver; DOE/AWS Offer QICK,https://www.hpcwire.com/2023/03/20/quantum-bits-ibm-cleveland-clinic-launch-d-wave-adds-solver-doe-aws-offer-qick/,20230320T023559,['John Russell'],"IBM has launched its first Quantum System One at the Cleveland Clinic for medical research, aiming to integrate quantum with classical computing and AI to accelerate biomedical discoveries. Concurrently, D-Wave has released a new hybrid plug-in solver to simplify quantum functionality for machine learning workflows. Separately, AWS has made available the Quantum Instrumentation Control Kit (QICK), an open-source tool developed with DOE, Princeton, and the University of Chicago, designed to provide cloud-based access to experimental quantum hardware, fostering global collaboration in quantum research.",https://www.hpcwire.com/wp-content/uploads/2023/03/IBM-Quantum-System-One-at-Cleveland-Clinic_overhead_1000x.jpg,HPCwire,General,HPCwire,"[{'topic': 'technology', 'relevance_score': '1.000000'}, {'topic': 'life_sciences', 'relevance_score': '0.822874'}]",0.304916,Somewhat-Bullish,"[{'ticker': 'IBM', 'relevance_score': '1.000000', 'ticker_sentiment_score': '0.411657', 'ticker_sentiment_label': 'Bullish'}, {'ticker': 'AMZN', 'relevance_score': '0.710880', 'ticker_sentiment_score': '0.218001', 'ticker_sentiment_label': 'Somewhat-Bullish'}]"
JD.com plans a self-operating warehouse in California,https://www.supplychaindive.com/news/JD-com-adds-third-self-operating-warehouse-california/645159/,20230320T023812,['Alejandra Carranza'],JD.com is expanding its logistics operations in the U.S. by opening a third self-operating warehouse and distribution center in California. This new facility will add over 300 jobs and increase the company's warehouse footprint in the state to 1.3 million square feet. The e-commerce giant aims to leverage its automation capabilities to improve operating efficiency and work towards offering two-day delivery across the entire United States.,https://imgproxy.divecdn.com/bWuvxS6XkpZmpQzRTmZYZQ8zQ4c-RkBFmiEtc2g3Zl8/g:ce/rs:fill:1200:675:1/Z3M6Ly9kaXZlc2l0ZS1zdG9yYWdlL2RpdmVpbWFnZS9HZXR0eUltYWdlcy0xMjI5NTc3NjAzLmpwZw==.webp,Supply Chain Dive,General,Supply Chain Dive,"[{'topic': 'retail_wholesale', 'relevance_score': '0.944849'}, {'topic': 'technology', 'relevance_score': '0.725352'}, {'topic': 'finance', 'relevance_score': '0.601456'}]",0.36493,Bullish,"[{'ticker': 'JD', 'relevance_score': '1.000000', 'ticker_sentiment_score': '0.404276', 'ticker_sentiment_label': 'Bullish'}, {'ticker': 'FDX', 'relevance_score': '0.643327', 'ticker_sentiment_score': '0.347503', 'ticker_sentiment_label': 'Somewhat-Bullish'}, {'ticker': 'UPS', 'relevance_score': '0.591407', 'ticker_sentiment_score': '0.322035', 'ticker_sentiment_label': 'Somewhat-Bullish'}, {'ticker': 'AMZN', 'relevance_score': '0.608202', 'ticker_sentiment_score': '0.300878', 'ticker_sentiment_label': 'Somewhat-Bullish'}, {'ticker': 'WMT', 'relevance_score': '0.578396', 'ticker_sentiment_score': '0.313265', 'ticker_sentiment_label': 'Somewhat-Bullish'}]"
"Online Cooking Class Market To See Extraordinary Growth : Udemy, Delish, Yanka Industries, Rouxbe",https://www.openpr.com/news/2982720/online-cooking-class-market-to-see-extraordinary-growth-udemy,20230320T025924,[],"Advance Market Analytics has published a new research publication on the ""Online Cooking Class - Market Insights, to 2028"", highlighting new evolving trends, drivers, restraints, and opportunities. The report identifies key players like Udemy, Delish, Yanka Industries, and Rouxbe, and details the market's segmentation by application, training type, cuisine, and experience level. The growth of the online cooking class market is driven by increasing online activities, the emergence of phone and online technology, and the flexibility and reduced cost structure of pre-recorded classes.",https://cdn.open-pr.com/W/3/W320864993_g.jpg,openPR.com,General,openPR.com,"[{'topic': 'retail_wholesale', 'relevance_score': '0.748671'}, {'topic': 'technology', 'relevance_score': '0.743053'}]",0.271834,Somewhat-Bullish,"[{'ticker': 'UDMY', 'relevance_score': '0.908648', 'ticker_sentiment_score': '0.318701', 'ticker_sentiment_label': 'Somewhat-Bullish'}, {'ticker': 'AMZN', 'relevance_score': '0.621192', 'ticker_sentiment_score': '0.221964', 'ticker_sentiment_label': 'Somewhat-Bullish'}]"
"Amazon deepens tech-sector gloom with another 9,000 layoffs",https://www.reuters.com/technology/amazon-lay-off-9000-more-workers-cnbc-2023-03-20/,20230320T071600,['Jeffrey Dastin and Tiyashi Datta'],"Amazon announced an additional 9,000 job cuts, primarily in its highly profitable cloud and advertising divisions, bringing its recent total layoffs to 27,000 corporate employees. This decision, attributed to economic uncertainty and the need for a more streamlined cost structure, follows similar large-scale layoffs across the tech sector by companies like Microsoft, Alphabet, and Meta Platforms. CEO Andy Jassy explained that the cuts are a result of ongoing analysis of priorities and future economic uncertainties, impacting even the company's streaming unit, Twitch.",https://www.reuters.com/resizer/v2/ZB6AJ3V5AJMVPFBETAFUVIBN2A.jpg?auth=26298ac71e7bc5ddd7453b5f80696106a6c5d1b7fc42e9a0c0e5c253654ac6c7&width=1080&quality=80,Reuters,General,Reuters,"[{'topic': 'earnings', 'relevance_score': '0.801434'}, {'topic': 'economy_macro', 'relevance_score': '0.949487'}, {'topic': 'retail_wholesale', 'relevance_score': '0.633844'}, {'topic': 'technology', 'relevance_score': '1.000000'}]",0.007659,Neutral,"[{'ticker': 'AMZN', 'relevance_score': '0.328437', 'ticker_sentiment_score': '0.036282', 'ticker_sentiment_label': 'Neutral'}]"
"Amazon to Cut 9,000 More Jobs, Deepening Biggest Pullback Ever",https://www.bloomberg.com/news/articles/2023-03-20/amazon-is-laying-off-an-additional-9-000-employees,20230320T144200,['Matt Day and Ashley Carman'],"Amazon CEO Andy Jassy announced an additional 9,000 job cuts, primarily impacting Amazon Web Services, human resources, advertising, and Twitch. These new layoffs deepen the company's largest-ever reduction in workforce, following an initial round of 18,000 workers laid off starting in November. The announcement was made internally, with the cuts expected to occur in the coming weeks.",,Bloomberg,General,Bloomberg,"[{'topic': 'retail_wholesale', 'relevance_score': '0.943334'}, {'topic': 'technology', 'relevance_score': '0.818240'}, {'topic': 'economy_macro', 'relevance_score': '0.715660'}]",-0.441498,Bearish,"[{'ticker': 'AMZN', 'relevance_score': '1.000000', 'ticker_sentiment_score': '-0.423081', 'ticker_sentiment_label': 'Bearish'}]"
Consumer Staples ETF ‘XLP’ Outperforms Through Inflation Wave,https://www.advisorhub.com/resources/etf-xlp-outperforms/,20230320T160128,['Drew Voros'],"The Consumer Staples Select Sector SPDR Fund (XLP) has outperformed during a period of high inflation, indicating a shift in consumer spending towards basic necessities. This is in contrast to the Consumer Discretionary Select Sector SPDR Fund (XLY), which has suffered from reduced discretionary spending. The article suggests that while inflation has driven XLP's outperformance, receding oil prices could eventually lead to changes in consumer prices and spending habits.",,AdvisorHub,General,AdvisorHub,"[{'topic': 'financial_markets', 'relevance_score': '0.935463'}, {'topic': 'economy_monetary', 'relevance_score': '0.848021'}, {'topic': 'economy_macro', 'relevance_score': '0.705977'}, {'topic': 'retail_wholesale', 'relevance_score': '0.620285'}]",-0.317462,Somewhat-Bearish,"[{'ticker': 'XLY', 'relevance_score': '1.000000', 'ticker_sentiment_score': '-0.440337', 'ticker_sentiment_label': 'Bearish'}, {'ticker': 'AMZN', 'relevance_score': '0.646474', 'ticker_sentiment_score': '-0.232246', 'ticker_sentiment_label': 'Somewhat-Bearish'}]"
"For Broad-Based Large-Cap ESG Exposure, See CVLC",https://etfdb.com/esg-content-hub/broad-based-large-cap-esg-exposure-see-cvlc/,20230321T053116,['Tom Lydon'],"The article highlights the Calvert US Large-Cap Core Responsible Index ETF (CVLC) as a significant option for investors seeking broad-based large-cap ESG exposure, particularly focusing on climate change and net-zero goals. It emphasizes CVLC's ability to identify companies taking actual steps towards net-zero objectives, citing examples like Apple, Amazon, and Tesla. The ETF offers a tangible way for investors to align their portfolios with values related to environmental sustainability and responsible investing.",https://etfdb.com/media/W1siZiIsIjIwMjMvMTIvMTgvMTVmYWMyZXF3Zl9yZXNwb25zaWJsZGludmVzdGluZ19PVkVSTEFZXzE2MDB4MTIxXzF4LnBuZyJdXQ/responsibleinvesting_OVERLAY_1600x121-1x.png,ETF Database,General,ETF Database,"[{'topic': 'financial_markets', 'relevance_score': '0.924278'}, {'topic': 'energy_transportation', 'relevance_score': '0.702987'}, {'topic': 'finance', 'relevance_score': '0.608525'}, {'topic': 'technology', 'relevance_score': '0.644015'}]",0.323034,Somewhat-Bullish,"[{'ticker': 'CVLC', 'relevance_score': '1.000000', 'ticker_sentiment_score': '0.411199', 'ticker_sentiment_label': 'Bullish'}, {'ticker': 'MS', 'relevance_score': '0.625760', 'ticker_sentiment_score': '0.232173', 'ticker_sentiment_label': 'Somewhat-Bullish'}, {'ticker': 'AAPL', 'relevance_score': '0.714100', 'ticker_sentiment_score': '0.305319', 'ticker_sentiment_label': 'Somewhat-Bullish'}, {'ticker': 'AMZN', 'relevance_score': '0.603989', 'ticker_sentiment_score': '0.342873', 'ticker_sentiment_label': 'Somewhat-Bullish'}, {'ticker': 'TSLA', 'relevance_score': '0.615058', 'ticker_sentiment_score': '0.307638', 'ticker_sentiment_label': 'Somewhat-Bullish'}]"
"Consider CVLC for Broad-Based, Large-Cap ESG Exposure",https://www.etftrends.com/esg-content-hub/consider-cvlc-for-broad-based-large-cap-esg-exposure/,20230321T195234,['Tom Lydon'],"The Calvert US Large-Cap Core Responsible Index ETF (CVLC) offers investors broad exposure to environmental, social, and governance (ESG) principles, particularly focusing on climate change and net-zero trends. Launched in February by Morgan Stanley Investment Management, CVLC includes companies like Apple, Amazon, and Tesla that are actively pursuing net-zero goals. The ETF helps investors identify companies genuinely committed to ESG, making it a relevant option as net-zero becomes an increasingly important investment criterion.",https://www.etftrends.com/wp-content/uploads/2023/12/responsibleinvesting_OVERLAY_1600x121-1x.png,ETF Trends,General,ETF Trends,"[{'topic': 'financial_markets', 'relevance_score': '0.848921'}, {'topic': 'technology', 'relevance_score': '0.604484'}, {'topic': 'energy_transportation', 'relevance_score': '0.700842'}]",0.434946,Bullish,"[{'ticker': 'CVLC', 'relevance_score': '1.000000', 'ticker_sentiment_score': '0.546128', 'ticker_sentiment_label': 'Bullish'}, {'ticker': 'AAPL', 'relevance_score': '0.734112', 'ticker_sentiment_score': '0.429504', 'ticker_sentiment_label': 'Bullish'}, {'ticker': 'AMZN', 'relevance_score': '0.726237', 'ticker_sentiment_score': '0.442438', 'ticker_sentiment_label': 'Bullish'}, {'ticker': 'TSLA', 'relevance_score': '0.731216', 'ticker_sentiment_score': '0.420413', 'ticker_sentiment_label': 'Bullish'}, {'ticker': 'MS', 'relevance_score': '0.643386', 'ticker_sentiment_score': '0.342858', 'ticker_sentiment_label': 'Somewhat-Bullish'}]"
Gap pumps brakes on retail media unit,https://www.marketingdive.com/news/gap-pauses-retail-media-network-GPS-Media/645763/,20230323T023146,['Peter Adams'],"Gap has decided to pause its retail media unit, GPS Media, after just over a year of operation, shifting resources to logistics and fulfillment instead. This move highlights the challenges faced by retailers in the rapidly growing but highly competitive retail media market, dominated by larger players like Amazon and Walmart. Despite the overall growth in retail media, Gap's struggles suggest that an established e-commerce presence alone does not guarantee success in this specialized advertising sector.",https://imgproxy.divecdn.com/u6NYVYtWOS7X8KeLAcqzC_pGMJRw7xYCuSey6uavBaw/g:nowe:0:311/c:5406:3054/rs:fill:1200:675:1/Z3M6Ly9kaXZlc2l0ZS1zdG9yYWdlL2RpdmVpbWFnZS9HZXR0eUltYWdlcy0xMjMzMzc0MDI3LmpwZw==.webp,Marketing Dive,General,Marketing Dive,"[{'topic': 'retail_wholesale', 'relevance_score': '1.000000'}, {'topic': 'finance', 'relevance_score': '0.836739'}, {'topic': 'earnings', 'relevance_score': '0.709058'}]",0.006718,Neutral,"[{'ticker': 'GAP', 'relevance_score': '0.303237', 'ticker_sentiment_score': '0.049953', 'ticker_sentiment_label': 'Neutral'}, {'ticker': 'AMZN', 'relevance_score': '0.603045', 'ticker_sentiment_score': '-0.129753', 'ticker_sentiment_label': 'Neutral'}, {'ticker': 'WMT', 'relevance_score': '0.623459', 'ticker_sentiment_score': '0.137697', 'ticker_sentiment_label': 'Neutral'}]"
CVS Health Corp. stock underperforms Thursday when compared to competitors,https://www.marketwatch.com/data-news/cvs-health-corp-stock-underperforms-thursday-when-compared-to-competitors-aa318f0e-e84f6c886e79?gaa_at=eafs&gaa_n=AWEtsqfldf9CHPsELgFqZEvUMmJGwxtaAQzFRtWGMoJsVgliQlETnvnIzSch&gaa_ts=699a6c56&gaa_sig=zTQSAWtvjTygTeO9ffI7bndBetVE_C4AMwsmwovWhl_zC2MZjRCLiawt4EGNIIcChLjHrTWCASApYI4yKdMtLw%3D%3D,20230323T164800,['Terrence Horan'],"CVS Health Corp. (CVS) stock decreased by 2.74% on Thursday, closing at $72.37, despite an overall positive trading day for the stock market. This marks the second consecutive day of losses for CVS, and its stock is now significantly below its 52-week high. The company's performance was mixed compared to competitors, with Amazon.com Inc. (AMZN) rising, while UnitedHealth Group Inc. (UNH) and Elevance Health Inc. (ELV) also experienced declines.",https://images.mktw.net/im-220105?width=700&height=466,MarketWatch,General,MarketWatch,"[{'topic': 'financial_markets', 'relevance_score': '0.934396'}, {'topic': 'life_sciences', 'relevance_score': '0.716047'}, {'topic': 'earnings', 'relevance_score': '0.633738'}]",-0.244782,Somewhat-Bearish,"[{'ticker': 'CVS', 'relevance_score': '1.000000', 'ticker_sentiment_score': '-0.442535', 'ticker_sentiment_label': 'Bearish'}, {'ticker': 'AMZN', 'relevance_score': '0.644225', 'ticker_sentiment_score': '0.227531', 'ticker_sentiment_label': 'Somewhat-Bullish'}, {'ticker': 'UNH', 'relevance_score': '0.616059', 'ticker_sentiment_score': '-0.227024', 'ticker_sentiment_label': 'Somewhat-Bearish'}, {'ticker': 'ELV', 'relevance_score': '0.643963', 'ticker_sentiment_score': '-0.427776', 'ticker_sentiment_label': 'Bearish'}]"
Digital Economy Discovers a Potential Frontier for Growth Thanks to Generative AI,https://www.globalxetfs.com/articles/digital-economy-discovers-a-potential-frontier-for-growth-thanks-to-generative-ai/,20230324T000000,['Tejas Dessai'],"Generative AI, exemplified by large language models like GPT-3, is revolutionizing artificial intelligence, offering significant leaps in capabilities, speed, and cost-effectiveness. This new wave of AI is poised to drive massive innovation, boosting productivity and creating new applications across various sectors. The article explores how this technology will particularly impact and create opportunities in cloud computing, cybersecurity, and digital media, leading to substantial investment and growth in these areas.",,Global X ETFs,General,Global X ETFs,"[{'topic': 'technology', 'relevance_score': '0.921658'}, {'topic': 'economy_macro', 'relevance_score': '0.617003'}]",0.262649,Somewhat-Bullish,"[{'ticker': 'CHPX', 'relevance_score': '0.646848', 'ticker_sentiment_score': '0.342761', 'ticker_sentiment_label': 'Somewhat-Bullish'}, {'ticker': 'MSFT', 'relevance_score': '0.698115', 'ticker_sentiment_score': '0.254360', 'ticker_sentiment_label': 'Somewhat-Bullish'}, {'ticker': 'AMZN', 'relevance_score': '0.668513', 'ticker_sentiment_score': '0.264842', 'ticker_sentiment_label': 'Somewhat-Bullish'}, {'ticker': 'META', 'relevance_score': '0.644088', 'ticker_sentiment_score': '0.273807', 'ticker_sentiment_label': 'Somewhat-Bullish'}, {'ticker': 'CRM', 'relevance_score': '0.617668', 'ticker_sentiment_score': '0.207567', 'ticker_sentiment_label': 'Somewhat-Bullish'}]"
Diversity in Business Awards honoree: Brian Kenner - Washington Business Journal,https://www.bizjournals.com/washington/news/2023/03/24/brian-kenner-amazon.html,20230324T021543,['Hannah Denham'],"Brian Kenner, the head of HQ2 Policy for Amazon.com Inc., has been recognized as a Diversity in Business Awards honoree by the Washington Business Journal. Kenner previously served as the D.C. deputy mayor for planning and economic development. This article highlights his current role at Amazon.",https://media.bizj.us/view/img/12468418/dsc00419*900xx6000-3375-0-313.jpg,The Business Journals,General,The Business Journals,"[{'topic': 'real_estate', 'relevance_score': '0.743259'}, {'topic': 'technology', 'relevance_score': '0.846228'}]",0.4471,Bullish,"[{'ticker': 'AMZN', 'relevance_score': '1.000000', 'ticker_sentiment_score': '0.401472', 'ticker_sentiment_label': 'Bullish'}]"
15 Best E.L.F. Makeup and Skincare Products to Shop,https://www.seventeen.com/beauty/makeup-skincare/g36866431/best-elf-makeup-skincare-products/,20230324T022730,"['Samantha Olson', 'Jasmine Washington']","This article highlights 15 top E.L.F. Cosmetics makeup and skincare products, all priced at $50 or less, catering to beauty enthusiasts on a budget. It covers a range of items from sunscreens and retinoid serums to primers, eyeshadows, and concealers, emphasizing the brand's commitment to affordability and quality. The featured products offer solutions for various skincare and makeup needs, illustrating why E.L.F. remains a popular choice for high-quality, inexpensive beauty essentials.","https://hips.hearstapps.com/hmg-prod/images/lead-image-elf-01-641e1a9103ad3.jpg?crop=0.489xw:0.977xh;0.493xw,0.00651xh&resize=640:*",Seventeen Magazine,General,Seventeen Magazine,"[{'topic': 'retail_wholesale', 'relevance_score': '0.917115'}]",0.300272,Somewhat-Bullish,"[{'ticker': 'ELF', 'relevance_score': '1.000000', 'ticker_sentiment_score': '0.449718', 'ticker_sentiment_label': 'Bullish'}, {'ticker': 'AMZN', 'relevance_score': '0.611337', 'ticker_sentiment_score': '0.206249', 'ticker_sentiment_label': 'Somewhat-Bullish'}, {'ticker': 'WMT', 'relevance_score': '0.628038', 'ticker_sentiment_score': '0.235986', 'ticker_sentiment_label': 'Somewhat-Bullish'}]"
Amazon FSx & ONTAP – Total Economic Impact Reports ROI | NetApp Blog,https://www.netapp.com/blog/amazon-fsx-ontap-total-economic-impact-roi/,20230324T024604,['Jason McKinney'],"NetApp's blog post highlights a Forrester Consulting study on the Total Economic Impact of Amazon FSx for NetApp ONTAP. The study found that AWS customers achieved a 61% ROI and payback in less than 6 months by migrating to this service. Key benefits include significant technology cost savings, increased labor efficiency, and faster migration times, with customers praising its ease of use and security.",https://www.netapp.com/media/how-aws-customers-HERO-940x784_tcm19-83269.jpg?v=91730,NetApp,General,NetApp,"[{'topic': 'technology', 'relevance_score': '0.940204'}]",0.472508,Bullish,"[{'ticker': 'NTAP', 'relevance_score': '1.000000', 'ticker_sentiment_score': '0.456801', 'ticker_sentiment_label': 'Bullish'}, {'ticker': 'AMZN', 'relevance_score': '0.825078', 'ticker_sentiment_score': '0.403056', 'ticker_sentiment_label': 'Bullish'}]"
"Focus: Amazon, other retailers revamp 'free' shipping as costs soar",https://www.reuters.com/business/retail-consumer/amazon-other-retailers-revamp-free-shipping-costs-soar-2023-03-24/,20230324T100700,['Lisa Baertlein'],"Online retailers, including Amazon, are revamping their ""free"" shipping policies as rising costs and a contracting e-commerce market drain profits. They are introducing new fees, raising minimum purchase requirements, and shifting more expenses to consumers. This shift reflects a broader trend where retailers are starting to resemble airlines, charging for previously free services to maintain profitability in a challenging economic environment.",https://www.reuters.com/resizer/v2/VUJ3CWZRHNPHPNFZK2HWX7WXGI.jpg?auth=af7378a06a30955e1efc873b73d223dd340b786f53c79f3f77252cdf4ac5d951&width=1080&quality=80,Reuters,General,Reuters,"[{'topic': 'retail_wholesale', 'relevance_score': '1.000000'}, {'topic': 'economy_macro', 'relevance_score': '0.801995'}]",0.071281,Neutral,"[{'ticker': 'AMZN', 'relevance_score': '1.000000', 'ticker_sentiment_score': '-0.152358', 'ticker_sentiment_label': 'Somewhat-Bearish'}, {'ticker': 'UPS', 'relevance_score': '0.738499', 'ticker_sentiment_score': '0.124803', 'ticker_sentiment_label': 'Neutral'}, {'ticker': 'FDX', 'relevance_score': '0.741419', 'ticker_sentiment_score': '0.136206', 'ticker_sentiment_label': 'Neutral'}, {'ticker': 'WMT', 'relevance_score': '0.623274', 'ticker_sentiment_score': '0.120607', 'ticker_sentiment_label': 'Neutral'}, {'ticker': 'TGT', 'relevance_score': '0.601688', 'ticker_sentiment_score': '0.102518', 'ticker_sentiment_label': 'Neutral'}]"
"Cryptocurrencies add nothing useful to society, says chip-maker Nvidia",https://www.theguardian.com/technology/2023/mar/26/cryptocurrencies-add-nothing-useful-to-society-nvidia-chatbots-processing-crypto-mining,20230326T024624,['Alex Hern'],"Nvidia's chief technology officer, Michael Kagan, stated that cryptocurrencies bring nothing useful to society, despite the high demand for Nvidia's processors for crypto mining. He contrasted this with the value of AI applications like ChatGPT, which he believes represent a more worthwhile use of processing power. Nvidia had previously taken steps to limit the use of its graphics cards for crypto mining to prioritize supply for AI researchers and gamers.",https://i.guim.co.uk/img/media/c1d4d5e50b04a1580bdaa1145b2dec10d47b8496/0_217_6520_3912/master/6520.jpg?width=465&dpr=1&s=none&crop=none,The Guardian,General,The Guardian,"[{'topic': 'technology', 'relevance_score': '1.000000'}, {'topic': 'blockchain', 'relevance_score': '0.939743'}]",0.202026,Somewhat-Bullish,"[{'ticker': 'NVDA', 'relevance_score': '1.000000', 'ticker_sentiment_score': '0.409691', 'ticker_sentiment_label': 'Bullish'}, {'ticker': 'MSFT', 'relevance_score': '0.642799', 'ticker_sentiment_score': '0.313922', 'ticker_sentiment_label': 'Somewhat-Bullish'}, {'ticker': 'AMZN', 'relevance_score': '0.645993', 'ticker_sentiment_score': '0.220339', 'ticker_sentiment_label': 'Somewhat-Bullish'}, {'ticker': 'ORCL', 'relevance_score': '0.600164', 'ticker_sentiment_score': '0.229295', 'ticker_sentiment_label': 'Somewhat-Bullish'}, {'ticker': 'COIN', 'relevance_score': '0.742928', 'ticker_sentiment_score': '-0.303084', 'ticker_sentiment_label': 'Somewhat-Bearish'}]"
"WPP acquires social influencer marketing agency Obviously, expanding tech-powered creator content capabilities",https://www.wpp.com/en/news/2023/03/wpp-acquires-social-influencer-marketing-agency-obviously,20230327T030211,[],"WPP has acquired Obviously, a New York-based social influencer marketing agency with operations in San Francisco and Paris, founded by Mae Karwowski and Maxime Domain in 2014. This acquisition expands WPP's tech-powered creator content capabilities, integrating Obviously's proprietary platform and nearly 100-person team into VMLY&R's network. Obviously's advanced technology includes AI-driven predictive analytics and streamlined campaign management, positioning WPP to strengthen its influencer marketing offerings for clients in a rapidly growing market.",https://www.wpp.com/-/media/project/wpp/images/news/wppvmlyrobviouslyweb-copy.jpg?width=900&height=506,WPP,General,WPP,"[{'topic': 'mergers_and_acquisitions', 'relevance_score': '1.000000'}, {'topic': 'technology', 'relevance_score': '0.800554'}, {'topic': 'finance', 'relevance_score': '0.749112'}, {'topic': 'retail_wholesale', 'relevance_score': '0.600863'}]",0.291733,Somewhat-Bullish,"[{'ticker': 'WPP', 'relevance_score': '1.000000', 'ticker_sentiment_score': '0.515840', 'ticker_sentiment_label': 'Bullish'}, {'ticker': 'AMZN', 'relevance_score': '0.644697', 'ticker_sentiment_score': '0.223363', 'ticker_sentiment_label': 'Somewhat-Bullish'}, {'ticker': 'F', 'relevance_score': '0.647015', 'ticker_sentiment_score': '0.231069', 'ticker_sentiment_label': 'Somewhat-Bullish'}, {'ticker': 'GOOG', 'relevance_score': '0.600336', 'ticker_sentiment_score': '0.220945', 'ticker_sentiment_label': 'Somewhat-Bullish'}, {'ticker': 'ULTA', 'relevance_score': '0.617685', 'ticker_sentiment_score': '0.222275', 'ticker_sentiment_label': 'Somewhat-Bullish'}]"
AMC Entertainment shares jump on report Amazon exploring a deal,https://www.reuters.com/business/retail-consumer/amc-entertainment-shares-jump-report-amazon-exploring-deal-2023-03-28/,20230328T021543,['Reuters'],"Shares of AMC Entertainment Holdings Inc (AMC.N) jumped as much as 21% following a report that Amazon.com Inc (AMZN.O) was exploring an acquisition of the theater chain. Amazon founder Jeff Bezos reportedly dispatched advisers to look into the deal, though both companies declined to comment. Industry analysts, like Wedbush Securities, expressed skepticism about the potential acquisition due to AMC's significant debt and inflated valuation.",https://www.reuters.com/resizer/v2/OWXY4ERELVIJDMCO3F6D4W3X5U.jpg?auth=cb49155d066eded7f4b74f6658e1e4c72cbc201e3ae484d0fbea97e2c242f80d&width=1920&quality=80,Reuters,General,Reuters,"[{'topic': 'mergers_and_acquisitions', 'relevance_score': '0.919335'}, {'topic': 'retail_wholesale', 'relevance_score': '0.720383'}, {'topic': 'financial_markets', 'relevance_score': '0.636807'}, {'topic': 'economy_macro', 'relevance_score': '0.613492'}]",0.028165,Neutral,"[{'ticker': 'AMZN', 'relevance_score': '0.324840', 'ticker_sentiment_score': '0.042863', 'ticker_sentiment_label': 'Neutral'}]"
The Walt Disney Co. will reportedly begin layoffs this week,https://www.usatoday.com/story/money/business/2023/03/27/disney-layoffs-impacted-employees-notified-before-summer/11551111002/,20230328T022530,['Nathan Diller'],"The Walt Disney Co. is set to begin its first round of layoffs this week, impacting employees as part of a larger plan to cut 7,000 jobs by summer. CEO Bob Iger stated that notifications would occur in three rounds, with the goal of saving $5.5 billion for the company. These job reductions follow a difficult period for Disney and align with recent layoffs seen across various industries.",,USA Today,General,USA Today,"[{'topic': 'earnings', 'relevance_score': '0.903344'}, {'topic': 'economy_macro', 'relevance_score': '0.606854'}, {'topic': 'retail_wholesale', 'relevance_score': '0.729307'}, {'topic': 'technology', 'relevance_score': '0.642314'}]",-0.287386,Somewhat-Bearish,"[{'ticker': 'DIS', 'relevance_score': '1.000000', 'ticker_sentiment_score': '-0.262097', 'ticker_sentiment_label': 'Somewhat-Bearish'}, {'ticker': 'AMZN', 'relevance_score': '0.635603', 'ticker_sentiment_score': '-0.341544', 'ticker_sentiment_label': 'Somewhat-Bearish'}, {'ticker': 'META', 'relevance_score': '0.575035', 'ticker_sentiment_score': '-0.317112', 'ticker_sentiment_label': 'Somewhat-Bearish'}]"
GXO promises “shared warehousing made easy” with UK launch of GXO Direct,https://motortransport.co.uk/gxo-promises-shared-warehousing-made-easy-with-uk-launch-of-gxo-direct/8546.article,20230328T023350,[],"GXO has launched GXO Direct in the UK, combining its flexible warehousing space with that of its acquisition, Clipper Logistics, to create one of the largest shared space offerings in the country. This new service aims to help businesses expand sales channels, achieve economies of scale, reduce costs, and minimize environmental impact. GXO Direct targets a range of customers, from large established businesses to rapidly expanding smaller brands, offering them access to GXO’s extensive resources, technology, and value-added services across 30 sites.",https://d2cohhpa0jt4tw.cloudfront.net/Pictures/480xany/3/6/4/8364_Career-GXO-Logistics-1024x683-326x245-1.jpg,Motor Transport,General,Motor Transport,"[{'topic': 'retail_wholesale', 'relevance_score': '0.808365'}, {'topic': 'manufacturing', 'relevance_score': '0.728198'}, {'topic': 'energy_transportation', 'relevance_score': '0.625475'}]",0.249818,Somewhat-Bullish,"[{'ticker': 'GXO', 'relevance_score': '1.000000', 'ticker_sentiment_score': '0.822618', 'ticker_sentiment_label': 'Bullish'}, {'ticker': 'FDX', 'relevance_score': '0.606142', 'ticker_sentiment_score': '0.123517', 'ticker_sentiment_label': 'Neutral'}, {'ticker': 'WMT', 'relevance_score': '0.641052', 'ticker_sentiment_score': '0.135645', 'ticker_sentiment_label': 'Neutral'}, {'ticker': 'AMZN', 'relevance_score': '0.609899', 'ticker_sentiment_score': '0.123150', 'ticker_sentiment_label': 'Neutral'}, {'ticker': 'UPS', 'relevance_score': '0.621856', 'ticker_sentiment_score': '0.127774', 'ticker_sentiment_label': 'Neutral'}]"
U.S. parcel volume dipped 2% in 2022 after a 6% rise in 2021,https://www.dcvelocity.com/articles/57046-us-parcel-volume-dipped-2-in-2022-after-a-33-jump-in-2021,20230328T024810,['DC Velocity Staff'],"U.S. parcel volume saw a 2% dip in 2022, following a significant 33% surge in 2020 and a 6% rise in 2021, according to Pitney Bowes. Despite this decline in volume, parcel carriers achieved record revenues totaling $198 billion. Pitney Bowes forecasts a rebound, projecting parcel volume to reach 28 billion by 2028.",https://www.dcvelocity.com/media-library/pitney-2022-parcel-volumes-graph-jpg.jpg?id=53512402&width=1200&height=699,DC Velocity,General,DC Velocity,"[{'topic': 'earnings', 'relevance_score': '0.905815'}, {'topic': 'economy_macro', 'relevance_score': '0.809817'}, {'topic': 'retail_wholesale', 'relevance_score': '0.740561'}, {'topic': 'energy_transportation', 'relevance_score': '0.736340'}]",0.354934,Bullish,"[{'ticker': 'PBI', 'relevance_score': '1.000000', 'ticker_sentiment_score': '0.533505', 'ticker_sentiment_label': 'Bullish'}, {'ticker': 'UPS', 'relevance_score': '0.905458', 'ticker_sentiment_score': '0.330045', 'ticker_sentiment_label': 'Somewhat-Bullish'}, {'ticker': 'FDX', 'relevance_score': '0.833667', 'ticker_sentiment_score': '0.284630', 'ticker_sentiment_label': 'Somewhat-Bullish'}, {'ticker': 'AMZN', 'relevance_score': '0.718139', 'ticker_sentiment_score': '0.224530', 'ticker_sentiment_label': 'Somewhat-Bullish'}]"
"FedEx slumps, Amazon slows and more takeaways from a top shipping index",https://www.supplychaindive.com/news/fedex-slides-amazon-slows-pitney-bowes-parcel-shipping-index/646064/,20230328T024810,['Max Garland'],"A new report from the Pitney Bowes Parcel Shipping Index reveals a 2.2% decline in U.S. parcel volumes in 2022, marking a shift after years of growth. Despite this, parcel revenues increased by 6.5% year-over-year due to inflation and higher surcharges. FedEx saw the steepest drop in volume, while Amazon Logistics' growth flattened, prompting both companies to adjust strategies, including cost-cutting and capacity adjustments.",https://imgproxy.divecdn.com/pPj5n4qfF0f4FZpl7j7xRiZ_hgtz3muPLXeUe31Nc4w/g:ce/rs:fill:1200:675:1/Z3M6Ly9kaXZlc2l0ZS1zdG9yYWdlL2RpdmVpbWFnZS9HZXR0eUltYWdlcy0xMTg5MjE5MzY3LmpwZw==.webp,Supply Chain Dive,General,Supply Chain Dive,"[{'topic': 'earnings', 'relevance_score': '0.839195'}, {'topic': 'economy_macro', 'relevance_score': '0.907838'}, {'topic': 'energy_transportation', 'relevance_score': '0.903602'}, {'topic': 'retail_wholesale', 'relevance_score': '0.805715'}]",-0.166509,Somewhat-Bearish,"[{'ticker': 'PBI', 'relevance_score': '0.848502', 'ticker_sentiment_score': '0.142157', 'ticker_sentiment_label': 'Neutral'}, {'ticker': 'FDX', 'relevance_score': '0.945045', 'ticker_sentiment_score': '-0.436316', 'ticker_sentiment_label': 'Bearish'}, {'ticker': 'AMZN', 'relevance_score': '0.831668', 'ticker_sentiment_score': '-0.237330', 'ticker_sentiment_label': 'Somewhat-Bearish'}, {'ticker': 'UPS', 'relevance_score': '0.732978', 'ticker_sentiment_score': '-0.217617', 'ticker_sentiment_label': 'Somewhat-Bearish'}, {'ticker': 'CHRW', 'relevance_score': '0.619510', 'ticker_sentiment_score': '0.140378', 'ticker_sentiment_label': 'Neutral'}]"
Pitney Bowes Parcel Shipping Index Finds US Volumes One Year and One Billion Parcels Ahead of Pre-Pandemic Forecast,https://www.businesswire.com/news/home/20230328005199/en/Pitney-Bowes-Parcel-Shipping-Index-Finds-US-Volumes-One-Year-and-One-Billion-Parcels-Ahead-of-Pre-Pandemic-Forecast,20230328T024810,[],"The 2022 Pitney Bowes Parcel Shipping Index reveals that while US parcel volumes saw a 2% decrease in 2022, they remain significantly higher than pre-pandemic forecasts, being one year and 1.1 billion parcels ahead of earlier predictions. Carrier revenues reached a record-breaking $198 billion, a 6.5% increase from 2021, and Pitney Bowes forecasts US parcel volume to reach 28 billion by 2028 with a 5% CAGR. This indicates strong resilience and adaptation within the shipping industry despite economic challenges.",https://mms.businesswire.com/media/20230328005199/en/1748307/4/2022_Parcel_Volumes_Graph.jpg?download=1,Business Wire,General,Business Wire,"[{'topic': 'retail_wholesale', 'relevance_score': '0.936424'}, {'topic': 'earnings', 'relevance_score': '0.829740'}, {'topic': 'economy_macro', 'relevance_score': '0.725205'}, {'topic': 'finance', 'relevance_score': '0.618764'}]",0.217764,Somewhat-Bullish,"[{'ticker': 'PBI', 'relevance_score': '1.000000', 'ticker_sentiment_score': '0.322167', 'ticker_sentiment_label': 'Somewhat-Bullish'}, {'ticker': 'UPS', 'relevance_score': '0.718594', 'ticker_sentiment_score': '0.286023', 'ticker_sentiment_label': 'Somewhat-Bullish'}, {'ticker': 'FDX', 'relevance_score': '0.741082', 'ticker_sentiment_score': '0.202680', 'ticker_sentiment_label': 'Somewhat-Bullish'}, {'ticker': 'AMZN', 'relevance_score': '0.629223', 'ticker_sentiment_score': '0.194267', 'ticker_sentiment_label': 'Somewhat-Bullish'}, {'ticker': 'WMT', 'relevance_score': '0.591864', 'ticker_sentiment_score': '0.171244', 'ticker_sentiment_label': 'Somewhat-Bullish'}]"
Rackspace Lays Off 275 Employees As Stock Hits Bottom,https://www.crn.com/news/cloud/rackspace-lays-off-275-employees-as-stock-hits-bottom,20230328T025302,[],"Rackspace Technology announced it is laying off 275 employees, approximately 4% of its global workforce, due to an uncertain economic climate and the need to align its cost structure with business demands. This decision comes as the company's stock has plummeted by 84% over the past year, trading at a near-all-time low of $1.76 per share, and after reporting an $805 million net loss in 2022 and experiencing a ransomware attack in December. Rackspace joins a growing list of tech companies implementing significant layoffs in 2023 amid a broader industry downturn.",,CRN,General,CRN,"[{'topic': 'earnings', 'relevance_score': '0.900216'}, {'topic': 'technology', 'relevance_score': '0.826376'}, {'topic': 'financial_markets', 'relevance_score': '0.717881'}, {'topic': 'economy_macro', 'relevance_score': '0.738658'}]",-0.731921,Bearish,"[{'ticker': 'RXT', 'relevance_score': '1.000000', 'ticker_sentiment_score': '-0.827239', 'ticker_sentiment_label': 'Bearish'}, {'ticker': 'DELL', 'relevance_score': '0.631465', 'ticker_sentiment_score': '-0.709413', 'ticker_sentiment_label': 'Bearish'}, {'ticker': 'MSFT', 'relevance_score': '0.638375', 'ticker_sentiment_score': '-0.739319', 'ticker_sentiment_label': 'Bearish'}, {'ticker': 'AMZN', 'relevance_score': '0.612792', 'ticker_sentiment_score': '-0.741706', 'ticker_sentiment_label': 'Bearish'}, {'ticker': 'GOOGL', 'relevance_score': '0.611860', 'ticker_sentiment_score': '-0.731835', 'ticker_sentiment_label': 'Bearish'}]"
Federal Tech Market Veteran Tom Lash Takes Helm at Meadowgate Technologies,https://www.govconwire.com/articles/tom-lash-named-meadowgate-technologies-ceo,20230328T025310,['Jamie Bennet'],"Tom Lash, a veteran of the federal technology market with three decades of experience, has been appointed CEO of Meadowgate Technologies. In his new role, Lash will focus on aligning the IT contractor's strategy with the demands for system architectures and support services in the national security sector. His prior experience includes serving as general manager at Amazon Web Services and holding leadership positions at Leidos.",https://www.govconwire.com/wp-content/uploads/2023/03/unnamed-file-185.png,GovCon Wire,General,GovCon Wire,"[{'topic': 'technology', 'relevance_score': '0.828064'}, {'topic': 'finance', 'relevance_score': '0.628426'}]",0.115518,Neutral,"[{'ticker': 'SAIC', 'relevance_score': '0.311557', 'ticker_sentiment_score': '0.012860', 'ticker_sentiment_label': 'Neutral'}, {'ticker': 'LDOS', 'relevance_score': '0.807961', 'ticker_sentiment_score': '0.225184', 'ticker_sentiment_label': 'Somewhat-Bullish'}, {'ticker': 'AMZN', 'relevance_score': '0.622461', 'ticker_sentiment_score': '0.144709', 'ticker_sentiment_label': 'Neutral'}]"
Austin startup Wonderbelly lands on Target shelves,https://www.bizjournals.com/austin/news/2023/03/28/wonderbelly-is-going-onto-target-shelves.html,20230328T025742,['Sahar Chmais'],"Wonderbelly, an Austin-based antacid company, has announced its products are now available on the shelves of select Target Corp. stores and through Target's website. Previously, Wonderbelly products were sold via Amazon and regional grocers like Wheatsville Co-op, Market Street, and Fresh Plus Grocery. This expansion marks a significant step for the Austin startup in broadening its retail presence.",https://media.bizj.us/view/img/12478638/wonderbelly*900xx5092-2864-0-2328.jpg,The Business Journals,General,The Business Journals,"[{'topic': 'retail_wholesale', 'relevance_score': '0.939036'}, {'topic': 'life_sciences', 'relevance_score': '0.734003'}]",0.304469,Somewhat-Bullish,"[{'ticker': 'TGT', 'relevance_score': '1.000000', 'ticker_sentiment_score': '0.308881', 'ticker_sentiment_label': 'Somewhat-Bullish'}, {'ticker': 'AMZN', 'relevance_score': '0.642335', 'ticker_sentiment_score': '0.345735', 'ticker_sentiment_label': 'Somewhat-Bullish'}]"
Microsoft cuts over 500 jobs in another round of tech layoffs,https://thenationaldesk.com/news/americas-news-now/bellevue-redmond-issaquah-king-county-google-amazon-washington-jobs-economy-meta-mass-microsoft-laying-off-over-500-employees-in-another-round-of-tech-layoffs,20230328T101900,['KOMO Staff'],"Microsoft has laid off 559 workers in Bellevue and Redmond, bringing their regional total to over 2,700 jobs cut since January. This follows a previous round of layoffs in February and reflects a broader trend of job cuts across the tech industry, with companies like Meta and Amazon also reducing their workforces. Overall, U.S. tech companies have shed more than 300,000 jobs in recent months.",https://thenationaldesk.com/resources/media2/16x9/full/1015/center/80/da83f123-e151-4fab-bd78-869187d06f34-large16x9_AP20318451838814.jpg,The National Desk,General,The National Desk,"[{'topic': 'earnings', 'relevance_score': '0.825094'}, {'topic': 'economy_macro', 'relevance_score': '0.913932'}, {'topic': 'technology', 'relevance_score': '1.000000'}]",-0.323227,Somewhat-Bearish,"[{'ticker': 'MSFT', 'relevance_score': '1.000000', 'ticker_sentiment_score': '-0.349432', 'ticker_sentiment_label': 'Somewhat-Bearish'}, {'ticker': 'AMZN', 'relevance_score': '0.627397', 'ticker_sentiment_score': '-0.310061', 'ticker_sentiment_label': 'Somewhat-Bearish'}, {'ticker': 'META', 'relevance_score': '0.638212', 'ticker_sentiment_score': '-0.326296', 'ticker_sentiment_label': 'Somewhat-Bearish'}]"
"W.W. Grainger Inc. stock rises Tuesday, outperforms market",https://www.marketwatch.com/data-news/w-w-grainger-inc-stock-rises-tuesday-outperforms-market-49854ef2-db9892332d43?gaa_at=eafs&gaa_n=AWEtsqeBeRpZjFWBchJaj4LWSJYNSKo2IwusQwd861Dg1NRWwpTNgq-mv1C7&gaa_ts=699a6e8c&gaa_sig=4Nq2OKgeVx31tvEFdrNf-1O9EyATNBomkR5AQBCo_oKQ0cRuPWUrIf-1HsywqLM_ptx6_hC1H-PwqqMwJoy92g%3D%3D,20230328T165800,['MarketWatch Automation'],"W.W. Grainger Inc. (GWW) stock rose 0.62% to $675.84 on Tuesday, outperforming the broader market which saw the S&P 500 and Dow Jones Industrial Average decline. This marked the second consecutive day of gains for the stock, placing it $33.37 short of its 52-week high. The company also outperformed competitors like Amazon.com Inc., Home Depot Inc., and Lowe's Cos.",https://images.mktw.net/im-220105?width=700&height=466,MarketWatch,General,MarketWatch,"[{'topic': 'financial_markets', 'relevance_score': '0.929721'}]",-0.145039,Neutral,"[{'ticker': 'GWW', 'relevance_score': '1.000000', 'ticker_sentiment_score': '0.221883', 'ticker_sentiment_label': 'Somewhat-Bullish'}, {'ticker': 'AMZN', 'relevance_score': '0.605533', 'ticker_sentiment_score': '-0.235669', 'ticker_sentiment_label': 'Somewhat-Bearish'}, {'ticker': 'HD', 'relevance_score': '0.626770', 'ticker_sentiment_score': '-0.204428', 'ticker_sentiment_label': 'Somewhat-Bearish'}, {'ticker': 'LOW', 'relevance_score': '0.649316', 'ticker_sentiment_score': '-0.243203', 'ticker_sentiment_label': 'Somewhat-Bearish'}]"
Synchrony mulls creating a digital wallet,https://www.paymentsdive.com/news/synchrony-credit-card-digital-wallet-payments/646220/,20230329T025644,['Lynne Marek'],"Synchrony Financial, a major provider of private label credit cards for retailers, is exploring the development of its own digital wallet while actively focusing on enhancing digital wallet services for its existing clients. The company aims to transition consumers from physical cards to more digital experiences, recognizing changing customer expectations and potential future revenue streams. Synchrony is currently integrating its digital cards into third-party wallets but is contemplating creating its own, although this move would require careful consideration of its partnerships and potential regulatory impacts.",https://imgproxy.divecdn.com/4LWeH6nrl_Z9VZRnYz7ocXvRg52q4vVvYNowPOjiCuE/g:ce/rs:fill:1200:675:1/Z3M6Ly9kaXZlc2l0ZS1zdG9yYWdlL2RpdmVpbWFnZS9HZXR0eUltYWdlcy04NzkwNDQ4NzZfcW0xb1FGOS5qcGc=.webp,Payments Dive,General,Payments Dive,"[{'topic': 'finance', 'relevance_score': '0.945387'}, {'topic': 'retail_wholesale', 'relevance_score': '0.836682'}, {'topic': 'technology', 'relevance_score': '0.713608'}, {'topic': 'economy_fiscal', 'relevance_score': '0.615850'}]",0.087903,Neutral,"[{'ticker': 'SYF', 'relevance_score': '1.000000', 'ticker_sentiment_score': '-0.104124', 'ticker_sentiment_label': 'Neutral'}, {'ticker': 'PYPL', 'relevance_score': '0.701861', 'ticker_sentiment_score': '0.104696', 'ticker_sentiment_label': 'Neutral'}, {'ticker': 'AMZN', 'relevance_score': '0.633235', 'ticker_sentiment_score': '0.113544', 'ticker_sentiment_label': 'Neutral'}, {'ticker': 'WMT', 'relevance_score': '0.638371', 'ticker_sentiment_score': '0.134213', 'ticker_sentiment_label': 'Neutral'}, {'ticker': 'LOW', 'relevance_score': '0.634135', 'ticker_sentiment_score': '0.148881', 'ticker_sentiment_label': 'Neutral'}]"
"Amazon targets multiple bad actors in novel lawsuit, further protecting selling partners from fraud",https://www.aboutamazon.com/news/policy-news-views/amazon-targets-multiple-bad-actors-in-novel-lawsuit-further-protecting-selling-partners-from-fraud,20230330T021542,['Amazon Staff'],"Amazon has filed a novel lawsuit against multiple bad actors who submitted thousands of false copyright infringement claims to remove products and sellers from its store. This action by Amazon's Counterfeit Crimes Unit (CCU) aims to protect selling partners, customers, and brands, reinforcing the integrity of the Amazon store. The lawsuit builds on the existing Amazon Brand Registry program, which has already seen a 99% reduction in suspected infringement reports from enrolled brands.",https://assets.aboutamazon.com/3f/0d/35201f28460e88091363649e48cc/fraudlawsuit-hero-2000x1125-1.jpg,Amazon News,General,Amazon News,"[{'topic': 'retail_wholesale', 'relevance_score': '0.902615'}]",0.475222,Bullish,"[{'ticker': 'AMZN', 'relevance_score': '1.000000', 'ticker_sentiment_score': '0.476301', 'ticker_sentiment_label': 'Bullish'}]"
Colgate Total Tackles the Root Cause of Oral Health Problems with New Innovation,https://www.dentistrytoday.com/colgate-total-tackles-the-root-cause-of-oral-health-problems-with-new-innovation/,20230330T022224,[],"Colgate is introducing Colgate Total Plaque Pro-Release, a new toothpaste designed to significantly reduce harmful plaque bacteria and provide 24-hour antibacterial protection. This innovation aims to combat the root cause of oral health problems like bad breath, cavities, and gingivitis. The toothpaste utilizes Smart Foam Technology and Stannous Fluoride to penetrate hard-to-reach areas and improve long-term gum health, helping consumers feel ""Dentist-Ready.""",https://www.dentistrytoday.com/wp-content/uploads/2023/03/Colgate_Total_dentist_ready-1024x576.jpg,Dentistry Today,General,Dentistry Today,"[{'topic': 'life_sciences', 'relevance_score': '0.915248'}, {'topic': 'retail_wholesale', 'relevance_score': '0.726129'}]",0.235577,Somewhat-Bullish,"[{'ticker': 'CL', 'relevance_score': '1.000000', 'ticker_sentiment_score': '0.491894', 'ticker_sentiment_label': 'Bullish'}, {'ticker': 'AMZN', 'relevance_score': '0.627118', 'ticker_sentiment_score': '0.222307', 'ticker_sentiment_label': 'Somewhat-Bullish'}, {'ticker': 'WMT', 'relevance_score': '0.615920', 'ticker_sentiment_score': '0.164875', 'ticker_sentiment_label': 'Somewhat-Bullish'}, {'ticker': 'CVS', 'relevance_score': '0.636857', 'ticker_sentiment_score': '0.126546', 'ticker_sentiment_label': 'Neutral'}]"
CVS Health Finalizes $8B Acquisition of Signify Health,https://www.techtarget.com/healthcarepayers/news/366603617/CVS-Health-Finalizes-8B-Acquisition-of-Signify-Health,20230330T024719,['Victoria Bailey'],"CVS Health has completed its $8 billion acquisition of home healthcare company Signify Health, accelerating its value-based care strategy. The merger aims to improve care delivery, lower costs, and enhance member engagement, particularly for Medicare Advantage beneficiaries. Signify Health's CEO, Kyle Armbrester, will continue to lead the company, which also includes Caravan Health.",https://www.techtarget.com/rms/onlineimages/money_g1250581414_searchsitetablet_520X173.jpg,TechTarget,General,TechTarget,"[{'topic': 'mergers_and_acquisitions', 'relevance_score': '1.000000'}, {'topic': 'life_sciences', 'relevance_score': '0.841839'}]",0.179976,Somewhat-Bullish,"[{'ticker': 'OPCH', 'relevance_score': '0.336736', 'ticker_sentiment_score': '0.007405', 'ticker_sentiment_label': 'Neutral'}, {'ticker': 'CVS', 'relevance_score': '1.000000', 'ticker_sentiment_score': '0.433937', 'ticker_sentiment_label': 'Bullish'}, {'ticker': 'UNH', 'relevance_score': '0.621100', 'ticker_sentiment_score': '0.107751', 'ticker_sentiment_label': 'Neutral'}, {'ticker': 'AMZN', 'relevance_score': '0.634807', 'ticker_sentiment_score': '0.131955', 'ticker_sentiment_label': 'Neutral'}]"
How a Top T. Rowe Manager Keeps Beating the Markets,https://www.morningstar.com/markets/how-top-t-rowe-manager-keeps-beating-markets,20230330T025835,['Tom Lauricella'],"David Giroux, manager of the T. Rowe Price Capital Appreciation fund, has consistently outperformed market indexes through a contrarian investment strategy. He zigs when others zag, buying undervalued assets like technology stocks in 2022 or utilities when they were lagging, and making strategic moves in the bond market. Giroux focuses on companies with strong fundamentals and skilled management, avoiding ""value traps"" and wisely allocating capital, as demonstrated by his successful investment in PNC Financial Services Group and avoidance of struggling regional banks.",https://cloudfront-us-east-1.images.arcpublishing.com/morningstar/QRPI7VX6A5H3JNOFTB6X75XSAU.jpg,Morningstar,General,Morningstar,"[{'topic': 'financial_markets', 'relevance_score': '0.908369'}, {'topic': 'finance', 'relevance_score': '0.709627'}]",0.368775,Bullish,"[{'ticker': 'TROW', 'relevance_score': '1.000000', 'ticker_sentiment_score': '0.610279', 'ticker_sentiment_label': 'Bullish'}, {'ticker': 'PNC', 'relevance_score': '0.738303', 'ticker_sentiment_score': '0.511985', 'ticker_sentiment_label': 'Bullish'}, {'ticker': 'MSFT', 'relevance_score': '0.622497', 'ticker_sentiment_score': '0.202910', 'ticker_sentiment_label': 'Somewhat-Bullish'}, {'ticker': 'AMZN', 'relevance_score': '0.641726', 'ticker_sentiment_score': '0.227824', 'ticker_sentiment_label': 'Somewhat-Bullish'}, {'ticker': 'BLK', 'relevance_score': '0.626429', 'ticker_sentiment_score': '0.203677', 'ticker_sentiment_label': 'Somewhat-Bullish'}]"
"Duration: Newmark sells 54,226 s/f retail for $26.4 million for Acadia Realty Trust to Benderson Development",https://nerej.com/newmark-sells-54-226-s-f-for-26-4-million-for-acadia-realty-trust-to-benderson-development,20230331T000000,['Geoffrey Millerd'],"Newmark successfully brokered the sale of a 54,226 s/f retail asset located at 330-340 River St. in Cambridge, MA, from Acadia Realty Trust to Benderson Development for $26.4 million. The property includes a two-story Whole Foods Market and an adjacent Walgreens. This transaction highlights the strong demand for high-quality retail assets with solid tenants and affluent demographics, even in a challenging capital markets environment.",,NEREJ,General,NEREJ,"[{'topic': 'real_estate', 'relevance_score': '1.000000'}, {'topic': 'retail_wholesale', 'relevance_score': '1.000000'}, {'topic': 'finance', 'relevance_score': '0.715405'}]",0.213686,Somewhat-Bullish,"[{'ticker': 'AKR', 'relevance_score': '1.000000', 'ticker_sentiment_score': '0.330895', 'ticker_sentiment_label': 'Somewhat-Bullish'}, {'ticker': 'WBA', 'relevance_score': '0.618658', 'ticker_sentiment_score': '0.120076', 'ticker_sentiment_label': 'Neutral'}, {'ticker': 'AMZN', 'relevance_score': '0.626374', 'ticker_sentiment_score': '0.131395', 'ticker_sentiment_label': 'Neutral'}]"
SPDR S&P 500 (SPY) Stock: Breakout Leveraging Tech Stocks Rally?,https://www.thecoinrepublic.com/2023/03/31/spdr-sp-500-spy-stock-breakout-leveraging-tech-stocks-rally/,20230331T025550,['Kartik Dhankani'],"The SPDR S&P 500 (SPY) ETF has shown a positive resurgence in 2023, largely driven by gains in tech and semiconductor stocks, which comprise a significant portion of its portfolio. Technical analysis suggests a potential bullish breakout for SPY, with indicators pointing to an upcoming rally. Investors are advised to watch support levels and anticipate a rise leveraging the strength of its underlying tech holdings.",https://www.thecoinrepublic.com/wp-content/uploads/2024/05/SPY-stock-2.jpg,The Coin Republic,General,The Coin Republic,"[{'topic': 'financial_markets', 'relevance_score': '0.900114'}, {'topic': 'technology', 'relevance_score': '0.819623'}, {'topic': 'economy_macro', 'relevance_score': '0.613086'}]",0.358032,Bullish,"[{'ticker': 'SPY', 'relevance_score': '1.000000', 'ticker_sentiment_score': '0.466332', 'ticker_sentiment_label': 'Bullish'}, {'ticker': 'AAPL', 'relevance_score': '0.705689', 'ticker_sentiment_score': '0.328195', 'ticker_sentiment_label': 'Somewhat-Bullish'}, {'ticker': 'MSFT', 'relevance_score': '0.605719', 'ticker_sentiment_score': '0.317375', 'ticker_sentiment_label': 'Somewhat-Bullish'}, {'ticker': 'AMZN', 'relevance_score': '0.641353', 'ticker_sentiment_score': '0.290729', 'ticker_sentiment_label': 'Somewhat-Bullish'}, {'ticker': 'NVDA', 'relevance_score': '0.645637', 'ticker_sentiment_score': '0.404427', 'ticker_sentiment_label': 'Bullish'}]"
Top and Flop ETFs of March,https://www.nasdaq.com/articles/top-and-flop-etfs-of-march,20230331T121500,['Sweta Killa'],"The U.S. stock market experienced extreme volatility in March, characterized by bank failures and a tech-driven rally. This article highlights the top and flop ETFs of the month, with technology and gold-related funds performing well, while regional bank and natural gas ETFs saw declines.",,Nasdaq,General,Nasdaq,"[{'topic': 'financial_markets', 'relevance_score': '0.931813'}, {'topic': 'technology', 'relevance_score': '0.805985'}, {'topic': 'finance', 'relevance_score': '0.708856'}, {'topic': 'economy_macro', 'relevance_score': '0.624294'}, {'topic': 'energy_transportation', 'relevance_score': '0.608159'}]",0.310332,Somewhat-Bullish,"[{'ticker': 'BDRY', 'relevance_score': '0.740674', 'ticker_sentiment_score': '0.345089', 'ticker_sentiment_label': 'Somewhat-Bullish'}, {'ticker': 'AAPL', 'relevance_score': '0.608616', 'ticker_sentiment_score': '0.310430', 'ticker_sentiment_label': 'Somewhat-Bullish'}, {'ticker': 'MSFT', 'relevance_score': '0.641224', 'ticker_sentiment_score': '0.345920', 'ticker_sentiment_label': 'Somewhat-Bullish'}, {'ticker': 'AMZN', 'relevance_score': '0.622634', 'ticker_sentiment_score': '0.308799', 'ticker_sentiment_label': 'Somewhat-Bullish'}]"
"Walmart Inc. stock rises Friday, still underperforms market",https://www.marketwatch.com/data-news/walmart-inc-stock-rises-friday-still-underperforms-market-90693e0b-e750bd05ae9f?gaa_at=eafs&gaa_n=AWEtsqcaGgjXjgOlrtVtTjCwMT-hO4Ow-aW4AI4NmYEO2_7SNv2p4JyB7IGZ&gaa_ts=699a7530&gaa_sig=We-wynj-oiFIpPiOFROLN_wNR20tc_1Q0tBtSBL_WthqaiSOd75UO3sfopVdOymWMhwplPZYmUR3ojDYgAGZWg%3D%3D,20230331T173700,[],"Walmart Inc. stock (WMT) saw a 1.22% increase on Friday, closing at $147.45. Despite this rise and a positive trading day for the broader market, Walmart's stock underperformed the S&P 500 and the Dow Jones Industrial Average. The stock closed below its 52-week high and rose less than competitor Amazon.com Inc.",https://images.mktw.net/im-220105?width=700&height=466,MarketWatch,General,MarketWatch,"[{'topic': 'financial_markets', 'relevance_score': '0.901171'}]",0.228845,Somewhat-Bullish,"[{'ticker': 'WMT', 'relevance_score': '1.000000', 'ticker_sentiment_score': '0.198915', 'ticker_sentiment_label': 'Somewhat-Bullish'}, {'ticker': 'AMZN', 'relevance_score': '0.660928', 'ticker_sentiment_score': '0.195783', 'ticker_sentiment_label': 'Somewhat-Bullish'}]"
