title,url,time_published,authors,summary,banner_image,source,category_within_source,source_domain,topics,overall_sentiment_score,overall_sentiment_label,ticker_sentiment
3 Nasdaq Stocks to Buy Now for Growth,https://investorplace.com/2022/05/3-nasdaq-stocks-to-buy-now-for-growth/,20220501T061500,['Tezcan Gecgil'],"The Nasdaq Composite has significantly declined in 2022, primarily due to rising interest rates impacting tech shares. This article identifies three Nasdaq-listed investments—Incyte (INCY), Roku (ROKU), and First Trust Nasdaq Semiconductor ETF (FTXL)—as potential growth opportunities despite current market pressures. Each pick is analyzed for its fundamental strengths, recent performance, and future outlook.",https://investorplace.com/wp-content/plugins/lazy-load/images/1x1.trans.gif,InvestorPlace,General,InvestorPlace,"[{'topic': 'financial_markets', 'relevance_score': '1.000000'}, {'topic': 'life_sciences', 'relevance_score': '0.924670'}, {'topic': 'technology', 'relevance_score': '0.841799'}, {'topic': 'earnings', 'relevance_score': '0.716518'}, {'topic': 'economy_monetary', 'relevance_score': '0.630465'}]",0.078042,Neutral,"[{'ticker': 'FTXL', 'relevance_score': '0.327464', 'ticker_sentiment_score': '0.041695', 'ticker_sentiment_label': 'Neutral'}, {'ticker': 'INCY', 'relevance_score': '0.882232', 'ticker_sentiment_score': '0.302690', 'ticker_sentiment_label': 'Somewhat-Bullish'}, {'ticker': 'BLK', 'relevance_score': '0.639715', 'ticker_sentiment_score': '0.146628', 'ticker_sentiment_label': 'Neutral'}, {'ticker': 'AMZN', 'relevance_score': '0.564394', 'ticker_sentiment_score': '0.125318', 'ticker_sentiment_label': 'Neutral'}, {'ticker': 'NFLX', 'relevance_score': '0.558815', 'ticker_sentiment_score': '-0.303786', 'ticker_sentiment_label': 'Somewhat-Bearish'}]"
Focus: Bird flu puts organic chickens into lockdown from Pennsylvania to France,https://www.reuters.com/world/bird-flu-puts-organic-chickens-into-lockdown-pennsylvania-france-2022-05-02/,20220502T101400,['Tom Polansek and Sybille de La Hamaide'],"Lethal bird flu outbreaks in the U.S. and Europe have forced organic and free-range chicken farmers to keep their flocks indoors, impacting the supply of specialty eggs. This change has led to consumer dissatisfaction as shoppers pay premium prices for eggs from confined hens, who are usually marketed as having outdoor access. While some farmers resist confinement orders due to humane concerns, authorities emphasize keeping birds indoors to prevent the spread of the virus and protect flocks.",https://www.reuters.com/resizer/v2/GMFTGWVG3ZIQDN7QPEPR5TKBD4.jpg?auth=4394b220beac8848a03cfa5a0c6c31d0f2e27c56f61a459e4470ab085cce9348&width=1080&quality=80,Reuters,General,Reuters,"[{'topic': 'economy_macro', 'relevance_score': '0.815662'}, {'topic': 'retail_wholesale', 'relevance_score': '0.730503'}]",-0.129767,Neutral,"[{'ticker': 'VITL', 'relevance_score': '1.000000', 'ticker_sentiment_score': '-0.213021', 'ticker_sentiment_label': 'Somewhat-Bearish'}, {'ticker': 'KR', 'relevance_score': '0.631476', 'ticker_sentiment_score': '-0.109896', 'ticker_sentiment_label': 'Neutral'}, {'ticker': 'AMZN', 'relevance_score': '0.639119', 'ticker_sentiment_score': '-0.122497', 'ticker_sentiment_label': 'Neutral'}, {'ticker': 'TGT', 'relevance_score': '0.636877', 'ticker_sentiment_score': '-0.114296', 'ticker_sentiment_label': 'Neutral'}]"
Amazon defeats drive to unionize second New York facility,https://www.aljazeera.com/economy/2022/5/2/amazon-defeats-drive-to-unionize-second-new-york-facility,20220502T114149,"['Matt Day', 'Spencer Soper', 'Bloomberg']","Amazon workers at a Staten Island facility voted against joining the Amazon Labor Union, a setback for the union which had recently won a historic victory at another Amazon warehouse across the street. The ALU had hoped this second win would bolster its bargaining power, but faces an uphill battle as Amazon continues to fight the unionization efforts at its first successful site. Despite this loss, an expert believes the ALU will persist in its organizing efforts.",https://www.aljazeera.com/wp-content/uploads/2022/05/amazon-1.jpg?resize=770%2C513&quality=80,Al Jazeera,General,Al Jazeera,"[{'topic': 'retail_wholesale', 'relevance_score': '0.806909'}, {'topic': 'economy_macro', 'relevance_score': '0.615051'}]",0.136224,Neutral,"[{'ticker': 'AMZN', 'relevance_score': '1.000000', 'ticker_sentiment_score': '0.133696', 'ticker_sentiment_label': 'Neutral'}]"
"Amazon to reimburse U.S. employees who travel for abortions, other treatments",https://www.reuters.com/business/retail-consumer/amazon-reimburse-us-employees-who-travel-treatments-including-abortions-2022-05-02/,20220502T171200,['Jeffrey Dastin'],"Amazon announced it would reimburse U.S. employees up to $4,000 annually for travel for non-life-threatening medical treatments, including abortions, if the procedure is unavailable within 100 miles of their home and virtual care is not possible. This decision makes Amazon the latest company to help employees navigate state laws restricting abortion access, following similar moves by Citigroup and Yelp. The policy, retroactive to January 1, applies to employees and covered dependents enrolled in specific health plans, regardless of whether they work in a corporate office or warehouse.",https://www.reuters.com/resizer/v2/PYCIYJKSSBIOTAPS64QBVHANV4.jpg?auth=e6387ce941ddeba5378c6ac798875cbf06e522eb01dcb349cee2b203e344f649&width=1920&quality=80,Reuters,General,Reuters,"[{'topic': 'retail_wholesale', 'relevance_score': '0.810636'}, {'topic': 'life_sciences', 'relevance_score': '0.740872'}, {'topic': 'technology', 'relevance_score': '0.638024'}]",0.187404,Somewhat-Bullish,"[{'ticker': 'AMZN', 'relevance_score': '1.000000', 'ticker_sentiment_score': '0.247384', 'ticker_sentiment_label': 'Somewhat-Bullish'}, {'ticker': 'C', 'relevance_score': '0.623492', 'ticker_sentiment_score': '0.147271', 'ticker_sentiment_label': 'Neutral'}]"
Woman says Amazon.com fired her because she got 'long COVID' - lawsuit,https://www.reuters.com/business/retail-consumer/woman-says-amazoncom-fired-her-because-she-got-long-covid-lawsuit-2022-05-02/,20220502T230000,['Jonathan Stempel'],"A former Amazon.com Inc employee has sued the online retailer, alleging she was wrongly fired and forced to repay wages after contracting ""long COVID."" Brittany Hope, a former brand manager, claims Amazon terminated her for ""job abandonment"" and billed her for overpaid wages after she requested medical leave due to severe long COVID symptoms, which she developed after being diagnosed with the flu in February 2020. The lawsuit, filed in Manhattan federal court, seeks damages for alleged violations of federal, state, and New York City disability laws.",https://www.reuters.com/resizer/v2/HTWEB6O5RNML7N6BWQ2IUM6PYU.jpg?auth=7e0e623e30951392c85f3621afe80ec66ae41f459d24b2fd4b72158886e3809e&width=1080&quality=80,Reuters,General,Reuters,"[{'topic': 'finance', 'relevance_score': '0.635903'}, {'topic': 'retail_wholesale', 'relevance_score': '0.844490'}, {'topic': 'life_sciences', 'relevance_score': '0.723979'}]",-0.322021,Somewhat-Bearish,"[{'ticker': 'AMZN', 'relevance_score': '1.000000', 'ticker_sentiment_score': '-0.310269', 'ticker_sentiment_label': 'Somewhat-Bearish'}]"
"With interest rates rising, it's time to focus on MANG stocks instead of FAANG, according to Jefferies",https://www.marketwatch.com/story/with-interest-rates-rising-its-time-to-focus-on-mang-stocks-instead-of-faang-according-to-jefferies-11651590925?gaa_at=eafs&gaa_n=AWEtsqdks5t6wRzo05NRYPF5pL5-Mt5nEZiNkxhOhRC9cW928G6Hqa-OYRqb&gaa_ts=690799cb&gaa_sig=VU-XlCvYEpSLGnm11HP9cZwGeG0enl-Oz3HTst3E3MCUoYrNl-r3oNYqtSgzc380_k0Mp5apGO5xZAjBOSPlRA%3D%3D,20220503T111500,['Philip van Doorn'],"Jefferies analysts recommend focusing on ""MANG"" stocks (Microsoft, Apple, Nvidia, and Alphabet) instead of the traditional ""FAANG + Microsoft"" group as interest rates rise. They suggest that MANG stocks present a safer investment strategy during the Federal Reserve's monetary policy tightening. This advice was issued prior to a Federal Open Market Committee meeting.",,MarketWatch,General,MarketWatch,"[{'topic': 'financial_markets', 'relevance_score': '0.946840'}, {'topic': 'economy_monetary', 'relevance_score': '0.822817'}, {'topic': 'technology', 'relevance_score': '0.739400'}]",-0.118712,Neutral,"[{'ticker': 'META', 'relevance_score': '0.319862', 'ticker_sentiment_score': '0.031893', 'ticker_sentiment_label': 'Neutral'}, {'ticker': 'NFLX', 'relevance_score': '0.839016', 'ticker_sentiment_score': '-0.205963', 'ticker_sentiment_label': 'Somewhat-Bearish'}, {'ticker': 'AMZN', 'relevance_score': '0.832937', 'ticker_sentiment_score': '-0.210705', 'ticker_sentiment_label': 'Somewhat-Bearish'}, {'ticker': 'GOOGL', 'relevance_score': '0.831758', 'ticker_sentiment_score': '-0.237720', 'ticker_sentiment_label': 'Somewhat-Bearish'}, {'ticker': 'AAPL', 'relevance_score': '0.742859', 'ticker_sentiment_score': '0.209490', 'ticker_sentiment_label': 'Somewhat-Bullish'}]"
"With interest rates rising, it's time to focus on MANG stocks instead of FAANG, according to Jefferies",https://www.marketwatch.com/story/with-interest-rates-rising-its-time-to-focus-on-mang-stocks-instead-of-faang-according-to-jefferies-11651590925?gaa_at=eafs&gaa_n=AWEtsqeiv12tuv2tFcvIL6K_xLOZ0mtuJgcseyMXpC6ArEVJuZ382pAolWdp&gaa_ts=69079067&gaa_sig=0ZLj82EapNTccpkEuLDd_ZRZsM-B5WkDoBr4ob-Yv_tWYcty9OGiuZfRi4BKiBhASbvOgkw4C65MkRyeUra5VA%3D%3D,20220503T111500,['Philip van Doorn'],"Jefferies analysts recommend focusing on ""MANG"" stocks (Microsoft, Apple, Nvidia, and Alphabet) over ""FAANG + Microsoft"" as interest rates rise and the Federal Reserve tightens monetary policy. This shift is presented as a safer investment strategy during an environment of increasing rates. The article highlights the rationale behind prioritizing this particular group of tech giants.",,MarketWatch,General,MarketWatch,"[{'topic': 'financial_markets', 'relevance_score': '0.914597'}, {'topic': 'economy_monetary', 'relevance_score': '0.841873'}]",0.110465,Neutral,"[{'ticker': 'GOOGL', 'relevance_score': '0.721622', 'ticker_sentiment_score': '0.148843', 'ticker_sentiment_label': 'Neutral'}, {'ticker': 'AAPL', 'relevance_score': '0.746077', 'ticker_sentiment_score': '0.137659', 'ticker_sentiment_label': 'Neutral'}, {'ticker': 'AMZN', 'relevance_score': '0.720188', 'ticker_sentiment_score': '0.143219', 'ticker_sentiment_label': 'Neutral'}, {'ticker': 'NFLX', 'relevance_score': '0.718257', 'ticker_sentiment_score': '0.132310', 'ticker_sentiment_label': 'Neutral'}]"
"Amazon announces major SoCal expansion, including 1,000 jobs in Santa Monica",https://abc7.com/post/amazon-jobs-southern-california-santa-monica-irvine/11815087/,20220503T114148,[],"Amazon plans to create 2,500 new corporate and technical jobs across Southern California, with over 1,000 in Santa Monica and 800 in Irvine. These roles include positions in cloud infrastructure, Alexa development, and video game design. The expansion involves new office leases in both Santa Monica and Irvine, with additional jobs also planned for San Diego.",https://cdn.abcotvs.com/dip/images/18491475_012826-cc-ap-amazon-go-img.jpg?w=992,ABC7 Los Angeles,General,ABC7 Los Angeles,"[{'topic': 'real_estate', 'relevance_score': '0.802073'}, {'topic': 'technology', 'relevance_score': '0.821596'}, {'topic': 'economy_macro', 'relevance_score': '0.725713'}, {'topic': 'retail_wholesale', 'relevance_score': '0.608617'}]",0.43314,Bullish,"[{'ticker': 'AMZN', 'relevance_score': '1.000000', 'ticker_sentiment_score': '0.424585', 'ticker_sentiment_label': 'Bullish'}]"
13 Companies Offering Quantum Cloud Computing Software Services,https://thequantuminsider.com/2022/05/03/13-companies-offering-quantum-cloud-computing-services/,20220503T121518,['James Dargan'],"This article lists and describes 13 leading companies that offer quantum cloud computing software services in 2025. It explains what quantum cloud computing is, highlighting its role in making expensive quantum hardware accessible to a wider audience, from researchers to enthusiasts. The article covers major players like IBM, Google, and Microsoft, as well as specialized quantum startups, detailing their cloud platforms and offerings.",https://cdn-images-1.medium.com/max/1100/1*KFsOaWAZLLulhR7H1pJxjQ.jpeg,The Quantum Insider,General,The Quantum Insider,"[{'topic': 'technology', 'relevance_score': '1.000000'}]",0.408626,Bullish,"[{'ticker': 'QBTS', 'relevance_score': '0.928222', 'ticker_sentiment_score': '0.721477', 'ticker_sentiment_label': 'Bullish'}, {'ticker': 'IBM', 'relevance_score': '0.809446', 'ticker_sentiment_score': '0.433686', 'ticker_sentiment_label': 'Bullish'}, {'ticker': 'GOOG', 'relevance_score': '0.745548', 'ticker_sentiment_score': '0.325267', 'ticker_sentiment_label': 'Somewhat-Bullish'}, {'ticker': 'MSFT', 'relevance_score': '0.654498', 'ticker_sentiment_score': '0.324258', 'ticker_sentiment_label': 'Somewhat-Bullish'}, {'ticker': 'AMZN', 'relevance_score': '0.630976', 'ticker_sentiment_score': '0.339398', 'ticker_sentiment_label': 'Somewhat-Bullish'}]"
TEGNA local stations to start offering their own streaming news apps,https://thedesk.net/2022/05/tegna-new-streaming-service-local-news/,20220503T122302,['Matthew Keys'],"TEGNA announced a new initiative to launch individual streaming news apps for its local broadcast stations. These ""Plus""-branded apps will offer live and on-demand access to local newscasts, extended live coverage, and other programming on platforms like Roku and Amazon Fire TV. The move builds on the success of TEGNA's first-generation apps, aiming to provide a dedicated local content destination for viewers.",https://thedesk.net/wp-content/uploads/2020/03/Blank-Tegna-Generic-Logo.webp,TheDesk.net,General,TheDesk.net,"[{'topic': 'technology', 'relevance_score': '0.821348'}]",0.189194,Somewhat-Bullish,"[{'ticker': 'TGNA', 'relevance_score': '1.000000', 'ticker_sentiment_score': '0.324788', 'ticker_sentiment_label': 'Somewhat-Bullish'}, {'ticker': 'AMZN', 'relevance_score': '0.618171', 'ticker_sentiment_score': '0.216317', 'ticker_sentiment_label': 'Somewhat-Bullish'}, {'ticker': 'FOX', 'relevance_score': '0.643288', 'ticker_sentiment_score': '0.116332', 'ticker_sentiment_label': 'Neutral'}, {'ticker': 'FOXA', 'relevance_score': '0.604520', 'ticker_sentiment_score': '0.137610', 'ticker_sentiment_label': 'Neutral'}]"
Why more mall brands are ramping up their third-party partnerships,https://www.modernretail.co/retailers/why-more-mall-brands-are-ramping-up-their-third-party-partnerships/,20220503T122650,['Maile McCann'],"Mall-centric brick-and-mortar brands like Victoria's Secret, Gap, and Skechers are increasingly forming third-party partnerships to boost sales and reach wider audiences, as mall foot traffic continues to decline. Victoria's Secret launched a beauty retail partnership with Amazon, while Gap expanded its Gap Home line exclusively with Walmart. Skechers is also aggressively growing its wholesale channels, leveraging partnerships to increase sales and market penetration.",https://www.modernretail.co/wp-content/uploads/sites/5/2022/05/S22_BTY_2jpg-scaled.jpg?w=1280&h=640&crop=1,Modern Retail,General,Modern Retail,"[{'topic': 'retail_wholesale', 'relevance_score': '0.906237'}]",0.213666,Somewhat-Bullish,"[{'ticker': 'VSCO', 'relevance_score': '1.000000', 'ticker_sentiment_score': '0.342247', 'ticker_sentiment_label': 'Somewhat-Bullish'}, {'ticker': 'AMZN', 'relevance_score': '0.717733', 'ticker_sentiment_score': '0.238991', 'ticker_sentiment_label': 'Somewhat-Bullish'}, {'ticker': 'WMT', 'relevance_score': '0.697689', 'ticker_sentiment_score': '0.275440', 'ticker_sentiment_label': 'Somewhat-Bullish'}, {'ticker': 'NKE', 'relevance_score': '0.616362', 'ticker_sentiment_score': '0.101080', 'ticker_sentiment_label': 'Neutral'}]"
"Seritage Growth Properties Signs 123,000 Square Foot Lease with Amazon at The Collection at UTC",https://www.citybiz.co/article/256315/seritage-growth-properties-signs-123000-square-foot-lease-with-amazon-at-the-collection-at-utc/,20220503T160911,['NULL'],"Seritage Growth Properties and Invesco Real Estate announced that Amazon has signed a lease for 123,000 square feet at The Collection at UTC in La Jolla, California. This agreement is expected to create over 700 corporate and tech jobs, marking Seritage's largest office lease to date. The Collection at UTC is now 93% leased and will house Amazon on its top two floors, joining other world-class tenants.",https://www.citybiz.co/wp-content/uploads/2021/12/seritage.jpg,citybiz,General,citybiz,"[{'topic': 'real_estate', 'relevance_score': '1.000000'}, {'topic': 'retail_wholesale', 'relevance_score': '0.723737'}, {'topic': 'technology', 'relevance_score': '0.731652'}]",0.234939,Somewhat-Bullish,"[{'ticker': 'SRG', 'relevance_score': '1.000000', 'ticker_sentiment_score': '0.413055', 'ticker_sentiment_label': 'Bullish'}, {'ticker': 'AMZN', 'relevance_score': '0.831086', 'ticker_sentiment_score': '0.215742', 'ticker_sentiment_label': 'Somewhat-Bullish'}, {'ticker': 'IVZ', 'relevance_score': '0.618650', 'ticker_sentiment_score': '0.102828', 'ticker_sentiment_label': 'Neutral'}]"
Stock Splits Lead to Split Results in Trading,https://www.cboe.com/insights/posts/stock-splits-lead-to-split-results-in-trading/,20220503T162156,[],"This article analyzes the impact of stock splits on market structure, liquidity, retail investor participation, notional exposure, trade size, odd lots, and volatility in both equities and options markets. Using data from 61 stock splits since 2020, including a case study on Apple (AAPL), the Cboe team found that stock splits do not necessarily increase liquidity proportionally to the split ratio and can lead to a decrease in overall investor capital exposure, though they do increase retail investor participation. The study suggests while splits enhance accessibility, they may not always benefit existing shareholders.",,Cboe Global Markets,General,Cboe Global Markets,"[{'topic': 'financial_markets', 'relevance_score': '0.949849'}]",0.161622,Somewhat-Bullish,"[{'ticker': 'CBOE', 'relevance_score': '1.000000', 'ticker_sentiment_score': '0.248175', 'ticker_sentiment_label': 'Somewhat-Bullish'}, {'ticker': 'GOOGL', 'relevance_score': '0.861045', 'ticker_sentiment_score': '0.138201', 'ticker_sentiment_label': 'Neutral'}, {'ticker': 'AMZN', 'relevance_score': '0.874814', 'ticker_sentiment_score': '0.117286', 'ticker_sentiment_label': 'Neutral'}, {'ticker': 'AAPL', 'relevance_score': '0.767109', 'ticker_sentiment_score': '0.103488', 'ticker_sentiment_label': 'Neutral'}]"
"Amazon Announces SoCal Expansion, Including 700 Jobs in San Diego",https://www.nbcsandiego.com/news/local/amazon-announces-socal-expansion-including-700-jobs-in-san-diego/2936652/,20220503T162900,"['Jay Yoo', 'NBC 7']","Amazon.com Inc. is expanding its operations in Southern California, creating 2,500 new corporate and technical jobs, with over 700 of those located in San Diego. To accommodate this growth, Amazon has signed a lease for a 123,000-square-foot office space in University Town Center, expected to open in early 2023. The new roles include positions in cloud infrastructure, Alexa development, video game design, software engineering, human resources, finance, and IT.",,NBC 7 San Diego,General,NBC 7 San Diego,"[{'topic': 'technology', 'relevance_score': '0.834199'}, {'topic': 'retail_wholesale', 'relevance_score': '0.710203'}, {'topic': 'real_estate', 'relevance_score': '0.631863'}, {'topic': 'economy_macro', 'relevance_score': '0.616022'}]",0.238871,Somewhat-Bullish,"[{'ticker': 'SRG-P-A', 'relevance_score': '0.337699', 'ticker_sentiment_score': '0.017360', 'ticker_sentiment_label': 'Neutral'}, {'ticker': 'AMZN', 'relevance_score': '1.000000', 'ticker_sentiment_score': '0.418543', 'ticker_sentiment_label': 'Bullish'}]"
"Focus: Amazon's union: Two warehouses, two outcomes",https://www.reuters.com/business/retail-consumer/two-warehouses-two-outcomes-amazons-union-2022-05-03/,20220504T024500,['Jeffrey Dastin'],"Amazon's two warehouses on Staten Island, JFK8 and LDJ5, despite being near each other and hiring from the same communities, had opposing outcomes on unionization. JFK8 voted to unionize due to worker dissatisfaction with conditions and the efforts of ALU founders who had worked there. LDJ5, a newer facility with different job roles and schedules, rejected unionization, with some workers finding the work easier and expressing concerns about union dues and goals.",https://www.reuters.com/resizer/v2/EUMEJYKZSVJJPLVRLQ255DJPWI.jpg?auth=b1086355df9a6d7b48f96e48248fbb61405b4dd81da98d17ebcd442a8b27f37d&width=1080&quality=80,Reuters,General,Reuters,"[{'topic': 'retail_wholesale', 'relevance_score': '0.837654'}, {'topic': 'economy_macro', 'relevance_score': '0.628081'}]",-0.12163,Neutral,"[{'ticker': 'AMZN', 'relevance_score': '1.000000', 'ticker_sentiment_score': '-0.111778', 'ticker_sentiment_label': 'Neutral'}]"
Amazon says it has too much warehouse space. What's that mean for the broader industrial market?,https://www.bizjournals.com/bizjournals/news/2022/05/04/amazon-warehouse-space-capacity-obstacles.html,20220504T114149,['Ashley Fahey'],"Amazon.com Inc., a dominant force in the U.S. industrial market, appears to have reached its maximum capacity for warehouse and fulfillment space. This development could signal significant shifts for the broader industrial real estate sector. The article prompts a discussion about the implications of Amazon's changing needs on the overall market.",https://media.bizj.us/view/img/12037244/amazon-6-14*900xx5600-3150-0-293.jpg,The Business Journals,General,The Business Journals,"[{'topic': 'real_estate', 'relevance_score': '0.939702'}, {'topic': 'retail_wholesale', 'relevance_score': '0.848969'}, {'topic': 'economy_macro', 'relevance_score': '0.725860'}, {'topic': 'manufacturing', 'relevance_score': '0.619214'}]",-0.216335,Somewhat-Bearish,"[{'ticker': 'AMZN', 'relevance_score': '1.000000', 'ticker_sentiment_score': '-0.246025', 'ticker_sentiment_label': 'Somewhat-Bearish'}]"
Bridge Point Melrose Park signs big leases for new industrial development,https://www.bizjournals.com/chicago/news/2022/05/04/bridge-point-melrose-park-ceva-expeditors-leases.html,20220504T114721,['Annlee Ellingson'],"Bridge Industrial has secured its first two tenants, CEVA and Expeditors, for its new industrial development, Bridge Point Melrose Park. The developer adapted during construction to meet the warehouse needs of these major logistics companies. The 87-acre development is strategically located about six miles south of O'Hare Airport in Melrose Park, Illinois.",https://media.bizj.us/view/img/12254070/mp-north-rendering-6-25-21-bldg-1-003*900xx3598-2034-462-0.jpg,The Business Journals,General,The Business Journals,"[{'topic': 'real_estate', 'relevance_score': '0.927485'}, {'topic': 'manufacturing', 'relevance_score': '0.708000'}, {'topic': 'economy_macro', 'relevance_score': '0.645344'}]",0.1591,Somewhat-Bullish,"[{'ticker': 'CEVA', 'relevance_score': '0.323750', 'ticker_sentiment_score': '0.021618', 'ticker_sentiment_label': 'Neutral'}, {'ticker': 'AMZN', 'relevance_score': '0.642817', 'ticker_sentiment_score': '0.205730', 'ticker_sentiment_label': 'Somewhat-Bullish'}, {'ticker': 'PLD', 'relevance_score': '0.647996', 'ticker_sentiment_score': '0.238785', 'ticker_sentiment_label': 'Somewhat-Bullish'}]"
I wore this $7 concealer for 8 hours — it never creased or flaked,https://www.today.com/shop/elf-cosmetics-hydrating-camo-concealer-t219576,20220504T115238,['Jess Sims'],"The E.l.f. Hydrating Camo Concealer, praised by beauty gurus and customers alike, offers long-lasting, buildable full coverage for just $7. The author, Jess Sims, tested the product for eight hours in the Texas sun and reported no creasing or flaking, noting its creamy texture and matte finish. She uses two shades to highlight and conceal hyperpigmentation, recommending moisturizing beforehand for optimal application.","https://media-cldnry.s-nbcnews.com/image/upload/t_fit-560w,f_auto,q_auto:best/newscms/2021_21/1722339/elf-camo-concealer-ode-bd-2x1-210525.jpg",TODAY.com,General,TODAY.com,"[{'topic': 'retail_wholesale', 'relevance_score': '0.810142'}]",0.219438,Somewhat-Bullish,"[{'ticker': 'ELF', 'relevance_score': '0.314663', 'ticker_sentiment_score': '0.019827', 'ticker_sentiment_label': 'Neutral'}, {'ticker': 'ULTA', 'relevance_score': '0.738723', 'ticker_sentiment_score': '0.331742', 'ticker_sentiment_label': 'Somewhat-Bullish'}, {'ticker': 'AMZN', 'relevance_score': '0.622873', 'ticker_sentiment_score': '0.265923', 'ticker_sentiment_label': 'Somewhat-Bullish'}]"
"F1 Boom Lures Amazon, Dell and Oracle Into Tech-Sponsor Race",https://www.sportico.com/business/tech/2022/f1-boom-lures-amazon-dell-and-oracle-into-tech-sponsor-race-1234674343/,20220504T115606,['Asli Pelit'],"The increasing popularity of Formula One, especially in the U.S., is attracting major tech companies like Amazon, Oracle, and Dell Technologies as sponsors and partners. These partnerships involve using advanced technology for car design, performance optimization, data analysis for fan engagement, and even driver wellness. This trend highlights F1's blend of technological innovation and competitive sport, driving further tech demand.",https://www.sportico.com/wp-content/uploads/2022/05/2022-F1-Car-Silverstone-Grid.jpeg?w=1600&h=901&crop=1,Sportico.com,General,Sportico.com,"[{'topic': 'technology', 'relevance_score': '0.912461'}, {'topic': 'finance', 'relevance_score': '0.640369'}, {'topic': 'energy_transportation', 'relevance_score': '0.645287'}]",0.331156,Somewhat-Bullish,"[{'ticker': 'FWONK', 'relevance_score': '0.903403', 'ticker_sentiment_score': '0.446953', 'ticker_sentiment_label': 'Bullish'}, {'ticker': 'AMZN', 'relevance_score': '0.802503', 'ticker_sentiment_score': '0.311525', 'ticker_sentiment_label': 'Somewhat-Bullish'}, {'ticker': 'DELL', 'relevance_score': '0.736533', 'ticker_sentiment_score': '0.348446', 'ticker_sentiment_label': 'Somewhat-Bullish'}, {'ticker': 'ORCL', 'relevance_score': '0.741888', 'ticker_sentiment_score': '0.335492', 'ticker_sentiment_label': 'Somewhat-Bullish'}, {'ticker': 'NFLX', 'relevance_score': '0.625992', 'ticker_sentiment_score': '0.220405', 'ticker_sentiment_label': 'Somewhat-Bullish'}]"
"GXO beats Q1 estimates, raises full-year guidance",https://www.freightwaves.com/news/gxo-beats-q1-estimates-raises-full-year-guidance,20220504T115814,['Mark Solomon'],"GXO Logistics Inc. reported better-than-expected first-quarter results, with adjusted diluted earnings of 59 cents per share and a 14% increase in revenue to nearly $2.1 billion. The company raised its full-year guidance, now expecting adjusted diluted EPS between $2.70 and $2.90, and revenue growth of 11% to 15%, driven by solid volume across industries and increased demand for e-commerce outsourcing. These targets do not include the impact of its proposed acquisition of Clipper Logistics plc.","https://freightwaves.b-cdn.net/wp-content/uploads/2022/05/gxo-q1-earnings-0504.jpeg?resize=970,546&width=970&height=546",FreightWaves,General,FreightWaves,"[{'topic': 'earnings', 'relevance_score': '0.908567'}, {'topic': 'financial_markets', 'relevance_score': '0.733312'}, {'topic': 'mergers_and_acquisitions', 'relevance_score': '0.729503'}, {'topic': 'energy_transportation', 'relevance_score': '0.645235'}, {'topic': 'retail_wholesale', 'relevance_score': '0.616549'}]",0.343001,Somewhat-Bullish,"[{'ticker': 'GXO', 'relevance_score': '1.000000', 'ticker_sentiment_score': '0.612340', 'ticker_sentiment_label': 'Bullish'}, {'ticker': 'AMZN', 'relevance_score': '0.626238', 'ticker_sentiment_score': '0.317047', 'ticker_sentiment_label': 'Somewhat-Bullish'}, {'ticker': 'UPS', 'relevance_score': '0.569073', 'ticker_sentiment_score': '0.248692', 'ticker_sentiment_label': 'Somewhat-Bullish'}, {'ticker': 'FDX', 'relevance_score': '0.571290', 'ticker_sentiment_score': '0.209890', 'ticker_sentiment_label': 'Somewhat-Bullish'}]"
Embracing The Inevitable Move From Hardware To Services,https://www.nextplatform.com/2022/05/04/embracing-the-inevitable-move-from-hardware-to-services/,20220504T115907,['Jeffrey Burt'],"Dell Technologies is shifting its focus from hardware sales to software and services, as evidenced by its Dell Technologies World event. The company is expanding its Apex as-a-service portfolio, enhancing its storage software, and building multi-cloud solutions like Project Alpine to offer cloud-like consumption models and address the evolving needs of IT. This strategy aims to provide streamlined experiences, consistent data mobility, and robust cybersecurity solutions for on-premises and public cloud environments.",https://www.nextplatform.com/wp-content/uploads/2020/10/dell-headquarters-logo-732x438.jpg,The Next Platform,General,The Next Platform,"[{'topic': 'technology', 'relevance_score': '0.948994'}]",0.22216,Somewhat-Bullish,"[{'ticker': 'HPE', 'relevance_score': '0.647957', 'ticker_sentiment_score': '0.212190', 'ticker_sentiment_label': 'Somewhat-Bullish'}, {'ticker': 'DELL', 'relevance_score': '0.950020', 'ticker_sentiment_score': '0.326139', 'ticker_sentiment_label': 'Somewhat-Bullish'}, {'ticker': 'MSFT', 'relevance_score': '0.740196', 'ticker_sentiment_score': '0.280996', 'ticker_sentiment_label': 'Somewhat-Bullish'}, {'ticker': 'AMZN', 'relevance_score': '0.697877', 'ticker_sentiment_score': '0.224482', 'ticker_sentiment_label': 'Somewhat-Bullish'}, {'ticker': 'INTC', 'relevance_score': '0.566762', 'ticker_sentiment_score': '0.181604', 'ticker_sentiment_label': 'Somewhat-Bullish'}]"
"With Amazon approval, what will National Landing mean for the local tech sector?",https://technical.ly/civic-news/national-landing-jbg-smith/,20220504T120209,['Michaela Althouse'],"Amazon's HQ2 approval in National Landing is expected to transform the Arlington, Virginia area into a tech innovation hub, with developer JBG SMITH planning extensive housing, infrastructure, and a 5G-powered smart city. The goal is to attract new companies and talent, creating an environment similar to Kendall Square or South Lake Union, while also addressing local housing needs.",https://technical.ly/wp-content/uploads/2021/07/D24171_PV_1356_Night-Aerial_labeled.jpg,Technical.ly,General,Technical.ly,"[{'topic': 'real_estate', 'relevance_score': '0.902582'}, {'topic': 'technology', 'relevance_score': '0.817590'}, {'topic': 'economy_macro', 'relevance_score': '0.631023'}, {'topic': 'retail_wholesale', 'relevance_score': '0.605749'}]",0.325151,Somewhat-Bullish,"[{'ticker': 'JBGS', 'relevance_score': '0.935117', 'ticker_sentiment_score': '0.441541', 'ticker_sentiment_label': 'Bullish'}, {'ticker': 'AMZN', 'relevance_score': '0.862265', 'ticker_sentiment_score': '0.319217', 'ticker_sentiment_label': 'Somewhat-Bullish'}, {'ticker': 'T', 'relevance_score': '0.627945', 'ticker_sentiment_score': '0.209085', 'ticker_sentiment_label': 'Somewhat-Bullish'}]"
Office Depot owner close to decision on sale of retail business as revenue falls,https://www.retaildive.com/news/office-depot-owner-close-to-decision-on-sale-of-retail-business-as-revenue/623165/,20220504T121124,['Ben Unglesbee'],"ODP, the owner of Office Depot and OfficeMax, is nearing a decision on the future of its retail business, which could involve a sale or spin-off. This comes as the retail division experienced a 9% decline in first-quarter sales to $943 million, attributed to 114 store closures. Despite the retail challenges, ODP's business-to-business division saw a 9% increase in sales, as the company grapples with ongoing shifts in the office supply market.",https://imgproxy.divecdn.com/9_VRRSEmvo9TiFEqzeJ74Oh91Q4yzR1lvWwchQHHnzs/g:nowe:0:37/c:800:452/rs:fill:1200:675:1/Z3M6Ly9kaXZlc2l0ZS1zdG9yYWdlL2RpdmVpbWFnZS9vZmZpY2UtZGVwb3QuanBn.webp,Retail Dive,General,Retail Dive,"[{'topic': 'earnings', 'relevance_score': '0.931925'}, {'topic': 'mergers_and_acquisitions', 'relevance_score': '0.908768'}, {'topic': 'retail_wholesale', 'relevance_score': '0.809027'}]",-0.196091,Somewhat-Bearish,"[{'ticker': 'ODP', 'relevance_score': '1.000000', 'ticker_sentiment_score': '-0.204116', 'ticker_sentiment_label': 'Somewhat-Bearish'}, {'ticker': 'AMZN', 'relevance_score': '0.613563', 'ticker_sentiment_score': '-0.119881', 'ticker_sentiment_label': 'Neutral'}]"
DevOps: Why it is now the only way to develop software,https://www.sify.com/cloud/devops-why-it-is-the-only-way-to-develop-software/,20220504T121926,['Nigel Pereira'],"DevOps is presented as a cultural shift essential for modern software development, moving beyond traditional ""silos"" and ""waterfall"" approaches. It emphasizes collaboration between development and operations teams and leverages automation to achieve frequent, seamless updates, meeting high end-user expectations set by major tech companies. The article argues that without DevOps, it's impossible for applications to remain relevant in today's fast-paced digital environment.",https://www.sify.com/wp-content/uploads/2022/05/devops_shutterstock_vm3gWNefidahc-1.jpg,INDOlink,General,INDOlink,"[{'topic': 'technology', 'relevance_score': '0.949914'}]",0.223557,Somewhat-Bullish,"[{'ticker': 'SIFY', 'relevance_score': '0.331658', 'ticker_sentiment_score': '0.015090', 'ticker_sentiment_label': 'Neutral'}, {'ticker': 'NFLX', 'relevance_score': '0.837248', 'ticker_sentiment_score': '0.301005', 'ticker_sentiment_label': 'Somewhat-Bullish'}, {'ticker': 'AMZN', 'relevance_score': '0.818361', 'ticker_sentiment_score': '0.309433', 'ticker_sentiment_label': 'Somewhat-Bullish'}, {'ticker': 'GOOGL', 'relevance_score': '0.738115', 'ticker_sentiment_score': '0.299779', 'ticker_sentiment_label': 'Somewhat-Bullish'}, {'ticker': 'META', 'relevance_score': '0.712232', 'ticker_sentiment_score': '0.264892', 'ticker_sentiment_label': 'Somewhat-Bullish'}]"
Seritage Secures Lease with Amazon at The Collection in La Jolla,https://www.connectcre.com/stories/seritage-secures-lease-with-amazon-at-the-collection-in-la-jolla/,20220504T122107,['Mark Nieto'],"Seritage Growth Properties and Invesco Real Estate have secured a lease with Amazon for 123,000 square feet at The Collection at UTC in La Jolla. Amazon will occupy the top two floors of the mixed-use project, which includes Class A office, retail, and restaurant space. This expansion is part of Amazon's growing footprint in California, with Seritage CEO Andrea Olshan highlighting the quality and location of the asset.",https://www.connectcre.com/wp-content/uploads/2022/03/connect-cre-logo-01.svg,Connect CRE,General,Connect CRE,"[{'topic': 'real_estate', 'relevance_score': '1.000000'}, {'topic': 'retail_wholesale', 'relevance_score': '0.720174'}, {'topic': 'technology', 'relevance_score': '0.718652'}]",0.352079,Bullish,"[{'ticker': 'SRG', 'relevance_score': '1.000000', 'ticker_sentiment_score': '0.458672', 'ticker_sentiment_label': 'Bullish'}, {'ticker': 'AMZN', 'relevance_score': '0.932223', 'ticker_sentiment_score': '0.330100', 'ticker_sentiment_label': 'Somewhat-Bullish'}, {'ticker': 'IVZ', 'relevance_score': '0.648320', 'ticker_sentiment_score': '0.316968', 'ticker_sentiment_label': 'Somewhat-Bullish'}]"
Grocery giant Kroger is almost ready to deliver in Miami. How do you place an order?,https://www.miamiherald.com/news/business/article261067962.html,20220504T163500,['Howard Cohen'],"Kroger is expanding into South Florida with an online-only grocery delivery service, opening its first spoke facility in Opa-locka by mid-May 2022, with additional locations planned for Broward and Palm Beach counties. The company will not open traditional brick-and-mortar stores, instead operating through a system centered around its Groveland fulfillment center. Customers can place orders via Kroger's website or app, with a delivery fee of $9.95 or free delivery for Boost members, and drivers do not accept tips as they are paid a ""great wage.""",,Miami Herald,General,Miami Herald,"[{'topic': 'retail_wholesale', 'relevance_score': '1.000000'}]",0.245432,Somewhat-Bullish,"[{'ticker': 'KR', 'relevance_score': '1.000000', 'ticker_sentiment_score': '0.309912', 'ticker_sentiment_label': 'Somewhat-Bullish'}, {'ticker': 'AMZN', 'relevance_score': '0.612148', 'ticker_sentiment_score': '0.117002', 'ticker_sentiment_label': 'Neutral'}]"
Howard Schultz rolls out wage boost for Starbucks workers as union efforts gain steam,https://www.bizjournals.com/seattle/news/2022/05/03/starbucks-q2-earnings-schultz-wage-boost-unions.html,20220504T182656,['Joey Thompson'],"Starbucks interim CEO Howard Schultz announced new worker benefits that would be available only at nonunion stores during his first call with investors since returning to the company's helm. This move comes as union efforts among Starbucks workers continue to gain momentum, and the company has faced multiple NLRB complaints alleging anti-union activities. The announcement is seen as a strategic response to the growing unionization movement within Starbucks.",,The Business Journals,General,The Business Journals,"[{'topic': 'retail_wholesale', 'relevance_score': '0.840783'}, {'topic': 'economy_macro', 'relevance_score': '0.641339'}]",0.142078,Neutral,"[{'ticker': 'SBUX', 'relevance_score': '1.000000', 'ticker_sentiment_score': '0.250700', 'ticker_sentiment_label': 'Somewhat-Bullish'}, {'ticker': 'AMZN', 'relevance_score': '0.667038', 'ticker_sentiment_score': '-0.118042', 'ticker_sentiment_label': 'Neutral'}, {'ticker': 'VZ', 'relevance_score': '0.572667', 'ticker_sentiment_score': '0.224913', 'ticker_sentiment_label': 'Somewhat-Bullish'}]"
Shopify acquires shipping logistics startup Deliverr for $2.1B,https://techcrunch.com/2022/05/05/shopify-acquires-shipping-logistics-startup-deliverr-for-2-1b/,20220505T053000,['Kyle Wiggers'],"Shopify announced its acquisition of Deliverr, an e-commerce fulfillment startup, for $2.1 billion in cash and stock, marking its largest acquisition to date. This deal aims to create an end-to-end logistics platform for merchants by integrating Deliverr's technology with the Shopify Fulfillment Network. The acquisition will also power Shopify's new ""Shop Promise"" service, offering two-day and next-day delivery, and is seen as a strategic move to compete with Amazon in the rapidly growing logistics market.",https://techcrunch.com/wp-content/uploads/2020/09/GettyImages-1169040174.jpg?w=1024,TechCrunch,General,TechCrunch,"[{'topic': 'mergers_and_acquisitions', 'relevance_score': '1.000000'}, {'topic': 'technology', 'relevance_score': '0.915942'}, {'topic': 'retail_wholesale', 'relevance_score': '0.820661'}, {'topic': 'energy_transportation', 'relevance_score': '0.716252'}]",0.239522,Somewhat-Bullish,"[{'ticker': 'SHOP', 'relevance_score': '1.000000', 'ticker_sentiment_score': '0.416715', 'ticker_sentiment_label': 'Bullish'}, {'ticker': 'AMZN', 'relevance_score': '0.724828', 'ticker_sentiment_score': '0.107507', 'ticker_sentiment_label': 'Neutral'}, {'ticker': 'FDX', 'relevance_score': '0.627609', 'ticker_sentiment_score': '0.205051', 'ticker_sentiment_label': 'Somewhat-Bullish'}, {'ticker': 'UPS', 'relevance_score': '0.613417', 'ticker_sentiment_score': '0.230213', 'ticker_sentiment_label': 'Somewhat-Bullish'}]"
"BNPL: Affirm to Become First Buy Now, Pay Later Partner “Fully Integrated” to Carat from Fiserv",https://www.crowdfundinsider.com/2022/05/190652-bnpl-affirm-to-become-first-buy-now-pay-later-partner-fully-integrated-to-carat-from-fiserv/,20220505T084200,['Omar Faridi'],"Affirm and Fiserv have partnered, making Affirm the first Buy Now, Pay Later (BNPL) provider fully integrated into Fiserv's Carat operating system. This collaboration will allow Fiserv's enterprise merchant clients to seamlessly offer Affirm's Adaptive Checkout, providing consumers with flexible payment options. The partnership aims to help merchants attract new customers and boost sales by meeting the growing demand for BNPL services.",https://www.crowdfundinsider.com/wp-content/uploads/2022/01/Affirm-Super-App-600x338.jpeg,Crowdfund Insider,General,Crowdfund Insider,"[{'topic': 'finance', 'relevance_score': '0.947458'}, {'topic': 'technology', 'relevance_score': '0.832865'}, {'topic': 'retail_wholesale', 'relevance_score': '0.728147'}]",0.277805,Somewhat-Bullish,"[{'ticker': 'FISV', 'relevance_score': '0.320296', 'ticker_sentiment_score': '0.008735', 'ticker_sentiment_label': 'Neutral'}, {'ticker': 'FI', 'relevance_score': '1.000000', 'ticker_sentiment_score': '0.486023', 'ticker_sentiment_label': 'Bullish'}, {'ticker': 'AMZN', 'relevance_score': '0.624684', 'ticker_sentiment_score': '0.320067', 'ticker_sentiment_label': 'Somewhat-Bullish'}, {'ticker': 'TGT', 'relevance_score': '0.626005', 'ticker_sentiment_score': '0.275346', 'ticker_sentiment_label': 'Somewhat-Bullish'}, {'ticker': 'WMT', 'relevance_score': '0.635127', 'ticker_sentiment_score': '0.276315', 'ticker_sentiment_label': 'Somewhat-Bullish'}]"
Quantum computing firm IonQ hit by short seller report,"https://www.kedglobal.com/tech,-media-telecom/newsView/ked202205050001",20220505T112633,['Go-Woon Lee'],"Quantum computing firm IonQ has been targeted by short seller Scorpion Capital, which called the company's claims of having the world's most powerful quantum computer ""a hoax"" and a ""quantum Ponzi scheme."" The report prompted a significant drop in IonQ's share price. Despite this, IonQ has garnered investment from major companies like Samsung, Amazon, and Google, and has partnerships with firms such as Hyundai Motor to apply quantum computing to various industries.",https://www.kedglobal.com/data/ked/image/2022/05/05/ked202205050001.700x.9.jpg,KED Global,General,KED Global,"[{'topic': 'technology', 'relevance_score': '1.000000'}, {'topic': 'financial_markets', 'relevance_score': '0.932597'}, {'topic': 'energy_transportation', 'relevance_score': '0.717804'}]",-0.256195,Somewhat-Bearish,"[{'ticker': 'IONQ', 'relevance_score': '1.000000', 'ticker_sentiment_score': '-0.609154', 'ticker_sentiment_label': 'Bearish'}, {'ticker': 'AMZN', 'relevance_score': '0.601008', 'ticker_sentiment_score': '0.109367', 'ticker_sentiment_label': 'Neutral'}]"
2022 Selloff Has Left the U.S. Stock Market Undervalued,https://www.morningstar.com/markets/2022-selloff-has-left-us-stock-market-undervalued,20220505T115743,"['David Sekera', 'CFA']","The 2022 stock market selloff has pushed the broad U.S. equity market into undervalued territory, trading at a 12% discount to fair value according to Morningstar's equity research. While value stocks remain attractive, growth stocks, particularly small-caps, now offer significant discounts after substantial declines. The article highlights undervalued opportunities in the Communications, Consumer Cyclical, Financial Services, and Technology sectors, despite ongoing headwinds like slowing economic growth, Federal Reserve tightening, rising interest rates, and inflation.",https://morningstar-morningstar-prod.web.arc-cdn.net/resizer/mrI7osC4qZZJ6rnZINgZoZD39i0=/2000x2000/author-service-images-prod-us-east-1.publishing.aws.arc.pub/morningstar/54f9f69f-0232-435e-9557-5edc4b17c660.jpg,Morningstar,General,Morningstar,"[{'topic': 'financial_markets', 'relevance_score': '1.000000'}, {'topic': 'economy_monetary', 'relevance_score': '0.923372'}, {'topic': 'economy_macro', 'relevance_score': '0.922629'}, {'topic': 'technology', 'relevance_score': '0.824864'}, {'topic': 'earnings', 'relevance_score': '0.724599'}]",0.19404,Somewhat-Bullish,"[{'ticker': 'GOOGL', 'relevance_score': '0.869465', 'ticker_sentiment_score': '0.219133', 'ticker_sentiment_label': 'Somewhat-Bullish'}, {'ticker': 'META', 'relevance_score': '0.830342', 'ticker_sentiment_score': '0.418465', 'ticker_sentiment_label': 'Bullish'}, {'ticker': 'NFLX', 'relevance_score': '0.709339', 'ticker_sentiment_score': '0.228400', 'ticker_sentiment_label': 'Somewhat-Bullish'}, {'ticker': 'AMZN', 'relevance_score': '0.661062', 'ticker_sentiment_score': '-0.212771', 'ticker_sentiment_label': 'Somewhat-Bearish'}, {'ticker': 'MSFT', 'relevance_score': '0.645227', 'ticker_sentiment_score': '0.195450', 'ticker_sentiment_label': 'Somewhat-Bullish'}]"
A Look At The Exploitation Uber Eats Food Couriers In South Africa Face,https://peopleofcolorintech.com/front/why-the-gig-economy-must-be-regulated/,20220505T122918,['Musawenkosi Cabe'],"This article examines the exploitation faced by Uber Eats food couriers in South Africa, mirroring a global issue within the gig economy. Drivers report significant pay cuts, long arduous hours, and a lack of benefits or support following accidents, contrasting with Uber's claims of prioritizing their well-being. The piece highlights the precarious nature of their ""independent contractor"" status, advocating for regulation and drawing parallels to a recent UK Supreme Court ruling that reclassified Uber drivers as workers.",https://peopleofcolorintech.com/wp-content/uploads/2022/05/close-up-of-woman-receiving-take-away-food-delivery-1080x635.jpeg,peopleofcolorintech.com,General,peopleofcolorintech.com,"[{'topic': 'economy_fiscal', 'relevance_score': '0.624969'}, {'topic': 'economy_macro', 'relevance_score': '0.727196'}, {'topic': 'energy_transportation', 'relevance_score': '0.819504'}, {'topic': 'technology', 'relevance_score': '0.840259'}, {'topic': 'retail_wholesale', 'relevance_score': '0.603820'}]",-0.242997,Somewhat-Bearish,"[{'ticker': 'ZD', 'relevance_score': '0.308051', 'ticker_sentiment_score': '0.025381', 'ticker_sentiment_label': 'Neutral'}, {'ticker': 'UBER', 'relevance_score': '1.000000', 'ticker_sentiment_score': '-0.421457', 'ticker_sentiment_label': 'Bearish'}, {'ticker': 'AMZN', 'relevance_score': '0.631539', 'ticker_sentiment_score': '-0.304589', 'ticker_sentiment_label': 'Somewhat-Bearish'}]"
BREAKING: Arlington landing Boeing corporate headquarters,https://www.arlnow.com/2022/05/05/breaking-arlington-landing-boeing-corporate-headquarters-per-wsj/,20220505T123500,['ARLnow.com'],"Aerospace and defense giant Boeing is moving its corporate headquarters from Chicago to Arlington, Virginia. The move brings the company's senior executives closer to government decision-makers in Washington D.C. and includes plans for a new research and technology hub in the area. Virginia officials, including Sen. Mark Warner and Gov. Glenn Youngkin, actively lobbied for the move, highlighting the region's strategic advantages and skilled workforce.",https://www.arlnow.com/wp-content/uploads/2019/09/2019-09-06-Pentagon-City-01-600x400.jpg,ARLnow,General,ARLnow,"[{'topic': 'real_estate', 'relevance_score': '0.900498'}, {'topic': 'economy_macro', 'relevance_score': '0.817548'}, {'topic': 'manufacturing', 'relevance_score': '0.722558'}]",0.189801,Somewhat-Bullish,"[{'ticker': 'BA', 'relevance_score': '0.970297', 'ticker_sentiment_score': '0.343389', 'ticker_sentiment_label': 'Somewhat-Bullish'}, {'ticker': 'AMZN', 'relevance_score': '0.602324', 'ticker_sentiment_score': '0.147981', 'ticker_sentiment_label': 'Neutral'}, {'ticker': 'GE', 'relevance_score': '0.559240', 'ticker_sentiment_score': '0.136421', 'ticker_sentiment_label': 'Neutral'}]"
Tech sell-off pushes Nasdaq to steepest drop since June 2020,https://www.cnbc.com/2022/05/05/tech-selloff-puts-nasdaq-on-pace-for-worst-day-since-june-2020.html,20220505T125200,['Jordan Novet'],"A tech sell-off on Thursday, May 5, 2022 pushed the Nasdaq Composite to its steepest drop since June 2020, wiping out hundreds of billions in market value. This downturn was driven by disappointing earnings reports from cloud and e-commerce companies like Shopify, Amazon, and Meta, coupled with investor concerns following the Federal Reserve's interest rate hike to combat inflation. The rotation out of tech began in late 2021 due to inflation fears and escalated with events like Russia's invasion of Ukraine, leading to significant year-to-date losses for many ""Covid winner"" stocks.",,CNBC,General,CNBC,"[{'topic': 'financial_markets', 'relevance_score': '1.000000'}, {'topic': 'economy_monetary', 'relevance_score': '0.931862'}, {'topic': 'technology', 'relevance_score': '0.938049'}, {'topic': 'earnings', 'relevance_score': '0.812267'}, {'topic': 'economy_macro', 'relevance_score': '0.809512'}]",-0.680028,Bearish,"[{'ticker': 'WCLD', 'relevance_score': '1.000000', 'ticker_sentiment_score': '-0.684824', 'ticker_sentiment_label': 'Bearish'}, {'ticker': 'AMZN', 'relevance_score': '0.981435', 'ticker_sentiment_score': '-0.781409', 'ticker_sentiment_label': 'Bearish'}, {'ticker': 'META', 'relevance_score': '0.948930', 'ticker_sentiment_score': '-0.722063', 'ticker_sentiment_label': 'Bearish'}, {'ticker': 'AAPL', 'relevance_score': '0.861423', 'ticker_sentiment_score': '-0.635131', 'ticker_sentiment_label': 'Bearish'}, {'ticker': 'GOOGL', 'relevance_score': '0.823617', 'ticker_sentiment_score': '-0.565904', 'ticker_sentiment_label': 'Bearish'}]"
AES announces deals to provide 450 MW of renewable energy to Amazon,https://www.prnewswire.com/news-releases/aes-announces-deals-to-provide-450-mw-of-renewable-energy-to-amazon-301541356.html,20220505T172800,[],The AES Corporation announced two Power Purchase Agreements (PPAs) with Amazon to provide 450 MW of solar and 225 MW of 4-hour battery energy storage. These projects will support Amazon's goal to power its global operations with 100% renewable energy by 2025 and achieve net-zero carbon by 2040. AES has partnered with Fluence for energy storage solutions for one of the projects.,,PR Newswire,General,PR Newswire,"[{'topic': 'energy_transportation', 'relevance_score': '0.934522'}]",0.374983,Bullish,"[{'ticker': 'AES', 'relevance_score': '1.000000', 'ticker_sentiment_score': '0.441571', 'ticker_sentiment_label': 'Bullish'}, {'ticker': 'AMZN', 'relevance_score': '0.915943', 'ticker_sentiment_score': '0.332197', 'ticker_sentiment_label': 'Somewhat-Bullish'}]"
Boeing to move headquarters from Chicago to Virginia,https://www.reuters.com/business/aerospace-defense/boeing-set-move-headquarters-arlington-virginia-sources-2022-05-05/,20220505T225600,['David Shepardson and Eric M. Johnson'],"Boeing announced it will relocate its global headquarters from Chicago to Arlington, Virginia, and establish a new research and technology hub there. This move is intended to improve relationships with customers, federal regulators, and lawmakers, especially following issues with the 737 MAX and other programs. Critics, however, view the frequent relocations as indicative of Boeing prioritizing short-term profits and access to government over engineering excellence.",https://www.reuters.com/resizer/v2/UOQT5KZABZNCJPBNY4LQ5IZN5M.jpg?auth=7186077e1e3cedbd3719b6b55a1119177ec6c515afb6648a08f9fa3ab302bbeb&width=1920&quality=80,Reuters,General,Reuters,"[{'topic': 'energy_transportation', 'relevance_score': '0.909239'}, {'topic': 'manufacturing', 'relevance_score': '0.748292'}, {'topic': 'economy_fiscal', 'relevance_score': '0.615793'}]",-0.115774,Neutral,"[{'ticker': 'BA', 'relevance_score': '1.000000', 'ticker_sentiment_score': '-0.111597', 'ticker_sentiment_label': 'Neutral'}, {'ticker': 'AMZN', 'relevance_score': '0.604489', 'ticker_sentiment_score': '-0.104474', 'ticker_sentiment_label': 'Neutral'}]"
Amazon fires managers at its pro-union New York City warehouse,https://www.aljazeera.com/economy/2022/5/6/amazon-fires-managers-at-its-pro-union-new-york-city-warehouse,20220506T114148,"['Spencer Soper', 'Bloomberg']","Amazon fired managers at its JFK8 warehouse in New York City after workers successfully voted to join the Amazon Labor Union (ALU). While Amazon stated the changes were due to evaluating operations and leadership, reports suggest six managers were dismissed because the union won the election. Amazon is currently fighting to overturn the union election results.",https://www.aljazeera.com/wp-content/uploads/2022/05/ama.jpg?resize=770%2C513&quality=80,Al Jazeera,General,Al Jazeera,"[{'topic': 'retail_wholesale', 'relevance_score': '0.921999'}, {'topic': 'economy_macro', 'relevance_score': '0.623876'}]",-0.219693,Somewhat-Bearish,"[{'ticker': 'AMZN', 'relevance_score': '1.000000', 'ticker_sentiment_score': '-0.240745', 'ticker_sentiment_label': 'Somewhat-Bearish'}]"
Ankur Bhatia | CEO | Chogori India Retail Limited,https://www.fibre2fashion.com/interviews/industry-speak/chogori-india-retail-limited/ankur-bhatia/13258-1,20220506T114844,[],"Ankur Bhatia, CEO of Chogori India Retail Limited (CIRL), discusses the sportswear market and Columbia Sportswear's expansion in India. He highlights the company's increasing focus on sourcing from India in line with the ""Make in India"" initiative and outlines plans to open one store per month in tier 1 and 2 cities. Bhatia also touches upon the global sportswear market growth, the importance of sustainable practices, and the company's strategy to introduce specialized outdoor gear to the Indian market.",https://static.fibre2fashion.com/InterviewResources/UserImages/3536/ankur_bhatia_ceo_cirl.JPG,Fibre2Fashion,General,Fibre2Fashion,"[{'topic': 'retail_wholesale', 'relevance_score': '0.948072'}, {'topic': 'manufacturing', 'relevance_score': '0.703298'}, {'topic': 'economy_macro', 'relevance_score': '0.647521'}]",0.288867,Somewhat-Bullish,"[{'ticker': 'COLM', 'relevance_score': '1.000000', 'ticker_sentiment_score': '0.447593', 'ticker_sentiment_label': 'Bullish'}, {'ticker': 'AMZN', 'relevance_score': '0.610266', 'ticker_sentiment_score': '0.115329', 'ticker_sentiment_label': 'Neutral'}]"
7 Charts for Making Sense of These Markets,https://www.morningstar.com/markets/7-charts-making-sense-these-markets,20220506T120652,['Tom Lauricella'],"This article analyzes current market volatility through seven charts, highlighting the Federal Reserve's aggressive interest rate hikes as a primary driver. It discusses the impact on both stock and bond markets, the underperformance of growth stocks versus value stocks, and offers insights on potential opportunities for investors amidst the market adjustments.",https://morningstar-morningstar-prod.web.arc-cdn.net/resizer/YjgJDbnJKTpSnNnTNZKcC6PLHdE=/2000x2000/author-service-images-prod-us-east-1.publishing.aws.arc.pub/morningstar/ed529c14-e87a-417f-a91c-4cee045d88b4.jpg,Morningstar,General,Morningstar,"[{'topic': 'financial_markets', 'relevance_score': '1.000000'}, {'topic': 'economy_monetary', 'relevance_score': '0.928292'}, {'topic': 'economy_macro', 'relevance_score': '0.832269'}, {'topic': 'technology', 'relevance_score': '0.707800'}]",-0.335447,Somewhat-Bearish,"[{'ticker': 'META', 'relevance_score': '0.905471', 'ticker_sentiment_score': '-0.402306', 'ticker_sentiment_label': 'Bearish'}, {'ticker': 'NFLX', 'relevance_score': '0.894499', 'ticker_sentiment_score': '-0.496395', 'ticker_sentiment_label': 'Bearish'}, {'ticker': 'AMZN', 'relevance_score': '0.795764', 'ticker_sentiment_score': '-0.330786', 'ticker_sentiment_label': 'Somewhat-Bearish'}, {'ticker': 'MSFT', 'relevance_score': '0.706184', 'ticker_sentiment_score': '-0.238967', 'ticker_sentiment_label': 'Somewhat-Bearish'}, {'ticker': 'GOOGL', 'relevance_score': '0.571839', 'ticker_sentiment_score': '-0.198117', 'ticker_sentiment_label': 'Somewhat-Bearish'}]"
20 trustworthy online money-making sites in Kenya in 2026,https://www.tuko.co.ke/278039-sites-money-online-kenya.html,20220506T122514,"['Asher Omondi', 'Winnie Mwangi', 'Florence Wanjiru', 'Simon Ayub']","This article lists 20 trustworthy online platforms where Kenyans can earn money, detailing various opportunities such as freelancing, affiliate marketing, online surveys, and AI training. It provides guidance for beginners on how to get started, emphasizing that many platforms require minimal skills and can lead to significant income with consistent effort. The article also touches on how to earn money specifically via M-Pesa and clarifies which sites are legitimate for making money online in Kenya.",https://cdn.tuko.co.ke/images/1120/efbfa0f1c00215d3.jpeg?v=1,Tuko News,General,Tuko News,"[{'topic': 'finance', 'relevance_score': '0.834045'}]",0.314292,Somewhat-Bullish,"[{'ticker': 'UPWK', 'relevance_score': '0.945644', 'ticker_sentiment_score': '0.324510', 'ticker_sentiment_label': 'Somewhat-Bullish'}, {'ticker': 'AMZN', 'relevance_score': '0.723841', 'ticker_sentiment_score': '0.305373', 'ticker_sentiment_label': 'Somewhat-Bullish'}, {'ticker': 'EBAY', 'relevance_score': '0.613631', 'ticker_sentiment_score': '0.244833', 'ticker_sentiment_label': 'Somewhat-Bullish'}]"
"The Old Tech FAANG Is Dulled, But a New Version Has Promise",https://www.ai-cio.com/news/the-old-tech-faang-is-dulled-but-a-new-version-has-promise/,20220506T171607,['Larry Light'],"Bank of America strategists have introduced ""FAANG 2.0,"" a new grouping of sectors designed for a world facing inflation, war, and geopolitical shifts, replacing the underperforming original tech FAANG stocks. This new version, comprising fuels, aerospace and defense, agriculture, nuclear and renewables, and gold and metals/minerals, has shown significantly better market performance year to date compared to both the S&P 500 and the original tech FAANG stocks. The article highlights the rationale behind this shift, citing energy security, increased military spending, rising food prices, and gold's role as a refuge asset in the current global climate.",,Chief Investment Officer,General,Chief Investment Officer,"[{'topic': 'financial_markets', 'relevance_score': '1.000000'}, {'topic': 'economy_macro', 'relevance_score': '0.920053'}, {'topic': 'energy_transportation', 'relevance_score': '0.831689'}, {'topic': 'technology', 'relevance_score': '0.806961'}, {'topic': 'finance', 'relevance_score': '0.728202'}]",-0.10904,Neutral,"[{'ticker': 'ITA', 'relevance_score': '1.000000', 'ticker_sentiment_score': '0.385915', 'ticker_sentiment_label': 'Bullish'}, {'ticker': 'BAC', 'relevance_score': '0.859563', 'ticker_sentiment_score': '0.286403', 'ticker_sentiment_label': 'Somewhat-Bullish'}, {'ticker': 'META', 'relevance_score': '0.727002', 'ticker_sentiment_score': '-0.438314', 'ticker_sentiment_label': 'Bearish'}, {'ticker': 'AMZN', 'relevance_score': '0.668236', 'ticker_sentiment_score': '-0.324730', 'ticker_sentiment_label': 'Somewhat-Bearish'}, {'ticker': 'AAPL', 'relevance_score': '0.635650', 'ticker_sentiment_score': '-0.225389', 'ticker_sentiment_label': 'Somewhat-Bearish'}]"
Starbucks asks White House for equal time after Biden met with union leaders,https://www.reuters.com/business/retail-consumer/starbucks-asks-white-house-meeting-2022-05-06/,20220507T013000,['Hilary Russ and David Shepardson'],"Starbucks has requested a meeting with the Biden administration after the White House hosted unionized workers without inviting Starbucks officials, expressing concern that the meeting did not represent the majority of its employees who oppose unionization. This comes as the National Labor Relations Board (NLRB) issued a complaint alleging misconduct by Starbucks against union members, which Starbucks denies. Workers United, representing Starbucks employees, stated they were honored to represent all partners at the White House meeting.",https://www.reuters.com/resizer/v2/2HKZARACIZMQRKKRP5JQJ5WCPQ.jpg?auth=510f0638591769411ae977eeb8846f2cb0c1054f39857f0d212062c9af0eaa6f&width=1920&quality=80,Reuters,General,Reuters,"[{'topic': 'retail_wholesale', 'relevance_score': '0.820705'}, {'topic': 'economy_fiscal', 'relevance_score': '0.610912'}]",-0.094371,Neutral,"[{'ticker': 'SBUX', 'relevance_score': '1.000000', 'ticker_sentiment_score': '-0.237259', 'ticker_sentiment_label': 'Somewhat-Bearish'}, {'ticker': 'AMZN', 'relevance_score': '0.608930', 'ticker_sentiment_score': '0.149631', 'ticker_sentiment_label': 'Neutral'}]"
AES Corp seals two renewable PPAs with Amazon,https://energydigital.com/renewable-energy/aes-corp-seals-two-renewable-ppas-with-amazon,20220507T114018,['Dominic Ellis'],"The AES Corporation has signed two Power Purchase Agreements (PPAs) with Amazon to deliver renewable energy to the CAISO market. These agreements involve 450MW of solar and 225MW of 4-hour duration battery energy storage projects, helping Amazon achieve its goal of powering global operations with 100% renewable energy by 2025. With these projects, Amazon further solidifies its position as the largest corporate buyer of renewable energy, advancing its commitment to net-zero carbon by 2040.",https://assets.bizclikmedia.net/138/87de093316981b4a46008d157f61e45f:eda040c03112049865020a691caf0631/amazon-pic.webp,Energy Digital Magazine,General,Energy Digital Magazine,"[{'topic': 'energy_transportation', 'relevance_score': '0.900437'}, {'topic': 'technology', 'relevance_score': '0.823311'}]",0.357319,Bullish,"[{'ticker': 'AES', 'relevance_score': '1.000000', 'ticker_sentiment_score': '0.403912', 'ticker_sentiment_label': 'Bullish'}, {'ticker': 'AMZN', 'relevance_score': '0.925862', 'ticker_sentiment_score': '0.307086', 'ticker_sentiment_label': 'Somewhat-Bullish'}]"
"Holy-Moly Mortgage Rates Hit 5.64%, 10-Year Treasury Yield 3.12%, Long-Term Treasury Bond Fund Gets Massacred",https://wolfstreet.com/2022/05/07/so-the-fed-gets-ready-to-walk-away-from-the-bond-market-and-all-kinds-of-stuff-happens/,20220507T185619,['Wolf Richter'],"Mortgage rates have surged to 5.64%, the highest since 2009, as the 10-year Treasury yield rose to 3.12%. This has led to a significant increase in monthly mortgage payments, impacting housing demand. A long-term Treasury bond ETF has plunged, indicating a ""bond massacre"" for investors who previously viewed bonds as a conservative investment.",,Wolf Street,General,Wolf Street,"[{'topic': 'economy_monetary', 'relevance_score': '0.943277'}, {'topic': 'financial_markets', 'relevance_score': '0.809247'}, {'topic': 'real_estate', 'relevance_score': '0.839079'}, {'topic': 'economy_macro', 'relevance_score': '0.740175'}, {'topic': 'blockchain', 'relevance_score': '0.618428'}]",0.091117,Neutral,"[{'ticker': 'TLH', 'relevance_score': '0.307785', 'ticker_sentiment_score': '0.034206', 'ticker_sentiment_label': 'Neutral'}, {'ticker': 'T', 'relevance_score': '0.634261', 'ticker_sentiment_score': '0.303639', 'ticker_sentiment_label': 'Somewhat-Bullish'}, {'ticker': 'MSFT', 'relevance_score': '0.558239', 'ticker_sentiment_score': '-0.140617', 'ticker_sentiment_label': 'Neutral'}, {'ticker': 'AMZN', 'relevance_score': '0.595136', 'ticker_sentiment_score': '-0.135389', 'ticker_sentiment_label': 'Neutral'}, {'ticker': 'CVX', 'relevance_score': '0.561111', 'ticker_sentiment_score': '0.221008', 'ticker_sentiment_label': 'Somewhat-Bullish'}]"
15 Top Cities for Machine Learning Engineer Salaries,https://www.dice.com/career-advice/15-top-cities-for-machine-learning-engineer-salaries,20220509T120824,['Nick Kolakowski'],"This article identifies the top 15 U.S. cities offering the highest salaries for Machine Learning Engineers, based on data from Blind. It highlights that major tech hubs like Silicon Valley and Seattle lead due to high demand from companies like Meta and Apple. The piece also notes the increasing importance and compensation for AI and machine learning skills across industries.",https://www.dice.com/binaries/medium/content/gallery/dice/insights/2021/04/shutterstock_1379131412.jpg,Dice,General,Dice,"[{'topic': 'technology', 'relevance_score': '0.944715'}, {'topic': 'economy_macro', 'relevance_score': '0.739761'}]",0.316694,Somewhat-Bullish,"[{'ticker': 'MSFT', 'relevance_score': '0.608329', 'ticker_sentiment_score': '0.327358', 'ticker_sentiment_label': 'Somewhat-Bullish'}, {'ticker': 'AAPL', 'relevance_score': '0.732966', 'ticker_sentiment_score': '0.439289', 'ticker_sentiment_label': 'Bullish'}, {'ticker': 'META', 'relevance_score': '0.721644', 'ticker_sentiment_score': '0.417368', 'ticker_sentiment_label': 'Bullish'}, {'ticker': 'AMZN', 'relevance_score': '0.640980', 'ticker_sentiment_score': '0.201052', 'ticker_sentiment_label': 'Somewhat-Bullish'}, {'ticker': 'GOOGL', 'relevance_score': '0.623445', 'ticker_sentiment_score': '0.238994', 'ticker_sentiment_label': 'Somewhat-Bullish'}]"
"Telesat, Globalstar, Intelsat headline upheavals in satellite industry",https://www.lightreading.com/satellite/telesat-globalstar-intelsat-headline-upheavals-in-satellite-industry,20220510T115753,['Mike Dano'],"The satellite communications industry is undergoing significant changes, with major providers like Telesat, Globalstar, and Intelsat experiencing corporate upheavals, new leadership, and project adjustments. These developments underscore the evolving role of satellites in global telecommunications, moving from a relatively minor component to a potentially prominent one due to innovations from companies like OneWeb and SpaceX. These shifts also highlight a broader trend where various companies, including large telecom providers, are",https://eu-images.contentstack.com/v3/assets/blt23eb5bbc4124baa6/bltfff34669d9f38377/64a3b94fa0894b81168d7347/4325.jpg?width=1280&auto=webp&quality=80&format=jpg&disable=upscale,Light Reading,General,Light Reading,"[{'topic': 'technology', 'relevance_score': '0.928071'}]",0.093094,Neutral,"[{'ticker': 'GSAT', 'relevance_score': '1.000000', 'ticker_sentiment_score': '0.327707', 'ticker_sentiment_label': 'Somewhat-Bullish'}, {'ticker': 'AAPL', 'relevance_score': '0.703450', 'ticker_sentiment_score': '0.123305', 'ticker_sentiment_label': 'Neutral'}, {'ticker': 'VZ', 'relevance_score': '0.567949', 'ticker_sentiment_score': '0.033629', 'ticker_sentiment_label': 'Neutral'}, {'ticker': 'T', 'relevance_score': '0.560285', 'ticker_sentiment_score': '0.008606', 'ticker_sentiment_label': 'Neutral'}, {'ticker': 'AMZN', 'relevance_score': '0.599436', 'ticker_sentiment_score': '0.013360', 'ticker_sentiment_label': 'Neutral'}]"
Not working out: Peloton plunges after cutting outlook,https://www.aljazeera.com/economy/2022/5/10/not-working-out-peloton-plunges-after-cutting-outlook,20220510T122052,['Mark Gurman and Michael Tobin and Bloomberg'],"Peloton Interactive Inc. shares tumbled after the company reported a deeper loss than analysts predicted, cut its revenue guidance, and secured a $750 million debt deal. The company, which thrived during the early pandemic, is now facing ""softer demand"" and continued stock decline despite leadership changes and cost-cutting measures. CEO Barry McCarthy is focused on increasing subscribers and expanding the digital app, while some investors are pushing for a sale of the company amidst its financial struggles.",https://www.aljazeera.com/wp-content/uploads/2022/05/peloton.jpg?resize=770%2C513&quality=80,Al Jazeera,General,Al Jazeera,"[{'topic': 'earnings', 'relevance_score': '0.916979'}, {'topic': 'financial_markets', 'relevance_score': '0.840155'}, {'topic': 'retail_wholesale', 'relevance_score': '0.746904'}, {'topic': 'technology', 'relevance_score': '0.618405'}, {'topic': 'economy_macro', 'relevance_score': '0.643566'}]",-0.077169,Neutral,"[{'ticker': 'SPOT', 'relevance_score': '0.334410', 'ticker_sentiment_score': '0.009849', 'ticker_sentiment_label': 'Neutral'}, {'ticker': 'NFLX', 'relevance_score': '0.820551', 'ticker_sentiment_score': '-0.274076', 'ticker_sentiment_label': 'Somewhat-Bearish'}, {'ticker': 'JPM', 'relevance_score': '0.700883', 'ticker_sentiment_score': '0.119155', 'ticker_sentiment_label': 'Neutral'}, {'ticker': 'GS', 'relevance_score': '0.712121', 'ticker_sentiment_score': '0.109811', 'ticker_sentiment_label': 'Neutral'}, {'ticker': 'AMZN', 'relevance_score': '0.649626', 'ticker_sentiment_score': '-0.108434', 'ticker_sentiment_label': 'Neutral'}]"
Prologis offers to buy Duke Realty in $23.7 billion deal as warehouse demand soars,https://www.reuters.com/business/prologis-offers-buy-duke-realty-6168-per-share-2022-05-10/,20220510T155900,['Reuters'],"Prologis Inc has offered to acquire Duke Realty Corp in an all-stock deal valued at $23.7 billion to capitalize on the surging demand for industrial warehouse space. The offer values Duke at $61.68 per share, representing a 29% premium, as Prologis seeks to maintain its growth amid a tight supply chain and increased e-commerce activity from companies like Amazon.",https://www.reuters.com/resizer/v2/https%3A%2F%2Fcloudfront-us-east-2.images.arcpublishing.com%2Freuters%2F2U44O7T62BKOTB35WPMQ655ZLM.jpg?auth=e39f373b9e4a3c1b0a8f8e0d9b4b0a4e7f8e0d9b4b0a4e7f8e0d9b4b0a4e7f8e&width=800&height=533&unsharp=0.5&quality=85&fit=crop,Reuters,General,Reuters,"[{'topic': 'mergers_and_acquisitions', 'relevance_score': '1.000000'}, {'topic': 'real_estate', 'relevance_score': '0.914843'}, {'topic': 'retail_wholesale', 'relevance_score': '0.740040'}, {'topic': 'economy_macro', 'relevance_score': '0.611220'}]",0.348447,Somewhat-Bullish,"[{'ticker': 'PLD', 'relevance_score': '1.000000', 'ticker_sentiment_score': '0.447358', 'ticker_sentiment_label': 'Bullish'}, {'ticker': 'AMZN', 'relevance_score': '0.726180', 'ticker_sentiment_score': '0.325833', 'ticker_sentiment_label': 'Somewhat-Bullish'}, {'ticker': 'FDX', 'relevance_score': '0.614055', 'ticker_sentiment_score': '0.224211', 'ticker_sentiment_label': 'Somewhat-Bullish'}]"
"Rackspace is looking to sell itself and exit the public markets, again",https://siliconangle.com/2022/05/10/rackspace-looking-sell-exit-public-markets/,20220510T194500,['Mike Wheatley'],"Rackspace Technology Inc. is exploring a sale of all or part of its business to return to private ownership, less than two years after re-entering the public market. The company believes a sum-of-the-parts valuation could exceed its current enterprise value, driven by attractive growth in its public cloud sector. This move follows tepid first-quarter financial results, with a net loss of $64 million and modest revenue growth, prompting concerns about its growth trajectory in comparison to the broader cloud market.",https://d15shllkswkct0.cloudfront.net/wp-content/blogs.dir/1/files/2022/05/blog_478.jpg,SiliconANGLE,General,SiliconANGLE,"[{'topic': 'mergers_and_acquisitions', 'relevance_score': '0.922269'}, {'topic': 'earnings', 'relevance_score': '0.891360'}, {'topic': 'technology', 'relevance_score': '0.831615'}, {'topic': 'financial_markets', 'relevance_score': '0.729385'}, {'topic': 'ipo', 'relevance_score': '0.619508'}]",0.075624,Neutral,"[{'ticker': 'RXT', 'relevance_score': '1.000000', 'ticker_sentiment_score': '-0.221969', 'ticker_sentiment_label': 'Somewhat-Bearish'}, {'ticker': 'APO', 'relevance_score': '0.748368', 'ticker_sentiment_score': '0.121274', 'ticker_sentiment_label': 'Neutral'}, {'ticker': 'AMZN', 'relevance_score': '0.641724', 'ticker_sentiment_score': '0.116257', 'ticker_sentiment_label': 'Neutral'}, {'ticker': 'MSFT', 'relevance_score': '0.609485', 'ticker_sentiment_score': '0.145610', 'ticker_sentiment_label': 'Neutral'}, {'ticker': 'GOOGL', 'relevance_score': '0.641738', 'ticker_sentiment_score': '0.145620', 'ticker_sentiment_label': 'Neutral'}]"
"Intel engineer, running for Congress, mounts union drive at Oregon chip factory",https://www.oregonlive.com/silicon-forest/2022/05/intel-engineer-running-for-congress-mounts-union-drive-at-oregon-chip-factory.html,20220511T113700,['Mike Rogoway'],"An Intel engineer and congressional candidate, Matt West, is leading a unionization effort for hundreds of his colleagues at Intel's Hillsboro semiconductor factories in Oregon. The drive aims to address issues like long hours, pay disparities, and job security, particularly for engineers working on temporary visas. This initiative comes amidst a broader resurgence of organized labor in the US and during Intel's push for increased domestic chip manufacturing.",,OregonLive.com,General,OregonLive.com,"[{'topic': 'manufacturing', 'relevance_score': '0.886355'}, {'topic': 'technology', 'relevance_score': '0.846061'}, {'topic': 'economy_macro', 'relevance_score': '0.678451'}, {'topic': 'economy_fiscal', 'relevance_score': '0.617250'}]",-0.04053,Neutral,"[{'ticker': 'INTC', 'relevance_score': '0.962189', 'ticker_sentiment_score': '-0.286557', 'ticker_sentiment_label': 'Somewhat-Bearish'}, {'ticker': 'AMZN', 'relevance_score': '0.622447', 'ticker_sentiment_score': '0.109235', 'ticker_sentiment_label': 'Neutral'}, {'ticker': 'SBUX', 'relevance_score': '0.590699', 'ticker_sentiment_score': '0.128167', 'ticker_sentiment_label': 'Neutral'}]"
"Google Cloud launches AlloyDB, a PostgreSQL-compatible database for mission-critical workloads",https://siliconangle.com/2022/05/11/google-cloud-launches-alloydb-postgresql-compatible-database-mission-critical-workloads/,20220511T121213,['Mike Wheatley'],"Google Cloud has introduced AlloyDB, a new fully managed, PostgreSQL-compatible relational database service designed for mission-critical workloads. Unveiled at Google I/O, AlloyDB is built on open-source PostgreSQL and Google Cloud's infrastructure, aiming to offer superior performance, scalability, and reliability compared to standard PostgreSQL and AWS Aurora. It emphasizes transparent pricing without I/O charges and includes AI/ML capabilities for management and analytical acceleration, positioning it as a strong competitor to Oracle and AWS in the database market.",https://d15shllkswkct0.cloudfront.net/wp-content/blogs.dir/1/files/2022/05/AlloyDB-Social-Cards-Linkedin-3.jpeg,SiliconANGLE,General,SiliconANGLE,"[{'topic': 'technology', 'relevance_score': '1.000000'}, {'topic': 'finance', 'relevance_score': '0.647869'}]",0.28972,Somewhat-Bullish,"[{'ticker': 'ORCL', 'relevance_score': '0.821398', 'ticker_sentiment_score': '0.124735', 'ticker_sentiment_label': 'Neutral'}, {'ticker': 'AMZN', 'relevance_score': '0.659538', 'ticker_sentiment_score': '0.125621', 'ticker_sentiment_label': 'Neutral'}, {'ticker': 'GOOGL', 'relevance_score': '1.000000', 'ticker_sentiment_score': '0.425873', 'ticker_sentiment_label': 'Bullish'}, {'ticker': 'GOOG', 'relevance_score': '1.000000', 'ticker_sentiment_score': '0.417874', 'ticker_sentiment_label': 'Bullish'}]"
"Rackspace for sale, looking for privatization",https://www.techzine.eu/news/infrastructure/78804/rackspace-for-sale-looking-for-privatization/,20220511T121756,['Coen van Eenbergen'],"Rackspace Technology, which went public less than two years ago, is seeking privatization due to its market capitalization not reflecting the company's true value. The company, which helps businesses manage cloud environments, needs to make strategic changes to better compete in the growing multicloud market. Although profitable, Rackspace's growth isn't fast enough to satisfy stock market analysts, making privatization an attractive option to allow for necessary repositioning in the market.",https://www.techzine.eu/wp-content/uploads/2022/05/rackspace-04-768x374.jpg,Techzine Global,General,Techzine Global,"[{'topic': 'mergers_and_acquisitions', 'relevance_score': '0.936148'}, {'topic': 'technology', 'relevance_score': '0.832013'}, {'topic': 'ipo', 'relevance_score': '0.711797'}]",-0.056583,Neutral,"[{'ticker': 'RXT', 'relevance_score': '1.000000', 'ticker_sentiment_score': '-0.392782', 'ticker_sentiment_label': 'Bearish'}, {'ticker': 'AMZN', 'relevance_score': '0.642981', 'ticker_sentiment_score': '0.115421', 'ticker_sentiment_label': 'Neutral'}, {'ticker': 'MSFT', 'relevance_score': '0.627601', 'ticker_sentiment_score': '0.100868', 'ticker_sentiment_label': 'Neutral'}, {'ticker': 'GOOGL', 'relevance_score': '0.639650', 'ticker_sentiment_score': '0.146857', 'ticker_sentiment_label': 'Neutral'}, {'ticker': 'NTAP', 'relevance_score': '0.581650', 'ticker_sentiment_score': '-0.125969', 'ticker_sentiment_label': 'Neutral'}]"
Rackspace CEO’s comments fuel speculation about another sale of tech company,https://sanantonioreport.org/rackspace-kevin-jones-potential-sale/,20220511T121756,['Waylon Cunningham'],"Rackspace Technology CEO Kevin Jones' recent comments to analysts have sparked speculation about a potential sale or restructuring of the company. Jones indicated that a ""sum of the parts valuation"" could exceed Rackspace's current enterprise value, leading to considerations of strategic alternatives. While Rackspace later downplayed a full sale, the company is exploring reorganizing its on-premise server and public cloud services into separate entities to ""unlock value.""",https://i0.wp.com/sanantonioreport.org/wp-content/uploads/2021/05/B10E6DF4-5E75-4532-98F2-72BDACF68ED6-scaled.jpeg?fit=1200%2C800&ssl=1,San Antonio Report,General,San Antonio Report,"[{'topic': 'mergers_and_acquisitions', 'relevance_score': '0.915754'}, {'topic': 'technology', 'relevance_score': '0.801395'}, {'topic': 'earnings', 'relevance_score': '0.742244'}]",0.125227,Neutral,"[{'ticker': 'RXT', 'relevance_score': '0.334960', 'ticker_sentiment_score': '0.047538', 'ticker_sentiment_label': 'Neutral'}, {'ticker': 'APO', 'relevance_score': '0.802552', 'ticker_sentiment_score': '0.255445', 'ticker_sentiment_label': 'Somewhat-Bullish'}, {'ticker': 'AMZN', 'relevance_score': '0.693318', 'ticker_sentiment_score': '0.105009', 'ticker_sentiment_label': 'Neutral'}, {'ticker': 'MSFT', 'relevance_score': '0.645793', 'ticker_sentiment_score': '0.111019', 'ticker_sentiment_label': 'Neutral'}, {'ticker': 'JPM', 'relevance_score': '0.559548', 'ticker_sentiment_score': '0.148311', 'ticker_sentiment_label': 'Neutral'}]"
How Sonos’ new voice assistant could take on Alexa and Google Assistant,https://www.fastcompany.com/90750432/how-sonos-new-voice-assistant-could-take-on-alexa-and-google-assistant/,20220511T122031,['Jared Newman'],"Sonos is launching its own voice assistant on June 1, focusing specifically on audio playback, which will support multiple music services. Unlike general-purpose assistants, Sonos Voice Control processes commands on-device for improved privacy and responsiveness. The company believes this specialized approach, combined with new hardware like the Sonos Ray soundbar, can carve out a significant niche in the voice assistant market, especially as adoption for broader smart speakers shows signs of slowing.","https://images.fastcompany.com/image/upload/f_webp,c_fit,w_1920,q_auto/wp-cms/uploads/2022/05/p-1-Sonos-Voice-Control.jpg",Fast Company,General,Fast Company,"[{'topic': 'technology', 'relevance_score': '1.000000'}]",0.083021,Neutral,"[{'ticker': 'SONO', 'relevance_score': '1.000000', 'ticker_sentiment_score': '0.303642', 'ticker_sentiment_label': 'Somewhat-Bullish'}, {'ticker': 'AMZN', 'relevance_score': '0.610490', 'ticker_sentiment_score': '-0.139742', 'ticker_sentiment_label': 'Neutral'}, {'ticker': 'GOOGL', 'relevance_score': '0.603379', 'ticker_sentiment_score': '-0.126289', 'ticker_sentiment_label': 'Neutral'}]"
Summer’s Eve Intimate Skin Care Spa Collection Takes Serum to New Places,https://www.happi.com/breaking-news/summers-eve-intimate-skin-care-spa-collection-takes-serum-to-new-places/,20220511T180625,['Christine Esposito'],"Summer's Eve has launched a new ""Spa"" collection, including an intimate skin serum and a luxurious wash, to elevate daily intimate care routines. The products are formulated with ingredients like vitamin E, aloe, and coconut oil, are pH balanced, gynecologist-tested, and free from dyes, alcohol, and parabens. This launch by Prestige Consumer Healthcare aims to tap into wellness and luxury trends within the intimate care market.",,Happi | Household And Personal Products Industry,General,Happi | Household And Personal Products Industry,"[{'topic': 'retail_wholesale', 'relevance_score': '0.848936'}, {'topic': 'life_sciences', 'relevance_score': '0.703798'}]",0.1227,Neutral,"[{'ticker': 'PBH', 'relevance_score': '1.000000', 'ticker_sentiment_score': '0.443485', 'ticker_sentiment_label': 'Bullish'}, {'ticker': 'AMZN', 'relevance_score': '0.646453', 'ticker_sentiment_score': '0.244828', 'ticker_sentiment_label': 'Somewhat-Bullish'}, {'ticker': 'IFF', 'relevance_score': '0.606475', 'ticker_sentiment_score': '-0.141686', 'ticker_sentiment_label': 'Neutral'}, {'ticker': 'KVUE', 'relevance_score': '0.607861', 'ticker_sentiment_score': '-0.101448', 'ticker_sentiment_label': 'Neutral'}]"
Duke Realty Rejects Nearly $24 Billion Buyout Offer From Prologis,https://www.wsj.com/business/deals/duke-realty-rejects-nearly-24-billion-buyout-offer-from-prologis-11652282895?gaa_at=eafs&gaa_n=AWEtsqcTjB9mjskALp2vTLpoFq7CALHe-cTtktZRUMab2U9v_dIeF6zWz7AR&gaa_ts=6907a0d8&gaa_sig=QdsFPCbWw_tCwE9_3zVGgYEwY03zccAU7fJP0FOlS9k4MK0h9UeKkyGTSQFNMvnjlY1veWtLa8ZBvH8k5InXvg%3D%3D,20220511T180715,['Chris Wack'],"Duke Realty Corp. has rejected a nearly $24 billion buyout offer from warehousing giant Prologis Inc., deeming the unsolicited proposal insufficient. Prologis made its all-stock offer public after more than five months of private overtures. The acquisition would have significantly expanded Prologis's industrial real estate footprint, which already includes over 1 billion square feet used by major e-commerce companies.",,The Wall Street Journal,General,The Wall Street Journal,"[{'topic': 'mergers_and_acquisitions', 'relevance_score': '1.000000'}, {'topic': 'real_estate', 'relevance_score': '0.837867'}, {'topic': 'finance', 'relevance_score': '0.603833'}]",0.056002,Neutral,"[{'ticker': 'PLD', 'relevance_score': '1.000000', 'ticker_sentiment_score': '-0.244586', 'ticker_sentiment_label': 'Somewhat-Bearish'}, {'ticker': 'AMZN', 'relevance_score': '0.617186', 'ticker_sentiment_score': '0.119908', 'ticker_sentiment_label': 'Neutral'}, {'ticker': 'FDX', 'relevance_score': '0.622207', 'ticker_sentiment_score': '0.109277', 'ticker_sentiment_label': 'Neutral'}, {'ticker': 'HD', 'relevance_score': '0.619111', 'ticker_sentiment_score': '0.132188', 'ticker_sentiment_label': 'Neutral'}]"
ReNew Appoints New CFO Also Brings in New General Counsel and Chief Growth Officer,https://solarquarter.com/2022/05/11/renew-appoints-new-cfo-also-brings-in-new-general-counsel-and-chief-growth-officer/,20220511T182618,['Sangita Shetty'],"ReNew Power, India’s largest renewable energy company, has announced the appointment of a new Group Chief Financial Officer, Chief Growth Officer, and General Counsel to lead its expansion, including into green hydrogen and other clean energy segments. Kedar Upadhye joins as Group CFO, Vikash Jain as Global General Counsel, and Vikram Kapur as Chief Growth Officer, all bringing extensive experience from various top-tier companies. These strategic hires come as ReNew’s gross portfolio has surged by nearly 20% to 12.1 GW, solidifying its position as India's largest utility-scale solar developer.",,SolarQuarter,General,SolarQuarter,"[{'topic': 'finance', 'relevance_score': '0.807254'}]",0.602767,Bullish,"[{'ticker': 'RNW', 'relevance_score': '1.000000', 'ticker_sentiment_score': '0.820949', 'ticker_sentiment_label': 'Bullish'}, {'ticker': 'AMZN', 'relevance_score': '0.613194', 'ticker_sentiment_score': '0.529917', 'ticker_sentiment_label': 'Bullish'}, {'ticker': 'GE', 'relevance_score': '0.583868', 'ticker_sentiment_score': '0.420912', 'ticker_sentiment_label': 'Bullish'}]"
Global 2000: Berkshire Hathaway Takes Down JPMorgan As America’s Largest Company,https://www.forbes.com/sites/isabelcontreras/2022/05/12/berkshire-hathaway-takes-down-jpmorgan-as-americas-largest-company/,20220512T061500,['Isabel Contreras'],"Berkshire Hathaway has surpassed JPMorgan Chase to become America's largest public company in the Forbes Global 2000 list, driven by nearly $90 billion in profits. Despite global volatility, U.S. companies like Amazon and ExxonMobil showed significant growth, with Amazon rising to third in the U.S. and ExxonMobil rebounding strongly due to surging energy prices. The article highlights the resilience of top U.S. companies amid inflation and geopolitical challenges.","https://imageio.forbes.com/specials-images/imageserve/627c223c7f9919f96b2d2f70/Warren-Buffett,-CEO-of-Berkshire-Hathaway,-attends-the-2019-annual-shareholders-meeting-in/0x0.jpg?cropX1=0&cropX2=3537&cropY1=286&cropY2=2273",Forbes,General,Forbes,"[{'topic': 'earnings', 'relevance_score': '0.927126'}, {'topic': 'financial_markets', 'relevance_score': '0.831784'}, {'topic': 'economy_macro', 'relevance_score': '0.935978'}, {'topic': 'finance', 'relevance_score': '0.847035'}, {'topic': 'retail_wholesale', 'relevance_score': '0.639582'}]",0.152181,Somewhat-Bullish,"[{'ticker': 'JPM', 'relevance_score': '0.951065', 'ticker_sentiment_score': '-0.310578', 'ticker_sentiment_label': 'Somewhat-Bearish'}, {'ticker': 'AMZN', 'relevance_score': '0.726930', 'ticker_sentiment_score': '0.324029', 'ticker_sentiment_label': 'Somewhat-Bullish'}, {'ticker': 'XOM', 'relevance_score': '0.617155', 'ticker_sentiment_score': '0.336771', 'ticker_sentiment_label': 'Somewhat-Bullish'}, {'ticker': 'VZ', 'relevance_score': '0.639960', 'ticker_sentiment_score': '0.220073', 'ticker_sentiment_label': 'Somewhat-Bullish'}]"
"Starbucks Baristas Are Unionizing, and Even Howard Schultz Can’t Make Them Stop",https://www.bloomberg.com/news/features/2022-05-12/starbucks-workers-inspire-amazon-union-show-labor-s-power,20220512T080000,['Josh Eidelson'],"Starbucks baristas are rapidly unionizing, undeterred by the return of longtime CEO Howard Schultz. This movement is inspiring other workers, including those at Amazon, and demonstrates the growing power of organized labor. The article highlights an instance where Schultz's return was met with a mix of corporate welcome and employee activism regarding social issues.",https://assets.bwbx.io/images/users/iqjWHBFdfxIU/iN21RxxkVFkk/v0/-1x-1.webp,Bloomberg.com,General,Bloomberg.com,"[{'topic': 'retail_wholesale', 'relevance_score': '0.815638'}, {'topic': 'economy_macro', 'relevance_score': '0.622061'}]",-0.102893,Neutral,"[{'ticker': 'SBUX', 'relevance_score': '1.000000', 'ticker_sentiment_score': '-0.298914', 'ticker_sentiment_label': 'Somewhat-Bearish'}, {'ticker': 'AMZN', 'relevance_score': '0.721910', 'ticker_sentiment_score': '0.100228', 'ticker_sentiment_label': 'Neutral'}]"
Breaking Bad's Giancarlo Esposito Is The Voice Of Sonos' New Alexa-Style Assistant,https://www.gamespot.com/articles/breaking-bads-giancarlo-esposito-is-the-voice-of-sonos-new-alexa-style-assistant/1100-6503392/,20220512T081100,['Eddie Makuch'],"Sonos has announced a new voice control feature called Sonos Voice Control, launching June 1 in the US. This Alexa-style assistant will be voiced by Giancarlo Esposito, known for his roles in ""Breaking Bad"" and ""The Mandalorian."" The company emphasizes that user requests are processed locally and not sent to the cloud, ensuring privacy.",,GameSpot,General,GameSpot,"[{'topic': 'technology', 'relevance_score': '0.932393'}]",0.270579,Somewhat-Bullish,"[{'ticker': 'SONO', 'relevance_score': '0.997579', 'ticker_sentiment_score': '0.416697', 'ticker_sentiment_label': 'Bullish'}, {'ticker': 'AMZN', 'relevance_score': '0.649353', 'ticker_sentiment_score': '0.238964', 'ticker_sentiment_label': 'Somewhat-Bullish'}, {'ticker': 'AAPL', 'relevance_score': '0.574461', 'ticker_sentiment_score': '0.125009', 'ticker_sentiment_label': 'Neutral'}]"
Giancarlo Esposito Is the Only Voice AI We'll Ever Need,https://www.esquire.com/lifestyle/a39979397/giancarlo-esposito-sonos-voice-ai/,20220512T112700,['Cameron Sherrill'],"Giancarlo Esposito, known for his roles in ""Breaking Bad"" and ""Star Wars,"" is lending his voice to Sonos's new voice control system. This system aims to compete with existing AI companions like Alexa and Google, allowing users to control music and other functions with Esposito's distinct voice. Sonos CEO Patrick Spence describes the collaboration as aiming for natural, unobtrusive, yet confident and engaging voice control, coinciding with the release of the new Sonos Ray soundbar and new color options for the Sonos Roam speaker.","https://hips.hearstapps.com/hmg-prod/images/index-bed-65c10ad2d3d3e.jpg?crop=0.998xw:1.00xh;0.00160xw,0&resize=300:*",Esquire,General,Esquire,"[{'topic': 'technology', 'relevance_score': '0.903687'}, {'topic': 'retail_wholesale', 'relevance_score': '0.600027'}]",0.309611,Somewhat-Bullish,"[{'ticker': 'SONO', 'relevance_score': '0.973634', 'ticker_sentiment_score': '0.496996', 'ticker_sentiment_label': 'Bullish'}, {'ticker': 'AMZN', 'relevance_score': '0.605101', 'ticker_sentiment_score': '0.147469', 'ticker_sentiment_label': 'Neutral'}]"
Rackspace mulls over business unit sell-off following strategic review of company,https://www.computerweekly.com/news/252518110/Rackspace-mulls-over-business-unit-sell-off-following-strategic-review-of-company,20220512T114500,['Caroline Donnelly'],"Rackspace Technology is considering selling off at least one of its business units following a strategic review that concluded the ""sum of its parts"" could be more valuable than the company's current form. CEO Kevin Jones stated this decision was influenced by the attractive growth profile of public cloud. The company, which recently announced narrowed losses and a 7% year-on-year revenue rise, plans to reorganize across its distinct public cloud and private cloud/managed hosting markets.",https://www.computerweekly.com/visuals/German/article/cloud-services-adobe_searchsitetablet_520X173.jpg,Computer Weekly,General,Computer Weekly,"[{'topic': 'earnings', 'relevance_score': '0.906773'}, {'topic': 'mergers_and_acquisitions', 'relevance_score': '0.846691'}, {'topic': 'ipo', 'relevance_score': '0.746809'}, {'topic': 'technology', 'relevance_score': '0.828234'}]",0.077834,Neutral,"[{'ticker': 'RXT', 'relevance_score': '0.331273', 'ticker_sentiment_score': '0.015008', 'ticker_sentiment_label': 'Neutral'}, {'ticker': 'APO', 'relevance_score': '0.826655', 'ticker_sentiment_score': '0.143957', 'ticker_sentiment_label': 'Neutral'}, {'ticker': 'AMZN', 'relevance_score': '0.636777', 'ticker_sentiment_score': '0.144685', 'ticker_sentiment_label': 'Neutral'}]"
How Carter’s is using its Little Planet brand to test sustainability initiatives,https://www.modernretail.co/retailers/how-carters-is-using-its-little-planet-brand-to-test-sustainability-initiatives/,20220512T114912,['Gabriela Barkho'],"Carter's is leveraging its Little Planet brand as an incubator to test new sustainability initiatives, including eco-friendly materials and packaging. This strategy allows the large baby and kidswear retailer to adapt to growing consumer demand for sustainable products without overhauling its entire operation at once. Lessons learned from Little Planet, such as new info tags and recycled product lines, are gradually being integrated into Carter's broader brand portfolio and distributed across various retail partners.",https://www.modernretail.co/wp-content/uploads/sites/5/2022/05/Raise-The-Future.jpg?w=1280&h=640&crop=1,Modern Retail,General,Modern Retail,"[{'topic': 'retail_wholesale', 'relevance_score': '0.813347'}, {'topic': 'earnings', 'relevance_score': '0.612150'}]",0.224635,Somewhat-Bullish,"[{'ticker': 'CRI', 'relevance_score': '1.000000', 'ticker_sentiment_score': '0.423013', 'ticker_sentiment_label': 'Bullish'}, {'ticker': 'TGT', 'relevance_score': '0.645864', 'ticker_sentiment_score': '0.138034', 'ticker_sentiment_label': 'Neutral'}, {'ticker': 'AMZN', 'relevance_score': '0.622877', 'ticker_sentiment_score': '0.118255', 'ticker_sentiment_label': 'Neutral'}]"
Archer Datacenters Partners with Evoque to Expand Nashville Data Center Campus,https://www.globenewswire.com/news-release/2022/05/12/2442386/0/en/Archer-Datacenters-Partners-with-Evoque-to-Expand-Nashville-Data-Center-Campus.html,20220512T153000,[],"Archer Datacenters announced a joint venture with Evoque, a Brookfield Infrastructure Partners company, to expand its Nashville Hyperscale campus. This $200 million equity commitment aims to develop critical digital infrastructure across the Nashville and Central Southeast region, providing scaled colocation offerings with rapid delivery and a focus on sustainability. The partnership capitalizes on Nashville's significant economic and population growth, addressing an underserved market with robust power and connectivity solutions, including renewable energy initiatives.",https://ml.globenewswire.com/media/Y2I4YzZjOWEtZTgyZi00ZTAyLTk3MjEtZmNlMTI0ZGQxNTNmLTEyNTk4Mzk=/tiny/Archer-Datacenters.png,GlobeNewswire,General,GlobeNewswire,"[{'topic': 'mergers_and_acquisitions', 'relevance_score': '0.949030'}, {'topic': 'technology', 'relevance_score': '0.839956'}, {'topic': 'finance', 'relevance_score': '0.701584'}, {'topic': 'real_estate', 'relevance_score': '0.636540'}]",0.184596,Somewhat-Bullish,"[{'ticker': 'BIP', 'relevance_score': '1.000000', 'ticker_sentiment_score': '0.400958', 'ticker_sentiment_label': 'Bullish'}, {'ticker': 'HCA', 'relevance_score': '0.640528', 'ticker_sentiment_score': '0.131956', 'ticker_sentiment_label': 'Neutral'}, {'ticker': 'AMZN', 'relevance_score': '0.618469', 'ticker_sentiment_score': '0.145018', 'ticker_sentiment_label': 'Neutral'}, {'ticker': 'ORCL', 'relevance_score': '0.631088', 'ticker_sentiment_score': '0.124825', 'ticker_sentiment_label': 'Neutral'}, {'ticker': 'META', 'relevance_score': '0.636332', 'ticker_sentiment_score': '0.135949', 'ticker_sentiment_label': 'Neutral'}]"
USC ISI works with D-Wave to house one of the first U.S-Based Advantage™ Quantum Computers,https://viterbischool.usc.edu/news/2022/05/usc-isi-works-with-d-wave-to-house-one-of-the-first-u-s-based-advantage-quantum-computer/,20220512T181637,['Magali Gruet'],"USC and D-Wave Systems Inc. have launched the first U.S.-based 5,000+ qubit D-Wave quantum computing system at the USC Viterbi School of Engineering’s Information Sciences Institute (ISI). This Advantage™ quantum system, located at the USC-Lockheed Martin Quantum Computing Center, offers academic, government, and business clients access to advanced quantum annealing and hybrid solver services. The system provides a four-fold increase in qubits and enhanced performance, furthering research in quantum simulation, optimization, and machine learning.",,USC Viterbi School of Engineering,General,USC Viterbi School of Engineering,"[{'topic': 'technology', 'relevance_score': '1.000000'}]",0.344227,Somewhat-Bullish,"[{'ticker': 'QBTS', 'relevance_score': '1.000000', 'ticker_sentiment_score': '0.419091', 'ticker_sentiment_label': 'Bullish'}, {'ticker': 'LMT', 'relevance_score': '0.618402', 'ticker_sentiment_score': '0.320505', 'ticker_sentiment_label': 'Somewhat-Bullish'}, {'ticker': 'AMZN', 'relevance_score': '0.646226', 'ticker_sentiment_score': '0.319789', 'ticker_sentiment_label': 'Somewhat-Bullish'}]"
Realogy rebranding as Anywhere Real Estate,https://therealdeal.com/new-york/2022/05/12/realogy-rebranding-as-anywhere-real-estate/,20220512T184500,['Harrison Connery'],"Realogy Holdings Corp. announced at an Investors Day event that it is changing its name to Anywhere Real Estate Inc. The rebranding, which will be complete by the end of the quarter, is part of a larger strategy to invest in advances for consumers demanding a more seamless transaction, without directly affecting its brokerage brands' structure or daily operations. This move follows a strong 2021 and a solid first quarter for Realogy, despite a profit decline, and continued expansion of its iBuying arm.",,The Real Deal,General,The Real Deal,"[{'topic': 'real_estate', 'relevance_score': '1.000000'}, {'topic': 'finance', 'relevance_score': '0.706899'}, {'topic': 'earnings', 'relevance_score': '0.746970'}, {'topic': 'mergers_and_acquisitions', 'relevance_score': '0.624482'}]",0.145189,Neutral,"[{'ticker': 'HOUS', 'relevance_score': '1.000000', 'ticker_sentiment_score': '0.330595', 'ticker_sentiment_label': 'Somewhat-Bullish'}, {'ticker': 'BX', 'relevance_score': '0.627672', 'ticker_sentiment_score': '0.117464', 'ticker_sentiment_label': 'Neutral'}, {'ticker': 'AMZN', 'relevance_score': '0.601567', 'ticker_sentiment_score': '-0.109227', 'ticker_sentiment_label': 'Neutral'}]"
Andy Burke Joins Tishman Speyer to Lead Industrial Platform,https://www.citybiz.co/article/262179/andy-burke-joins-tishman-speyer-to-lead-industrial-platform/,20220512T185651,[],"Tishman Speyer has appointed Andy Burke as Managing Director, Head of Industrial, to lead its global industrial sector efforts, initially focusing on U.S. acquisition and development opportunities. Burke brings extensive experience from Terreno Realty Corporation, where he managed over 100 industrial transactions valued at over $1.5 billion. This hiring follows Tishman Speyer's recent launch of its industrial property platform and aims to accelerate the firm's growth in this sector.",,citybiz,General,citybiz,"[{'topic': 'real_estate', 'relevance_score': '1.000000'}, {'topic': 'manufacturing', 'relevance_score': '0.771775'}, {'topic': 'finance', 'relevance_score': '0.642684'}, {'topic': 'mergers_and_acquisitions', 'relevance_score': '0.611250'}]",0.018718,Neutral,"[{'ticker': 'TRNO', 'relevance_score': '1.000000', 'ticker_sentiment_score': '-0.245400', 'ticker_sentiment_label': 'Somewhat-Bearish'}, {'ticker': 'AMZN', 'relevance_score': '0.637504', 'ticker_sentiment_score': '0.239911', 'ticker_sentiment_label': 'Somewhat-Bullish'}]"
"Exclusive-Maker of Walmart, Amazon store-brand baby formulas sees shortages through rest of 2022",https://finance.yahoo.com/news/exclusive-maker-walmart-amazon-store-172658999.html,20220513T121430,"['Jessica DiNapoli', 'Richa Naidu']","Perrigo Company PLC, a major manufacturer of store-brand baby formulas for retailers like Walmart and Amazon, anticipates continued shortages and high demand for the remainder of 2022. The company is operating its facilities at 115% capacity and focusing on specific formulas at the FDA's request, navigating increased pressure on the Biden administration to address the widespread baby formula shortage. This shortage was exacerbated by a significant recall from Abbott Laboratories in February, with Perrigo adjusting production and pricing to meet the surging needs.",https://s.yimg.com/ny/api/res/1.2/3wCyU9RU582IGjgjE2aL8Q--/YXBwaWQ9aGlnaGxhbmRlcjt3PTk2MDtoPTY0MA--/https://media.zenfs.com/en/reuters-finance.com/47f52054a82994dd156313b5d8857a72,Yahoo Finance,General,Yahoo Finance,"[{'topic': 'retail_wholesale', 'relevance_score': '0.934095'}, {'topic': 'life_sciences', 'relevance_score': '0.834498'}, {'topic': 'economy_macro', 'relevance_score': '0.723783'}, {'topic': 'manufacturing', 'relevance_score': '0.618275'}]",0.049947,Neutral,"[{'ticker': 'PRGO', 'relevance_score': '1.000000', 'ticker_sentiment_score': '0.289477', 'ticker_sentiment_label': 'Somewhat-Bullish'}, {'ticker': 'WMT', 'relevance_score': '0.708596', 'ticker_sentiment_score': '0.124246', 'ticker_sentiment_label': 'Neutral'}, {'ticker': 'AMZN', 'relevance_score': '0.608860', 'ticker_sentiment_score': '0.107772', 'ticker_sentiment_label': 'Neutral'}, {'ticker': 'ABT', 'relevance_score': '0.710241', 'ticker_sentiment_score': '-0.401886', 'ticker_sentiment_label': 'Bearish'}, {'ticker': 'TGT', 'relevance_score': '0.628324', 'ticker_sentiment_score': '0.132666', 'ticker_sentiment_label': 'Neutral'}]"
Starbucks in Grand Rapids votes to unionize — first in Michigan,https://www.crainsdetroit.com/workforce/first-starbucks-michigan-votes-unionize,20220513T121827,['Kurt Nagl'],"Workers at a Starbucks store in Grand Rapids have voted to unionize, marking the first Starbucks location in Michigan to do so. This decision is part of a growing national trend for Starbucks employees seeking higher wages and better working conditions. The unionization effort could help rekindle the labor movement in the U.S., especially given Michigan's past as a union stronghold.",,Crain's Detroit Business,General,Crain's Detroit Business,"[{'topic': 'retail_wholesale', 'relevance_score': '0.827181'}, {'topic': 'economy_macro', 'relevance_score': '0.633003'}]",-0.186747,Somewhat-Bearish,"[{'ticker': 'SBUX', 'relevance_score': '1.000000', 'ticker_sentiment_score': '-0.295517', 'ticker_sentiment_label': 'Somewhat-Bearish'}, {'ticker': 'AMZN', 'relevance_score': '0.634911', 'ticker_sentiment_score': '-0.106828', 'ticker_sentiment_label': 'Neutral'}]"
WD Targets Cloud Challenges,https://www.eetasia.com/wd-targets-cloud-challenges/,20220513T122715,['Gary Hilson'],"Western Digital (WD) is launching new SSDs and HDDs to address the exponential data growth and performance demands in cloud environments, particularly for hyperscale customers. The company's new 22TB and 26TB UltraSMR HDDs leverage OptiNAND and enhanced SMR technology, while their Ultrastar NVMe PCIe 4.0 SSDs target disaggregated storage in public clouds to improve utilization and density. WD also notes a strong demand for client SSDs driven by remote work and gaming, reinforcing the critical role of storage innovation across the board.",https://www.eetasia.com/wp-content/uploads/sites/2/2022/05/WDday-covercarousel.jpg?w=600,EE Times Asia,General,EE Times Asia,"[{'topic': 'technology', 'relevance_score': '0.935190'}, {'topic': 'finance', 'relevance_score': '0.645790'}]",0.235248,Somewhat-Bullish,"[{'ticker': 'WDCVV', 'relevance_score': '0.331513', 'ticker_sentiment_score': '0.042490', 'ticker_sentiment_label': 'Neutral'}, {'ticker': 'WDC', 'relevance_score': '1.000000', 'ticker_sentiment_score': '0.479492', 'ticker_sentiment_label': 'Bullish'}, {'ticker': 'AMZN', 'relevance_score': '0.637579', 'ticker_sentiment_score': '0.215866', 'ticker_sentiment_label': 'Somewhat-Bullish'}, {'ticker': 'MSFT', 'relevance_score': '0.611594', 'ticker_sentiment_score': '0.246291', 'ticker_sentiment_label': 'Somewhat-Bullish'}, {'ticker': 'GOOGL', 'relevance_score': '0.635892', 'ticker_sentiment_score': '0.214862', 'ticker_sentiment_label': 'Somewhat-Bullish'}]"
"Exclusive: Maker of Walmart, Amazon store-brand baby formulas sees shortages through rest of 2022",https://www.reuters.com/business/retail-consumer/exclusive-maker-walmart-amazon-store-brand-infant-formulas-expects-shortages-2022-05-13/,20220513T212600,['Jessica DiNapoli'],"Perrigo Company PLC, a major producer of store-brand baby formulas for retailers like Walmart and Amazon, anticipates ongoing shortages and heightened demand throughout the remainder of 2022. This scarcity is largely attributed to a significant recall by Abbott Laboratories in February. Perrigo's manufacturing facilities are operating at 115% capacity, and the company is collaborating with retailers to ensure weekly stock allocations.",https://www.reuters.com/resizer/v2/JUHBLRQTSRJXTKXPF3ZQ5P4XSY.jpg?auth=c25eeaa2173527662f24e0f68aaccd36ac4a2e1d6e3e981c049b62daaf67a560&width=1080&quality=80,Reuters,General,Reuters,"[{'topic': 'retail_wholesale', 'relevance_score': '1.000000'}, {'topic': 'life_sciences', 'relevance_score': '0.907473'}, {'topic': 'economy_macro', 'relevance_score': '0.811100'}, {'topic': 'manufacturing', 'relevance_score': '0.714465'}]",0.039258,Neutral,"[{'ticker': 'PRGO', 'relevance_score': '0.955447', 'ticker_sentiment_score': '0.269406', 'ticker_sentiment_label': 'Somewhat-Bullish'}, {'ticker': 'WMT', 'relevance_score': '0.721541', 'ticker_sentiment_score': '0.130710', 'ticker_sentiment_label': 'Neutral'}, {'ticker': 'AMZN', 'relevance_score': '0.668183', 'ticker_sentiment_score': '0.117601', 'ticker_sentiment_label': 'Neutral'}, {'ticker': 'ABT', 'relevance_score': '0.840691', 'ticker_sentiment_score': '-0.411091', 'ticker_sentiment_label': 'Bearish'}, {'ticker': 'TGT', 'relevance_score': '0.620986', 'ticker_sentiment_score': '0.067487', 'ticker_sentiment_label': 'Neutral'}]"
Sonos Ray vs Beam (Gen 2) vs Sonos Arc: Which soundbar is best for you?,https://www.pocket-lint.com/speakers/buyers-guides/sonos/152099-sonos-arc-vs-sonos-beam-which-sonos-soundbar-is-better/,20220515T122031,"[""Britta O'Boyle""]","This article compares Sonos' three soundbar models: the Ray, Beam (Gen 2), and Arc, to help consumers choose the best option for their needs. It details the differences in design, connectivity, sound capabilities (including Dolby Atmos support), and smart features. The article highlights price points and suggests which soundbar is best suited for various TV sizes and desired audio experiences, from basic TV audio enhancement to immersive home cinema.",https://static0.pocketlintimages.com/wordpress/wp-content/uploads/152099-speakers-news-vs-sonos-arc-vs-sonos-beam-which-soundbar-is-better-for-you-image2-lzrpyydwoq.jpg?&fit=crop&w=1600&h=900,Pocket-lint,General,Pocket-lint,"[{'topic': 'technology', 'relevance_score': '1.000000'}, {'topic': 'retail_wholesale', 'relevance_score': '0.600121'}]",0.241836,Somewhat-Bullish,"[{'ticker': 'SONO', 'relevance_score': '1.000000', 'ticker_sentiment_score': '0.315983', 'ticker_sentiment_label': 'Somewhat-Bullish'}, {'ticker': 'BBY', 'relevance_score': '0.647358', 'ticker_sentiment_score': '0.244927', 'ticker_sentiment_label': 'Somewhat-Bullish'}, {'ticker': 'AMZN', 'relevance_score': '0.636848', 'ticker_sentiment_score': '0.227063', 'ticker_sentiment_label': 'Somewhat-Bullish'}]"
A Look Into Public Clouds From the Ransomware Actor's Perspective,https://unit42.paloaltonetworks.com/ransomware-in-public-clouds/,20220516T121240,['Jay Chen'],"This article examines the potential evolution of ransomware attacks in public cloud environments, proposing that while traditional ransomware is largely ineffective, threat actors could adapt their tactics, techniques, and procedures (TTPs) to be cloud-native. It discusses how attackers might gain initial access, execute attacks through control and data plane APIs, and achieve privilege escalation using IAM misconfigurations. The article concludes that public clouds are inherently more resilient to ransomware than on-premises systems, but emphasizes the need for organizations to proactively secure identities and adopt best practices to mitigate theoretical cloud-based ransomware threats.",https://unit42.paloaltonetworks.com/wp-content/uploads/2026/02/13_Cloud_cybersecurity_research_Overview_1920x900-786x368.jpg,Unit 42,General,Unit 42,"[{'topic': 'technology', 'relevance_score': '0.829074'}]",0.147114,Neutral,"[{'ticker': 'PANW', 'relevance_score': '0.917783', 'ticker_sentiment_score': '0.251283', 'ticker_sentiment_label': 'Somewhat-Bullish'}, {'ticker': 'MSFT', 'relevance_score': '0.636377', 'ticker_sentiment_score': '0.121872', 'ticker_sentiment_label': 'Neutral'}, {'ticker': 'AMZN', 'relevance_score': '0.633154', 'ticker_sentiment_score': '0.146978', 'ticker_sentiment_label': 'Neutral'}, {'ticker': 'GOOGL', 'relevance_score': '0.631218', 'ticker_sentiment_score': '0.133708', 'ticker_sentiment_label': 'Neutral'}]"
QVC in the digital age: Tech giants like YouTube embrace livestream shopping,https://finance.yahoo.com/news/qvc-digital-age-tech-giants-like-you-tube-embrace-livestream-shopping-135156422.html,20220516T135156,['Alexandra Garfinkle'],"Tech giants like YouTube are embracing livestream shopping, reimagining the QVC model from the 1990s. YouTube aims to streamline the existing organic behavior of users seeking product reviews on its platform by integrating live video shopping experiences with influencers. This move comes as livestream shopping has become a multi-billion dollar industry, particularly significant in China, and presents a win-win opportunity for creators and viewers by making the process easier and more interactive.",,Yahoo Finance,General,Yahoo Finance,"[{'topic': 'retail_wholesale', 'relevance_score': '0.921240'}, {'topic': 'technology', 'relevance_score': '0.840818'}]",0.215254,Somewhat-Bullish,"[{'ticker': 'QVCD', 'relevance_score': '0.320836', 'ticker_sentiment_score': '0.048044', 'ticker_sentiment_label': 'Neutral'}, {'ticker': 'AMZN', 'relevance_score': '0.860762', 'ticker_sentiment_score': '0.271686', 'ticker_sentiment_label': 'Somewhat-Bullish'}, {'ticker': 'GOOGL', 'relevance_score': '0.824622', 'ticker_sentiment_score': '0.295039', 'ticker_sentiment_label': 'Somewhat-Bullish'}, {'ticker': 'GOOG', 'relevance_score': '0.773597', 'ticker_sentiment_score': '0.269334', 'ticker_sentiment_label': 'Somewhat-Bullish'}]"
Starbucks to add abortion travel coverage to U.S. health benefits,https://www.reuters.com/world/us/starbucks-add-abortion-travel-coverage-us-health-benefits-2022-05-16/,20220516T150900,['By Reuters'],"Starbucks Corp announced it will reimburse U.S. employees for travel expenses if they need to go more than 100 miles from home to obtain an abortion. This decision follows a leaked Supreme Court draft opinion that suggests Roe v. Wade could be overturned, leading to tighter abortion restrictions in some states. Starbucks joins other major companies like Amazon and Microsoft in offering similar benefits.",https://www.reuters.com/resizer/v2/https%3A%2F%2Fcloudfront-us-east-2.images.arcpublishing.com%2Freuters%2FVJ6L557KIFL6BLI7B4EIEQGZ5E.jpg?QUALITY=80&format=auto&width=800,Reuters,General,Reuters,"[{'topic': 'retail_wholesale', 'relevance_score': '0.830299'}, {'topic': 'life_sciences', 'relevance_score': '0.703345'}]",0.171053,Somewhat-Bullish,"[{'ticker': 'SBUX', 'relevance_score': '1.000000', 'ticker_sentiment_score': '0.215226', 'ticker_sentiment_label': 'Somewhat-Bullish'}, {'ticker': 'AMZN', 'relevance_score': '0.715391', 'ticker_sentiment_score': '0.145210', 'ticker_sentiment_label': 'Neutral'}, {'ticker': 'MSFT', 'relevance_score': '0.602379', 'ticker_sentiment_score': '0.103338', 'ticker_sentiment_label': 'Neutral'}]"
The PG 100: Ranking Top Food Retailers in North America,https://progressivegrocer.com/pg-100-ranking-top-food-retailers-north-america,20220516T174708,['Progressive Grocer Staff'],"The ""PG 100"" report ranks the top 100 food retailers in North America, highlighting an 11% increase in combined sales to $2.275 trillion in 2021. The report discusses challenges and benefits faced by retailers due to COVID-19 and rising fuel prices, as well as significant merger and acquisition activity in the industry. It provides a detailed table with sales, store counts, and top executives for each of the ranked companies.",,Progressive Grocer,General,Progressive Grocer,"[{'topic': 'retail_wholesale', 'relevance_score': '1.000000'}, {'topic': 'earnings', 'relevance_score': '0.917582'}, {'topic': 'mergers_and_acquisitions', 'relevance_score': '0.815604'}, {'topic': 'economy_macro', 'relevance_score': '0.631236'}]",0.251256,Somewhat-Bullish,"[{'ticker': 'NGVC', 'relevance_score': '0.939811', 'ticker_sentiment_score': '0.125988', 'ticker_sentiment_label': 'Neutral'}, {'ticker': 'WMT', 'relevance_score': '0.932769', 'ticker_sentiment_score': '0.269261', 'ticker_sentiment_label': 'Somewhat-Bullish'}, {'ticker': 'AMZN', 'relevance_score': '0.881722', 'ticker_sentiment_score': '0.224423', 'ticker_sentiment_label': 'Somewhat-Bullish'}, {'ticker': 'COST', 'relevance_score': '0.834357', 'ticker_sentiment_score': '0.329279', 'ticker_sentiment_label': 'Somewhat-Bullish'}, {'ticker': 'KR', 'relevance_score': '0.757331', 'ticker_sentiment_score': '0.213877', 'ticker_sentiment_label': 'Somewhat-Bullish'}]"
Starbucks to cover employees’ travel expenses for abortions; gender surgeries,https://chainstoreage.com/starbucks-cover-employees-travel-expenses-abortions-gender-surgeries,20220516T182657,['Marianne Wilson'],"Starbucks announced an expansion of its health care benefits to cover travel expenses for employees seeking abortions or gender-affirming procedures if these services are not available within 100 miles of their homes. This decision comes in the wake of a leaked draft U.S. Supreme Court opinion potentially overturning Roe v. Wade, with the company affirming its commitment to ensuring employee access to quality healthcare. Starbucks joins other major companies in offering this benefit, consistent with its history of advocating for liberal causes.",NULL,Chain Store Age,General,Chain Store Age,"[{'topic': 'retail_wholesale', 'relevance_score': '0.806696'}, {'topic': 'life_sciences', 'relevance_score': '0.649766'}]",0.145488,Neutral,"[{'ticker': 'SBUX', 'relevance_score': '0.941112', 'ticker_sentiment_score': '0.147562', 'ticker_sentiment_label': 'Neutral'}, {'ticker': 'AMZN', 'relevance_score': '0.644288', 'ticker_sentiment_score': '0.145642', 'ticker_sentiment_label': 'Neutral'}, {'ticker': 'AAPL', 'relevance_score': '0.622325', 'ticker_sentiment_score': '0.114877', 'ticker_sentiment_label': 'Neutral'}, {'ticker': 'MSFT', 'relevance_score': '0.607270', 'ticker_sentiment_score': '0.113262', 'ticker_sentiment_label': 'Neutral'}, {'ticker': 'CRM', 'relevance_score': '0.607311', 'ticker_sentiment_score': '0.146006', 'ticker_sentiment_label': 'Neutral'}]"
"Amazon’s unpaid time off practices violate USERRA, class-action suit claims",https://www.hrdive.com/news/amazons-unpaid-time-off-practices-violate-userra-class-action-suit-claims/623793/,20220517T114149,['Laurel Kalser'],"A class-action lawsuit alleges that Amazon discriminated against military service members by counting military leave as unpaid time off (UTO), leading to negative UTO balances and subsequent termination. The plaintiff, a former Alabama Army National Guard member, claims Amazon violated the Uniformed Services Employment and Reemployment Rights Act (USERRA) when she was fired after taking military leave. USERRA prohibits employers from denying employment benefits or retention based on military service and generally requires comparable benefits for military and non-military leaves.",https://imgproxy.divecdn.com/x8QZU9KylFWcJBOCttssQ-FjapVxZFHcI7pe9KcgDII/g:ce/rs:fill:1200:675:1/Z3M6Ly9kaXZlc2l0ZS1zdG9yYWdlL2RpdmVpbWFnZS9HZXR0eUltYWdlcy0xMjU1NDIzNTY0LmpwZw==.webp,HR Dive,General,HR Dive,"[{'topic': 'retail_wholesale', 'relevance_score': '0.736575'}, {'topic': 'finance', 'relevance_score': '0.628853'}]",-0.209046,Somewhat-Bearish,"[{'ticker': 'AMZN', 'relevance_score': '0.985278', 'ticker_sentiment_score': '-0.302572', 'ticker_sentiment_label': 'Somewhat-Bearish'}, {'ticker': 'AXON', 'relevance_score': '0.559702', 'ticker_sentiment_score': '-0.101890', 'ticker_sentiment_label': 'Neutral'}]"
Why unattended retail is exploding in response to consumer acceptance,https://www.retailcustomerexperience.com/articles/why-unattended-retail-is-exploding-in-response-to-consumer-acceptance/,20220517T121315,[],"The article discusses the rapid expansion of unattended retail due to growing consumer acceptance, driven by a desire for control and comfort in transactions. It highlights how new technologies and service concepts are emerging in various locations like sports arenas and healthcare facilities. Experts from PepsiCo, Canteen Vending Services, Aramark, and Maumee Valley Group weigh in on the opportunities and challenges, including collaboration with food delivery services and the evolving role of traditional vending operators.",https://nmgprod.s3.amazonaws.com/media/files/3f/76/3f76c716705e217cb69285aac814e95f/cover_image_1650652437.jpg.960x540_q85_crop_upscale.jpg,Retail Customer Experience,General,Retail Customer Experience,"[{'topic': 'retail_wholesale', 'relevance_score': '0.944572'}, {'topic': 'technology', 'relevance_score': '0.812894'}, {'topic': 'economy_macro', 'relevance_score': '0.638932'}]",0.351884,Bullish,"[{'ticker': 'PEP', 'relevance_score': '1.000000', 'ticker_sentiment_score': '0.466864', 'ticker_sentiment_label': 'Bullish'}, {'ticker': 'MCD', 'relevance_score': '0.748952', 'ticker_sentiment_score': '0.319844', 'ticker_sentiment_label': 'Somewhat-Bullish'}, {'ticker': 'AMZN', 'relevance_score': '0.557778', 'ticker_sentiment_score': '0.262400', 'ticker_sentiment_label': 'Somewhat-Bullish'}]"
Netflix lays off 150 employees as the streaming service contends with big subscriber losses,https://www.cnbc.com/2022/05/17/netflix-lays-off-150-employees-as-the-streaming-service-contends-with-big-subscriber-losses.html,20220517T142500,['Sarah Whitten'],"Netflix is laying off approximately 150 employees, less than 2% of its 11,000 staffers, primarily in the U.S., due to slowing revenue growth. This move comes less than a month after the streaming service reported its first subscriber loss in a decade and saw its stock value drop significantly. The company is exploring new strategies like lower-priced, ad-supported tiers and cracking down on password sharing to regain subscribers.",,CNBC,General,CNBC,"[{'topic': 'earnings', 'relevance_score': '0.934262'}, {'topic': 'technology', 'relevance_score': '0.816831'}]",-0.214662,Somewhat-Bearish,"[{'ticker': 'NFLX', 'relevance_score': '1.000000', 'ticker_sentiment_score': '-0.404958', 'ticker_sentiment_label': 'Bearish'}, {'ticker': 'META', 'relevance_score': '0.623667', 'ticker_sentiment_score': '-0.109174', 'ticker_sentiment_label': 'Neutral'}, {'ticker': 'AMZN', 'relevance_score': '0.645498', 'ticker_sentiment_score': '-0.143970', 'ticker_sentiment_label': 'Neutral'}, {'ticker': 'UBER', 'relevance_score': '0.644527', 'ticker_sentiment_score': '-0.109126', 'ticker_sentiment_label': 'Neutral'}]"
Starbucks Labor Controversy Sparks Discussion About Unionizing and Company Reputation,https://www.prnewsonline.com/starbucks-unionizing/,20220517T182656,['Andrew Byrd'],"Starbucks is facing a labor controversy with Starbucks Workers United, which has filed numerous unfair labor practice charges against the company for allegedly interfering with unionization efforts. This situation has sparked a broader discussion about company reputation and the historical context of labor relations, with experts like Robert Josephson highlighting the importance of companies addressing employee concerns to avoid reputational damage. The article suggests that genuine empathy from leadership and effective communication can bridge the gap between management and employees in such disputes.",,PR News - For Smart Communicators,General,PR News - For Smart Communicators,"[{'topic': 'retail_wholesale', 'relevance_score': '0.803457'}, {'topic': 'finance', 'relevance_score': '0.616560'}]",-0.105858,Neutral,"[{'ticker': 'SBUX', 'relevance_score': '0.958970', 'ticker_sentiment_score': '-0.338385', 'ticker_sentiment_label': 'Somewhat-Bearish'}, {'ticker': 'AMZN', 'relevance_score': '0.632516', 'ticker_sentiment_score': '-0.110540', 'ticker_sentiment_label': 'Neutral'}, {'ticker': 'GM', 'relevance_score': '0.595340', 'ticker_sentiment_score': '0.118759', 'ticker_sentiment_label': 'Neutral'}]"
"Amazon, Kong Studios Opening Offices In Santa Monica",https://patch.com/california/santamonica/amazon-kong-studios-opening-offices-santa-monica,20220518T102600,['Nicole Charky'],"Amazon and game developer Kong Studios Inc. are establishing new offices in Santa Monica, a move city officials expect to bolster the local workforce and expand technology, game development, and corporate job opportunities. Amazon plans to open a ""tech hub"" in mid-2023, bringing over 1,000 new tech and corporate jobs to Santa Monica, while Kong Studios is relocating its headquarters to the city. This expansion is seen as a positive sign for Santa Monica's economic growth and its strong technology sector.",https://patch.com/img/cdn20/users/753660/profile_pics/styles/large/public/nicole-charky-image___09122217475.jpg?width=64,Patch,General,Patch,"[{'topic': 'technology', 'relevance_score': '0.843478'}, {'topic': 'economy_macro', 'relevance_score': '0.743720'}, {'topic': 'real_estate', 'relevance_score': '0.643883'}, {'topic': 'retail_wholesale', 'relevance_score': '0.604582'}]",0.488808,Bullish,"[{'ticker': 'AMZN', 'relevance_score': '1.000000', 'ticker_sentiment_score': '0.485582', 'ticker_sentiment_label': 'Bullish'}]"
The Most Innovative and Important People in DC’s Tech Scene,https://washingtonian.com/2022/05/18/the-225-most-innovative-and-important-people-in-dcs-tech-scene-right-now/,20220518T115630,['Nancy Scola'],"This article identifies 225 innovative and important figures in the DC tech scene across various categories including entrepreneurs, government officials, cybersecurity experts, and venture capitalists. It highlights the unique trajectory of the region's tech industry, which is deeply rooted in government but constantly evolving and expanding. The piece details key individuals and companies that are shaping the technological landscape in Washington, D.C.",https://washingtonian.com/wp-content/uploads/2022/05/22011_Tech_Titans_0662.jpg,Washingtonian,General,Washingtonian,"[{'topic': 'technology', 'relevance_score': '0.941442'}, {'topic': 'finance', 'relevance_score': '0.715689'}, {'topic': 'mergers_and_acquisitions', 'relevance_score': '0.625176'}, {'topic': 'real_estate', 'relevance_score': '0.648670'}]",0.292928,Somewhat-Bullish,"[{'ticker': 'GD', 'relevance_score': '1.000000', 'ticker_sentiment_score': '0.423378', 'ticker_sentiment_label': 'Bullish'}, {'ticker': 'LDOS', 'relevance_score': '0.714639', 'ticker_sentiment_score': '0.315429', 'ticker_sentiment_label': 'Somewhat-Bullish'}, {'ticker': 'LMT', 'relevance_score': '0.733949', 'ticker_sentiment_score': '0.262246', 'ticker_sentiment_label': 'Somewhat-Bullish'}, {'ticker': 'NOC', 'relevance_score': '0.737134', 'ticker_sentiment_score': '0.272371', 'ticker_sentiment_label': 'Somewhat-Bullish'}, {'ticker': 'AMZN', 'relevance_score': '0.625207', 'ticker_sentiment_score': '0.104641', 'ticker_sentiment_label': 'Neutral'}]"
JD.com Opens First Overseas Service Centers in the US,https://jdcorporateblog.com/jd-com-opens-first-overseas-service-centers-in-the-us/,20220518T120213,['Yuchuan Wang'],"JD.com has opened two new overseas service centers in Los Angeles and New Jersey, marking its first such venture in the overseas market. These centers will offer comprehensive aftersales and maintenance services for electronics and appliances, supported by JD's air cargo lines and self-operated warehouses in the US. The initiative aims to provide end-to-end supply chain logistics services and reduce repair times for brands and cross-border merchants.",https://jdcorporateblog.com/wp-content/uploads/2022/05/US-service-center.png,JD Corporate Blog,General,JD Corporate Blog,"[{'topic': 'retail_wholesale', 'relevance_score': '0.828160'}, {'topic': 'technology', 'relevance_score': '0.733187'}, {'topic': 'manufacturing', 'relevance_score': '0.643220'}]",0.090654,Neutral,"[{'ticker': 'JD', 'relevance_score': '0.336644', 'ticker_sentiment_score': '0.003094', 'ticker_sentiment_label': 'Neutral'}, {'ticker': 'AMZN', 'relevance_score': '0.712608', 'ticker_sentiment_score': '0.148518', 'ticker_sentiment_label': 'Neutral'}, {'ticker': 'EBAY', 'relevance_score': '0.740296', 'ticker_sentiment_score': '0.130606', 'ticker_sentiment_label': 'Neutral'}]"
US stocks suffer biggest daily drop in almost two years,https://www.aljazeera.com/economy/2022/5/18/us-stocks-fall-sharply-lower-as-earnings-renew-inflation-fears,20220518T120614,"['Stephen Kirkland', 'Vildana Hajric', 'Bloomberg']","US stocks experienced their largest daily decline in nearly two years, as inflation concerns and the prospect of stricter monetary policy weighed on markets. The S&P 500 dropped 4%, with consumer shares plummeting over 6%, led by Target's steep fall after a reduced profit forecast. Growing hawkish sentiment from the Federal Reserve, global supply chain issues, and geopolitical tensions continue to fuel investor anxiety.",https://www.aljazeera.com/wp-content/uploads/2021/11/ws.jpg?resize=770%2C513&quality=80,Al Jazeera,General,Al Jazeera,"[{'topic': 'financial_markets', 'relevance_score': '1.000000'}, {'topic': 'economy_monetary', 'relevance_score': '0.908015'}, {'topic': 'economy_macro', 'relevance_score': '0.805229'}, {'topic': 'retail_wholesale', 'relevance_score': '0.719219'}, {'topic': 'earnings', 'relevance_score': '0.609402'}]",-0.323763,Somewhat-Bearish,"[{'ticker': 'M', 'relevance_score': '0.603233', 'ticker_sentiment_score': '-0.316288', 'ticker_sentiment_label': 'Somewhat-Bearish'}, {'ticker': 'TGT', 'relevance_score': '0.904759', 'ticker_sentiment_score': '-0.629305', 'ticker_sentiment_label': 'Bearish'}, {'ticker': 'WMT', 'relevance_score': '0.702599', 'ticker_sentiment_score': '-0.334393', 'ticker_sentiment_label': 'Somewhat-Bearish'}, {'ticker': 'AAPL', 'relevance_score': '0.612760', 'ticker_sentiment_score': '-0.234031', 'ticker_sentiment_label': 'Somewhat-Bearish'}, {'ticker': 'AMZN', 'relevance_score': '0.626563', 'ticker_sentiment_score': '-0.216154', 'ticker_sentiment_label': 'Somewhat-Bearish'}]"
"Goodbye, Gig Economy. It’s a Multi-Earner Era",https://www.morganstanley.com/ideas/gig-economy-multi-earner-new-era,20220518T120821,[],"The gig economy is evolving into a ""multi-earner era"" driven by platforms that enable individuals to generate income beyond traditional employment. This trend has significant implications for workers, employers, and the economy, with younger generations like Gen Z actively participating in various ""X-to-Earn"" verticals. Employers face challenges in hiring and retention as workers seek multiple income streams, potentially requiring increased flexibility and competitive wages to attract and retain talent.",,Morgan Stanley,General,Morgan Stanley,"[{'topic': 'economy_macro', 'relevance_score': '0.931238'}]",0.251718,Somewhat-Bullish,"[{'ticker': 'MS', 'relevance_score': '0.942166', 'ticker_sentiment_score': '0.322553', 'ticker_sentiment_label': 'Somewhat-Bullish'}, {'ticker': 'ABNB', 'relevance_score': '0.726507', 'ticker_sentiment_score': '0.216760', 'ticker_sentiment_label': 'Somewhat-Bullish'}, {'ticker': 'UBER', 'relevance_score': '0.706400', 'ticker_sentiment_score': '0.248559', 'ticker_sentiment_label': 'Somewhat-Bullish'}, {'ticker': 'META', 'relevance_score': '0.603395', 'ticker_sentiment_score': '0.322678', 'ticker_sentiment_label': 'Somewhat-Bullish'}, {'ticker': 'AMZN', 'relevance_score': '0.611515', 'ticker_sentiment_score': '0.140128', 'ticker_sentiment_label': 'Neutral'}]"
Netgear Orbi 6E Mesh review: A powerful—and expensive—Wi-Fi mesh system,https://www.pcworld.com/article/624301/netgear-orbi-6e-mesh-review-a-powerful-and-expensive-wi-fi-mesh-system.html,20220518T121020,['Wes Davis'],"The Netgear Orbi 6E Mesh system offers extremely high throughput, especially on the 6GHz band, and generally performs very well, particularly for homes with many smart devices. However, its significant price tag of $1,500 for a three-pack and its reliance on paid subscriptions for desirable features like parental controls and extended tech support temper its overall appeal. While it outperforms competitors in 6GHz speeds, its value proposition is diminished by these additional costs, making it most suitable for users prioritizing top-tier performance over budget.",https://www.pcworld.com/wp-content/uploads/2025/04/Orbi-Main.png?w=1024,PCWorld,General,PCWorld,"[{'topic': 'technology', 'relevance_score': '1.000000'}]",0.047786,Neutral,"[{'ticker': 'NTGR', 'relevance_score': '0.983106', 'ticker_sentiment_score': '-0.107475', 'ticker_sentiment_label': 'Neutral'}, {'ticker': 'AMZN', 'relevance_score': '0.610718', 'ticker_sentiment_score': '0.151971', 'ticker_sentiment_label': 'Somewhat-Bullish'}]"
Why S&P booted Tesla from its ESG index,https://finance.yahoo.com/news/sp-removes-tesla-from-esg-index-182259870.html,20220518T122047,['Alexandra Semenova'],"S&P Dow Jones Indices removed Tesla from its S&P 500 ESG Index due to a decline in its ESG rank compared to global peers. Despite Tesla's role in the transition to electric vehicles, the decision was influenced by claims of racial discrimination, poor working conditions at its factory, and its handling of a federal investigation into autopilot-related deaths. Elon Musk called ESG an ""outrageous scam"" in response to the decision.",https://s.yimg.com/ny/api/res/1.2/F_ksvlRtmZnOz6S2KHrfsw--/YXBwaWQ9aGlnaGxhbmRlcjt3PTk2MDtoPTU0MA--/https://s.yimg.com/os/creatr-uploaded-images/2022-05/39e029e0-d6cb-11ec-ad71-f4608c4f293b,Yahoo Finance,General,Yahoo Finance,"[{'topic': 'financial_markets', 'relevance_score': '0.919740'}, {'topic': 'technology', 'relevance_score': '0.825962'}, {'topic': 'energy_transportation', 'relevance_score': '0.735455'}]",0.100641,Neutral,"[{'ticker': 'SPGI', 'relevance_score': '0.940435', 'ticker_sentiment_score': '0.300466', 'ticker_sentiment_label': 'Somewhat-Bullish'}, {'ticker': 'TSLA', 'relevance_score': '0.918696', 'ticker_sentiment_score': '-0.604015', 'ticker_sentiment_label': 'Bearish'}, {'ticker': 'AAPL', 'relevance_score': '0.619242', 'ticker_sentiment_score': '0.233052', 'ticker_sentiment_label': 'Somewhat-Bullish'}, {'ticker': 'MSFT', 'relevance_score': '0.614119', 'ticker_sentiment_score': '0.241597', 'ticker_sentiment_label': 'Somewhat-Bullish'}, {'ticker': 'AMZN', 'relevance_score': '0.624143', 'ticker_sentiment_score': '0.200983', 'ticker_sentiment_label': 'Somewhat-Bullish'}]"
"Target Shares Plunge, Drags Down Consumer Sector ETFs",https://www.nasdaq.com/articles/target-shares-plunge-drags-down-consumer-sector-etfs,20220518T173100,['editor@etftrends.com (ETF Trends)'],"Target Corp. shares plummeted after missing quarterly earnings forecasts and warning of higher costs, dragging down consumer sector exchange-traded funds. The retailer attributed the profit decline to unexpected fuel and freight costs and reiterated its commitment not to pass these costs onto consumers in the long term. This downturn also reflects a broader shift in consumer spending from goods back towards services in a post-Covid-19 world.",,Nasdaq,General,Nasdaq,"[{'topic': 'earnings', 'relevance_score': '0.933107'}, {'topic': 'retail_wholesale', 'relevance_score': '0.823772'}, {'topic': 'financial_markets', 'relevance_score': '0.707283'}, {'topic': 'economy_monetary', 'relevance_score': '0.633656'}]",-0.210132,Somewhat-Bearish,"[{'ticker': 'RTH', 'relevance_score': '1.000000', 'ticker_sentiment_score': '-0.433352', 'ticker_sentiment_label': 'Bearish'}, {'ticker': 'TGT', 'relevance_score': '0.991081', 'ticker_sentiment_score': '-0.543308', 'ticker_sentiment_label': 'Bearish'}, {'ticker': 'WMT', 'relevance_score': '0.648391', 'ticker_sentiment_score': '0.144062', 'ticker_sentiment_label': 'Neutral'}, {'ticker': 'AMZN', 'relevance_score': '0.591568', 'ticker_sentiment_score': '0.055931', 'ticker_sentiment_label': 'Neutral'}]"
Wall Street ends sharply lower as Target and growth stocks sink,https://www.reuters.com/markets/europe/futures-slip-after-sharp-wall-street-rally-2022-05-18/,20220519T012200,['Noel Randewich and Amruta Khandekar'],"Wall Street closed sharply lower on Wednesday after Target's stock plummeted by about a quarter of its value, exposing concerns about the U.S. economy due to surging prices. This marked the worst one-day loss for the S&P 500 and Dow Jones Industrial Average since June 2020, as inflation continued to erode consumer purchasing power, impacting retailers and prompting a market sell-off. Megacap growth stocks also contributed to the decline, with the Nasdaq falling significantly, amidst broader economic worries including rising inflation, supply chain issues, and central bank tightening.",https://www.reuters.com/resizer/v2/4SGK5EEHKFLG5OLUXVUAMBCFZY.jpg?auth=996430f554dd3dd3dfb2a60680c6c5a660bb3f91032263bc82683a75d569b02e&width=1080&quality=80,Reuters,General,Reuters,"[{'topic': 'earnings', 'relevance_score': '0.934071'}, {'topic': 'financial_markets', 'relevance_score': '1.000000'}, {'topic': 'economy_monetary', 'relevance_score': '0.900124'}, {'topic': 'economy_macro', 'relevance_score': '0.906991'}, {'topic': 'retail_wholesale', 'relevance_score': '0.802524'}]",-0.348541,Somewhat-Bearish,"[{'ticker': 'TGT', 'relevance_score': '1.000000', 'ticker_sentiment_score': '-0.479464', 'ticker_sentiment_label': 'Bearish'}, {'ticker': 'WMT', 'relevance_score': '0.702589', 'ticker_sentiment_score': '-0.268058', 'ticker_sentiment_label': 'Somewhat-Bearish'}, {'ticker': 'AMZN', 'relevance_score': '0.649743', 'ticker_sentiment_score': '-0.326818', 'ticker_sentiment_label': 'Somewhat-Bearish'}, {'ticker': 'NVDA', 'relevance_score': '0.621409', 'ticker_sentiment_score': '-0.301965', 'ticker_sentiment_label': 'Somewhat-Bearish'}, {'ticker': 'TSLA', 'relevance_score': '0.643802', 'ticker_sentiment_score': '-0.305488', 'ticker_sentiment_label': 'Somewhat-Bearish'}]"
American Makes Microsoft Azure Preferred Cloud Provider for Airline Applications,https://www.aviationtoday.com/2022/05/19/american-airlines-microsoft-azure/,20220519T113928,['Woodrow Bellamy III'],"American Airlines has chosen Microsoft Azure as its preferred cloud platform for various airline applications, including airport taxiing decisions and managing operational data. This move follows previous partnerships with IBM, and American Airlines aims to leverage Azure's AI, machine learning, and data analytics to optimize customer experience and operations, particularly for gating decisions at its DFW hub. This decision positions American Airlines among other major U.S. carriers embracing cloud-first approaches for future resilience and innovation.",https://www.aviationtoday.com/wp-content/uploads/2022/05/aa-lines-1024x684.jpeg,Avionics International,General,Avionics International,"[{'topic': 'technology', 'relevance_score': '0.909740'}, {'topic': 'energy_transportation', 'relevance_score': '0.749267'}]",0.264437,Somewhat-Bullish,"[{'ticker': 'AAL', 'relevance_score': '1.000000', 'ticker_sentiment_score': '0.405759', 'ticker_sentiment_label': 'Bullish'}, {'ticker': 'MSFT', 'relevance_score': '0.903683', 'ticker_sentiment_score': '0.477946', 'ticker_sentiment_label': 'Bullish'}, {'ticker': 'IBM', 'relevance_score': '0.588626', 'ticker_sentiment_score': '0.103215', 'ticker_sentiment_label': 'Neutral'}, {'ticker': 'AMZN', 'relevance_score': '0.563648', 'ticker_sentiment_score': '0.141812', 'ticker_sentiment_label': 'Neutral'}, {'ticker': 'UAL', 'relevance_score': '0.573430', 'ticker_sentiment_score': '0.123152', 'ticker_sentiment_label': 'Neutral'}]"
Kroger VP of Shared Services Jamie Lancaster to Present on Loyalty at Analytics Unite 2022,https://consumergoods.com/kroger-vp-shared-services-jamie-lancaster-present-loyalty-analytics-unite-2022-0,20220519T120404,[],"Jamie Lancaster, VP of Shared Services at Kroger, is scheduled to present on customer loyalty at the Analytics Unite: The Summit for Retail and Consumer Brands event, taking place from June 21-23 at the Drake Hotel in Chicago. He will discuss leveraging valuable behavioral insights from loyal customers to inform various areas of the organization. Lancaster, who leads Kroger's customer contact center and support services, will be joined by Josh Blacksmith of Kimberly-Clark.",https://assets1.consumergoods.com/images/v/max_width_1440/2022-05/au-speakers-2%20%284%29.png,Consumer Goods Technology,General,Consumer Goods Technology,"[{'topic': 'retail_wholesale', 'relevance_score': '0.844369'}, {'topic': 'technology', 'relevance_score': '0.729498'}]",0.180194,Somewhat-Bullish,"[{'ticker': 'KR', 'relevance_score': '1.000000', 'ticker_sentiment_score': '0.278996', 'ticker_sentiment_label': 'Somewhat-Bullish'}, {'ticker': 'KMB', 'relevance_score': '0.630358', 'ticker_sentiment_score': '0.134514', 'ticker_sentiment_label': 'Neutral'}, {'ticker': 'HSY', 'relevance_score': '0.626601', 'ticker_sentiment_score': '0.133435', 'ticker_sentiment_label': 'Neutral'}, {'ticker': 'AMZN', 'relevance_score': '0.590597', 'ticker_sentiment_score': '0.136835', 'ticker_sentiment_label': 'Neutral'}]"
FedEx expands pilot of self-driving trucks,https://chainstoreage.com/fedex-expands-pilot-self-driving-trucks,20220519T164142,['Dan Berthiaume'],"FedEx is expanding its pilot program for self-driving trucks by adding a new commercial lane in Texas, collaborating with Aurora Innovation Inc. This expansion is part of FedEx's strategy to compete with Amazon in autonomous cargo hauling, following successful earlier pilots that completed 60,000 miles with zero safety incidents. The company is actively integrating autonomous technology into its operations to enhance efficiency and meet growing customer demand.",https://chainstoreage.com/sites/chainstoreage.com/files/styles/video_inline_image/public/2022-05/FedEx%20expands%20pilot%20of%20self-driving%20trucks.jpeg?itok=_d_5r5g5,Chain Store Age,General,Chain Store Age,"[{'topic': 'energy_transportation', 'relevance_score': '0.909795'}, {'topic': 'retail_wholesale', 'relevance_score': '0.746025'}, {'topic': 'technology', 'relevance_score': '0.807476'}]",0.235742,Somewhat-Bullish,"[{'ticker': 'FDX', 'relevance_score': '1.000000', 'ticker_sentiment_score': '0.442143', 'ticker_sentiment_label': 'Bullish'}, {'ticker': 'AMZN', 'relevance_score': '0.710824', 'ticker_sentiment_score': '0.115022', 'ticker_sentiment_label': 'Neutral'}, {'ticker': 'WMT', 'relevance_score': '0.608024', 'ticker_sentiment_score': '0.133856', 'ticker_sentiment_label': 'Neutral'}, {'ticker': 'JBHT', 'relevance_score': '0.597515', 'ticker_sentiment_score': '0.209651', 'ticker_sentiment_label': 'Somewhat-Bullish'}]"
D-Market Elektronik Hizmetler ve Ticaret (Nasdaq:HEPS) - Stock Analysis,https://simplywall.st/stocks/us/retail/nasdaq-heps/d-market-elektronik-hizmetler-ve-ticaret,20220519T185242,[],"This analysis of D-Market Elektronik Hizmetler ve Ticaret (Nasdaq:HEPS) from Simply Wall St provides a detailed overview including valuation, growth forecasts, past performance, financial health, and dividend information. The report highlights that HEPS is trading significantly below its estimated fair value with projected revenue growth, despite facing a forecast decline in earnings and current unprofitability. Key takeaways point to expanded delivery services and strategic partnerships as drivers for future success, while also noting challenges from intensifying competition and macroeconomic volatility.","https://simplywall.st/cdn-cgi/image/format=auto,fit=cover,q=80,blur=0,metadata=none/https://images.simplywall.st/asset/logos/www.hepsiburada.com?size=150",Simply Wall Street,General,Simply Wall Street,"[{'topic': 'earnings', 'relevance_score': '0.913112'}, {'topic': 'financial_markets', 'relevance_score': '0.810692'}, {'topic': 'retail_wholesale', 'relevance_score': '0.700009'}, {'topic': 'technology', 'relevance_score': '0.605384'}, {'topic': 'mergers_and_acquisitions', 'relevance_score': '0.648365'}]",-0.054795,Neutral,"[{'ticker': 'HEPS', 'relevance_score': '1.000000', 'ticker_sentiment_score': '0.135784', 'ticker_sentiment_label': 'Neutral'}, {'ticker': 'AMZN', 'relevance_score': '0.638046', 'ticker_sentiment_score': '-0.215354', 'ticker_sentiment_label': 'Somewhat-Bearish'}]"
Will smart shopping carts transform the shopping experience at Albertsons?,https://retailwire.com/discussion/will-smart-shopping-carts-transform-the-shopping-experience-at-albertsons/,20220520T113950,['George Anderson'],"Albertsons is expanding its pilot program for smart shopping carts, manufactured by Veeve, across several dozen stores after successful initial tests in California and Idaho. These carts allow customers to complete their shopping and checkout without needing a traditional register, aiming to enhance the grocery experience through technology. While the concept offers convenience, industry experts and commentators raise concerns about the high cost of implementation, potential user adoption challenges, and whether such advanced technology distracts from fundamental store operational improvements.",,RetailWire,General,RetailWire,"[{'topic': 'retail_wholesale', 'relevance_score': '0.922750'}, {'topic': 'technology', 'relevance_score': '0.847800'}]",0.128796,Neutral,"[{'ticker': 'ACI', 'relevance_score': '1.000000', 'ticker_sentiment_score': '0.207077', 'ticker_sentiment_label': 'Somewhat-Bullish'}, {'ticker': 'AMZN', 'relevance_score': '0.735159', 'ticker_sentiment_score': '0.134214', 'ticker_sentiment_label': 'Neutral'}, {'ticker': 'KR', 'relevance_score': '0.631964', 'ticker_sentiment_score': '0.133596', 'ticker_sentiment_label': 'Neutral'}, {'ticker': 'WMT', 'relevance_score': '0.575753', 'ticker_sentiment_score': '0.026810', 'ticker_sentiment_label': 'Neutral'}]"
"Broadcom in Talks to Acquire VMware, the Cloud Computing Company (Published 2022)",https://www.nytimes.com/2022/05/22/business/dealbook/broadcom-vmware.html,20220522T121540,['Lauren Hirsch and Don Clark'],"Broadcom, a semiconductor giant, is reportedly in discussions to acquire VMware, a cloud computing company known for its virtualization software. This potential acquisition would expand Broadcom's presence in cloud computing and continue CEO Hock E. Tan's strategy of diversifying beyond chip companies following a blocked deal with Qualcomm in 2018. Following the news, VMware's stock saw a significant increase, while Broadcom's shares experienced a slight dip.",https://static01.nyt.com/images/2022/05/22/multimedia/22broadcom-1/22broadcom-1-articleLarge.jpg?quality=75&auto=webp&disable=upscale,The New York Times,General,The New York Times,"[{'topic': 'mergers_and_acquisitions', 'relevance_score': '0.919616'}, {'topic': 'technology', 'relevance_score': '0.840792'}]",-0.058176,Neutral,"[{'ticker': 'QCOM', 'relevance_score': '0.839626', 'ticker_sentiment_score': '-0.127571', 'ticker_sentiment_label': 'Neutral'}, {'ticker': 'AVGO', 'relevance_score': '1.000000', 'ticker_sentiment_score': '-0.320781', 'ticker_sentiment_label': 'Somewhat-Bearish'}, {'ticker': 'DELL', 'relevance_score': '0.630648', 'ticker_sentiment_score': '0.130273', 'ticker_sentiment_label': 'Neutral'}, {'ticker': 'AMZN', 'relevance_score': '0.649998', 'ticker_sentiment_score': '0.135346', 'ticker_sentiment_label': 'Neutral'}]"
Amazon (AMZN) Announces New Fire 7 Tablets,https://www.investopedia.com/amazon-announces-new-fire-7-tablets-5322849,20220523T114149,['Mark Kolakowski'],"Amazon has announced its new Fire 7 and Fire 7 Kids tablets, which are available for pre-order and will start shipping on June 29, 2022. These tablets serve as budget-friendly alternatives to the Apple iPad mini, with prices starting at $59.99 and $109.99 respectively. The new Fire 7 boasts significant upgrades in battery life, RAM, and responsiveness compared to its 2019 predecessor, while only increasing in price by $10.",,Investopedia,General,Investopedia,"[{'topic': 'technology', 'relevance_score': '0.916919'}, {'topic': 'retail_wholesale', 'relevance_score': '0.738233'}]",0.216943,Somewhat-Bullish,"[{'ticker': 'AMZN', 'relevance_score': '1.000000', 'ticker_sentiment_score': '0.250415', 'ticker_sentiment_label': 'Somewhat-Bullish'}, {'ticker': 'AAPL', 'relevance_score': '0.720528', 'ticker_sentiment_score': '0.129643', 'ticker_sentiment_label': 'Neutral'}]"
Edgewell Unveils New Skin Care Brand,https://wwd.com/beauty-industry-news/beauty-features/edgewell-fieldtrip-skin-care-jack-black-1235186808/,20220523T115259,['James Manso'],"Edgewell Personal Care, known for Jack Black, is launching a new genderless skin care brand called Fieldtrip on June 6. This in-house developed brand targets Gen Z and Millennial consumers with vegan, cruelty-free products ranging from $13 to $21, emphasizing sustainability and broad appeal. Fieldtrip is expected to achieve $4 million in retail sales in its first year and will be available on its website, Nordstrom, Nordstrom Rack, Amazon, and Macy's.",https://wwd.com/wp-content/uploads/2022/05/GROUP_SHOT_HERO_ON_COLOR-trans_wandermist.png?w=1000&h=563&crop=1,WWD,General,WWD,"[{'topic': 'retail_wholesale', 'relevance_score': '0.924068'}]",0.241322,Somewhat-Bullish,"[{'ticker': 'EPC', 'relevance_score': '1.000000', 'ticker_sentiment_score': '0.325433', 'ticker_sentiment_label': 'Somewhat-Bullish'}, {'ticker': 'AMZN', 'relevance_score': '0.602648', 'ticker_sentiment_score': '0.105057', 'ticker_sentiment_label': 'Neutral'}]"
ARKO Corp. Earns Spot on Fortune 500 List,https://csnews.com/arko-corp-earns-spot-fortune-500-list,20220523T120839,[],"ARKO Corp., the parent company of GPM Investments, has been named to the 2022 Fortune 500 list, ranking No. 498 with over $6 billion in revenues. This marks ARKO's first appearance on the list, demonstrating significant growth and successful acquisition strategies since joining NASDAQ. Other convenience store operators like Murphy USA Inc., Casey's General Stores Inc., and TravelCenters of America Inc. also made the list.",https://assets1.csnews.com/images/v/max_width_1440/files/2022-02/arko_logo_homepage_032621.jpg,Convenience Store News,General,Convenience Store News,"[{'topic': 'earnings', 'relevance_score': '0.919592'}, {'topic': 'retail_wholesale', 'relevance_score': '0.805454'}, {'topic': 'mergers_and_acquisitions', 'relevance_score': '0.729820'}]",0.363221,Bullish,"[{'ticker': 'MUSA', 'relevance_score': '0.921625', 'ticker_sentiment_score': '0.395043', 'ticker_sentiment_label': 'Bullish'}, {'ticker': 'WMT', 'relevance_score': '0.723310', 'ticker_sentiment_score': '0.318178', 'ticker_sentiment_label': 'Somewhat-Bullish'}, {'ticker': 'AMZN', 'relevance_score': '0.628576', 'ticker_sentiment_score': '0.349268', 'ticker_sentiment_label': 'Somewhat-Bullish'}]"
Omnicom’s new supply chain tool adjusts media spend based on inventory,https://www.marketingdive.com/news/omnicom-media-spend-supply-chain-tool/624177/,20220523T121140,['Chris Kelly'],"Omnicom Media Group (OMG) has launched the Supply Chain IQ Score, a new tool designed to connect media spend with product availability. This tool uses data from over 80% of top U.S. retailers to help marketers adjust media investments based on physical, digital, and in-transit SKU inventory. The goal is to optimize media spend amid ongoing supply chain disruptions, allowing brands to shift focus to products with healthy inventory and high sales correlation, thereby improving ROI and meeting performance goals.",https://imgproxy.divecdn.com/9Ep1vG2kzpL4z0g5BYIPsTnXTax8lSYEmjxQ508DnZA/g:ce/rs:fill:1200:675:1/Z3M6Ly9kaXZlc2l0ZS1zdG9yYWdlL2RpdmVpbWFnZS8yMTA4MDVfVmlzaWJsZV9TQ01fRnVsZmlsbG1lbnRfQ2VudGVyXzFfTUIuanBn.webp,Marketing Dive,General,Marketing Dive,"[{'topic': 'retail_wholesale', 'relevance_score': '0.846745'}, {'topic': 'technology', 'relevance_score': '0.714280'}]",0.073993,Neutral,"[{'ticker': 'OMC', 'relevance_score': '1.000000', 'ticker_sentiment_score': '0.440972', 'ticker_sentiment_label': 'Bullish'}, {'ticker': 'CVS', 'relevance_score': '0.611468', 'ticker_sentiment_score': '-0.132313', 'ticker_sentiment_label': 'Neutral'}, {'ticker': 'TGT', 'relevance_score': '0.615500', 'ticker_sentiment_score': '-0.117314', 'ticker_sentiment_label': 'Neutral'}, {'ticker': 'AMZN', 'relevance_score': '0.622553', 'ticker_sentiment_score': '-0.121687', 'ticker_sentiment_label': 'Neutral'}]"
Amazon gains on UPS in package delivery volume,https://www.axios.com/2022/05/24/amazon-shipping-fedex-ups,20220523T121249,['Hope King'],"Amazon's package delivery business, Amazon Logistics, is rapidly gaining on UPS in terms of delivery volume, having already surpassed FedEx in 2020. While Amazon Logistics held a 22% share of the parcel delivery market by volume last year, its revenue share is significantly lower at 12% due to its Prime free shipping model. Amazon plans to invest $1 billion in other logistics companies to further its growth.",https://datawrapper.dwcdn.net/tKhJo/full.png,Axios,General,Axios,"[{'topic': 'retail_wholesale', 'relevance_score': '0.815316'}, {'topic': 'economy_macro', 'relevance_score': '0.732677'}]",0.119142,Neutral,"[{'ticker': 'PBI', 'relevance_score': '0.638839', 'ticker_sentiment_score': '0.148294', 'ticker_sentiment_label': 'Neutral'}, {'ticker': 'FDX', 'relevance_score': '0.819085', 'ticker_sentiment_score': '0.217782', 'ticker_sentiment_label': 'Somewhat-Bullish'}, {'ticker': 'UPS', 'relevance_score': '1.000000', 'ticker_sentiment_score': '-0.245347', 'ticker_sentiment_label': 'Somewhat-Bearish'}, {'ticker': 'AMZN', 'relevance_score': '1.000000', 'ticker_sentiment_score': '0.327504', 'ticker_sentiment_label': 'Somewhat-Bullish'}]"
Interxion pauses plans for $300 million expansion in Dublin,https://www.datacenterdynamics.com/en/news/interxion-pauses-plans-for-300-million-expansion-in-dublin/,20220523T163143,['Dan Swinhoe'],"Interxion has paused a $300 million expansion plan in Dublin due to a de facto moratorium placed on new data center developments in the greater Dublin area by EirGrid, Ireland's national grid operator. This moratorium, which could last until 2028, has led to calls for a nationwide ban and has prompted criticism from various industry bodies, despite local council efforts to prevent further data center construction. The situation highlights the growing pressure on Ireland's energy resources from data centers, which now consume 11 percent of the country's total grid-generated electricity.",,Data Center Dynamics,General,Data Center Dynamics,"[{'topic': 'real_estate', 'relevance_score': '0.901286'}, {'topic': 'technology', 'relevance_score': '0.805884'}, {'topic': 'economy_macro', 'relevance_score': '0.722100'}, {'topic': 'energy_transportation', 'relevance_score': '0.619077'}]",-0.166904,Somewhat-Bearish,"[{'ticker': 'DLR', 'relevance_score': '1.000000', 'ticker_sentiment_score': '-0.353558', 'ticker_sentiment_label': 'Bearish'}, {'ticker': 'AMZN', 'relevance_score': '0.643219', 'ticker_sentiment_score': '-0.149384', 'ticker_sentiment_label': 'Neutral'}, {'ticker': 'MSFT', 'relevance_score': '0.613984', 'ticker_sentiment_score': '-0.113962', 'ticker_sentiment_label': 'Neutral'}, {'ticker': 'GOOGL', 'relevance_score': '0.619244', 'ticker_sentiment_score': '-0.115210', 'ticker_sentiment_label': 'Neutral'}]"
Cleveland-Cliffs and TravelCenters of America return to Fortune 500,https://www.bizjournals.com/cleveland/news/2022/05/23/cleveland-cliffs-returns-to-fortune-500.html,20220523T172611,['Mary Vanac'],"Cleveland-Cliffs and TravelCenters of America have rejoined the Fortune 500 list. Walmart topped the overall list, followed by Amazon and Apple. The article also mentions other related business news.",,The Business Journals,General,The Business Journals,"[{'topic': 'retail_wholesale', 'relevance_score': '0.748732'}, {'topic': 'manufacturing', 'relevance_score': '0.903760'}, {'topic': 'financial_markets', 'relevance_score': '0.626802'}, {'topic': 'energy_transportation', 'relevance_score': '0.723046'}]",0.214291,Somewhat-Bullish,"[{'ticker': 'KEY', 'relevance_score': '0.731004', 'ticker_sentiment_score': '-0.117118', 'ticker_sentiment_label': 'Neutral'}, {'ticker': 'WMT', 'relevance_score': '0.629105', 'ticker_sentiment_score': '0.349171', 'ticker_sentiment_label': 'Somewhat-Bullish'}, {'ticker': 'AMZN', 'relevance_score': '0.616312', 'ticker_sentiment_score': '0.302713', 'ticker_sentiment_label': 'Somewhat-Bullish'}, {'ticker': 'AAPL', 'relevance_score': '0.640539', 'ticker_sentiment_score': '0.319520', 'ticker_sentiment_label': 'Somewhat-Bullish'}]"
Pitney Bowes Parcel Shipping Index Finds US Parcel Volume Reached Record High of 21.5 Billion in 2021,https://www.businesswire.com/news/home/20220523005364/en/Pitney-Bowes-Parcel-Shipping-Index-Finds-US-Parcel-Volume-Reached-Record-High-of-21.5-Billion-in-2021,20220523T180625,[],"The Pitney Bowes Parcel Shipping Index revealed that US parcel volume grew by six percent in 2021, reaching a record high of 21.5 billion parcels. Carrier revenues also increased significantly to $188 billion, up 16 percent from 2020. The report highlights the continued impact of the pandemic on shipping and logistics, forecasting further growth to 25-40 billion parcels by 2027.",,Business Wire,General,Business Wire,"[{'topic': 'retail_wholesale', 'relevance_score': '0.938244'}, {'topic': 'economy_macro', 'relevance_score': '0.837217'}, {'topic': 'earnings', 'relevance_score': '0.748993'}, {'topic': 'energy_transportation', 'relevance_score': '0.630914'}, {'topic': 'finance', 'relevance_score': '0.637683'}]",0.340473,Somewhat-Bullish,"[{'ticker': 'PBI', 'relevance_score': '1.000000', 'ticker_sentiment_score': '0.439371', 'ticker_sentiment_label': 'Bullish'}, {'ticker': 'UPS', 'relevance_score': '0.809618', 'ticker_sentiment_score': '0.343670', 'ticker_sentiment_label': 'Somewhat-Bullish'}, {'ticker': 'FDX', 'relevance_score': '0.713138', 'ticker_sentiment_score': '0.340496', 'ticker_sentiment_label': 'Somewhat-Bullish'}, {'ticker': 'AMZN', 'relevance_score': '0.610961', 'ticker_sentiment_score': '0.320615', 'ticker_sentiment_label': 'Somewhat-Bullish'}]"
Amazon.com Inc. delays hiring by months at new 1 million-square-foot facility in Clarksville,https://www.bizjournals.com/nashville/news/2022/05/24/amazon-clarksville-delay.html,20220524T114148,['Adam Sichko'],"Amazon.com Inc. has delayed hiring for its new 1 million-square-foot fulfillment center in Clarksville, Tennessee. The company is reportedly waiting to invest in manpower until there is a clear inbound supply of materials for the facility. This delay indicates a revised hiring schedule compared to initial plans.",https://media.bizj.us/view/img/11335027/amazon-fulfillment-kannapolis-mk009*900xx4490-2526-0-234.jpg,The Business Journals,General,The Business Journals,"[{'topic': 'retail_wholesale', 'relevance_score': '0.820486'}, {'topic': 'real_estate', 'relevance_score': '0.730676'}, {'topic': 'economy_macro', 'relevance_score': '0.627977'}]",-0.222142,Somewhat-Bearish,"[{'ticker': 'AMZN', 'relevance_score': '1.000000', 'ticker_sentiment_score': '-0.242199', 'ticker_sentiment_label': 'Somewhat-Bearish'}]"
Broadcom Inc in talks to acquire VMware: sources,https://www.taipeitimes.com/News/biz/archives/2022/05/24/2003778691,20220524T114313,['Bloomberg'],"Broadcom Inc. is reportedly in discussions to acquire cloud-computing company VMware Inc., a deal that would significantly expand the chipmaker's software presence. This potential acquisition aligns with CEO Hock Tan's strategy of diversifying Broadcom through software companies. VMware, valued at around US$40 billion, would provide Broadcom with greater access to the data center market, a critical area for growth.",https://img.taipeitimes.com/images/2022/05/24/P10-220524-331.jpg,Taipei Times,General,Taipei Times,"[{'topic': 'mergers_and_acquisitions', 'relevance_score': '1.000000'}, {'topic': 'technology', 'relevance_score': '0.918005'}]",0.209034,Somewhat-Bullish,"[{'ticker': 'AVGO', 'relevance_score': '1.000000', 'ticker_sentiment_score': '0.436764', 'ticker_sentiment_label': 'Bullish'}, {'ticker': 'AMZN', 'relevance_score': '0.743025', 'ticker_sentiment_score': '0.123553', 'ticker_sentiment_label': 'Neutral'}, {'ticker': 'AAPL', 'relevance_score': '0.642821', 'ticker_sentiment_score': '0.107691', 'ticker_sentiment_label': 'Neutral'}]"
Caterpillar To Expand Texas Manufacturing Facility,https://businessfacilities.com/caterpillar-to-expand-texas-manufacturing-facility/,20220524T114644,[],"Caterpillar Inc. is expanding its manufacturing plant in Schertz, Texas, with a $24 million investment in new equipment and the addition of 24 new jobs by 2026. This expansion will bring the total workforce to 169 jobs and a payroll exceeding $8 million, supported by a 10-year agreement with the Schertz Economic Development Corporation. The facility specializes in machining engine components for various Caterpillar products, reinforcing the company's commitment to the region.","https://spcdn.shortpixel.ai/spio/ret_img,q_cdnize,to_auto,s_webp:avif/businessfacilities.com/wp-content/uploads/2024/07/caterpillar-schertz.tx_.jpeg",Business Facilities,General,Business Facilities,"[{'topic': 'manufacturing', 'relevance_score': '0.936683'}, {'topic': 'economy_fiscal', 'relevance_score': '0.637490'}]",0.240732,Somewhat-Bullish,"[{'ticker': 'CAT', 'relevance_score': '1.000000', 'ticker_sentiment_score': '0.488344', 'ticker_sentiment_label': 'Bullish'}, {'ticker': 'AMZN', 'relevance_score': '0.630726', 'ticker_sentiment_score': '0.126962', 'ticker_sentiment_label': 'Neutral'}, {'ticker': 'SYY', 'relevance_score': '0.606297', 'ticker_sentiment_score': '0.109475', 'ticker_sentiment_label': 'Neutral'}]"
"How Amazon, Microsoft, Costco and more Seattle-area brands rank by reputation",https://www.bizjournals.com/seattle/news/2022/05/24/reputations-ranked-harris-axios-2022.html,20220524T114848,['J. Jennings Moss'],"Amazon ranked highest among Seattle-area companies in a recent Axios and Harris Poll survey assessing the reputations of the 100 most visible corporate brands in the U.S. Conversely, Costco, based in Issaquah, experienced a 17-place drop in the same survey. The article highlights how local companies performed in this national reputational ranking.",https://media.bizj.us/view/img/12224496/costco-sodo-seattle-01*900xx3760-2117-0-287.jpg,The Business Journals,General,The Business Journals,"[{'topic': 'retail_wholesale', 'relevance_score': '0.822361'}, {'topic': 'technology', 'relevance_score': '0.807029'}]",0.055848,Neutral,"[{'ticker': 'COST', 'relevance_score': '1.000000', 'ticker_sentiment_score': '-0.226603', 'ticker_sentiment_label': 'Somewhat-Bearish'}, {'ticker': 'AMZN', 'relevance_score': '0.920965', 'ticker_sentiment_score': '0.247178', 'ticker_sentiment_label': 'Somewhat-Bullish'}, {'ticker': 'MSFT', 'relevance_score': '0.708823', 'ticker_sentiment_score': '0.126183', 'ticker_sentiment_label': 'Neutral'}]"
Walmart Expanding Drone Delivery Network to Six States,https://www.wsj.com/business/retail/walmart-expanding-drone-delivery-network-to-six-states-11653401319?gaa_at=eafs&gaa_n=AWEtsqf_ppADGi4ObCIeoJS9Sbw5pnMii1YrX9RFt46IHYtzEcQ6jeYWgdmG&gaa_ts=699af9c3&gaa_sig=ecAnMjfOHb5ZwlWxWkK0L4twwmBYpVdmCVFDRbzpjPZ-Up5tkW_IvZBUGaSe_nvEQyoLxYfFFVg-gIvJqSNlHg%3D%3D,20220524T122745,['Will Feuer'],"Walmart is expanding its drone delivery network to serve approximately 4 million households across six states: Arizona, Arkansas, Florida, Texas, Utah, and Virginia. This initiative aims to compete with companies like Amazon and FedEx in the growing speedy delivery market. The service will deliver packages up to 10 pounds within 30 minutes for a $3.99 fee and projects over 1 million drone deliveries annually.",https://images.wsj.net/im-94233587?size=1.43,The Wall Street Journal,General,The Wall Street Journal,"[{'topic': 'retail_wholesale', 'relevance_score': '0.932862'}, {'topic': 'technology', 'relevance_score': '0.805245'}, {'topic': 'energy_transportation', 'relevance_score': '0.729930'}]",0.206234,Somewhat-Bullish,"[{'ticker': 'WMT', 'relevance_score': '1.000000', 'ticker_sentiment_score': '0.315511', 'ticker_sentiment_label': 'Somewhat-Bullish'}, {'ticker': 'AMZN', 'relevance_score': '0.715160', 'ticker_sentiment_score': '0.111041', 'ticker_sentiment_label': 'Neutral'}, {'ticker': 'FDX', 'relevance_score': '0.628591', 'ticker_sentiment_score': '0.114297', 'ticker_sentiment_label': 'Neutral'}]"
UGA honors companies that hired the most UGA grads,https://news.uga.edu/uga-honors-companies-that-hired-the-most-uga-grads/,20220524T173619,['Emily Ann Munnell'],"The University of Georgia recognized the top 25 employers of its Class of 2021 at an event in Sanford Stadium. These companies hired graduates across various industries, from technology and finance to retail and healthcare. UGA's Career Center provides resources for employers to connect with its diverse talent pool.",,UGA Today,General,UGA Today,"[{'topic': 'finance', 'relevance_score': '0.743450'}, {'topic': 'technology', 'relevance_score': '0.633269'}, {'topic': 'retail_wholesale', 'relevance_score': '0.632034'}]",0.432109,Bullish,"[{'ticker': 'MANH', 'relevance_score': '1.000000', 'ticker_sentiment_score': '0.415940', 'ticker_sentiment_label': 'Bullish'}, {'ticker': 'ACN', 'relevance_score': '0.803733', 'ticker_sentiment_score': '0.436099', 'ticker_sentiment_label': 'Bullish'}, {'ticker': 'AMZN', 'relevance_score': '0.708933', 'ticker_sentiment_score': '0.444242', 'ticker_sentiment_label': 'Bullish'}, {'ticker': 'BAC', 'relevance_score': '0.716724', 'ticker_sentiment_score': '0.410442', 'ticker_sentiment_label': 'Bullish'}, {'ticker': 'T', 'relevance_score': '0.720976', 'ticker_sentiment_score': '0.428366', 'ticker_sentiment_label': 'Bullish'}]"
Our verdict on the Garmin Instinct 2S GPS smartwatch,https://www.runnersworld.com/uk/gear/tech/a40104465/garmin-instinct-2/,20220525T115752,['Jenny Bozon'],"This review covers the Garmin Instinct 2S Solar smartwatch, highlighting its robust features, impressive battery life (especially the solar model), and comprehensive health and fitness tracking capabilities. The article notes its affordability compared to other high-end Garmin watches, praising its utility for keen runners and triathletes despite some limitations in music storage and advanced mapping.","https://hips.hearstapps.com/hmg-prod/images/garmin-instinct-2-lead-669684bad9e43.jpg?crop=0.502xw:1.00xh;0,0&resize=640:*",Runner's World,General,Runner's World,"[{'topic': 'technology', 'relevance_score': '1.000000'}]",0.281407,Somewhat-Bullish,"[{'ticker': 'GRMN', 'relevance_score': '1.000000', 'ticker_sentiment_score': '0.478971', 'ticker_sentiment_label': 'Bullish'}, {'ticker': 'AMZN', 'relevance_score': '0.628666', 'ticker_sentiment_score': '0.127833', 'ticker_sentiment_label': 'Neutral'}]"
Kroger Extends Its Delivery Reach in Ohio,https://progressivegrocer.com/kroger-extends-its-delivery-reach-ohio,20220525T120404,['Emily Crowe'],"Kroger is expanding its delivery network in Ohio with a new 61,000-square-foot facility in Lockbourne, powered by Ocado Group technology. This ""spoke"" facility will serve central Ohio and act as a last-mile cross-dock location, extending delivery services up to 200 miles. The expansion is expected to create 200 jobs and further Kroger's digital shopping experience, including the Boost by Kroger Plus service for customers.",https://assets1.progressivegrocer.com/images/v/max_width_1440/files/s3fs-public/2022-01/ocado.jpg,Progressive Grocer,General,Progressive Grocer,"[{'topic': 'retail_wholesale', 'relevance_score': '0.901934'}, {'topic': 'technology', 'relevance_score': '0.715444'}]",0.317522,Somewhat-Bullish,"[{'ticker': 'KR', 'relevance_score': '1.000000', 'ticker_sentiment_score': '0.488290', 'ticker_sentiment_label': 'Bullish'}, {'ticker': 'AMZN', 'relevance_score': '0.632327', 'ticker_sentiment_score': '0.115544', 'ticker_sentiment_label': 'Neutral'}]"
Zadara edge cloud surpasses 400 points of presence,https://www.blocksandfiles.com/block/2022/05/26/zadara-edge-cloud-surpasses-400-points-of-presence/1605604,20220526T100000,['Chris Mellor'],"Zadara, an edge cloud provider, has expanded its global presence to over 400 points of presence across 24 countries, partnering with more than 250 managed service providers. Despite falling short of its 2020 target of 1,000 locations by the end of 2021, the company claims to have more edge points of presence than other public clouds. Zadara offers compute, storage, and networking as managed services and has seen significant growth in revenue and customers, funding its expansion through its own revenues and over $60 million in venture funding.",https://image.blocksandfiles.com/126632.webp?imageId=126632&width=960&height=542&format=jpg,Blocks and Files,General,Blocks and Files,"[{'topic': 'technology', 'relevance_score': '1.000000'}, {'topic': 'ipo', 'relevance_score': '0.832338'}, {'topic': 'earnings', 'relevance_score': '0.735929'}]",0.101543,Neutral,"[{'ticker': 'KT', 'relevance_score': '0.941943', 'ticker_sentiment_score': '0.277818', 'ticker_sentiment_label': 'Somewhat-Bullish'}, {'ticker': 'HPE', 'relevance_score': '0.635798', 'ticker_sentiment_score': '0.126911', 'ticker_sentiment_label': 'Neutral'}, {'ticker': 'DELL', 'relevance_score': '0.649681', 'ticker_sentiment_score': '0.140289', 'ticker_sentiment_label': 'Neutral'}, {'ticker': 'STX', 'relevance_score': '0.604759', 'ticker_sentiment_score': '0.115919', 'ticker_sentiment_label': 'Neutral'}, {'ticker': 'AMZN', 'relevance_score': '0.552496', 'ticker_sentiment_score': '-0.134127', 'ticker_sentiment_label': 'Neutral'}]"
"After worst financial quarter in years, Amazon puts plans for large distribution center in Round Rock on hold",https://www.bizjournals.com/austin/news/2022/05/26/amazon-round-rock-distribution-center-hold.html,20220526T114149,['Justin Sayers'],"Amazon has decided to put plans for a large distribution center in Round Rock, near Austin, on hold. This decision comes after the e-commerce giant experienced its worst financial quarter in years and is looking to shrink its nationwide warehouse footprint. The move has local implications for the Austin area.",https://media.bizj.us/view/img/11442545/img1639*900xx4030-2264-0-760.jpg,The Business Journals,General,The Business Journals,"[{'topic': 'earnings', 'relevance_score': '0.925976'}, {'topic': 'retail_wholesale', 'relevance_score': '0.829475'}, {'topic': 'economy_macro', 'relevance_score': '0.724488'}, {'topic': 'real_estate', 'relevance_score': '0.729880'}, {'topic': 'technology', 'relevance_score': '0.616096'}]",0.027517,Neutral,"[{'ticker': 'AMZN', 'relevance_score': '0.308424', 'ticker_sentiment_score': '0.002150', 'ticker_sentiment_label': 'Neutral'}]"
100-megawatt Sunflower solar station unveiled in Mississippi Delta,https://www.clarionledger.com/story/news/2022/05/26/mississippi-solar-power-station-largest-sunflower-county-unveiled/9940755002/,20220526T122500,['Ross Reily'],"Entergy Mississippi unveiled the 100-megawatt Sunflower Solar Station, the state's largest solar power plant, in Sunflower County. This facility will power 16,000 homes and is the first step in Entergy's plan to add 1,000 megawatts of renewable energy over the next five years. The project highlights collaboration with Mississippi businesses and provides clean energy while offering a hedge against rising natural gas prices.",,The Clarion-Ledger,General,The Clarion-Ledger,"[{'topic': 'energy_transportation', 'relevance_score': '0.900429'}, {'topic': 'manufacturing', 'relevance_score': '0.710334'}, {'topic': 'real_estate', 'relevance_score': '0.626756'}]",0.407088,Bullish,"[{'ticker': 'CSIQ', 'relevance_score': '1.000000', 'ticker_sentiment_score': '0.423589', 'ticker_sentiment_label': 'Bullish'}, {'ticker': 'ETR', 'relevance_score': '0.919451', 'ticker_sentiment_score': '0.425700', 'ticker_sentiment_label': 'Bullish'}, {'ticker': 'AMZN', 'relevance_score': '0.613992', 'ticker_sentiment_score': '0.330738', 'ticker_sentiment_label': 'Somewhat-Bullish'}]"
Hyperion looks to slower growth for a helping hand,https://www.morningstar.com.au/funds/hyperion-looks-to-slower-growth-for-a-helping-hand,20220526T122915,['Lewis Jackson'],"Australia's largest growth manager, Hyperion, is betting on a counterintuitive outcome—an economic downturn and anemic growth—to revive its performance. Despite a 36% year-to-date loss, Hyperion's CIO Mark Arnold believes that high inflation and high interest rates are temporary and will retreat as the economy cools, providing a tailwind for growth stocks. The firm argues that its disruptive holdings, like Tesla and Amazon, will outperform in a cooler economy where growth is scarce, forcing capital allocators to invest in companies with double-digit earnings growth.",https://www.morningstar.com.au/_ipx/f_webp&q_100/https://cdn.morningstar.com.au/mca/s/images/mstar-default-logo-1x1.svg,Morningstar Australia,General,Morningstar Australia,"[{'topic': 'economy_monetary', 'relevance_score': '0.942478'}, {'topic': 'financial_markets', 'relevance_score': '0.844489'}, {'topic': 'economy_macro', 'relevance_score': '0.721124'}, {'topic': 'finance', 'relevance_score': '0.708380'}, {'topic': 'technology', 'relevance_score': '0.612679'}]",0.032622,Neutral,"[{'ticker': 'XYZ', 'relevance_score': '1.000000', 'ticker_sentiment_score': '-0.129331', 'ticker_sentiment_label': 'Neutral'}, {'ticker': 'TSLA', 'relevance_score': '0.939111', 'ticker_sentiment_score': '0.102948', 'ticker_sentiment_label': 'Neutral'}, {'ticker': 'AMZN', 'relevance_score': '0.729456', 'ticker_sentiment_score': '0.125510', 'ticker_sentiment_label': 'Neutral'}]"
Courts Are Not A Weapon: How Corporations Like Chevron Use The Law To Get Their Way,https://www.forbes.com/sites/morgansimon/2022/05/26/courts-are-not-a-weapon-how-corporations-like-chevron-use-the-law-to-get-their-way/,20220526T143000,['Morgan Simon'],"This article discusses how corporations like Chevron weaponize legal systems against activists and critics, exemplified by the case of Steven Donziger. It highlights the extensive legal battle between Chevron and Donziger, who secured a $9.5 billion settlement for environmental destruction in Ecuador, and details the subsequent corporate retaliation he faced. The piece advocates for shareholders, investors, and governments to promote corporate social responsibility and prevent the misuse of legal processes to suppress dissent, emphasizing a zero-tolerance approach to retaliation against human rights defenders.",https://imageio.forbes.com/width/960/gravity/northwest/assets/images/forbes_logo_dark.png,Forbes,General,Forbes,"[{'topic': 'finance', 'relevance_score': '0.823618'}, {'topic': 'economy_macro', 'relevance_score': '0.616613'}]",-0.52766,Bearish,"[{'ticker': 'CVX', 'relevance_score': '1.000000', 'ticker_sentiment_score': '-0.732941', 'ticker_sentiment_label': 'Bearish'}, {'ticker': 'AMZN', 'relevance_score': '0.607660', 'ticker_sentiment_score': '-0.341955', 'ticker_sentiment_label': 'Somewhat-Bearish'}]"
Coty launches first-ever Chloé Fragrances e-commerce store,https://retailasia.com/e-commerce/news/coty-launches-first-ever-chloe-fragrances-e-commerce-store,20220526T162655,['Staff Reporter'],"Coty Inc. has launched the first-ever Chloé Fragrances digital store in partnership with e-commerce platform Lazada. The digital store, hosted on LazMall Prestige, will feature Chloé Signature and Nomade lines, along with exclusive launch sets and will be supported by a digital marketing campaign and a live stream event. This move is part of Coty's strategy to expand its premium digital footprint across Southeast Asia, leveraging the growth in luxury e-commerce.",,Retail Asia,General,Retail Asia,"[{'topic': 'retail_wholesale', 'relevance_score': '0.904804'}, {'topic': 'technology', 'relevance_score': '0.708879'}, {'topic': 'finance', 'relevance_score': '0.647971'}]",0.403687,Bullish,"[{'ticker': 'COTY', 'relevance_score': '1.000000', 'ticker_sentiment_score': '0.464083', 'ticker_sentiment_label': 'Bullish'}, {'ticker': 'AMZN', 'relevance_score': '0.614308', 'ticker_sentiment_score': '0.317620', 'ticker_sentiment_label': 'Somewhat-Bullish'}]"
Tech Moves: Elizabeth Scallon departs Amazon for HP; Fauna hires marketing exec; and more,https://www.geekwire.com/2022/tech-moves-elizabeth-scallon-departs-amazon-for-hp-fauna-hires-marketing-exec-and-more/,20220527T091900,['Taylor Soper & Julie Emory'],"Elizabeth Scallon, a Seattle tech veteran from Amazon, has moved to HP as director of Incubation enablement. Fauna has hired John Novak as vice president of marketing, and Blueprint Technologies brought on Gary McMath as chief of growth. Several other tech companies, including NAVEX and Unbounce, also announced significant personnel changes across leadership roles in the Pacific Northwest tech community.",https://cdn.geekwire.com/wp-content/uploads/2022/04/scallon-1-630x574.jpeg,GeekWire,General,GeekWire,"[{'topic': 'technology', 'relevance_score': '1.000000'}]",0.14183,Neutral,"[{'ticker': 'HPQ', 'relevance_score': '0.892577', 'ticker_sentiment_score': '0.152171', 'ticker_sentiment_label': 'Somewhat-Bullish'}, {'ticker': 'AMZN', 'relevance_score': '0.673632', 'ticker_sentiment_score': '0.083012', 'ticker_sentiment_label': 'Neutral'}]"
Broadcom will tame the VMware beast,https://siliconangle.com/2022/05/27/broadcom-will-tame-vmware-beast/,20220527T114313,['Dave Vellante'],"Broadcom's planned acquisition of VMware for $61 billion signifies a new era for the virtualization leader, focusing on financial performance and shareholder value. The article details Broadcom's strategy of optimizing profitability by focusing on recurring revenue, cutting R&D and sales/marketing expenses for less profitable areas, and standardizing G&A. For customers, this likely means higher prices and a more focused product portfolio, with core offerings like vSphere being emphasized while less profitable or unproven ventures like Project Monterey face scrutiny.",https://d15shllkswkct0.cloudfront.net/wp-content/blogs.dir/1/files/2022/05/AdobeStock_365235358_Editorial_Use_Only.jpeg,SiliconANGLE,General,SiliconANGLE,"[{'topic': 'mergers_and_acquisitions', 'relevance_score': '1.000000'}, {'topic': 'technology', 'relevance_score': '0.909866'}, {'topic': 'financial_markets', 'relevance_score': '0.732710'}, {'topic': 'finance', 'relevance_score': '0.620088'}]",0.153303,Somewhat-Bullish,"[{'ticker': 'AVGO', 'relevance_score': '1.000000', 'ticker_sentiment_score': '0.307380', 'ticker_sentiment_label': 'Somewhat-Bullish'}, {'ticker': 'DELL', 'relevance_score': '0.748708', 'ticker_sentiment_score': '0.149513', 'ticker_sentiment_label': 'Neutral'}, {'ticker': 'MSFT', 'relevance_score': '0.611410', 'ticker_sentiment_score': '0.101599', 'ticker_sentiment_label': 'Neutral'}, {'ticker': 'AMZN', 'relevance_score': '0.630012', 'ticker_sentiment_score': '0.138320', 'ticker_sentiment_label': 'Neutral'}, {'ticker': 'ORCL', 'relevance_score': '0.554669', 'ticker_sentiment_score': '-0.070752', 'ticker_sentiment_label': 'Neutral'}]"
Putting Recent Market Volatility in Perspective,https://www.morningstar.com/portfolios/putting-recent-market-volatility-perspective,20220527T120652,"['Amy C. Arnott', 'CFA']","This article provides perspective on recent market volatility, noting that while 2022 has been a bumpy ride for investors with significant downturns in growth stocks and technology, such fluctuations are not historically uncommon. It examines the CBOE VIX Index and standard deviation data to show increased volatility, driven by inflation fears and rising interest rates, but emphasizes that market losses are a normal part of investing. The piece concludes by advising long-term investors to maintain their asset mix and avoid drastic changes unless retirement or significant near-term expenses necessitate a re-evaluation of their portfolio.",https://morningstar-morningstar-prod.web.arc-cdn.net/resizer/ApHB_5aASJa_bDloBOsJnKVSoqg=/2000x2000/author-service-images-prod-us-east-1.publishing.aws.arc.pub/morningstar/360a595b-3706-41f3-862d-b9d4d069160e.jpg,Morningstar,General,Morningstar,"[{'topic': 'financial_markets', 'relevance_score': '0.913481'}, {'topic': 'economy_monetary', 'relevance_score': '0.828020'}, {'topic': 'economy_macro', 'relevance_score': '0.712923'}]",-0.234886,Somewhat-Bearish,"[{'ticker': 'META', 'relevance_score': '0.822858', 'ticker_sentiment_score': '-0.218057', 'ticker_sentiment_label': 'Somewhat-Bearish'}, {'ticker': 'TSLA', 'relevance_score': '0.749972', 'ticker_sentiment_score': '-0.211171', 'ticker_sentiment_label': 'Somewhat-Bearish'}, {'ticker': 'NFLX', 'relevance_score': '0.708987', 'ticker_sentiment_score': '-0.214718', 'ticker_sentiment_label': 'Somewhat-Bearish'}, {'ticker': 'AMZN', 'relevance_score': '0.626085', 'ticker_sentiment_score': '-0.227160', 'ticker_sentiment_label': 'Somewhat-Bearish'}]"
How Chatbots are Revolutionizing Customer Experience,https://www.sify.com/ai-analytics/how-chatbots-are-revolutionizing-customer-experience/,20220527T121926,['Nigel Pereira'],"Modern AI-powered chatbots are transforming customer experience by handling various tasks from ordering taxis to booking appointments, driven by advancements in AI, Machine Learning, and Natural Language Processing (NLP). Unlike traditional rule-based bots, NLP allows chatbots to understand complex conversations, retain context, and interpret human sentiment by integrating with external knowledge sources. Conversational AI, built on neural networks, enables chatbots to learn and improve continuously, process vast amounts of unstructured data to predict user behavior, and perform repetitive tasks, making them indispensable for businesses and freeing up human employees for more complex issues.",https://www.sify.com/wp-content/uploads/2022/05/chatbots_ss-1024x490.jpg,INDOlink,General,INDOlink,"[{'topic': 'technology', 'relevance_score': '0.907074'}]",0.245995,Somewhat-Bullish,"[{'ticker': 'SIFY', 'relevance_score': '1.000000', 'ticker_sentiment_score': '0.207203', 'ticker_sentiment_label': 'Somewhat-Bullish'}, {'ticker': 'AMZN', 'relevance_score': '0.746443', 'ticker_sentiment_score': '0.244776', 'ticker_sentiment_label': 'Somewhat-Bullish'}, {'ticker': 'GOOG', 'relevance_score': '0.636235', 'ticker_sentiment_score': '0.204506', 'ticker_sentiment_label': 'Somewhat-Bullish'}, {'ticker': 'GOOGL', 'relevance_score': '0.610136', 'ticker_sentiment_score': '0.217838', 'ticker_sentiment_label': 'Somewhat-Bullish'}, {'ticker': 'AAPL', 'relevance_score': '0.730503', 'ticker_sentiment_score': '0.220743', 'ticker_sentiment_label': 'Somewhat-Bullish'}]"
GM steals executive back from Amazon to lead global workplace safety,https://www.freep.com/story/money/cars/general-motors/2022/05/27/gm-amazon-marcos-purty-workplace-safety-jim-glynn/9958810002/,20220527T163100,['Jamie L. LaReau'],"General Motors has appointed Marcos Purty as its new vice president of Global Workplace Safety, replacing the retiring Jim Glynn. Purty returns to GM from Amazon, bringing 25 years of prior experience with GM, including various leadership roles in manufacturing and strategy. His critical mandate will be to enhance workplace safety across all GM facilities and to support the company's transformation towards all-electric vehicles and carbon neutrality.",,Detroit Free Press,General,Detroit Free Press,"[{'topic': 'manufacturing', 'relevance_score': '0.920015'}, {'topic': 'energy_transportation', 'relevance_score': '0.746653'}]",0.24753,Somewhat-Bullish,"[{'ticker': 'GM', 'relevance_score': '1.000000', 'ticker_sentiment_score': '0.333800', 'ticker_sentiment_label': 'Somewhat-Bullish'}, {'ticker': 'AMZN', 'relevance_score': '0.613614', 'ticker_sentiment_score': '0.101448', 'ticker_sentiment_label': 'Neutral'}]"
Five Below opening location in East Setauket this summer,https://greaterlongisland.com/five-below-opening-location-in-east-setauket-this-summer/,20220527T164159,['Lon Cohen'],"Five Below is set to open a new store in East Setauket on July 1st, located in the Suffolk Plaza shopping center. The store will occupy approximately 20,000 square feet next to a future Amazon Fresh, in a space previously housing a Waldbaum’s grocery store. This new location will bring low-cost products to the community and is also hiring staff.",,Greater Long Island,General,Greater Long Island,"[{'topic': 'retail_wholesale', 'relevance_score': '0.803190'}, {'topic': 'real_estate', 'relevance_score': '0.729614'}]",0.441393,Bullish,"[{'ticker': 'FIVE', 'relevance_score': '1.000000', 'ticker_sentiment_score': '0.548225', 'ticker_sentiment_label': 'Bullish'}, {'ticker': 'AMZN', 'relevance_score': '0.744694', 'ticker_sentiment_score': '0.306652', 'ticker_sentiment_label': 'Somewhat-Bullish'}]"
Moderna CEO Joins List of Billionaires Committed to Philanthropy,https://www.biospace.com/moderna-ceo-to-donate-about-355-million-to-charities,20220527T174609,['Mark Terry'],"Moderna CEO Stéphane Bancel announced his plan to exercise 4.59 million stock options and donate the estimated $355 million in proceeds to charity, a process expected to take about a year. He cited a Jesuit background and the principle of servant leadership as motivations, and his intentions align with other billionaires like MacKenzie Scott, Bill Gates, and Warren Buffett who have pledged significant portions of their fortunes to philanthropy. Bancel emphasized transparency regarding these sales and confirmed he will be using a trading plan to mitigate impact on Moderna's stock price.",,BioSpace,General,BioSpace,"[{'topic': 'life_sciences', 'relevance_score': '0.937840'}, {'topic': 'finance', 'relevance_score': '0.838970'}]",0.210221,Somewhat-Bullish,"[{'ticker': 'MRNA', 'relevance_score': '1.000000', 'ticker_sentiment_score': '0.136286', 'ticker_sentiment_label': 'Neutral'}, {'ticker': 'AMZN', 'relevance_score': '0.621131', 'ticker_sentiment_score': '0.327943', 'ticker_sentiment_label': 'Somewhat-Bullish'}]"
Boeing will move global HQ to Arlington,https://virginiabusiness.com/boeing-will-move-global-hq-to-arlington/,20220529T114337,['Kate Andrews'],"Boeing announced its decision to relocate its global headquarters from Chicago to its existing campus in Arlington, Virginia. This move will make Boeing the largest defense contractor headquartered in Virginia, leveraging its proximity to government stakeholders and a skilled workforce. The company also plans to develop a research and technology hub in Arlington, supported by a significant gift to Virginia Tech.",https://virginiabusiness.com/files/1/2022/05/Va-Biz-Boeing-HQ_7013_web.jpg,Virginia Business,General,Virginia Business,"[{'topic': 'manufacturing', 'relevance_score': '0.886875'}, {'topic': 'economy_macro', 'relevance_score': '0.798134'}, {'topic': 'real_estate', 'relevance_score': '0.649931'}, {'topic': 'energy_transportation', 'relevance_score': '0.580332'}]",0.173664,Somewhat-Bullish,"[{'ticker': 'BA', 'relevance_score': '1.000000', 'ticker_sentiment_score': '0.328560', 'ticker_sentiment_label': 'Somewhat-Bullish'}, {'ticker': 'AMZN', 'relevance_score': '0.619540', 'ticker_sentiment_score': '0.144474', 'ticker_sentiment_label': 'Neutral'}, {'ticker': 'LDOS', 'relevance_score': '0.649345', 'ticker_sentiment_score': '0.140236', 'ticker_sentiment_label': 'Neutral'}, {'ticker': 'KMX', 'relevance_score': '0.610938', 'ticker_sentiment_score': '0.127510', 'ticker_sentiment_label': 'Neutral'}, {'ticker': 'CSGP', 'relevance_score': '0.625332', 'ticker_sentiment_score': '0.104617', 'ticker_sentiment_label': 'Neutral'}]"
Industry backs Lloyd’s of London’s $465m DXC Technology contract extension,https://www.insurancetimes.co.uk/news/industry-backs-lloyds-of-londons-465m-dxc-technology-contract-extension/1441301.article,20220530T134400,['Clare Ruel'],"The insurance industry has largely welcomed Lloyd’s of London's $465 million contract extension with DXC Technology, viewing it as a crucial step towards digital transformation. This agreement aims to modernize Lloyd's IT systems by transitioning around 400 London market insurance companies to a cloud-native digital platform running on Amazon Web Services. This move is expected to significantly improve speed, efficiency, and operational resilience, transforming the market from a paper-based system to a data-focused, automated, and cost-efficient one.",https://d17mj6xr9uykrr.cloudfront.net/Pictures/620x413/2/5/7/119257_gettyimages1066484598_192572.jpg,Insurance Times,General,Insurance Times,"[{'topic': 'finance', 'relevance_score': '0.802687'}, {'topic': 'technology', 'relevance_score': '0.707247'}]",0.366531,Bullish,"[{'ticker': 'DXC', 'relevance_score': '1.000000', 'ticker_sentiment_score': '0.439747', 'ticker_sentiment_label': 'Bullish'}, {'ticker': 'AMZN', 'relevance_score': '0.601889', 'ticker_sentiment_score': '0.338191', 'ticker_sentiment_label': 'Somewhat-Bullish'}]"
iRobot Unveils iRobot OS - The Most Thoughtfully Intelligent Operating System for the Home,https://www.prnewswire.com/news-releases/irobot-unveils-irobot-os--the-most-thoughtfully-intelligent-operating-system-for-the-home-301556841.html,20220531T070000,[],"iRobot has launched iRobot OS, a new operating system that enhances the intelligence of its home robots. This OS integrates advanced computer vision and machine learning to offer features like improved pet-centric cleaning, object avoidance, and enhanced voice command capabilities for Roomba j7 and j7+ robot vacuums. iRobot OS is designed to make robot cleaning more effective and adapt to user preferences and home environments.",,PR Newswire,General,PR Newswire,"[{'topic': 'technology', 'relevance_score': '1.000000'}, {'topic': 'retail_wholesale', 'relevance_score': '0.748966'}]",0.251894,Somewhat-Bullish,"[{'ticker': 'IRBT', 'relevance_score': '1.000000', 'ticker_sentiment_score': '0.536786', 'ticker_sentiment_label': 'Bullish'}, {'ticker': 'AMZN', 'relevance_score': '0.647392', 'ticker_sentiment_score': '0.139502', 'ticker_sentiment_label': 'Neutral'}, {'ticker': 'GOOGL', 'relevance_score': '0.570134', 'ticker_sentiment_score': '0.119235', 'ticker_sentiment_label': 'Neutral'}]"
American Eagle’s Quiet Platforms partners with global shipper Pitney Bowes,https://www.freightwaves.com/news/american-eagles-quiet-platforms-partners-with-global-shipper-pitney-bowes,20220531T121249,['Jack Daleo'],"American Eagle's logistics platform, Quiet Platforms, has partnered with global shipper Pitney Bowes to enhance its delivery and fulfillment capabilities. This collaboration aims to offer faster delivery services and logistics to its network of retailers and brands, strengthening Quiet Platforms' position as an ""anti-Amazon"" open-sharing logistics model. The partnership will leverage Pitney Bowes' Designed Delivery service to customize delivery networks for Quiet Platforms' clients like Steve Madden, Kohl’s, and Peloton.","https://freightwaves.b-cdn.net/wp-content/uploads/2022/05/shutterstock_323353280.jpg?resize=970,546&width=970&height=546",FreightWaves,General,FreightWaves,"[{'topic': 'retail_wholesale', 'relevance_score': '0.803515'}, {'topic': 'mergers_and_acquisitions', 'relevance_score': '0.728905'}, {'topic': 'energy_transportation', 'relevance_score': '0.734355'}]",0.116001,Neutral,"[{'ticker': 'PBI', 'relevance_score': '0.974585', 'ticker_sentiment_score': '0.324072', 'ticker_sentiment_label': 'Somewhat-Bullish'}, {'ticker': 'AMZN', 'relevance_score': '0.725002', 'ticker_sentiment_score': '-0.107228', 'ticker_sentiment_label': 'Neutral'}, {'ticker': 'WMT', 'relevance_score': '0.602067', 'ticker_sentiment_score': '0.124125', 'ticker_sentiment_label': 'Neutral'}, {'ticker': 'UBER', 'relevance_score': '0.570421', 'ticker_sentiment_score': '0.053726', 'ticker_sentiment_label': 'Neutral'}]"
"ZIM Logistics China (ZLC), Ladingo and ZIM Announce the Launch of ZL MAX™ - a New Service Package for Amazon Sellers and eCommerce Businesses",https://www.prnewswire.com/il/news-releases/zim-logistics-china-zlc-ladingo-and-zim-announce-the-launch-of-zl-max-tm-a-new-service-package-for-amazon-sellers-and-ecommerce-businesses-847163262.html,20220531T122922,[],"ZIM Logistics China (ZLC), Ladingo, and ZIM Integrated Shipping Services have partnered to launch ZL MAX™, a new comprehensive service package designed for Amazon sellers and eCommerce businesses operating on the China-US West Coast trade route. This service provides end-to-end logistics, including a dedicated digital platform from Ladingo for instant quotes and LCL shipment booking, and leverages ZIM's eCommerce Xpress Service for fast transit times. The collaboration aims to offer reliable, digital, and efficient cross-border shipping solutions amidst growing eCommerce demand and supply chain challenges.",https://mma.prnewswire.com/media/1828702/ZIM_Logistics_China.jpg,PR Newswire,General,PR Newswire,"[{'topic': 'retail_wholesale', 'relevance_score': '0.820969'}, {'topic': 'energy_transportation', 'relevance_score': '0.716450'}, {'topic': 'technology', 'relevance_score': '0.633119'}]",0.354635,Bullish,"[{'ticker': 'ZIM', 'relevance_score': '1.000000', 'ticker_sentiment_score': '0.429225', 'ticker_sentiment_label': 'Bullish'}, {'ticker': 'AMZN', 'relevance_score': '0.713403', 'ticker_sentiment_score': '0.339353', 'ticker_sentiment_label': 'Somewhat-Bullish'}]"
