title,url,time_published,authors,summary,banner_image,source,category_within_source,source_domain,topics,overall_sentiment_score,overall_sentiment_label,ticker_sentiment
Ad-Tech Company AdTheorent Reaches $1 Billion SPAC Deal to Go Public,https://www.wsj.com/business/deals/ad-tech-company-adtheorent-nears-1-billion-spac-deal-to-go-public-11627334120?gaa_at=eafs&gaa_n=AWEtsqe8hg74w7O3lupY9UfSYMxe3nBkfWvokSaZW0XnTGFkmWqE_yaK9XXv&gaa_ts=6907c1da&gaa_sig=XOnqCkRvYRTQpOpdlK15yfaPRMKkd_y5gvWms_GCVKMI8E1LBMs98ks7FhjHG_QeGHiV0mzwRuGzPrnz9n50HQ%3D%3D,20210101T000000,['Amrith Ramkumar'],"Ad-Tech Company AdTheorent is nearing a SPAC deal valued at approximately $1 billion to go public. The firm, which uses machine learning to optimize advertising campaigns without relying on sensitive personal data, joins other digital advertising companies in leveraging SPACs for public listing. This move allows AdTheorent to bypass the traditional IPO process.",,The Wall Street Journal,General,The Wall Street Journal,"[{'topic': 'ipo', 'relevance_score': '0.946594'}, {'topic': 'mergers_and_acquisitions', 'relevance_score': '0.825056'}, {'topic': 'technology', 'relevance_score': '0.721925'}]",0.131124,Neutral,"[{'ticker': 'IAS', 'relevance_score': '0.347095', 'ticker_sentiment_score': '0.022033', 'ticker_sentiment_label': 'Neutral'}, {'ticker': 'TTD', 'relevance_score': '0.639767', 'ticker_sentiment_score': '0.199340', 'ticker_sentiment_label': 'Somewhat-Bullish'}, {'ticker': 'META', 'relevance_score': '0.607868', 'ticker_sentiment_score': '0.192342', 'ticker_sentiment_label': 'Somewhat-Bullish'}, {'ticker': 'GOOGL', 'relevance_score': '0.562552', 'ticker_sentiment_score': '0.166066', 'ticker_sentiment_label': 'Somewhat-Bullish'}, {'ticker': 'AMZN', 'relevance_score': '0.598905', 'ticker_sentiment_score': '0.187943', 'ticker_sentiment_label': 'Somewhat-Bullish'}]"
India's e-commerce sector sees big growth in 2021,https://m.economictimes.com/tech/technology/indias-e-commerce-sector-sees-big-growth-in-2021/articleshow/80055318.cms,20210101T115241,"['Alnoor Peermohamed', 'ETtech']","India's online retail sector experienced only 7-8% growth in 2020, significantly less than the 20% seen in the US and China, due to lockdown impacts and an economic slowdown. However, major players like Amazon and Flipkart anticipate strong sales growth in 2021, driven by new online shoppers and increased spending in sectors like online grocery and e-pharmacy. The industry also expects continued consolidation and momentum in investments for social commerce and live streaming.","https://img.etimg.com/thumb/width-650,height-488,imgsize-1616412,resizemode-75,msid-80055316/tech/technology/indias-e-commerce-sector-sees-big-growth-in-2021/e-commerce-year-ender-online_retailers.jpg",The Economic Times,General,The Economic Times,"[{'topic': 'retail_wholesale', 'relevance_score': '0.826842'}, {'topic': 'economy_macro', 'relevance_score': '0.710282'}, {'topic': 'technology', 'relevance_score': '0.631402'}, {'topic': 'finance', 'relevance_score': '0.615538'}]",0.16625,Somewhat-Bullish,"[{'ticker': 'FORR', 'relevance_score': '0.326089', 'ticker_sentiment_score': '0.007340', 'ticker_sentiment_label': 'Neutral'}, {'ticker': 'AMZN', 'relevance_score': '0.929279', 'ticker_sentiment_score': '0.326778', 'ticker_sentiment_label': 'Somewhat-Bullish'}]"
"Playa Vista Amazon, Chick-Fil-A Get $168 Million Loan",https://labusinessjournal.com/real-estate/playa-vista-amazon-chick-fil-get-168m-loan/,20210104T012148,['Hannah Welk'],"A Playa Vista Amazon.com Inc. facility and a Chick-Fil-A location have secured a $168 million permanent refinance loan from Citi, following a previous $110 million bridge refinancing. George Smith Partners’ Antonio Hachem facilitated both financings for the property, which spans 12.5 acres and was previously an auto dealership mall. This transaction highlights Amazon's ongoing real estate expansion, including another recent acquisition in Torrance.",https://labusinessjournal.com/wp-content/uploads/2021/11/Amazon_-_FINfacts_aerial_1-696x462.png,Los Angeles Business Journal,General,Los Angeles Business Journal,"[{'topic': 'real_estate', 'relevance_score': '0.946088'}, {'topic': 'finance', 'relevance_score': '0.836874'}, {'topic': 'retail_wholesale', 'relevance_score': '0.711507'}, {'topic': 'technology', 'relevance_score': '0.639675'}]",0.026607,Neutral,"[{'ticker': 'AMZN', 'relevance_score': '0.311832', 'ticker_sentiment_score': '0.013816', 'ticker_sentiment_label': 'Neutral'}]"
Google employees form union in rare move for a US tech giant,https://www.aljazeera.com/economy/2021/1/4/google-employees-unionize-in-rare-move-for-a-us-tech-giant,20210104T014012,"['Josh Eidelson', 'Bloomberg']","Employees of Google and its parent company, Alphabet, have formed a new union called the Alphabet Workers Union, in a rare move for a major US technology company. The union, supported by the Communications Workers of America (CWA), aims to address issues like compensation, employee classification, and the types of work Google undertakes. This initiative follows years of workplace confrontations and dismissals of employee concerns by executives.",https://www.aljazeera.com/wp-content/uploads/2021/01/367026586.jpg?resize=770%2C513&quality=80,Al Jazeera,General,Al Jazeera,"[{'topic': 'technology', 'relevance_score': '1.000000'}, {'topic': 'finance', 'relevance_score': '0.634505'}]",-0.074347,Neutral,"[{'ticker': 'GOOGL', 'relevance_score': '1.000000', 'ticker_sentiment_score': '-0.246447', 'ticker_sentiment_label': 'Somewhat-Bearish'}, {'ticker': 'GOOG', 'relevance_score': '0.965360', 'ticker_sentiment_score': '-0.231553', 'ticker_sentiment_label': 'Somewhat-Bearish'}, {'ticker': 'AMZN', 'relevance_score': '0.626100', 'ticker_sentiment_score': '0.143038', 'ticker_sentiment_label': 'Neutral'}, {'ticker': 'AAPL', 'relevance_score': '0.568978', 'ticker_sentiment_score': '0.169283', 'ticker_sentiment_label': 'Somewhat-Bullish'}]"
Top Tips and Tricks for Amazon 3rd Party Sellers,https://www.hp.com/us-en/shop/tech-takes/amazon-third-party-sellers-tips-tricks,20210104T014214,['Linsey Knerl'],"This article provides ten essential tips for Amazon third-party sellers looking to boost sales and maintain momentum on the platform. Key advice includes diversifying marketing efforts beyond Amazon, strategically choosing product niches, understanding customer needs, and focusing on excellent customer service and seller ratings. It also emphasizes the importance of managing inventory, actively seeking reviews, and being open to alternative selling platforms if Amazon doesn't yield desired results.",https://store.hp.com/app/assets/images/uploads/prod/amazon-third-party-sellers-tips-tricks1608224260222397.jpg,HP,General,HP,"[{'topic': 'retail_wholesale', 'relevance_score': '0.887945'}, {'topic': 'technology', 'relevance_score': '0.801147'}]",0.124065,Neutral,"[{'ticker': 'HPQ', 'relevance_score': '0.300009', 'ticker_sentiment_score': '0.036577', 'ticker_sentiment_label': 'Neutral'}, {'ticker': 'AMZN', 'relevance_score': '1.000000', 'ticker_sentiment_score': '0.272159', 'ticker_sentiment_label': 'Somewhat-Bullish'}, {'ticker': 'EBAY', 'relevance_score': '0.611313', 'ticker_sentiment_score': '0.128638', 'ticker_sentiment_label': 'Neutral'}]"
"Closely watched healthcare play by Amazon, JPMorgan and Berkshire Hathaway to shutter",https://www.fiercehealthcare.com/tech/closely-watched-healthcare-play-by-amazon-j-p-morgan-and-berkshire-hathaway-shutters,20210104T014614,['Tina Reed'],"Haven, the ambitious healthcare venture created by Amazon, JPMorgan Chase, and Berkshire Hathaway, is set to shut down by the end of February. The company, which aimed to tackle healthcare complexity and costs, had garnered significant attention but also saw executive departures and few public achievements. Many of its 60 employees are expected to be absorbed by the founding companies, which will continue their individual healthcare initiatives.",,Fierce Healthcare,General,Fierce Healthcare,"[{'topic': 'life_sciences', 'relevance_score': '0.930647'}, {'topic': 'technology', 'relevance_score': '0.843666'}, {'topic': 'finance', 'relevance_score': '0.718456'}]",0.067261,Neutral,"[{'ticker': 'JPM', 'relevance_score': '1.000000', 'ticker_sentiment_score': '-0.235409', 'ticker_sentiment_label': 'Somewhat-Bearish'}, {'ticker': 'AMZN', 'relevance_score': '0.921598', 'ticker_sentiment_score': '-0.246514', 'ticker_sentiment_label': 'Somewhat-Bearish'}, {'ticker': 'UNH', 'relevance_score': '0.621762', 'ticker_sentiment_score': '0.348220', 'ticker_sentiment_label': 'Somewhat-Bullish'}, {'ticker': 'CVS', 'relevance_score': '0.557509', 'ticker_sentiment_score': '0.271697', 'ticker_sentiment_label': 'Somewhat-Bullish'}]"
"Discovery Plus Launches on Multiple Platforms, Including Roku and Amazon Fire TV",https://variety.com/2021/tv/news/discovery-plus-roku-fire-tv-smart-tv-1234878232/,20210104T020027,['Joe Otterson'],"Discovery Plus has officially launched in the U.S. and is now available on a wide array of platforms, including Roku, Amazon Fire TV, Apple devices, Google devices, Microsoft Xbox, and Samsung Smart TVs. This broad availability is part of Discovery's strategy to make its real-life entertainment content accessible everywhere, leveraging strong partnerships with leading distributors. The launch follows deals with Vodafone, Verizon, and Sky, expanding its reach across the U.S., U.K., and European territories.",https://variety.com/wp-content/uploads/2020/12/discovery-plus-logo.jpg?w=1000&h=667&crop=1,Variety,General,Variety,"[{'topic': 'technology', 'relevance_score': '0.827593'}]",0.26024,Somewhat-Bullish,"[{'ticker': 'ROKU', 'relevance_score': '0.929536', 'ticker_sentiment_score': '0.335922', 'ticker_sentiment_label': 'Somewhat-Bullish'}, {'ticker': 'AMZN', 'relevance_score': '0.637022', 'ticker_sentiment_score': '0.272788', 'ticker_sentiment_label': 'Somewhat-Bullish'}, {'ticker': 'AAPL', 'relevance_score': '0.640451', 'ticker_sentiment_score': '0.273409', 'ticker_sentiment_label': 'Somewhat-Bullish'}, {'ticker': 'CMCSA', 'relevance_score': '0.569480', 'ticker_sentiment_score': '0.212114', 'ticker_sentiment_label': 'Somewhat-Bullish'}, {'ticker': 'VZ', 'relevance_score': '0.570633', 'ticker_sentiment_score': '0.236770', 'ticker_sentiment_label': 'Somewhat-Bullish'}]"
Our Beauty Director Shares Her Tips for Combatting Winter Skin,https://www.womenshealthmag.com/beauty/a34852201/our-beauty-directors-expert-tips-and-picks-for-winter-skin-concerns/,20210104T020732,['Maya McDowell'],"Women’s Health Beauty Director Kristina Rodulfo provides expert tips and product recommendations from Ulta Beauty to combat common winter skin issues like dryness, redness, and flaking. Her advice includes double-cleansing, using hydrating mists, incorporating niacinamide serums for skin barrier support, and layering rich moisturizers. She also emphasizes the importance of eye cream for the delicate skin around the eyes.","https://hips.hearstapps.com/vidthumb/f296a5c3-8a83-461d-9e54-a8da3eb5cc4e/d3784e17-e851-46b0-b65b-c182179adeca.jpg?crop=0.5xw:1xh;center,top&resize=640:*",Women's Health,General,Women's Health,"[{'topic': 'retail_wholesale', 'relevance_score': '0.829513'}]",0.30337,Somewhat-Bullish,"[{'ticker': 'ULTA', 'relevance_score': '0.915743', 'ticker_sentiment_score': '0.323212', 'ticker_sentiment_label': 'Somewhat-Bullish'}, {'ticker': 'AMZN', 'relevance_score': '0.602340', 'ticker_sentiment_score': '0.303951', 'ticker_sentiment_label': 'Somewhat-Bullish'}]"
"SpaceX, L3Harris pursue hypersonic missile defense system",https://www.upi.com/Science_News/2021/01/04/SpaceX-L3Harris-pursue-hypersonic-missile-defense-system/7351609794347/,20210104T052200,['Paul Brinkmann'],"SpaceX and L3Harris Technologies have secured contracts to develop a space-based defense network aimed at countering hypersonic missiles. This initiative, driven by escalating threats from Russia and China, involves the rapid deployment of numerous satellites for detection and communication. The project emphasizes collaboration among competing firms and a more efficient, high-volume approach to satellite production.",https://cdnph.upi.com/svc/sv/upi/7351609794347/2021/1/81062c723a4cd55b4333980cf221096b/SpaceX-L3Harris-pursue-hypersonic-missile-defense-system.jpg,UPI.com,General,UPI.com,"[{'topic': 'technology', 'relevance_score': '0.848293'}]",0.214131,Somewhat-Bullish,"[{'ticker': 'LHX', 'relevance_score': '0.926249', 'ticker_sentiment_score': '0.308507', 'ticker_sentiment_label': 'Somewhat-Bullish'}, {'ticker': 'LMT', 'relevance_score': '0.724724', 'ticker_sentiment_score': '0.209312', 'ticker_sentiment_label': 'Somewhat-Bullish'}, {'ticker': 'AMZN', 'relevance_score': '0.639815', 'ticker_sentiment_score': '0.140752', 'ticker_sentiment_label': 'Neutral'}]"
"Why Apple became a $2 trillion company in 2020, and what could come next",https://www.cnbc.com/2021/01/04/whats-next-after-the-year-apple-became-a-2-trillion-company-wall-stree.html,20210104T085900,['Eric Rosenbaum'],"Apple's market valuation soared to over $2 trillion in 2020, largely due to a significant re-rating of its services business by investors, which now accounts for roughly half of its total value. While the iPhone remains crucial, the company faces challenges with its streaming content, risks to its Google search licensing revenue, and an undefined strategy for the EV market. Analysts are optimistic about continued growth, but some caution about the stock's valuation, given the service's growth rate and potential threats to key revenue streams like the Google licensing deal and App Store commissions.",https://image.cnbcfm.com/api/v1/image/107350279-1703108110784-gettyimages-1021934886-BZXXMODULAR_0823_hc_087.jpeg?v=1703261921&w=600&h=300&vtcrop=y,CNBC,General,CNBC,"[{'topic': 'technology', 'relevance_score': '0.938009'}, {'topic': 'financial_markets', 'relevance_score': '0.837392'}, {'topic': 'earnings', 'relevance_score': '0.705154'}, {'topic': 'finance', 'relevance_score': '0.609089'}]",0.136968,Neutral,"[{'ticker': 'AAPL', 'relevance_score': '1.000000', 'ticker_sentiment_score': '0.420760', 'ticker_sentiment_label': 'Bullish'}, {'ticker': 'MSFT', 'relevance_score': '0.619837', 'ticker_sentiment_score': '0.139753', 'ticker_sentiment_label': 'Neutral'}, {'ticker': 'GOOGL', 'relevance_score': '0.700984', 'ticker_sentiment_score': '-0.228600', 'ticker_sentiment_label': 'Somewhat-Bearish'}, {'ticker': 'AMZN', 'relevance_score': '0.629597', 'ticker_sentiment_score': '0.122853', 'ticker_sentiment_label': 'Neutral'}]"
"Haven, the Amazon-Berkshire-JPMorgan venture to disrupt health care, is disbanding after 3 years",https://www.cnbc.com/2021/01/04/haven-the-amazon-berkshire-jpmorgan-venture-to-disrupt-healthcare-is-disbanding-after-3-years.html,20210104T122100,['Hugh Son'],"Haven, the joint venture formed by Amazon, Berkshire Hathaway, and JPMorgan Chase to revolutionize healthcare, is disbanding after three years. Many of its 57 employees are expected to be placed within the founding companies, which will continue to pursue individual healthcare initiatives and collaborate informally. The closure highlights the significant challenges of disrupting the complex U.S. healthcare system.",,CNBC,General,CNBC,"[{'topic': 'life_sciences', 'relevance_score': '0.903166'}, {'topic': 'finance', 'relevance_score': '0.703228'}]",0.11649,Neutral,"[{'ticker': 'JPM', 'relevance_score': '1.000000', 'ticker_sentiment_score': '-0.125515', 'ticker_sentiment_label': 'Neutral'}, {'ticker': 'AMZN', 'relevance_score': '0.932100', 'ticker_sentiment_score': '-0.103755', 'ticker_sentiment_label': 'Neutral'}, {'ticker': 'UNH', 'relevance_score': '0.628571', 'ticker_sentiment_score': '0.331506', 'ticker_sentiment_label': 'Somewhat-Bullish'}, {'ticker': 'HUM', 'relevance_score': '0.630763', 'ticker_sentiment_score': '0.338805', 'ticker_sentiment_label': 'Somewhat-Bullish'}]"
Low Inflation? Asset Prices at Record Highs Suggests Otherwise,https://www.usfunds.com/resource/low-inflation-asset-prices-at-record-highs-suggests-otherwise/,20210104T202229,['Frank Holmes'],"Frank Holmes argues that official low inflation figures do not reflect the reality of soaring asset and commodity prices. He highlights significant increases in gold, Bitcoin, food, lumber, and copper prices, attributing these rises to massive government stimulus and easy monetary policy. Holmes suggests that investors should be critical of media biases and consider holding hard assets as stores of value given concerns about currency debasement.",,USFunds,General,USFunds,"[{'topic': 'economy_monetary', 'relevance_score': '0.943671'}, {'topic': 'financial_markets', 'relevance_score': '0.837166'}, {'topic': 'blockchain', 'relevance_score': '0.746776'}, {'topic': 'real_estate', 'relevance_score': '0.621420'}, {'topic': 'economy_macro', 'relevance_score': '0.623471'}]",0.231244,Somewhat-Bullish,"[{'ticker': 'GROW', 'relevance_score': '0.300893', 'ticker_sentiment_score': '0.026433', 'ticker_sentiment_label': 'Neutral'}, {'ticker': 'TSLA', 'relevance_score': '0.741972', 'ticker_sentiment_score': '0.355719', 'ticker_sentiment_label': 'Bullish'}, {'ticker': 'AMZN', 'relevance_score': '0.620423', 'ticker_sentiment_score': '0.137418', 'ticker_sentiment_label': 'Neutral'}, {'ticker': 'FCX', 'relevance_score': '0.836526', 'ticker_sentiment_score': '0.331597', 'ticker_sentiment_label': 'Somewhat-Bullish'}, {'ticker': 'NEM', 'relevance_score': '0.623377', 'ticker_sentiment_score': '0.212861', 'ticker_sentiment_label': 'Somewhat-Bullish'}]"
"Amazon, Berkshire and JPMorgan Will End Joint Health Care Venture (Published 2021)",https://www.nytimes.com/2021/01/04/business/haven-amazon-berkshire-hathaway-jpmorgan.html,20210104T203643,['Emily Flitter and Karen Weise'],"The joint venture Haven, formed by Amazon, Berkshire Hathaway, and JPMorgan Chase to innovate health care delivery for their employees, is disbanding at the end of February, three years after its inception. The initiative, which aimed to disrupt the health care industry by leveraging the scale of three large employers, faced logistical hurdles in developing solutions applicable to all three companies. This quiet dissolution marks the end of a high-profile collaboration that once sent shock waves through the health insurance sector.",,The New York Times,General,The New York Times,"[{'topic': 'life_sciences', 'relevance_score': '0.934759'}, {'topic': 'finance', 'relevance_score': '0.727635'}, {'topic': 'mergers_and_acquisitions', 'relevance_score': '0.620828'}]",-0.124728,Neutral,"[{'ticker': 'JPM', 'relevance_score': '0.951973', 'ticker_sentiment_score': '-0.289630', 'ticker_sentiment_label': 'Somewhat-Bearish'}, {'ticker': 'AMZN', 'relevance_score': '0.911986', 'ticker_sentiment_score': '-0.235604', 'ticker_sentiment_label': 'Somewhat-Bearish'}, {'ticker': 'UNH', 'relevance_score': '0.619588', 'ticker_sentiment_score': '0.118094', 'ticker_sentiment_label': 'Neutral'}, {'ticker': 'CVS', 'relevance_score': '0.572810', 'ticker_sentiment_score': '0.071896', 'ticker_sentiment_label': 'Neutral'}]"
Gyms aren’t coming back. Here’s how you’ll work out in the future,https://www.fastcompany.com/90587575/gyms-arent-coming-back-heres-how-youll-work-out-in-the-future/,20210104T210229,['Elizabeth Segran'],"The COVID-19 pandemic has accelerated a shift towards at-home fitness, with a significant percentage of Americans not planning to return to physical gyms. Companies like Peloton have seen massive growth, and new business models are emerging where instructors have more autonomy, and gyms may need to rebrand as social clubs to stay relevant. The future of fitness is expected to be a hybrid approach, combining home workouts, outdoor activities, and potentially social-focused gym experiences.",,Fast Company,General,Fast Company,"[{'topic': 'retail_wholesale', 'relevance_score': '0.816597'}, {'topic': 'technology', 'relevance_score': '0.724633'}, {'topic': 'economy_macro', 'relevance_score': '0.614478'}, {'topic': 'finance', 'relevance_score': '0.632815'}]",0.144555,Neutral,"[{'ticker': 'PLNT', 'relevance_score': '0.908232', 'ticker_sentiment_score': '0.021535', 'ticker_sentiment_label': 'Neutral'}, {'ticker': 'LULU', 'relevance_score': '0.828308', 'ticker_sentiment_score': '0.240334', 'ticker_sentiment_label': 'Somewhat-Bullish'}, {'ticker': 'NKE', 'relevance_score': '0.737953', 'ticker_sentiment_score': '0.113783', 'ticker_sentiment_label': 'Neutral'}, {'ticker': 'AMZN', 'relevance_score': '0.605893', 'ticker_sentiment_score': '0.103400', 'ticker_sentiment_label': 'Neutral'}]"
"C by GE gets rebranded under new ownership, expands beyond lighting",https://techcrunch.com/2021/01/05/c-by-ge-gets-rebranded-under-new-ownership-readies-non-lighting-products/,20210105T050000,['Brian Heater'],"GE Lighting, acquired by Savant, is rebranding its ""C by GE"" smart home line to ""Cync"" and expanding beyond just lighting products. The new brand will introduce a thermostat, outdoor smart plug, connected camera, and fan speed switch at CES, along with a new Cync app in March. This strategic move aims to position GE Lighting as a broader smart-home entity in an increasingly competitive market.",https://techcrunch.com/wp-content/uploads/2021/01/gw9cJTvg.jpeg?w=1024,TechCrunch,General,TechCrunch,"[{'topic': 'mergers_and_acquisitions', 'relevance_score': '0.929176'}, {'topic': 'technology', 'relevance_score': '0.840758'}, {'topic': 'retail_wholesale', 'relevance_score': '0.624697'}]",0.032564,Neutral,"[{'ticker': 'GE', 'relevance_score': '1.000000', 'ticker_sentiment_score': '0.149996', 'ticker_sentiment_label': 'Neutral'}, {'ticker': 'AMZN', 'relevance_score': '0.638033', 'ticker_sentiment_score': '-0.144678', 'ticker_sentiment_label': 'Neutral'}]"
"Jeff Bezos, Jamie Dimon and Warren Buffett tried to solve health care. 3 years later, their company has shut down",https://www.cnn.com/2021/01/04/investing/haven-shutting-down-amazon-jpmorgan-berkshire,20210105T073800,['Paul R. La Monica'],"Haven, the joint healthcare venture founded by Amazon, Berkshire Hathaway, and JPMorgan Chase, is shutting down after three years. The company aimed to provide better healthcare services at lower costs for its employees but struggled to expand beyond its founding partners. The three companies will continue to collaborate informally to address their individual employee healthcare needs.",,CNN,General,CNN,"[{'topic': 'life_sciences', 'relevance_score': '0.910178'}, {'topic': 'finance', 'relevance_score': '0.835537'}, {'topic': 'economy_macro', 'relevance_score': '0.616579'}]",0.143157,Neutral,"[{'ticker': 'JPM', 'relevance_score': '0.981168', 'ticker_sentiment_score': '-0.260574', 'ticker_sentiment_label': 'Somewhat-Bearish'}, {'ticker': 'AMZN', 'relevance_score': '0.939578', 'ticker_sentiment_score': '0.134051', 'ticker_sentiment_label': 'Neutral'}, {'ticker': 'PFE', 'relevance_score': '0.601315', 'ticker_sentiment_score': '0.317137', 'ticker_sentiment_label': 'Somewhat-Bullish'}, {'ticker': 'ABBV', 'relevance_score': '0.555808', 'ticker_sentiment_score': '0.252721', 'ticker_sentiment_label': 'Somewhat-Bullish'}]"
"Amazon buys 11 aircraft to expand air cargo fleet, four of them from WestJet",https://financialpost.com/transportation/airlines/amazon-buys-11-aircraft-to-expand-air-cargo-fleet-2,20210105T193551,"['Bloomberg News', 'Matt Day']","Amazon.com Inc. is purchasing 11 used Boeing 767-300 planes, marking its first aircraft acquisition instead of leasing to expand its air cargo operations. Four of these planes are from WestJet Airlines Ltd. and seven from Delta Air Lines Inc., significantly growing Amazon's fleet to over 85 planes by the end of next year. This move intensifies Amazon's competition with traditional cargo carriers like FedEx Corp. and UPS Inc., leveraging the depressed aircraft market due to the COVID-19 pandemic.",,Financial Post,General,Financial Post,"[{'topic': 'retail_wholesale', 'relevance_score': '0.844275'}, {'topic': 'energy_transportation', 'relevance_score': '0.921597'}]",0.145055,Neutral,"[{'ticker': 'AMZN', 'relevance_score': '1.000000', 'ticker_sentiment_score': '0.413089', 'ticker_sentiment_label': 'Bullish'}, {'ticker': 'DAL', 'relevance_score': '0.826075', 'ticker_sentiment_score': '0.285768', 'ticker_sentiment_label': 'Somewhat-Bullish'}, {'ticker': 'BA', 'relevance_score': '0.703964', 'ticker_sentiment_score': '0.215441', 'ticker_sentiment_label': 'Somewhat-Bullish'}, {'ticker': 'UPS', 'relevance_score': '0.642096', 'ticker_sentiment_score': '-0.148931', 'ticker_sentiment_label': 'Neutral'}, {'ticker': 'FDX', 'relevance_score': '0.551804', 'ticker_sentiment_score': '-0.205767', 'ticker_sentiment_label': 'Somewhat-Bearish'}]"
Cable One Preps IP-Based Sparklight TV,https://www.tvtechnology.com/news/cable-one-preps-ip-based-sparklight-tv,20210105T195216,['Michael Balderston'],"Sparklight, a subsidiary of Cable One, is set to launch Sparklight TV, an IP-based TV service, in early 2021. This transition to IPTV aims to reclaim spectrum, freeing up network capacity to enhance Gigabit offerings and establish a 10G technology platform. The service will be accessible via streaming apps on platforms like Amazon Fire TV, Android TV, and Apple TV.",,TVTechnology,General,TVTechnology,"[{'topic': 'technology', 'relevance_score': '0.937821'}]",0.217393,Somewhat-Bullish,"[{'ticker': 'CABO', 'relevance_score': '1.000000', 'ticker_sentiment_score': '0.432643', 'ticker_sentiment_label': 'Bullish'}, {'ticker': 'AMZN', 'relevance_score': '0.616432', 'ticker_sentiment_score': '0.141194', 'ticker_sentiment_label': 'Neutral'}, {'ticker': 'AAPL', 'relevance_score': '0.621406', 'ticker_sentiment_score': '0.135455', 'ticker_sentiment_label': 'Neutral'}]"
Hundreds of Best Buy Stores will have E INK Price Labels,https://goodereader.com/blog/e-paper/hundreds-of-best-buy-stores-will-have-e-ink-price-labels,20210106T012413,['Michael Kozlowski'],"Best Buy has invested $13 million to install E INK-based Electronic Shelf Labels (ESL) in 119 more U.S. stores by the end of 2021. This move follows previous installations in nearly 680 stores, indicating a large-scale shift from paper to digital price tags. The ESL technology, supplied by Swedish company Pricer, allows for quick price updates and QR code changes, significantly improving efficiency for retailers.",https://media.goodereader.com/blog/uploads/images/2021/01/02063915/5sei64fm4k961-e1609985288297.jpg,Good e-Reader,General,Good e-Reader,"[{'topic': 'retail_wholesale', 'relevance_score': '0.848913'}, {'topic': 'technology', 'relevance_score': '0.735479'}]",0.266588,Somewhat-Bullish,"[{'ticker': 'BBY', 'relevance_score': '1.000000', 'ticker_sentiment_score': '0.408423', 'ticker_sentiment_label': 'Bullish'}, {'ticker': 'AMZN', 'relevance_score': '0.626930', 'ticker_sentiment_score': '0.110709', 'ticker_sentiment_label': 'Neutral'}]"
Amazon Launches $2 Billion Housing Equity Fund,https://www.housingfinance.com/finance/amazon-launches-2-billion-housing-equity-fund_o,20210106T014530,['AHF Staff'],"Amazon has launched a $2 billion Housing Equity Fund dedicated to preserving and creating over 20,000 affordable housing units in the Puget Sound region, Arlington, Virginia, and Nashville, Tennessee. The fund will provide below-market loans and grants to various housing partners, targeting households earning between 30% and 80% of the area median income. Initial investments include projects in Arlington and Washington state, aiming to ensure long-term affordability and support inclusive community development.",,Affordable Housing Finance,General,Affordable Housing Finance,"[{'topic': 'real_estate', 'relevance_score': '1.000000'}, {'topic': 'finance', 'relevance_score': '0.739938'}, {'topic': 'economy_macro', 'relevance_score': '0.607516'}, {'topic': 'retail_wholesale', 'relevance_score': '0.602101'}]",0.222777,Somewhat-Bullish,"[{'ticker': 'JBGS', 'relevance_score': '0.308094', 'ticker_sentiment_score': '0.031076', 'ticker_sentiment_label': 'Neutral'}, {'ticker': 'AMZN', 'relevance_score': '0.927935', 'ticker_sentiment_score': '0.417442', 'ticker_sentiment_label': 'Bullish'}, {'ticker': 'AVB', 'relevance_score': '0.641355', 'ticker_sentiment_score': '0.275676', 'ticker_sentiment_label': 'Somewhat-Bullish'}, {'ticker': 'EQR', 'relevance_score': '0.642523', 'ticker_sentiment_score': '0.286321', 'ticker_sentiment_label': 'Somewhat-Bullish'}, {'ticker': 'PSA', 'relevance_score': '0.568442', 'ticker_sentiment_score': '0.205471', 'ticker_sentiment_label': 'Somewhat-Bullish'}]"
Amazon provides bulk of financing for massive Arlington housing acquisition through new housing fund,https://www.bizjournals.com/washington/news/2021/01/06/amazon-provides-millions-in-financing-for-crystal.html,20210106T014530,['Rebecca Cooper'],"Amazon has committed hundreds of millions of dollars in below-market loans and grants to support the Washington Housing Conservancy's purchase of the Crystal House apartments in Arlington. This significant financial backing is part of Amazon's broader efforts in affordable housing, mirroring initiatives in Washington state and Tennessee. The investment underlines Amazon's increasing role in addressing housing affordability issues in areas impacted by its growth.",https://media.bizj.us/view/img/11180997/crystalhouse*900xx4032-2274-0-432.jpg,The Business Journals,General,The Business Journals,"[{'topic': 'real_estate', 'relevance_score': '0.922409'}, {'topic': 'finance', 'relevance_score': '0.748509'}, {'topic': 'economy_fiscal', 'relevance_score': '0.633781'}]",0.152744,Somewhat-Bullish,"[{'ticker': 'JBGS', 'relevance_score': '0.324197', 'ticker_sentiment_score': '0.004454', 'ticker_sentiment_label': 'Neutral'}, {'ticker': 'AMZN', 'relevance_score': '0.959423', 'ticker_sentiment_score': '0.325677', 'ticker_sentiment_label': 'Somewhat-Bullish'}]"
Interested In Apple But Not Its Volatility? 2 ETFs To Preserve Stability,https://www.investing.com/analysis/interested-in-apple-but-not-its-volatility-2-etfs-to-preserve-stability-200549650,20210106T081500,['Tezcan Gecgil/Investing.com'],"This article suggests two ETFs for investors interested in Apple's potential returns but wary of its volatility. It highlights the iShares Russell Top 200 Growth ETF (IWY) and the Fidelity MSCI Information Technology Index ETF (FTEC) as ways to gain exposure to Apple and other growth/tech companies while potentially mitigating short-term price swings. The article details the holdings, performance, and financial metrics of both ETFs.",,Investing.com,General,Investing.com,"[{'topic': 'financial_markets', 'relevance_score': '0.900921'}, {'topic': 'technology', 'relevance_score': '0.807160'}, {'topic': 'earnings', 'relevance_score': '0.709105'}]",0.294436,Somewhat-Bullish,"[{'ticker': 'FTEC', 'relevance_score': '1.000000', 'ticker_sentiment_score': '0.327461', 'ticker_sentiment_label': 'Somewhat-Bullish'}, {'ticker': 'AAPL', 'relevance_score': '0.827941', 'ticker_sentiment_score': '0.238466', 'ticker_sentiment_label': 'Somewhat-Bullish'}, {'ticker': 'MSFT', 'relevance_score': '0.626737', 'ticker_sentiment_score': '0.306007', 'ticker_sentiment_label': 'Somewhat-Bullish'}, {'ticker': 'AMZN', 'relevance_score': '0.612111', 'ticker_sentiment_score': '0.211145', 'ticker_sentiment_label': 'Somewhat-Bullish'}]"
Crystal House apartments near Amazon HQ2 acquired by affordable housing nonprofit,https://www.bizjournals.com/washington/news/2021/01/04/crystal-house-complex-near-hq2-trades-hands.html,20210106T110300,"['Douglas Fruehling', 'Daniel J. Sernovitz']","The Washington Housing Conservancy has acquired the Crystal House apartments near Amazon.com Inc.'s second headquarters, with JBG Smith tapped to manage the property. The acquisition aims to stabilize rents in the area, as housing costs are expected to rise due to the proximity to Amazon HQ2.",,The Business Journals,General,The Business Journals,"[{'topic': 'real_estate', 'relevance_score': '1.000000'}, {'topic': 'mergers_and_acquisitions', 'relevance_score': '0.828812'}]",0.146462,Neutral,"[{'ticker': 'JBGS', 'relevance_score': '0.320253', 'ticker_sentiment_score': '0.012587', 'ticker_sentiment_label': 'Neutral'}, {'ticker': 'AMZN', 'relevance_score': '0.736078', 'ticker_sentiment_score': '0.345731', 'ticker_sentiment_label': 'Somewhat-Bullish'}, {'ticker': 'CBRE', 'relevance_score': '0.630099', 'ticker_sentiment_score': '0.114886', 'ticker_sentiment_label': 'Neutral'}]"
"There were plenty of red flags that spelled the demise of Amazon, JPMorgan healthcare venture, experts say",https://www.fiercehealthcare.com/tech/these-are-red-flags-spelled-haven-s-demise-according-to-industry-experts,20210106T132000,['Heather Landi'],"Experts suggest that Haven, the healthcare venture by Amazon, JPMorgan Chase, and Berkshire Hathaway, faced numerous challenges from its inception, leading to its eventual shutdown. Problems included a lack of strategic clarity, executive turnover, forming as a nonprofit, and internal issues complicated by competing interests of its parent companies. The failure highlights the complexity of disrupting the American healthcare business model and suggests that future efforts need to leverage specialized healthcare expertise.",,Fierce Healthcare,General,Fierce Healthcare,"[{'topic': 'life_sciences', 'relevance_score': '0.905800'}, {'topic': 'finance', 'relevance_score': '0.704609'}, {'topic': 'technology', 'relevance_score': '0.610234'}]",-0.238974,Somewhat-Bearish,"[{'ticker': 'JPM', 'relevance_score': '1.000000', 'ticker_sentiment_score': '-0.233121', 'ticker_sentiment_label': 'Somewhat-Bearish'}, {'ticker': 'AMZN', 'relevance_score': '0.988677', 'ticker_sentiment_score': '-0.221719', 'ticker_sentiment_label': 'Somewhat-Bearish'}]"
Elon Musk overtakes Bezos to become world’s richest person,https://www.aljazeera.com/economy/2021/1/7/bbelon-musk-overtakes-bezos-to-become-worlds-richest-person,20210107T012149,"['Devon Pendleton', 'Dana Hull', 'Bloomberg']","Elon Musk, CEO of Tesla and SpaceX, has surpassed Amazon's Jeff Bezos to become the world's richest person. His net worth reached $188.5 billion after a 4.8% rally in Tesla's shares on Thursday, just over $1.5 billion more than Bezos. This milestone caps a remarkable year for Musk, whose net worth soared by over $150 billion, largely due to Tesla's impressive 743% stock surge in the past year.",https://www.aljazeera.com/wp-content/uploads/2021/01/367084394.jpg?resize=770%2C513&quality=80,Al Jazeera,General,Al Jazeera,"[{'topic': 'financial_markets', 'relevance_score': '0.935593'}, {'topic': 'technology', 'relevance_score': '0.807564'}, {'topic': 'economy_macro', 'relevance_score': '0.717393'}, {'topic': 'energy_transportation', 'relevance_score': '0.607312'}]",0.182216,Somewhat-Bullish,"[{'ticker': 'AMZN', 'relevance_score': '0.624509', 'ticker_sentiment_score': '-0.211982', 'ticker_sentiment_label': 'Somewhat-Bearish'}, {'ticker': 'TSLA', 'relevance_score': '1.000000', 'ticker_sentiment_score': '0.490275', 'ticker_sentiment_label': 'Bullish'}]"
"NASA's HiRise Camera Captures Stunning New Images of Valles Marineris, the Grand Canyon of Mars",https://www.techeblog.com/nasa-hirise-camera-valles-marineris-grand-canyon/,20210107T012357,['Jackson Chung'],"NASA's HiRise camera on the Mars Reconnaissance Orbiter has captured new stunning images of Valles Marineris, the largest known canyon in the Solar System. This Martian canyon is significantly larger than Earth's Grand Canyon, extending over 3,000 kilometers long and 8 kilometers deep. The HiRise camera, which has been studying Mars since 2006, provides incredibly high-resolution images, aiding scientists in understanding the planet's geological formations.",https://media.techeblog.com/images/nasa-hirise-valles-marineris-grand-canyon-mars.jpg,TechEBlog -,General,TechEBlog -,"[{'topic': 'technology', 'relevance_score': '0.931867'}]",0.319466,Somewhat-Bullish,"[{'ticker': 'BALL', 'relevance_score': '0.814221', 'ticker_sentiment_score': '0.342502', 'ticker_sentiment_label': 'Somewhat-Bullish'}, {'ticker': 'AMZN', 'relevance_score': '0.636239', 'ticker_sentiment_score': '0.336444', 'ticker_sentiment_label': 'Somewhat-Bullish'}]"
Big Oil Big Tech Big Data,https://www.engineering.com/big-oil-big-tech-big-data/,20210107T013336,['Zeeshan Hussain'],"The oil and gas (O&G) industry, facing instability and a lag in digital transformation, is increasingly collaborating with big tech companies to leverage cloud computing, AI, and big data. These partnerships aim to cut costs, enhance operational efficiency, and improve safety and environmental performance through solutions like predictive maintenance, digital twins, and remote operations. The digital shift helps O&G companies manage vast amounts of data, reduce unplanned downtime, and potentially save billions in operational expenses.","https://res.cloudinary.com/engineering-com/image/upload/w_640,h_640,c_limit,q_auto,f_auto/Picture1_dtbw3y.jpg",Engineering.com,General,Engineering.com,"[{'topic': 'energy_transportation', 'relevance_score': '1.000000'}, {'topic': 'technology', 'relevance_score': '0.948307'}, {'topic': 'economy_macro', 'relevance_score': '0.649452'}]",0.354017,Bullish,"[{'ticker': 'E', 'relevance_score': '0.935590', 'ticker_sentiment_score': '0.331892', 'ticker_sentiment_label': 'Somewhat-Bullish'}, {'ticker': 'GOOG', 'relevance_score': '0.734731', 'ticker_sentiment_score': '0.302475', 'ticker_sentiment_label': 'Somewhat-Bullish'}, {'ticker': 'AMZN', 'relevance_score': '0.728741', 'ticker_sentiment_score': '0.429872', 'ticker_sentiment_label': 'Bullish'}, {'ticker': 'MSFT', 'relevance_score': '0.706294', 'ticker_sentiment_score': '0.406473', 'ticker_sentiment_label': 'Bullish'}, {'ticker': 'BKR', 'relevance_score': '0.601316', 'ticker_sentiment_score': '0.347929', 'ticker_sentiment_label': 'Somewhat-Bullish'}]"
"Why the Amazon, JPMorgan, Berkshire Venture Collapsed: ‘Health Care Was Too Big a Problem’",https://www.wsj.com/health/healthcare/why-the-amazon-jpmorgan-berkshire-venture-collapsed-health-care-was-too-big-a-problem-11610039485?gaa_at=eafs&gaa_n=AWEtsqd43Z92hkECRvCQev4KCYEqZ81YVE3VBTUEoccQpgFW28f0M4iUY3qP&gaa_ts=699bb4e8&gaa_sig=AbK-3zYi7ErzA_33rkZ7FCb3Wb1TTVE98Nr9d5mK4hgVb3Hm3wqel033-FLYk5DV1laeBBE4cG-Akeq2Xb4oWw%3D%3D,20210107T014614,['Sebastian Herrera and David Benoit'],"The Haven joint venture, formed by Amazon, JPMorgan Chase, and Berkshire Hathaway to revolutionize healthcare and reduce costs for their employees, is ceasing operations after three years. Despite investing roughly $100 million, the initiative struggled with significant challenges including data sharing, bureaucracy, staff turnover, unclear goals, and unexpected competition. These obstacles prevented Haven from achieving its primary objective of understanding and reducing healthcare costs, leading to its collapse.",,The Wall Street Journal,General,The Wall Street Journal,"[{'topic': 'life_sciences', 'relevance_score': '1.000000'}, {'topic': 'technology', 'relevance_score': '0.830697'}, {'topic': 'finance', 'relevance_score': '0.721345'}, {'topic': 'mergers_and_acquisitions', 'relevance_score': '0.639732'}]",-0.333727,Somewhat-Bearish,"[{'ticker': 'JPM', 'relevance_score': '0.977383', 'ticker_sentiment_score': '-0.325499', 'ticker_sentiment_label': 'Somewhat-Bearish'}, {'ticker': 'AMZN', 'relevance_score': '0.957436', 'ticker_sentiment_score': '-0.283263', 'ticker_sentiment_label': 'Somewhat-Bearish'}]"
Livestream shopping is the next big thing in retail,https://fortune.com/2021/01/07/livestream-video-shopping-hsn-qvc/,20210107T015904,['Mike George'],"Livestream shopping, initially popularized in China, is rapidly gaining traction globally, fueled by the pandemic and evolving consumer behavior. Mike George, President and CEO of Qurate Retail and Chairman of the National Retail Federation, highlights how retailers are adopting this interactive video approach to engage customers, building on Qurate's nearly 40 years of experience with live video shopping. While offering dazzling possibilities like AI-curated content and virtual reality, success hinges on building lasting customer relationships and competitive economics rather than just technological flash.",https://fortune.com/img-assets/wp-content/uploads/2021/01/GettyImages-1229570976.jpg?format=webp&w=1440&q=100,Fortune,General,Fortune,"[{'topic': 'retail_wholesale', 'relevance_score': '0.901471'}, {'topic': 'technology', 'relevance_score': '0.844536'}]",0.299691,Somewhat-Bullish,"[{'ticker': 'QVCD', 'relevance_score': '1.000000', 'ticker_sentiment_score': '0.498606', 'ticker_sentiment_label': 'Bullish'}, {'ticker': 'WMT', 'relevance_score': '0.807681', 'ticker_sentiment_score': '0.260927', 'ticker_sentiment_label': 'Somewhat-Bullish'}, {'ticker': 'AMZN', 'relevance_score': '0.726466', 'ticker_sentiment_score': '0.234517', 'ticker_sentiment_label': 'Somewhat-Bullish'}, {'ticker': 'GOOGL', 'relevance_score': '0.610677', 'ticker_sentiment_score': '0.181027', 'ticker_sentiment_label': 'Somewhat-Bullish'}]"
Fintech start-up SoFi to go public via SPAC backed by Chamath Palihapitiya,https://www.cnbc.com/2021/01/07/online-lender-sofi-to-go-public-via-spac-backed-by-chamath-palihapitiya-.html,20210107T115800,['Kate Rooney'],"Fintech startup SoFi announced it will go public by merging with a special purpose acquisition company (SPAC) backed by venture capital investor Chamath Palihapitiya, valuing SoFi at $8.65 billion. SoFi, previously valued at $5.7 billion in private markets, offers various financial services and was chosen by Palihapitiya for its mobile-first approach and potential to disrupt banking. CEO Anthony Noto cited ""deal certainty"" as a key reason for choosing the SPAC route over a traditional IPO.",,CNBC,General,CNBC,"[{'topic': 'ipo', 'relevance_score': '1.000000'}, {'topic': 'mergers_and_acquisitions', 'relevance_score': '0.923909'}, {'topic': 'finance', 'relevance_score': '0.829719'}, {'topic': 'technology', 'relevance_score': '0.742988'}, {'topic': 'financial_markets', 'relevance_score': '0.645153'}]",0.386645,Bullish,"[{'ticker': 'SOFI', 'relevance_score': '1.000000', 'ticker_sentiment_score': '0.490023', 'ticker_sentiment_label': 'Bullish'}, {'ticker': 'SPG', 'relevance_score': '0.709407', 'ticker_sentiment_score': '0.301258', 'ticker_sentiment_label': 'Somewhat-Bullish'}, {'ticker': 'AMZN', 'relevance_score': '0.568481', 'ticker_sentiment_score': '0.373060', 'ticker_sentiment_label': 'Bullish'}]"
Online Entertainment Market Expected to Witness High Growth,https://www.openpr.com/news/2222008/online-entertainment-market-expected-to-witness-high-growth,20210107T155800,['ReportsWeb'],"The online entertainment market, valued at $183,067.0 million in 2019, is projected to reach $652,455.0 million by 2027, growing at a CAGR of 20.82% from 2021 to 2027. This growth is driven by increased competition and strategic partnerships, with key players including Netflix, Google LLC, Facebook, Tencent Holdings Ltd, and Sony Corp. The report provides detailed segmentation, competitive analysis, and regional estimates for the market.",https://cdn.open-pr.com/U/1/U107368568_g.jpg,openPR.com,General,openPR.com,"[{'topic': 'technology', 'relevance_score': '0.834142'}]",0.664437,Bullish,"[{'ticker': 'SPOT', 'relevance_score': '0.867737', 'ticker_sentiment_score': '0.728948', 'ticker_sentiment_label': 'Bullish'}, {'ticker': 'NFLX', 'relevance_score': '0.812527', 'ticker_sentiment_score': '0.738873', 'ticker_sentiment_label': 'Bullish'}, {'ticker': 'GOOGL', 'relevance_score': '0.709855', 'ticker_sentiment_score': '0.652699', 'ticker_sentiment_label': 'Bullish'}, {'ticker': 'META', 'relevance_score': '0.658056', 'ticker_sentiment_score': '0.664554', 'ticker_sentiment_label': 'Bullish'}, {'ticker': 'AMZN', 'relevance_score': '0.634234', 'ticker_sentiment_score': '0.607228', 'ticker_sentiment_label': 'Bullish'}]"
Rackspace 2021: A newly publicly traded company begins new year with fresh outlook - San Antonio Business Journal,https://www.bizjournals.com/sanantonio/news/2021/01/07/rackspace-technology-then-and-now.html,20210107T163800,['Jeannette E. Garcia'],"Rackspace begins 2021 as a newly public company, having gone public in August 2020. Despite initial stock fluctuations, analysts remain optimistic about the company's prospects. The article highlights recent partnerships and financial reports.",,The Business Journals,General,The Business Journals,"[{'topic': 'ipo', 'relevance_score': '0.945037'}, {'topic': 'earnings', 'relevance_score': '0.840687'}, {'topic': 'financial_markets', 'relevance_score': '0.711749'}, {'topic': 'technology', 'relevance_score': '0.648205'}]",0.206285,Somewhat-Bullish,"[{'ticker': 'RXT', 'relevance_score': '1.000000', 'ticker_sentiment_score': '0.332521', 'ticker_sentiment_label': 'Somewhat-Bullish'}, {'ticker': 'AMZN', 'relevance_score': '0.612264', 'ticker_sentiment_score': '0.114329', 'ticker_sentiment_label': 'Neutral'}]"
Survey: 29% of people would rather quit than return to the workplace,https://www.ksby.com/news/national/survey-29-of-people-would-rather-quit-than-return-to-the-workplace,20210108T014504,['Scripps National'],"A survey by LiveCareer indicates that 29% of individuals would prefer to quit their jobs rather than return to a physical workplace, with over 60% desiring to continue working from home post-pandemic. While companies are preparing for employees to return, with some making it mandatory, experts suggest that flexibility and compromise, like hybrid models, might be offered. Employees hesitant to return are advised to communicate with their managers, especially if health is a concern, and be prepared to discuss flexible arrangements.",https://ewscripps.brightspotcdn.com/dims4/default/e26c9dc/2147483647/strip/true/crop/455x113+0+0/resize/400x99!/quality/90/?url=http%3A%2F%2Fewscripps-brightspot.s3.amazonaws.com%2Fb9%2F9f%2F766b1a254cd582fb0894b31907e0%2Fmain-logo-geographic-locator-ksby1.png,KSBY News,General,KSBY News,"[{'topic': 'economy_macro', 'relevance_score': '0.632441'}]",0.145815,Neutral,"[{'ticker': 'IT', 'relevance_score': '1.000000', 'ticker_sentiment_score': '0.118500', 'ticker_sentiment_label': 'Neutral'}, {'ticker': 'MSFT', 'relevance_score': '0.621935', 'ticker_sentiment_score': '0.122088', 'ticker_sentiment_label': 'Neutral'}, {'ticker': 'GOOGL', 'relevance_score': '0.643527', 'ticker_sentiment_score': '0.117302', 'ticker_sentiment_label': 'Neutral'}, {'ticker': 'AMZN', 'relevance_score': '0.630584', 'ticker_sentiment_score': '0.105295', 'ticker_sentiment_label': 'Neutral'}, {'ticker': 'CRM', 'relevance_score': '0.647547', 'ticker_sentiment_score': '0.108706', 'ticker_sentiment_label': 'Neutral'}]"
Avison Young negotiates sale of 1.75-MSF national truck terminal portfolio,https://rejournals.com/avison-young-negotiates-sale-of-1-75-msf-national-truck-terminal-portfolio/,20210108T020103,[],"Avison Young has successfully negotiated the sale of a 1.75-million-square-foot national truck terminal portfolio on behalf of CenterPoint Properties to institutional investors advised by J.P. Morgan Asset Management. The portfolio comprises approximately 53 truck terminals in key logistics markets across the U.S., including major hubs like Chicago and Dallas. This acquisition aims to capitalize on the growth of e-commerce by providing critical logistics infrastructure, with many properties leased to top-tier logistics tenants.",https://rejournals.com/wp-content/uploads/2021/01/UPS-11201-Irving-Park-Franklin-Park-IL-1.jpg,REJournals,General,REJournals,"[{'topic': 'real_estate', 'relevance_score': '1.000000'}, {'topic': 'energy_transportation', 'relevance_score': '0.709304'}]",0.303848,Somewhat-Bullish,"[{'ticker': 'SAIA', 'relevance_score': '0.737202', 'ticker_sentiment_score': '0.320201', 'ticker_sentiment_label': 'Somewhat-Bullish'}, {'ticker': 'FDX', 'relevance_score': '0.629411', 'ticker_sentiment_score': '0.314576', 'ticker_sentiment_label': 'Somewhat-Bullish'}, {'ticker': 'UPS', 'relevance_score': '0.722280', 'ticker_sentiment_score': '0.348853', 'ticker_sentiment_label': 'Somewhat-Bullish'}, {'ticker': 'AMZN', 'relevance_score': '0.569721', 'ticker_sentiment_score': '0.252505', 'ticker_sentiment_label': 'Somewhat-Bullish'}, {'ticker': 'JPM', 'relevance_score': '0.615038', 'ticker_sentiment_score': '0.284558', 'ticker_sentiment_label': 'Somewhat-Bullish'}]"
Tesla market value crosses $800 billion for the first time,https://www.reuters.com/article/world/middle-east/tesla-market-value-crosses-800-billion-for-the-first-time-idUSKBN29D20A/,20210108T032300,['Reuters'],"Tesla's market capitalization surpassed $800 billion for the first time, driven by a 5.6% jump in its shares. This surge also propelled CEO Elon Musk past Jeff Bezos to become the world's wealthiest individual. The electric automaker's valuation now dwarfs the combined market caps of traditional Detroit automakers, despite its production being a fraction of larger rivals.",https://www.reuters.com/resizer/v2/https%3A%2F%2Farchive-images.prod.global.a201836.reutersmedia.net%2F2021%2F01%2F08%2FLYNXMPEH070WY.JPG?auth=a3e94bdc0433cdfe758ea55be24ce49049e72463a05bbbb2b0c38064243b07ad&width=1920&quality=80,Reuters,General,Reuters,"[{'topic': 'financial_markets', 'relevance_score': '0.929203'}, {'topic': 'energy_transportation', 'relevance_score': '0.827965'}, {'topic': 'technology', 'relevance_score': '0.731576'}]",0.102047,Neutral,"[{'ticker': 'TSLA', 'relevance_score': '1.000000', 'ticker_sentiment_score': '0.452867', 'ticker_sentiment_label': 'Bullish'}, {'ticker': 'AMZN', 'relevance_score': '0.606342', 'ticker_sentiment_score': '0.133474', 'ticker_sentiment_label': 'Neutral'}, {'ticker': 'GM', 'relevance_score': '0.569395', 'ticker_sentiment_score': '-0.113116', 'ticker_sentiment_label': 'Neutral'}, {'ticker': 'F', 'relevance_score': '0.560344', 'ticker_sentiment_score': '-0.118939', 'ticker_sentiment_label': 'Neutral'}, {'ticker': 'GOOGL', 'relevance_score': '0.556642', 'ticker_sentiment_score': '0.122135', 'ticker_sentiment_label': 'Neutral'}]"
Tesla market value crosses $800 billion for the first time,https://www.reuters.com/business/autos-transportation/tesla-market-value-crosses-800-billion-first-time-2021-01-08/,20210108T152200,['Reuters'],"Tesla Inc.'s market capitalization surpassed $800 billion for the first time, driven by a significant jump in its stock price on Friday. This surge has also propelled CEO Elon Musk to become the world's richest man, surpassing Amazon's Jeff Bezos. The company's valuation now places it among Wall Street's most valuable firms, despite its production volume being a fraction of larger automotive rivals.",https://www.reuters.com/resizer/v2/https%3A%2F%2Fcloudfront-us-east-2.images.arcpublishing.com%2Freuters%2F5N742J4S7BL4X6P532AWEAXR2A.jpg?auth=effa2872bc9714e1a067a9fd1e49c7197b1a0300fc7734df2236d396afbb7bb7&width=800&quality=80,Reuters,General,Reuters,"[{'topic': 'financial_markets', 'relevance_score': '0.938352'}, {'topic': 'technology', 'relevance_score': '0.819601'}, {'topic': 'energy_transportation', 'relevance_score': '0.735954'}]",0.477948,Bullish,"[{'ticker': 'TSLA', 'relevance_score': '1.000000', 'ticker_sentiment_score': '0.703016', 'ticker_sentiment_label': 'Bullish'}, {'ticker': 'AMZN', 'relevance_score': '0.714345', 'ticker_sentiment_score': '0.701245', 'ticker_sentiment_label': 'Bullish'}, {'ticker': 'GM', 'relevance_score': '0.616331', 'ticker_sentiment_score': '0.313261', 'ticker_sentiment_label': 'Somewhat-Bullish'}, {'ticker': 'GOOGL', 'relevance_score': '0.645939', 'ticker_sentiment_score': '0.247623', 'ticker_sentiment_label': 'Somewhat-Bullish'}]"
These Hot Stocks Made This American Century's Best 2020 U.S. Diversified Stock Fund,https://www.investors.com/etfs-and-funds/mutual-funds/best-mutual-funds-american-century-2020-leader/,20210108T160800,['PAUL KATZEFF'],"The American Century Focused Dynamic Growth Fund (ACFSX) was the top-performing U.S. diversified stock fund in 2020, up 73.63% compared to the S&P 500's 18.40%. The fund achieved this success by investing in high-growth companies like Amazon, Facebook, Alphabet, Tesla, Square, DocuSign, Nike, Chipotle Mexican Grill, and Chegg, focusing on those with high sustainable growth rates and strong fundamentals, consistent with CAN SLIM principles. Its strong performance has earned it repeated IBD Best Mutual Funds Awards.",,Investor's Business Daily,General,Investor's Business Daily,"[{'topic': 'financial_markets', 'relevance_score': '1.000000'}, {'topic': 'finance', 'relevance_score': '0.931851'}]",0.225013,Somewhat-Bullish,"[{'ticker': 'FDG', 'relevance_score': '0.326313', 'ticker_sentiment_score': '0.003742', 'ticker_sentiment_label': 'Neutral'}, {'ticker': 'AMZN', 'relevance_score': '0.714260', 'ticker_sentiment_score': '0.323936', 'ticker_sentiment_label': 'Somewhat-Bullish'}, {'ticker': 'GOOGL', 'relevance_score': '0.619968', 'ticker_sentiment_score': '0.275122', 'ticker_sentiment_label': 'Somewhat-Bullish'}, {'ticker': 'TSLA', 'relevance_score': '0.601225', 'ticker_sentiment_score': '0.329002', 'ticker_sentiment_label': 'Somewhat-Bullish'}]"
Direxion Debuts 2X Leveraged Cloud Computing ETFs,https://www.etftrends.com/levearged-inverse-channel/direxion-debuts-2x-leveraged-cloud-computing-etfs/,20210108T195718,['Brenton Garen'],"Direxion has launched two new 2X leveraged ETFs, CLDL and CLDS, focusing on companies involved in cloud computing services. These ETFs provide 200% or 200% inverse daily performance of the Indxx USA Cloud Computing Index, catering to traders looking for leveraged exposure in this high-growth sector. The company emphasizes these products are for investors who understand the risks of leveraged investments and actively monitor their positions.",,ETF Trends,General,ETF Trends,"[{'topic': 'financial_markets', 'relevance_score': '0.926425'}, {'topic': 'technology', 'relevance_score': '0.835072'}, {'topic': 'finance', 'relevance_score': '0.705890'}]",0.372693,Bullish,"[{'ticker': 'CLDL', 'relevance_score': '1.000000', 'ticker_sentiment_score': '0.546338', 'ticker_sentiment_label': 'Bullish'}, {'ticker': 'NOW', 'relevance_score': '0.601776', 'ticker_sentiment_score': '0.323058', 'ticker_sentiment_label': 'Somewhat-Bullish'}, {'ticker': 'AMZN', 'relevance_score': '0.643504', 'ticker_sentiment_score': '0.303086', 'ticker_sentiment_label': 'Somewhat-Bullish'}, {'ticker': 'MSFT', 'relevance_score': '0.615970', 'ticker_sentiment_score': '0.327502', 'ticker_sentiment_label': 'Somewhat-Bullish'}]"
"Will Commodities Ride the ""Blue Wave"" Higher in 2021?",https://www.usfunds.com/resource/will-commodities-ride-the-blue-wave-higher-in-2021/,20210108T202229,['Frank Holmes'],"This article discusses the potential impact of a Democratic-controlled Congress and White House on commodities markets in 2021, particularly focusing on green energy initiatives and increased government spending. It highlights silver and copper as top-performing commodities and examines the drivers behind their price appreciation, along with the performance of gold, Bitcoin, and various sectors. The author also touches on the ongoing challenges posed by the COVID-19 pandemic and geopolitical factors.",,USFunds,General,USFunds,"[{'topic': 'financial_markets', 'relevance_score': '0.909108'}, {'topic': 'economy_fiscal', 'relevance_score': '0.802347'}, {'topic': 'economy_monetary', 'relevance_score': '0.736016'}, {'topic': 'energy_transportation', 'relevance_score': '0.709766'}, {'topic': 'blockchain', 'relevance_score': '0.613036'}]",0.13378,Neutral,"[{'ticker': 'GROW', 'relevance_score': '0.930416', 'ticker_sentiment_score': '0.304818', 'ticker_sentiment_label': 'Somewhat-Bullish'}, {'ticker': 'AMZN', 'relevance_score': '0.720498', 'ticker_sentiment_score': '0.332121', 'ticker_sentiment_label': 'Somewhat-Bullish'}, {'ticker': 'BA', 'relevance_score': '0.705287', 'ticker_sentiment_score': '-0.211172', 'ticker_sentiment_label': 'Somewhat-Bearish'}, {'ticker': 'MU', 'relevance_score': '0.646524', 'ticker_sentiment_score': '0.334062', 'ticker_sentiment_label': 'Somewhat-Bullish'}, {'ticker': 'LRCX', 'relevance_score': '0.633061', 'ticker_sentiment_score': '-0.144910', 'ticker_sentiment_label': 'Neutral'}]"
"Low on Workers, Manufacturers Recruit Their Executives for the Factory Floor",https://www.wsj.com/economy/jobs/low-on-workers-manufacturers-recruit-their-executives-for-the-factory-floor-11610168401?gaa_at=eafs&gaa_n=AWEtsqen5rxXHU2uPN-qmI9qTaIwgAf6J5s1UTXp43cOFGBi4OkGGuDMuy7v&gaa_ts=699bb6ca&gaa_sig=nafwQDNKoGx5DNfqzuJYAVvNJmCZq0z6HPO4wuCxLoux4dD0cvST-3MsVKynOYD_jdhoJxDcYe_RSAEvgg8EAg%3D%3D,20210109T015415,"['Sharon Terlep', 'Ben Foldy and Bob Tita']","Facing severe labor shortages due to Covid-19, child care issues, and competition from e-commerce, American manufacturers are resorting to an unusual solution: deploying their executives and retail employees to work shifts on the factory floor. This strategy is being adopted by companies like Yankee Candle, where R&D managers are packaging products to fulfill orders, as traditional incentives like higher pay are proving insufficient to attract enough workers, leading to choked supply chains and delivery delays.",https://images.wsj.net/im-281556/square?width=1280&height=1280,The Wall Street Journal,General,The Wall Street Journal,"[{'topic': 'manufacturing', 'relevance_score': '0.900878'}, {'topic': 'retail_wholesale', 'relevance_score': '0.743659'}, {'topic': 'economy_macro', 'relevance_score': '0.601141'}]",-0.209486,Somewhat-Bearish,"[{'ticker': 'NWL', 'relevance_score': '1.000000', 'ticker_sentiment_score': '-0.244463', 'ticker_sentiment_label': 'Somewhat-Bearish'}, {'ticker': 'AMZN', 'relevance_score': '0.645614', 'ticker_sentiment_score': '-0.165470', 'ticker_sentiment_label': 'Somewhat-Bearish'}]"
Development Site Near Culver City Sells for $92 Million,https://labusinessjournal.com/real-estate/development-site-near-culver-city-sells-92-million/,20210110T015752,['Hannah Welk'],"A 3.5-acre mixed-use development site near Culver City was sold by Public Storage for $92 million to Australia-based companies Lendlease Corp. and Aware Super. The site is intended for a 500,000-square-foot project, including multifamily units, creative office space, and retail, with an estimated value of $600 million upon completion. The location benefits from its proximity to major tech and entertainment companies and its designation as an opportunity zone provides tax benefits.",https://labusinessjournal.com/wp-content/uploads/2021/11/PG04_LENDLEASE_0111-696x460.jpg,Los Angeles Business Journal,General,Los Angeles Business Journal,"[{'topic': 'real_estate', 'relevance_score': '1.000000'}, {'topic': 'finance', 'relevance_score': '0.722973'}, {'topic': 'economy_fiscal', 'relevance_score': '0.614171'}]",0.275075,Somewhat-Bullish,"[{'ticker': 'PSA', 'relevance_score': '0.916273', 'ticker_sentiment_score': '0.340475', 'ticker_sentiment_label': 'Somewhat-Bullish'}, {'ticker': 'AAPL', 'relevance_score': '0.744239', 'ticker_sentiment_score': '0.217192', 'ticker_sentiment_label': 'Somewhat-Bullish'}, {'ticker': 'AMZN', 'relevance_score': '0.748613', 'ticker_sentiment_score': '0.240494', 'ticker_sentiment_label': 'Somewhat-Bullish'}]"
"Amazon, Walmart Tell Consumers to Skip Returns of Unwanted Items",https://www.wsj.com/business/retail/amazon-walmart-tell-consumers-to-skip-returns-of-unwanted-items-11610274600?gaa_at=eafs&gaa_n=AWEtsqc_8gryJdd2CL_2L2CgdmLnaFnJC9UZ_r_iijBLkuNrEol-rFIeLHiP&gaa_ts=699bba88&gaa_sig=Kcm1zej0GIw3L1Ftf2YFcSnTLo80qOsgFiJ07nuohRRSzka8vFyLn1_8PD6gI0XlA9CtupbsmwHSK_i3AccIAw%3D%3D,20210110T021014,['Suzanne Kapner and Paul Ziobro'],"Amazon, Walmart, and other retailers are increasingly telling customers to keep unwanted items rather than returning them. This new practice is driven by AI analysis, which determines that for certain inexpensive or bulky items, refunding the purchase price is more cost-effective than processing a return due to associated shipping and handling costs. This trend highlights a shift in retail return policies aimed at optimizing operational efficiency.",https://images.wsj.net/im-03579066?size=1.5,The Wall Street Journal,General,The Wall Street Journal,"[{'topic': 'retail_wholesale', 'relevance_score': '0.911660'}, {'topic': 'technology', 'relevance_score': '0.642707'}]",0.226298,Somewhat-Bullish,"[{'ticker': 'WMT', 'relevance_score': '1.000000', 'ticker_sentiment_score': '0.219902', 'ticker_sentiment_label': 'Somewhat-Bullish'}, {'ticker': 'AMZN', 'relevance_score': '0.850355', 'ticker_sentiment_score': '0.223657', 'ticker_sentiment_label': 'Somewhat-Bullish'}]"
"Amazon, Walmart using AI to decide on economic sense to process a return",https://www.foxbusiness.com/retail/amazon-walmart-using-ai-to-decide-on-economic-sense-to-process-a-return-wsj,20210110T102148,"['Suzanne Kapner', 'Paul Ziobro']","Amazon, Walmart, and other retailers are increasingly using artificial intelligence to determine if it is more cost-effective to refund customers for returned items and let them keep the product, especially for inexpensive or bulky goods. This trend is accelerating due to the surge in online shopping during the COVID-19 pandemic, as companies seek to optimize their returns process. The approach saves retailers money on shipping and processing, while also improving customer satisfaction by simplifying the return experience.",https://a57.foxnews.com/static.foxbusiness.com/foxbusiness.com/content/uploads/2021/01/931/523/Amazon-Toilet-Paper.jpg?ve=1&tl=1,Fox Business,General,Fox Business,"[{'topic': 'retail_wholesale', 'relevance_score': '0.918990'}, {'topic': 'technology', 'relevance_score': '0.821195'}, {'topic': 'finance', 'relevance_score': '0.628657'}]",0.221827,Somewhat-Bullish,"[{'ticker': 'AMZN', 'relevance_score': '1.000000', 'ticker_sentiment_score': '0.252903', 'ticker_sentiment_label': 'Somewhat-Bullish'}, {'ticker': 'WMT', 'relevance_score': '0.937694', 'ticker_sentiment_score': '0.272970', 'ticker_sentiment_label': 'Somewhat-Bullish'}, {'ticker': 'TGT', 'relevance_score': '0.615250', 'ticker_sentiment_score': '0.234957', 'ticker_sentiment_label': 'Somewhat-Bullish'}, {'ticker': 'UPS', 'relevance_score': '0.616314', 'ticker_sentiment_score': '0.127393', 'ticker_sentiment_label': 'Neutral'}]"
Former Amazon VP joins Chewy leadership team,https://www.petfoodprocessing.net/articles/15137-former-amazon-vp-joins-chewy-leadership-team,20210110T195704,['Jordan Tyler'],"Mark Eamer, former vice president of advertising, product, and media at Amazon, has been appointed chief marketing officer at Chewy, Inc. In this role, Eamer will be responsible for expanding Chewy's marketing and customer engagement initiatives, leveraging his extensive experience in digital platforms and customer experience. Chewy's CEO, Sumit Singh, highlighted Eamer's track record as a builder, innovator, and connector as instrumental in advancing the company's marketing capabilities.",,Pet Food Processing,General,Pet Food Processing,"[{'topic': 'retail_wholesale', 'relevance_score': '0.832963'}, {'topic': 'technology', 'relevance_score': '0.609565'}]",0.286224,Somewhat-Bullish,"[{'ticker': 'CHWY', 'relevance_score': '1.000000', 'ticker_sentiment_score': '0.479042', 'ticker_sentiment_label': 'Bullish'}, {'ticker': 'AMZN', 'relevance_score': '0.717700', 'ticker_sentiment_score': '0.120350', 'ticker_sentiment_label': 'Neutral'}]"
"Amazon plans to add 5 sites, create 2,000 jobs in Metro Detroit",https://www.detroitnews.com/story/news/local/michigan/2021/01/11/amazon-5-sites-2-000-jobs-metro-detroit/6632876002/,20210111T012149,['Mark Hicks'],"Amazon announced plans to significantly expand its presence in Metro Detroit with five new sites, expected to create over 2,000 jobs. These sites include fulfillment centers in Detroit, Hazel Park, Pontiac, and Huron Township, plus a sortation center in Plymouth. The company stated these will be full- and part-time positions offering a minimum wage of $15 per hour along with comprehensive benefits.",https://www.detroitnews.com/gciaf/prod/p?a=pageview&p=PDTN-TEALIUM-TANGENT&m=web&k=f14ebdd6-0569-4c64-af73-99937bc06379&s=noscript,The Detroit News,General,The Detroit News,"[{'topic': 'retail_wholesale', 'relevance_score': '0.832192'}, {'topic': 'economy_macro', 'relevance_score': '0.741813'}]",0.447968,Bullish,"[{'ticker': 'AMZN', 'relevance_score': '1.000000', 'ticker_sentiment_score': '0.418565', 'ticker_sentiment_label': 'Bullish'}]"
Covid-19 Propels Amazon to Top U.S. Grocery Retailer for the 2021 dunnhumby Retailer Preference Index,https://www.businesswire.com/news/home/20210111005351/en/Covid-19-Propels-Amazon-to-Top-U.S.-Grocery-Retailer-for-the-2021-dunnhumby-Retailer-Preference-Index,20210111T020200,[],"Amazon has been named the top U.S. grocery retailer in dunnhumby's fourth annual Retailer Preference Index for 2021, surpassing H-E-B and Trader Joe's. This shift is largely attributed to Covid-19 driven momentum, with Amazon excelling in speed, digital offerings, and customer safety. The study emphasizes that while traditional factors like price and quality remain crucial for long-term growth, the ability to deliver on speed and digital experience became paramount during the pandemic.",https://mms.businesswire.com/media/20210111005351/en/851314/4/dunnhumby_2021_Overall_RPI%2B_Score.jpg?download=1,Business Wire,General,Business Wire,"[{'topic': 'retail_wholesale', 'relevance_score': '1.000000'}, {'topic': 'economy_macro', 'relevance_score': '0.818749'}, {'topic': 'technology', 'relevance_score': '0.630576'}, {'topic': 'finance', 'relevance_score': '0.647637'}]",0.234481,Somewhat-Bullish,"[{'ticker': 'SFM', 'relevance_score': '0.629720', 'ticker_sentiment_score': '0.133786', 'ticker_sentiment_label': 'Neutral'}, {'ticker': 'AMZN', 'relevance_score': '1.000000', 'ticker_sentiment_score': '0.453852', 'ticker_sentiment_label': 'Bullish'}, {'ticker': 'TGT', 'relevance_score': '0.865851', 'ticker_sentiment_score': '0.301808', 'ticker_sentiment_label': 'Somewhat-Bullish'}, {'ticker': 'COST', 'relevance_score': '0.748003', 'ticker_sentiment_score': '0.208670', 'ticker_sentiment_label': 'Somewhat-Bullish'}, {'ticker': 'WMT', 'relevance_score': '0.637096', 'ticker_sentiment_score': '0.102598', 'ticker_sentiment_label': 'Neutral'}]"
Staples tries to buy Office Depot for the third time,https://www.axios.com/2021/01/11/staples-buy-office-depot-offer,20210111T020341,['Dan Primack'],"Staples has made a third attempt to acquire Office Depot, offering $2.1 billion for the office supplies retailer. Previous attempts in 1996 and 2015 were blocked by federal antitrust regulators. This time, Staples aims to address antitrust concerns by proposing to sell Office Depot's commercial business concurrently with the takeover.",https://images.axios.com/3elAAG92Vkft5LcOP1Dn6nnkfsw=/0x0:1920x1080/1920x1080/2021/01/11/1610385992904.jpg?w=3840,Axios,General,Axios,"[{'topic': 'mergers_and_acquisitions', 'relevance_score': '0.906429'}, {'topic': 'retail_wholesale', 'relevance_score': '0.800264'}]",0.045965,Neutral,"[{'ticker': 'SPLS', 'relevance_score': '1.000000', 'ticker_sentiment_score': '-0.137092', 'ticker_sentiment_label': 'Neutral'}, {'ticker': 'AMZN', 'relevance_score': '0.626587', 'ticker_sentiment_score': '0.107257', 'ticker_sentiment_label': 'Neutral'}, {'ticker': 'WMT', 'relevance_score': '0.620835', 'ticker_sentiment_score': '0.136556', 'ticker_sentiment_label': 'Neutral'}]"
Amazon.com suspends donations to lawmakers who voted against Biden certification,https://www.reuters.com/article/business/amazoncom-suspends-donations-to-lawmakers-who-voted-against-biden-certification-idUSKBN29G2T3/,20210111T112000,['Reuters'],"Amazon.com Inc announced that its political action committee (PAC) would suspend contributions to U.S. lawmakers who voted against the certification of President-elect Joe Biden's election results. This decision was made due to the ""unacceptable attempt to undermine a legitimate democratic process."" An Amazon spokeswoman confirmed the suspension of contributions to any member of Congress who voted to override the election results.",https://www.reuters.com/resizer/v2/https%3A%2F%2Farchive-images.prod.global.a201836.reutersmedia.net%2F2021%2F01%2F11%2FLYNXMPEH0A1KN.JPG?auth=abb81e976045ee0acde45a6a98eace8265af66b493db6b72c8df02c58dc1e6d1&width=1920&quality=80,Reuters,General,Reuters,"[{'topic': 'retail_wholesale', 'relevance_score': '0.727422'}, {'topic': 'economy_fiscal', 'relevance_score': '0.649099'}, {'topic': 'technology', 'relevance_score': '0.615765'}]",0.118147,Neutral,"[{'ticker': 'AMZN', 'relevance_score': '1.000000', 'ticker_sentiment_score': '0.103665', 'ticker_sentiment_label': 'Neutral'}]"
Ballard shares surge after train deal amid hydrogen industry rally,https://www.theglobeandmail.com/business/article-ballard-shares-surge-after-train-deal-amid-hydrogen-industry-rally/,20210112T012549,['Brent Jang'],"Ballard Power Systems Inc. shares sharply increased after announcing a deal to supply fuel cell modules for a hydrogen-powered train demonstration project in Scotland. This surge is part of a broader rally in the hydrogen industry, fueled by recent announcements from companies like Plug Power Inc. and FuelCell Energy Inc., signaling significant momentum in the alternative energy sector. Analysts view Ballard's participation in the train project as a positive indicator for the nascent hydrogen-powered train market and the expanding opportunities in commercial transportation for fuel cell technology.",https://www.theglobeandmail.com/resizer/v2/T4GQP6DDHFF2DPWWN3X6UF5YGE.JPG?auth=6dcd7b7ccdf98fc2c22252a4bcdf1201d47bfe6de7945a5f2d7b1a24eb154dff&width=600&quality=80,The Globe and Mail,General,The Globe and Mail,"[{'topic': 'energy_transportation', 'relevance_score': '0.910996'}, {'topic': 'financial_markets', 'relevance_score': '0.828708'}, {'topic': 'technology', 'relevance_score': '0.631875'}]",0.238408,Somewhat-Bullish,"[{'ticker': 'BLDP', 'relevance_score': '1.000000', 'ticker_sentiment_score': '0.495059', 'ticker_sentiment_label': 'Bullish'}, {'ticker': 'AMZN', 'relevance_score': '0.596563', 'ticker_sentiment_score': '0.143560', 'ticker_sentiment_label': 'Neutral'}, {'ticker': 'WMT', 'relevance_score': '0.585125', 'ticker_sentiment_score': '0.134650', 'ticker_sentiment_label': 'Neutral'}]"
"Comcast yanks political contributions to Republican objectors, citing Capitol riot",https://www.phillyvoice.com/comcast-political-contributions-republican-objectors-capitol-riot/,20210112T012931,['Hannah Kanik'],"Comcast has announced it is suspending political contributions to the 147 Republican officials who voted against certifying the Electoral College results, citing the violence at the U.S. Capitol. This decision aligns Comcast with other major companies like Amazon and Goldman Sachs that are also halting donations to these specific objectors, prompting a review of the company's political giving policies. While some political experts are skeptical of the long-term impact of these suspensions, the action marks a significant response from corporate America to the events following the 2020 election.",https://media.phillyvoice.com/media/images/Comcast__Coronavirus.original.2e16d0ba.fill-735x490.jpg,PhillyVoice,General,PhillyVoice,"[{'topic': 'economy_fiscal', 'relevance_score': '0.937593'}, {'topic': 'finance', 'relevance_score': '0.736941'}]",-0.09929,Neutral,"[{'ticker': 'CMCSV', 'relevance_score': '0.331315', 'ticker_sentiment_score': '0.001670', 'ticker_sentiment_label': 'Neutral'}, {'ticker': 'CMCSA', 'relevance_score': '1.000000', 'ticker_sentiment_score': '-0.119604', 'ticker_sentiment_label': 'Neutral'}, {'ticker': 'AMZN', 'relevance_score': '0.737686', 'ticker_sentiment_score': '-0.122603', 'ticker_sentiment_label': 'Neutral'}, {'ticker': 'GE', 'relevance_score': '0.719911', 'ticker_sentiment_score': '-0.115658', 'ticker_sentiment_label': 'Neutral'}, {'ticker': 'GS', 'relevance_score': '0.723169', 'ticker_sentiment_score': '-0.119760', 'ticker_sentiment_label': 'Neutral'}]"
From brick & mortar to ecommerce in a flash,https://newsroom.cisco.com/c/r/newsroom/en/us/a/y2021/m01/from-brick-mortar-to-ecommerce-in-a-flash.html,20210112T013051,['Stephanie Chan'],"This article details how PVH Corp., owner of brands like Calvin Klein and Tommy Hilfiger, successfully transitioned its business model from brick-and-mortar to e-commerce during the COVID-19 pandemic. By leveraging prior investments in Cisco technology, including networking, collaboration tools, and security, PVH was able to quickly adapt to remote work and a surge in online demand, even breaking previous Black Friday sales records in April 2020. The experience transformed their operating model, demonstrating the critical role of robust technology and security in enabling agility and collaboration.",https://newsroom.cisco.com/c/dam/r/newsroom/en/us/migrated-assets/ecommerce-pvh_feature_800x450_thumb_011221-jpg-2137082-1-0.jpg,Cisco Newsroom,General,Cisco Newsroom,"[{'topic': 'retail_wholesale', 'relevance_score': '0.915518'}, {'topic': 'technology', 'relevance_score': '0.820248'}]",0.417712,Bullish,"[{'ticker': 'CSCO', 'relevance_score': '1.000000', 'ticker_sentiment_score': '0.455215', 'ticker_sentiment_label': 'Bullish'}, {'ticker': 'AMZN', 'relevance_score': '0.609968', 'ticker_sentiment_score': '0.301158', 'ticker_sentiment_label': 'Somewhat-Bullish'}]"
General Motors unveils EV van as part of new commercial business unit,https://www.cnbc.com/2021/01/12/gm-unveils-ev-van-as-part-of-new-commercial-unit-fedex-first-customer.html,20210112T014006,['Michael Wayland'],"General Motors announced a new commercial business unit called BrightDrop, which will launch an all-electric van, the EV600, by the end of 2021. The EV600 will be capable of up to 250 miles per charge, and FedEx will be the first customer, receiving the initial 500 vehicles. This initiative is part of GM's $27 billion investment in electric and autonomous vehicles by 2025, strategically targeting the growing commercial EV market.",https://image.cnbcfm.com/api/v1/image/106823119-16104700831610470080-13457455297-1080pnbcnews.jpg?v=1610470082&w=750&h=422&vtcrop=y,CNBC,General,CNBC,"[{'topic': 'energy_transportation', 'relevance_score': '0.945573'}, {'topic': 'manufacturing', 'relevance_score': '0.811240'}, {'topic': 'technology', 'relevance_score': '0.702345'}]",0.228853,Somewhat-Bullish,"[{'ticker': 'GM', 'relevance_score': '1.000000', 'ticker_sentiment_score': '0.496009', 'ticker_sentiment_label': 'Bullish'}, {'ticker': 'FDX', 'relevance_score': '0.843730', 'ticker_sentiment_score': '0.257254', 'ticker_sentiment_label': 'Somewhat-Bullish'}, {'ticker': 'AMZN', 'relevance_score': '0.602235', 'ticker_sentiment_score': '0.108600', 'ticker_sentiment_label': 'Neutral'}, {'ticker': 'F', 'relevance_score': '0.562808', 'ticker_sentiment_score': '0.118685', 'ticker_sentiment_label': 'Neutral'}]"
"Shopping returns top $428B as Amazon, Walmart say keep it",https://www.foxbusiness.com/lifestyle/shopping-returns-428b-amazon-walmart-keep-it,20210112T023900,['Daniella Genovese'],"In 2020, consumers returned $428 billion worth of merchandise, representing 10.6% of total U.S. retail sales, with online returns significantly increasing due to the pandemic. Major retailers like Amazon and Walmart are now using AI to determine if it's more cost-effective to issue refunds and let customers keep items, especially for inexpensive or bulky products, rather than processing returns. This strategy aims to reduce costs associated with shipping and handling returns, which includes an estimated $5.90 loss to fraud for every $100 in returned merchandise.",,Fox Business,General,Fox Business,"[{'topic': 'retail_wholesale', 'relevance_score': '0.944888'}, {'topic': 'economy_macro', 'relevance_score': '0.807719'}, {'topic': 'technology', 'relevance_score': '0.647987'}]",0.135738,Neutral,"[{'ticker': 'WMT', 'relevance_score': '1.000000', 'ticker_sentiment_score': '0.147791', 'ticker_sentiment_label': 'Neutral'}, {'ticker': 'AMZN', 'relevance_score': '0.932917', 'ticker_sentiment_score': '0.138124', 'ticker_sentiment_label': 'Neutral'}, {'ticker': 'TGT', 'relevance_score': '0.741472', 'ticker_sentiment_score': '0.119940', 'ticker_sentiment_label': 'Neutral'}]"
Synchrony CEO Margaret Keane stepping down after nearly a decade leading the co-branded card lender,https://www.cnbc.com/2021/01/11/synchrony-ceo-margaret-keane-steps-down-.html,20210112T073000,['Kate Rooney'],"Synchrony CEO Margaret Keane is stepping down after nearly a decade, with company president Brian Doubles set to take over. Keane, who led Synchrony's separation from GE and oversaw key partnerships with Amazon and Venmo, will remain as executive chair. Doubles will focus on guiding the company through the pandemic and an accelerated shift to an online economy.",,CNBC,General,CNBC,"[{'topic': 'finance', 'relevance_score': '0.900726'}, {'topic': 'retail_wholesale', 'relevance_score': '0.731698'}]",0.128393,Neutral,"[{'ticker': 'SYF', 'relevance_score': '1.000000', 'ticker_sentiment_score': '0.128213', 'ticker_sentiment_label': 'Neutral'}, {'ticker': 'GE', 'relevance_score': '0.703121', 'ticker_sentiment_score': '0.136234', 'ticker_sentiment_label': 'Neutral'}, {'ticker': 'AMZN', 'relevance_score': '0.621204', 'ticker_sentiment_score': '0.346044', 'ticker_sentiment_label': 'Somewhat-Bullish'}, {'ticker': 'WMT', 'relevance_score': '0.642067', 'ticker_sentiment_score': '-0.110697', 'ticker_sentiment_label': 'Neutral'}]"
Spotify Bets Big on Podcasts as a Path to Profitability,https://www.bloomberg.com/news/features/2021-01-12/spotify-spot-views-joe-rogan-more-podcasts-as-path-to-profitability,20210112T100000,['Lucas Shaw'],"Spotify is facing profitability challenges due to its business model, which dedicates over 70% of its revenue to rights holders, preventing it from making a profit since its inception despite high sales. CEO Daniel Ek believes that podcasts, exemplified by investments in major creators like Joe Rogan, offer a crucial path to profitability by diversifying content beyond music and shifting away from reliance on traditional record labels. This strategy aims to give Spotify more control over content costs and attract more users, thereby securing its financial future.",https://assets.bwbx.io/images/users/iqjWHBFdfxIU/iwdsfvR4hiPY/v0/-1x-1.webp,Bloomberg.com,General,Bloomberg.com,"[{'topic': 'earnings', 'relevance_score': '0.932520'}, {'topic': 'technology', 'relevance_score': '0.822094'}, {'topic': 'finance', 'relevance_score': '0.638941'}]",0.176337,Somewhat-Bullish,"[{'ticker': 'SPOT', 'relevance_score': '1.000000', 'ticker_sentiment_score': '0.267357', 'ticker_sentiment_label': 'Somewhat-Bullish'}, {'ticker': 'AMZN', 'relevance_score': '0.646888', 'ticker_sentiment_score': '0.145169', 'ticker_sentiment_label': 'Neutral'}, {'ticker': 'NFLX', 'relevance_score': '0.633045', 'ticker_sentiment_score': '0.129576', 'ticker_sentiment_label': 'Neutral'}, {'ticker': 'TSLA', 'relevance_score': '0.634771', 'ticker_sentiment_score': '0.129823', 'ticker_sentiment_label': 'Neutral'}]"
Capital One closes its data centres and goes all in with AWS,https://diginomica.com/capital-one-closes-its-data-centres-and-goes-all-aws,20210112T195751,['Derek du Preez'],"Capital One has completed a multi-year transformation, exiting all of its data centers and migrating all applications and systems to the public cloud with AWS. This significant change for a financial institution involved redefining its operating model to become a technology company that does banking, focusing on agile delivery, modern architectural standards, and talent development. The move has enabled Capital One to achieve more frequent releases, reduce errors, and build a new development environment in minutes, leading to cost savings and enhanced innovation.",,Diginomica,General,Diginomica,"[{'topic': 'finance', 'relevance_score': '1.000000'}, {'topic': 'technology', 'relevance_score': '0.911274'}]",0.393784,Bullish,"[{'ticker': 'COF', 'relevance_score': '1.000000', 'ticker_sentiment_score': '0.438008', 'ticker_sentiment_label': 'Bullish'}, {'ticker': 'AMZN', 'relevance_score': '0.733624', 'ticker_sentiment_score': '0.337413', 'ticker_sentiment_label': 'Somewhat-Bullish'}]"
Explainer: What is Parler and why has it been pulled offline?,https://www.reuters.com/business/media-telecom/what-is-parler-why-has-it-been-pulled-offline-2021-01-12/,20210113T003800,['Elizabeth Culliford and Munsif Vengattil'],"Parler, a social media network founded in 2018 as a ""free speech-driven"" space, has been largely adopted by U.S. conservatives. It was taken offline after Amazon suspended its web hosting service, following similar bans by Apple and Google. These companies cited Parler's failure to prevent the spread of posts inciting violence, particularly after the U.S. Capitol unrest, leading Parler to sue Amazon.",https://www.reuters.com/resizer/v2/MJDNI6F6NNN4HF3OJ4AGP4OBQ4.jpg?auth=4c5c9c7e355424b945613f6871111dfff884d1f1b2c1b50a040d4eb478435696&width=1200&quality=80,Reuters,General,Reuters,"[{'topic': 'technology', 'relevance_score': '1.000000'}]",0.050266,Neutral,"[{'ticker': 'AAPL', 'relevance_score': '0.914590', 'ticker_sentiment_score': '0.117794', 'ticker_sentiment_label': 'Neutral'}, {'ticker': 'AMZN', 'relevance_score': '0.855626', 'ticker_sentiment_score': '-0.244515', 'ticker_sentiment_label': 'Somewhat-Bearish'}, {'ticker': 'GOOGL', 'relevance_score': '0.780425', 'ticker_sentiment_score': '0.149611', 'ticker_sentiment_label': 'Neutral'}, {'ticker': 'META', 'relevance_score': '0.617873', 'ticker_sentiment_score': '0.104321', 'ticker_sentiment_label': 'Neutral'}]"
"Oracle Debuts Major Release Of Its Flagship Database, First Since 2019",https://www.crn.com/news/applications-os/oracle-debuts-major-release-of-its-flagship-database-first-since-2019,20210113T015533,[],"Oracle has launched its new 21c Database, the first major release of its flagship database since 2019, incorporating features from a planned 2020 version that was delayed due to the COVID-19 pandemic. The update includes over 200 enhancements such as automated machine learning, blockchain tables for immutability, and persistent memory capabilities. Additionally, Oracle is making its APEX low-code development tools available as a managed cloud service on Oracle Cloud Infrastructure (OCI) to help developers build data-driven applications more quickly and affordably.",,CRN,General,CRN,"[{'topic': 'technology', 'relevance_score': '0.923355'}]",0.216348,Somewhat-Bullish,"[{'ticker': 'ORCL', 'relevance_score': '1.000000', 'ticker_sentiment_score': '0.471975', 'ticker_sentiment_label': 'Bullish'}, {'ticker': 'AMZN', 'relevance_score': '0.612716', 'ticker_sentiment_score': '0.102939', 'ticker_sentiment_label': 'Neutral'}, {'ticker': 'MSFT', 'relevance_score': '0.574615', 'ticker_sentiment_score': '0.149392', 'ticker_sentiment_label': 'Neutral'}, {'ticker': 'GOOGL', 'relevance_score': '0.574960', 'ticker_sentiment_score': '0.146521', 'ticker_sentiment_label': 'Neutral'}]"
Valvoline Launches Bag for Oil,https://www.packagingstrategies.com/articles/102581-valvoline-launches-bag-for-oil,20210113T020931,['NULL'],"Valvoline Inc. has introduced FlexFill, a new gear-oil packaging innovation designed to simplify the automotive DIY experience. This patented bag aims to make changing synthetic gear oil easier in tight spaces and reduce product waste compared to traditional hard plastic bottles. FlexFill is available in two synthetic gear oil grades and can be purchased nationwide and online.",https://www.packagingstrategies.com/ext/resources/fp/PRODUCTS/2021/VALV-FlexFill-Static-2_web.webp?t=1679335264,Packaging Strategies,General,Packaging Strategies,"[{'topic': 'retail_wholesale', 'relevance_score': '0.715490'}, {'topic': 'manufacturing', 'relevance_score': '0.607484'}, {'topic': 'energy_transportation', 'relevance_score': '0.701697'}]",0.25299,Somewhat-Bullish,"[{'ticker': 'VVV', 'relevance_score': '1.000000', 'ticker_sentiment_score': '0.409567', 'ticker_sentiment_label': 'Bullish'}, {'ticker': 'AZO', 'relevance_score': '0.646873', 'ticker_sentiment_score': '0.238914', 'ticker_sentiment_label': 'Somewhat-Bullish'}, {'ticker': 'WMT', 'relevance_score': '0.640809', 'ticker_sentiment_score': '0.228414', 'ticker_sentiment_label': 'Somewhat-Bullish'}, {'ticker': 'AMZN', 'relevance_score': '0.634432', 'ticker_sentiment_score': '0.212368', 'ticker_sentiment_label': 'Somewhat-Bullish'}, {'ticker': 'AMCR', 'relevance_score': '0.615231', 'ticker_sentiment_score': '0.105574', 'ticker_sentiment_label': 'Neutral'}]"
"Amazon, Walmart, Target allowing some customers to keep refunded return items",https://www.fox32chicago.com/news/amazon-walmart-target-allowing-some-customers-to-keep-refunded-return-items,20210113T091000,['Catherine Park'],"Major retailers like Amazon, Walmart, and Target are implementing ""returnless refunds,"" allowing some customers to keep items for which they receive a refund. This strategy aims to reduce shipping and handling costs associated with returns, especially for low-value merchandise or in situations where it's more convenient than processing a return. The move is also influenced by the COVID-19 pandemic, encouraging contactless transactions and discouraging non-essential travel to return goods.",https://images.foxtv.com/static.fox32chicago.com/www.fox32chicago.com/content/uploads/2021/01/764/432/GettyImages-1186234733.jpg?ve=1&tl=1,FOX 32 Chicago,General,FOX 32 Chicago,"[{'topic': 'retail_wholesale', 'relevance_score': '1.000000'}, {'topic': 'economy_macro', 'relevance_score': '0.741254'}, {'topic': 'technology', 'relevance_score': '0.641450'}]",0.136712,Neutral,"[{'ticker': 'TGT', 'relevance_score': '0.947396', 'ticker_sentiment_score': '0.271057', 'ticker_sentiment_label': 'Somewhat-Bullish'}, {'ticker': 'AMZN', 'relevance_score': '0.844028', 'ticker_sentiment_score': '0.229411', 'ticker_sentiment_label': 'Somewhat-Bullish'}, {'ticker': 'WMT', 'relevance_score': '0.770709', 'ticker_sentiment_score': '0.234776', 'ticker_sentiment_label': 'Somewhat-Bullish'}, {'ticker': 'FDX', 'relevance_score': '0.555100', 'ticker_sentiment_score': '-0.124098', 'ticker_sentiment_label': 'Neutral'}, {'ticker': 'UPS', 'relevance_score': '0.551420', 'ticker_sentiment_score': '-0.145323', 'ticker_sentiment_label': 'Neutral'}]"
5 reasons General Motors' shares are trading at all-time highs,https://www.cnbc.com/2021/01/13/5-reasons-why-general-motors-shares-are-trading-all-time-highs.html,20210113T161600,['Michael Wayland'],"General Motors' shares reached all-time highs due to investor confidence in its future business plans, particularly in electric vehicles (EVs). CEO Mary Barra outlined ambitious strategies at the CES technology conference, including a $27 billion investment in EV and autonomous vehicle technology, introducing the BrightDrop commercial EV division, and showcasing an electric air taxi concept. The company's Ultium battery system and continued development in autonomous vehicles also contribute to the positive market outlook.",https://image.cnbcfm.com/api/v1/image/106823119-16104700831610470080-13457455297-1080pnbcnews.jpg?v=1610470082&w=750&h=422&vtcrop=y,CNBC,General,CNBC,"[{'topic': 'financial_markets', 'relevance_score': '0.923269'}, {'topic': 'energy_transportation', 'relevance_score': '0.800737'}, {'topic': 'technology', 'relevance_score': '0.705457'}]",0.200041,Somewhat-Bullish,"[{'ticker': 'GM', 'relevance_score': '1.000000', 'ticker_sentiment_score': '0.475082', 'ticker_sentiment_label': 'Bullish'}, {'ticker': 'TSLA', 'relevance_score': '0.633583', 'ticker_sentiment_score': '0.119656', 'ticker_sentiment_label': 'Neutral'}, {'ticker': 'F', 'relevance_score': '0.555112', 'ticker_sentiment_score': '0.123227', 'ticker_sentiment_label': 'Neutral'}, {'ticker': 'AMZN', 'relevance_score': '0.599235', 'ticker_sentiment_score': '0.059555', 'ticker_sentiment_label': 'Neutral'}]"
Amazon cries foul as trade office names ‘notorious markets’,https://rollcall.com/2021/01/14/amazon-cries-foul-as-trade-office-names-notorious-markets/,20210114T012149,['Ellyn Ferguson'],"The Office of the U.S. Trade Representative (USTR) has again included several Amazon.com Inc. foreign domains on its 2020 list of ""notorious markets"" for counterfeit goods, leading Amazon to label the move as politically motivated. Amazon claims it does more to combat counterfeiting than any other private entity and views its inclusion as a ""personal vendetta"" linked to battles between President Donald Trump and Amazon owner Jeff Bezos. The USTR report, however, cites complaints from U.S. companies regarding Amazon's inadequate vetting of sellers and policing of violations on its platforms in various countries.",https://rollcall.com/app/uploads/2021/01/GettyImages-1230537369.jpg,Roll Call,General,Roll Call,"[{'topic': 'retail_wholesale', 'relevance_score': '0.824395'}, {'topic': 'economy_fiscal', 'relevance_score': '0.707848'}, {'topic': 'technology', 'relevance_score': '0.626924'}]",-0.237224,Somewhat-Bearish,"[{'ticker': 'AMZN', 'relevance_score': '1.000000', 'ticker_sentiment_score': '-0.237336', 'ticker_sentiment_label': 'Somewhat-Bearish'}]"
Poshmark surges 150% on its first day of trading after $277 million IPO,https://markets.businessinsider.com/news/stocks/poshmark-stock-price-surges-post-ipo-first-day-of-trading-2021-1-1029970256,20210114T012419,['Will Daniel'],"Poshmark's stock surged as much as 150% on its Thursday trading debut after its $277 million IPO on Wednesday. The online marketplace for second-hand goods sold 6.6 million shares at $42 each, following an initial marketing range of $35-$39. This successful debut continues a trend of strong investor demand for recent IPOs and SPACs, giving Poshmark a market capitalization over $7 billion.",https://i.insider.com/60008440a8de7700187d3e67?width=700,markets.businessinsider.com,General,markets.businessinsider.com,"[{'topic': 'ipo', 'relevance_score': '1.000000'}, {'topic': 'financial_markets', 'relevance_score': '0.911720'}, {'topic': 'retail_wholesale', 'relevance_score': '0.735516'}, {'topic': 'technology', 'relevance_score': '0.648508'}, {'topic': 'finance', 'relevance_score': '0.645954'}]",0.241459,Somewhat-Bullish,"[{'ticker': 'BCS', 'relevance_score': '0.331672', 'ticker_sentiment_score': '0.046790', 'ticker_sentiment_label': 'Neutral'}, {'ticker': 'GS', 'relevance_score': '0.644447', 'ticker_sentiment_score': '0.342072', 'ticker_sentiment_label': 'Somewhat-Bullish'}, {'ticker': 'MS', 'relevance_score': '0.617083', 'ticker_sentiment_score': '0.318599', 'ticker_sentiment_label': 'Somewhat-Bullish'}, {'ticker': 'PYPL', 'relevance_score': '0.625449', 'ticker_sentiment_score': '0.333218', 'ticker_sentiment_label': 'Somewhat-Bullish'}, {'ticker': 'AMZN', 'relevance_score': '0.623789', 'ticker_sentiment_score': '0.217399', 'ticker_sentiment_label': 'Somewhat-Bullish'}]"
"Disney+ Streaming App: Supported Devices, Bundles & Content",https://abc.com/news/1d1ac9d1-3133-43ec-bb07-5d358d55d1a4/category/2743918,20210114T013230,['Jim Donnelly'],"Disney+ launched on November 12, 2019, offering a vast library of content from Disney, Pixar, Marvel, Star Wars, and National Geographic, alongside original series like ""The Mandalorian."" The service provides a premium, commercial-free viewing experience with multiple streams and profiles, available on various devices. It also offers a bundle option with Hulu and ESPN+ for U.S. subscribers and plans for a global rollout.",https://cdn1.edgedatg.com/aws/v2/abc/DisneyPlusMisc/blog/2886298/f3d706ceadcc7226d19241b76894e828/512x288-Q90_f3d706ceadcc7226d19241b76894e828.jpg,ABC Network,General,ABC Network,"[{'topic': 'technology', 'relevance_score': '0.836665'}]",0.191029,Somewhat-Bullish,"[{'ticker': 'DIS', 'relevance_score': '0.997111', 'ticker_sentiment_score': '0.715594', 'ticker_sentiment_label': 'Bullish'}, {'ticker': 'AMZN', 'relevance_score': '0.619574', 'ticker_sentiment_score': '0.114742', 'ticker_sentiment_label': 'Neutral'}, {'ticker': 'AAPL', 'relevance_score': '0.644255', 'ticker_sentiment_score': '0.140871', 'ticker_sentiment_label': 'Neutral'}, {'ticker': 'GOOG', 'relevance_score': '0.610442', 'ticker_sentiment_score': '0.139400', 'ticker_sentiment_label': 'Neutral'}, {'ticker': 'NFLX', 'relevance_score': '0.594747', 'ticker_sentiment_score': '-0.107060', 'ticker_sentiment_label': 'Neutral'}]"
Why Petco CEO Ron Coughlin Says This IPO Is Different,https://www.businessinsider.com/petco-ceo-ron-coughlin-says-this-ipo-is-different-2021-1,20210114T013746,['Alex Bitter'],"Petco has gone public for the third time, with CEO Ron Coughlin asserting this IPO is different due to the company's strategic focus on integrating retail stores with services, investing in e-commerce, and paying down debt. While Petco faces stiff competition from major e-commerce players like Amazon and Chewy, Coughlin highlights its Vital Care program as a differentiator, combining veterinary care with other offerings. The IPO proceeds will fuel growth initiatives and reduce debt, aiming to strengthen Petco's position in the evolving pet care market.",https://i.insider.com/60006dfbfe7e140019f7ef08?width=700,Business Insider,General,Business Insider,"[{'topic': 'ipo', 'relevance_score': '0.932866'}, {'topic': 'retail_wholesale', 'relevance_score': '0.827732'}]",-0.085288,Neutral,"[{'ticker': 'FORR', 'relevance_score': '0.334942', 'ticker_sentiment_score': '0.038124', 'ticker_sentiment_label': 'Neutral'}, {'ticker': 'AMZN', 'relevance_score': '0.634684', 'ticker_sentiment_score': '-0.113101', 'ticker_sentiment_label': 'Neutral'}, {'ticker': 'TGT', 'relevance_score': '0.640687', 'ticker_sentiment_score': '-0.130530', 'ticker_sentiment_label': 'Neutral'}]"
IBM buys cloud consultancy firm Taos Mountain,https://siliconangle.com/2021/01/14/ibm-buys-cloud-consultancy-firm-taos-mountain/,20210114T014503,['Mike Wheatley'],"IBM has acquired Taos Mountain LLC, a multicloud consulting firm, to strengthen its hybrid cloud capabilities. This acquisition is part of IBM CEO Arvind Krishna's strategy to focus on hybrid cloud computing and help enterprises manage complex multicloud environments. Analysts view this move as IBM filling gaps in its services and enhancing its presence in a competitive market as more companies shift IT workloads to the cloud.",https://d15shllkswkct0.cloudfront.net/wp-content/blogs.dir/1/files/2021/01/IBMs-Global-Center-for-Watson-IoT-in-Munich-Germanyjpg-800x533.jpg,SiliconANGLE,General,SiliconANGLE,"[{'topic': 'mergers_and_acquisitions', 'relevance_score': '0.935443'}, {'topic': 'technology', 'relevance_score': '0.840794'}]",0.186648,Somewhat-Bullish,"[{'ticker': 'IT', 'relevance_score': '0.841110', 'ticker_sentiment_score': '0.233215', 'ticker_sentiment_label': 'Somewhat-Bullish'}, {'ticker': 'IBM', 'relevance_score': '1.000000', 'ticker_sentiment_score': '0.425108', 'ticker_sentiment_label': 'Bullish'}, {'ticker': 'MSFT', 'relevance_score': '0.642068', 'ticker_sentiment_score': '0.142563', 'ticker_sentiment_label': 'Neutral'}, {'ticker': 'AMZN', 'relevance_score': '0.638767', 'ticker_sentiment_score': '0.141788', 'ticker_sentiment_label': 'Neutral'}, {'ticker': 'HPE', 'relevance_score': '0.595983', 'ticker_sentiment_score': '0.101843', 'ticker_sentiment_label': 'Neutral'}]"
Shopify founder injecting investment dollars into B.C.’s General Fusion,https://www.biv.com/news/technology/shopify-founder-injecting-investment-dollars-bcs-general-fusion-8262937,20210114T060900,['Tyler Orton'],"Shopify founder Tobias Lutke and his wife, Fiona McKean, are investing in Burnaby-based General Fusion Inc. through their venture capital firm, Thistledown Capital Inc. The investment will support the development of General Fusion’s demonstration plant, which aims to showcase its clean energy technology and is a stepping stone to commercialization. This is part of a broader trend of cleantech investments by Thistledown Capital, which has also included an investment in CarbonCure Technologies.",,Business in Vancouver,General,Business in Vancouver,"[{'topic': 'technology', 'relevance_score': '0.808495'}, {'topic': 'energy_transportation', 'relevance_score': '0.731378'}, {'topic': 'finance', 'relevance_score': '0.633596'}]",0.194489,Somewhat-Bullish,"[{'ticker': 'SHOP', 'relevance_score': '1.000000', 'ticker_sentiment_score': '0.249502', 'ticker_sentiment_label': 'Somewhat-Bullish'}, {'ticker': 'AMZN', 'relevance_score': '0.639410', 'ticker_sentiment_score': '0.130232', 'ticker_sentiment_label': 'Neutral'}]"
Petco goes public again as spending on dogs and cats soars,https://spectrumlocalnews.com/mo/st-louis/ap-top-news/2021/01/14/petco-goes-public-again-as-spending-on-dogs-and-cats-soars,20210114T173500,['Associated Press'],"Petco went public for the third time, capitalizing on the increased spending on pets by Americans treating them like family members. The company's stock soared on its IPO day, valuing it at over $6 billion, and it plans to use the $864 million raised to pay down debt. Petco has been rebranding to offer more services beyond just pet food, including vet services, grooming, and training, and has seen a revenue increase during the pandemic despite reporting a loss.",https://spectrumlocalnews.com/content/dam/baynews9/ap_photos/PetcoSign.jpg,Spectrum News,General,Spectrum News,"[{'topic': 'ipo', 'relevance_score': '1.000000'}, {'topic': 'retail_wholesale', 'relevance_score': '0.851638'}, {'topic': 'earnings', 'relevance_score': '0.714102'}, {'topic': 'financial_markets', 'relevance_score': '0.668026'}]",0.302366,Somewhat-Bullish,"[{'ticker': 'WOOF', 'relevance_score': '1.000000', 'ticker_sentiment_score': '0.470535', 'ticker_sentiment_label': 'Bullish'}, {'ticker': 'AMZN', 'relevance_score': '0.601072', 'ticker_sentiment_score': '0.105070', 'ticker_sentiment_label': 'Neutral'}]"
"Valero, USAA among San Antonio companies that donated to Republicans who voted to overturn presidential election results",https://www.expressnews.com/news/local/politics/article/Valero-USAA-among-San-Antonio-companies-that-15871173.php,20210114T185000,['Joshua Fechter'],"Two major San Antonio employers, Valero and USAA, are re-evaluating their political spending after the Jan. 6 Capitol assault, having donated significant sums to Republicans who voted to overturn the 2020 presidential election results. Valero has halted all political contributions, while USAA is re-evaluating its criteria. Other local companies like NuStar Energy and iHeartMedia also made substantial donations to these Republicans.",,San Antonio Express-News,General,San Antonio Express-News,"[{'topic': 'economy_fiscal', 'relevance_score': '0.902617'}]",0.083598,Neutral,"[{'ticker': 'VLO', 'relevance_score': '0.997053', 'ticker_sentiment_score': '-0.143796', 'ticker_sentiment_label': 'Neutral'}, {'ticker': 'KO', 'relevance_score': '0.636589', 'ticker_sentiment_score': '0.128697', 'ticker_sentiment_label': 'Neutral'}, {'ticker': 'AMZN', 'relevance_score': '0.648593', 'ticker_sentiment_score': '0.120001', 'ticker_sentiment_label': 'Neutral'}, {'ticker': 'WMT', 'relevance_score': '0.644920', 'ticker_sentiment_score': '0.143589', 'ticker_sentiment_label': 'Neutral'}]"
"Conservative ETF Reshuffles, ‘QQQ’ Sibs Hit $1B",https://www.etf.com/sections/news/conservative-etf-reshuffles-qqq-sibs-hit-1b,20210114T192624,['Cinthia Murphy'],"The American Conservative Values ETF (ACVF) has ceased new purchases of Apple, Amazon, and Google stock due to their perceived censorship of free speech, following their blocking of social media platform Parler. Meanwhile, Invesco's NASDAQ 100 ETF (QQQM) and Invesco NASDAQ Next Gen 100 ETF (QQQJ) have jointly surpassed $1 billion in assets under management in just three months, marking Invesco's most successful launch ever.",,ETF.com,General,ETF.com,"[{'topic': 'financial_markets', 'relevance_score': '0.923464'}, {'topic': 'technology', 'relevance_score': '0.821973'}]",-0.325135,Somewhat-Bearish,"[{'ticker': 'ACVF', 'relevance_score': '1.000000', 'ticker_sentiment_score': '-0.439838', 'ticker_sentiment_label': 'Bearish'}, {'ticker': 'AAPL', 'relevance_score': '0.845986', 'ticker_sentiment_score': '-0.501378', 'ticker_sentiment_label': 'Bearish'}, {'ticker': 'AMZN', 'relevance_score': '0.806459', 'ticker_sentiment_score': '-0.508920', 'ticker_sentiment_label': 'Bearish'}, {'ticker': 'GOOG', 'relevance_score': '0.847658', 'ticker_sentiment_score': '-0.505560', 'ticker_sentiment_label': 'Bearish'}, {'ticker': 'IVZ', 'relevance_score': '0.703534', 'ticker_sentiment_score': '0.322486', 'ticker_sentiment_label': 'Somewhat-Bullish'}]"
Amazon workers in Alabama to vote on union by mail starting in February,https://www.latimes.com/business/story/2021-01-15/amazon-workers-in-alabama-union-vote-by-mail,20210115T012148,['Bloomberg'],"Amazon workers at an Alabama fulfillment center will vote by mail in February and March on whether to join the Retail, Wholesale and Department Store Union, a decision made by the National Labor Relations Board. Amazon, which has largely avoided unions in the U.S., had argued for an in-person vote despite the ongoing pandemic. This marks Amazon's first union vote in the U.S. since 2014, and comes amidst increased scrutiny of working conditions during the pandemic.",https://ca-times.brightspotcdn.com/dims4/default/0c14a7d/2147483647/strip/true/crop/2400x1600+0+0/resize/1200x800!/quality/75/?url=https%3A%2F%2Fcalifornia-times-brightspot.s3.amazonaws.com%2F41%2F69%2F6e63c32746b3bff83ea285175728%2F533781-fi-0501-may-day-amazon-014.IK.jpg,Los Angeles Times,General,Los Angeles Times,"[{'topic': 'retail_wholesale', 'relevance_score': '0.846219'}, {'topic': 'economy_macro', 'relevance_score': '0.620573'}]",-0.170169,Somewhat-Bearish,"[{'ticker': 'AMZN', 'relevance_score': '1.000000', 'ticker_sentiment_score': '-0.236844', 'ticker_sentiment_label': 'Somewhat-Bearish'}, {'ticker': 'WMT', 'relevance_score': '0.640655', 'ticker_sentiment_score': '-0.145543', 'ticker_sentiment_label': 'Neutral'}]"
How self-storage became a $22 billion business,https://www.cnbc.com/2021/01/15/how-self-storage-companies-like-public-storage-and-extra-space-storage-make-billions.html,20210115T082200,['Shawn Baldwin'],"The self-storage industry, a $22 billion business, is experiencing shifting demand due to the coronavirus pandemic and historical drivers like the ""four D's"" (death, divorce, displacement, and disaster). Major players like Public Storage (PSA) and Extra Space Storage (EXR) are navigating these changes, with Public Storage reporting a revenue drop in Q3 2020 but seeing new demand from a robust housing market and urban migration. The industry also faces disruption from on-demand storage companies like Neighbor and Clutter.",,CNBC,General,CNBC,"[{'topic': 'earnings', 'relevance_score': '0.919938'}, {'topic': 'real_estate', 'relevance_score': '0.824062'}, {'topic': 'economy_macro', 'relevance_score': '0.727451'}, {'topic': 'retail_wholesale', 'relevance_score': '0.636426'}]",0.088779,Neutral,"[{'ticker': 'EXR', 'relevance_score': '1.000000', 'ticker_sentiment_score': '0.195690', 'ticker_sentiment_label': 'Somewhat-Bullish'}, {'ticker': 'PSA', 'relevance_score': '0.922500', 'ticker_sentiment_score': '0.149256', 'ticker_sentiment_label': 'Neutral'}, {'ticker': 'AMZN', 'relevance_score': '0.606320', 'ticker_sentiment_score': '0.034847', 'ticker_sentiment_label': 'Neutral'}, {'ticker': 'WMT', 'relevance_score': '0.617660', 'ticker_sentiment_score': '0.004124', 'ticker_sentiment_label': 'Neutral'}]"
Monster Unveils 2021 Product Slate But No Hard Seltzer Yet,https://www.brewbound.com/news/monster-unveils-2021-product-slate-but-no-hard-seltzer-yet/,20210115T121300,['Brad Avery'],"Monster Beverage Corporation did not announce a hard seltzer product during its 2021 Virtual Investors Meeting, despite rising speculation and previous reports of trademark filings. Instead, the company announced new products including slim cans of existing SKUs, line extensions, and redesigns, along with a co-CEO appointment. Monster also reported strong sales growth for the first nine months of 2020 but acknowledged being outpaced by some competitors in dollar sales growth.",,Brewbound,General,Brewbound,"[{'topic': 'earnings', 'relevance_score': '0.907492'}, {'topic': 'retail_wholesale', 'relevance_score': '0.823449'}, {'topic': 'financial_markets', 'relevance_score': '0.601239'}, {'topic': 'finance', 'relevance_score': '0.619288'}]",0.253793,Somewhat-Bullish,"[{'ticker': 'MNST', 'relevance_score': '1.000000', 'ticker_sentiment_score': '0.349314', 'ticker_sentiment_label': 'Somewhat-Bullish'}, {'ticker': 'GS', 'relevance_score': '0.726293', 'ticker_sentiment_score': '0.340145', 'ticker_sentiment_label': 'Somewhat-Bullish'}, {'ticker': 'KO', 'relevance_score': '0.622746', 'ticker_sentiment_score': '0.125151', 'ticker_sentiment_label': 'Neutral'}, {'ticker': 'AMZN', 'relevance_score': '0.623885', 'ticker_sentiment_score': '0.247395', 'ticker_sentiment_label': 'Somewhat-Bullish'}]"
Walmart head of e-commerce Marc Lore leaving amid the retailer’s showdown with Amazon,https://fortune.com/2021/01/15/marc-lore-leaves-walmart-e-commerce/,20210115T123700,"['Matthew Boyle', 'Bloomberg']","Marc Lore, Walmart's head of e-commerce and the founder of Jet.com, is leaving the company on January 31, 2021, and will stay on as a strategic adviser through September. His departure comes as Walmart's competition with Amazon intensifies. Lore was instrumental in revamping Walmart's digital operations after its acquisition of Jet.com in 2016, though not all his initiatives were successful, leading to some tensions and eventual streamlining within the company.",https://fortune.com/img-assets/wp-content/uploads/2018/07/41648315380_d4788a359a_o.jpg?format=webp&w=1440&q=100,Fortune,General,Fortune,"[{'topic': 'retail_wholesale', 'relevance_score': '0.934851'}, {'topic': 'technology', 'relevance_score': '0.814545'}, {'topic': 'mergers_and_acquisitions', 'relevance_score': '0.722802'}]",-0.08956,Neutral,"[{'ticker': 'WMT', 'relevance_score': '1.000000', 'ticker_sentiment_score': '-0.213841', 'ticker_sentiment_label': 'Somewhat-Bearish'}, {'ticker': 'AMZN', 'relevance_score': '0.721931', 'ticker_sentiment_score': '0.137886', 'ticker_sentiment_label': 'Neutral'}]"
"FedEx slaps new fee on big shippers, fueled by e-commerce",https://www.detroitnews.com/story/business/2021/01/15/fedex-slaps-new-fee-big-shippers-fueled-e-commerce/4178298001/,20210115T201244,['Thomas Black'],"FedEx is implementing a new surcharge of 30 cents per residential package for large shippers, those averaging over 30,000 U.S. packages weekly, starting February 15. This fee is attributed to increased pandemic-related costs and sustained high demand for shipping capacity, reflecting the couriers' power to dictate prices due to the e-commerce boom. Analysts view this move positively for both FedEx and UPS, which have seen significant profit increases despite rising operational expenses.",,The Detroit News,General,The Detroit News,"[{'topic': 'earnings', 'relevance_score': '0.828717'}, {'topic': 'economy_macro', 'relevance_score': '0.605990'}, {'topic': 'retail_wholesale', 'relevance_score': '0.702344'}, {'topic': 'energy_transportation', 'relevance_score': '0.946316'}, {'topic': 'financial_markets', 'relevance_score': '0.735945'}]",0.299899,Somewhat-Bullish,"[{'ticker': 'FDX', 'relevance_score': '1.000000', 'ticker_sentiment_score': '0.412803', 'ticker_sentiment_label': 'Bullish'}, {'ticker': 'UPS', 'relevance_score': '0.819739', 'ticker_sentiment_score': '0.395354', 'ticker_sentiment_label': 'Bullish'}, {'ticker': 'AMZN', 'relevance_score': '0.616134', 'ticker_sentiment_score': '0.144708', 'ticker_sentiment_label': 'Neutral'}]"
Netgear Nighthawk XR1000 Gaming Router Review: Congestion Control at Premium Price,https://www.tomshardware.com/reviews/netgear-nighthawk-xr1000,20210115T205209,['Jonas DeMuro'],"The Netgear Nighthawk XR1000 is a high-end gaming router featuring DumaOS 3.0, which offers granular network traffic prioritization and Wi-Fi 6 support. Despite a bumpy setup, a single USB port, and a premium price that includes additional security subscription costs, its congestion control capabilities significantly optimize gaming performance in a busy network. The router is recommended for gamers prioritizing fine-tuned controls over flashy aesthetics.",,Tom's Hardware,General,Tom's Hardware,"[{'topic': 'technology', 'relevance_score': '0.936092'}]",0.133852,Neutral,"[{'ticker': 'NTGR', 'relevance_score': '1.000000', 'ticker_sentiment_score': '0.068441', 'ticker_sentiment_label': 'Neutral'}, {'ticker': 'AMZN', 'relevance_score': '0.625034', 'ticker_sentiment_score': '0.114906', 'ticker_sentiment_label': 'Neutral'}, {'ticker': 'DELL', 'relevance_score': '0.625015', 'ticker_sentiment_score': '0.127778', 'ticker_sentiment_label': 'Neutral'}, {'ticker': 'WMT', 'relevance_score': '0.612555', 'ticker_sentiment_score': '0.144456', 'ticker_sentiment_label': 'Neutral'}]"
"Instacart, Trader Joe’s and other businesses push incentives to get workers vaccinated",https://www.inquirer.com/health/coronavirus/covid-19-vaccine-eligibility-grocery-store-workers-incentives-20210116.html,20210116T081100,['Alexandra Olson and Dee-Ann Durbin'],"Several companies, including Instacart, Trader Joe's, and Dollar General, are offering financial incentives to their employees to encourage them to get vaccinated against COVID-19. This initiative comes as vaccination efforts roll out across the U.S. and some workers express reluctance. While companies can mandate vaccination, many are opting for incentives to ensure business continuity and protect their workforce.",https://www.inquirer.com/resizer/v2/XGWV2LRIJBFVVMJPIIY2UMWVWQ.jpg?auth=92a054777f09876edd4e47276afb5b2136d95168a45d8445c212867cfdd12af9&width=760&height=507&smart=true,Inquirer.com,General,Inquirer.com,"[{'topic': 'life_sciences', 'relevance_score': '0.839326'}, {'topic': 'retail_wholesale', 'relevance_score': '0.800210'}, {'topic': 'economy_macro', 'relevance_score': '0.627497'}]",0.058247,Neutral,"[{'ticker': 'DG', 'relevance_score': '1.000000', 'ticker_sentiment_score': '0.262919', 'ticker_sentiment_label': 'Somewhat-Bullish'}, {'ticker': 'TGT', 'relevance_score': '0.693177', 'ticker_sentiment_score': '-0.057225', 'ticker_sentiment_label': 'Neutral'}, {'ticker': 'AMZN', 'relevance_score': '0.578365', 'ticker_sentiment_score': '-0.149520', 'ticker_sentiment_label': 'Neutral'}]"
PepsiCo introduces bubbly drops for SodaStream,https://www.vendingtimes.com/news/pepsico-introduces-bubbly-drops-for-sodastream/,20210118T015640,[],"PepsiCo Inc. has launched bubly drops, a line of flavored sparkling water flavorings, for SodaStream machines. This collaboration aims to promote sustainability and reduce single-use plastic, offering six no-calorie, no-sweetener, and no-artificial-flavor options. The bubly drops are available at major retailers and online, expanding SodaStream's sustainable offerings.",https://nmgprod.s3.amazonaws.com/media/files/80/7e/807e83f540825267456e7de81822fa9b/cover_image_1610984291.png.960x540_q85_crop_upscale.jpg,Vending Times,General,Vending Times,"[{'topic': 'retail_wholesale', 'relevance_score': '0.802012'}]",0.181752,Somewhat-Bullish,"[{'ticker': 'PEP', 'relevance_score': '0.965772', 'ticker_sentiment_score': '0.328219', 'ticker_sentiment_label': 'Somewhat-Bullish'}, {'ticker': 'WMT', 'relevance_score': '0.634203', 'ticker_sentiment_score': '0.141344', 'ticker_sentiment_label': 'Neutral'}, {'ticker': 'TGT', 'relevance_score': '0.620335', 'ticker_sentiment_score': '0.103435', 'ticker_sentiment_label': 'Neutral'}, {'ticker': 'AMZN', 'relevance_score': '0.618418', 'ticker_sentiment_score': '0.106417', 'ticker_sentiment_label': 'Neutral'}]"
Does a Staples/Office Depot merger now make more sense?,https://retailwire.com/discussion/does-a-staples-office-depot-merger-now-make-more-sense/,20210118T020341,['Tom Ryan'],"Staples is attempting to acquire Office Depot for the third time, proposing a $2.1 billion deal. This renewed effort comes as the office supply retail landscape has drastically shifted due to increased online shopping and work-from-home trends, intensifying competition from Amazon. The article and expert commentary discuss whether this merger, previously blocked due to antitrust concerns, makes more sense now given the altered market dynamics and Office Depot's declining revenues.",,RetailWire,General,RetailWire,"[{'topic': 'mergers_and_acquisitions', 'relevance_score': '0.900913'}, {'topic': 'retail_wholesale', 'relevance_score': '0.818721'}, {'topic': 'economy_macro', 'relevance_score': '0.643908'}]",0.087462,Neutral,"[{'ticker': 'SPLS', 'relevance_score': '0.316491', 'ticker_sentiment_score': '0.000804', 'ticker_sentiment_label': 'Neutral'}, {'ticker': 'AMZN', 'relevance_score': '0.740917', 'ticker_sentiment_score': '0.110651', 'ticker_sentiment_label': 'Neutral'}, {'ticker': 'WMT', 'relevance_score': '0.621495', 'ticker_sentiment_score': '0.147902', 'ticker_sentiment_label': 'Neutral'}, {'ticker': 'TGT', 'relevance_score': '0.581578', 'ticker_sentiment_score': '0.061977', 'ticker_sentiment_label': 'Neutral'}]"
Lee and Wrangler looking to transform India business into omni-channel entities,https://m.economictimes.com/industry/services/retail/lee-and-wrangler-looking-to-transform-india-business-into-omni-channel-entity/articleshow/80329957.cms,20210118T062000,['Rasul Bailay'],"American jeans brands Lee and Wrangler are transitioning their India businesses to an omni-channel model, aiming to double sales within two years by focusing on online channels. This shift involves moving from a fully owned subsidiary to a licensing deal with Bengaluru-based Ace Turtle, an e-commerce solutions provider, to integrate online and offline sales and rapidly expand their digital presence. Ace Turtle plans to increase local sourcing to 95% and optimize the supply chain for quicker online order fulfillment.","https://img.etimg.com/thumb/msid-80329944,width-300,height-225,imgsize-172661,resizemode-75/lee.jpg",The Economic Times,General,The Economic Times,"[{'topic': 'retail_wholesale', 'relevance_score': '0.936843'}]",0.336206,Somewhat-Bullish,"[{'ticker': 'KTB', 'relevance_score': '1.000000', 'ticker_sentiment_score': '0.409195', 'ticker_sentiment_label': 'Bullish'}, {'ticker': 'AMZN', 'relevance_score': '0.608834', 'ticker_sentiment_score': '0.239890', 'ticker_sentiment_label': 'Somewhat-Bullish'}]"
Online TV Streaming Service Market: Strong Growth Continues,https://www.openpr.com/news/2226365/online-tv-streaming-service-market-strong-growth-continues,20210118T110000,['Allied Market Research'],"The online TV streaming service market is experiencing strong growth, driven by technological advancements, urbanization, increased internet/mobile subscriptions, and rising disposable incomes. Key players like Netflix have significantly expanded their subscriber base. The COVID-19 pandemic further accelerated demand, leading to a surge in subscriptions for major streaming platforms.",,openPR.com,General,openPR.com,"[{'topic': 'technology', 'relevance_score': '1.000000'}, {'topic': 'financial_markets', 'relevance_score': '0.824791'}, {'topic': 'economy_macro', 'relevance_score': '0.621594'}]",0.318719,Somewhat-Bullish,"[{'ticker': 'KLTR', 'relevance_score': '0.348594', 'ticker_sentiment_score': '0.045505', 'ticker_sentiment_label': 'Neutral'}, {'ticker': 'AKAM', 'relevance_score': '0.721238', 'ticker_sentiment_score': '0.345363', 'ticker_sentiment_label': 'Somewhat-Bullish'}, {'ticker': 'AMZN', 'relevance_score': '0.910922', 'ticker_sentiment_score': '0.431386', 'ticker_sentiment_label': 'Bullish'}, {'ticker': 'AAPL', 'relevance_score': '0.725842', 'ticker_sentiment_score': '0.448252', 'ticker_sentiment_label': 'Bullish'}, {'ticker': 'GOOG', 'relevance_score': '0.840450', 'ticker_sentiment_score': '0.401192', 'ticker_sentiment_label': 'Bullish'}]"
The bull chasing the bandit: Webull takes on Robinhood,https://kr-asia.com/the-bull-chasing-the-bandit-webull-takes-on-robinhood,20210118T195205,['AJ Cortese'],"This article discusses how Webull, a Chinese-owned digital brokerage, is gaining traction in the US market as a competitor to Robinhood. Webull differentiates itself with a more professional platform, in-depth data, desktop support, and live customer service, appealing to seasoned investors while Robinhood faces regulatory challenges and criticism for its ""gamification"" of investing. Despite being Chinese-owned, Webull has largely flown under the regulatory radar due to its proactive government relations and low-key marketing strategy.",,KrASIA,General,KrASIA,"[{'topic': 'finance', 'relevance_score': '0.948276'}, {'topic': 'technology', 'relevance_score': '0.826358'}, {'topic': 'financial_markets', 'relevance_score': '0.735387'}]",0.101453,Neutral,"[{'ticker': 'BULL', 'relevance_score': '0.337700', 'ticker_sentiment_score': '0.001015', 'ticker_sentiment_label': 'Neutral'}, {'ticker': 'TSLA', 'relevance_score': '0.722639', 'ticker_sentiment_score': '0.300281', 'ticker_sentiment_label': 'Somewhat-Bullish'}, {'ticker': 'AMZN', 'relevance_score': '0.607216', 'ticker_sentiment_score': '0.217185', 'ticker_sentiment_label': 'Somewhat-Bullish'}, {'ticker': 'SCHW', 'relevance_score': '0.713178', 'ticker_sentiment_score': '-0.126766', 'ticker_sentiment_label': 'Neutral'}, {'ticker': 'JPM', 'relevance_score': '0.629598', 'ticker_sentiment_score': '0.136739', 'ticker_sentiment_label': 'Neutral'}]"
"Amazon likely tenant for 143,000-square-foot building coming to Greater Cincinnati",https://www.bizjournals.com/cincinnati/news/2021/01/19/amazon-likely-tenant-for-distribution-center-comin.html,20210119T012149,['Tom Demeropolis'],"Amazon is expected to be the tenant for a new 143,000-square-foot distribution facility planned for West Chester Township. This development suggests Amazon's continued expansion in the Greater Cincinnati area. The article highlights Amazon's potential role as the nation's largest online retailer in this new distribution center.",https://media.bizj.us/view/img/11898103/img0255*900xx4032-2268-0-378.jpg,The Business Journals,General,The Business Journals,"[{'topic': 'real_estate', 'relevance_score': '1.000000'}, {'topic': 'retail_wholesale', 'relevance_score': '0.710302'}, {'topic': 'technology', 'relevance_score': '0.635761'}]",0.207585,Somewhat-Bullish,"[{'ticker': 'AMZN', 'relevance_score': '0.944485', 'ticker_sentiment_score': '0.320879', 'ticker_sentiment_label': 'Somewhat-Bullish'}, {'ticker': 'KR', 'relevance_score': '0.640435', 'ticker_sentiment_score': '0.126409', 'ticker_sentiment_label': 'Neutral'}]"
1M-SF Amazon fulfillment center in Brookshire trades hands,https://www.bizjournals.com/houston/news/2021/01/19/brookshire-amazon-fulfillment-center-trades-hands.html,20210119T012149,['Jeff Jeffrey'],"Exan Capital has acquired an 84-acre property at 31555 Highway 90 in Brookshire, which houses a 1M-SF Amazon fulfillment center. The undisclosed purchase was made from an unnamed publicly traded real estate investment trust. This acquisition is part of a series of related developments in the region, including other Amazon facilities and new distribution centers by companies like Lowe's and Goya Foods.",https://media.bizj.us/view/img/11938562/31555-highway-90*900xx1200-675-0-74.jpg,The Business Journals,General,The Business Journals,"[{'topic': 'real_estate', 'relevance_score': '1.000000'}, {'topic': 'mergers_and_acquisitions', 'relevance_score': '0.844082'}, {'topic': 'retail_wholesale', 'relevance_score': '0.713939'}]",0.10016,Neutral,"[{'ticker': 'AMZN', 'relevance_score': '1.000000', 'ticker_sentiment_score': '0.102928', 'ticker_sentiment_label': 'Neutral'}]"
Why T-Shirts Promoting the Capitol Riot Are Still Available Online (Published 2021),https://www.nytimes.com/2021/01/19/business/qanon-maga-merchandise-amazon-etsy-shopify.html,20210119T013527,['Sapna Maheshwari and Taylor Lorenz'],"Following the Capitol riot, several e-commerce platforms like Amazon, Etsy, and Shopify struggled to remove merchandise promoting the attack and related conspiracy theories. While some companies eventually took down offensive items, many products, including ""Battle for Capitol Hill Veteran"" shirts, remained available, highlighting the platforms' challenges in monitoring third-party sellers. This situation put increased scrutiny on e-commerce companies' oversight of the goods sold through their sites.",https://static01.nyt.com/images/2021/01/19/business/19JPmagamerch1-print/19magamerch-01-articleLarge.jpg?quality=75&auto=webp&disable=upscale,The New York Times,General,The New York Times,"[{'topic': 'retail_wholesale', 'relevance_score': '0.805058'}, {'topic': 'technology', 'relevance_score': '0.727168'}]",-0.251365,Somewhat-Bearish,"[{'ticker': 'ETSY', 'relevance_score': '1.000000', 'ticker_sentiment_score': '-0.287675', 'ticker_sentiment_label': 'Somewhat-Bearish'}, {'ticker': 'AMZN', 'relevance_score': '0.939832', 'ticker_sentiment_score': '-0.218934', 'ticker_sentiment_label': 'Somewhat-Bearish'}]"
World's top 10 most valuable companies,https://www.chinadaily.com.cn/a/202101/19/WS60060e40a31024ad0baa367c.html,20210119T064000,[],"Apple is the most valuable company globally, with a valuation of $2.12 trillion, followed by Microsoft and Amazon. The 2020 Hurun Global 500 report also highlighted that 51 Chinese companies made the list, with their total value increasing significantly. Electric carmakers Nio and Xpeng Motors, along with Beike Zhaofang, were among the top gainers in percentage growth.",https://img2.chinadaily.com.cn/images/202101/19/60060e40a31024adbdaf426e.jpeg,China Daily,General,China Daily,"[{'topic': 'financial_markets', 'relevance_score': '1.000000'}, {'topic': 'economy_macro', 'relevance_score': '0.908506'}, {'topic': 'technology', 'relevance_score': '0.818703'}]",0.336732,Somewhat-Bullish,"[{'ticker': 'BEKE', 'relevance_score': '1.000000', 'ticker_sentiment_score': '0.455902', 'ticker_sentiment_label': 'Bullish'}, {'ticker': 'AAPL', 'relevance_score': '0.913034', 'ticker_sentiment_score': '0.311643', 'ticker_sentiment_label': 'Somewhat-Bullish'}, {'ticker': 'MSFT', 'relevance_score': '0.839904', 'ticker_sentiment_score': '0.307167', 'ticker_sentiment_label': 'Somewhat-Bullish'}, {'ticker': 'AMZN', 'relevance_score': '0.733457', 'ticker_sentiment_score': '0.324196', 'ticker_sentiment_label': 'Somewhat-Bullish'}, {'ticker': 'GOOGL', 'relevance_score': '0.610923', 'ticker_sentiment_score': '0.342963', 'ticker_sentiment_label': 'Somewhat-Bullish'}]"
"Amazon Prime member total reaches 142 million in U.S. with more shoppers opting in for a full year, data shows",https://www.marketwatch.com/story/amazon-prime-member-total-reaches-142-million-in-u-s-with-more-shoppers-opting-in-for-a-full-year-data-shows-11611073132?gaa_at=eafs&gaa_n=AWEtsqdenWT5iD91SHuRpW1FV_IZT0wHnDeS0Q1KD0QC0A_hyqCJUPINYXK5&gaa_ts=699baf2e&gaa_sig=fHDQN89uVm_yksvPMIRsSLkxK7kaGwGHX4y_nBZffD0TOj7A4UeFo86LBHpWBsdYcHJv--V5rEaxlTXe8by1Bw%3D%3D,20210119T111800,['Tonya Garcia'],"Amazon's Prime membership in the U.S. reached 142 million as of December 31, 2020. Data from CIRP indicates a trend towards full-year memberships, with 52% of members holding an annual subscription, up from 49% three months prior. This suggests that while monthly sign-ups spike around the holidays for perks like free shipping, a larger proportion of members are committing to the annual plan.",https://images.mktw.net/im-287091?width=1260&height=840,MarketWatch,General,MarketWatch,"[{'topic': 'retail_wholesale', 'relevance_score': '0.933862'}, {'topic': 'technology', 'relevance_score': '0.842995'}]",0.329775,Somewhat-Bullish,"[{'ticker': 'AMZN', 'relevance_score': '0.982356', 'ticker_sentiment_score': '0.305494', 'ticker_sentiment_label': 'Somewhat-Bullish'}]"
Aurora gets self-driving heavy truck deal as it wraps up buy of Uber unit,https://www.bizjournals.com/sanjose/news/2021/01/19/aurora-wins-truck-deal-closes-uber-unit-purchase.html,20210119T205722,['Cromwell Schubarth'],"Aurora Innovation has secured a strategic partnership with Paccar, a major truck manufacturer, shortly after completing its acquisition of Uber's Advanced Technology Group. The Mountain View-based self-driving tech company now boasts over 1,600 employees across eight locations. This deal positions Aurora to further develop and test its self-driving heavy truck technology.",,The Business Journals,General,The Business Journals,"[{'topic': 'mergers_and_acquisitions', 'relevance_score': '1.000000'}, {'topic': 'technology', 'relevance_score': '0.815263'}, {'topic': 'energy_transportation', 'relevance_score': '0.718907'}]",0.212186,Somewhat-Bullish,"[{'ticker': 'PCAR', 'relevance_score': '0.945647', 'ticker_sentiment_score': '0.309015', 'ticker_sentiment_label': 'Somewhat-Bullish'}, {'ticker': 'UBER', 'relevance_score': '0.849900', 'ticker_sentiment_score': '0.214693', 'ticker_sentiment_label': 'Somewhat-Bullish'}, {'ticker': 'AMZN', 'relevance_score': '0.647253', 'ticker_sentiment_score': '0.110342', 'ticker_sentiment_label': 'Neutral'}]"
Google Defends Against Allegations Of Collusion With Facebook On Ads,https://www.benzinga.com/government/21/01/19208262/google-defends-against-allegations-of-collusion-with-facebook-on-ads,20210119T220935,['Shivdeep Dhaliwal'],"Adam Cohen, Google's director of economic policy, has refuted claims of collusion with Facebook regarding ad-sharing agreements, calling allegations by Texas attorney general Ken Paxton ""misleading."" The defense comes after a New York Times expose detailed an antitrust lawsuit suggesting Google provided special advantages to Facebook. Cohen clarified that Facebook competes in a crowded online advertising space and that their Open Bidding program is not manipulated in Facebook's favor, constituting less than 4% of Google's display ads.",https://cdn.benzinga.com/files/images/story/2025/07/24/article-header-background-image.png?quality=85&auto=webp&width=1300,Benzinga,General,Benzinga,"[{'topic': 'technology', 'relevance_score': '0.910578'}]",-0.135528,Neutral,"[{'ticker': 'FB', 'relevance_score': '0.828528', 'ticker_sentiment_score': '0.111906', 'ticker_sentiment_label': 'Neutral'}, {'ticker': 'GOOGL', 'relevance_score': '1.000000', 'ticker_sentiment_score': '-0.219436', 'ticker_sentiment_label': 'Somewhat-Bearish'}, {'ticker': 'GOOG', 'relevance_score': '0.954302', 'ticker_sentiment_score': '-0.203431', 'ticker_sentiment_label': 'Somewhat-Bearish'}, {'ticker': 'ADBE', 'relevance_score': '0.617054', 'ticker_sentiment_score': '-0.148837', 'ticker_sentiment_label': 'Neutral'}, {'ticker': 'AMZN', 'relevance_score': '0.628431', 'ticker_sentiment_score': '-0.101692', 'ticker_sentiment_label': 'Neutral'}]"
Amazon offers to help Biden speed delivery of COVID vaccines,https://www.aljazeera.com/economy/2021/1/20/bbamazon-offers-to-help-biden-distribute-covid-19-vaccines,20210120T012149,['Spencer Soper and Matt Day and Bloomberg'],"Amazon has offered to assist the Biden administration in accelerating COVID-19 vaccine distribution, leveraging its operational and technological expertise. The company also requested that its frontline workers, numbering over 800,000 in the U.S., receive vaccines at the earliest appropriate time. This offer comes as Amazon faces scrutiny over its growing power and its handling of the pandemic, with some employees and officials criticizing its response to earlier outbreaks among staff.",https://www.aljazeera.com/wp-content/uploads/2021/01/367412891.jpg?resize=770%2C513&quality=80,Al Jazeera,General,Al Jazeera,"[{'topic': 'life_sciences', 'relevance_score': '0.849768'}, {'topic': 'retail_wholesale', 'relevance_score': '0.844354'}, {'topic': 'economy_fiscal', 'relevance_score': '0.726177'}, {'topic': 'technology', 'relevance_score': '0.642921'}]",0.308208,Somewhat-Bullish,"[{'ticker': 'AMZN', 'relevance_score': '0.926432', 'ticker_sentiment_score': '0.325838', 'ticker_sentiment_label': 'Somewhat-Bullish'}]"
New Publishing Market Research 2021-2025 | COVID-19 Market Analysis and Recovery Report | Technavio,https://www.businesswire.com/news/home/20210120005550/en/New-Publishing-Market-Research-2021-2025-COVID-19-Market-Analysis-and-Recovery-Report-Technavio,20210120T015037,[],"Technavio's latest market research report indicates a negative short-term growth in the publishing market due to COVID-19, with a projected decline of USD 18.69 billion between 2021-2025. Despite the growth of e-books, the traditional segment saw maximum growth in 2020, but the digital segment is expected to outpace it in the forecast period. APAC will drive 59% of the growth, fueled by technology adoption in education in countries like India and China, while the market remains fragmented with established vendors.",https://mms.businesswire.com/media/20210120005550/en/853405/4/IRTNTR46583.jpg?download=1,Business Wire,General,Business Wire,"[{'topic': 'financial_markets', 'relevance_score': '0.916318'}, {'topic': 'economy_macro', 'relevance_score': '0.833048'}, {'topic': 'retail_wholesale', 'relevance_score': '0.631644'}]",0.106522,Neutral,"[{'ticker': 'MH', 'relevance_score': '0.331882', 'ticker_sentiment_score': '0.009193', 'ticker_sentiment_label': 'Neutral'}, {'ticker': 'NWSA', 'relevance_score': '0.745967', 'ticker_sentiment_score': '0.132136', 'ticker_sentiment_label': 'Neutral'}, {'ticker': 'AMZN', 'relevance_score': '0.709097', 'ticker_sentiment_score': '0.145328', 'ticker_sentiment_label': 'Neutral'}]"
"Reliance on cloud, APIs create confusion and introduce risk into software development",https://www.scworld.com/news/reliance-on-cloud-apis-create-confusion-and-introduce-risk-into-software-development,20210120T015930,['Derek B. Johnson'],"A survey by Radware and Osterman Research reveals that businesses face significant challenges in securing software development due to increased reliance on cloud hosting and APIs. Less than half of companies have integrated security into their CI/CD pipelines, and many struggle with confusion regarding cloud provider responsibilities and API security. The report emphasizes the need for stronger partnerships between development and security teams, and greater investment in API security solutions to manage new attack vectors.",https://www.scworld.com/_next/image?url=%2F_next%2Fstatic%2Fmedia%2FAppSecPromo.02fb43d2.png&w=1920&q=80,SC Media,General,SC Media,"[{'topic': 'technology', 'relevance_score': '0.836430'}]",0.183229,Somewhat-Bullish,"[{'ticker': 'RDWR', 'relevance_score': '1.000000', 'ticker_sentiment_score': '0.442772', 'ticker_sentiment_label': 'Bullish'}, {'ticker': 'GOOGL', 'relevance_score': '0.601139', 'ticker_sentiment_score': '0.107408', 'ticker_sentiment_label': 'Neutral'}, {'ticker': 'MSFT', 'relevance_score': '0.632481', 'ticker_sentiment_score': '0.135770', 'ticker_sentiment_label': 'Neutral'}, {'ticker': 'AMZN', 'relevance_score': '0.648126', 'ticker_sentiment_score': '0.117298', 'ticker_sentiment_label': 'Neutral'}]"
Site appears to be Amazon.com’s 12th in Northeast Florida,https://www.jaxdailyrecord.com/news/2021/jan/20/site-appears-to-be-amazon-coms-12th-in-northeast-florida/,20210120T052000,['Karen Brune Mathis'],"Amazon.com is planning its 12th Northeast Florida facility, a delivery station identified as DJX7, at the former Harte Hanks marketing facility near The Avenues mall in South Jacksonville. The city is reviewing plans for the 132,000-square-foot warehouse space, which will process packages for final distribution to customers and include fleet parking for company vehicles. This new facility joins six other Amazon delivery stations either open or in review across Jacksonville and St. Johns County.",,Jacksonville Daily Record,General,Jacksonville Daily Record,"[{'topic': 'real_estate', 'relevance_score': '0.945622'}, {'topic': 'retail_wholesale', 'relevance_score': '0.829373'}]",0.13387,Neutral,"[{'ticker': 'HHS', 'relevance_score': '0.329947', 'ticker_sentiment_score': '0.024945', 'ticker_sentiment_label': 'Neutral'}, {'ticker': 'AMZN', 'relevance_score': '1.000000', 'ticker_sentiment_score': '0.205411', 'ticker_sentiment_label': 'Somewhat-Bullish'}]"
"Netgear Orbi 4G LTE (LBR20), hands-on: A versatile router with mesh Wi-Fi, mobile broadband and wired connectivity",https://www.zdnet.com/product/netgear-orbi-orbi-4g-lte-tri-band-wifi-router-lbr20-wireless-router-wwan-802-11a-b-g-n-ac-desktop/,20210120T060900,['Cliff Joseph'],"The Netgear Orbi 4G LTE (LBR20) is a versatile router offering both wired Ethernet and 4G LTE mobile broadband connectivity, making it suitable for locations without traditional internet access or as a backup. It can function as a standalone Wi-Fi router or integrate into an existing Orbi mesh system, providing up to 2.2Gbps Wi-Fi and 1.2Gbps mobile broadband speeds. Priced at £370/$399.99, it supports failover to mobile broadband, ensuring continuous internet access.",https://www.zdnet.com/a/img/2021/01/20/f71ccad5-bc21-49e7-b68b-fab57c524828/orbi-4g-lte-header.jpg,ZDNET,General,ZDNET,"[{'topic': 'technology', 'relevance_score': '0.919303'}]",0.312747,Somewhat-Bullish,"[{'ticker': 'NTGR', 'relevance_score': '1.000000', 'ticker_sentiment_score': '0.435262', 'ticker_sentiment_label': 'Bullish'}, {'ticker': 'AMZN', 'relevance_score': '0.606482', 'ticker_sentiment_score': '0.217174', 'ticker_sentiment_label': 'Somewhat-Bullish'}]"
EXCLUSIVE: Amazon Looking to Locate 1 Million Square Foot Facility in Johnston,https://www.golocalprov.com/business/exclusive-amazon-looking-to-locate-1-million-square-foot-facility-in-johnst,20210120T193550,['GoLocalProv News Team'],"Amazon is reportedly in negotiations to acquire approximately 100 acres near Routes 6 and 295 in Johnston, Rhode Island, to build a 1 million square foot warehouse facility. This move aligns with Amazon's broader strategy to establish numerous smaller delivery hubs across the U.S. to enhance delivery speed and compete with Walmart. Local officials have declined to comment, and Amazon has not responded to inquiries regarding the potential development.",,GoLocalProv,General,GoLocalProv,"[{'topic': 'retail_wholesale', 'relevance_score': '0.916257'}, {'topic': 'real_estate', 'relevance_score': '0.826145'}, {'topic': 'technology', 'relevance_score': '0.729262'}]",0.24351,Somewhat-Bullish,"[{'ticker': 'AMZN', 'relevance_score': '1.000000', 'ticker_sentiment_score': '0.328153', 'ticker_sentiment_label': 'Somewhat-Bullish'}, {'ticker': 'WMT', 'relevance_score': '0.620583', 'ticker_sentiment_score': '0.202144', 'ticker_sentiment_label': 'Somewhat-Bullish'}, {'ticker': 'CVS', 'relevance_score': '0.612566', 'ticker_sentiment_score': '0.127340', 'ticker_sentiment_label': 'Neutral'}]"
Microsoft Is Leasing The Most Data Center Capacity In US,https://www.crn.com/news/data-center/microsoft-is-leasing-the-most-data-center-capacity-in-us,20210120T200629,['NULL'],"Microsoft led U.S. data center capacity leasing in 2020, with capacity tripling nationwide compared to 2019. The company leased 178 megawatts in Virginia alone and is expanding its global data center footprint to support Microsoft Azure. Other major leasers included Bytedance (TikTok), Facebook, Oracle, Google, and Twitter, driven by the shift to remote work during the COVID-19 pandemic.",NULL,CRN Magazine,General,CRN Magazine,"[{'topic': 'technology', 'relevance_score': '0.909401'}, {'topic': 'real_estate', 'relevance_score': '0.707613'}]",0.307916,Somewhat-Bullish,"[{'ticker': 'DLR', 'relevance_score': '0.935604', 'ticker_sentiment_score': '0.310856', 'ticker_sentiment_label': 'Somewhat-Bullish'}, {'ticker': 'MSFT', 'relevance_score': '0.940512', 'ticker_sentiment_score': '0.418776', 'ticker_sentiment_label': 'Bullish'}, {'ticker': 'AMZN', 'relevance_score': '0.639414', 'ticker_sentiment_score': '0.320502', 'ticker_sentiment_label': 'Somewhat-Bullish'}, {'ticker': 'GOOGL', 'relevance_score': '0.624411', 'ticker_sentiment_score': '0.319264', 'ticker_sentiment_label': 'Somewhat-Bullish'}, {'ticker': 'HPE', 'relevance_score': '0.568249', 'ticker_sentiment_score': '0.219675', 'ticker_sentiment_label': 'Somewhat-Bullish'}]"
The evolution of the shopping mall: What consumers want,https://www.retaildive.com/news/the-evolution-of-the-shopping-mall-what-consumers-want/593187/,20210121T013123,"['Barrie Scardina', 'Lee Peterson']","The article discusses the challenges faced by traditional shopping malls due to the rise of e-commerce and declining in-store traffic. It highlights consumer desires, identified through a survey, for new mall concepts focusing on food, health and wellness, and unique experiences to revitalize these properties. The authors emphasize the importance for developers, owners, and investors to adapt to these evolving consumer expectations to maximize revenue and ensure the malls' relevance as community hubs.",https://imgproxy.divecdn.com/p5e5ALS7eu9n17Plee5OSlhmhx9pCejknNb5OIL8Lgo/g:ce/rs:fill:1200:675:1/Z3M6Ly9kaXZlc2l0ZS1zdG9yYWdlL2RpdmVpbWFnZS81bWF5bWFsbC0zLmpwZw==.webp,Retail Dive,General,Retail Dive,"[{'topic': 'retail_wholesale', 'relevance_score': '1.000000'}, {'topic': 'real_estate', 'relevance_score': '0.843276'}, {'topic': 'economy_macro', 'relevance_score': '0.609747'}, {'topic': 'finance', 'relevance_score': '0.607378'}]",0.190811,Somewhat-Bullish,"[{'ticker': 'CWK', 'relevance_score': '0.348753', 'ticker_sentiment_score': '0.017168', 'ticker_sentiment_label': 'Neutral'}, {'ticker': 'AMZN', 'relevance_score': '0.616401', 'ticker_sentiment_score': '0.327344', 'ticker_sentiment_label': 'Somewhat-Bullish'}]"
Global Data Center Market Research 2021-2025 | Market Impact Analysis due to COVID-19 | Technavio,https://www.businesswire.com/news/home/20210121005909/en/Global-Data-Center-Market-Research-2021-2025-Market-Impact-Analysis-due-to-COVID-19-Technavio,20210121T013451,[],"The global data center market is projected to grow by USD 519.34 billion between 2021 and 2025, with a CAGR exceeding 21%. This growth is primarily driven by the increasing adoption of multi-cloud strategies and necessary network upgrades to support 5G technology. The report analyzes the market's components and geographical landscape, offering insights into market sizing, forecast, and vendor analysis, while also considering the impact of COVID-19.",https://mms.businesswire.com/media/20210121005909/en/853824/4/IRTNTR40958.jpg?download=1,Business Wire,General,Business Wire,"[{'topic': 'technology', 'relevance_score': '1.000000'}]",0.326777,Somewhat-Bullish,"[{'ticker': 'EQIX', 'relevance_score': '0.937393', 'ticker_sentiment_score': '0.345960', 'ticker_sentiment_label': 'Somewhat-Bullish'}, {'ticker': 'GOOGL', 'relevance_score': '0.701495', 'ticker_sentiment_score': '0.300111', 'ticker_sentiment_label': 'Somewhat-Bullish'}, {'ticker': 'AMZN', 'relevance_score': '0.728507', 'ticker_sentiment_score': '0.306659', 'ticker_sentiment_label': 'Somewhat-Bullish'}, {'ticker': 'CSCO', 'relevance_score': '0.614846', 'ticker_sentiment_score': '0.307063', 'ticker_sentiment_label': 'Somewhat-Bullish'}, {'ticker': 'IBM', 'relevance_score': '0.608382', 'ticker_sentiment_score': '0.347254', 'ticker_sentiment_label': 'Somewhat-Bullish'}]"
Aisera’s Muddu Sudhakar looks beyond compute and storage for new opportunity,https://siliconangle.com/2021/01/21/aiseras-muddu-sudhakar-looks-beyond-compute-and-storage-for-new-opportunity-cubeoncloud/,20210121T015330,['Mark Albertson'],"Muddu Sudhakar, a serial entrepreneur and CEO of Aisera, believes the next wave in tech will focus on service delivery models and AI rather than just compute and storage. He envisions enterprise workloads largely shifting to the cloud due to economic benefits and sees cloud providers dominating the SaaS market. Sudhakar's company, Aisera, is focused on robotic process automation and plans to leverage remote collaboration technology and AI in this evolving landscape.",https://d15shllkswkct0.cloudfront.net/wp-content/blogs.dir/1/files/2021/01/Muddu-Sudhakar-theCUBE-on-Cloud-2021.png,SiliconANGLE,General,SiliconANGLE,"[{'topic': 'technology', 'relevance_score': '1.000000'}]",0.105569,Neutral,"[{'ticker': 'NOW', 'relevance_score': '0.819634', 'ticker_sentiment_score': '0.122353', 'ticker_sentiment_label': 'Neutral'}, {'ticker': 'IBM', 'relevance_score': '0.649774', 'ticker_sentiment_score': '0.131030', 'ticker_sentiment_label': 'Neutral'}, {'ticker': 'AMZN', 'relevance_score': '0.735131', 'ticker_sentiment_score': '0.126711', 'ticker_sentiment_label': 'Neutral'}]"
"Constellation’s Holger Mueller on Salesforce, Oracle, AWS and the future of cloud software",https://siliconangle.com/2021/01/21/constellations-holger-mueller-offers-views-on-salesforce-oracle-aws-and-the-future-of-saas-cubeoncloud/,20210121T015533,['Mark Albertson'],"Holger Mueller, vice president and principal analyst at Constellation Research Inc., discusses major trends in the cloud industry, including Salesforce's evolution into a platform company with the Slack acquisition. He also touches on Oracle's strong competitive position with its database focus and AWS's strategy in bridging cloud with on-premises workloads. Mueller foresees SaaS models continuing to drive cost reduction and highlights the increasing importance of AI and machine learning in the future of cloud software.",https://d15shllkswkct0.cloudfront.net/wp-content/blogs.dir/1/files/2021/01/Holger-Mueller-theCUBE-on-Cloud-2021.png,SiliconANGLE,General,SiliconANGLE,"[{'topic': 'technology', 'relevance_score': '0.912795'}]",0.176138,Somewhat-Bullish,"[{'ticker': 'ORCL', 'relevance_score': '1.000000', 'ticker_sentiment_score': '0.273527', 'ticker_sentiment_label': 'Somewhat-Bullish'}, {'ticker': 'CRM', 'relevance_score': '0.902582', 'ticker_sentiment_score': '0.325168', 'ticker_sentiment_label': 'Somewhat-Bullish'}, {'ticker': 'AMZN', 'relevance_score': '0.866868', 'ticker_sentiment_score': '0.235877', 'ticker_sentiment_label': 'Somewhat-Bullish'}, {'ticker': 'MSFT', 'relevance_score': '0.601986', 'ticker_sentiment_score': '0.140320', 'ticker_sentiment_label': 'Neutral'}, {'ticker': 'PLTR', 'relevance_score': '0.567673', 'ticker_sentiment_score': '-0.122451', 'ticker_sentiment_label': 'Neutral'}]"
How to Negotiate for a Higher Salary and Better Perks on a Job Offer,https://www.businessinsider.com/how-to-negotiate-higher-salary-better-perks-job-offer-candor,20210121T015950,['Mary Kearl'],"This article provides detailed advice on how to effectively negotiate a job offer, including salary and benefits, based on insights from Candor cofounder Niya Dragova. Key strategies include starting the negotiation early, avoiding disclosing salary expectations upfront, thoroughly understanding the full benefits package, and always negotiating via phone or video calls with a collaborative approach. The piece emphasizes that negotiation is always possible, even during economic slowdowns, and rarely leads to a rescinded offer.",https://i.insider.com/5f31565df0f41974673cbcbe?width=700,Business Insider,General,Business Insider,"[{'topic': 'finance', 'relevance_score': '0.713937'}, {'topic': 'economy_macro', 'relevance_score': '0.623377'}]",0.34433,Somewhat-Bullish,"[{'ticker': 'RHI', 'relevance_score': '0.908386', 'ticker_sentiment_score': '0.331908', 'ticker_sentiment_label': 'Somewhat-Bullish'}, {'ticker': 'AMZN', 'relevance_score': '0.612680', 'ticker_sentiment_score': '0.323304', 'ticker_sentiment_label': 'Somewhat-Bullish'}, {'ticker': 'META', 'relevance_score': '0.601683', 'ticker_sentiment_score': '0.320286', 'ticker_sentiment_label': 'Somewhat-Bullish'}, {'ticker': 'GOOGL', 'relevance_score': '0.602905', 'ticker_sentiment_score': '0.301043', 'ticker_sentiment_label': 'Somewhat-Bullish'}, {'ticker': 'UBER', 'relevance_score': '0.635157', 'ticker_sentiment_score': '0.349151', 'ticker_sentiment_label': 'Somewhat-Bullish'}]"
Sumo Citrus Season Is Back — Here's Where To Buy The Oranges Everyone Is Talking About,https://www.elitedaily.com/p/heres-where-to-buy-the-sumo-citrus-oranges-people-cannot-stop-obsessing-over-58407965,20210121T020200,['Cianna Garrison'],"Sumo Citrus oranges, also known as ""dekopon"" or oversized mandarins, are back in season from January through April. They are popular for their sweet flavor, lack of seeds, and easy-to-peel rind, despite being pricier than regular oranges. The article advises consumers on where to purchase them, including Trader Joe's, Whole Foods, Sprouts, Kroger, and Publix, and reminds them to follow COVID-19 safety guidelines.",https://imgix.bustle.com/uploads/image/2021/1/21/44255ec1-13b6-44fc-b6b9-7bd09b8b28cf-download.png?w=374&h=392&fit=crop&crop=faces&dpr=2,Elite Daily,General,Elite Daily,"[{'topic': 'retail_wholesale', 'relevance_score': '0.813773'}]",0.26661,Somewhat-Bullish,"[{'ticker': 'SFM', 'relevance_score': '1.000000', 'ticker_sentiment_score': '0.318470', 'ticker_sentiment_label': 'Somewhat-Bullish'}, {'ticker': 'KR', 'relevance_score': '0.804312', 'ticker_sentiment_score': '0.252287', 'ticker_sentiment_label': 'Somewhat-Bullish'}, {'ticker': 'WMT', 'relevance_score': '0.637464', 'ticker_sentiment_score': '0.210661', 'ticker_sentiment_label': 'Somewhat-Bullish'}, {'ticker': 'AMZN', 'relevance_score': '0.566407', 'ticker_sentiment_score': '0.246250', 'ticker_sentiment_label': 'Somewhat-Bullish'}]"
Retail marketers invest in livestreams to establish shopping’s ‘next normal’,https://www.marketingdive.com/news/retail-marketers-invest-in-livestreams-to-establish-shoppings-next-normal/593634/,20210121T020731,['Robert Williams'],"Retail marketers are increasingly using shoppable livestreams to engage consumers and drive e-commerce sales, especially as the pandemic keeps shoppers at home. Major brands like Ulta Beauty, Walmart, and Anne Klein are leveraging these interactive mobile experiences to demonstrate products and build direct customer relationships. The trend, already popular in Asia, is gaining traction in the U.S. with platforms like Amazon Live, Shoploop, and TikTok, showing significant growth potential.",https://imgproxy.divecdn.com/1QQQ91_OU5Baty6lMTAHut_VyeDpUvbUfxG6QesKhGw/g:ce/rs:fill:1200:675:1/Z3M6Ly9kaXZlc2l0ZS1zdG9yYWdlL2RpdmVpbWFnZS9XSFBfR2xvYmFsLmpwZw==.webp,Marketing Dive,General,Marketing Dive,"[{'topic': 'retail_wholesale', 'relevance_score': '0.944448'}, {'topic': 'technology', 'relevance_score': '0.825467'}]",0.224516,Somewhat-Bullish,"[{'ticker': 'ULTA', 'relevance_score': '0.933144', 'ticker_sentiment_score': '0.311368', 'ticker_sentiment_label': 'Somewhat-Bullish'}, {'ticker': 'WMT', 'relevance_score': '0.853011', 'ticker_sentiment_score': '0.277081', 'ticker_sentiment_label': 'Somewhat-Bullish'}, {'ticker': 'AMZN', 'relevance_score': '0.743431', 'ticker_sentiment_score': '0.232859', 'ticker_sentiment_label': 'Somewhat-Bullish'}, {'ticker': 'GOOGL', 'relevance_score': '0.625933', 'ticker_sentiment_score': '0.186904', 'ticker_sentiment_label': 'Somewhat-Bullish'}, {'ticker': 'META', 'relevance_score': '0.635534', 'ticker_sentiment_score': '0.181931', 'ticker_sentiment_label': 'Somewhat-Bullish'}]"
ProShares Launches Firm’s First Leveraged Thematic ETFs,https://br.advfn.com/noticias/BW/2021/artigo/84140161,20210121T103000,['Business Wire'],"ProShares has launched its first leveraged thematic investing ETFs: ProShares Ultra Nasdaq Cybersecurity (UCYB) and Ultra Nasdaq Cloud Computing (SKYU). These ETFs aim to deliver two times (2x) the daily performance of their respective underlying indexes,",,ADVFN,General,ADVFN,"[{'topic': 'financial_markets', 'relevance_score': '0.945608'}, {'topic': 'technology', 'relevance_score': '0.847670'}, {'topic': 'finance', 'relevance_score': '0.745331'}]",0.20064,Somewhat-Bullish,"[{'ticker': 'BITU', 'relevance_score': '0.329564', 'ticker_sentiment_score': '0.040088', 'ticker_sentiment_label': 'Neutral'}, {'ticker': 'SMCI', 'relevance_score': '0.615308', 'ticker_sentiment_score': '0.317275', 'ticker_sentiment_label': 'Somewhat-Bullish'}, {'ticker': 'AMZN', 'relevance_score': '0.628124', 'ticker_sentiment_score': '0.345591', 'ticker_sentiment_label': 'Somewhat-Bullish'}]"
Eli Lilly's antibody drug reduces COVID-19 in nursing homes in latest study,https://www.foxbusiness.com/lifestyle/eli-lillys-antibody-drug-reduced-covid-19-in-nursing-homes-study,20210121T105100,['Alexandria Hein'],"Eli Lilly's antibody drug, bamlanivimab, significantly reduced the risk of symptomatic COVID-19 among residents and staff in long-term care facilities during a Phase 3 trial. The study showed up to an 80% lower risk of contracting the virus, with four placebo recipients dying from COVID-19. This positive outcome strengthens the case for expanding the drug's emergency use authorization to prevent the spread of COVID-19 in such vulnerable populations.",http://media.foxbusiness.com/BrightCove/854081161001/202012/834/854081161001_6216370723001_6216371849001-vs.jpg,Fox Business,General,Fox Business,"[{'topic': 'life_sciences', 'relevance_score': '1.000000'}]",0.251645,Somewhat-Bullish,"[{'ticker': 'LLY', 'relevance_score': '1.000000', 'ticker_sentiment_score': '0.410750', 'ticker_sentiment_label': 'Bullish'}, {'ticker': 'AMZN', 'relevance_score': '0.609789', 'ticker_sentiment_score': '0.147167', 'ticker_sentiment_label': 'Neutral'}]"
"Inauguration protests damage Seattle's Original Starbucks, Amazon Go store",https://www.foxbusiness.com/retail/starbucks-amazon-stores-hit-by-protestors-in-their-hometown,20210121T150900,['Daniella Genovese'],"Inauguration protests in Seattle resulted in property damage to several buildings, including the original Starbucks and an Amazon Go store. Police arrested three suspects for property damage, burglary, and felony assault, as the group vandalized buildings, used smoke canisters, and created road obstructions. The protests, which involved burning an American flag and carrying anti-Biden and anti-police signs, reflected similar incidents in Portland following the inauguration.",https://a57.foxnews.com/cf-images.us-east-1.prod.boltdns.net/v1/static/694940094001/0a485a22-7f3a-49c2-a0eb-5283fe2992f6/cf1f36e5-c045-4103-aa22-6014cf5b9f05/1280x720/match/image.jpg,Fox Business,General,Fox Business,"[{'topic': 'retail_wholesale', 'relevance_score': '0.803424'}, {'topic': 'economy_macro', 'relevance_score': '0.722436'}, {'topic': 'finance', 'relevance_score': '0.638714'}]",-0.241745,Somewhat-Bearish,"[{'ticker': 'SBUX', 'relevance_score': '1.000000', 'ticker_sentiment_score': '-0.210824', 'ticker_sentiment_label': 'Somewhat-Bearish'}, {'ticker': 'AMZN', 'relevance_score': '0.928133', 'ticker_sentiment_score': '-0.216212', 'ticker_sentiment_label': 'Somewhat-Bearish'}]"
Walmart to add Western Union services to stores,https://www.retaildive.com/news/walmart-to-add-western-union-services-to-stores/593648/,20210121T213626,['Tatiana Walk-Morris'],"Walmart is expanding its financial service offerings by integrating Western Union money transfers, bill payment, and money order services into over 4,700 U.S. locations starting in spring 2021. This partnership builds on Walmart's broader strategy to enhance financial solutions for its customers, including a new fintech company with Ribbit Capital and existing collaborations with Affirm and Green Dot. The move also places Western Union alongside MoneyGram in Walmart stores, further solidifying the retailer's role in consumer financial transactions.",,Retail Dive,General,Retail Dive,"[{'topic': 'retail_wholesale', 'relevance_score': '0.902049'}, {'topic': 'finance', 'relevance_score': '0.820240'}, {'topic': 'mergers_and_acquisitions', 'relevance_score': '0.641211'}]",0.308884,Somewhat-Bullish,"[{'ticker': 'WU', 'relevance_score': '1.000000', 'ticker_sentiment_score': '0.318095', 'ticker_sentiment_label': 'Somewhat-Bullish'}, {'ticker': 'WMT', 'relevance_score': '0.925320', 'ticker_sentiment_score': '0.325822', 'ticker_sentiment_label': 'Somewhat-Bullish'}, {'ticker': 'AMZN', 'relevance_score': '0.647906', 'ticker_sentiment_score': '0.209628', 'ticker_sentiment_label': 'Somewhat-Bullish'}]"
C3 AI Ex Machina: No-Code AI that Anyone Can Use,https://c3.ai/blog/c3-ai-ex-machina-no-code-ai-that-anyone-can-use/,20210122T012052,['Mark Woollen'],"C3 AI has launched C3 AI Ex Machina, a no-code AI platform designed to enable business and data analysts to develop, scale, and apply AI insights without writing code. This platform addresses the shortage of skilled data scientists and the limitations of existing no-code tools by offering comprehensive end-to-end capabilities for data ingestion, preparation, AI/ML model configuration, and the publication of results to drive business outcomes. It runs on a distributed, cloud-native web interface, ensuring scalability and cost management for enterprises.",https://c3.ai/wp-content/uploads/2020/08/c3-applications.svg,C3 AI,General,C3 AI,"[{'topic': 'technology', 'relevance_score': '1.000000'}]",0.300892,Somewhat-Bullish,"[{'ticker': 'AI', 'relevance_score': '1.000000', 'ticker_sentiment_score': '0.431390', 'ticker_sentiment_label': 'Bullish'}, {'ticker': 'GOOG', 'relevance_score': '0.612828', 'ticker_sentiment_score': '0.248689', 'ticker_sentiment_label': 'Somewhat-Bullish'}, {'ticker': 'AMZN', 'relevance_score': '0.626733', 'ticker_sentiment_score': '0.201059', 'ticker_sentiment_label': 'Somewhat-Bullish'}]"
National Museum of African American Music receives donation from HCA Healthcare,https://www.bizjournals.com/nashville/news/2021/01/22/hca-makes-donation-nmaam-downtown-attraction.html,20210122T014119,['Marq Burnett'],"The National Museum of African American Music (NMAAM) has received a donation from HCA Healthcare. This contribution highlights the importance of recognizing the significant impact African Americans have had on shaping American culture, particularly through music. NMAAM is unique in its dedication to preserving and celebrating over 50 genres and styles of music created or influenced by African Americans.",https://media.bizj.us/view/img/11937859/nmaam-tour-20*320xx3995-5992-3-0.jpg,The Business Journals,General,The Business Journals,"[{'topic': 'finance', 'relevance_score': '0.848921'}, {'topic': 'life_sciences', 'relevance_score': '0.625149'}]",0.406708,Bullish,"[{'ticker': 'HCA', 'relevance_score': '1.000000', 'ticker_sentiment_score': '0.433605', 'ticker_sentiment_label': 'Bullish'}, {'ticker': 'AMZN', 'relevance_score': '0.642114', 'ticker_sentiment_score': '0.402230', 'ticker_sentiment_label': 'Bullish'}]"
"Cut Complexity – Get Rapid, Automated Firewall Deployment in Azure",https://www.paloaltonetworks.com/blog/network-security/cut-complexity-get-rapid-automated-firewall-deployment-in-azure/,20210122T015602,['Vijay Arumugam Kannan'],"Palo Alto Networks has introduced Panorama Orchestrated VM-Series Firewall Deployments in Azure, simplifying firewall deployment and management. This new workflow eliminates the need for complex templates, enabling rapid deployment, scaling, and monitoring of VM-Series virtual firewalls in Azure. The solution aims to reduce user error, boost cost-effectiveness, and maintain consistent security through simplified operations within the Azure environment.",,Palo Alto Networks,General,Palo Alto Networks,"[{'topic': 'technology', 'relevance_score': '0.930674'}]",0.326473,Somewhat-Bullish,"[{'ticker': 'PANW', 'relevance_score': '1.000000', 'ticker_sentiment_score': '0.429789', 'ticker_sentiment_label': 'Bullish'}, {'ticker': 'MSFT', 'relevance_score': '0.720071', 'ticker_sentiment_score': '0.347161', 'ticker_sentiment_label': 'Somewhat-Bullish'}, {'ticker': 'AMZN', 'relevance_score': '0.637857', 'ticker_sentiment_score': '0.252239', 'ticker_sentiment_label': 'Somewhat-Bullish'}, {'ticker': 'FFIV', 'relevance_score': '0.551366', 'ticker_sentiment_score': '0.207724', 'ticker_sentiment_label': 'Somewhat-Bullish'}]"
Marketplaces: bancos y fintech crecen de la mano de sus tiendas on line,https://www.roadshow.com.ar/marketplaces-bancos-y-fintech-crecen-de-la-mano-de-sus-tiendas-on-line/,20210125T012400,"['Por Aldana Jiménez', 'Guadalupe Barriviera']","The article discusses how banks and fintech companies in Argentina are increasingly launching their own online marketplaces, driven by the pandemic and changing consumer habits. These platforms aim to foster commerce, build customer loyalty, and offer financial services. While not directly competing with giants like Mercado Libre, these initiatives like ""Tienda Ciudad"" and ""Tienda Naranja"" have seen significant growth, demonstrating a new trend in the financial sector.",https://www.roadshow.com.ar/wp-content/uploads/que-es-un-marketplace-1078x516.jpg,www.roadshow.com.ar,General,www.roadshow.com.ar,"[{'topic': 'finance', 'relevance_score': '0.912183'}, {'topic': 'technology', 'relevance_score': '0.829125'}, {'topic': 'retail_wholesale', 'relevance_score': '0.728274'}]",0.303826,Somewhat-Bullish,"[{'ticker': 'BBAR', 'relevance_score': '0.930415', 'ticker_sentiment_score': '0.326425', 'ticker_sentiment_label': 'Somewhat-Bullish'}, {'ticker': 'AMZN', 'relevance_score': '0.747285', 'ticker_sentiment_score': '0.410936', 'ticker_sentiment_label': 'Bullish'}, {'ticker': 'MSFT', 'relevance_score': '0.626846', 'ticker_sentiment_score': '0.211383', 'ticker_sentiment_label': 'Somewhat-Bullish'}]"
Corsair HS75 XB Wireless review,https://www.techradar.com/reviews/corsair-hs75-xb-wireless-review,20210125T013047,['John Loeffler'],"The Corsair HS75 XB Wireless gaming headset offers exceptional sound, comfort, and a strong wireless connection, making it a top choice for Xbox Series X/S and Xbox One users. However, its limited compatibility and additional adapter requirement for Windows 10 PCs, along with its high price point, might deter some potential buyers. Despite these drawbacks, its performance and design make it a contender for one of the best wireless Xbox headsets available.",https://cdn.mos.cms.futurecdn.net/QwFHaMNvxw2CdSC53ABFz5.jpg,TechRadar,General,TechRadar,"[{'topic': 'technology', 'relevance_score': '0.940902'}]",0.09872,Neutral,"[{'ticker': 'CRSR', 'relevance_score': '0.986597', 'ticker_sentiment_score': '0.264350', 'ticker_sentiment_label': 'Somewhat-Bullish'}, {'ticker': 'AMZN', 'relevance_score': '0.601755', 'ticker_sentiment_score': '0.038842', 'ticker_sentiment_label': 'Neutral'}, {'ticker': 'WMT', 'relevance_score': '0.580708', 'ticker_sentiment_score': '0.027275', 'ticker_sentiment_label': 'Neutral'}]"
"Young Industry, Old Roots | The 9 Veteran Startups of Quantum Tech",https://thequantuminsider.com/2021/01/25/young-industry-old-roots-the-9-veteran-startups-of-quantum-tech/,20210125T015836,['James Dargan'],"This article identifies and ranks nine veteran startups in the quantum technology space, challenging the common misconception about the oldest companies in the field. It highlights pioneers like D-Wave Systems, MagiQ Technologies, and even non-quantum-focused companies that pivoted into the sector, such as Oxford Instruments and High Precision Devices. The piece also acknowledges later entrants that established themselves despite early skepticism towards quantum technology.",https://thequantuminsider.com/wp-content/uploads/startup-2188679_1920.jpg,The Quantum Insider,General,The Quantum Insider,"[{'topic': 'technology', 'relevance_score': '0.946204'}]",0.2025,Somewhat-Bullish,"[{'ticker': 'QBTS', 'relevance_score': '1.000000', 'ticker_sentiment_score': '0.456315', 'ticker_sentiment_label': 'Bullish'}, {'ticker': 'HON', 'relevance_score': '0.713792', 'ticker_sentiment_score': '0.135564', 'ticker_sentiment_label': 'Neutral'}, {'ticker': 'IBM', 'relevance_score': '0.725267', 'ticker_sentiment_score': '0.136036', 'ticker_sentiment_label': 'Neutral'}, {'ticker': 'GOOGL', 'relevance_score': '0.730051', 'ticker_sentiment_score': '0.146668', 'ticker_sentiment_label': 'Neutral'}, {'ticker': 'AMZN', 'relevance_score': '0.735027', 'ticker_sentiment_score': '0.135842', 'ticker_sentiment_label': 'Neutral'}]"
Fox Corporation appoints Varun Narang as Chief Product Officer,https://www.exchange4media.com/announcements-news/fox-corporation-appoints-varun-narang-as-chief-product-officer-110463.html,20210125T083600,['exchange4media Staff'],"Fox Corporation has appointed Varun Narang as its new Chief Product Officer. In this role, Narang will oversee the company's FOX-branded streaming products and platforms, working to drive digital priorities and accelerate the growth of current and future digital streaming offerings. He previously served as Chief Product Officer of Disney+Hotstar and held senior positions at Hulu, Amazon, and Xerox.",,Exchange4Media,General,Exchange4Media,"[{'topic': 'technology', 'relevance_score': '0.838862'}]",0.287275,Somewhat-Bullish,"[{'ticker': 'FOXA', 'relevance_score': '0.954509', 'ticker_sentiment_score': '0.438431', 'ticker_sentiment_label': 'Bullish'}, {'ticker': 'NFLX', 'relevance_score': '0.624412', 'ticker_sentiment_score': '0.233399', 'ticker_sentiment_label': 'Somewhat-Bullish'}, {'ticker': 'DIS', 'relevance_score': '0.700721', 'ticker_sentiment_score': '0.307329', 'ticker_sentiment_label': 'Somewhat-Bullish'}, {'ticker': 'AMZN', 'relevance_score': '0.608094', 'ticker_sentiment_score': '0.216224', 'ticker_sentiment_label': 'Somewhat-Bullish'}]"
Long Island financial tech startup gets $1M from early Etsy funders,https://www.newsday.com/business/technology/bookkeeper360-etsy-investor-fundraising-fintech-u92507,20210126T013526,['Ken Schachter'],"Bookkeeper360, a Long Island-based financial technology startup, has secured $1 million in funding from brothers Judson and Spencer Ain, who were early angel investors in Etsy Inc. The company offers a subscription-based financial app and services to small businesses, focusing on metrics like working capital and cash-burn analysis. This new investment aims to fuel Bookkeeper360's growth as it expands its integrations and services for e-commerce merchants and other small businesses.",https://www.newsday.com/_next/image?url=https%3A%2F%2Fcdn.newsday.com%2Fimage-service%2Fversion%2Fc%3AN2RiZjBhMTMtMmM1Ny00%3AMTMtMmM1Ny00NjJmYTZi%2Fbzbookkeeper210126_video.jpg%3Ff%3DLandscape%2B16%253A9%26w%3D770%26q%3D1&w=1920&q=80,Newsday,General,Newsday,"[{'topic': 'finance', 'relevance_score': '0.906505'}, {'topic': 'technology', 'relevance_score': '0.838454'}, {'topic': 'retail_wholesale', 'relevance_score': '0.611922'}]",0.203968,Somewhat-Bullish,"[{'ticker': 'ETSY', 'relevance_score': '0.856977', 'ticker_sentiment_score': '0.309385', 'ticker_sentiment_label': 'Somewhat-Bullish'}, {'ticker': 'AMZN', 'relevance_score': '0.614227', 'ticker_sentiment_score': '0.115945', 'ticker_sentiment_label': 'Neutral'}]"
Press release: Groundbreaking Sony Alpha 1 Camera Marks a New Era in Professional Imaging,https://www.sonyalpharumors.com/press-release-groundbreaking-sony-alpha-1-camera-marks-a-new-era-in-professional-imaging/,20210126T020325,[],"Sony Electronics has announced the Alpha 1, a new full-frame mirrorless camera combining high-resolution with high-speed performance, featuring a 50.1-megapixel stacked Exmor RS image sensor, 30fps continuous shooting, and 8K 30p video recording. The Alpha 1 also boasts an advanced electronic viewfinder with a 240 fps refresh rate, improved autofocus with Real-time Eye AF for birds, and enhanced connectivity for professional workflows. This camera is set to be available in March 2021 for approximately $6,500 USD.",https://www.sonyalpharumors.com/wp-content/uploads/2021/01/Sony-A1.jpg,SonyAlphaRumors,General,SonyAlphaRumors,"[{'topic': 'technology', 'relevance_score': '0.907100'}]",0.486476,Bullish,"[{'ticker': 'SONY', 'relevance_score': '1.000000', 'ticker_sentiment_score': '0.872776', 'ticker_sentiment_label': 'Bullish'}, {'ticker': 'AMZN', 'relevance_score': '0.635274', 'ticker_sentiment_score': '0.133328', 'ticker_sentiment_label': 'Neutral'}]"
The SNPE ETF Has Outpaced the S&P 500 Since Its Inception,https://www.etftrends.com/esg-channel/snpe-outpaced-s-p-500-since-inception/,20210126T055252,['Ben Hernandez'],"The Xtrackers S&P 500 ESG ETF (SNPE) has outperformed the S&P 500 since its inception, boasting a 35% gain compared to the S&P 500's 30%. The fund tracks the S&P 500 ESG Index, focusing on companies with strong environmental, social, and governance performance. Analysts are split on whether the ESG trend will continue its momentum, particularly with a new administration taking office.",https://www.etftrends.com/wp-content/uploads/2023/12/responsibleinvesting_OVERLAY_1600x121-1x.png,ETF Trends,General,ETF Trends,"[{'topic': 'financial_markets', 'relevance_score': '0.936072'}, {'topic': 'finance', 'relevance_score': '0.803315'}, {'topic': 'economy_macro', 'relevance_score': '0.732146'}, {'topic': 'technology', 'relevance_score': '0.616081'}]",0.349237,Somewhat-Bullish,"[{'ticker': 'SNPE', 'relevance_score': '1.000000', 'ticker_sentiment_score': '0.419056', 'ticker_sentiment_label': 'Bullish'}, {'ticker': 'SPGI', 'relevance_score': '0.700556', 'ticker_sentiment_score': '0.325740', 'ticker_sentiment_label': 'Somewhat-Bullish'}, {'ticker': 'AAPL', 'relevance_score': '0.619335', 'ticker_sentiment_score': '0.319576', 'ticker_sentiment_label': 'Somewhat-Bullish'}, {'ticker': 'AMZN', 'relevance_score': '0.624898', 'ticker_sentiment_score': '0.332661', 'ticker_sentiment_label': 'Somewhat-Bullish'}, {'ticker': 'MSFT', 'relevance_score': '0.639540', 'ticker_sentiment_score': '0.346469', 'ticker_sentiment_label': 'Somewhat-Bullish'}]"
Walgreens names Starbucks executive Roz Brewer as CEO,https://www.foxbusiness.com/healthcare/walgreens-to-name-starbucks-executive-roz-brewer-as-ceo,20210126T063800,['Thomas Barrabi'],"Walgreens Boots Alliance Inc. has appointed Starbucks chief operating officer Rosalind Brewer as its next CEO, effective March 15. Brewer will be the only Black female leading a Fortune 500 company and previously led Starbucks' digital sales shift, technology overhaul, and pandemic response. She will replace Stefano Pessina, who will become executive chairman of the board.",https://cf-images.us-east-1.prod.boltdns.net/v1/static/694940094001/fc6d4c46-7e34-4852-afdd-560414c3a6bc/b409b61f-d918-44e3-94c8-b6832c6bd0dc/1280x720/match/image.jpg,Fox Business,General,Fox Business,"[{'topic': 'retail_wholesale', 'relevance_score': '0.948537'}, {'topic': 'life_sciences', 'relevance_score': '0.735011'}, {'topic': 'finance', 'relevance_score': '0.609258'}]",0.215867,Somewhat-Bullish,"[{'ticker': 'SBUX', 'relevance_score': '0.855932', 'ticker_sentiment_score': '0.109629', 'ticker_sentiment_label': 'Neutral'}, {'ticker': 'WBA', 'relevance_score': '1.000000', 'ticker_sentiment_score': '0.413939', 'ticker_sentiment_label': 'Bullish'}, {'ticker': 'WMT', 'relevance_score': '0.618894', 'ticker_sentiment_score': '0.129210', 'ticker_sentiment_label': 'Neutral'}, {'ticker': 'AMZN', 'relevance_score': '0.566636', 'ticker_sentiment_score': '0.111091', 'ticker_sentiment_label': 'Neutral'}]"
Qualcomm to supply General Motors with 'cockpit' chips for next generation vehicles,https://www.reuters.com/business/autos-transportation/qualcomm-supply-general-motors-with-cockpit-chips-next-generation-vehicles-2021-01-26/,20210126T153700,['Stephen Nellis'],"Qualcomm Inc announced a deal to supply General Motors Co with a range of chips for its next generation of vehicles. The agreement includes Qualcomm's ""cockpit"" chips for in-dashboard systems and automated driver assistance system chips. Qualcomm's Snapdragon Ride driver-assistance computer is also expected to be in a production vehicle in 2022.",,Reuters,General,Reuters,"[{'topic': 'technology', 'relevance_score': '0.932746'}, {'topic': 'energy_transportation', 'relevance_score': '0.701126'}, {'topic': 'manufacturing', 'relevance_score': '0.612357'}]",0.271349,Somewhat-Bullish,"[{'ticker': 'QCOM', 'relevance_score': '1.000000', 'ticker_sentiment_score': '0.403715', 'ticker_sentiment_label': 'Bullish'}, {'ticker': 'GM', 'relevance_score': '0.930492', 'ticker_sentiment_score': '0.302395', 'ticker_sentiment_label': 'Somewhat-Bullish'}, {'ticker': 'AAPL', 'relevance_score': '0.648910', 'ticker_sentiment_score': '0.101382', 'ticker_sentiment_label': 'Neutral'}, {'ticker': 'AMZN', 'relevance_score': '0.615789', 'ticker_sentiment_score': '0.103853', 'ticker_sentiment_label': 'Neutral'}]"
T. Rowe Price Blue Chip Growth's Manager to Retire,https://www.morningstar.com/funds/t-rowe-price-blue-chip-growths-manager-retire,20210126T204636,['Katie Rushkewicz Reichart'],"Larry Puglia, the long-standing manager of T. Rowe Price Blue Chip Growth (TRBCX) since its inception in 1993, is set to retire at the end of 2021. Paul Greene, who became associate portfolio manager in January 2020, will officially take over on October 1, 2021, ensuring a smooth transition. The strategy maintains Above Average Process and People ratings and a Silver Morningstar Analyst Rating, reflecting confidence in its continued success despite the managerial change.",,Morningstar,General,Morningstar,"[{'topic': 'finance', 'relevance_score': '0.926783'}, {'topic': 'financial_markets', 'relevance_score': '0.712239'}]",0.319053,Somewhat-Bullish,"[{'ticker': 'META', 'relevance_score': '0.833321', 'ticker_sentiment_score': '0.334741', 'ticker_sentiment_label': 'Somewhat-Bullish'}, {'ticker': 'AMZN', 'relevance_score': '0.711251', 'ticker_sentiment_score': '0.317576', 'ticker_sentiment_label': 'Somewhat-Bullish'}, {'ticker': 'TROW', 'relevance_score': '0.934064', 'ticker_sentiment_score': '0.304047', 'ticker_sentiment_label': 'Somewhat-Bullish'}]"
How Elon Musk Became the New Oprah--and Why That Matters to You,https://www.inc.com/jeff-haden/how-elon-musk-became-new-oprah-and-why-that-matters-to-you.html,20210127T013527,['JEFF HADEN'],"Elon Musk has developed an influence similar to Oprah Winfrey's ""Oprah Effect,"" where a single endorsement can cause significant financial impact. An example of this is a tweet by Musk about Etsy, which led to a $1 billion increase in the company's market capitalization. This phenomenon, dubbed the ""Musk Effect,"" demonstrates the power of his social media presence to drive market trends.","https://img-cdn.inc.com/image/upload/f_webp,c_fit,w_1920,q_auto/images/panoramic/getty_930522554_20001440200092800_uujgzh.jpg",Inc.com,General,Inc.com,"[{'topic': 'technology', 'relevance_score': '0.834697'}, {'topic': 'retail_wholesale', 'relevance_score': '0.635782'}]",0.288738,Somewhat-Bullish,"[{'ticker': 'ETSY', 'relevance_score': '1.000000', 'ticker_sentiment_score': '0.425943', 'ticker_sentiment_label': 'Bullish'}, {'ticker': 'AMZN', 'relevance_score': '0.637200', 'ticker_sentiment_score': '0.131902', 'ticker_sentiment_label': 'Neutral'}]"
Precious Metals Outlook 2021: Renewable Energy Will Be a Key Driver,https://www.usfunds.com/resource/precious-metals-outlook-2021/,20210127T014035,['Frank Holmes'],"In 2021, precious metals, especially silver, are expected to continue their strong performance due to the global transition towards renewable energy. Gold saw significant gains in 2020, but faces competition from cryptocurrencies like Bitcoin. The article also anticipates increased corporate activity in the gold mining sector and a growing role for platinum in hydrogen fuel cells, influenced by evolving automotive and energy policies.",https://www.usfunds.com/app/uploads/2021/08/ft-header-precious-metals-01272021.png,USFunds,General,USFunds,"[{'topic': 'financial_markets', 'relevance_score': '0.929801'}, {'topic': 'economy_monetary', 'relevance_score': '0.832944'}, {'topic': 'mergers_and_acquisitions', 'relevance_score': '0.731221'}, {'topic': 'energy_transportation', 'relevance_score': '0.708453'}, {'topic': 'blockchain', 'relevance_score': '0.636971'}]",0.18654,Somewhat-Bullish,"[{'ticker': 'GROW', 'relevance_score': '0.301173', 'ticker_sentiment_score': '0.009364', 'ticker_sentiment_label': 'Neutral'}, {'ticker': 'AMZN', 'relevance_score': '0.637084', 'ticker_sentiment_score': '0.327792', 'ticker_sentiment_label': 'Somewhat-Bullish'}, {'ticker': 'JPM', 'relevance_score': '0.616212', 'ticker_sentiment_score': '-0.142484', 'ticker_sentiment_label': 'Neutral'}, {'ticker': 'NEM', 'relevance_score': '0.630517', 'ticker_sentiment_score': '0.421563', 'ticker_sentiment_label': 'Bullish'}]"
AWS MySQL: MySQL as a Service vs. Self Managed in the Cloud,https://www.netapp.com/blog/aws-cvo-blg-aws-mysql-two-ways-to-enjoy-mysql-as-a-service/,20210127T015345,['Yifat Perry'],"This article explores options for running MySQL databases on AWS, comparing ""MySQL as a Service"" offerings like AWS RDS and Amazon Aurora with a self-managed approach using Amazon EC2 instances. It details the process of creating databases in RDS and Aurora, discusses the pros and cons of managed versus self-managed deployments, and introduces NetApp Cloud Volumes ONTAP as a solution to combine the benefits of both approaches for enterprise-grade MySQL in AWS.",https://www.netapp.com/media/yifat-perry_tcm19-128537.jpg?v=175149,NetApp,General,NetApp,"[{'topic': 'technology', 'relevance_score': '0.932399'}]",0.353447,Bullish,"[{'ticker': 'NTAP', 'relevance_score': '0.801668', 'ticker_sentiment_score': '0.403704', 'ticker_sentiment_label': 'Bullish'}, {'ticker': 'AMZN', 'relevance_score': '0.623650', 'ticker_sentiment_score': '0.268180', 'ticker_sentiment_label': 'Somewhat-Bullish'}]"
"Buying Signavio, SAP gets into business transformation-as-a-service",https://siliconangle.com/2021/01/27/sap-gets-business-transformation-service-rise-sap/,20210127T020105,['Mike Wheatley'],"SAP has launched a new offering called ""RISE with SAP,"" which aims to provide ""Business transformation-as-a-Service"" to help enterprises achieve digital transformation by moving to a cloud and subscription-based model. As part of this initiative, SAP is acquiring Signavio GmbH, a company specializing in business process intelligence, to enhance its capabilities in business process redesign. The RISE with SAP service bundles contracts, SLAs, operations, and support into a single subscription, with customers already operating under this model.",https://d15shllkswkct0.cloudfront.net/wp-content/blogs.dir/1/files/2021/01/image_2021-01-28_090528.png,SiliconANGLE,General,SiliconANGLE,"[{'topic': 'mergers_and_acquisitions', 'relevance_score': '0.908406'}, {'topic': 'technology', 'relevance_score': '0.829767'}]",0.346834,Somewhat-Bullish,"[{'ticker': 'SAP', 'relevance_score': '1.000000', 'ticker_sentiment_score': '0.616484', 'ticker_sentiment_label': 'Bullish'}, {'ticker': 'AMZN', 'relevance_score': '0.730079', 'ticker_sentiment_score': '0.323971', 'ticker_sentiment_label': 'Somewhat-Bullish'}, {'ticker': 'GOOGL', 'relevance_score': '0.731124', 'ticker_sentiment_score': '0.337305', 'ticker_sentiment_label': 'Somewhat-Bullish'}, {'ticker': 'MSFT', 'relevance_score': '0.745894', 'ticker_sentiment_score': '0.303206', 'ticker_sentiment_label': 'Somewhat-Bullish'}, {'ticker': 'ACN', 'relevance_score': '0.649785', 'ticker_sentiment_score': '0.236801', 'ticker_sentiment_label': 'Somewhat-Bullish'}]"
Neo4j unveils cloud graph database for the enterprise,https://www.techtarget.com/searchdatamanagement/news/252495411/Neo4j-unveils-cloud-graph-database-for-the-enterprise,20210127T020651,['Eric Avidon'],"Neo4j has launched Aura Enterprise, its first fully-managed cloud graph database specifically for large organizations, following the earlier release of Aura Professional for SMBs. This new offering allows enterprises to build graph applications at scale, manage large datasets with billions of nodes, and benefit from enterprise-grade security and consumption-based pricing. The move aims to make graph database technology more accessible by lowering adoption barriers and reducing the burden of infrastructure management for data scientists.",https://www.techtarget.com/visuals/searchDataManagement/content_management/datamanagement_article_003_searchsitetablet_520X173.jpg,TechTarget,General,TechTarget,"[{'topic': 'technology', 'relevance_score': '0.849004'}]",0.304069,Somewhat-Bullish,"[{'ticker': 'TTGT', 'relevance_score': '0.844599', 'ticker_sentiment_score': '0.310823', 'ticker_sentiment_label': 'Somewhat-Bullish'}, {'ticker': 'DELL', 'relevance_score': '0.738323', 'ticker_sentiment_score': '0.230784', 'ticker_sentiment_label': 'Somewhat-Bullish'}, {'ticker': 'MSFT', 'relevance_score': '0.636483', 'ticker_sentiment_score': '0.349938', 'ticker_sentiment_label': 'Somewhat-Bullish'}, {'ticker': 'AMZN', 'relevance_score': '0.605892', 'ticker_sentiment_score': '0.336193', 'ticker_sentiment_label': 'Somewhat-Bullish'}]"
Wipro finds its first Brazil head in former AWS exec Douglas Silva,https://www.techcircle.in/2021/01/27/wipro-finds-its-first-brazil-head-in-former-aws-exec-douglas-silva/,20210127T021009,['Supriya Roy'],"Wipro has appointed Douglas Silva as its new country head for Brazil. Silva, a former AWS executive, brings 24 years of IT industry experience, having led AWS's enterprise business growth in Brazil and held roles at Hewlett Packard, TCS, Capgemini, and SAP. This appointment reflects Wipro's commitment to strengthening its presence and growth in the dynamic Latin American market, following strategic investments and acquisitions in the region.",https://assets.techcircle.in/uploads/article-image/2021/01/images/24851-douglas-silva-1.jpg,Techcircle,General,Techcircle,"[{'topic': 'technology', 'relevance_score': '0.800871'}, {'topic': 'finance', 'relevance_score': '0.702472'}, {'topic': 'mergers_and_acquisitions', 'relevance_score': '0.637907'}, {'topic': 'earnings', 'relevance_score': '0.645393'}]",0.27507,Somewhat-Bullish,"[{'ticker': 'WIT', 'relevance_score': '1.000000', 'ticker_sentiment_score': '0.405422', 'ticker_sentiment_label': 'Bullish'}, {'ticker': 'AMZN', 'relevance_score': '0.616584', 'ticker_sentiment_score': '0.254313', 'ticker_sentiment_label': 'Somewhat-Bullish'}, {'ticker': 'HPE', 'relevance_score': '0.632996', 'ticker_sentiment_score': '0.120122', 'ticker_sentiment_label': 'Neutral'}]"
"2022 Acura MDX Review: Tech Pains Curb Family, Luxury Gains",https://www.cars.com/articles/2022-acura-mdx-review-tech-pains-curb-family-luxury-gains-431715/,20210128T012748,['Jennifer Geiger'],"The 2022 Acura MDX receives a redesign, enhancing its family-friendly refinement and comfort with a solid powertrain and improved road manners. While the interior offers upgraded materials and versatile seating options, including a removable second-row middle seat, its new multimedia system with console-area touchpads proves frustrating to use. Despite technology advancements like Amazon Alexa integration, the usability issues with the infotainment system slightly detract from an otherwise appealing luxury SUV package.",https://images.cars.com/cldstatic/wp-content/uploads/acura-mdx-2022-01-exterior--profile--red.jpg,Cars.com,General,Cars.com,"[{'topic': 'energy_transportation', 'relevance_score': '0.911644'}]",0.08831,Neutral,"[{'ticker': 'CARS', 'relevance_score': '0.820165', 'ticker_sentiment_score': '0.141078', 'ticker_sentiment_label': 'Neutral'}, {'ticker': 'F', 'relevance_score': '0.771869', 'ticker_sentiment_score': '0.099483', 'ticker_sentiment_label': 'Neutral'}, {'ticker': 'GM', 'relevance_score': '0.719841', 'ticker_sentiment_score': '0.008142', 'ticker_sentiment_label': 'Neutral'}, {'ticker': 'AMZN', 'relevance_score': '0.589514', 'ticker_sentiment_score': '0.242667', 'ticker_sentiment_label': 'Somewhat-Bullish'}]"
Pro-Ocean: Rocke Group’s New Cryptojacking Malware,https://unit42.paloaltonetworks.com/pro-ocean-rocke-groups-new-cryptojacking-malware/,20210128T015602,['Aviv Sasson'],"Unit 42 researchers have identified ""Pro-Ocean,"" a revised cryptojacking malware used by the Rocke Group, which targets cloud applications to mine Monero. This updated malware features improved rootkit and worm capabilities, uses sophisticated hiding techniques to evade detection, and focuses on cloud providers in China. Pro-Ocean consists of four modules—hiding, mining, infecting, and watchdog—and exploits known vulnerabilities in Apache ActiveMQ, Oracle WebLogic, and Redis to achieve persistence and maximize CPU usage for mining.",,Unit 42,General,Unit 42,"[{'topic': 'blockchain', 'relevance_score': '1.000000'}, {'topic': 'technology', 'relevance_score': '0.804882'}]",0.081771,Neutral,"[{'ticker': 'PANW', 'relevance_score': '0.941972', 'ticker_sentiment_score': '0.313020', 'ticker_sentiment_label': 'Somewhat-Bullish'}, {'ticker': 'ORCL', 'relevance_score': '0.647570', 'ticker_sentiment_score': '-0.141645', 'ticker_sentiment_label': 'Neutral'}, {'ticker': 'AMZN', 'relevance_score': '0.615244', 'ticker_sentiment_score': '-0.133261', 'ticker_sentiment_label': 'Neutral'}]"
Reckitt invests in Bombay Shaving Co,https://timesofindia.indiatimes.com/business/india-business/reckitt-invests-in-bombay-shaving-co/articleshow/80488785.cms,20210128T040000,"['Digbijay Mishra', 'Namrata Singh']","Reckitt Benckiser has led a Rs 45-crore strategic investment in Bombay Shaving Company, demonstrating large consumer goods companies' interest in youth-oriented digital brands. This investment will help Bombay Shaving Co expand into offline retail and leverage Reckitt's expertise in market understanding and R&D. The grooming startup aims to reach 50,000 stores in 30 cities by the end of 2021 and plans to launch new personal care brands to broaden its market beyond male grooming.","https://static.toiimg.com/thumb/msid-47529300,imgsize-110164,width-400,resizemode-4/47529300.jpg",Times of India,General,Times of India,"[{'topic': 'mergers_and_acquisitions', 'relevance_score': '0.934102'}, {'topic': 'retail_wholesale', 'relevance_score': '0.716517'}]",0.276208,Somewhat-Bullish,"[{'ticker': 'CL', 'relevance_score': '1.000000', 'ticker_sentiment_score': '0.222680', 'ticker_sentiment_label': 'Somewhat-Bullish'}, {'ticker': 'PG', 'relevance_score': '0.734658', 'ticker_sentiment_score': '0.304985', 'ticker_sentiment_label': 'Somewhat-Bullish'}, {'ticker': 'AMZN', 'relevance_score': '0.641168', 'ticker_sentiment_score': '0.225771', 'ticker_sentiment_label': 'Somewhat-Bullish'}]"
Walmart plans big push to challenge Amazon on advertising,https://www.reuters.com/article/business/walmart-plans-big-push-to-challenge-amazon-on-advertising-idUSKBN29X1Q9/,20210128T075000,['Melissa Fares and Sheila Dang'],"Walmart is significantly expanding its advertising business, aiming to become a top 10 U.S. advertising platform within five years and challenge Amazon. The retailer plans to sell ads in its U.S. stores and share shopper data with brands through a new platform developed with Trade Desk Inc., allowing advertisers to target customers and measure sales effectiveness in real-time. This strategy leverages Walmart's physical stores and vast data to compete in the growing retail media space.",https://www.reuters.com/resizer/v2/https%3A%2F%2Farchive-images.prod.global.a201836.reutersmedia.net%2F2021%2F01%2F28%2FLYNXMPEH0R11J.JPG?auth=710c68c0a1a1f190b861f9274a232245424af65117c8627df774080efcc36a34&width=1080&quality=80,Reuters,General,Reuters,"[{'topic': 'retail_wholesale', 'relevance_score': '1.000000'}, {'topic': 'technology', 'relevance_score': '0.826639'}, {'topic': 'finance', 'relevance_score': '0.613077'}]",0.176683,Somewhat-Bullish,"[{'ticker': 'AMZN', 'relevance_score': '0.781840', 'ticker_sentiment_score': '-0.143281', 'ticker_sentiment_label': 'Neutral'}, {'ticker': 'WMT', 'relevance_score': '0.954614', 'ticker_sentiment_score': '0.301180', 'ticker_sentiment_label': 'Somewhat-Bullish'}, {'ticker': 'TTD', 'relevance_score': '0.647918', 'ticker_sentiment_score': '0.237293', 'ticker_sentiment_label': 'Somewhat-Bullish'}]"
Forget Procter & Gamble: Here Are 3 Better Dividend Stocks,https://www.fool.com/investing/2021/01/28/forget-procter-gamble-3-better-dividend-stocks/,20210128T084500,['James Brumley'],"This article suggests three dividend stocks—Stag Industrial, JPMorgan Chase, and American Electric Power—as better options than Procter & Gamble for income-focused investors. It highlights Stag Industrial's REIT structure and solid tenant base, JPMorgan Chase's financial resilience and growth in corporate/investment banking, and American Electric Power's strong dividend growth and proactive shift towards renewable energy sources. Each company's dividend yield, growth rate, and competitive advantages are detailed.",https://g.foolcdn.com/image/?url=https%3A%2F%2Fg.foolcdn.com%2Feditorial%2Fimages%2F609716%2Fdividends.jpg&w=3840&op=resize,The Motley Fool,General,The Motley Fool,"[{'topic': 'financial_markets', 'relevance_score': '0.909363'}, {'topic': 'real_estate', 'relevance_score': '0.704496'}, {'topic': 'finance', 'relevance_score': '0.729259'}]",0.260503,Somewhat-Bullish,"[{'ticker': 'PG', 'relevance_score': '0.852429', 'ticker_sentiment_score': '-0.201374', 'ticker_sentiment_label': 'Somewhat-Bearish'}, {'ticker': 'JPM', 'relevance_score': '0.918835', 'ticker_sentiment_score': '0.408717', 'ticker_sentiment_label': 'Bullish'}, {'ticker': 'AEP', 'relevance_score': '0.895237', 'ticker_sentiment_score': '0.382468', 'ticker_sentiment_label': 'Bullish'}, {'ticker': 'AMZN', 'relevance_score': '0.633206', 'ticker_sentiment_score': '0.300812', 'ticker_sentiment_label': 'Somewhat-Bullish'}]"
"Here are the biggest short squeezes in the stock market, including GameStop and AMC",https://www.marketwatch.com/story/here-are-the-biggest-short-squeezes-in-the-stock-market-including-gamestop-and-amc-11611842270?gaa_at=eafs&gaa_n=AWEtsqc7icB9SRXpYwsTTyRxt9hzUPQrjgQ-N_YmJnRf-oZcwcNZOdA5FsM-&gaa_ts=6907c085&gaa_sig=OFT9tdoqAU56962_-Xc5fHEfEQGBbmFWlFZwJr32AJRrJBQdzTYZbG9UJFLqLX2K2c4_VEp58hQSIiDfZgRZwQ%3D%3D,20210128T085700,['Philip van Doorn'],"The article discusses the biggest short squeezes observed in the stock market, focusing on GameStop and AMC Entertainment. It notes that dozens of heavily shorted stocks have seen significant increases in 2021, driven by individual investors on social media. GameStop was up 1,745% and AMC Entertainment 839% through January 27, 2021.",NULL,MarketWatch,General,MarketWatch,"[{'topic': 'financial_markets', 'relevance_score': '0.943793'}]",0.356179,Bullish,"[{'ticker': 'GME', 'relevance_score': '1.000000', 'ticker_sentiment_score': '0.549423', 'ticker_sentiment_label': 'Bullish'}, {'ticker': 'AMZN', 'relevance_score': '0.633426', 'ticker_sentiment_score': '0.219974', 'ticker_sentiment_label': 'Somewhat-Bullish'}]"
Television makers see brighter prospects,https://global.chinadaily.com.cn/a/202101/28/WS6012159ca31024ad0baa5a77.html,20210128T093800,['FAN FEIFEI'],"China's television manufacturing industry expects an 8.4% revenue increase to 131.1 billion yuan ($20.3 billion) in 2021, driven by new-generation flat-panel display technologies and consumption upgrades. Despite a 9.1% unit sales drop in 2020 due to COVID-19, online sales soared, and larger, intelligent TVs along with advanced display technologies like 8K, QLED, OLED, and Micro LED are fueling market growth and competition among manufacturers.",https://img2.chinadaily.com.cn/images/202101/28/6012159ba31024adbdb15f00.jpeg,China Daily - Global Edition,General,China Daily - Global Edition,"[{'topic': 'manufacturing', 'relevance_score': '0.906495'}, {'topic': 'technology', 'relevance_score': '0.805405'}, {'topic': 'retail_wholesale', 'relevance_score': '0.736821'}, {'topic': 'economy_macro', 'relevance_score': '0.629099'}]",0.278238,Somewhat-Bullish,"[{'ticker': 'LPL', 'relevance_score': '0.927910', 'ticker_sentiment_score': '0.307802', 'ticker_sentiment_label': 'Somewhat-Bullish'}, {'ticker': 'AMZN', 'relevance_score': '0.731690', 'ticker_sentiment_score': '0.210336', 'ticker_sentiment_label': 'Somewhat-Bullish'}, {'ticker': 'GOOGL', 'relevance_score': '0.634022', 'ticker_sentiment_score': '0.228392', 'ticker_sentiment_label': 'Somewhat-Bullish'}]"
HRC Index: 51 Retailers Named Best Places to Work for LGBTQ Equality,https://www.retailtouchpoints.com/features/news-briefs/hrc-index-51-retailers-named-best-places-to-work-for-lgbtq-equality,20210128T115200,['Jessie Dowd'],"The Human Rights Campaign (HRC) Foundation's 2021 Corporate Equality Index (CEI) recognized 51 retail companies as ""Best Places to Work for LGBTQ Equality"" for achieving a 100% ranking. The retail industry continues to be a leader in LGBTQ workplace equality, with significant progress noted in transgender-inclusive initiatives. The CEI criteria assess non-discrimination policies, equitable benefits, inclusive culture, and corporate social responsibility.",,Retail TouchPoints,General,Retail TouchPoints,"[{'topic': 'retail_wholesale', 'relevance_score': '0.920748'}, {'topic': 'economy_macro', 'relevance_score': '0.648073'}]",0.711441,Bullish,"[{'ticker': 'BBY', 'relevance_score': '0.909432', 'ticker_sentiment_score': '0.701199', 'ticker_sentiment_label': 'Bullish'}, {'ticker': 'AMZN', 'relevance_score': '0.648092', 'ticker_sentiment_score': '0.731437', 'ticker_sentiment_label': 'Bullish'}, {'ticker': 'EL', 'relevance_score': '0.611895', 'ticker_sentiment_score': '0.727329', 'ticker_sentiment_label': 'Bullish'}, {'ticker': 'HAS', 'relevance_score': '0.649079', 'ticker_sentiment_score': '0.742887', 'ticker_sentiment_label': 'Bullish'}, {'ticker': 'KMX', 'relevance_score': '0.640057', 'ticker_sentiment_score': '0.741242', 'ticker_sentiment_label': 'Bullish'}]"
Walmart plans big push to challenge Amazon on advertising,https://www.reuters.com/business/retail-consumer/walmart-plans-big-push-challenge-amazon-advertising-2021-01-28/,20210128T130800,['Melissa Fares and Sheila Dang'],"Walmart announced plans to significantly expand its advertising business, aiming to become a top 10 U.S. advertising platform within five years and challenge Amazon's dominance. The retailer will add ad space in its U.S. stores and leverage its shopper data to make ads more effective through a partnership with Trade Desk Inc. This strategy focuses on in-house advertising and utilizing its physical presence and vast data to offer measurable ad solutions to brands.",https://www.reuters.com/resizer/v2/5TKECGSGXVKDJGLKURYQM3VFUQ.jpg?auth=f95b380a4375a6d880569855ab8d98567b4c5de76215ed1c6abe37ba1ec95c9a&width=1080&quality=80,Reuters,General,Reuters,"[{'topic': 'retail_wholesale', 'relevance_score': '0.800201'}, {'topic': 'technology', 'relevance_score': '0.710474'}]",0.316066,Somewhat-Bullish,"[{'ticker': 'WMT', 'relevance_score': '1.000000', 'ticker_sentiment_score': '0.435073', 'ticker_sentiment_label': 'Bullish'}, {'ticker': 'AMZN', 'relevance_score': '0.713951', 'ticker_sentiment_score': '0.226752', 'ticker_sentiment_label': 'Somewhat-Bullish'}, {'ticker': 'TTD', 'relevance_score': '0.614962', 'ticker_sentiment_score': '0.300472', 'ticker_sentiment_label': 'Somewhat-Bullish'}]"
Amazon Keeps Buying Pricey Jets to Meet Customer Demand,https://www.supplychainbrain.com/articles/32494-amazon-keeps-buying-pricey-jets-to-meet-customer-demand,20210128T193551,['Bloomberg'],"Amazon is significantly expanding its Amazon Air cargo fleet by purchasing 11 Boeing 767-300 jets to meet surging customer demand for one- and two-day shipping, especially after the pandemic exacerbated the strain on traditional carriers like UPS and FedEx. This expansion, while costly, is deemed a necessity to maintain delivery pledges and overcome logistical bottlenecks. The company is also opening a $1.5 billion cargo terminal in Cincinnati/Northern Kentucky airport to support its growing air operations.",,Supply Chain Brain,General,Supply Chain Brain,"[{'topic': 'retail_wholesale', 'relevance_score': '0.829535'}, {'topic': 'energy_transportation', 'relevance_score': '0.707858'}, {'topic': 'technology', 'relevance_score': '0.614729'}, {'topic': 'economy_macro', 'relevance_score': '0.611272'}]",-0.08917,Neutral,"[{'ticker': 'AMZN', 'relevance_score': '1.000000', 'ticker_sentiment_score': '0.140711', 'ticker_sentiment_label': 'Neutral'}, {'ticker': 'BA', 'relevance_score': '0.703999', 'ticker_sentiment_score': '0.134959', 'ticker_sentiment_label': 'Neutral'}, {'ticker': 'UPS', 'relevance_score': '0.702880', 'ticker_sentiment_score': '-0.206328', 'ticker_sentiment_label': 'Somewhat-Bearish'}, {'ticker': 'FDX', 'relevance_score': '0.609504', 'ticker_sentiment_score': '-0.288006', 'ticker_sentiment_label': 'Somewhat-Bearish'}, {'ticker': 'DAL', 'relevance_score': '0.593548', 'ticker_sentiment_score': '-0.105875', 'ticker_sentiment_label': 'Neutral'}]"
Costco logistics center would be Lewis County's largest building,https://www.bizjournals.com/seattle/news/2021/01/29/costco-facility-would-be-lewis-countys-largest.html,20210129T013012,['Marc Stiles'],"Costco is considering building a 1.5 million-square-foot logistics center in Lewis County, which would be the largest building in the county. This project, if it moves forward, would be the third major distribution center for Lewis County, a strategic location between Seattle and Portland. The Port of Chehalis is currently studying the feasibility of this massive development.",https://media.bizj.us/view/img/11946578/costcologisticssite*900xx3300-1856-0-117.jpg,The Business Journals,General,The Business Journals,"[{'topic': 'real_estate', 'relevance_score': '0.818072'}, {'topic': 'retail_wholesale', 'relevance_score': '0.724357'}, {'topic': 'economy_macro', 'relevance_score': '0.640879'}, {'topic': 'energy_transportation', 'relevance_score': '0.631325'}]",0.213488,Somewhat-Bullish,"[{'ticker': 'COST', 'relevance_score': '1.000000', 'ticker_sentiment_score': '0.300447', 'ticker_sentiment_label': 'Somewhat-Bullish'}, {'ticker': 'AMZN', 'relevance_score': '0.643663', 'ticker_sentiment_score': '0.105876', 'ticker_sentiment_label': 'Neutral'}, {'ticker': 'WMT', 'relevance_score': '0.617146', 'ticker_sentiment_score': '0.104195', 'ticker_sentiment_label': 'Neutral'}]"
BI vendor Phocas raises funds to build predictive analytics,https://www.techtarget.com/searchbusinessanalytics/news/252495625/BI-vendor-Phocas-raises-funds-to-build-predictive-analytics,20210129T020651,['Eric Avidon'],"Phocas Software, an Australian-based BI vendor, secured $34 million in venture capital funding to expand its presence, further develop its analytics products, and accelerate growth in the U.S. and U.K. The funding will support the company's move into predictive analytics and new industry verticals. Phocas, which was previously self-funded for 20 years, aims to reach $100 million in revenue.",https://www.techtarget.com/visuals/searchBusinessAnalytics/data_analytics/businessanalytics_article_013_searchsitetablet_520X173.jpg,TechTarget,General,TechTarget,"[{'topic': 'technology', 'relevance_score': '0.823910'}, {'topic': 'finance', 'relevance_score': '0.730713'}, {'topic': 'manufacturing', 'relevance_score': '0.646610'}, {'topic': 'retail_wholesale', 'relevance_score': '0.629501'}]",0.185955,Somewhat-Bullish,"[{'ticker': 'TTGT', 'relevance_score': '0.629787', 'ticker_sentiment_score': '-0.136333', 'ticker_sentiment_label': 'Neutral'}, {'ticker': 'TMO', 'relevance_score': '0.615131', 'ticker_sentiment_score': '0.216396', 'ticker_sentiment_label': 'Somewhat-Bullish'}, {'ticker': 'MSFT', 'relevance_score': '0.613480', 'ticker_sentiment_score': '0.246852', 'ticker_sentiment_label': 'Somewhat-Bullish'}, {'ticker': 'AMZN', 'relevance_score': '0.638427', 'ticker_sentiment_score': '0.240141', 'ticker_sentiment_label': 'Somewhat-Bullish'}, {'ticker': 'ORCL', 'relevance_score': '0.603243', 'ticker_sentiment_score': '0.216589', 'ticker_sentiment_label': 'Somewhat-Bullish'}]"
Amazon Can Make Just About Anything—Except a Good Video Game,https://www.bloomberg.com/news/features/2021-01-29/amazon-game-studios-struggles-to-find-a-hit,20210129T150000,['Jason Schreier and Priya Anand'],"Amazon's gaming division, Amazon Game Studios, has struggled to produce a successful video game despite significant investment and hiring top talent. Mike Frazzini, who leads the division, has overseen multiple failures and cancellations, highlighting a rare area where Amazon's business philosophy has not translated into success. This stands in contrast to Amazon's achievements in other diverse sectors like movies, TV, and electronics.",,Bloomberg.com,General,Bloomberg.com,"[{'topic': 'retail_wholesale', 'relevance_score': '0.744244'}, {'topic': 'technology', 'relevance_score': '1.000000'}, {'topic': 'mergers_and_acquisitions', 'relevance_score': '0.645958'}]",-0.221196,Somewhat-Bearish,"[{'ticker': 'AMZN', 'relevance_score': '1.000000', 'ticker_sentiment_score': '-0.416090', 'ticker_sentiment_label': 'Bearish'}, {'ticker': 'EA', 'relevance_score': '0.599206', 'ticker_sentiment_score': '-0.073881', 'ticker_sentiment_label': 'Neutral'}]"
Grape-Nuts prices skyrocket online amid coronavirus-caused shortage,https://www.foxbusiness.com/lifestyle/grape-nuts-prices-skyrocket-online-shortage-coronavirus,20210129T212700,['Ann Schmidt'],"Grape-Nut cereal prices are surging online due to a product shortage caused by supply constraints and increased demand during the coronavirus pandemic. A four-pack of 29-ounce boxes was seen selling for $54.99 on Amazon and a 64-ounce box for $110.90 on Walmart.com, significantly higher than the suggested retail price of $4.99 per 29-ounce box. Post Consumer Brands expects Grape-Nuts to return to stores in March 2021.",https://static.foxbusiness.com/foxbusiness.com/content/uploads/2021/01/931/523/Grape-Nuts-iStock.jpg?ve=1&tl=1,Fox Business,General,Fox Business,"[{'topic': 'retail_wholesale', 'relevance_score': '0.922726'}, {'topic': 'economy_macro', 'relevance_score': '0.743192'}]",0.24271,Somewhat-Bullish,"[{'ticker': 'POST', 'relevance_score': '1.000000', 'ticker_sentiment_score': '0.103170', 'ticker_sentiment_label': 'Neutral'}, {'ticker': 'AMZN', 'relevance_score': '0.603069', 'ticker_sentiment_score': '0.303636', 'ticker_sentiment_label': 'Somewhat-Bullish'}, {'ticker': 'WMT', 'relevance_score': '0.611618', 'ticker_sentiment_score': '0.242694', 'ticker_sentiment_label': 'Somewhat-Bullish'}]"
