title,url,time_published,authors,summary,banner_image,source,category_within_source,source_domain,topics,overall_sentiment_score,overall_sentiment_label,ticker_sentiment
"Deals: Apple AirPods Pro $189, $100 off SanDisk Portable SSD",https://appleinsider.com/articles/21/03/01/new-for-march-airpods-pro-dip-to-189-today-only-100-off-sandisk-portable-ssd,20210301T001957,['Christine McKee'],"Amazon-owned Woot has reissued a flash deal on Apple AirPods Pro, bringing their price down to $189 (a $60 discount) for one day only. Separately, a 1TB SanDisk Extreme Portable SSD is also on sale for $149.99, saving buyers $100 off the MSRP. Various other Apple products, such as Magic Keyboards, MacBook Pros, and iMacs, are also available at discounted prices through AppleInsider and authorized resellers.",https://photos5.appleinsider.com/gallery/40567-78170-airpods-pro-189-flash-deal-xl.jpg,AppleInsider,General,AppleInsider,"[{'topic': 'technology', 'relevance_score': '0.835063'}, {'topic': 'retail_wholesale', 'relevance_score': '0.703765'}]",0.189081,Somewhat-Bullish,"[{'ticker': 'SNDKV', 'relevance_score': '0.300293', 'ticker_sentiment_score': '0.000756', 'ticker_sentiment_label': 'Neutral'}, {'ticker': 'WDC', 'relevance_score': '0.706984', 'ticker_sentiment_score': '0.208712', 'ticker_sentiment_label': 'Somewhat-Bullish'}, {'ticker': 'AAPL', 'relevance_score': '0.903228', 'ticker_sentiment_score': '0.313093', 'ticker_sentiment_label': 'Somewhat-Bullish'}, {'ticker': 'AMZN', 'relevance_score': '0.640412', 'ticker_sentiment_score': '0.219079', 'ticker_sentiment_label': 'Somewhat-Bullish'}, {'ticker': 'BBY', 'relevance_score': '0.621450', 'ticker_sentiment_score': '0.140629', 'ticker_sentiment_label': 'Neutral'}]"
Seattle Travel Guide: Vacation + Trip Ideas,https://www.travelandleisure.com/travel-guide/seattle,20210301T002317,['Maya Kachroo-Levine'],"Seattle, a major hub in the Pacific Northwest, offers a blend of city life and natural beauty with its waterfronts and mountains. Known for its exceptional coffee, vibrant music scene, and fresh seafood, the city also boasts popular attractions like Pike Place Market and the Space Needle. The guide provides insights into the best time to visit, transportation, top hotels, restaurants, shopping, and distinct neighborhoods, making it ideal for travelers.",https://www.travelandleisure.com/thmb/wycmAWoTFNBp6pkBRBQLq88xark=/1500x0/filters:no_upscale():max_bytes(150000):strip_icc()/seattle-washington-SEATTLETG0221-43c8ef3221db4e5da6806af7d9d481e8.jpg,Travel + Leisure,General,Travel + Leisure,"[{'topic': 'retail_wholesale', 'relevance_score': '0.719984'}, {'topic': 'real_estate', 'relevance_score': '0.622873'}]",0.15953,Somewhat-Bullish,"[{'ticker': 'TNL', 'relevance_score': '0.310413', 'ticker_sentiment_score': '0.047812', 'ticker_sentiment_label': 'Neutral'}, {'ticker': 'AMZN', 'relevance_score': '0.611599', 'ticker_sentiment_score': '0.338831', 'ticker_sentiment_label': 'Somewhat-Bullish'}]"
Fall 21′ Lift: Calvin Comes to Kohl’s,https://www.yahoo.com/lifestyle/fall-21-lift-calvin-comes-120025920.html,20210301T120000,['David Moin'],"Kohl's will begin selling Calvin Klein men’s underwear, women’s intimates, and loungewear in fall 2021, expanding its national brand assortment. This move, which includes dedicated in-store experiences and an expanded online selection, is part of Kohl's strategy to become a stronger destination for active and casual apparel. The retailer aims to increase active and outdoor categories to 30% of its total volume, while also launching Sephora shops within its stores and culling underperforming brands.",https://s.yimg.com/ny/api/res/1.2/dQ31BToS7QeIJLXC9hn1nA--/YXBwaWQ9aGlnaGhsYW5kZXjtcDEyNDI7aD04Mjg7Y2Y9d2VicA--/https://media.zenfs.com/en/wwd_409/ed29820cce967e333d3385d051ac7da0,Yahoo,General,Yahoo,"[{'topic': 'retail_wholesale', 'relevance_score': '0.908668'}, {'topic': 'finance', 'relevance_score': '0.719499'}]",0.034568,Neutral,"[{'ticker': 'KSS', 'relevance_score': '1.000000', 'ticker_sentiment_score': '0.102966', 'ticker_sentiment_label': 'Neutral'}, {'ticker': 'NKE', 'relevance_score': '0.612073', 'ticker_sentiment_score': '0.130310', 'ticker_sentiment_label': 'Neutral'}, {'ticker': 'AMZN', 'relevance_score': '0.634062', 'ticker_sentiment_score': '-0.130586', 'ticker_sentiment_label': 'Neutral'}]"
Vizio Aims for Some of That Roku-like Magic with IPO,https://www.nexttv.com/news/vizio-aims-for-some-of-that-roku-like-magic-with-ipo,20210302T001726,['Daniel Frankel'],"Vizio is pursuing an initial public offering, positioning itself as a technology company akin to Roku by leveraging its SmartCast operating system and ""Platform+"" business. The company reported a 20% increase in smart TV shipments and 11% revenue growth in 2020, with its SmartCast OS gathering 12.2 million active users. Vizio aims for its Platform+ segment, focused on advertising and data sales, to drive future margin growth and financial performance, similar to how Roku's platform revenues have outperformed hardware sales.",https://cdn.mos.cms.futurecdn.net/Ku6DFYRTa2hbjnSJMrLPBa.jpg,www.nexttv.com,General,www.nexttv.com,"[{'topic': 'ipo', 'relevance_score': '0.947309'}, {'topic': 'technology', 'relevance_score': '0.830779'}]",0.199753,Somewhat-Bullish,"[{'ticker': 'ROKU', 'relevance_score': '0.974750', 'ticker_sentiment_score': '0.331046', 'ticker_sentiment_label': 'Somewhat-Bullish'}, {'ticker': 'NFLX', 'relevance_score': '0.660245', 'ticker_sentiment_score': '0.110175', 'ticker_sentiment_label': 'Neutral'}, {'ticker': 'AMZN', 'relevance_score': '0.609062', 'ticker_sentiment_score': '0.142947', 'ticker_sentiment_label': 'Neutral'}, {'ticker': 'AAPL', 'relevance_score': '0.586356', 'ticker_sentiment_score': '0.125800', 'ticker_sentiment_label': 'Neutral'}]"
"Kohl's says it added 2 million new customers in 2020, thanks to Amazon",https://www.cnbc.com/2021/03/02/kohls-says-it-added-2-million-new-customers-in-2020-thanks-to-amazon.html,20210302T101400,['Lauren Thomas'],"Kohl's announced it gained 2 million new customers in 2020, attributing this growth primarily to its Amazon returns service. The company noted that about a third of these new customers are millennials and sees the partnership as accretive to both sales and profit. This news comes as Kohl's faces pressure from activist investors skeptical of the Amazon collaboration's impact on sales.",,CNBC,General,CNBC,"[{'topic': 'retail_wholesale', 'relevance_score': '0.924176'}, {'topic': 'earnings', 'relevance_score': '0.849715'}, {'topic': 'financial_markets', 'relevance_score': '0.737101'}]",0.36905,Bullish,"[{'ticker': 'KSS', 'relevance_score': '1.000000', 'ticker_sentiment_score': '0.479114', 'ticker_sentiment_label': 'Bullish'}, {'ticker': 'AMZN', 'relevance_score': '0.727603', 'ticker_sentiment_score': '0.293129', 'ticker_sentiment_label': 'Somewhat-Bullish'}]"
"As Amazon Air Expands, Report Sees Potential Challenge to UPS, FedEx and USPS",https://www.ttnews.com/articles/amazon-air-expands-report-sees-potential-challenge-ups-fedex-and-usps,20210302T134500,['Dan Ronan'],"A new report suggests Amazon Air's significant growth could soon position it as a direct competitor to major air and ground carriers like FedEx, UPS, and the U.S. Postal Service. Amazon Air is rapidly expanding its flight schedule and fleet, with plans to exceed 160 flights per day, and is expected to test expanded business-to-consumer delivery services by the 2021 holiday season. This expansion indicates Amazon's potential to become a third-party logistics provider, especially for business-to-consumer shipping, leveraging its existing supply chain.",,Transport Topics,General,Transport Topics,"[{'topic': 'energy_transportation', 'relevance_score': '0.939717'}, {'topic': 'retail_wholesale', 'relevance_score': '0.801795'}]",0.307799,Somewhat-Bullish,"[{'ticker': 'FDX', 'relevance_score': '0.946908', 'ticker_sentiment_score': '0.217239', 'ticker_sentiment_label': 'Somewhat-Bullish'}, {'ticker': 'UPS', 'relevance_score': '0.899714', 'ticker_sentiment_score': '0.229782', 'ticker_sentiment_label': 'Somewhat-Bullish'}, {'ticker': 'AMZN', 'relevance_score': '0.972047', 'ticker_sentiment_score': '0.608170', 'ticker_sentiment_label': 'Bullish'}, {'ticker': 'DAL', 'relevance_score': '0.620385', 'ticker_sentiment_score': '0.230251', 'ticker_sentiment_label': 'Somewhat-Bullish'}, {'ticker': 'BA', 'relevance_score': '0.599270', 'ticker_sentiment_score': '0.229426', 'ticker_sentiment_label': 'Somewhat-Bullish'}]"
Amazon apologises to Indian viewers over Tandav controversy,https://www.aljazeera.com/economy/2021/3/2/amazon-apologises-to-indian-viewers-over-tandav-controversy,20210302T193551,['Reuters'],"Amazon has issued an unconditional apology to Indian viewers after its political drama series ""Tandav"" allegedly offended Hindu religious beliefs. The streaming service stated that it deeply regrets that certain scenes were considered objectionable and affirmed its commitment to developing content while respecting audience diversity. This apology follows police complaints and court cases against the show in several Indian states and comes as Amazon faces scrutiny in India over its business practices.",https://www.aljazeera.com/wp-content/uploads/2021/03/Pascal-Rossignol-Reuters.jpg?resize=770%2C513,Al Jazeera,General,Al Jazeera,"[{'topic': 'retail_wholesale', 'relevance_score': '0.810970'}, {'topic': 'technology', 'relevance_score': '0.710027'}]",-0.259734,Somewhat-Bearish,"[{'ticker': 'AMZN', 'relevance_score': '1.000000', 'ticker_sentiment_score': '-0.298303', 'ticker_sentiment_label': 'Somewhat-Bearish'}]"
Coupang set to raise $3.6 bn via US listing; eyes throne as platform giant,https://www.kedglobal.com/ipos/newsView/ked202103020020,20210302T211325,['Dong-hui Park and Geun-ho Im'],"Coupang, South Korea's e-commerce giant, plans to raise up to $3.6 billion through its US IPO, potentially reaching a market cap of $51 billion. The company aims to use the proceeds to expand into logistics, content, and food delivery, challenging Korean platform leaders Naver and Kakao. Founder Kim Bom-suk will maintain management control through a dual-class share structure, holding 76.7% of voting interests post-IPO.",,The Korea Economic Daily Global Edition,General,The Korea Economic Daily Global Edition,"[{'topic': 'ipo', 'relevance_score': '0.943323'}, {'topic': 'retail_wholesale', 'relevance_score': '0.830071'}, {'topic': 'technology', 'relevance_score': '0.744976'}, {'topic': 'finance', 'relevance_score': '0.634316'}]",0.222207,Somewhat-Bullish,"[{'ticker': 'CPNG', 'relevance_score': '1.000000', 'ticker_sentiment_score': '0.453064', 'ticker_sentiment_label': 'Bullish'}, {'ticker': 'AMZN', 'relevance_score': '0.602289', 'ticker_sentiment_score': '0.140198', 'ticker_sentiment_label': 'Neutral'}, {'ticker': 'NFLX', 'relevance_score': '0.632907', 'ticker_sentiment_score': '0.115295', 'ticker_sentiment_label': 'Neutral'}]"
"FedEx pledges $2 billion toward carbon-neutral operations by 2040, aims for all-electric fleet",https://www.cnbc.com/2021/03/03/fedex-pledges-2-billion-toward-carbon-neutral-operations-by-2040-aims-for-all-electric-fleet.html,20210303T120700,['Noah Higgins-Dunn'],"FedEx announced a significant commitment of at least $2 billion towards sustainable energy initiatives, with a goal to achieve carbon-neutral operations by 2040. This plan includes transitioning its entire parcel pickup and delivery fleet to electric vehicles and investing $100 million in Yale University for carbon capture research. The move aligns FedEx with other major corporations setting ambitious sustainability targets.",https://image.cnbcfm.com/api/v1/image/107128916-1664890186102-2022_Headshots-4451.jpg?v=1664890229&w=60&h=60&ffmt=webp,CNBC,General,CNBC,"[{'topic': 'energy_transportation', 'relevance_score': '0.925077'}, {'topic': 'economy_macro', 'relevance_score': '0.622166'}]",0.438984,Bullish,"[{'ticker': 'FDX', 'relevance_score': '1.000000', 'ticker_sentiment_score': '0.528497', 'ticker_sentiment_label': 'Bullish'}, {'ticker': 'AMZN', 'relevance_score': '0.603154', 'ticker_sentiment_score': '0.302771', 'ticker_sentiment_label': 'Somewhat-Bullish'}]"
"The Social-Tracking BUZZ ETF: What It Is, What It Isn't",https://www.kiplinger.com/investing/etfs/602361/buzz-etf-vaneck-vectors-social-sentiment,20210303T195207,['Kyle Woodley'],"The article introduces the VanEck Vectors Social Sentiment ETF (BUZZ), explaining how it tracks positive social media sentiment for large-cap stocks using AI. It clarifies that BUZZ is a sentiment tracker for established companies, not a replication of the r/WallStreetBets phenomenon, emphasizing the fund's broader approach to social sentiment and its previous iteration as the Sprott Buzz Social Media Insights ETF. The article also delves into the controversy surrounding Dave Portnoy's involvement with the index provider and the marketing of the ETF.",,Kiplinger,General,Kiplinger,"[{'topic': 'financial_markets', 'relevance_score': '0.920621'}, {'topic': 'technology', 'relevance_score': '0.747899'}, {'topic': 'finance', 'relevance_score': '0.620231'}]",0.088305,Neutral,"[{'ticker': 'BUZZ', 'relevance_score': '1.000000', 'ticker_sentiment_score': '-0.094024', 'ticker_sentiment_label': 'Neutral'}, {'ticker': 'AMZN', 'relevance_score': '0.520670', 'ticker_sentiment_score': '0.212190', 'ticker_sentiment_label': 'Somewhat-Bullish'}]"
What’s Changed: 2021 Gartner Magic Quadrant for Data Science and Machine Learning Platforms,https://solutionsreview.com/business-intelligence/whats-changed-2021-gartner-magic-quadrant-for-data-science-and-machine-learning-platforms/,20210304T000148,['Tim King'],"This article analyzes Gartner's 2021 Magic Quadrant for Data Science and Machine Learning Platforms, highlighting new additions and key differentiators among vendors. It details the leaders, challengers, and visionaries in the market, discussing their strengths and how the market is evolving with increased capabilities and the convergence with analytics and business intelligence.",https://solutionsreview.com/business-intelligence/files/2021/03/cooper.jpg,Solutions Review,General,Solutions Review,"[{'topic': 'technology', 'relevance_score': '0.805122'}]",0.196949,Somewhat-Bullish,"[{'ticker': 'IT', 'relevance_score': '0.319008', 'ticker_sentiment_score': '0.006203', 'ticker_sentiment_label': 'Neutral'}, {'ticker': 'AMZN', 'relevance_score': '0.619993', 'ticker_sentiment_score': '0.328253', 'ticker_sentiment_label': 'Somewhat-Bullish'}]"
COVID and the Outlook for Canadian Women at Risk of Disruption,https://www.rbccm.com/en/insights/story.page?dcr=templatedata/article/insights/data/2021/03/covid_further_clouded_the_outlook_for_canadian_women_at_risk_of_disruption,20210304T001756,['Dawn Desjardins and Carrie Freestone'],"This article discusses the disproportionate impact of COVID-19 on Canadian women, particularly those in low-skilled service jobs, with nearly half a million not yet returned to work by January. It highlights that women bore the brunt of job losses due to their majority presence in affected industries and warns of long-term unemployment risks and skills erosion. The authors emphasize the need for government and business leaders to invest in retraining and reskilling programs, alongside support for affordable childcare, to ensure an inclusive economic recovery.",https://www.rbccm.com/assets/rbccm/images/insights/2021/covid-further-clouded.jpg,RBC Capital Markets,General,RBC Capital Markets,"[{'topic': 'economy_macro', 'relevance_score': '0.929778'}]",0.041079,Neutral,"[{'ticker': 'RY', 'relevance_score': '0.718617', 'ticker_sentiment_score': '0.142808', 'ticker_sentiment_label': 'Neutral'}, {'ticker': 'CVS', 'relevance_score': '0.724894', 'ticker_sentiment_score': '-0.196679', 'ticker_sentiment_label': 'Somewhat-Bearish'}, {'ticker': 'WMT', 'relevance_score': '0.622656', 'ticker_sentiment_score': '0.111611', 'ticker_sentiment_label': 'Neutral'}, {'ticker': 'AMZN', 'relevance_score': '0.639272', 'ticker_sentiment_score': '0.091812', 'ticker_sentiment_label': 'Neutral'}, {'ticker': 'MCD', 'relevance_score': '0.598659', 'ticker_sentiment_score': '-0.122455', 'ticker_sentiment_label': 'Neutral'}]"
"Whole Foods, UNFI Extend Distribution Partnership",https://progressivegrocer.com/whole-foods-unfi-extend-distribution-partnership,20210304T002439,['Bridget Goldschmidt'],"United Natural Foods Inc. (UNFI) and Whole Foods Market have extended their primary wholesale grocery distribution agreement until September 27, 2027. Both companies highlighted their close collaboration during the COVID-19 pandemic to meet consumer demand for healthy foods. This extension allows them to continue focusing on the evolving food supply chain and the growing demand for natural and organic products.",https://assets1.progressivegrocer.com/images/v/max_width_1440/files/2021-03/Whole%20Foods.jpg,Progressive Grocer,General,Progressive Grocer,"[{'topic': 'retail_wholesale', 'relevance_score': '1.000000'}, {'topic': 'mergers_and_acquisitions', 'relevance_score': '0.608538'}, {'topic': 'finance', 'relevance_score': '0.644206'}]",0.39977,Bullish,"[{'ticker': 'UNFI', 'relevance_score': '1.000000', 'ticker_sentiment_score': '0.486480', 'ticker_sentiment_label': 'Bullish'}, {'ticker': 'AMZN', 'relevance_score': '0.706302', 'ticker_sentiment_score': '0.334394', 'ticker_sentiment_label': 'Somewhat-Bullish'}]"
"Charting a volatile March start: S&P 500, Nasdaq reach key technical tests",https://www.marketwatch.com/story/charting-a-volatile-march-start-sp-500-nasdaq-reach-key-technical-tests-2021-03-04?gaa_at=eafs&gaa_n=AWEtsqfkvcw4PyZYs6Z7DB9uFwqu88-AhpzFJA9pt1fEpWqWxmW9HHnyhmCt&gaa_ts=6907c3eb&gaa_sig=_fwBrAwPD9BzAlO4VgzUlPJnPf3Fxuw-B6Em3e_ouvSbGhkvmlmcAKriY8rWyeHSvBGSfDLQL2gkSez9d9U8hQ%3D%3D,20210304T123400,[],"U.S. stocks experienced a volatile start to March, with the S&P 500 retesting its 50-day moving average at 3,820 and the Nasdaq Composite finding support at its 2020 peak of 12,973. The article highlights sector backdrops for various ETFs including IYT, XLF, QQQ, XLV, XLU, XLP, XLE, and XLI, which are still bullish-leaning. This comes as markets are mixed early Thursday, but off session lows.",,MarketWatch,General,MarketWatch,"[{'topic': 'financial_markets', 'relevance_score': '0.912910'}]",-0.201544,Somewhat-Bearish,"[{'ticker': 'IYT', 'relevance_score': '1.000000', 'ticker_sentiment_score': '-0.225641', 'ticker_sentiment_label': 'Somewhat-Bearish'}, {'ticker': 'AMZN', 'relevance_score': '0.720260', 'ticker_sentiment_score': '-0.211629', 'ticker_sentiment_label': 'Somewhat-Bearish'}]"
"Dow, Bitcoin Cautiously Advance into February Following Stock Market’s Best January in Decades",https://www.ccn.com/dow-bitcoin-cautiously-advance-into-february-following-stock-markets-best-january-in-decades/,20210304T145300,['Josiah Wilmoth'],"The Dow and Bitcoin showed cautious movement into February despite a strong January for the stock market. Bullish jobs numbers, defying government shutdown predictions, helped the Dow, while Bitcoin saw a moderate incline driven by a re-filed ETF application and Fidelity's progress on crypto custody, though it remained below a critical support level.",,CCN.com,General,CCN.com,"[{'topic': 'financial_markets', 'relevance_score': '0.902481'}, {'topic': 'economy_macro', 'relevance_score': '0.817866'}, {'topic': 'blockchain', 'relevance_score': '0.729699'}, {'topic': 'earnings', 'relevance_score': '0.644948'}]",0.007551,Neutral,"[{'ticker': 'OOSB', 'relevance_score': '0.319860', 'ticker_sentiment_score': '0.006800', 'ticker_sentiment_label': 'Neutral'}, {'ticker': 'AMZN', 'relevance_score': '0.604950', 'ticker_sentiment_score': '-0.214999', 'ticker_sentiment_label': 'Somewhat-Bearish'}, {'ticker': 'CBOE', 'relevance_score': '0.630679', 'ticker_sentiment_score': '0.232886', 'ticker_sentiment_label': 'Somewhat-Bullish'}]"
Synchrony’s CHRO Explains How COVID-19 Transformed How the Company Works – and Why It’s Encouraging All Employees to Work From Home Even After the Pandemic,https://justcapital.com/news/synchrony-chro-dj-casto-explains-why-covid-work-from-home-policies-will-be-permanent/,20210304T212142,['Richard Feloni'],"Synchrony Financial is making its work-from-home policy permanent for its 16,500 employees, transforming its office structure into ""hubs"" and reducing real estate square footage by 40%. This decision was driven by employee feedback and a recognition that the pandemic necessitated new approaches to work, including enhanced benefits like childcare reimbursement and mental health support. CHRO DJ Casto explains how this shift aims to improve employee quality of life and leverage cost savings from real estate to invest back into the workforce.",,JUST Capital,General,JUST Capital,"[{'topic': 'finance', 'relevance_score': '0.811580'}, {'topic': 'economy_macro', 'relevance_score': '0.648756'}]",0.343473,Somewhat-Bullish,"[{'ticker': 'SYF', 'relevance_score': '1.000000', 'ticker_sentiment_score': '0.436228', 'ticker_sentiment_label': 'Bullish'}, {'ticker': 'AMZN', 'relevance_score': '0.648995', 'ticker_sentiment_score': '0.306550', 'ticker_sentiment_label': 'Somewhat-Bullish'}, {'ticker': 'LOW', 'relevance_score': '0.613005', 'ticker_sentiment_score': '0.216478', 'ticker_sentiment_label': 'Somewhat-Bullish'}, {'ticker': 'PYPL', 'relevance_score': '0.633439', 'ticker_sentiment_score': '0.308456', 'ticker_sentiment_label': 'Somewhat-Bullish'}]"
"United Natural Foods, Inc. Extends its Partnership with Whole Foods Market",https://www.andnowuknow.com/quick-dish/united-natural-foods-inc-extends-its-partnership-whole-foods-market-Steven-L-Spinner-Bart-Beilman/lilian-diep/72348,20210304T212747,['Lilian Diep'],"United Natural Foods, Inc. (UNFI) announced the extension of its primary grocery distribution agreement with Whole Foods Market until September 27, 2027. This extension strengthens their long-standing partnership, allowing both companies to continue meeting the growing demand for healthy foods, especially amidst the global pandemic. The collaboration is seen as crucial for supporting Whole Foods Market's expanding network of stores and facilities.",,AndNowUKnow,General,AndNowUKnow,"[{'topic': 'retail_wholesale', 'relevance_score': '0.914600'}, {'topic': 'finance', 'relevance_score': '0.625903'}]",0.359901,Bullish,"[{'ticker': 'UNFI', 'relevance_score': '1.000000', 'ticker_sentiment_score': '0.429651', 'ticker_sentiment_label': 'Bullish'}, {'ticker': 'AMZN', 'relevance_score': '0.713529', 'ticker_sentiment_score': '0.337143', 'ticker_sentiment_label': 'Somewhat-Bullish'}]"
Urban Outfitters tests paid membership program to boost loyalty,https://www.marketingdive.com/news/urban-outfitters-tests-paid-membership-program-to-boost-loyalty/596109/,20210304T212755,['Robert Williams'],"Urban Outfitters is testing a paid membership program called ""UP"" to boost customer loyalty, drive sales, and gather data. The program offers benefits across all its brands, including free shipping and discounts, and is being piloted in Atlanta and Dallas. This initiative aims to address declining sales post-pandemic and increase engagement in a competitive retail landscape.",,Marketing Dive,General,Marketing Dive,"[{'topic': 'retail_wholesale', 'relevance_score': '0.927809'}, {'topic': 'earnings', 'relevance_score': '0.837403'}]",0.242449,Somewhat-Bullish,"[{'ticker': 'URBN', 'relevance_score': '1.000000', 'ticker_sentiment_score': '0.330792', 'ticker_sentiment_label': 'Somewhat-Bullish'}, {'ticker': 'AMZN', 'relevance_score': '0.632072', 'ticker_sentiment_score': '0.233051', 'ticker_sentiment_label': 'Somewhat-Bullish'}, {'ticker': 'COST', 'relevance_score': '0.623773', 'ticker_sentiment_score': '0.120241', 'ticker_sentiment_label': 'Neutral'}]"
Everything you need to know about the Coupang IPO,https://www.forex.com/en/news-and-analysis/everything-you-need-to-know-about-the-coupang-ipo/,20210304T234917,['Rebecca Cattlin'],"Coupang, South Korea's largest and fastest e-commerce service, held its IPO on March 11, 2021, on the NYSE under the symbol CPNG, raising $4.6 billion. The company, though not yet profitable, focuses on rapid growth and efficiency in the Korean market, with 99.3% of orders delivered within 24 hours. Coupang is expanding its services into areas like advertising, fintech, and food delivery, and its IPO sought capital for investments in AI and robotics to enhance its efficient operations.",https://www.forex.com/-/media/Research/Global/News Analysis/Featured Image/2021/03/Stocks3,FOREX.com,General,FOREX.com,"[{'topic': 'ipo', 'relevance_score': '1.000000'}, {'topic': 'retail_wholesale', 'relevance_score': '0.827754'}, {'topic': 'technology', 'relevance_score': '0.727640'}, {'topic': 'financial_markets', 'relevance_score': '0.633488'}, {'topic': 'finance', 'relevance_score': '0.626222'}]",0.210177,Somewhat-Bullish,"[{'ticker': 'CPNG', 'relevance_score': '1.000000', 'ticker_sentiment_score': '0.337758', 'ticker_sentiment_label': 'Somewhat-Bullish'}, {'ticker': 'AMZN', 'relevance_score': '0.628661', 'ticker_sentiment_score': '0.140943', 'ticker_sentiment_label': 'Neutral'}]"
Ulta Beauty Opens in Herald Square,https://www.beautypackaging.com/breaking-news/ulta-beauty-opens-in-herald-square/,20210305T002441,['Marie Redding'],"Ulta Beauty has opened its second and largest Manhattan location at 2 Herald Square, aiming to revitalize the area and create over 100 new jobs. The store features a modern interior, customized displays for major beauty brands, a lofted salon, and dedicated space for events and classes. Ulta is also enhancing its online shopping experience with in-store pickup and the GlamLab AI app, and recently partnered with Loop for package recycling.",https://www.beautypackaging.com/wp-content/uploads/sites/8/2024/11/191_main-12.jpg,Beauty Packaging,General,Beauty Packaging,"[{'topic': 'retail_wholesale', 'relevance_score': '0.918470'}, {'topic': 'economy_macro', 'relevance_score': '0.608841'}]",0.229642,Somewhat-Bullish,"[{'ticker': 'ULTA', 'relevance_score': '0.982597', 'ticker_sentiment_score': '0.446244', 'ticker_sentiment_label': 'Bullish'}, {'ticker': 'AMZN', 'relevance_score': '0.596228', 'ticker_sentiment_score': '0.098993', 'ticker_sentiment_label': 'Neutral'}]"
Can Starbucks Stock Remain Unfazed by the Broad-Market Selloff?,https://www.schaeffersresearch.com/content/analysis/2021/03/05/can-starbucks-stock-remain-unfazed-by-the-broad-market-selloff,20210305T111500,"[""Schaeffer's Digital Content Team""]","Starbucks (SBUX) stock has shown resilience despite a broader market downturn, with its 80-day moving average containing recent losses. The company is set to hold its annual shareholder meeting, which could lead to analyst upgrades and further boost the stock. While SBUX has a high current price-earnings ratio, its forward P/E is significantly lower, and its options currently suggest low volatility expectations, making it a potential entry point for long-term investors.",https://schaeffers-cdn.s3.amazonaws.com/images/default-source/schaeffers-cdn-images/default-images/logos/bigstock-singapore---jul----starb-378563782.jpg?sfvrsn=d69ad906_6,Schaeffer's Investment Research,General,Schaeffer's Investment Research,"[{'topic': 'financial_markets', 'relevance_score': '0.901880'}, {'topic': 'earnings', 'relevance_score': '0.848110'}, {'topic': 'retail_wholesale', 'relevance_score': '0.735001'}]",0.172092,Somewhat-Bullish,"[{'ticker': 'SBUX', 'relevance_score': '1.000000', 'ticker_sentiment_score': '0.304816', 'ticker_sentiment_label': 'Somewhat-Bullish'}, {'ticker': 'AMZN', 'relevance_score': '0.601435', 'ticker_sentiment_score': '0.130392', 'ticker_sentiment_label': 'Neutral'}, {'ticker': 'PLTR', 'relevance_score': '0.636499', 'ticker_sentiment_score': '0.144458', 'ticker_sentiment_label': 'Neutral'}]"
Entrepreneurs are seeing serious growth through Amazon. Here's how,https://www.detroitnews.com/story/business/2021/03/05/entrepreneurs-seeing-serious-growth-through-amazon-heres-how/4566050001/,20210305T234202,['Candice Williams'],"The article highlights how entrepreneurs are achieving significant growth by partnering with Amazon, specifically through its Delivery Service Partner program. Jacqueline Nelson, a retired registered nurse, successfully operates NW Premier Logistics LLC, delivering thousands of packages weekly in Metro Detroit as an Amazon DSP, demonstrating a pathway to entrepreneurial success.",https://www.detroitnews.com/gcdn/-mm-/be23d1a298e39927bf745e08aee3d989135e8d38/c=0-16-342-358/local/-/media/2015/04/23/DetroitNews/DetroitNews/635653811401656162-Williams-Candice.png?width=48&height=48&fit=crop&format=pjpg&auto=webp,The Detroit News,General,The Detroit News,"[{'topic': 'retail_wholesale', 'relevance_score': '0.817670'}]",0.411023,Bullish,"[{'ticker': 'AMZN', 'relevance_score': '1.000000', 'ticker_sentiment_score': '0.439941', 'ticker_sentiment_label': 'Bullish'}]"
Private equity pours $500M into Saks Fifth Avenue’s e-commerce spinoff,https://www.retaildive.com/news/private-equity-pours-500m-into-saks-fifth-avenues-e-commerce-spinoff/596205/,20210305T235211,['Daphne Howland'],"HBC, the parent company of Saks Fifth Avenue, is spinning off the luxury retailer's e-commerce operations into a new standalone company called ""Saks"" following a $500 million investment from Insight Partners. This move values the new digital entity at $2 billion, with Insight Partners taking a minority stake. Marc Metrick will lead the new e-commerce company, while the 40 physical Saks Fifth Avenue stores will remain wholly owned by HBC and operate separately as ""SFA.""",https://imgproxy.divecdn.com/YRwHZfxJTqcqt5JJ84lJUdKwdJ9xssaK-xA95MDR6Tg/g:nowe:0:214/c:1200:678/rs:fill:1200:675:1/Z3M6Ly9kaXZlc2l0ZS1zdG9yYWdlL2RpdmVpbWFnZS9TYWtzLmpwZw==.webp,Retail Dive,General,Retail Dive,"[{'topic': 'retail_wholesale', 'relevance_score': '0.929823'}, {'topic': 'mergers_and_acquisitions', 'relevance_score': '0.819426'}, {'topic': 'finance', 'relevance_score': '0.725398'}]",0.21531,Somewhat-Bullish,"[{'ticker': 'DYOR', 'relevance_score': '0.911086', 'ticker_sentiment_score': '0.347437', 'ticker_sentiment_label': 'Somewhat-Bullish'}, {'ticker': 'AMZN', 'relevance_score': '0.630429', 'ticker_sentiment_score': '0.140269', 'ticker_sentiment_label': 'Neutral'}, {'ticker': 'PLD', 'relevance_score': '0.616665', 'ticker_sentiment_score': '0.115774', 'ticker_sentiment_label': 'Neutral'}, {'ticker': 'LULU', 'relevance_score': '0.642675', 'ticker_sentiment_score': '0.215417', 'ticker_sentiment_label': 'Somewhat-Bullish'}]"
Saks Fifth Avenue owner spins e-commerce site into separate business,https://www.cnbc.com/2021/03/05/saks-fifth-avenue-owner-spins-e-commerce-site-into-separate-business.html,20210305T235211,['Lauren Thomas'],"HBC, the owner of Saks Fifth Avenue, is spinning off the luxury department store's e-commerce business, Saks.com, into a separate entity after securing a $500 million investment from venture capital firm Insight Partners. This deal values Saks.com at $2 billion. The physical Saks Fifth Avenue stores will continue as a separate business, SFA, wholly owned by HBC, reflecting the increasing importance of online sales, especially in the luxury sector.",https://image.cnbcfm.com/api/v1/image/106848024-3ED1-TN-Eccomerce-030221-jpg?v=1614715067&w=750&h=422&vtcrop=y,CNBC,General,CNBC,"[{'topic': 'retail_wholesale', 'relevance_score': '0.841901'}, {'topic': 'mergers_and_acquisitions', 'relevance_score': '0.719094'}, {'topic': 'finance', 'relevance_score': '0.606397'}, {'topic': 'technology', 'relevance_score': '0.625392'}]",0.173009,Somewhat-Bullish,"[{'ticker': 'DYOR', 'relevance_score': '0.303597', 'ticker_sentiment_score': '0.036665', 'ticker_sentiment_label': 'Neutral'}, {'ticker': 'AMZN', 'relevance_score': '0.646311', 'ticker_sentiment_score': '0.334050', 'ticker_sentiment_label': 'Somewhat-Bullish'}]"
"Luxury E-commerce Market to See Massive Growth by 2026 |Amazon, Neiman Marcus, Moda Operandi",https://www.openpr.com/news/2253132/luxury-e-commerce-market-to-see-massive-growth-by-2026-amazon,20210306T062600,[],"A new report by HTF Market Intelligence projects massive growth for the global luxury e-commerce market by 2026, with key players including Amazon, Neiman Marcus, and Moda Operandi. The study provides an in-depth analysis of market size, competitive landscape, product types (e.g., bags, watches, jewelry), and applications, alongside regional breakdowns and the impact of COVID-19. It aims to help stakeholders identify growth opportunities and strategies in various micro-markets.",https://cdn.open-pr.com/U/3/U306724563_g.jpg,openPR.com,General,openPR.com,"[{'topic': 'retail_wholesale', 'relevance_score': '0.816895'}, {'topic': 'finance', 'relevance_score': '0.734428'}]",0.32814,Somewhat-Bullish,"[{'ticker': 'VIPS', 'relevance_score': '0.946979', 'ticker_sentiment_score': '0.347667', 'ticker_sentiment_label': 'Somewhat-Bullish'}, {'ticker': 'AMZN', 'relevance_score': '0.634373', 'ticker_sentiment_score': '0.300668', 'ticker_sentiment_label': 'Somewhat-Bullish'}, {'ticker': 'NDSN', 'relevance_score': '0.601429', 'ticker_sentiment_score': '0.315466', 'ticker_sentiment_label': 'Somewhat-Bullish'}]"
Amazon-leased building in Bucks County sells for more than double the price of 2019 sale,https://www.bizjournals.com/philadelphia/news/2021/03/07/building-in-levittown-leased-to-amazon-trades.html,20210307T205632,['Natalie Kostelni'],"An Amazon-leased building in Levittown, Bucks County, was sold to Realty Income Corp. for $21.1 million, more than doubling its 2019 sale price. This transaction highlights the significant value appreciation of industrial properties with long-term Amazon leases. The deal underscores the ""lottery ticket"" effect a long-term lease with Amazon can have on previously older industrial buildings.",,The Business Journals,General,The Business Journals,"[{'topic': 'retail_wholesale', 'relevance_score': '0.720572'}, {'topic': 'real_estate', 'relevance_score': '0.930661'}]",0.328809,Somewhat-Bullish,"[{'ticker': 'O', 'relevance_score': '1.000000', 'ticker_sentiment_score': '0.321256', 'ticker_sentiment_label': 'Somewhat-Bullish'}, {'ticker': 'AMZN', 'relevance_score': '0.945088', 'ticker_sentiment_score': '0.320093', 'ticker_sentiment_label': 'Somewhat-Bullish'}]"
Future Group's Kishore Biyani to launch US-based Terra chips in India,https://m.economictimes.com/industry/services/retail/future-groups-kishore-biyani-to-launch-us-based-terra-chips-in-india/articleshow/81378069.cms,20210307T235837,['Rasul Bailay'],"Despite ongoing legal battles with Amazon, Kishore Biyani's Future Group is launching US-based Terra chips in India. The company, through its Future Consumer arm, has been working for four years to localize production of the gourmet chips, aiming to reduce costs by 150% and make them more accessible. This move is part of Future Consumer's strategy to become a major player in the snacking sector, with plans to export to other Asian and Middle Eastern countries.","https://img.etimg.com/thumb/msid-81378209,width-300,height-225,imgsize-108670,resizemode-75/kishore-biyani-reuters.jpg",The Economic Times,General,The Economic Times,"[{'topic': 'retail_wholesale', 'relevance_score': '0.902953'}, {'topic': 'manufacturing', 'relevance_score': '0.727084'}]",0.077172,Neutral,"[{'ticker': 'HAIN', 'relevance_score': '0.926260', 'ticker_sentiment_score': '0.304974', 'ticker_sentiment_label': 'Somewhat-Bullish'}, {'ticker': 'AMZN', 'relevance_score': '0.734459', 'ticker_sentiment_score': '-0.245141', 'ticker_sentiment_label': 'Somewhat-Bearish'}]"
Quantum computing startup IonQ announces $2bn SPAC merger,https://www.datacenterdynamics.com/en/news/quantum-computing-startup-ionq-announces-2bn-spac-merger/,20210308T000122,['Dan Swinhoe'],"Quantum computing startup IonQ has announced a $2 billion merger with dMY Technology Group, Inc. III, a Special Purpose Acquisition Company (SPAC), making it the first publicly traded quantum computing company. Its shares are expected to trade on the NYSE under ""IONQ."" This move follows recent trends of data center-related companies utilizing SPACs for quicker market entry.",https://media.datacenterdynamics.com/media/images/IonQ_Trapped.width-358.jpg,Data Center Dynamics,General,Data Center Dynamics,"[{'topic': 'mergers_and_acquisitions', 'relevance_score': '0.949828'}, {'topic': 'ipo', 'relevance_score': '0.812490'}, {'topic': 'technology', 'relevance_score': '0.700628'}, {'topic': 'financial_markets', 'relevance_score': '0.605148'}]",0.317439,Somewhat-Bullish,"[{'ticker': 'IONQ', 'relevance_score': '1.000000', 'ticker_sentiment_score': '0.413665', 'ticker_sentiment_label': 'Bullish'}, {'ticker': 'AMZN', 'relevance_score': '0.632721', 'ticker_sentiment_score': '0.301985', 'ticker_sentiment_label': 'Somewhat-Bullish'}, {'ticker': 'LMT', 'relevance_score': '0.637552', 'ticker_sentiment_score': '0.228340', 'ticker_sentiment_label': 'Somewhat-Bullish'}, {'ticker': 'MSFT', 'relevance_score': '0.648114', 'ticker_sentiment_score': '0.321748', 'ticker_sentiment_label': 'Somewhat-Bullish'}]"
IonQ to become publicly traded pure quantum computing company,https://siliconangle.com/2021/03/08/ionq-become-first-publicly-traded-pure-quantum-computing-company/,20210308T000122,['Kyt Dotson'],"Quantum computing firm IonQ Inc. announced its plan to go public through a merger with dMY Technology Group Inc. III, a special-purpose acquisition company, valuing IonQ at approximately $2 billion. Upon closing, IonQ will trade under the symbol ""IONQ"" and aims to commercialize quantum computing by making its services available via cloud platforms like Amazon Bracket and Microsoft Azure. The company plans to use the $650 million raised to continue research, miniaturize its technology, and develop modular quantum computers.",https://d15shllkswkct0.cloudfront.net/wp-content/blogs.dir/1/files/2021/03/ionq-building-logo.jpg,SiliconANGLE,General,SiliconANGLE,"[{'topic': 'ipo', 'relevance_score': '1.000000'}, {'topic': 'technology', 'relevance_score': '0.902404'}, {'topic': 'mergers_and_acquisitions', 'relevance_score': '0.804075'}]",0.201623,Somewhat-Bullish,"[{'ticker': 'IONQ', 'relevance_score': '1.000000', 'ticker_sentiment_score': '0.405372', 'ticker_sentiment_label': 'Bullish'}, {'ticker': 'AMZN', 'relevance_score': '0.739601', 'ticker_sentiment_score': '0.116005', 'ticker_sentiment_label': 'Neutral'}, {'ticker': 'MSFT', 'relevance_score': '0.625211', 'ticker_sentiment_score': '0.122342', 'ticker_sentiment_label': 'Neutral'}, {'ticker': 'HON', 'relevance_score': '0.603664', 'ticker_sentiment_score': '0.126313', 'ticker_sentiment_label': 'Neutral'}, {'ticker': 'IBM', 'relevance_score': '0.632149', 'ticker_sentiment_score': '0.135625', 'ticker_sentiment_label': 'Neutral'}]"
Breaking: Sprouts will plant new distribution center next to Orlando airport,https://www.bizjournals.com/orlando/news/2021/03/08/sprouts-orlando-distribution-center-grocery-store.html,20210308T001852,['Jack Witthaus'],"Sprouts Farmers Market is planning to open a new distribution center next to the Orlando airport, with buildout construction estimated to cost $9.3 million. This new facility will support Sprouts' operations in Central Florida. The news comes as Sprouts continues to expand its presence in the region.",https://media.bizj.us/view/img/11354115/dsc0831*900xx6000-3375-0-313.jpg,The Business Journals,General,The Business Journals,"[{'topic': 'retail_wholesale', 'relevance_score': '0.921239'}, {'topic': 'real_estate', 'relevance_score': '0.827437'}]",0.288158,Somewhat-Bullish,"[{'ticker': 'SFM', 'relevance_score': '1.000000', 'ticker_sentiment_score': '0.404331', 'ticker_sentiment_label': 'Bullish'}, {'ticker': 'AMZN', 'relevance_score': '0.648087', 'ticker_sentiment_score': '0.127941', 'ticker_sentiment_label': 'Neutral'}]"
"How to make Pesto Alla Trapanese, a recipe from the chefs at Cicala Restaurant using Portofino Italian-style tuna",https://6abc.com/post/pasta-recipes-pesto-alla-trapanese-cicala-at-the-divine-lorraine-portofino-italian-style-tuna/10387050/,20210308T002734,['Wendy Daughenbaugh'],"Chef/owners Joe & Angela Cicala of Cicala Restaurant have partnered with Portofino Italian-style tuna to share a recipe for Pesto Alla Trapanese. This simple pasta dish promises to transport diners to Sicily, featuring ingredients like olive oil, cherry tomatoes, basil, pecorino, and Portofino tuna. The article also mentions a sweepstakes for Portofino products and a Cicala gift card.",,6abc Philadelphia,General,6abc Philadelphia,"[{'topic': 'retail_wholesale', 'relevance_score': '0.646940'}]",-0.088005,Neutral,"[{'ticker': 'WMK', 'relevance_score': '0.311009', 'ticker_sentiment_score': '0.007266', 'ticker_sentiment_label': 'Neutral'}, {'ticker': 'AMZN', 'relevance_score': '0.642111', 'ticker_sentiment_score': '-0.121845', 'ticker_sentiment_label': 'Neutral'}]"
Liberty Media CEO Sees Amazon Driving Big Tech’s TV Sports Rights Ambitions,https://www.hollywoodreporter.com/business/business-news/liberty-media-ceo-sees-amazon-driving-big-techs-tv-sports-rights-ambitions-4145520/,20210308T142600,['Etan Vlessing'],"Liberty Media CEO Greg Maffei believes Amazon is leading the charge for Big Tech platforms to acquire more international sports rights, driven by their increasing involvement in agreements like NFL games. Maffei highlighted the growing seriousness of Amazon's investments in sports content and predicted other tech giants would follow suit. He also noted that the break up of the cable bundle and pressure on regional sports networks are contributing factors to Silicon Valley's pursuit of global sports rights.",,The Hollywood Reporter,General,The Hollywood Reporter,"[{'topic': 'technology', 'relevance_score': '0.803396'}]",0.166229,Somewhat-Bullish,"[{'ticker': 'LLYVA', 'relevance_score': '1.000000', 'ticker_sentiment_score': '0.200245', 'ticker_sentiment_label': 'Somewhat-Bullish'}, {'ticker': 'AMZN', 'relevance_score': '0.929545', 'ticker_sentiment_score': '0.331669', 'ticker_sentiment_label': 'Somewhat-Bullish'}, {'ticker': 'FOXA', 'relevance_score': '0.713991', 'ticker_sentiment_score': '0.025487', 'ticker_sentiment_label': 'Neutral'}, {'ticker': 'GOOGL', 'relevance_score': '0.605796', 'ticker_sentiment_score': '0.106940', 'ticker_sentiment_label': 'Neutral'}]"
Amazon spends $131 million for stake in cargo airline ATSG,https://www.detroitnews.com/story/business/2021/03/08/amazon-spends-131-million-stake-cargo-airline-atsg/4629569001/,20210308T193551,['Matt Day'],"Amazon acquired a minority stake in Air Transport Services Group Inc. (ATSG) for $131 million, signaling its intention to expand its air-cargo operations. This purchase involved exercising previously acquired warrants and is contingent on U.S. Department of Transportation approval. The move further solidifies Amazon's efforts to reduce reliance on third-party logistics partners by growing its own air freight network.",,The Detroit News,General,The Detroit News,"[{'topic': 'mergers_and_acquisitions', 'relevance_score': '0.919409'}, {'topic': 'retail_wholesale', 'relevance_score': '0.727659'}, {'topic': 'energy_transportation', 'relevance_score': '0.600482'}, {'topic': 'finance', 'relevance_score': '0.622984'}]",0.136326,Neutral,"[{'ticker': 'AMZN', 'relevance_score': '1.000000', 'ticker_sentiment_score': '0.309943', 'ticker_sentiment_label': 'Somewhat-Bullish'}, {'ticker': 'BA', 'relevance_score': '0.641682', 'ticker_sentiment_score': '0.145586', 'ticker_sentiment_label': 'Neutral'}, {'ticker': 'UPS', 'relevance_score': '0.648052', 'ticker_sentiment_score': '-0.148643', 'ticker_sentiment_label': 'Neutral'}]"
IonQ To Become The First Publicly Traded Pure-Play Quantum Computing Company,https://investors.ionq.com/news/news-details/2021/IonQ-To-Become-The-First-Publicly-Traded-Pure-Play-Quantum-Computing-Company/default.aspx,20210308T203159,[],"IonQ announced its definitive merger agreement with dMY Technology Group III (NYSE: DMYI.U), which will result in IonQ becoming the first publicly traded pure-play quantum computing company on the NYSE under the symbol “IONQ”. The transaction is expected to generate $650 million in gross proceeds, including a $350 million PIPE investment from major institutional and strategic investors, leading to a pro forma implied market capitalization of approximately $2 billion. IonQ aims to leverage this capital to advance its mission of solving critical societal problems through quantum computing, with plans to develop networked modular quantum computers by 2023.",,IonQ,General,IonQ,"[{'topic': 'ipo', 'relevance_score': '1.000000'}, {'topic': 'mergers_and_acquisitions', 'relevance_score': '0.922729'}, {'topic': 'technology', 'relevance_score': '0.829068'}]",0.187647,Somewhat-Bullish,"[{'ticker': 'IONQ', 'relevance_score': '1.000000', 'ticker_sentiment_score': '0.497752', 'ticker_sentiment_label': 'Bullish'}, {'ticker': 'MSFT', 'relevance_score': '0.604405', 'ticker_sentiment_score': '0.235842', 'ticker_sentiment_label': 'Somewhat-Bullish'}, {'ticker': 'AMZN', 'relevance_score': '0.610865', 'ticker_sentiment_score': '0.226418', 'ticker_sentiment_label': 'Somewhat-Bullish'}, {'ticker': 'MMM', 'relevance_score': '0.563924', 'ticker_sentiment_score': '-0.149701', 'ticker_sentiment_label': 'Neutral'}]"
Tesla loses a third of its value for the third time in a year,https://www.reuters.com/business/finance/tesla-loses-third-its-value-third-time-year-2021-03-08/,20210308T222200,['Noel Randewich'],"Tesla Inc.'s stock experienced its third significant drop in a year, losing a third of its value from its January record high, primarily due to investor concerns about rising interest rates affecting high-valuation stocks. The selloff wiped off nearly $300 billion from its market capitalization, moving it behind Facebook. This decline is more pronounced than other major tech companies, and its shares have steadily fallen since announcing a bitcoin purchase, even as bitcoin’s price climbed.",,Reuters,General,Reuters,"[{'topic': 'financial_markets', 'relevance_score': '0.943875'}, {'topic': 'technology', 'relevance_score': '0.802318'}, {'topic': 'economy_monetary', 'relevance_score': '0.646242'}]",-0.243307,Somewhat-Bearish,"[{'ticker': 'TSLA', 'relevance_score': '1.000000', 'ticker_sentiment_score': '-0.416955', 'ticker_sentiment_label': 'Bearish'}, {'ticker': 'AAPL', 'relevance_score': '0.635632', 'ticker_sentiment_score': '-0.213423', 'ticker_sentiment_label': 'Somewhat-Bearish'}, {'ticker': 'AMZN', 'relevance_score': '0.641140', 'ticker_sentiment_score': '-0.185527', 'ticker_sentiment_label': 'Somewhat-Bearish'}, {'ticker': 'MSFT', 'relevance_score': '0.643520', 'ticker_sentiment_score': '-0.197723', 'ticker_sentiment_label': 'Somewhat-Bearish'}]"
Observability moves to the center of the distributed systems conversation,https://siliconangle.com/2021/03/08/observability-moves-to-the-center-of-the-distributed-systems-conversation-thecube-observability/,20210308T234952,['Mark Albertson'],"In modern distributed systems, the concept of ""monitoring"" has evolved into ""observability"" to provide a deeper understanding of system health beyond just performance metrics. Observability tools leverage telemetry data, including metrics, logs, and traces, to determine not just what is wrong but why, offering an end-to-end user experience view. Key players like AWS, Oracle, and Splunk are enhancing their observability platforms with AI and machine learning to address the complexities of cloud-native architectures and support DevOps teams.",https://d15shllkswkct0.cloudfront.net/wp-content/blogs.dir/1/files/2021/03/man-magnifying-glass-observibility-look-close.jpg,SiliconANGLE,General,SiliconANGLE,"[{'topic': 'technology', 'relevance_score': '0.921023'}]",0.30839,Somewhat-Bullish,"[{'ticker': 'CSCO', 'relevance_score': '0.844765', 'ticker_sentiment_score': '0.144923', 'ticker_sentiment_label': 'Neutral'}, {'ticker': 'AMZN', 'relevance_score': '0.700126', 'ticker_sentiment_score': '0.308130', 'ticker_sentiment_label': 'Somewhat-Bullish'}, {'ticker': 'ORCL', 'relevance_score': '0.709319', 'ticker_sentiment_score': '0.347099', 'ticker_sentiment_label': 'Somewhat-Bullish'}, {'ticker': 'CRWD', 'relevance_score': '0.735962', 'ticker_sentiment_score': '0.326817', 'ticker_sentiment_label': 'Somewhat-Bullish'}, {'ticker': 'DELL', 'relevance_score': '0.643935', 'ticker_sentiment_score': '0.329831', 'ticker_sentiment_label': 'Somewhat-Bullish'}]"
"Report: Seresto Flea and Tick Collars Linked To Pet Illnesses, Deaths, Human Side Effects",https://www.cbsnews.com/sanfrancisco/news/report-seresto-flea-and-tick-collars-linked-to-pet-illnesses-deaths-human-side-effects/,20210308T235248,[],"A report by USA Today and the Midwest Center for Investigative Reporting has linked Seresto flea and tick collars to nearly 1,700 pet deaths and 75,000 incident reports, including side effects in almost 1,000 humans. The investigation, based on EPA documents, suggests the agency has been aware of these issues since 2012 but has not adequately informed the public. Both the EPA and Elanco Animal Health, the current seller of the collars, affirm the product's safety while Amazon is reviewing its sale.",https://assets3.cbsnewsstatic.com/hub/i/r/2026/02/22/3d9133bf-7dcc-424f-aaac-790d886652a3/thumbnail/1200x630/b7602af9f19a23e6847cc8ecb504c666/i57-shooting-map.png#,CBS News,General,CBS News,"[{'topic': 'retail_wholesale', 'relevance_score': '0.749808'}, {'topic': 'life_sciences', 'relevance_score': '0.942970'}]",-0.440463,Bearish,"[{'ticker': 'ELAN', 'relevance_score': '1.000000', 'ticker_sentiment_score': '-0.647590', 'ticker_sentiment_label': 'Bearish'}, {'ticker': 'AMZN', 'relevance_score': '0.730846', 'ticker_sentiment_score': '-0.246587', 'ticker_sentiment_label': 'Somewhat-Bearish'}]"
Kroger brings 80 Acres Farms vertically farmed produce to more stores,https://www.supermarketnews.com/fresh-produce/kroger-brings-80-acres-farms-vertically-farmed-produce-to-more-stores,20210309T000347,['Russell Redman'],"Kroger is expanding its partnership with 80 Acres Farms to offer vertically farmed produce in over 300 stores across Ohio, Indiana, and Kentucky, as well as online. This expansion follows a successful 15-month pilot and aligns with Kroger’s Zero Hunger | Zero Waste initiative. Other grocers, like Albertsons, are also increasing their offerings of vertically farmed produce, highlighting a growing trend in sustainable agriculture and fresh food accessibility.",https://eu-images.contentstack.com/v3/assets/blt58a1f8f560a1ab0e/blt0476d12bec8c5796/66995b11551dc6dc91062702/Kroger-80_Acres_Farms-store_display.png?width=1280&auto=webp&quality=80&format=jpg&disable=upscale,Supermarket News,General,Supermarket News,"[{'topic': 'retail_wholesale', 'relevance_score': '0.924401'}]",0.196907,Somewhat-Bullish,"[{'ticker': 'KR', 'relevance_score': '1.000000', 'ticker_sentiment_score': '0.443303', 'ticker_sentiment_label': 'Bullish'}, {'ticker': 'WMT', 'relevance_score': '0.645215', 'ticker_sentiment_score': '0.117115', 'ticker_sentiment_label': 'Neutral'}, {'ticker': 'TGT', 'relevance_score': '0.637521', 'ticker_sentiment_score': '0.124468', 'ticker_sentiment_label': 'Neutral'}, {'ticker': 'AMZN', 'relevance_score': '0.649025', 'ticker_sentiment_score': '0.138026', 'ticker_sentiment_label': 'Neutral'}, {'ticker': 'COST', 'relevance_score': '0.621014', 'ticker_sentiment_score': '0.132862', 'ticker_sentiment_label': 'Neutral'}]"
Tesla shares bounce back following steep five-day decline,https://www.detroitnews.com/story/business/2021/03/09/tesla-shares-bounce-back-following-steep-five-day-decline/4643465001/,20210309T000447,['Esha Dey | Bloomberg'],"Tesla shares rebounded on Tuesday after experiencing a significant five-day decline, which erased about $149 billion from its valuation. The recovery was fueled by positive news, including an analyst upgrade from New Street Research, a rally in Bitcoin, and a general shift in sentiment towards high-multiple technology stocks. Analyst Pierre Ferragu upgraded Tesla to buy, citing strong earnings momentum and demand, suggesting the stock could trade at a high multiple similar to Amazon's historical performance.",,The Detroit News,General,The Detroit News,"[{'topic': 'earnings', 'relevance_score': '0.929928'}, {'topic': 'financial_markets', 'relevance_score': '0.933295'}, {'topic': 'technology', 'relevance_score': '0.845028'}, {'topic': 'energy_transportation', 'relevance_score': '0.717379'}, {'topic': 'blockchain', 'relevance_score': '0.641566'}]",0.289137,Somewhat-Bullish,"[{'ticker': 'LI', 'relevance_score': '0.722243', 'ticker_sentiment_score': '0.225418', 'ticker_sentiment_label': 'Somewhat-Bullish'}, {'ticker': 'TSLA', 'relevance_score': '0.988590', 'ticker_sentiment_score': '0.303930', 'ticker_sentiment_label': 'Somewhat-Bullish'}, {'ticker': 'AMZN', 'relevance_score': '0.616237', 'ticker_sentiment_score': '0.337997', 'ticker_sentiment_label': 'Somewhat-Bullish'}]"
"The Sonos Roam is a small, portable smart speaker for $169",https://mashable.com/article/sonos-roam-portable-speaker,20210309T002013,['Brenda Stolyar'],"Sonos has unveiled its smallest and most portable smart speaker to date, the Sonos Roam, priced at $169. This lightweight device, weighing under a pound, is designed for on-the-go use and features an IP67 rating for water and dust resistance, as well as Qi wireless charging compatibility. It boasts enhanced sound quality with Automatic TruePlay Tuning, connects via Wi-Fi and Bluetooth, and supports over 100 streaming services and multiple voice assistants.",https://helios-i.mashable.com/imagery/articles/03KaT9AQKrmCHOjbDZLWv3u/hero-image.fill.size_1248x702.v1619019499.jpg,Mashable,General,Mashable,"[{'topic': 'technology', 'relevance_score': '0.901170'}, {'topic': 'retail_wholesale', 'relevance_score': '0.602233'}]",0.193959,Somewhat-Bullish,"[{'ticker': 'SONO', 'relevance_score': '1.000000', 'ticker_sentiment_score': '0.338704', 'ticker_sentiment_label': 'Somewhat-Bullish'}, {'ticker': 'AMZN', 'relevance_score': '0.643970', 'ticker_sentiment_score': '0.136901', 'ticker_sentiment_label': 'Neutral'}, {'ticker': 'GOOGL', 'relevance_score': '0.643717', 'ticker_sentiment_score': '0.149560', 'ticker_sentiment_label': 'Neutral'}, {'ticker': 'AAPL', 'relevance_score': '0.629205', 'ticker_sentiment_score': '0.122716', 'ticker_sentiment_label': 'Neutral'}]"
WWE® SuperCard Celebrates 25 Years of “Stone Cold” Steve Austin with New Content Available Now,https://newsroom.2k.com/news/wwer-supercard-celebrates-25-years-of-stone-cold-steve-austin-with-new-content-available-now,20210309T002407,[],"2K has announced new content for WWE SuperCard to celebrate the 25th anniversary of ""Stone Cold"" Steve Austin's WWE debut. Throughout March, players can enjoy new items and events, including a ""Stone Cold"" Steve Austin cardback, his iconic jean shorts, and a ""Stone Cold"" Fusion event starting March 9th to create Special Edition cards.",https://cdn.prgloo.com/media/15531d08b8ee44558743d1f02680b523.jpg,2K Newsroom,General,2K Newsroom,"[{'topic': 'technology', 'relevance_score': '0.820884'}]",0.243871,Somewhat-Bullish,"[{'ticker': 'TTWO', 'relevance_score': '1.000000', 'ticker_sentiment_score': '0.438034', 'ticker_sentiment_label': 'Bullish'}, {'ticker': 'AAPL', 'relevance_score': '0.603472', 'ticker_sentiment_score': '0.237180', 'ticker_sentiment_label': 'Somewhat-Bullish'}, {'ticker': 'GOOGL', 'relevance_score': '0.644535', 'ticker_sentiment_score': '0.204712', 'ticker_sentiment_label': 'Somewhat-Bullish'}, {'ticker': 'AMZN', 'relevance_score': '0.616934', 'ticker_sentiment_score': '0.211290', 'ticker_sentiment_label': 'Somewhat-Bullish'}, {'ticker': 'META', 'relevance_score': '0.617477', 'ticker_sentiment_score': '0.200764', 'ticker_sentiment_label': 'Somewhat-Bullish'}]"
"Going small to go big: Burlington Stores shrinks store size to add another 1,000 more locations",https://www.bizjournals.com/philadelphia/news/2021/03/09/burlington-stores-looks-to-add-1-000-more-stores.html,20210309T195206,['Natalie Kostelni'],"Burlington Stores Inc. plans to significantly expand its physical retail footprint by adding another 1,000 locations. This expansion strategy involves shrinking store sizes, which is expected to lead to lower occupancy costs and higher operating margins by requiring less in-store inventory. The company is pursuing this aggressive growth while many other retailers are contracting.",,The Business Journals,General,The Business Journals,"[{'topic': 'retail_wholesale', 'relevance_score': '0.949546'}, {'topic': 'real_estate', 'relevance_score': '0.817206'}]",0.204664,Somewhat-Bullish,"[{'ticker': 'BURL', 'relevance_score': '1.000000', 'ticker_sentiment_score': '0.424830', 'ticker_sentiment_label': 'Bullish'}, {'ticker': 'AMZN', 'relevance_score': '0.644656', 'ticker_sentiment_score': '0.041773', 'ticker_sentiment_label': 'Neutral'}]"
"FedEx completes shift of former Postal Service business, rebrands service",https://www.freightwaves.com/news/fedex-completes-shift-of-former-postal-service-business-rebrands-service,20210310T235446,['Mark Solomon'],"FedEx has completed the integration of its last-mile delivery operations, formerly handled by the U.S. Postal Service, and rebranded the service to FedEx Ground Economy from FedEx SmartPost. This shift aims to build package density in its business-to-consumer ground network and enable seven-day-a-week deliveries. The transition was delayed from its original 2020 target due to the impact of the COVID-19 pandemic on parcel deliveries.","https://freightwaves.b-cdn.net/wp-content/uploads/2021/03/FedEx_completes_1.jpg?resize=970,546&width=970&height=546",FreightWaves,General,FreightWaves,"[{'topic': 'energy_transportation', 'relevance_score': '0.944651'}, {'topic': 'retail_wholesale', 'relevance_score': '0.843717'}]",0.203987,Somewhat-Bullish,"[{'ticker': 'FDX', 'relevance_score': '1.000000', 'ticker_sentiment_score': '0.334054', 'ticker_sentiment_label': 'Somewhat-Bullish'}, {'ticker': 'UPS', 'relevance_score': '0.747338', 'ticker_sentiment_score': '0.126288', 'ticker_sentiment_label': 'Neutral'}, {'ticker': 'AMZN', 'relevance_score': '0.636266', 'ticker_sentiment_score': '0.123500', 'ticker_sentiment_label': 'Neutral'}]"
ServiceNow Customer Service Management grows in Quebec,https://www.techtarget.com/searchcustomerexperience/news/252497626/ServiceNow-Customer-Service-Management-grows-in-Quebec,20210311T000946,['By Don Fluckinger'],"ServiceNow has released its twice-yearly platform update, named Quebec, with new workflow automation features for Customer Service Management users. The update includes mobile messaging support, a new Engagement Messenger for self-service actions, and Process Optimization for analyzing customer service processes. These enhancements aim to expand ServiceNow's presence in the customer service and contact center market, targeting growth in areas like telecommunications and financial services, building on previous features introduced during the pandemic.",https://www.techtarget.com/visuals/searchSolidStateStorage/implementation/solidstatestorage_article_002_searchsitetablet_520X173.jpg,TechTarget,General,TechTarget,"[{'topic': 'technology', 'relevance_score': '0.820770'}]",0.251248,Somewhat-Bullish,"[{'ticker': 'NOW', 'relevance_score': '1.000000', 'ticker_sentiment_score': '0.431434', 'ticker_sentiment_label': 'Bullish'}, {'ticker': 'CRM', 'relevance_score': '0.618862', 'ticker_sentiment_score': '0.285440', 'ticker_sentiment_label': 'Somewhat-Bullish'}, {'ticker': 'AMZN', 'relevance_score': '0.616332', 'ticker_sentiment_score': '0.147587', 'ticker_sentiment_label': 'Neutral'}]"
UNFI branches out into bitcoin and a local marketplace,https://www.grocerydive.com/news/unfi-branches-out-into-bitcoin-and-a-local-marketplace/596541/,20210311T002439,['Jeff Wells'],"United Natural Foods, Inc. (UNFI) is expanding its services by launching a local products marketplace for retailers and partnering with Coin Cloud to place bitcoin kiosks in grocery stores. The company reported strong Q2 earnings with adjusted earnings up 57% and net sales up 7.1%, driven by increased at-home consumption and successful cross-selling efforts. UNFI also extended its supply contract with Whole Foods until 2027 and expects to see significant inflation and promotional activity increase in the coming fiscal year.",https://imgproxy.divecdn.com/_qscRP3qHzlh1hHdroDKPukvC2VkD8wBZNPAsf4tCYE/g:ce/rs:fill:1200:675:1/Z3M6Ly9kaXZlc2l0ZS1zdG9yYWdlL2RpdmVpbWFnZS9Tb3V0aF9QaGlsbHlfRm9vZF9Dby1vcF9pbnRlcmlvci5qcGc=.webp,Grocery Dive,General,Grocery Dive,"[{'topic': 'earnings', 'relevance_score': '0.918127'}, {'topic': 'economy_monetary', 'relevance_score': '0.824536'}, {'topic': 'retail_wholesale', 'relevance_score': '0.903978'}, {'topic': 'blockchain', 'relevance_score': '0.826098'}, {'topic': 'economy_macro', 'relevance_score': '0.610151'}]",0.18286,Somewhat-Bullish,"[{'ticker': 'UNFI', 'relevance_score': '1.000000', 'ticker_sentiment_score': '0.438415', 'ticker_sentiment_label': 'Bullish'}, {'ticker': 'KR', 'relevance_score': '0.661326', 'ticker_sentiment_score': '0.155547', 'ticker_sentiment_label': 'Somewhat-Bullish'}, {'ticker': 'AMZN', 'relevance_score': '0.649334', 'ticker_sentiment_score': '0.109544', 'ticker_sentiment_label': 'Neutral'}, {'ticker': 'WMT', 'relevance_score': '0.631862', 'ticker_sentiment_score': '0.149424', 'ticker_sentiment_label': 'Neutral'}, {'ticker': 'MSFT', 'relevance_score': '0.559924', 'ticker_sentiment_score': '0.131173', 'ticker_sentiment_label': 'Neutral'}]"
A New Outdoor Gear Marketplace Launches With The Backing Of VF Corporation,https://www.outsideonline.com/business-journal/retailers/a-new-outdoor-gear-marketplace-launches-with-the-backing-of-vf-corporation/,20210311T002539,['Eric Smith'],"Out&Back Outdoor Inc., a new Denver-based e-commerce startup, has launched an online secondary marketplace for outdoor gear with an early investment from VF Corporation. The platform aims to revolutionize how consumers buy and sell outdoor apparel by offering a ""Kayak for outdoor gear"" experience, allowing users to compare new and used items from various brands on a single site. Out&Back plans to generate revenue through affiliate sales and by buying, cleaning, and reselling used gear, promoting sustainability within the outdoor industry.",https://cdn.outsideonline.com/wp-content/uploads/2022/04/Group-Hiking-1189969126-2.jpg,Outside Magazine,General,Outside Magazine,"[{'topic': 'retail_wholesale', 'relevance_score': '0.927790'}, {'topic': 'finance', 'relevance_score': '0.706309'}]",0.174476,Somewhat-Bullish,"[{'ticker': 'VFC', 'relevance_score': '0.923681', 'ticker_sentiment_score': '0.307878', 'ticker_sentiment_label': 'Somewhat-Bullish'}, {'ticker': 'NKE', 'relevance_score': '0.621022', 'ticker_sentiment_score': '0.122930', 'ticker_sentiment_label': 'Neutral'}, {'ticker': 'AMZN', 'relevance_score': '0.599695', 'ticker_sentiment_score': '0.075657', 'ticker_sentiment_label': 'Neutral'}]"
Industrial ETFs Like 'DUSL' Riding a Wave of Market Momentum,https://www.etftrends.com/leveraged-inverse-channel/industrial-etfs-dusl-riding-market-momentum/,20210311T023927,['Ben Hernandez'],"The article discusses the recent market shift towards industrial stocks, citing the Direxion Daily Industrials Bull 3X Shares (DUSL) as a potential investment for leveraged gains. It highlights how industrials are performing well as the economy strengthens, attracting capital away from technology stocks. The SPDR Industrial ETF (XLI) has reached a new high, contrasting with the SPDR Technology ETF (XLK)'s decline, indicating a move towards value stocks benefiting from economic growth and higher interest rates.",https://www.etftrends.com/wp-content/uploads/2025/09/Leveraged_Inverse_Direxion_masthead_overlay_1600x121@2x.png,ETF Trends,General,ETF Trends,"[{'topic': 'financial_markets', 'relevance_score': '0.905701'}, {'topic': 'economy_macro', 'relevance_score': '0.825056'}, {'topic': 'manufacturing', 'relevance_score': '0.747688'}]",0.334139,Somewhat-Bullish,"[{'ticker': 'DUSL', 'relevance_score': '1.000000', 'ticker_sentiment_score': '0.647170', 'ticker_sentiment_label': 'Bullish'}, {'ticker': 'AAPL', 'relevance_score': '0.624982', 'ticker_sentiment_score': '0.211334', 'ticker_sentiment_label': 'Somewhat-Bullish'}, {'ticker': 'AMZN', 'relevance_score': '0.600670', 'ticker_sentiment_score': '0.240373', 'ticker_sentiment_label': 'Somewhat-Bullish'}]"
4 Key Steps to Profitable Store-Based Fulfillment,https://www.retailtouchpoints.com/features/news-briefs/4-key-steps-to-profitable-store-based-fulfillment,20210311T114900,['Jessie Dowd'],"A report by Incisiv, commissioned by Manhattan Associates Inc., reveals that while ecommerce surged due to the pandemic, order fulfillment from stores has significantly reduced profit margins for retailers. The article outlines four key steps for retailers to make store-based fulfillment more profitable: addressing inefficiencies, equipping associates with digital tools, streamlining returns, and improving in-store inventory accuracy. These steps are crucial for retailers to adapt to the evolving landscape and meet customer expectations in a post-pandemic world.",,Retail TouchPoints,General,Retail TouchPoints,"[{'topic': 'retail_wholesale', 'relevance_score': '0.938987'}, {'topic': 'economy_macro', 'relevance_score': '0.602429'}]",0.141021,Neutral,"[{'ticker': 'MANH', 'relevance_score': '1.000000', 'ticker_sentiment_score': '0.270108', 'ticker_sentiment_label': 'Somewhat-Bullish'}, {'ticker': 'AMZN', 'relevance_score': '0.745539', 'ticker_sentiment_score': '0.130379', 'ticker_sentiment_label': 'Neutral'}, {'ticker': 'WMT', 'relevance_score': '0.631675', 'ticker_sentiment_score': '0.145832', 'ticker_sentiment_label': 'Neutral'}, {'ticker': 'HD', 'relevance_score': '0.618824', 'ticker_sentiment_score': '0.132767', 'ticker_sentiment_label': 'Neutral'}, {'ticker': 'TGT', 'relevance_score': '0.641374', 'ticker_sentiment_score': '0.114241', 'ticker_sentiment_label': 'Neutral'}]"
GM CEO Mary Barra: 'We're just at the beginning' of where company's stock will move,https://www.cnbc.com/2021/03/11/barra-were-just-at-the-beginning-of-where-gms-stock-will-move.html,20210311T154900,['Michael Wayland'],"GM CEO Mary Barra believes the company's stock is poised for significant growth as the automaker shifts its focus to all-electric vehicles (EVs). Shares of GM are up 36% this year, and Barra anticipates this upward trend will continue as the market recognizes GM's assets and resources in this transformation. She highlighted GM's new EV commercial business, BrightDrop, as an example of innovation beyond just changing the propulsion system.",,CNBC,General,CNBC,"[{'topic': 'earnings', 'relevance_score': '0.827975'}, {'topic': 'energy_transportation', 'relevance_score': '0.927521'}]",0.164857,Somewhat-Bullish,"[{'ticker': 'GM', 'relevance_score': '1.000000', 'ticker_sentiment_score': '0.467083', 'ticker_sentiment_label': 'Bullish'}, {'ticker': 'F', 'relevance_score': '0.635796', 'ticker_sentiment_score': '0.137699', 'ticker_sentiment_label': 'Neutral'}, {'ticker': 'AMZN', 'relevance_score': '0.649957', 'ticker_sentiment_score': '-0.106948', 'ticker_sentiment_label': 'Neutral'}]"
"Target, The 'Apple Experience' And Training",https://www.forbes.com/sites/bryanpearson/2021/03/11/target-the-apple-experience-and-training/,20210311T180100,['Bryan Pearson'],"This article discusses Target's strategy for staffing its new in-store Apple kiosks with specially trained employees, emphasizing the importance of knowledgeable staff for customer satisfaction and sales. It highlights how co-branding extends to employee training, crucial for retail partnerships and reducing employee turnover, while warning against exclusive training that could undermine collaborative culture.",https://imageio.forbes.com/specials-images/imageserve/604a11f26487e41b31a8f6d7/0x0.jpg?format=jpg&width=1200,Forbes,General,Forbes,"[{'topic': 'retail_wholesale', 'relevance_score': '0.829748'}, {'topic': 'technology', 'relevance_score': '0.738368'}]",0.223881,Somewhat-Bullish,"[{'ticker': 'TGT', 'relevance_score': '1.000000', 'ticker_sentiment_score': '0.436024', 'ticker_sentiment_label': 'Bullish'}, {'ticker': 'AAPL', 'relevance_score': '0.937509', 'ticker_sentiment_score': '0.326733', 'ticker_sentiment_label': 'Somewhat-Bullish'}, {'ticker': 'ULTA', 'relevance_score': '0.614677', 'ticker_sentiment_score': '0.243824', 'ticker_sentiment_label': 'Somewhat-Bullish'}, {'ticker': 'WMT', 'relevance_score': '0.572803', 'ticker_sentiment_score': '0.119682', 'ticker_sentiment_label': 'Neutral'}, {'ticker': 'AMZN', 'relevance_score': '0.574513', 'ticker_sentiment_score': '0.126090', 'ticker_sentiment_label': 'Neutral'}]"
PepsiCo subsidiary expands keto snack brand,https://www.foodbusinessnews.net/articles/19961-pepsico-subsidiary-expands-keto-snack-brand,20210311T210204,['Monica Watrous'],"Hilo Life, a keto-friendly snack brand owned by PepsiCo's subsidiary Inviting Foods LLC, is launching new cheese puffs in cheddar and fiery hot flavors. These new products, along with their existing tortilla-style chips and snack mixes, aim to satisfy consumers looking for low-carb, flavorful snack options. The snack puffs contain 3 grams of net carbohydrates and 12 grams of protein per serving.",,Food Business News,General,Food Business News,"[{'topic': 'retail_wholesale', 'relevance_score': '0.826095'}]",0.131251,Neutral,"[{'ticker': 'PEP', 'relevance_score': '1.000000', 'ticker_sentiment_score': '0.315101', 'ticker_sentiment_label': 'Somewhat-Bullish'}, {'ticker': 'AMZN', 'relevance_score': '0.636001', 'ticker_sentiment_score': '0.135216', 'ticker_sentiment_label': 'Neutral'}, {'ticker': 'GIS', 'relevance_score': '0.595294', 'ticker_sentiment_score': '-0.149895', 'ticker_sentiment_label': 'Neutral'}]"
"Amazon Announces First Fulfillment Center in Amarillo, TX",https://www.businesswire.com/news/home/20210311005683/en/Amazon-Announces-First-Fulfillment-Center-in-Amarillo-TX,20210311T234202,[],"Amazon.com, Inc. (NASDAQ: AMZN) plans to open its first fulfillment center in Amarillo, Texas, creating over 500 new, full-time jobs. This one million square-foot facility, expected to launch in early 2022, will handle bulky customer items and provide comprehensive benefits and competitive wages to employees. Local and state leaders, including Amarillo Mayor Ginger Nelson, lauded the investment for its significant economic boost to the Texas Panhandle.",https://mms.businesswire.com/media/20210311005683/en/834481/4/Amazon_logo.jpg,Business Wire,General,Business Wire,"[{'topic': 'retail_wholesale', 'relevance_score': '0.903253'}, {'topic': 'economy_macro', 'relevance_score': '0.725753'}]",0.460504,Bullish,"[{'ticker': 'AMZN', 'relevance_score': '1.000000', 'ticker_sentiment_score': '0.454224', 'ticker_sentiment_label': 'Bullish'}]"
Subscription E-Commerce Market: 3 Bold Projections for 2021 |,https://www.openpr.com/news/2255280/subscription-e-commerce-market-3-bold-projections-for-2021,20210311T235313,[],"HTF Market Intelligence Consulting Pvt. Ltd. has released a detailed research study on the Global Subscription E-Commerce Market, offering a product outlook and market review until 2026. The report segments the market by regions, types (Beauty and Personal Care, Food and Beverage, Clothing and Fashion, Entertainment & Health and Fitness), and applications (Online & Offline), highlighting key players such as Dollar Shave Club, Netflix, and Hello Fresh. It provides competitive analysis, financial ratios, and strategic recommendations to help businesses understand market dynamics and identify growth opportunities.",https://cdn.open-pr.com/U/3/U311663018_g.jpg,openPR.com,General,openPR.com,"[{'topic': 'retail_wholesale', 'relevance_score': '0.810437'}, {'topic': 'financial_markets', 'relevance_score': '0.744302'}, {'topic': 'technology', 'relevance_score': '0.640849'}, {'topic': 'finance', 'relevance_score': '0.645348'}, {'topic': 'economy_macro', 'relevance_score': '0.638287'}]",0.257575,Somewhat-Bullish,"[{'ticker': 'EPC', 'relevance_score': '0.312390', 'ticker_sentiment_score': '0.044832', 'ticker_sentiment_label': 'Neutral'}, {'ticker': 'NFLX', 'relevance_score': '0.818080', 'ticker_sentiment_score': '0.333714', 'ticker_sentiment_label': 'Somewhat-Bullish'}, {'ticker': 'DIS', 'relevance_score': '0.730962', 'ticker_sentiment_score': '0.343031', 'ticker_sentiment_label': 'Somewhat-Bullish'}, {'ticker': 'AMZN', 'relevance_score': '0.646773', 'ticker_sentiment_score': '0.268486', 'ticker_sentiment_label': 'Somewhat-Bullish'}]"
Transformers Kingdom Blackarachnia Concept Art by Ken Christiansen,https://tformers.com/transformers-kingdom-blackarachnia-concept-art-by-ken-christiansen/40688/news.html,20210311T235838,['BaCon'],"Ken Christiansen has released new concept art for the Transformers Kingdom Blackarachnia figure. The artwork, commissioned in partnership with Hasbro, Inc., showcases the ""Black Arachnia Bot Mode"" and is available on Hasbro Pulse. The article includes several images of the concept art and provides links to purchase the figure from various online retailers.",https://i.tformers.com/g/albums/40688/Transformers Kingdom Blackarachnia Concept Art by Ken Christiansen (1).jpg,Tformers,General,Tformers,"[{'topic': 'retail_wholesale', 'relevance_score': '0.611956'}]",0.176963,Somewhat-Bullish,"[{'ticker': 'HAS', 'relevance_score': '1.000000', 'ticker_sentiment_score': '0.301901', 'ticker_sentiment_label': 'Somewhat-Bullish'}, {'ticker': 'AMZN', 'relevance_score': '0.601132', 'ticker_sentiment_score': '0.135892', 'ticker_sentiment_label': 'Neutral'}, {'ticker': 'WMT', 'relevance_score': '0.628920', 'ticker_sentiment_score': '0.123138', 'ticker_sentiment_label': 'Neutral'}]"
Coupang soars 41% on US trading debut,https://www.kedglobal.com/ipos/newsView/ked202103110018,20210312T064726,['Dong-Hui Park and Geun-Ho Im'],"Coupang's shares soared 41% on its US trading debut, closing at $49.25 after raising $4.6 billion in its IPO. The company is now South Korea's third-largest by market value and plans to invest in logistics and technology to enhance its competitive edge against domestic rivals. Analysts note its growth potential despite being a loss-making entity, comparing its data-driven approach to Amazon.",,KED Global,General,KED Global,"[{'topic': 'ipo', 'relevance_score': '1.000000'}, {'topic': 'retail_wholesale', 'relevance_score': '0.810979'}, {'topic': 'technology', 'relevance_score': '0.703531'}, {'topic': 'financial_markets', 'relevance_score': '0.631003'}, {'topic': 'finance', 'relevance_score': '0.614872'}]",0.435787,Bullish,"[{'ticker': 'CPNG', 'relevance_score': '1.000000', 'ticker_sentiment_score': '0.803007', 'ticker_sentiment_label': 'Bullish'}, {'ticker': 'AMZN', 'relevance_score': '0.738954', 'ticker_sentiment_score': '0.336288', 'ticker_sentiment_label': 'Somewhat-Bullish'}, {'ticker': 'EBAY', 'relevance_score': '0.640408', 'ticker_sentiment_score': '0.213173', 'ticker_sentiment_label': 'Somewhat-Bullish'}]"
Coty’s Jean-Denis Mariani Discusses Digital Transformation,https://wwd.com/beauty-industry-news/beauty-features/coty-jean-denis-mariani-discusses-digital-transformation-1234775029/,20210312T080000,['Jennifer Weil'],"Jean-Denis Mariani, Coty's chief digital officer, discusses the company's digital transformation, emphasizing that ""there is no digital strategy anymore. It’s just strategy in a digital world.” He highlights the importance of content, omnichannel investment, and localization, particularly in China. Mariani also shares insights from Kylie Skin and KKW Beauty, including the power of diverse content, the ""drop"" model, and community building, and predicts video will eclipse photographs online.",,WWD,General,WWD,"[{'topic': 'retail_wholesale', 'relevance_score': '0.840206'}, {'topic': 'technology', 'relevance_score': '0.709209'}]",0.527787,Bullish,"[{'ticker': 'COTY', 'relevance_score': '0.992915', 'ticker_sentiment_score': '0.793501', 'ticker_sentiment_label': 'Bullish'}, {'ticker': 'AMZN', 'relevance_score': '0.565323', 'ticker_sentiment_score': '0.221432', 'ticker_sentiment_label': 'Somewhat-Bullish'}]"
The New Possible Podcast: Vortic Watch Co: Not Your Grandpa’s Pocket Watch,https://www.autodesk.com/products/fusion-360/blog/the-new-possible-podcast-vortic-watch-co/,20210312T234044,['Emily Suzuki'],"This article introduces an episode of The New Possible podcast featuring Vortic Watch Co., a company that repurposes WWII-era American pocket watches into modern wristwatches. Founders RT Custer and Tyler Wolfe discuss their business model, which involves restoring old pocket watch mechanisms and manufacturing new cases and components using Autodesk Fusion 360, focusing on transparent and U.S.-based production. The podcast highlights their journey, including pivoting ideas, crowdfunding success, and bringing manufacturing in-house.",https://www.autodesk.com/products/fusion-360/blog/wp-content/uploads/2021/03/vortic_-87-1-1024x732.jpg,Autodesk,General,Autodesk,"[{'topic': 'manufacturing', 'relevance_score': '0.926532'}, {'topic': 'technology', 'relevance_score': '0.847920'}]",0.202853,Somewhat-Bullish,"[{'ticker': 'ADSK', 'relevance_score': '0.930550', 'ticker_sentiment_score': '0.322003', 'ticker_sentiment_label': 'Somewhat-Bullish'}, {'ticker': 'AAPL', 'relevance_score': '0.611378', 'ticker_sentiment_score': '0.105114', 'ticker_sentiment_label': 'Neutral'}, {'ticker': 'AMZN', 'relevance_score': '0.602364', 'ticker_sentiment_score': '0.112375', 'ticker_sentiment_label': 'Neutral'}]"
Score 50% Off Your Fave Pizza With These Pi Day Deals,https://www.elitedaily.com/p/these-national-pi-day-2021-deals-for-pizza-pie-include-so-many-discounts-65313839,20210312T234505,['Lara Walsh'],"This article details numerous Pi Day (March 14) deals for 2021, offering discounts on pizzas and pies from various national retailers. Deals include $3.14 pizzas from 7-Eleven and Blaze Pizza, 50% off select pizzas at BJ's Restaurant & Brewhouse, and discounts through apps like Slice and Uber Eats. Customers are encouraged to follow CDC guidelines for social distancing and consider takeout or delivery.",https://imgix.bustle.com/uploads/image/2021/3/11/9e9b86da-3aee-4d35-a625-b6b2afa24a7c-copy-of-pizza-press-release-18.jpg?w=374&h=561&fit=crop&crop=faces&dpr=2,Elite Daily,General,Elite Daily,"[{'topic': 'retail_wholesale', 'relevance_score': '0.832330'}]",0.341851,Somewhat-Bullish,"[{'ticker': 'BJRI', 'relevance_score': '1.000000', 'ticker_sentiment_score': '0.423328', 'ticker_sentiment_label': 'Bullish'}, {'ticker': 'AMZN', 'relevance_score': '0.627082', 'ticker_sentiment_score': '0.343030', 'ticker_sentiment_label': 'Somewhat-Bullish'}, {'ticker': 'UBER', 'relevance_score': '0.748254', 'ticker_sentiment_score': '0.332186', 'ticker_sentiment_label': 'Somewhat-Bullish'}, {'ticker': 'WMT', 'relevance_score': '0.619680', 'ticker_sentiment_score': '0.318320', 'ticker_sentiment_label': 'Somewhat-Bullish'}, {'ticker': 'KHC', 'relevance_score': '0.649047', 'ticker_sentiment_score': '0.213620', 'ticker_sentiment_label': 'Somewhat-Bullish'}]"
Lands' End credits Kohl's partnership for growing customer base,https://www.bizjournals.com/milwaukee/news/2021/03/15/lands-end-credits-kohls-partnership-for-growing.html,20210315T000351,['Sari Lesk'],"Lands' End is expanding its customer base by utilizing multiple sales channels, including partnerships with retailers like Kohl's and online platforms such as Amazon. This strategy is helping the company reach a broader audience, according to its top executive. The article highlights that these partnerships are crucial for the brand's growth and increased market penetration.",https://media.bizj.us/view/img/11678067/img0867*900xx2526-1419-363-985.jpg,The Business Journals,General,The Business Journals,"[{'topic': 'retail_wholesale', 'relevance_score': '0.825518'}]",0.292488,Somewhat-Bullish,"[{'ticker': 'KSS', 'relevance_score': '0.918839', 'ticker_sentiment_score': '0.257420', 'ticker_sentiment_label': 'Somewhat-Bullish'}, {'ticker': 'AMZN', 'relevance_score': '0.742415', 'ticker_sentiment_score': '0.260869', 'ticker_sentiment_label': 'Somewhat-Bullish'}]"
"Buffer inventory, e-commerce growth buoys warehouse demand: Prologis",https://www.supplychaindive.com/news/warehouse-resilience-ecommerce-supply-chain-logistics-real-estate-pandemic/596697/,20210315T001341,['Matt Leonard'],"A report from Prologis indicates that increased focus on supply chain resilience and the continued growth of e-commerce are expected to significantly boost demand for logistics real estate. An estimated 125 million square feet or more of new warehousing space will be needed annually in the U.S. and Europe until 2025 to meet e-commerce demand. Furthermore, a shift away from just-in-time practices towards higher inventories for resiliency could add another 57 million to 114 million square feet in demand over the next five years.",https://imgproxy.divecdn.com/--_9yiBYLA2sYlCEc9dJ45ketdwRp1S76xzoCH2j7zs/g:ce/rs:fill:1200:675:1/Z3M6Ly9kaXZlc2l0ZS1zdG9yYWdlL2RpdmVpbWFnZS9KZXNzdXBfLV8xOU9jdDIwMjBfMTkuanBn.webp,Supply Chain Dive,General,Supply Chain Dive,"[{'topic': 'retail_wholesale', 'relevance_score': '0.948762'}, {'topic': 'real_estate', 'relevance_score': '0.738446'}, {'topic': 'economy_macro', 'relevance_score': '0.614010'}, {'topic': 'manufacturing', 'relevance_score': '0.626419'}]",0.35794,Bullish,"[{'ticker': 'PLD', 'relevance_score': '1.000000', 'ticker_sentiment_score': '0.424933', 'ticker_sentiment_label': 'Bullish'}, {'ticker': 'UPS', 'relevance_score': '0.748590', 'ticker_sentiment_score': '0.314582', 'ticker_sentiment_label': 'Somewhat-Bullish'}, {'ticker': 'AMZN', 'relevance_score': '0.719541', 'ticker_sentiment_score': '0.315313', 'ticker_sentiment_label': 'Somewhat-Bullish'}, {'ticker': 'TGT', 'relevance_score': '0.736918', 'ticker_sentiment_score': '0.328771', 'ticker_sentiment_label': 'Somewhat-Bullish'}, {'ticker': 'WMT', 'relevance_score': '0.718236', 'ticker_sentiment_score': '0.314015', 'ticker_sentiment_label': 'Somewhat-Bullish'}]"
Adobe Digital Economy Index: COVID-19 Report,https://blog.adobe.com/en/publish/2021/03/15/adobe-digital-economy-index-covid-19-report,20210315T192625,[],"The Adobe Digital Economy Index report analyzes the lasting impact of COVID-19 on eCommerce, revealing an extra boost of $183 billion to online spending and projecting 2022 to be the first trillion-dollar year for eCommerce. It highlights significant changes in consumer behavior, such as the boom in ""Buy Now, Pay Later"" options, surging online grocery sales, and persistent out-of-stock messages. The report also notes a slump in digital purchasing power and atypical pricing trends, with digital inflation observed across major online categories.",,Adobe,General,Adobe,"[{'topic': 'retail_wholesale', 'relevance_score': '1.000000'}, {'topic': 'economy_macro', 'relevance_score': '0.900425'}, {'topic': 'technology', 'relevance_score': '0.739708'}]",0.353126,Bullish,"[{'ticker': 'ADBE', 'relevance_score': '1.000000', 'ticker_sentiment_score': '0.430861', 'ticker_sentiment_label': 'Bullish'}, {'ticker': 'AMZN', 'relevance_score': '0.642103', 'ticker_sentiment_score': '0.321414', 'ticker_sentiment_label': 'Somewhat-Bullish'}]"
"AMD Unveils EPYC 'Milan' 7003 CPUs, Zen 3 Comes to 64-Core Server Chips",https://www.tomshardware.com/news/amd-unveils-epyc-milan-7003-cpus-zen-3-comes-to-64-core-server-chips,20210315T234152,['Paul Alcorn'],"AMD has officially launched its EPYC 'Milan' 7003 processors, bringing the Zen 3 architecture to the server market with its flagship 64-core EPYC 7763, claiming it to be the world's fastest server processor. These new 7nm chips are drop-in compatible with existing servers and offer significant performance improvements over Intel's Xeon Cascade Lake Refresh chips, particularly in HPC, Cloud, and enterprise workloads, alongside a better price-to-performance ratio. The Milan processors also focus on expanding AMD's hardware and software ecosystems to better cater to a broader range of enterprise customers.",https://cdn.mos.cms.futurecdn.net/sZFiHb6CYDDrbgeVaznA9B.gif,Tom's Hardware,General,Tom's Hardware,"[{'topic': 'technology', 'relevance_score': '0.910131'}]",0.174148,Somewhat-Bullish,"[{'ticker': 'AMD', 'relevance_score': '1.000000', 'ticker_sentiment_score': '0.404853', 'ticker_sentiment_label': 'Bullish'}, {'ticker': 'INTC', 'relevance_score': '0.866866', 'ticker_sentiment_score': '-0.343199', 'ticker_sentiment_label': 'Somewhat-Bearish'}, {'ticker': 'DELL', 'relevance_score': '0.570469', 'ticker_sentiment_score': '0.217139', 'ticker_sentiment_label': 'Somewhat-Bullish'}, {'ticker': 'AMZN', 'relevance_score': '0.555413', 'ticker_sentiment_score': '0.204900', 'ticker_sentiment_label': 'Somewhat-Bullish'}, {'ticker': 'MSFT', 'relevance_score': '0.595777', 'ticker_sentiment_score': '0.202189', 'ticker_sentiment_label': 'Somewhat-Bullish'}]"
GM-backed Cruise to buy self-driving start-up Voyage,https://www.cnbc.com/2021/03/15/gm-backed-cruise-to-buy-self-driving-start-up-voyage.html,20210315T235741,['Michael Wayland'],"GM's majority-owned autonomous vehicle subsidiary Cruise has announced its agreement to acquire self-driving car start-up Voyage. Voyage CEO Oliver Cameron will join Cruise as vice president of product, and most of Voyage's 60 employees are expected to transition to Cruise. This acquisition marks a continued consolidation within the autonomous vehicle sector as Cruise focuses on launching a robotaxi business in San Francisco.",https://image.cnbcfm.com/api/v1/image/106268703-1574875369767driverlesscars2.jpg?v=1574875502&w=750&h=422&vtcrop=y,CNBC,General,CNBC,"[{'topic': 'mergers_and_acquisitions', 'relevance_score': '1.000000'}, {'topic': 'technology', 'relevance_score': '0.806669'}, {'topic': 'energy_transportation', 'relevance_score': '0.719784'}]",0.167081,Somewhat-Bullish,"[{'ticker': 'GM', 'relevance_score': '1.000000', 'ticker_sentiment_score': '0.316389', 'ticker_sentiment_label': 'Somewhat-Bullish'}, {'ticker': 'UBER', 'relevance_score': '0.627063', 'ticker_sentiment_score': '0.115909', 'ticker_sentiment_label': 'Neutral'}, {'ticker': 'AMZN', 'relevance_score': '0.631968', 'ticker_sentiment_score': '0.147564', 'ticker_sentiment_label': 'Neutral'}, {'ticker': 'GOOGL', 'relevance_score': '0.590597', 'ticker_sentiment_score': '0.114560', 'ticker_sentiment_label': 'Neutral'}]"
AMD Raises Bar Against Intel With 3rd-Gen EPYC Milan CPUS,https://www.crn.com/news/components-peripherals/amd-raises-bar-against-intel-with-3rd-gen-epyc-milan-cpus,20210315T235923,[],"AMD has launched its third-generation EPYC processors, codenamed Milan, aiming to surpass Intel in performance and total cost of ownership for data centers. The new processors offer significant performance improvements, enhanced security features, and backward compatibility with existing server platforms, providing a competitive edge over Intel's upcoming Xeon Scalable chips. AMD emphasizes the value proposition of Milan through its high core density, strong price-performance ratio, and reduced TCO for cloud, enterprise, and HPC workloads.",,CRN,General,CRN,"[{'topic': 'technology', 'relevance_score': '0.939465'}]",0.219271,Somewhat-Bullish,"[{'ticker': 'HPE', 'relevance_score': '0.729630', 'ticker_sentiment_score': '0.322392', 'ticker_sentiment_label': 'Somewhat-Bullish'}, {'ticker': 'AMD', 'relevance_score': '1.000000', 'ticker_sentiment_score': '0.432789', 'ticker_sentiment_label': 'Bullish'}, {'ticker': 'INTC', 'relevance_score': '1.000000', 'ticker_sentiment_score': '-0.434983', 'ticker_sentiment_label': 'Bearish'}, {'ticker': 'AMZN', 'relevance_score': '0.638626', 'ticker_sentiment_score': '0.336216', 'ticker_sentiment_label': 'Somewhat-Bullish'}, {'ticker': 'MSFT', 'relevance_score': '0.642915', 'ticker_sentiment_score': '0.334919', 'ticker_sentiment_label': 'Somewhat-Bullish'}]"
Sources: Amazon Web Services will keep more than 500 employees in East Palo Alto despite shedding office space there,https://www.bizjournals.com/sanjose/news/2021/03/16/amazon-web-services-east-palo-alto-office.html,20210316T234202,['Matthew Niksa'],"Amazon Web Services (AWS) plans to retain over 500 employees in East Palo Alto, despite its impending departure from a significant Class A office property in the area. The company, a subsidiary of Amazon.com Inc., will continue to maintain a substantial presence in the mid-Peninsula city. This decision comes even as AWS sheds some of its office space, indicating a strategic shift rather than a complete withdrawal from the location.",https://media.bizj.us/view/img/5633391/2100-aerial*900xx3556-2000-222-0.jpg,The Business Journals,General,The Business Journals,"[{'topic': 'real_estate', 'relevance_score': '0.912617'}, {'topic': 'technology', 'relevance_score': '0.830908'}]",0.144188,Neutral,"[{'ticker': 'AMZN', 'relevance_score': '0.938659', 'ticker_sentiment_score': '0.135510', 'ticker_sentiment_label': 'Neutral'}]"
"Fidelity Magellan ETF ETF Price, Holdings, & News (BATS:FMAG)",https://www.marketbeat.com/stocks/BATS/FMAG/,20210317T011023,['MarketBeat.com Staff'],"The Fidelity Magellan ETF (FMAG) is an actively managed, non-transparent ETF that invests in fundamentally selected firms globally, tracking the S&P 500 TR USD index. Launched in February 2021, the fund has assets under management of $266.85 million and a net expense ratio of 0.59%. Its top holdings include major tech companies like NVIDIA, Microsoft, and Amazon.com.",NULL,MarketBeat,General,MarketBeat,"[{'topic': 'financial_markets', 'relevance_score': '0.934844'}]",0.253126,Somewhat-Bullish,"[{'ticker': 'FMAG', 'relevance_score': '1.000000', 'ticker_sentiment_score': '0.111643', 'ticker_sentiment_label': 'Neutral'}, {'ticker': 'NVDA', 'relevance_score': '0.726165', 'ticker_sentiment_score': '0.306024', 'ticker_sentiment_label': 'Somewhat-Bullish'}, {'ticker': 'MSFT', 'relevance_score': '0.616899', 'ticker_sentiment_score': '0.336878', 'ticker_sentiment_label': 'Somewhat-Bullish'}, {'ticker': 'AMZN', 'relevance_score': '0.606880', 'ticker_sentiment_score': '0.221161', 'ticker_sentiment_label': 'Somewhat-Bullish'}, {'ticker': 'AVGO', 'relevance_score': '0.635837', 'ticker_sentiment_score': '0.248428', 'ticker_sentiment_label': 'Somewhat-Bullish'}]"
"For Sun Country's IPO, investors make airline worth $2 billion",https://www.startribune.com/for-sun-country-s-ipo-investors-make-airline-worth-2-billion/600035363,20210317T052400,['Kristen Leigh Painter'],"Sun Country Airlines' initial public offering saw its stock surge over 50% on its first day of trading, indicating strong investor confidence in the airline and the recovery of air travel. The $218.2 million raised will be used to pay off a federal loan, acquire new airplanes, and hire more staff. The IPO values the company at $2.03 billion, providing a significant return for Apollo Global Management, which acquired Sun Country in 2018.",https://arc.stimg.co/startribunemedia/OUF4TFXOMPXTTVUGKJKTZGJ4XM.jpg?&w=1080,Star Tribune,General,Star Tribune,"[{'topic': 'ipo', 'relevance_score': '1.000000'}, {'topic': 'financial_markets', 'relevance_score': '0.807282'}, {'topic': 'energy_transportation', 'relevance_score': '0.718834'}]",0.376233,Bullish,"[{'ticker': 'SNCY', 'relevance_score': '1.000000', 'ticker_sentiment_score': '0.746853', 'ticker_sentiment_label': 'Bullish'}, {'ticker': 'APO', 'relevance_score': '0.819410', 'ticker_sentiment_score': '0.507504', 'ticker_sentiment_label': 'Bullish'}, {'ticker': 'DAL', 'relevance_score': '0.645551', 'ticker_sentiment_score': '0.138078', 'ticker_sentiment_label': 'Neutral'}, {'ticker': 'AMZN', 'relevance_score': '0.615900', 'ticker_sentiment_score': '0.220127', 'ticker_sentiment_label': 'Somewhat-Bullish'}]"
"Amazon unseats Walmart to become the No. 1 apparel retailer in U.S., Wells Fargo says",https://www.cnbc.com/2021/03/17/amazon-unseats-walmart-to-become-the-no-1-apparel-retailer-in-the-us.html,20210317T093800,['Annie Palmer'],"Amazon has surpassed Walmart to become the top apparel retailer in the U.S., driven largely by a pandemic-fueled e-commerce boom, according to Wells Fargo. The research indicates Amazon's U.S. apparel and footwear sales grew by about 15% in 2020 to over $41 billion, significantly outperforming Walmart. This gives Amazon an estimated 11-12% share of all U.S. apparel sales and 34-35% of all online apparel sales.",https://image.cnbcfm.com/api/v1/image/106855639-4ED5-FM-031721-Block-C-jpg?v=1616017529&w=750&h=422&vtcrop=y,CNBC,General,CNBC,"[{'topic': 'retail_wholesale', 'relevance_score': '0.904354'}, {'topic': 'technology', 'relevance_score': '0.800945'}, {'topic': 'finance', 'relevance_score': '0.727506'}, {'topic': 'financial_markets', 'relevance_score': '0.630736'}, {'topic': 'economy_macro', 'relevance_score': '0.637007'}]",0.104925,Neutral,"[{'ticker': 'WFC-P-A', 'relevance_score': '0.344942', 'ticker_sentiment_score': '0.036051', 'ticker_sentiment_label': 'Neutral'}, {'ticker': 'WFC', 'relevance_score': '0.717691', 'ticker_sentiment_score': '0.245265', 'ticker_sentiment_label': 'Somewhat-Bullish'}, {'ticker': 'AMZN', 'relevance_score': '1.000000', 'ticker_sentiment_score': '0.425060', 'ticker_sentiment_label': 'Bullish'}, {'ticker': 'WMT', 'relevance_score': '0.934073', 'ticker_sentiment_score': '-0.214084', 'ticker_sentiment_label': 'Somewhat-Bearish'}]"
Amazon’s New Grocery Store Chain Is More Traditional Than It Looks,https://www.bloomberg.com/news/newsletters/2021-03-17/amazon-s-new-grocery-store-chain-is-more-traditional-than-it-looks,20210317T104500,['Matt Day'],"Amazon's new grocery store chain appears more traditional than expected, as the company enters the $900 billion U.S. grocery market which has historically been a digital laggard. Despite the challenges of online grocery delivery, the pandemic has accelerated digital adoption, with Instacart and Uber expanding into the sector, and established retailers like Kroger improving their online offerings.",https://assets.bwbx.io/images/users/iqjWHBFdfxIU/il8Hl25GadMM/v1/-1x-1.webp,Bloomberg.com,General,Bloomberg.com,"[{'topic': 'retail_wholesale', 'relevance_score': '0.922861'}, {'topic': 'technology', 'relevance_score': '0.801660'}, {'topic': 'ipo', 'relevance_score': '0.642202'}, {'topic': 'economy_macro', 'relevance_score': '0.642374'}]",0.192394,Somewhat-Bullish,"[{'ticker': 'AMZN', 'relevance_score': '1.000000', 'ticker_sentiment_score': '0.272506', 'ticker_sentiment_label': 'Somewhat-Bullish'}, {'ticker': 'UBER', 'relevance_score': '0.642547', 'ticker_sentiment_score': '0.170632', 'ticker_sentiment_label': 'Somewhat-Bullish'}, {'ticker': 'KR', 'relevance_score': '0.637273', 'ticker_sentiment_score': '0.178651', 'ticker_sentiment_label': 'Somewhat-Bullish'}]"
The Big Reason Why Angie’s List is Changing Its Name,https://www.ibtimes.com/big-reason-why-angies-list-changing-its-name-3164046,20210317T122400,['Lauren Dubois'],"Angie's List has rebranded as Angi Inc. to better reflect its expanded services beyond just a list of contractors, including other housing-related businesses like HomeAdvisor and Handy. The change aims to move past the literal interpretation of ""Angie's List"" as the company now facilitates finding, booking, and paying contractors, a demand that has increased during the COVID-19 pandemic. Angi Inc. continues to succeed despite competition from major players like Amazon.",,International Business Times,General,International Business Times,"[{'topic': 'real_estate', 'relevance_score': '0.718065'}, {'topic': 'retail_wholesale', 'relevance_score': '0.607192'}, {'topic': 'technology', 'relevance_score': '0.625203'}]",0.171778,Somewhat-Bullish,"[{'ticker': 'ANGIV', 'relevance_score': '1.000000', 'ticker_sentiment_score': '0.314534', 'ticker_sentiment_label': 'Somewhat-Bullish'}, {'ticker': 'AMZN', 'relevance_score': '0.619434', 'ticker_sentiment_score': '-0.116420', 'ticker_sentiment_label': 'Neutral'}, {'ticker': 'EXPE', 'relevance_score': '0.585744', 'ticker_sentiment_score': '0.236767', 'ticker_sentiment_label': 'Somewhat-Bullish'}]"
Here's how much Wheels Up paid for each of its 5 acquisitions,https://privatejetcardcomparisons.com/2021/03/17/heres-how-much-wheels-up-paid-for-each-of-its-5-acquisitions/,20210317T212753,['Doug Gollan'],"Wheels Up spent less than $100 million in cash to acquire five companies, building itself into the second-largest private jet operator with a $2 billion valuation ahead of its public offering via SPAC. The article details the cash, stock, and other considerations for each acquisition: Travel Management Company, Avianis Systems, Delta Private Jets, Gama Aviation, and Mountain Aviation. It reveals the financial breakdown of these strategic moves that transformed Wheels Up from a marketing organization into a major operator.",,Private Jet Card Comparisons,General,Private Jet Card Comparisons,"[{'topic': 'mergers_and_acquisitions', 'relevance_score': '1.000000'}, {'topic': 'ipo', 'relevance_score': '0.838564'}, {'topic': 'finance', 'relevance_score': '0.639894'}]",0.126491,Neutral,"[{'ticker': 'UP', 'relevance_score': '1.000000', 'ticker_sentiment_score': '0.303457', 'ticker_sentiment_label': 'Somewhat-Bullish'}, {'ticker': 'DAL', 'relevance_score': '0.833335', 'ticker_sentiment_score': '0.243602', 'ticker_sentiment_label': 'Somewhat-Bullish'}, {'ticker': 'COST', 'relevance_score': '0.608950', 'ticker_sentiment_score': '0.129477', 'ticker_sentiment_label': 'Neutral'}, {'ticker': 'AMZN', 'relevance_score': '0.604311', 'ticker_sentiment_score': '0.135812', 'ticker_sentiment_label': 'Neutral'}, {'ticker': 'MMM', 'relevance_score': '0.607295', 'ticker_sentiment_score': '-0.111986', 'ticker_sentiment_label': 'Neutral'}]"
"At $2.08 Trillion, Apple Is Bigger Than These Things",https://www.investopedia.com/news/apple-now-bigger-these-5-things/,20210317T233957,['Mark Kolakowski'],"As of March 15, 2021, Apple Inc. (AAPL) boasts a market capitalization of $2.08 trillion, making it the world's largest public company. This staggering figure surpasses the GDP of most countries, the total market value of many global stock exchanges, the U.S. budget deficit, and the inflation-adjusted costs of multiple major U.S. wars. It also exceeds the combined net worth of the world's 18 richest people.",,Investopedia,General,Investopedia,"[{'topic': 'financial_markets', 'relevance_score': '0.944335'}, {'topic': 'economy_macro', 'relevance_score': '0.825069'}, {'topic': 'technology', 'relevance_score': '0.712924'}, {'topic': 'finance', 'relevance_score': '0.605984'}, {'topic': 'economy_fiscal', 'relevance_score': '0.618802'}]",0.226842,Somewhat-Bullish,"[{'ticker': 'AAPL', 'relevance_score': '1.000000', 'ticker_sentiment_score': '0.458357', 'ticker_sentiment_label': 'Bullish'}, {'ticker': 'MSFT', 'relevance_score': '0.614911', 'ticker_sentiment_score': '0.104619', 'ticker_sentiment_label': 'Neutral'}, {'ticker': 'AMZN', 'relevance_score': '0.565987', 'ticker_sentiment_score': '0.106275', 'ticker_sentiment_label': 'Neutral'}]"
Sources: Amazon headed to Bryton Commerce Center in Huntersville for more industrial space,https://www.bizjournals.com/charlotte/news/2021/03/17/amazon-huntersville-bryton-commerce-center.html,20210317T234202,['Collin Huguley'],"Amazon is reportedly expanding its industrial footprint in Huntersville, North Carolina, by targeting Building C at Bryton Commerce Center, a 125,937-square-foot industrial building. City documents confirm this move, and sources suggest Amazon is also looking at a neighboring vacant site for additional space. This expansion reflects the e-commerce giant's rapid growth in the Charlotte area.",https://media.bizj.us/view/img/11503921/mckinney-2984487-foundrycommercial-brytoncommercecenterimageblr*900xx3343-1877-796-0.jpg,The Business Journals,General,The Business Journals,"[{'topic': 'real_estate', 'relevance_score': '0.936547'}, {'topic': 'retail_wholesale', 'relevance_score': '0.729229'}, {'topic': 'manufacturing', 'relevance_score': '0.619884'}]",0.331045,Somewhat-Bullish,"[{'ticker': 'AMZN', 'relevance_score': '0.944536', 'ticker_sentiment_score': '0.325290', 'ticker_sentiment_label': 'Somewhat-Bullish'}]"
Imperva Snags Akamai’s Micheal McCollough To Lead Channels,https://www.crn.com/news/security/imperva-snags-akamai-s-micheal-mccollough-to-lead-channels,20210317T235458,[],"Imperva has hired Micheal McCollough, formerly Akamai's global channel chief, to lead and expand its channel business, with a focus on becoming a channel-first company. McCollough aims to strengthen relationships with public cloud providers, enhance services for existing partners, and leverage the company's acquisition of jSonar. He plans to incentivize partners through new programs, potentially driving almost all new business through the channel and increasing their involvement in services and support.",,CRN,General,CRN,"[{'topic': 'technology', 'relevance_score': '1.000000'}, {'topic': 'mergers_and_acquisitions', 'relevance_score': '0.731774'}]",0.235164,Somewhat-Bullish,"[{'ticker': 'FFIV', 'relevance_score': '0.594938', 'ticker_sentiment_score': '0.149937', 'ticker_sentiment_label': 'Neutral'}, {'ticker': 'AKAM', 'relevance_score': '0.934654', 'ticker_sentiment_score': '0.251287', 'ticker_sentiment_label': 'Somewhat-Bullish'}, {'ticker': 'MSFT', 'relevance_score': '0.618305', 'ticker_sentiment_score': '0.219671', 'ticker_sentiment_label': 'Somewhat-Bullish'}, {'ticker': 'AMZN', 'relevance_score': '0.630235', 'ticker_sentiment_score': '0.234500', 'ticker_sentiment_label': 'Somewhat-Bullish'}, {'ticker': 'GOOGL', 'relevance_score': '0.608611', 'ticker_sentiment_score': '0.217283', 'ticker_sentiment_label': 'Somewhat-Bullish'}]"
Space junk from satellites puts global networks at risk,https://www.techmonitor.ai/networks/space-jam-boom-in-satellite-use-endangers-global-communications/,20210318T000133,['Greg Noone'],"The increasing number of satellites in Low Earth Orbit (LEO) is creating a significant risk of collisions and space debris, threatening global communication networks. The article highlights past incidents, the challenges of tracking satellites, and the ""Kessler Syndrome,"" where collisions could create cascading debris fields. While some private companies are developing mitigation strategies, there is currently no binding international framework to address this growing problem.",https://www.techmonitor.ai/wp-content/uploads/sites/29/2021/03/shutterstock_1447042832-version-3-scaled.jpg,Tech Monitor,General,Tech Monitor,"[{'topic': 'technology', 'relevance_score': '0.922007'}]",0.0317,Neutral,"[{'ticker': 'IRDM', 'relevance_score': '0.981123', 'ticker_sentiment_score': '-0.231301', 'ticker_sentiment_label': 'Somewhat-Bearish'}, {'ticker': 'MSFT', 'relevance_score': '0.607496', 'ticker_sentiment_score': '0.110102', 'ticker_sentiment_label': 'Neutral'}, {'ticker': 'AMZN', 'relevance_score': '0.707778', 'ticker_sentiment_score': '0.138752', 'ticker_sentiment_label': 'Neutral'}, {'ticker': 'VZ', 'relevance_score': '0.595380', 'ticker_sentiment_score': '0.069534', 'ticker_sentiment_label': 'Neutral'}, {'ticker': 'T', 'relevance_score': '0.587599', 'ticker_sentiment_score': '0.088200', 'ticker_sentiment_label': 'Neutral'}]"
New e-commerce warehouse coming to Oshawa,https://oshawaexpress.ca/new-e-commerce-warehouse-coming-to-oshawa/,20210318T000859,[],"Canadian e-commerce company Aosom is establishing a new warehouse operation in Oshawa's south end, occupying 170,150 sq. ft. in an industrial development by Panattoni Development Company. This move is expected to create new jobs and stimulate economic growth, reinforcing Oshawa's strong industrial sector and low vacancy rates. The warehouse is projected to open in September, marking Panattoni's first lease at the new Thornton Rd. S. facility.",https://i0.wp.com/oshawaexpress.ca/wp/wp-content/uploads/2021/03/aosom-ecommerce-.jpg?resize=1200%2C799,The Oshawa Express,General,The Oshawa Express,"[{'topic': 'real_estate', 'relevance_score': '1.000000'}, {'topic': 'manufacturing', 'relevance_score': '0.827489'}, {'topic': 'retail_wholesale', 'relevance_score': '0.723011'}, {'topic': 'economy_macro', 'relevance_score': '0.649010'}]",0.287809,Somewhat-Bullish,"[{'ticker': 'NEGG', 'relevance_score': '0.810378', 'ticker_sentiment_score': '0.334168', 'ticker_sentiment_label': 'Somewhat-Bullish'}, {'ticker': 'AMZN', 'relevance_score': '0.740030', 'ticker_sentiment_score': '0.306304', 'ticker_sentiment_label': 'Somewhat-Bullish'}, {'ticker': 'EBAY', 'relevance_score': '0.609228', 'ticker_sentiment_score': '0.216557', 'ticker_sentiment_label': 'Somewhat-Bullish'}, {'ticker': 'BBY', 'relevance_score': '0.608832', 'ticker_sentiment_score': '0.237794', 'ticker_sentiment_label': 'Somewhat-Bullish'}]"
"Google debuts A2 VMs powered by Nvidia A100 GPUs, its largest cloud instances yet",https://siliconangle.com/2021/03/18/google-debuts-a2-vms-powered-nvidia-a100-gpus-largest-cloud-instances-yet/,20210318T001016,['Mike Wheatley'],"Google has announced the general availability of its new Compute Engine A2 virtual machines, powered by Nvidia's Ampere A100 Tensor Core GPUs. These A2 VMs are notable for being the first in the world to integrate up to 16 Nvidia A100 GPUs into a single instance, making them the most powerful single-node GPU offering from any public cloud provider. Designed for demanding machine learning and high-performance computing workloads, Google claims they offer significant performance improvements and cost efficiencies compared to previous generations.",https://d15shllkswkct0.cloudfront.net/wp-content/blogs.dir/1/files/2021/03/pasted-image-0-800x399.png,SiliconANGLE,General,SiliconANGLE,"[{'topic': 'technology', 'relevance_score': '0.909832'}]",0.304087,Somewhat-Bullish,"[{'ticker': 'NVDA', 'relevance_score': '1.000000', 'ticker_sentiment_score': '0.400894', 'ticker_sentiment_label': 'Bullish'}, {'ticker': 'GOOG', 'relevance_score': '0.939621', 'ticker_sentiment_score': '0.311691', 'ticker_sentiment_label': 'Somewhat-Bullish'}, {'ticker': 'GOOGL', 'relevance_score': '0.909181', 'ticker_sentiment_score': '0.304370', 'ticker_sentiment_label': 'Somewhat-Bullish'}, {'ticker': 'AMZN', 'relevance_score': '0.604513', 'ticker_sentiment_score': '0.125074', 'ticker_sentiment_label': 'Neutral'}]"
QYLG Stock Price | Global X Nasdaq 100 Covered Call & Growth ETF,https://www.investing.com/etfs/qylg,20210318T084041,[],"This article provides comprehensive information about the Global X Nasdaq 100 Covered Call & Growth ETF (QYLG), including its current stock price, trading exchange (NASDAQ), and key financial metrics like dividend yield, expense ratio, and market capitalization. It also features technical analysis indicators and a list of its top holdings, offering a detailed overview for potential investors.",,Investing.com,General,Investing.com,"[{'topic': 'financial_markets', 'relevance_score': '0.947025'}]",0.264424,Somewhat-Bullish,"[{'ticker': 'QYLG', 'relevance_score': '1.000000', 'ticker_sentiment_score': '0.266051', 'ticker_sentiment_label': 'Somewhat-Bullish'}, {'ticker': 'NVDA', 'relevance_score': '0.732806', 'ticker_sentiment_score': '0.235369', 'ticker_sentiment_label': 'Somewhat-Bullish'}, {'ticker': 'AAPL', 'relevance_score': '0.705571', 'ticker_sentiment_score': '0.250991', 'ticker_sentiment_label': 'Somewhat-Bullish'}, {'ticker': 'MSFT', 'relevance_score': '0.685254', 'ticker_sentiment_score': '0.232462', 'ticker_sentiment_label': 'Somewhat-Bullish'}, {'ticker': 'AMZN', 'relevance_score': '0.694707', 'ticker_sentiment_score': '0.238919', 'ticker_sentiment_label': 'Somewhat-Bullish'}]"
"Les Wexner exits board, severs last ties to retail empire",https://www.news4jax.com/business/2021/03/18/les-wexner-exits-board-severs-last-ties-to-retail-empire/,20210318T142900,"[""Anne D'Innocenzio""]","Les Wexner, the billionaire founder of L Brands, is severing his last ties with the retail empire by not seeking re-election to the company's board of directors. This decision follows his earlier step down as CEO and chairman and comes as L Brands plans to separate its Victoria's Secret and Bath & Body Works businesses. Wexner's reputation was also affected by his association with the late Jeffrey Epstein.",https://t.gmg.io/header/wjxt-logo.png,News4JAX,General,News4JAX,"[{'topic': 'retail_wholesale', 'relevance_score': '0.933299'}, {'topic': 'finance', 'relevance_score': '0.741634'}]",0.047787,Neutral,"[{'ticker': 'VSCO', 'relevance_score': '1.000000', 'ticker_sentiment_score': '0.116943', 'ticker_sentiment_label': 'Neutral'}, {'ticker': 'NKE', 'relevance_score': '0.633428', 'ticker_sentiment_score': '-0.145784', 'ticker_sentiment_label': 'Neutral'}, {'ticker': 'AMZN', 'relevance_score': '0.602572', 'ticker_sentiment_score': '-0.141458', 'ticker_sentiment_label': 'Neutral'}, {'ticker': 'MA', 'relevance_score': '0.629926', 'ticker_sentiment_score': '0.139346', 'ticker_sentiment_label': 'Neutral'}, {'ticker': 'CRM', 'relevance_score': '0.635617', 'ticker_sentiment_score': '0.136435', 'ticker_sentiment_label': 'Neutral'}]"
"Roblox stock: meteoric growth, but what happens when the lockdowns end?",https://www.thearmchairtrader.com/roblox-stock-price-forecast-18032021/,20210318T210625,['Britt Erica Tunick'],"Roblox Corporation experienced significant user and revenue growth in 2020 due to pandemic lockdowns, leading to a successful direct listing on the NYSE. While analysts predict continued strong performance, the article discusses potential hurdles such as the return to normalcy post-pandemic, unsophisticated graphics, platform bugs, and safety concerns, alongside strategies for future growth such as expanding to teenage demographics and international markets.",,The Armchair Trader,General,The Armchair Trader,"[{'topic': 'earnings', 'relevance_score': '0.947802'}, {'topic': 'ipo', 'relevance_score': '0.904718'}, {'topic': 'financial_markets', 'relevance_score': '0.827660'}, {'topic': 'technology', 'relevance_score': '0.711835'}]",0.143129,Neutral,"[{'ticker': 'RBLX', 'relevance_score': '0.970995', 'ticker_sentiment_score': '0.294814', 'ticker_sentiment_label': 'Somewhat-Bullish'}, {'ticker': 'AMZN', 'relevance_score': '0.642942', 'ticker_sentiment_score': '0.134869', 'ticker_sentiment_label': 'Neutral'}, {'ticker': 'DIS', 'relevance_score': '0.596427', 'ticker_sentiment_score': '0.099578', 'ticker_sentiment_label': 'Neutral'}]"
XPO Logistics Unveils GXO as New Company Name for Planned Spin-off of Logistics Business,https://news.xpo.com/2580/xpo-logistics-unveils-gxo-new-company-name-planned-spin-off-logistics-business/,20210318T235829,[],"XPO Logistics announced that GXO Logistics, Inc. will be the new company name for its planned spin-off of its logistics business. GXO, standing for ""game-changing opportunities,"" aims to capitalize on e-commerce growth, automation, and outsourcing. XPO has filed a confidential initial Form 10 registration statement with the SEC, with the transaction expected in the second half of 2021.",https://www.xpo.com/cdn/files/s24/GXO-Tagline.jpg,XPO News,General,XPO News,"[{'topic': 'mergers_and_acquisitions', 'relevance_score': '0.930021'}, {'topic': 'finance', 'relevance_score': '0.724915'}, {'topic': 'energy_transportation', 'relevance_score': '0.643555'}]",0.175251,Somewhat-Bullish,"[{'ticker': 'GXO', 'relevance_score': '0.347535', 'ticker_sentiment_score': '0.025544', 'ticker_sentiment_label': 'Neutral'}, {'ticker': 'FDX', 'relevance_score': '0.642497', 'ticker_sentiment_score': '0.213731', 'ticker_sentiment_label': 'Somewhat-Bullish'}, {'ticker': 'UPS', 'relevance_score': '0.616859', 'ticker_sentiment_score': '0.240232', 'ticker_sentiment_label': 'Somewhat-Bullish'}, {'ticker': 'AMZN', 'relevance_score': '0.636513', 'ticker_sentiment_score': '0.230709', 'ticker_sentiment_label': 'Somewhat-Bullish'}]"
Zoom Pays $0 in Federal Income Taxes on Pandemic Profits,https://itep.org/zoom-pays-0-in-federal-income-taxes-on-pandemic-profits/,20210319T002911,['Matthew Gardner'],"Zoom Video Communications, despite seeing its profits increase by over 4,000 percent in 2020, paid no federal corporate income tax. This tax avoidance, largely attributed to the lavish use of executive stock options and other tax breaks like accelerated depreciation and R&D credits, mirrors strategies used by other tech giants. The article highlights this as an example of corporate tax avoidance that policymakers should address in future tax reform.",https://itep.org/wp-content/themes/ITEP-2025/img/itep-logo.png,Institute on Taxation and Economic Policy,General,Institute on Taxation and Economic Policy,"[{'topic': 'earnings', 'relevance_score': '0.904138'}, {'topic': 'economy_fiscal', 'relevance_score': '1.000000'}, {'topic': 'finance', 'relevance_score': '0.702377'}, {'topic': 'technology', 'relevance_score': '0.812855'}]",-0.057939,Neutral,"[{'ticker': 'ZM', 'relevance_score': '1.000000', 'ticker_sentiment_score': '0.120688', 'ticker_sentiment_label': 'Neutral'}, {'ticker': 'AMZN', 'relevance_score': '0.618155', 'ticker_sentiment_score': '-0.135694', 'ticker_sentiment_label': 'Neutral'}, {'ticker': 'NFLX', 'relevance_score': '0.634705', 'ticker_sentiment_score': '-0.112117', 'ticker_sentiment_label': 'Neutral'}]"
How Etsy Became the One-Stop Shop for ‘Mama Needs Wine’ Merch,https://vinepair.com/articles/etsy-mama-needs-wine-merch/,20210319T235345,['Aaron Goldfarb'],"This article explores how the phrase ""Mama Needs Wine"" became widely popular on Etsy, transforming the platform into a primary source for related merchandise. It highlights the role of early sellers like Tori Tinnon of Mama Bird & Co. and Melissa Horvath of Sweet Water Decor in commercializing the meme, and how the trend has been further boosted by the COVID-19 pandemic. The piece explains that the success lies in the simple, relatable truth of the statement for mothers, despite challenges like copycat sellers.",https://vinepair.com/wp-content/uploads/2021/02/etsymamawine_mobile-640x640.jpg,VinePair,General,VinePair,"[{'topic': 'retail_wholesale', 'relevance_score': '0.922812'}]",0.200848,Somewhat-Bullish,"[{'ticker': 'ETSY', 'relevance_score': '1.000000', 'ticker_sentiment_score': '0.405116', 'ticker_sentiment_label': 'Bullish'}, {'ticker': 'AMZN', 'relevance_score': '0.605135', 'ticker_sentiment_score': '0.129184', 'ticker_sentiment_label': 'Neutral'}, {'ticker': 'TGT', 'relevance_score': '0.625642', 'ticker_sentiment_score': '0.107154', 'ticker_sentiment_label': 'Neutral'}]"
Google Cloud Pricing vs AWS: A Fair Comparison?,https://www.netapp.com/blog/google-cloud-pricing-vs-aws-a-fair-comparison-gcp-aws-cvo-blg/,20210320T205206,['Yifat Perry'],"This article provides a detailed comparison of Google Cloud Platform (GCP) and Amazon Web Services (AWS) pricing for compute instances and storage. It highlights differences in market positioning, on-demand and reserved VM pricing, and various storage options, noting where direct comparisons can be misleading due to differing structures. The article also discusses cost optimization strategies using NetApp Cloud Volumes ONTAP.",,NetApp,General,NetApp,"[{'topic': 'technology', 'relevance_score': '0.910463'}]",0.149318,Neutral,"[{'ticker': 'NTAP', 'relevance_score': '0.847274', 'ticker_sentiment_score': '0.324009', 'ticker_sentiment_label': 'Somewhat-Bullish'}, {'ticker': 'GOOGL', 'relevance_score': '0.919926', 'ticker_sentiment_score': '0.122986', 'ticker_sentiment_label': 'Neutral'}, {'ticker': 'GOOG', 'relevance_score': '0.918084', 'ticker_sentiment_score': '0.132849', 'ticker_sentiment_label': 'Neutral'}, {'ticker': 'AMZN', 'relevance_score': '0.939242', 'ticker_sentiment_score': '0.143159', 'ticker_sentiment_label': 'Neutral'}, {'ticker': 'MSFT', 'relevance_score': '0.616978', 'ticker_sentiment_score': '0.122776', 'ticker_sentiment_label': 'Neutral'}]"
WUGI Stock Price | Esoterica NextG Economy ETF,https://www.investing.com/etfs/wugi,20210321T080848,[],"This article provides current and historical financial data for the Esoterica NextG Economy ETF (WUGI), including its current stock price, trading ranges, dividends, and key statistics like expense ratio and market cap. It also details the ETF's holdings, with major positions in companies like Taiwan Semiconductor, NVIDIA, and Broadcom. The fund's profile highlights its investment strategy across communication services and information technology sectors.",,Investing.com,General,Investing.com,"[{'topic': 'financial_markets', 'relevance_score': '1.000000'}, {'topic': 'technology', 'relevance_score': '0.815868'}]",0.340706,Somewhat-Bullish,"[{'ticker': 'WUGI', 'relevance_score': '1.000000', 'ticker_sentiment_score': '0.318983', 'ticker_sentiment_label': 'Somewhat-Bullish'}, {'ticker': 'NVDA', 'relevance_score': '0.878420', 'ticker_sentiment_score': '0.434152', 'ticker_sentiment_label': 'Bullish'}, {'ticker': 'META', 'relevance_score': '0.703989', 'ticker_sentiment_score': '0.306929', 'ticker_sentiment_label': 'Somewhat-Bullish'}, {'ticker': 'AMD', 'relevance_score': '0.672351', 'ticker_sentiment_score': '0.253914', 'ticker_sentiment_label': 'Somewhat-Bullish'}, {'ticker': 'AMZN', 'relevance_score': '0.636105', 'ticker_sentiment_score': '0.291231', 'ticker_sentiment_label': 'Somewhat-Bullish'}]"
These 10 retailers are in expansion mode: Here's who is opening new stores,https://www.cnbc.com/2021/03/21/store-openings-2021-10-retailers-that-are-opening-new-shops.html,20210321T235116,['Lauren Thomas'],"In a significant shift from 2020, retailers in the U.S. are announcing more store openings than closures so far this year, with 3,199 openings compared to 2,548 closures. This trend is driven by a rebound in consumer spending expectations, the availability of more favorable real estate terms, and a recovering economy post-pandemic. Several major retailers, including Ulta Beauty, Sephora, Burlington Stores, Amazon, and Dick's Sporting Goods, are planning substantial expansions, often focusing on smaller formats, off-mall locations, or strategic partnerships to reach customers more effectively.",https://image.cnbcfm.com/api/v1/image/106497130-1587401879908img_0254.jpg?v=1587401920&w=60&h=60&ffmt=webp,CNBC,General,CNBC,"[{'topic': 'retail_wholesale', 'relevance_score': '1.000000'}, {'topic': 'real_estate', 'relevance_score': '0.706489'}, {'topic': 'economy_macro', 'relevance_score': '0.615023'}]",0.359756,Bullish,"[{'ticker': 'DKS', 'relevance_score': '0.855489', 'ticker_sentiment_score': '0.347369', 'ticker_sentiment_label': 'Somewhat-Bullish'}, {'ticker': 'ULTA', 'relevance_score': '0.930118', 'ticker_sentiment_score': '0.538508', 'ticker_sentiment_label': 'Bullish'}, {'ticker': 'AMZN', 'relevance_score': '0.770447', 'ticker_sentiment_score': '0.288463', 'ticker_sentiment_label': 'Somewhat-Bullish'}]"
"Scammers trick Android users into installing fake, malware-laden Clubhouse app",https://siliconangle.com/2021/03/21/scammers-trick-android-users-installing-fake-malware-clubhouse-app/,20210321T235220,['Duncan Riley'],"Scammers are exploiting the demand for the audio-based social app Clubhouse among Android users by distributing a fake, malware-laden version of the app. This fraudulent Android app, discovered by ESET researchers, contains a Trojan virus called ""BlackRock"" that can steal login information from over 458 online services, including financial apps, social media, and cryptocurrency exchanges, and can also intercept text messages, bypassing two-factor authentication. Experts warn that the absence of an official Android version of Clubhouse creates a significant vulnerability that cybercriminals are eager to exploit, making an official Android app the ultimate solution.",https://d15shllkswkct0.cloudfront.net/wp-content/blogs.dir/1/files/2021/01/clubhouse.png,SiliconANGLE,General,SiliconANGLE,"[{'topic': 'technology', 'relevance_score': '0.913691'}, {'topic': 'finance', 'relevance_score': '0.618632'}]",-0.21889,Somewhat-Bearish,"[{'ticker': 'EBAY', 'relevance_score': '0.700822', 'ticker_sentiment_score': '-0.217924', 'ticker_sentiment_label': 'Somewhat-Bearish'}, {'ticker': 'AAPL', 'relevance_score': '0.608370', 'ticker_sentiment_score': '-0.146665', 'ticker_sentiment_label': 'Neutral'}, {'ticker': 'AMZN', 'relevance_score': '0.617407', 'ticker_sentiment_score': '-0.211596', 'ticker_sentiment_label': 'Somewhat-Bearish'}, {'ticker': 'NFLX', 'relevance_score': '0.606753', 'ticker_sentiment_score': '-0.225478', 'ticker_sentiment_label': 'Somewhat-Bearish'}, {'ticker': 'MSFT', 'relevance_score': '0.628264', 'ticker_sentiment_score': '-0.204766', 'ticker_sentiment_label': 'Somewhat-Bearish'}]"
"EXCLUSIVE Low tips, long waits: DoorDash takes on drivers’ Walmart gripes",https://www.reuters.com/business/retail-consumer/exclusive-low-tips-long-waits-doordash-takes-drivers-walmart-gripes-2021-03-22/,20210322T081500,"['Hilary Russ', 'Richa Naidu']","DoorDash is addressing frustrations from its independent drivers regarding Walmart deliveries, specifically concerning low customer tips and long wait times at stores. The company surveyed drivers about their experiences and made internal changes to its app, while also working with Walmart to enable upfront tipping in Walmart's own app, which has resulted in 75% of shoppers allocating tips. This move comes as DoorDash expands its delivery services beyond urban restaurants to compete with other e-commerce giants.",https://www.reuters.com/resizer/v2/KO3FMZ632JMK5G6PRKDSQMH6LE.jpg?auth=c0643bf0055366c4a00b8c999dfc8a05932a227727263f260ce6fed1159b3b8e&width=1080&quality=80,Reuters,General,Reuters,"[{'topic': 'retail_wholesale', 'relevance_score': '0.943659'}, {'topic': 'technology', 'relevance_score': '0.703212'}]",-0.028955,Neutral,"[{'ticker': 'WMT', 'relevance_score': '1.000000', 'ticker_sentiment_score': '-0.233004', 'ticker_sentiment_label': 'Somewhat-Bearish'}, {'ticker': 'DASH', 'relevance_score': '0.905367', 'ticker_sentiment_score': '0.148354', 'ticker_sentiment_label': 'Neutral'}, {'ticker': 'UBER', 'relevance_score': '0.634914', 'ticker_sentiment_score': '-0.121301', 'ticker_sentiment_label': 'Neutral'}, {'ticker': 'AMZN', 'relevance_score': '0.717842', 'ticker_sentiment_score': '0.145984', 'ticker_sentiment_label': 'Neutral'}]"
Carrier Offers Solutions to Meet Increased COVID-19 Vaccine Distribution Demand,https://www.corporate.carrier.com/news/news-articles/carrier-offers-solutions-to-meet-increased-covid19-vaccine-distribution-demand.html,20210322T195224,[],"Carrier Global Corporation is offering solutions to support the increased demand for COVID-19 vaccine distribution in the U.S., including transport refrigeration, mobile cold storage, and temperature monitoring systems. These solutions, integrated with its Lynx™ digital platform, are designed to help safely move, track, and store hundreds of millions of vaccine doses. Carrier is working with various partners across the healthcare supply chain to ensure vaccine efficacy and accessibility for mass vaccination efforts.",,Carrier Global Corporation,General,Carrier Global Corporation,"[{'topic': 'life_sciences', 'relevance_score': '0.947456'}, {'topic': 'manufacturing', 'relevance_score': '0.838697'}, {'topic': 'energy_transportation', 'relevance_score': '0.724863'}]",0.356583,Bullish,"[{'ticker': 'CARR', 'relevance_score': '1.000000', 'ticker_sentiment_score': '0.490302', 'ticker_sentiment_label': 'Bullish'}, {'ticker': 'AMZN', 'relevance_score': '0.601087', 'ticker_sentiment_score': '0.163987', 'ticker_sentiment_label': 'Somewhat-Bullish'}]"
"Chart Industries plans Alabama growth project, creating 94 jobs",https://www.madeinalabama.com/2021/03/chart-industries-plans-alabama-growth-project-creating-94-jobs/,20210322T202240,['Jerry Underwood'],"Chart Industries, a Georgia-based equipment maker for clean energy and industrial gas markets, plans a $2.5 million expansion in Theodore, Alabama. This project will create 94 new jobs and significantly increase the facility's capacity for hydrogen transport trailers and introduce hydrogen bulk storage tank production. The expansion highlights the company's confidence in Mobile's workforce and logistical assets.",,Alabama Department of Commerce,General,Alabama Department of Commerce,"[{'topic': 'manufacturing', 'relevance_score': '0.927582'}, {'topic': 'energy_transportation', 'relevance_score': '0.809674'}, {'topic': 'economy_macro', 'relevance_score': '0.739364'}]",0.226836,Somewhat-Bullish,"[{'ticker': 'GTLS', 'relevance_score': '1.000000', 'ticker_sentiment_score': '0.444541', 'ticker_sentiment_label': 'Bullish'}, {'ticker': 'AMZN', 'relevance_score': '0.618406', 'ticker_sentiment_score': '0.128412', 'ticker_sentiment_label': 'Neutral'}, {'ticker': 'WMT', 'relevance_score': '0.616416', 'ticker_sentiment_score': '0.112977', 'ticker_sentiment_label': 'Neutral'}]"
Intel to Spend $20 Billion on 2 New Chip Factories in Arizona. (Published 2021),https://www.nytimes.com/2021/03/23/technology/intel-arizona-chip-factories.html,20210323T000116,['Don Clark'],"Intel's new CEO, Patrick Gelsinger, announced plans to invest $20 billion in two new chip factories in Arizona. This move signifies Intel's commitment to doubling down on chip manufacturing in the U.S. and Europe, aiming to become a major manufacturer for other companies, addressing concerns about component shortages and reliance on Asian factories. The initiative also seeks to regain Intel's footing in the competitive chip production market, where it had previously fallen behind competitors like TSMC and Samsung.",https://static01.nyt.com/images/2021/04/23/business/23intel/merlin_182692149_7fe2d21b-3560-4bf6-953f-649ee24840d5-articleLarge.jpg?quality=75&auto=webp&disable=upscale,The New York Times,General,The New York Times,"[{'topic': 'manufacturing', 'relevance_score': '0.938941'}, {'topic': 'technology', 'relevance_score': '0.804300'}, {'topic': 'economy_macro', 'relevance_score': '0.602834'}]",-0.063296,Neutral,"[{'ticker': 'INTC', 'relevance_score': '1.000000', 'ticker_sentiment_score': '0.440761', 'ticker_sentiment_label': 'Bullish'}, {'ticker': 'AMD', 'relevance_score': '0.730739', 'ticker_sentiment_score': '-0.240642', 'ticker_sentiment_label': 'Somewhat-Bearish'}, {'ticker': 'AAPL', 'relevance_score': '0.602256', 'ticker_sentiment_score': '-0.107739', 'ticker_sentiment_label': 'Neutral'}, {'ticker': 'AMZN', 'relevance_score': '0.618563', 'ticker_sentiment_score': '-0.141672', 'ticker_sentiment_label': 'Neutral'}, {'ticker': 'NVDA', 'relevance_score': '0.640437', 'ticker_sentiment_score': '-0.130038', 'ticker_sentiment_label': 'Neutral'}]"
"GameStop plunges, but Reddit followers tout stock once again as e-commerce sales surge",https://www.foxbusiness.com/markets/gamestop-e-commerce-sales-surge-following-reddit-stock-trading-frenzy,20210323T235736,['Lucas Manfredi'],"GameStop's shares plummeted over 10% after reporting mixed earnings, yet Reddit's WallStreetBets community continued to rally behind the stock, emphasizing strong year-to-date performance and surging e-commerce sales. The company announced former Amazon and Google executive Jenna Owens as its new COO, underscoring its commitment to a digital transformation led by Chewy founder Ryan Cohen. Despite missing some Wall Street expectations, GameStop continues to strategically strengthen its executive team and explore initiatives to fund future growth amid its pivot to e-commerce.",https://a57.foxnews.com/cf-images.us-east-1.prod.boltdns.net/v1/static/854081161001/3014187f-d1fb-42c7-8cf7-e5ce4412dfef/0bb4c13a-99b4-4a7d-a832-e44d6cd747ca/1280x720/match/320/180/image.jpg?ve=1&tl=1,Fox Business,General,Fox Business,"[{'topic': 'earnings', 'relevance_score': '0.930284'}, {'topic': 'retail_wholesale', 'relevance_score': '0.810851'}, {'topic': 'financial_markets', 'relevance_score': '0.714657'}, {'topic': 'technology', 'relevance_score': '0.606104'}, {'topic': 'finance', 'relevance_score': '0.636047'}]",0.188304,Somewhat-Bullish,"[{'ticker': 'GME', 'relevance_score': '1.000000', 'ticker_sentiment_score': '0.113891', 'ticker_sentiment_label': 'Neutral'}, {'ticker': 'AMZN', 'relevance_score': '0.685262', 'ticker_sentiment_score': '0.229240', 'ticker_sentiment_label': 'Somewhat-Bullish'}, {'ticker': 'GOOG', 'relevance_score': '0.628192', 'ticker_sentiment_score': '0.171459', 'ticker_sentiment_label': 'Somewhat-Bullish'}]"
Garmin announces integration of Amazon’s Alexa Custom,https://www.samoaobserver.ws/category/technology/81345,20210324T000000,['Associated Press'],"Garmin International, Inc. has expanded its strategic relationship with Amazon by integrating Alexa Custom Assistant into its in-vehicle infotainment systems. This solution allows automakers to create their own intelligent branded assistants tailored to their brand personality and customer needs, leveraging Alexa's advanced AI. Garmin is the first Tier 1 auto OEM supplier to integrate these capabilities, further solidifying its collaboration with Amazon in offering cutting-edge voice solutions to leading automotive manufacturers.",,Samoa Observer,General,Samoa Observer,"[{'topic': 'technology', 'relevance_score': '0.910826'}, {'topic': 'manufacturing', 'relevance_score': '0.720652'}, {'topic': 'energy_transportation', 'relevance_score': '0.638373'}]",0.348809,Somewhat-Bullish,"[{'ticker': 'GRMN', 'relevance_score': '0.956127', 'ticker_sentiment_score': '0.505880', 'ticker_sentiment_label': 'Bullish'}, {'ticker': 'AMZN', 'relevance_score': '0.888675', 'ticker_sentiment_score': '0.340272', 'ticker_sentiment_label': 'Somewhat-Bullish'}, {'ticker': 'QCOM', 'relevance_score': '0.550333', 'ticker_sentiment_score': '0.204110', 'ticker_sentiment_label': 'Somewhat-Bullish'}]"
Sonos drops the needle on high-resolution music streaming via Qobuz,https://www.techhive.com/article/579291/sonos-drops-the-needle-on-high-resolution-music-streaming-via-qobuz.html,20210324T002012,['Ben Patterson'],"Sonos has announced that Qobuz will be the first streaming music service to deliver 24-bit resolution audio to its platform, available through the Sonos S2 app. While Sonos enabled high-resolution audio last fall for local files, this marks the first time a streaming service will provide 24-bit audio to Sonos speakers. Qobuz offers unlimited 24-bit streaming up to 192kHz, but Sonos speakers will stream at a maximum of 24-bit/48kHz, with older S2-compatible devices supporting 16-bit.",https://www.techhive.com/wp-content/uploads/2023/04/sonos-qobuz-high-resolution-music-streaming-100881842-orig.jpeg?quality=50&strip=all&w=1024,TechHive,General,TechHive,"[{'topic': 'technology', 'relevance_score': '0.929855'}]",0.207657,Somewhat-Bullish,"[{'ticker': 'SONO', 'relevance_score': '1.000000', 'ticker_sentiment_score': '0.347550', 'ticker_sentiment_label': 'Somewhat-Bullish'}, {'ticker': 'AMZN', 'relevance_score': '0.601832', 'ticker_sentiment_score': '0.107044', 'ticker_sentiment_label': 'Neutral'}]"
"FDA Expands Indication of Use for Tivic Health's ClearUP Sinus Pain Relief to Include Congestion for Common Cold, Flu and Allergies",https://www.prnewswire.com/news-releases/fda-expands-indication-of-use-for-tivic-healths-clearup-sinus-pain-relief-to-include-congestion-for-common-cold-flu-and-allergies-301254456.html,20210324T080000,[],"Tivic Health announced that the FDA has expanded the indication for use of its ClearUP Sinus Pain Relief device to include congestion from allergies, the flu, and the common cold. This expansion builds on its existing FDA clearance for allergy-related sinus pain. Clinical studies showed significant reduction in congestion symptoms, positioning ClearUP as a drug-free alternative for sinus and nasal congestion relief.",,PR Newswire,General,PR Newswire,"[{'topic': 'life_sciences', 'relevance_score': '1.000000'}, {'topic': 'technology', 'relevance_score': '0.847346'}]",0.274619,Somewhat-Bullish,"[{'ticker': 'TIVC', 'relevance_score': '1.000000', 'ticker_sentiment_score': '0.910312', 'ticker_sentiment_label': 'Bullish'}, {'ticker': 'BBY', 'relevance_score': '0.627497', 'ticker_sentiment_score': '0.145139', 'ticker_sentiment_label': 'Neutral'}, {'ticker': 'AMZN', 'relevance_score': '0.649166', 'ticker_sentiment_score': '0.123879', 'ticker_sentiment_label': 'Neutral'}, {'ticker': 'WBA', 'relevance_score': '0.623651', 'ticker_sentiment_score': '0.134158', 'ticker_sentiment_label': 'Neutral'}, {'ticker': 'WMT', 'relevance_score': '0.605401', 'ticker_sentiment_score': '0.112767', 'ticker_sentiment_label': 'Neutral'}]"
Tech Moves: Startup Haven grows team to lead new fund; PSL promotions; F5 Networks adds execs,https://www.geekwire.com/2021/tech-moves-startup-haven-grows-team-lead-new-fund-psl-promotions-f5-networks-adds-execs/,20210324T082300,['Cara Kuhlman'],"This article details significant ""Tech Moves"" in the Pacific Northwest, including Startup Haven launching a new investment fund and expanding its team. Pioneer Square Labs (PSL) announced three leadership promotions, and F5 Networks hired new executives and promoted an existing one. Additionally, various other Seattle-area companies like Redfin, Fabric, Impinj, Strike Graph, Reverb, and Curi Bio made key hires, promotions, or board appointments.",,GeekWire,General,GeekWire,"[{'topic': 'technology', 'relevance_score': '1.000000'}, {'topic': 'finance', 'relevance_score': '0.811158'}, {'topic': 'real_estate', 'relevance_score': '0.701840'}, {'topic': 'earnings', 'relevance_score': '0.604034'}]",0.216413,Somewhat-Bullish,"[{'ticker': 'FFIV', 'relevance_score': '1.000000', 'ticker_sentiment_score': '0.426976', 'ticker_sentiment_label': 'Bullish'}, {'ticker': 'MSFT', 'relevance_score': '0.608835', 'ticker_sentiment_score': '0.120403', 'ticker_sentiment_label': 'Neutral'}, {'ticker': 'AMZN', 'relevance_score': '0.627875', 'ticker_sentiment_score': '0.129047', 'ticker_sentiment_label': 'Neutral'}, {'ticker': 'MCHP', 'relevance_score': '0.608750', 'ticker_sentiment_score': '0.141223', 'ticker_sentiment_label': 'Neutral'}]"
Intel to spend $20 billion on U.S. chip plants as CEO challenges Asia dominance,https://www.reuters.com/world/asia-pacific/intel-doubles-down-chip-manufacturing-plans-20-billion-new-arizona-sites-2021-03-23/,20210324T084300,['Stephen Nellis and Stephen Nellis'],"Intel announced plans to invest $20 billion in two new chip manufacturing plants in Arizona, aiming to expand its advanced chip production and open its factories to outside customers. This move by CEO Pat Gelsinger directly challenges the dominance of TSMC and Samsung in the advanced chip market and seeks to shift the technological balance of power back to the U.S. and Europe. The company expects $72 billion in revenue and adjusted earnings per share of $4.55 for 2021, and the new strategy is intended to restore Intel's reputation and create 3,000 permanent jobs.",,Reuters,General,Reuters,"[{'topic': 'technology', 'relevance_score': '1.000000'}, {'topic': 'manufacturing', 'relevance_score': '0.948425'}, {'topic': 'earnings', 'relevance_score': '0.828393'}, {'topic': 'economy_macro', 'relevance_score': '0.630418'}, {'topic': 'economy_fiscal', 'relevance_score': '0.617606'}]",0.236349,Somewhat-Bullish,"[{'ticker': 'INTC', 'relevance_score': '1.000000', 'ticker_sentiment_score': '0.452558', 'ticker_sentiment_label': 'Bullish'}, {'ticker': 'QCOM', 'relevance_score': '0.708324', 'ticker_sentiment_score': '0.215898', 'ticker_sentiment_label': 'Somewhat-Bullish'}, {'ticker': 'AAPL', 'relevance_score': '0.613084', 'ticker_sentiment_score': '0.140531', 'ticker_sentiment_label': 'Neutral'}, {'ticker': 'AMZN', 'relevance_score': '0.560810', 'ticker_sentiment_score': '0.118362', 'ticker_sentiment_label': 'Neutral'}, {'ticker': 'MSFT', 'relevance_score': '0.588131', 'ticker_sentiment_score': '0.130685', 'ticker_sentiment_label': 'Neutral'}]"
Old Golf Courses Are Being Turned Into E-Commerce Warehouses,https://www.bloomberg.com/news/articles/2021-03-24/developers-turn-old-golf-courses-into-amazon-amzn-e-commerce-warehouses,20210324T090000,['Alex Wittenberg'],"Driven by a surge in online shopping and the need for more e-commerce fulfillment centers, developers are acquiring old golf courses and converting them into warehouses. This trend is fueled by the overbuilding of golf courses in the early 2000s and a subsequent decline in their popularity, making these large undeveloped tracts of land ideal for logistics conversion.",https://assets.bwbx.io/images/users/iqjWHBFdfxIU/ismvO5bfXFzM/v0/-1x-1.webp,Bloomberg.com,General,Bloomberg.com,"[{'topic': 'real_estate', 'relevance_score': '0.946080'}, {'topic': 'economy_macro', 'relevance_score': '0.747690'}, {'topic': 'retail_wholesale', 'relevance_score': '0.639186'}]",0.243106,Somewhat-Bullish,"[{'ticker': 'AMZN', 'relevance_score': '0.925687', 'ticker_sentiment_score': '0.311022', 'ticker_sentiment_label': 'Somewhat-Bullish'}, {'ticker': 'PLD', 'relevance_score': '0.708689', 'ticker_sentiment_score': '0.262636', 'ticker_sentiment_label': 'Somewhat-Bullish'}, {'ticker': 'FDX', 'relevance_score': '0.615019', 'ticker_sentiment_score': '0.192089', 'ticker_sentiment_label': 'Somewhat-Bullish'}, {'ticker': 'UPS', 'relevance_score': '0.629690', 'ticker_sentiment_score': '0.224278', 'ticker_sentiment_label': 'Somewhat-Bullish'}, {'ticker': 'HD', 'relevance_score': '0.574511', 'ticker_sentiment_score': '0.253441', 'ticker_sentiment_label': 'Somewhat-Bullish'}]"
Independent cloud provider DigitalOcean drops in Wall Street debut,https://www.cnbc.com/2021/03/24/digitalocean-starts-trading-on-nyse.html,20210324T164300,['Jordan Novet'],"DigitalOcean, a small-scale cloud infrastructure provider, debuted on the New York Stock Exchange under the ticker symbol ""DOCN"" with shares opening lower than their IPO price. The company raised $775 million in its IPO and aims to challenge larger cloud providers like Amazon and Microsoft by focusing on ease of use and personalized support for small and medium-sized businesses. Despite a net loss in 2020, DigitalOcean plans to increase operating margins and expand its data center footprint.",,CNBC,General,CNBC,"[{'topic': 'ipo', 'relevance_score': '1.000000'}, {'topic': 'technology', 'relevance_score': '0.932023'}, {'topic': 'financial_markets', 'relevance_score': '0.818319'}, {'topic': 'earnings', 'relevance_score': '0.701240'}]",-0.056175,Neutral,"[{'ticker': 'DOCN', 'relevance_score': '1.000000', 'ticker_sentiment_score': '-0.286280', 'ticker_sentiment_label': 'Somewhat-Bearish'}, {'ticker': 'AMZN', 'relevance_score': '0.620321', 'ticker_sentiment_score': '0.115084', 'ticker_sentiment_label': 'Neutral'}, {'ticker': 'MSFT', 'relevance_score': '0.637973', 'ticker_sentiment_score': '0.125623', 'ticker_sentiment_label': 'Neutral'}]"
Hasbro Unveils New ‘Baby Yoda’ Grogu Animatronic,https://www.anbmedia.com/news/product-news/2021/03/hasbro-unveils-new-baby-yoda-grogu-animatronic/,20210324T202710,['aNb Media'],"Hasbro has launched a new ""Star Wars Galactic Snackin' Grogu"" animatronic, an updated version of their popular ""Baby Yoda"" toy from The Mandalorian. This animatronic features sounds, animated motions, interactive accessories that trigger eating sounds, and Force activation inspired by the Disney+ series. It is currently available for pre-order at major retailers.",,"aNb Media, Inc.",General,"aNb Media, Inc.","[{'topic': 'retail_wholesale', 'relevance_score': '0.822777'}, {'topic': 'technology', 'relevance_score': '0.727877'}]",0.343301,Somewhat-Bullish,"[{'ticker': 'HAS', 'relevance_score': '1.000000', 'ticker_sentiment_score': '0.536334', 'ticker_sentiment_label': 'Bullish'}, {'ticker': 'AMZN', 'relevance_score': '0.730160', 'ticker_sentiment_score': '0.302113', 'ticker_sentiment_label': 'Somewhat-Bullish'}, {'ticker': 'WMT', 'relevance_score': '0.722913', 'ticker_sentiment_score': '0.322792', 'ticker_sentiment_label': 'Somewhat-Bullish'}, {'ticker': 'DIS', 'relevance_score': '0.625103', 'ticker_sentiment_score': '0.217707', 'ticker_sentiment_label': 'Somewhat-Bullish'}, {'ticker': 'TGT', 'relevance_score': '0.642676', 'ticker_sentiment_score': '0.304760', 'ticker_sentiment_label': 'Somewhat-Bullish'}]"
Amazon Washington Delivery Drivers $8.2M Class Action Settlement,https://topclassactions.com/lawsuit-settlements/closed-settlements/1014045-amazon-washington-delivery-drivers-8-2m-class-action-settlement/,20210324T234202,['Top Class Actions'],"Amazon and several delivery service providers have agreed to an $8.2 million class action settlement for Washington delivery drivers. The lawsuit alleged violations of wage and hour laws and Seattle's municipal code. Eligible class members, who drove for specific providers between December 2014 and July 2020, will receive a proportional share of the settlement fund.",https://topclassactions.com/wp-content/uploads/2019/04/amazon-delivery-box.jpg.optimal.jpg,Class Action Lawsuits,General,Class Action Lawsuits,"[{'topic': 'retail_wholesale', 'relevance_score': '0.925620'}, {'topic': 'finance', 'relevance_score': '0.726703'}]",-0.241086,Somewhat-Bearish,"[{'ticker': 'AMZN', 'relevance_score': '0.909852', 'ticker_sentiment_score': '-0.234513', 'ticker_sentiment_label': 'Somewhat-Bearish'}]"
9 Great eCommerce Promotion Ideas to Boost Conversions,https://www.taboola.com/marketing-hub/ecommerce-marketing-and-promotion/,20210325T002148,['Editorial Team'],"This article outlines nine effective eCommerce promotion ideas to help businesses boost conversions and retain customers. It covers strategies such as free shipping, various discount types (percentage-based, multi-purchase, quantity), flash sales, limited-time coupons, contests, free samples, and giveaways. The article emphasizes combining these promotions with other marketing strategies for maximum impact.",https://www.taboola.com/wp-content/uploads-neo/2024/12/ecomm-marketing-strategies-300x200.jpg,Taboola.com,General,Taboola.com,"[{'topic': 'retail_wholesale', 'relevance_score': '0.823771'}, {'topic': 'technology', 'relevance_score': '0.611833'}]",0.345394,Somewhat-Bullish,"[{'ticker': 'TBLA', 'relevance_score': '0.930184', 'ticker_sentiment_score': '0.335332', 'ticker_sentiment_label': 'Somewhat-Bullish'}, {'ticker': 'AMZN', 'relevance_score': '0.618090', 'ticker_sentiment_score': '0.334594', 'ticker_sentiment_label': 'Somewhat-Bullish'}]"
"Hackers breach SalusCare patient and employee records; nearly 86,000 files at risk",https://www.news-press.com/story/news/crime/2021/03/25/hackers-breach-saluscare-medical-patient-employee-records/6997752002/,20210325T235104,['Frank Gluck'],"SalusCare, a major mental health service provider in Southwest Florida, reported a data breach affecting up to 85,688 patient and employee records following a malware attack. The hackers gained access via a phishing scam and downloaded the organization's entire database to an Amazon cloud storage account. SalusCare has filed a lawsuit to compel Amazon to provide audit logs to determine which data was accessed and has since secured access to the compromised account.",http://videos.usatoday.net/Brightcove3/29906170001/201705/2043/29906170001_5420839307001_5420815017001-vs.jpg?pubId=29906170001,The News-Press,General,The News-Press,"[{'topic': 'life_sciences', 'relevance_score': '0.941138'}, {'topic': 'technology', 'relevance_score': '0.821824'}]",0.204444,Somewhat-Bullish,"[{'ticker': 'DGX', 'relevance_score': '0.632693', 'ticker_sentiment_score': '0.343997', 'ticker_sentiment_label': 'Somewhat-Bullish'}, {'ticker': 'AMZN', 'relevance_score': '0.637580', 'ticker_sentiment_score': '0.143047', 'ticker_sentiment_label': 'Neutral'}]"
20 Million Miners: Finding Malicious Cryptojacking Images in Docker Hub,https://unit42.paloaltonetworks.com/malicious-cryptojacking-images/,20210326T001214,['Aviv Sasson'],"This article details the discovery of 30 malicious cryptojacking container images on Docker Hub, which accumulated over 20 million pulls and generated an estimated $200,000 for attackers. The research highlights the prevalence of Monero mining due to its anonymity and CPU-friendliness, predominantly using the XMRig cryptominer. It also emphasizes the challenges of detecting such threats in cloud environments and how Palo Alto Networks products protect against them.",,Unit 42,General,Unit 42,"[{'topic': 'blockchain', 'relevance_score': '0.911438'}, {'topic': 'technology', 'relevance_score': '0.811275'}]",0.130875,Neutral,"[{'ticker': 'PANW', 'relevance_score': '1.000000', 'ticker_sentiment_score': '0.432667', 'ticker_sentiment_label': 'Bullish'}, {'ticker': 'AMZN', 'relevance_score': '0.617779', 'ticker_sentiment_score': '-0.245756', 'ticker_sentiment_label': 'Somewhat-Bearish'}]"
Amazon in talks to expand its Amazon Fresh grocery concept to St. Louis,https://www.ksdk.com/article/news/local/business-journal/amazon-expand-fresh-grocery-concept-st-louis/63-031c3513-1e65-4d04-92ea-f1031c447bbc,20210326T080500,['Steph Kukuljan'],"Amazon is reportedly in discussions to open an Amazon Fresh grocery store in Sunset Hills, St. Louis, which would mark its first location in Missouri. The proposed store would occupy a vacant Toys ""R"" Us storefront at the Shoppes at Sunset Hills. The commercial real estate firm Sansone Group is involved in the redevelopment and is seeking to establish a community improvement district to fund a portion of the costs, although they have not publicly named Amazon as the tenant.",https://media.ksdk.com/assets/KSDK/images/fc293d1c-f5f8-49b7-a5cf-c8efac29a487/fc293d1c-f5f8-49b7-a5cf-c8efac29a487_750x422.jpg,KSDK,General,KSDK,"[{'topic': 'retail_wholesale', 'relevance_score': '0.932611'}, {'topic': 'real_estate', 'relevance_score': '0.743532'}]",0.249627,Somewhat-Bullish,"[{'ticker': 'AMZN', 'relevance_score': '1.000000', 'ticker_sentiment_score': '0.234024', 'ticker_sentiment_label': 'Somewhat-Bullish'}]"
Numbers of Etsy sellers and buyers skyrocket during pandemic - Buffalo Business First,https://www.bizjournals.com/buffalo/news/2021/03/26/number-ofetsy-sellers-buyers-skyrocket-in-2020.html,20210326T235345,['Lian Bunny'],"The COVID-19 pandemic led to a significant increase in the number of sellers and buyers on e-commerce platforms like Etsy. With events canceled and people spending more time at home, many turned to online marketplaces. This surge in activity on Etsy is highlighted in a Buffalo Business First article.",https://media.bizj.us/view/img/11981086/web-etsy-bflorefind-chris-andolina-lb-8260-03xx21*900xx6000-3381-0-480.jpg,The Business Journals,General,The Business Journals,"[{'topic': 'economy_macro', 'relevance_score': '0.805342'}, {'topic': 'retail_wholesale', 'relevance_score': '0.928784'}]",0.601625,Bullish,"[{'ticker': 'ETSY', 'relevance_score': '1.000000', 'ticker_sentiment_score': '0.703672', 'ticker_sentiment_label': 'Bullish'}, {'ticker': 'AMZN', 'relevance_score': '0.625751', 'ticker_sentiment_score': '0.523551', 'ticker_sentiment_label': 'Bullish'}]"
This CBD Drink Keeps Jessica Alba Centered,https://www.marieclaire.com/beauty/a35863915/jessica-alba-beauty-health-recommendations/,20210326T235915,['Tatjana Freund'],"Jessica Alba, founder of The Honest Company, shared her self-care routine, emphasizing the use of high-quality, non-toxic products. Her regimen includes a CBD drink for winding down, an Honest Beauty mask, an Oura Ring for sleep tracking, and a matcha smoothie recipe. Alba also highlighted her preferred Honest Beauty products for outer glow and hydration.",https://cdn.mos.cms.futurecdn.net/GFUpWjfFrQjYC6syB2ubSL.jpg,Marie Claire,General,Marie Claire,"[{'topic': 'retail_wholesale', 'relevance_score': '0.828354'}, {'topic': 'life_sciences', 'relevance_score': '0.646061'}]",0.257183,Somewhat-Bullish,"[{'ticker': 'HNST', 'relevance_score': '1.000000', 'ticker_sentiment_score': '0.424011', 'ticker_sentiment_label': 'Bullish'}, {'ticker': 'AMZN', 'relevance_score': '0.632440', 'ticker_sentiment_score': '0.122336', 'ticker_sentiment_label': 'Neutral'}]"
Coca-Cola Research Finds Five Major Pandemic-Era Consumer Trends,https://csnews.com/coca-cola-research-finds-five-major-pandemic-era-consumer-trends,20210329T000341,[],"Coca-Cola's ""Refreshing Insights"" report identifies five key consumer trends shaped by the pandemic: a heightened focus on health, an increase in at-home activities, a greater desire for comfort and indulgence, accelerated e-commerce adoption, and a redefinition of value. These trends highlight lasting shifts in consumer behavior regarding purchasing, daily routines, emotional needs, and spending priorities.",https://assets1.csnews.com/images/v/max_width_1440/files/2021-03/consumer%20buying%20during%20COVID.jpg,Convenience Store News,General,Convenience Store News,"[{'topic': 'retail_wholesale', 'relevance_score': '0.925029'}, {'topic': 'economy_macro', 'relevance_score': '0.843511'}, {'topic': 'finance', 'relevance_score': '0.604247'}]",0.272014,Somewhat-Bullish,"[{'ticker': 'KO', 'relevance_score': '1.000000', 'ticker_sentiment_score': '0.316061', 'ticker_sentiment_label': 'Somewhat-Bullish'}, {'ticker': 'PEP', 'relevance_score': '0.831617', 'ticker_sentiment_score': '0.219385', 'ticker_sentiment_label': 'Somewhat-Bullish'}, {'ticker': 'MNST', 'relevance_score': '0.717806', 'ticker_sentiment_score': '0.224614', 'ticker_sentiment_label': 'Somewhat-Bullish'}, {'ticker': 'KDP', 'relevance_score': '0.714135', 'ticker_sentiment_score': '0.245305', 'ticker_sentiment_label': 'Somewhat-Bullish'}, {'ticker': 'AMZN', 'relevance_score': '0.609976', 'ticker_sentiment_score': '0.307502', 'ticker_sentiment_label': 'Somewhat-Bullish'}]"
Integrating with Telephone Networks to Enable Real-Time AI Services,https://developer.nvidia.com/blog/integrating-with-telephone-networks-to-enable-real-time-ai-services/,20210329T210624,['Aidan Campbell'],"Ribbon Communications, in collaboration with NVIDIA, developed a solution to analyze contact center calls in real-time using advanced AI. The Ribbon AI gateway acts as a secure bridge converting Real-time Transport Protocol (RTP) audio streams into an AI-acceptable audio format for transcription and analysis. This architecture allows businesses to dynamically control call handling using REST APIs for applications like regulatory compliance, fraud analysis, and sentiment analysis, addressing critical limitations of delayed call recording analysis.",,NVIDIA Developer,General,NVIDIA Developer,"[{'topic': 'technology', 'relevance_score': '0.943398'}, {'topic': 'finance', 'relevance_score': '0.748714'}]",0.336437,Somewhat-Bullish,"[{'ticker': 'RBBN', 'relevance_score': '1.000000', 'ticker_sentiment_score': '0.469418', 'ticker_sentiment_label': 'Bullish'}, {'ticker': 'NVDA', 'relevance_score': '0.850353', 'ticker_sentiment_score': '0.345762', 'ticker_sentiment_label': 'Somewhat-Bullish'}, {'ticker': 'AMZN', 'relevance_score': '0.606544', 'ticker_sentiment_score': '0.272813', 'ticker_sentiment_label': 'Somewhat-Bullish'}]"
"What sold, and for how much, in Ocala/Marion County",https://www.ocala.com/story/business/2021/03/29/what-sold-and-how-much-ocala-marion-county/6968342002/,20210329T235115,[],"This article lists warranty deed transfers in Ocala/Marion County, Florida, for prices exceeding $60,000, recorded from February 22-26, 2021. It details numerous property sales, including the names of sellers, buyers, and the sale prices across various subdivisions and estates within the county. Some noteworthy transactions include properties in Golden Ocala and Jumbolair Aviation Estates with high sale values.",https://www.ocala.com/gcdn/-mm-/83b2fe085672e74bb3f836b20e77b3de3c2027e8/c=0-124-2099-1305/local/-/media/2021/03/11/USATODAY/usatsports/house-sold-sign-and-family.jpg?width=660&height=372&fit=crop&format=pjpg&auto=webp,Ocala StarBanner,General,Ocala StarBanner,"[{'topic': 'real_estate', 'relevance_score': '1.000000'}]",0.254238,Somewhat-Bullish,"[{'ticker': 'DHI', 'relevance_score': '0.927940', 'ticker_sentiment_score': '0.320166', 'ticker_sentiment_label': 'Somewhat-Bullish'}, {'ticker': 'LEN', 'relevance_score': '0.722862', 'ticker_sentiment_score': '0.320151', 'ticker_sentiment_label': 'Somewhat-Bullish'}, {'ticker': 'PHM', 'relevance_score': '0.736659', 'ticker_sentiment_score': '0.319869', 'ticker_sentiment_label': 'Somewhat-Bullish'}, {'ticker': 'ADBE', 'relevance_score': '0.611895', 'ticker_sentiment_score': '0.141327', 'ticker_sentiment_label': 'Neutral'}, {'ticker': 'AMZN', 'relevance_score': '0.645485', 'ticker_sentiment_score': '0.109286', 'ticker_sentiment_label': 'Neutral'}]"
One taste is all it takes with new Blue Buffalo cat food,https://www.generalmills.com/news/stories/one-taste-is-all-it-takes-with-new-blue-buffalo-cat-food,20210329T235725,['Hanna Johnson'],"Blue Buffalo has launched ""Tastefuls,"" a new line of wet cat food designed to appeal to even the pickiest felines. The products adhere to the ""True BLUE Promise"" using natural ingredients, real meat as the first ingredient, and no by-products or artificial additives. The launch is supported by an integrated marketing campaign, ""One Taste Is All It Takes,"" featuring ESPN host Nicole Briscoe.","https://brandsitesplatform-res.cloudinary.com/image/fetch/w_1984,c_scale,q_auto:eco,f_auto,fl_lossy,dpr_1.0,e_sharpen:85/https://assets.brandplatform.generalmills.com%2F-%2Fmedia%2Fproject%2Fgmi%2Fcorporate%2Fcorporate-master%2Fimages%2Fnews-stories%2F2021%2F3%2Fblue-tastefuls%2Fblue-cat-featured.png%3Fw%3D568%26rev%3D4f766b793d024cc59d65a9892b69512d",General Mills,General,General Mills,"[{'topic': 'retail_wholesale', 'relevance_score': '0.823468'}]",0.25394,Somewhat-Bullish,"[{'ticker': 'GIS', 'relevance_score': '0.933967', 'ticker_sentiment_score': '0.308389', 'ticker_sentiment_label': 'Somewhat-Bullish'}, {'ticker': 'AMZN', 'relevance_score': '0.603228', 'ticker_sentiment_score': '0.219265', 'ticker_sentiment_label': 'Somewhat-Bullish'}, {'ticker': 'TGT', 'relevance_score': '0.604053', 'ticker_sentiment_score': '0.206630', 'ticker_sentiment_label': 'Somewhat-Bullish'}, {'ticker': 'WMT', 'relevance_score': '0.649708', 'ticker_sentiment_score': '0.240689', 'ticker_sentiment_label': 'Somewhat-Bullish'}, {'ticker': 'KR', 'relevance_score': '0.613098', 'ticker_sentiment_score': '0.215179', 'ticker_sentiment_label': 'Somewhat-Bullish'}]"
JBG SMITH Starts Residential Construction at Amazon HQ2,https://www.multihousingnews.com/jbg-smith-starts-residential-construction-at-amazon-hq2/,20210330T000213,['Gail Kalinoski'],"JBG SMITH has commenced construction on two residential towers at 1900 Crystal Drive in National Landing, Arlington, near Amazon's HQ2. This mixed-use development will feature 808 rental units and 40,000 square feet of retail space. The project is a significant milestone in the transformation of National Landing, with JBG SMITH also involved in Amazon's Housing Equity Fund for affordable units in the area.",https://www.multihousingnews.com/wp-content/uploads/sites/57/2021/03/1900-Crystal-Drive.-Image-courtesy-of-JBG-SMITH.jpg,Multifamily Housing News,General,Multifamily Housing News,"[{'topic': 'real_estate', 'relevance_score': '1.000000'}, {'topic': 'retail_wholesale', 'relevance_score': '0.600931'}]",0.397313,Bullish,"[{'ticker': 'JBGS', 'relevance_score': '1.000000', 'ticker_sentiment_score': '0.487380', 'ticker_sentiment_label': 'Bullish'}, {'ticker': 'AMZN', 'relevance_score': '0.924917', 'ticker_sentiment_score': '0.309161', 'ticker_sentiment_label': 'Somewhat-Bullish'}]"
"Durable Objects, now in Open Beta",https://blog.cloudflare.com/durable-objects-open-beta/,20210331T000903,['Greg McKeon'],"Cloudflare announced that Durable Objects are now in open beta, available to all Cloudflare Workers® subscribers. Durable Objects provide coordination across multiple Workers and strongly consistent edge storage, enabling developers to build stateful serverless applications with ease. The article also details the competitive pricing model for compute and storage, highlighting significant cost savings compared to other major cloud providers.",https://cf-assets.www.cloudflare.com/zkvhlag99gkb/3F1ME71UU8RgMfMm0nUfrk/7a9b92a4f8e3d04b22476f9586c75903/durable-objects-open-beta.png,The Cloudflare Blog,General,The Cloudflare Blog,"[{'topic': 'technology', 'relevance_score': '0.929096'}]",0.284588,Somewhat-Bullish,"[{'ticker': 'NET', 'relevance_score': '1.000000', 'ticker_sentiment_score': '0.499011', 'ticker_sentiment_label': 'Bullish'}, {'ticker': 'AMZN', 'relevance_score': '0.744743', 'ticker_sentiment_score': '0.205703', 'ticker_sentiment_label': 'Somewhat-Bullish'}, {'ticker': 'MSFT', 'relevance_score': '0.634501', 'ticker_sentiment_score': '0.201304', 'ticker_sentiment_label': 'Somewhat-Bullish'}]"
25 Side Business Ideas: Top Side Hustles,https://www.nerdwallet.com/business/learn/side-business-ideas,20210331T000947,['Sally Lauckner'],"This article provides 25 side business ideas for individuals looking to supplement their income, pursue a passion, or eventually transition to a full-time gig. It covers a diverse range of options from reselling used items and dog walking to more specialized services like becoming a doula or an SEO consultant, emphasizing that many can evolve into full-fledged businesses. The author highlights the growing trend of side hustles and offers practical advice for getting started with each idea.",https://www.nerdwallet.com/tachyon/2021/04/GettyImages-1308774696.jpg?resize=1920%2C1152,NerdWallet,General,NerdWallet,"[{'topic': 'economy_macro', 'relevance_score': '0.922867'}, {'topic': 'finance', 'relevance_score': '0.815795'}]",0.101791,Neutral,"[{'ticker': 'NRDS', 'relevance_score': '1.000000', 'ticker_sentiment_score': '0.142487', 'ticker_sentiment_label': 'Neutral'}, {'ticker': 'AMZN', 'relevance_score': '0.633146', 'ticker_sentiment_score': '0.127134', 'ticker_sentiment_label': 'Neutral'}]"
CEO Adam Symson Bets on Broadcast to Position Scripps Co. for TV’s Future,https://variety.com/2021/tv/news/scripps-adam-symson-broadcast-tv-future-1234941355/,20210331T102200,['Cynthia Littleton'],"E.W. Scripps Co. CEO Adam Symson is investing heavily in free streaming channels and expanding TV station holdings, including the $2.65 billion acquisition of Ion Media, to navigate the future of television. Symson believes a combination of pay TV, OTT, and over-the-air is the path forward, a vision supported by Warren Buffett's Berkshire Hathaway. This strategy aims to leverage broadcast for advertising revenue as traditional TV ratings decline, catering to 40% of U.S. households that watch local broadcast TV over the air.",https://variety.com/wp-content/uploads/2021/03/Scripps_AdamSymson_FORWEB.jpg?w=681&h=383&crop=1,Variety,General,Variety,"[{'topic': 'mergers_and_acquisitions', 'relevance_score': '0.941199'}, {'topic': 'finance', 'relevance_score': '0.703930'}]",0.211677,Somewhat-Bullish,"[{'ticker': 'SSP', 'relevance_score': '0.965093', 'ticker_sentiment_score': '0.401059', 'ticker_sentiment_label': 'Bullish'}, {'ticker': 'CMCSA', 'relevance_score': '0.648241', 'ticker_sentiment_score': '0.109743', 'ticker_sentiment_label': 'Neutral'}, {'ticker': 'NFLX', 'relevance_score': '0.625892', 'ticker_sentiment_score': '0.149004', 'ticker_sentiment_label': 'Neutral'}, {'ticker': 'AMZN', 'relevance_score': '0.616038', 'ticker_sentiment_score': '0.131515', 'ticker_sentiment_label': 'Neutral'}]"
Oracle offers to move clients to cloud for free as it plays catch-up,https://www.reuters.com/technology/oracle-offers-move-clients-cloud-free-it-plays-catch-up-2021-03-31/,20210331T114900,['Paresh Dave'],"Oracle Corp announced it will migrate companies' most complicated computer programs to its cloud for free through its Cloud Lift Services program. This initiative, aimed at accelerating cloud adoption and catching up with rivals, offers free transition support to entice businesses to its infrastructure without requiring commitments. Over 100 customers have already utilized the service, which is now opening globally.",https://www.reuters.com/resizer/v2/4S5R45O7WFPITN4W2T5C3ESQ6A.JPG?auth=d488ca99b79c3621cfcf5cfacee434cd1c59bb799513fb25a172778736183341&width=960&quality=80,Reuters,General,Reuters,"[{'topic': 'technology', 'relevance_score': '0.939192'}]",0.272493,Somewhat-Bullish,"[{'ticker': 'ORCL', 'relevance_score': '1.000000', 'ticker_sentiment_score': '0.432115', 'ticker_sentiment_label': 'Bullish'}, {'ticker': 'AMZN', 'relevance_score': '0.739992', 'ticker_sentiment_score': '0.117844', 'ticker_sentiment_label': 'Neutral'}]"
"Black Chefs are Thriving on TikTok, Youtube, and Taste On T.V.",https://pos.toasttab.com/blog/on-the-line/black-chefs-tiktok-clubhouse-youtube-taste-on-tv,20210331T212637,['Carla Bell'],"This article highlights how Black chefs Lisa Brooks, Crystal Mapp, and Terence Quilens, Sr. are leveraging digital platforms like TikTok, YouTube, and the streaming network Taste On T.V. to expand their culinary businesses and reach wider audiences. Chef Brooks has successfully grown her personal chef service and gained a massive TikTok following, while Crystal Mapp transformed her ""veganish"" cooking journey into a YouTube channel and a show on Taste On T.V. Terence Quilens Sr. founded Taste On T.V. to provide a platform for underrepresented Black and brown cooks and chefs, bridging cultural and economic gaps.",,Toast,General,Toast,"[{'topic': 'retail_wholesale', 'relevance_score': '0.814192'}, {'topic': 'technology', 'relevance_score': '0.702227'}]",0.180153,Somewhat-Bullish,"[{'ticker': 'TOST', 'relevance_score': '0.833716', 'ticker_sentiment_score': '0.299972', 'ticker_sentiment_label': 'Somewhat-Bullish'}, {'ticker': 'AMZN', 'relevance_score': '0.619540', 'ticker_sentiment_score': '0.146832', 'ticker_sentiment_label': 'Neutral'}]"
Amazon opening 4-star retail store in New Jersey's American Dream mall,https://www.bizjournals.com/newyork/news/2021/03/31/amazon-opening-4-star-retail-store-in-new-jerseys.html,20210331T234203,['Ben Miller'],"Amazon is opening a new 4-star retail store in the American Dream shopping center in East Rutherford, New Jersey. This marks the second Amazon 4-star store in New Jersey and the 30th nationwide. The store will feature popular products rated highly by customers online.",https://media.bizj.us/view/img/11985476/amazon-4-star-seattle*900xx2048-1152-0-192.jpg,The Business Journals,General,The Business Journals,"[{'topic': 'retail_wholesale', 'relevance_score': '1.000000'}, {'topic': 'real_estate', 'relevance_score': '0.709368'}, {'topic': 'technology', 'relevance_score': '0.635668'}]",0.30235,Somewhat-Bullish,"[{'ticker': 'AMZN', 'relevance_score': '1.000000', 'ticker_sentiment_score': '0.333905', 'ticker_sentiment_label': 'Somewhat-Bullish'}]"
