title,url,time_published,authors,summary,banner_image,source,category_within_source,source_domain,topics,overall_sentiment_score,overall_sentiment_label,ticker_sentiment
American Eagle Outfitters’ (AEO) outside fulfillment game,https://www.scmr.com/article/american_eagle_outfitters_aeo_outside_fulfillment_game,20220901T075124,['Bob Trebilcock'],"American Eagle Outfitters (AEO) is redefining its e-fulfillment strategy by moving beyond traditional in-distribution center operations to a distributed network, coined ""Supply Chain 4.0."" This approach, led by Shekar Natarajan, leverages shared supply chain assets and resources among like-minded small to mid-sized retailers to compete with larger giants like Amazon, Walmart, and Target. AEO's acquisition of Quiet Logistics and AirTerra, now unified as Quiet Platforms, aims to create an open and sharing logistics ecosystem, reducing costs and environmental impact while enhancing customer service.",https://www.scmr.com/images/article/SCMR2209_F3_AEO%25E2%2580%2599s-Fulfillment-Game-800p.jpg,Supply Chain Management Review,General,Supply Chain Management Review,"[{'topic': 'retail_wholesale', 'relevance_score': '0.904753'}]",0.189245,Somewhat-Bullish,"[{'ticker': 'AEO', 'relevance_score': '1.000000', 'ticker_sentiment_score': '0.325790', 'ticker_sentiment_label': 'Somewhat-Bullish'}, {'ticker': 'AMZN', 'relevance_score': '0.714704', 'ticker_sentiment_score': '0.146733', 'ticker_sentiment_label': 'Neutral'}, {'ticker': 'WMT', 'relevance_score': '0.617889', 'ticker_sentiment_score': '0.149709', 'ticker_sentiment_label': 'Neutral'}]"
Amazon FSx for NetApp ONTAP with VMware Cloud now available on AWS,https://varindia.com/news/amazon-fsx-for-netapp-ontap-with-vmware-cloud-now-available-on-aws,20220901T082648,['VARINDIA'],"NetApp, VMware, and Amazon Web Services (AWS) have announced the general availability of Amazon FSx for NetApp ONTAP with VMware Cloud on AWS. This new solution allows enterprises to cost-effectively move data-demanding workloads to VMware Cloud on AWS, providing independent scaling of cloud storage and compute. This offering aims to optimize costs, enable new application deployment, and enhance data management with ONTAP's features.",https://varindia.com/storage/news/uploads/2018/02/631048b968fac.jpg,varindia.com,General,varindia.com,"[{'topic': 'technology', 'relevance_score': '1.000000'}]",0.461942,Bullish,"[{'ticker': 'NTAP', 'relevance_score': '1.000000', 'ticker_sentiment_score': '0.463570', 'ticker_sentiment_label': 'Bullish'}, {'ticker': 'AMZN', 'relevance_score': '0.943138', 'ticker_sentiment_score': '0.433563', 'ticker_sentiment_label': 'Bullish'}]"
"Gatik, Pitney Bowes Team on Driverless Trucks",https://www.iotworldtoday.com/transportation-logistics/gatik-pitney-bowes-team-on-driverless-trucks,20220901T082923,['Graham Hope'],"Gatik, a California-based autonomous truck technology company, has partnered with Pitney Bowes to integrate its Class 6 autonomous box trucks into Pitney Bowes' e-commerce logistics network. Starting in the first quarter of next year, Gatik's self-driving fleet will operate a continuous loop in Dallas, aiming to enhance delivery speed, efficiency, and potentially reduce transportation costs for Pitney Bowes. This collaboration highlights Gatik's focus on middle-mile logistics and its strategy of using smaller autonomous trucks for frequent, short-haul routes.",https://eu-images.contentstack.com/v3/assets/blt31d6b0704ba96e9d/blte09164142802bee4/63abede1133c8149c15c1a71/Screenshot-382.png?width=1280&auto=webp&quality=80&format=jpg&disable=upscale,IoT World Today,General,IoT World Today,"[{'topic': 'technology', 'relevance_score': '0.830103'}, {'topic': 'energy_transportation', 'relevance_score': '0.712703'}]",0.049728,Neutral,"[{'ticker': 'PBI-P-B', 'relevance_score': '0.334833', 'ticker_sentiment_score': '0.009522', 'ticker_sentiment_label': 'Neutral'}, {'ticker': 'WMT', 'relevance_score': '0.727652', 'ticker_sentiment_score': '0.210189', 'ticker_sentiment_label': 'Somewhat-Bullish'}, {'ticker': 'TSLA', 'relevance_score': '0.642295', 'ticker_sentiment_score': '-0.313929', 'ticker_sentiment_label': 'Somewhat-Bearish'}, {'ticker': 'AMZN', 'relevance_score': '0.614420', 'ticker_sentiment_score': '0.228109', 'ticker_sentiment_label': 'Somewhat-Bullish'}]"
Global PayEX optimises working capital via AR/AP automation,https://fintechmagazine.com/company-reports/global-payex-optimises-working-capital-via-ar-ap-automation,20220901T083927,['Alex Clere'],"Global PayEX offers a SaaS platform leveraging AI and ML to automate accounts receivable (AR) and accounts payable (AP) processes for B2B businesses. The platform, used by major corporates like 3M and Bridgestone, aims to streamline payments, reduce days sales outstanding (DSO), and enhance operational efficiencies. The company is also integrating embedded finance solutions by partnering with banks and lenders to provide credit lines within its digital ecosystem, expanding its reach globally from India to the US and Europe.",https://assets.bizclikmedia.net/286/eee4a5a21a27896f798de26d1852127d:a8acce2e0c137877b7092fd7aa5ef472/bro-2836310815-globalpayex-sept2022.jpg,FinTech Magazine,General,FinTech Magazine,"[{'topic': 'technology', 'relevance_score': '0.825195'}, {'topic': 'finance', 'relevance_score': '0.734177'}]",0.333616,Somewhat-Bullish,"[{'ticker': 'SWK', 'relevance_score': '0.940740', 'ticker_sentiment_score': '0.314472', 'ticker_sentiment_label': 'Somewhat-Bullish'}, {'ticker': 'MMM', 'relevance_score': '0.631692', 'ticker_sentiment_score': '0.335384', 'ticker_sentiment_label': 'Somewhat-Bullish'}, {'ticker': 'WMT', 'relevance_score': '0.622408', 'ticker_sentiment_score': '0.330598', 'ticker_sentiment_label': 'Somewhat-Bullish'}, {'ticker': 'AMZN', 'relevance_score': '0.607313', 'ticker_sentiment_score': '0.308530', 'ticker_sentiment_label': 'Somewhat-Bullish'}, {'ticker': 'JPM', 'relevance_score': '0.642852', 'ticker_sentiment_score': '0.300922', 'ticker_sentiment_label': 'Somewhat-Bullish'}]"
Lands’ End Now Available at Target,https://sourcingjournal.com/topics/retail/lands-end-target-third-party-marketplace-kohls-back-to-school-inventory-368854/,20220901T114200,['Glenn Taylor'],"Lands' End reported an 8.6 percent decline in second-quarter net revenue to $351.2 million, resulting in a net loss of $2.2 million, attributed to supply chain delays and low inventory. Despite this, the company's collaborations with third-party marketplaces like Kohl's, Amazon, and its newest partner Target, drove a 42.9 percent increase in net revenue through these channels. Lands' End is banking on these partnerships, expanded product calendars, and a new warehouse management system to improve future sales and supply chain efficiency.",https://sourcingjournal.com/wp-content/uploads/2022/09/landsend.png?w=910&h=511&crop=1,Sourcing Journal,General,Sourcing Journal,"[{'topic': 'earnings', 'relevance_score': '0.941141'}, {'topic': 'retail_wholesale', 'relevance_score': '0.839581'}, {'topic': 'economy_macro', 'relevance_score': '0.615899'}]",0.047708,Neutral,"[{'ticker': 'LE', 'relevance_score': '0.983663', 'ticker_sentiment_score': '-0.344820', 'ticker_sentiment_label': 'Somewhat-Bearish'}, {'ticker': 'TGT', 'relevance_score': '0.803665', 'ticker_sentiment_score': '0.238392', 'ticker_sentiment_label': 'Somewhat-Bullish'}, {'ticker': 'WMT', 'relevance_score': '0.645029', 'ticker_sentiment_score': '0.108995', 'ticker_sentiment_label': 'Neutral'}, {'ticker': 'AMZN', 'relevance_score': '0.602475', 'ticker_sentiment_score': '0.101811', 'ticker_sentiment_label': 'Neutral'}]"
American Eagle Outfitters (AEO) embraces fulfillment at the edge,https://www.scmr.com/article/american_eagle_outfitters_aeo_embraces_fulfillment_at_the_edge,20220901T160616,['Bob Trebilcock'],"American Eagle Outfitters (AEO) is innovating its e-fulfillment strategy to meet increasing customer expectations for speed. The article details AEO's evolution from a traditional distribution center model to a more decentralized ""fulfillment at the edge"" approach, including the acquisition of Quiet Logistics and AirTerra to position inventory closer to customers and leverage automation and optimization software. This strategy aims to overcome labor challenges and compete with larger retailers by enhancing delivery speed and efficiency.",,Supply Chain Management Review,General,Supply Chain Management Review,"[{'topic': 'retail_wholesale', 'relevance_score': '0.946788'}, {'topic': 'technology', 'relevance_score': '0.722195'}, {'topic': 'manufacturing', 'relevance_score': '0.633446'}]",0.283192,Somewhat-Bullish,"[{'ticker': 'AEO', 'relevance_score': '1.000000', 'ticker_sentiment_score': '0.430622', 'ticker_sentiment_label': 'Bullish'}, {'ticker': 'AMZN', 'relevance_score': '0.735243', 'ticker_sentiment_score': '0.202503', 'ticker_sentiment_label': 'Somewhat-Bullish'}, {'ticker': 'WMT', 'relevance_score': '0.631155', 'ticker_sentiment_score': '0.145147', 'ticker_sentiment_label': 'Neutral'}]"
Stagnant Sales Are Creating an Inventory Glut,https://www.practicalecommerce.com/stagnant-sales-are-creating-an-inventory-glut,20220901T173551,['Marcia Kaplan'],"Global retail volatility over the past 18 months has led to an inventory glut due to resolving supply chain issues and declining consumer demand, particularly for non-essential goods. This situation forces retailers to seek additional storage or deeply discount products, benefiting liquidation companies. The article highlights shifting consumer spending habits towards essentials and the impact on major retailers.",,Practical Ecommerce,General,Practical Ecommerce,"[{'topic': 'retail_wholesale', 'relevance_score': '0.931378'}, {'topic': 'economy_monetary', 'relevance_score': '0.817556'}, {'topic': 'economy_macro', 'relevance_score': '0.713425'}, {'topic': 'earnings', 'relevance_score': '0.624838'}]",-0.079879,Neutral,"[{'ticker': 'LQDT', 'relevance_score': '1.000000', 'ticker_sentiment_score': '0.445876', 'ticker_sentiment_label': 'Bullish'}, {'ticker': 'ADBE', 'relevance_score': '0.845045', 'ticker_sentiment_score': '0.138191', 'ticker_sentiment_label': 'Neutral'}, {'ticker': 'WMT', 'relevance_score': '0.736281', 'ticker_sentiment_score': '-0.432331', 'ticker_sentiment_label': 'Bearish'}, {'ticker': 'TGT', 'relevance_score': '0.742113', 'ticker_sentiment_score': '-0.310088', 'ticker_sentiment_label': 'Somewhat-Bearish'}, {'ticker': 'AMZN', 'relevance_score': '0.648954', 'ticker_sentiment_score': '-0.143842', 'ticker_sentiment_label': 'Neutral'}]"
"Lakeland is home to world-class companies including Publix, Amazon, GEICO",https://laltoday.6amcity.com/work/15-largest-employers-lakeland-fl,20220902T075043,[],"This article highlights Lakeland, Florida's status as a hub for major companies and identifies its 15 largest employers. It details key information about each employer, including their employee count and their contribution to the local economy. The city's strategic location between Orlando and Tampa is noted as a factor in attracting such businesses.",https://6amcity.brightspotcdn.com/dims4/default/a4e5c64/2147483647/strip/true/crop/480x270+16+0/resize/1000x563!/quality/90/?url=https%3A%2F%2Fk1-prod-sixam-city.s3.us-east-2.amazonaws.com%2Fbrightspot%2F62%2Fb1%2Fec9a42a4442b8a9b922bda7251a1%2Flaltoday-publix.png,LALtoday,General,LALtoday,"[{'topic': 'retail_wholesale', 'relevance_score': '0.825338'}, {'topic': 'economy_macro', 'relevance_score': '0.716826'}, {'topic': 'life_sciences', 'relevance_score': '0.643339'}, {'topic': 'manufacturing', 'relevance_score': '0.604897'}, {'topic': 'finance', 'relevance_score': '0.632090'}]",0.167021,Somewhat-Bullish,"[{'ticker': 'AAP', 'relevance_score': '0.322577', 'ticker_sentiment_score': '0.018219', 'ticker_sentiment_label': 'Neutral'}, {'ticker': 'AMZN', 'relevance_score': '0.821599', 'ticker_sentiment_score': '0.320495', 'ticker_sentiment_label': 'Somewhat-Bullish'}, {'ticker': 'AZO', 'relevance_score': '0.616378', 'ticker_sentiment_score': '0.233250', 'ticker_sentiment_label': 'Somewhat-Bullish'}]"
The Untold Truth Of Steak 'N Shake,https://www.mashed.com/224393/the-untold-truth-of-steak-n-shake/,20220902T075559,['Andrew Sheldon'],"Steak 'n Shake, a burger and milkshake chain founded in 1934, has experienced significant transformations and challenges despite its longevity. Changes include its parent company, Biglari Holdings, also owning Maxim magazine, a unique and inexpensive franchise partner program, and efforts to operate internationally. The chain has faced recent struggles with numerous store closings, a shift from full-service dining to self-service kiosks, lawsuits from franchisees and employees, and a near bankruptcy experience.",https://www.mashed.com/img/gallery/the-untold-truth-of-steak-n-shake/intro-1662138186.jpg,Mashed,General,Mashed,"[{'topic': 'retail_wholesale', 'relevance_score': '0.843702'}, {'topic': 'finance', 'relevance_score': '0.712259'}, {'topic': 'economy_macro', 'relevance_score': '0.605495'}]",0.140851,Neutral,"[{'ticker': 'BH-A', 'relevance_score': '0.329784', 'ticker_sentiment_score': '0.001715', 'ticker_sentiment_label': 'Neutral'}, {'ticker': 'AMZN', 'relevance_score': '0.648152', 'ticker_sentiment_score': '0.207335', 'ticker_sentiment_label': 'Somewhat-Bullish'}, {'ticker': 'DIS', 'relevance_score': '0.621943', 'ticker_sentiment_score': '0.229117', 'ticker_sentiment_label': 'Somewhat-Bullish'}]"
It’s not just you. Tommy Bahama beach chairs are everywhere,https://wtop.com/summer-tips-news/2022/09/its-not-just-you-tommy-bahama-beach-chairs-are-everywhere/,20220903T082858,['CNN'],"Tommy Bahama has unexpectedly dominated the beach chair market, controlling an estimated 80% of chairs priced over $30, despite initially struggling as a brand. Their success stems from a savvy licensing deal with ShelterLogic Group, strategic distribution through Costco, and innovative chair features like backpack straps. The chairs have become a powerful marketing tool, reinforcing Tommy Bahama's lifestyle brand and driving sales for other beach gear.",,WTOP,General,WTOP,"[{'topic': 'retail_wholesale', 'relevance_score': '0.905240'}, {'topic': 'finance', 'relevance_score': '0.701427'}]",0.414529,Bullish,"[{'ticker': 'OXM', 'relevance_score': '0.942601', 'ticker_sentiment_score': '0.507740', 'ticker_sentiment_label': 'Bullish'}, {'ticker': 'COST', 'relevance_score': '0.708123', 'ticker_sentiment_score': '0.449783', 'ticker_sentiment_label': 'Bullish'}, {'ticker': 'AMZN', 'relevance_score': '0.600620', 'ticker_sentiment_score': '0.344137', 'ticker_sentiment_label': 'Somewhat-Bullish'}]"
Amazon’s ‘Lord of the Rings’ Series Draws 25 Million on Debut,https://www.bloomberg.com/news/articles/2022-09-03/amazon-s-lord-of-the-rings-series-draws-25-million-on-debut,20220903T194800,['Shiyin Chen'],"Amazon's ""Lord of the Rings: The Rings of Power"" series attracted over 25 million viewers globally on its premiere day, marking the largest series debut in the history of Prime Video. The show is set thousands of years before ""The Hobbit"" within J.R.R. Tolkien's universe. This significant viewership highlights the massive anticipation and Amazon's investment in the fantasy epic.",https://assets.bwbx.io/images/users/iqjWHBFdfxIU/isYhh6gq320A/v0/-1x-1.webp,Bloomberg,General,Bloomberg,"[{'topic': 'retail_wholesale', 'relevance_score': '0.713388'}, {'topic': 'technology', 'relevance_score': '0.808416'}]",0.416878,Bullish,"[{'ticker': 'AMZN', 'relevance_score': '0.919513', 'ticker_sentiment_score': '0.386518', 'ticker_sentiment_label': 'Bullish'}]"
CVS takes lead in talks to acquire Signify Health: report,https://www.foxbusiness.com/markets/cvs-takes-lead-talks-acquire-signify-health-report,20220904T035100,['Ken Martin'],"CVS Health Corp. has reportedly taken the lead in talks to acquire home healthcare company Signify Health Inc., with a bid of around $8 billion. This move aligns with CVS's strategy to expand its in-home health services, an area also eyed by competitors like Amazon.com and UnitedHealth Group. A deal could be announced next week, valuing Signify at over $30 per share.",,Fox Business,General,Fox Business,"[{'topic': 'mergers_and_acquisitions', 'relevance_score': '1.000000'}, {'topic': 'life_sciences', 'relevance_score': '0.826322'}, {'topic': 'retail_wholesale', 'relevance_score': '0.712436'}, {'topic': 'finance', 'relevance_score': '0.604986'}]",0.28393,Somewhat-Bullish,"[{'ticker': 'CVS', 'relevance_score': '1.000000', 'ticker_sentiment_score': '0.447527', 'ticker_sentiment_label': 'Bullish'}, {'ticker': 'UNH', 'relevance_score': '0.846296', 'ticker_sentiment_score': '0.219619', 'ticker_sentiment_label': 'Somewhat-Bullish'}, {'ticker': 'AMZN', 'relevance_score': '0.738100', 'ticker_sentiment_score': '0.253752', 'ticker_sentiment_label': 'Somewhat-Bullish'}]"
"Amazon Fresh to Open in Revamped Montgomery County Shopping Center, Documents Show",https://www.nbcphiladelphia.com/news/business/amazon-fresh-to-open-in-revamped-montgomery-county-shopping-center-documents-show/3354128/,20220905T081003,['Ryan Sharrow'],"Amazon Fresh is planning to open a new grocery store in the Willow Grove Shopping Center in Montgomery County, Pennsylvania, as part of a significant renovation of the retail complex. Amazon has applied for a liquor license at the site of a former Barnes & Noble, and their Fresh stores offer a lower-priced alternative to Whole Foods. This new location is one of several Amazon Fresh stores planned for the greater Philadelphia area.",https://media.nbcphiladelphia.com/2020/12/la-amazon-fresh.jpg?quality=85&strip=all&resize=320%2C180,NBC10 Philadelphia,General,NBC10 Philadelphia,"[{'topic': 'real_estate', 'relevance_score': '0.835647'}, {'topic': 'retail_wholesale', 'relevance_score': '0.909154'}, {'topic': 'technology', 'relevance_score': '0.649429'}]",0.240648,Somewhat-Bullish,"[{'ticker': 'FRT-P-C', 'relevance_score': '0.300621', 'ticker_sentiment_score': '0.020073', 'ticker_sentiment_label': 'Neutral'}, {'ticker': 'FRT', 'relevance_score': '1.000000', 'ticker_sentiment_score': '0.330535', 'ticker_sentiment_label': 'Somewhat-Bullish'}, {'ticker': 'AMZN', 'relevance_score': '0.926173', 'ticker_sentiment_score': '0.304268', 'ticker_sentiment_label': 'Somewhat-Bullish'}]"
"Amazon discriminating against Asians, whites in grant program, class action lawsuit says",https://www.yahoo.com/news/amazon-discriminating-against-asians-whites-161354662.html,20220905T161300,['Carl Samson'],"A class action lawsuit alleges that Amazon discriminates against Asian and white applicants in its ""Diversity Grant"" program, which offers stipends to Black, Latinx, and Native American entrepreneurs. The lawsuit, filed by Crystal Bolduc, claims the program violates the Civil Rights Act of 1866 by forcing Asian and white hopefuls to cover their own startup costs. Bolduc seeks to end the program and obtain damages for those who have experienced racial discrimination due to it.",https://s.yimg.com/ny/api/res/1.2/tTTnk1xIYA.9pI.kZ0AmQw--/YXBwaWQ9aGlnaGhsYW5kZXJ0O3c9MTI0MjtoPTY2MDtjZj13ZWJw/https://media.zenfs.com/en/nextshark_articles_509/2116c4caeece98ea58ac46d282985f57,Yahoo,General,Yahoo,"[{'topic': 'retail_wholesale', 'relevance_score': '0.848594'}, {'topic': 'finance', 'relevance_score': '0.605567'}, {'topic': 'economy_macro', 'relevance_score': '0.601891'}, {'topic': 'technology', 'relevance_score': '0.629412'}, {'topic': 'life_sciences', 'relevance_score': '0.646617'}]",-0.180023,Somewhat-Bearish,"[{'ticker': 'AMZN', 'relevance_score': '1.000000', 'ticker_sentiment_score': '-0.323296', 'ticker_sentiment_label': 'Somewhat-Bearish'}, {'ticker': 'PFE', 'relevance_score': '0.747899', 'ticker_sentiment_score': '-0.207529', 'ticker_sentiment_label': 'Somewhat-Bearish'}, {'ticker': 'GOOGL', 'relevance_score': '0.624895', 'ticker_sentiment_score': '-0.121613', 'ticker_sentiment_label': 'Neutral'}, {'ticker': 'GOOG', 'relevance_score': '0.609517', 'ticker_sentiment_score': '-0.129463', 'ticker_sentiment_label': 'Neutral'}]"
Amazon to Close Two Maryland Facilities in October,https://www.ttnews.com/articles/amazon-close-two-maryland-facilities-october,20220906T075253,[],"Amazon is closing two facilities in Maryland in October, impacting 353 employees who will be offered other positions within the company. This move is part of a broader scaling back of Amazon's delivery network due to shifting consumer spending habits away from the high volume of COVID-19-driven online purchases towards services. The company has canceled or delayed opening 42 facilities and is re-evaluating its real estate and warehouse portfolio globally.",https://www.ttnews.com/sites/default/files/styles/article_full_width_image/public/images/articles/amazon-1200_6.jpg,Transport Topics,General,Transport Topics,"[{'topic': 'retail_wholesale', 'relevance_score': '0.901120'}, {'topic': 'economy_macro', 'relevance_score': '0.807870'}, {'topic': 'real_estate', 'relevance_score': '0.716419'}, {'topic': 'energy_transportation', 'relevance_score': '0.644760'}]",0.037236,Neutral,"[{'ticker': 'AMZN', 'relevance_score': '0.346286', 'ticker_sentiment_score': '0.046832', 'ticker_sentiment_label': 'Neutral'}]"
The Honest Company Debuts in China with SuperOrdinary and Alibaba Group’s Tmall,https://www.happi.com/breaking-news/the-honest-company-debuts-in-china-in-partnership/,20220906T081405,['Lianna Albrizio'],"The Honest Company has expanded into the Chinese market by partnering with SuperOrdinary and opening a flagship store on Alibaba Group's Tmall Global. This strategic move aims to introduce Honest Beauty's clean and effective skincare and color cosmetics to one of the world's fastest-growing beauty markets. SuperOrdinary will manage distribution, marketing, and commercialization, navigating the local regulations for the brand.",https://www.happi.com/wp-content/uploads/2024/04/336_main-37.jpg,Happi | Household And Personal Products Industry,General,Happi | Household And Personal Products Industry,"[{'topic': 'retail_wholesale', 'relevance_score': '0.841411'}, {'topic': 'finance', 'relevance_score': '0.645834'}]",0.398925,Bullish,"[{'ticker': 'HNST', 'relevance_score': '1.000000', 'ticker_sentiment_score': '0.493327', 'ticker_sentiment_label': 'Bullish'}, {'ticker': 'AMZN', 'relevance_score': '0.647930', 'ticker_sentiment_score': '0.326147', 'ticker_sentiment_label': 'Somewhat-Bullish'}]"
CVS Health to acquire Signify Health for $8B,https://www.foxbusiness.com/markets/cvs-health-acquire-signify-health,20220906T101700,['Lucas Manfredi'],"CVS Health announced its plan to acquire home health care company Signify Health for approximately $8 billion. The deal involves CVS acquiring Signify for $30.50 per share in cash, intending to enhance its connection to consumers in their homes and expand product offerings. The acquisition, which faced competition from industry giants like Amazon and UnitedHealth, is expected to be accretive to CVS's earnings and close in the first half of 2023.",https://cf-images.us-east-1.prod.boltdns.net/v1/static/854081161001/317d44c0-057e-4da0-88c9-77eef782353a/05085fca-e489-4577-8fc3-bf36cdc233cf/1280x720/match/image.jpg,Fox Business,General,Fox Business,"[{'topic': 'mergers_and_acquisitions', 'relevance_score': '1.000000'}, {'topic': 'life_sciences', 'relevance_score': '0.927523'}, {'topic': 'retail_wholesale', 'relevance_score': '0.739664'}, {'topic': 'earnings', 'relevance_score': '0.641235'}]",0.186785,Somewhat-Bullish,"[{'ticker': 'CVS', 'relevance_score': '1.000000', 'ticker_sentiment_score': '0.477016', 'ticker_sentiment_label': 'Bullish'}, {'ticker': 'UNH', 'relevance_score': '0.718398', 'ticker_sentiment_score': '0.142963', 'ticker_sentiment_label': 'Neutral'}, {'ticker': 'AMZN', 'relevance_score': '0.607028', 'ticker_sentiment_score': '0.113691', 'ticker_sentiment_label': 'Neutral'}, {'ticker': 'CI', 'relevance_score': '0.575033', 'ticker_sentiment_score': '0.100861', 'ticker_sentiment_label': 'Neutral'}, {'ticker': 'WBA', 'relevance_score': '0.578160', 'ticker_sentiment_score': '0.126819', 'ticker_sentiment_label': 'Neutral'}]"
Small Window Open for Signify Stock Before CVS Acquisition,https://marketrealist.com/stocks-and-markets/is-signify-health-a-buy/,20220906T122800,['Rachel Curry'],"CVS Health is set to acquire Signify Health (SGFY) in a deal valued at $30.50 per share, totaling $8 billion. The acquisition, expected to close in the first half of 2023, will see Signify retain its structure within CVS, with its CEO remaining in position. Investors interested in SGFY stock should consider buying only if the share price remains below the buyout valuation.",,Market Realist,General,Market Realist,"[{'topic': 'mergers_and_acquisitions', 'relevance_score': '1.000000'}, {'topic': 'financial_markets', 'relevance_score': '0.936722'}, {'topic': 'life_sciences', 'relevance_score': '0.727094'}, {'topic': 'retail_wholesale', 'relevance_score': '0.714153'}]",0.11011,Neutral,"[{'ticker': 'CVS', 'relevance_score': '1.000000', 'ticker_sentiment_score': '0.322104', 'ticker_sentiment_label': 'Somewhat-Bullish'}, {'ticker': 'AMZN', 'relevance_score': '0.626543', 'ticker_sentiment_score': '-0.114497', 'ticker_sentiment_label': 'Neutral'}]"
Industries Dominated by Just a Few Companies,https://247wallst.com/special-report/2022/09/06/industries-dominated-by-just-a-few-companies/,20220906T150000,['247patrick'],"This article highlights industries with high market share concentration, where a few companies control a significant portion of the market, potentially limiting competition and affecting consumers. It provides examples across various sectors, from infant formula manufacturing to tax preparation software, detailing the market share held by the top three companies in each industry. The piece underscores how such concentration became evident during critical events like the infant formula shortage.",https://247wallst.com/wp-content/uploads/2022/09/imageForEntry12-R2A.jpg,24/7 Wall St.,General,24/7 Wall St.,"[{'topic': 'economy_macro', 'relevance_score': '0.927804'}, {'topic': 'manufacturing', 'relevance_score': '0.716507'}, {'topic': 'finance', 'relevance_score': '0.610836'}, {'topic': 'retail_wholesale', 'relevance_score': '0.638769'}]",0.022026,Neutral,"[{'ticker': 'ABT', 'relevance_score': '0.922600', 'ticker_sentiment_score': '0.043537', 'ticker_sentiment_label': 'Neutral'}, {'ticker': 'WMT', 'relevance_score': '0.703644', 'ticker_sentiment_score': '0.016198', 'ticker_sentiment_label': 'Neutral'}, {'ticker': 'AMZN', 'relevance_score': '0.612108', 'ticker_sentiment_score': '0.046811', 'ticker_sentiment_label': 'Neutral'}, {'ticker': 'MMM', 'relevance_score': '0.629990', 'ticker_sentiment_score': '0.014594', 'ticker_sentiment_label': 'Neutral'}, {'ticker': 'HON', 'relevance_score': '0.607864', 'ticker_sentiment_score': '0.015431', 'ticker_sentiment_label': 'Neutral'}]"
CVS to buy Dallas-based Signify Health in an $8B deal,https://www.wfaa.com/article/news/health/cvs-buying-signify-dallas-health-8-billion/287-43bd79fc-ef35-46ce-94e1-25be2d693ddb,20220906T152200,['Mary Serreze (Dallas Business Journal)'],"CVS Health Corp. has agreed to acquire Dallas-based Signify Health Inc. for $8 billion in a cash deal. Signify Health, a technology-enabled home health services provider, will play a critical role in advancing CVS's health care services strategy and growth in value-based care. The acquisition is expected to enhance CVS's connection to consumers at home and expand new product offerings.",,WFAA,General,WFAA,"[{'topic': 'mergers_and_acquisitions', 'relevance_score': '1.000000'}, {'topic': 'life_sciences', 'relevance_score': '0.930027'}, {'topic': 'retail_wholesale', 'relevance_score': '0.807548'}, {'topic': 'ipo', 'relevance_score': '0.643513'}, {'topic': 'finance', 'relevance_score': '0.633886'}]",0.145309,Neutral,"[{'ticker': 'CVS', 'relevance_score': '0.963084', 'ticker_sentiment_score': '0.477317', 'ticker_sentiment_label': 'Bullish'}, {'ticker': 'UNH', 'relevance_score': '0.676522', 'ticker_sentiment_score': '-0.108731', 'ticker_sentiment_label': 'Neutral'}, {'ticker': 'AMZN', 'relevance_score': '0.628627', 'ticker_sentiment_score': '0.055476', 'ticker_sentiment_label': 'Neutral'}]"
LG Uplus' K-pop idol platform goes global via smart TVs,"https://www.kedglobal.com/tech,-media-telecom/newsView/ked202209060011",20220906T162132,['Han-Gyeol Seon'],"LG Uplus is expanding its K-pop content platform, Idol Plus, globally by making it available on smart TVs equipped with LG Electronics' WebOS 22. The platform, which offers live performances and a library of 35,000 K-pop videos, aims to attract a wider international audience and convert local users into paid subscribers. LG Uplus also plans to integrate Idol Plus into the metaverse and export its K-pop XR content to foreign telecom companies.",,KED Global,General,KED Global,"[{'topic': 'technology', 'relevance_score': '0.944106'}]",0.29483,Somewhat-Bullish,"[{'ticker': 'UEIC', 'relevance_score': '0.645712', 'ticker_sentiment_score': '0.309428', 'ticker_sentiment_label': 'Somewhat-Bullish'}, {'ticker': 'NFLX', 'relevance_score': '0.595229', 'ticker_sentiment_score': '0.291563', 'ticker_sentiment_label': 'Somewhat-Bullish'}, {'ticker': 'AMZN', 'relevance_score': '0.570613', 'ticker_sentiment_score': '0.282739', 'ticker_sentiment_label': 'Somewhat-Bullish'}]"
"Beating Other Bidders, CVS Health Inks Deal To Acquire Dallas’ Signify Health in $8B Deal",https://dallasinnovates.com/beating-other-bidders-cvs-health-inks-deal-to-acquire-dallas-signify-health-in-8b-deal/,20220906T162738,['Kevin Cummings'],"CVS Health is acquiring Dallas-based Signify Health for approximately $8 billion, beating out other bidders like Amazon. This acquisition will expand CVS's footprint in the value-based care market and enhance its connection to consumers in their homes through Signify's tech-enabled home health services. Signify Health CEO Kyle Armbrester will continue to lead the company's 600-person team as part of CVS Health.",,Dallas Innovates,General,Dallas Innovates,"[{'topic': 'mergers_and_acquisitions', 'relevance_score': '0.939849'}, {'topic': 'life_sciences', 'relevance_score': '0.847901'}, {'topic': 'retail_wholesale', 'relevance_score': '0.635328'}]",0.108057,Neutral,"[{'ticker': 'CVS', 'relevance_score': '1.000000', 'ticker_sentiment_score': '0.462815', 'ticker_sentiment_label': 'Bullish'}, {'ticker': 'AMZN', 'relevance_score': '0.707554', 'ticker_sentiment_score': '-0.130441', 'ticker_sentiment_label': 'Neutral'}, {'ticker': 'UNH', 'relevance_score': '0.624961', 'ticker_sentiment_score': '-0.140874', 'ticker_sentiment_label': 'Neutral'}]"
Jim Chanos Takes Aim at Data Centers and Their High Valuations,https://www.datacenterknowledge.com/data-center-site-selection/jim-chanos-takes-aim-at-data-centers-and-their-high-valuations,20220906T163142,['Bloomberg News'],"Noted contrarian investor Jim Chanos is challenging the high valuations of data center REITs, despite their apparent growth potential. He argues that major cloud providers building their own facilities pose a competitive threat, potentially limiting future growth for companies like Equinix and Digital Realty Trust. Chanos and other analysts also raise concerns about rising costs, intense competition, and opaque valuation metrics for these firms.",,Data Center Knowledge,General,Data Center Knowledge,"[{'topic': 'real_estate', 'relevance_score': '0.948569'}, {'topic': 'technology', 'relevance_score': '0.839443'}, {'topic': 'financial_markets', 'relevance_score': '0.716187'}, {'topic': 'finance', 'relevance_score': '0.615078'}, {'topic': 'economy_macro', 'relevance_score': '0.635555'}]",-0.07678,Neutral,"[{'ticker': 'DLR', 'relevance_score': '0.963488', 'ticker_sentiment_score': '-0.369598', 'ticker_sentiment_label': 'Bearish'}, {'ticker': 'EQIX', 'relevance_score': '0.890709', 'ticker_sentiment_score': '-0.306421', 'ticker_sentiment_label': 'Somewhat-Bearish'}, {'ticker': 'GOOGL', 'relevance_score': '0.647327', 'ticker_sentiment_score': '0.109712', 'ticker_sentiment_label': 'Neutral'}, {'ticker': 'MSFT', 'relevance_score': '0.571067', 'ticker_sentiment_score': '0.143903', 'ticker_sentiment_label': 'Neutral'}, {'ticker': 'AMZN', 'relevance_score': '0.598824', 'ticker_sentiment_score': '0.123456', 'ticker_sentiment_label': 'Neutral'}]"
"NetApp Gets Into The MSP Game Via Spot, CloudJumper",https://www.crn.com/news/managed-services/netapp-gets-into-the-msp-game-via-spot-cloudjumper,20220907T082648,[],"NetApp is expanding its focus into managed services by leveraging its Spot and CloudJumper acquisitions, particularly targeting MSPs with a cloud-first approach. The company is bundling its technologies with Microsoft Azure services to offer fixed-price, per-seat managed services, aiming to provide predictable margins and scalability for MSPs. This strategy deviates from NetApp's traditional storage focus, with Spot PC and CloudCheckr's CMX platform now serving hundreds of MSPs.",,CRN,General,CRN,"[{'topic': 'technology', 'relevance_score': '1.000000'}, {'topic': 'mergers_and_acquisitions', 'relevance_score': '0.835226'}]",0.297516,Somewhat-Bullish,"[{'ticker': 'NTAP', 'relevance_score': '1.000000', 'ticker_sentiment_score': '0.483695', 'ticker_sentiment_label': 'Bullish'}, {'ticker': 'MSFT', 'relevance_score': '0.727226', 'ticker_sentiment_score': '0.344794', 'ticker_sentiment_label': 'Somewhat-Bullish'}, {'ticker': 'AMZN', 'relevance_score': '0.634511', 'ticker_sentiment_score': '0.215849', 'ticker_sentiment_label': 'Somewhat-Bullish'}, {'ticker': 'GOOGL', 'relevance_score': '0.623294', 'ticker_sentiment_score': '0.218065', 'ticker_sentiment_label': 'Somewhat-Bullish'}]"
QVC And HSN Parent Qurate Retail Group Taps Former Head Of Amazon's Prime Video Channels As Streaming Chief,https://deadline.com/2022/09/qvc-hsn-qurate-retail-taps-former-prime-video-channels-head-soumya-sriraman-1235109959/,20220907T083248,['Dade Hayes'],"Qurate Retail Group, parent company of QVC and HSN, has appointed Soumya Sriraman, former head of Amazon's Prime Video Channels, as president of streaming. Sriraman will lead the company's vCommerce Ventures division, aiming to expand QVC and HSN beyond linear TV and capitalize on growing streaming viewership, which has seen a 70% increase since the beginning of the year. This move highlights Qurate Retail Group's strategic initiative to innovate in video shopping and attract top executive talent in the retail sector.",https://deadline.com/wp-content/uploads/2022/09/Qurate.jpg?w=681&h=383&crop=1,Deadline,General,Deadline,"[{'topic': 'retail_wholesale', 'relevance_score': '0.846142'}, {'topic': 'technology', 'relevance_score': '0.720741'}]",0.162016,Somewhat-Bullish,"[{'ticker': 'QVCD', 'relevance_score': '0.337772', 'ticker_sentiment_score': '0.029417', 'ticker_sentiment_label': 'Neutral'}, {'ticker': 'AMZN', 'relevance_score': '0.745449', 'ticker_sentiment_score': '0.303980', 'ticker_sentiment_label': 'Somewhat-Bullish'}]"
Target names McCarthy supply chain head; Valdez to retire,https://www.freightwaves.com/news/target-names-mccarthy-supply-chain-head-valdez-to-retire,20220907T084040,['Mark Solomon'],"Target has appointed Gretchen McCarthy as its new Chief Supply Chain and Logistics Officer, effective immediately. She succeeds Arthur Valdez, who will remain as a consultant until April. McCarthy will oversee Target's global inventory management, fulfillment, and logistics, a critical role given the challenges retailers have faced with inventory and shifting consumer habits.","https://freightwaves.b-cdn.net/wp-content/uploads/2022/09/Gretchen-McCarthy_Target_FIXED_2.jpg?resize=970,546&width=970&height=546",FreightWaves,General,FreightWaves,"[{'topic': 'retail_wholesale', 'relevance_score': '0.843441'}, {'topic': 'finance', 'relevance_score': '0.630576'}]",0.072477,Neutral,"[{'ticker': 'TGT', 'relevance_score': '0.967527', 'ticker_sentiment_score': '0.143857', 'ticker_sentiment_label': 'Neutral'}, {'ticker': 'AMZN', 'relevance_score': '0.622844', 'ticker_sentiment_score': '0.059798', 'ticker_sentiment_label': 'Neutral'}, {'ticker': 'WMT', 'relevance_score': '0.581856', 'ticker_sentiment_score': '-0.093846', 'ticker_sentiment_label': 'Neutral'}]"
The Head of Google Says Future AI Must Align with Human Values,https://www.pcmag.com/news/the-head-of-google-says-future-ai-must-align-with-human-values,20220907T084750,['Michael J. Miller'],"Google CEO Sundar Pichai emphasized at the Code 2022 conference that the future development of artificial intelligence must align with human values. He highlighted Google's strides in AI, including large language models and AlphaFold, but acknowledged that true ""conversational AI"" is still some years away and that Google needs to improve its handling of AI ethics. Pichai also discussed competition in the tech industry, antitrust concerns, content moderation, and the company's approach to issues like data privacy post-Roe v. Wade.",https://i.pcmag.com/imagery/articles/05NdJNZwhf0rpoPHYGrtAgS-1.fit_lim.v1662561158.jpg,PCMag,General,PCMag,"[{'topic': 'technology', 'relevance_score': '0.933644'}]",0.141523,Neutral,"[{'ticker': 'ZD', 'relevance_score': '0.337894', 'ticker_sentiment_score': '0.009784', 'ticker_sentiment_label': 'Neutral'}, {'ticker': 'GOOGL', 'relevance_score': '1.000000', 'ticker_sentiment_score': '0.292148', 'ticker_sentiment_label': 'Somewhat-Bullish'}, {'ticker': 'GOOG', 'relevance_score': '0.999381', 'ticker_sentiment_score': '0.283660', 'ticker_sentiment_label': 'Somewhat-Bullish'}, {'ticker': 'MSFT', 'relevance_score': '0.604672', 'ticker_sentiment_score': '0.131483', 'ticker_sentiment_label': 'Neutral'}, {'ticker': 'AMZN', 'relevance_score': '0.606305', 'ticker_sentiment_score': '0.123542', 'ticker_sentiment_label': 'Neutral'}]"
Qurate Retail Group Announces New Executives to Lead Streaming and QVC US Merchandising,https://www.prnewswire.com/news-releases/qurate-retail-group-announces-new-executives-to-lead-streaming-and-qvc-us-merchandising-301619235.html,20220907T090000,[],"Qurate Retail Group has appointed Soumya Sriraman as President of Streaming and Stacy Bowe as Chief Merchandising Officer for QVC US to accelerate its digital streaming shopping business and enhance its merchandising strategy. These executive hires from Amazon and G-III Apparel Group aim to differentiate QVC and HSN brands, strengthen customer relationships, and drive growth in the vCommerce sector. The appointments are part of Qurate Retail Group's Project Athens turnaround plan.",,PR Newswire,General,PR Newswire,"[{'topic': 'retail_wholesale', 'relevance_score': '1.000000'}]",0.156854,Somewhat-Bullish,"[{'ticker': 'QVCGA', 'relevance_score': '0.345426', 'ticker_sentiment_score': '0.034094', 'ticker_sentiment_label': 'Neutral'}, {'ticker': 'AMZN', 'relevance_score': '0.622533', 'ticker_sentiment_score': '0.349197', 'ticker_sentiment_label': 'Somewhat-Bullish'}]"
"Qurate Snags Amazon, Macy’s Execs to Accelerate Video Commerce Growth",https://www.retailtouchpoints.com/topics/market-news/qurate-qvc-hsn-executive-appointments-video-commerce,20220907T114000,['Nicole Silberstein'],"Qurate Retail Group, parent company of QVC and HSN, has appointed Soumya Sriraman (formerly of Amazon) as President of Streaming and Stacy Bowe (formerly of Macy's) as Chief Merchandising Officer for QVC U.S. These strategic hires aim to accelerate the company's video commerce growth and differentiate its home shopping brands. The appointments are part of Qurate's broader restructuring efforts and Project Athens turnaround plan.",,Retail TouchPoints,General,Retail TouchPoints,"[{'topic': 'retail_wholesale', 'relevance_score': '0.944770'}, {'topic': 'finance', 'relevance_score': '0.719091'}]",0.3583,Bullish,"[{'ticker': 'QVCGA', 'relevance_score': '1.000000', 'ticker_sentiment_score': '0.628112', 'ticker_sentiment_label': 'Bullish'}, {'ticker': 'AMZN', 'relevance_score': '0.734417', 'ticker_sentiment_score': '0.336299', 'ticker_sentiment_label': 'Somewhat-Bullish'}, {'ticker': 'WMT', 'relevance_score': '0.641502', 'ticker_sentiment_score': '0.208682', 'ticker_sentiment_label': 'Somewhat-Bullish'}, {'ticker': 'TGT', 'relevance_score': '0.575368', 'ticker_sentiment_score': '0.245324', 'ticker_sentiment_label': 'Somewhat-Bullish'}]"
Target CEO Cornell to stay three more years in bid for stability,https://www.reuters.com/business/retail-consumer/target-ceo-cornell-stay-three-more-years-2022-09-07/,20220907T145900,['Uday Sampath Kumar'],"Target Corp. has waived its CEO retirement policy to allow Brian Cornell, 63, to continue leading the company for another three years. This decision aims to provide stability as Target navigates high inflation and overstocked stores. Investors reacted positively to the news, seeing it as beneficial during a challenging period for the retailer.",https://www.reuters.com/resizer/v2/https%3A%2F%2Fcloudfront-us-east-2.images.arcpublishing.com%2Freuters%2FBX5656BLT5LGRLV6N5J7V6M45M.JPG?width=1280&quality=80&smart=true,Reuters,General,Reuters,"[{'topic': 'earnings', 'relevance_score': '0.938159'}, {'topic': 'economy_monetary', 'relevance_score': '0.841190'}, {'topic': 'retail_wholesale', 'relevance_score': '1.000000'}]",0.145705,Neutral,"[{'ticker': 'TGT', 'relevance_score': '1.000000', 'ticker_sentiment_score': '0.300925', 'ticker_sentiment_label': 'Somewhat-Bullish'}, {'ticker': 'WMT', 'relevance_score': '0.739831', 'ticker_sentiment_score': '0.116502', 'ticker_sentiment_label': 'Neutral'}, {'ticker': 'PEP', 'relevance_score': '0.618261', 'ticker_sentiment_score': '0.118536', 'ticker_sentiment_label': 'Neutral'}, {'ticker': 'AMZN', 'relevance_score': '0.629711', 'ticker_sentiment_score': '0.137378', 'ticker_sentiment_label': 'Neutral'}, {'ticker': 'CVS', 'relevance_score': '0.649213', 'ticker_sentiment_score': '0.112974', 'ticker_sentiment_label': 'Neutral'}]"
"Union groups, investors seek worker rights review at Apple",https://www.reuters.com/business/union-groups-investors-seek-worker-rights-review-apple-2022-09-07/,20220907T151000,['Ross Kerber'],"Labor groups and investors have filed a shareholder proposal requesting Apple Inc. to review its worker rights practices, citing a potential ""misalignment"" between Apple's public commitments and alleged anti-union activities. This proposal comes amidst growing unionization efforts at Apple retail stores and builds on previous successful shareholder resolutions concerning civil rights audits and non-disclosure agreements.",https://www.reuters.com/resizer/v2/EQ7K2B4AAFJCTHCBMK7UGAIO4U.jpg?auth=37d0ad481e365d5a602779c522a8660e7bb0576e10d8485d73a1725ffe97294e&width=1920&quality=80,Reuters,General,Reuters,"[{'topic': 'technology', 'relevance_score': '0.818274'}, {'topic': 'retail_wholesale', 'relevance_score': '0.704444'}, {'topic': 'finance', 'relevance_score': '0.644023'}]",-0.139165,Neutral,"[{'ticker': 'AAPL', 'relevance_score': '0.988536', 'ticker_sentiment_score': '-0.244006', 'ticker_sentiment_label': 'Somewhat-Bearish'}, {'ticker': 'SBUX', 'relevance_score': '0.694442', 'ticker_sentiment_score': '-0.123170', 'ticker_sentiment_label': 'Neutral'}, {'ticker': 'AMZN', 'relevance_score': '0.649667', 'ticker_sentiment_score': '-0.112328', 'ticker_sentiment_label': 'Neutral'}]"
Netflix looks to control cloud computing costs with AWS - WSJ,https://www.reuters.com/technology/netflix-looks-control-cloud-computing-costs-with-aws-wsj-2022-09-07/,20220907T172100,['Reuters'],"Netflix is reportedly working to control its rising cloud computing costs with Amazon Web Services as part of a broader effort to reduce expenses. The streaming giant is also hiring more junior staff, reducing its real-estate footprint, and minimizing data storage globally following subscriber losses and increased competition. These measures aim to help Netflix manage costs and achieve its goal of 500 million global subscribers in the next three years.",https://www.reuters.com/resizer/v2/M3Y62625DFNVBODOVMQBNM37DU.jpg?auth=50c46b1689a576b986b0feaa07458c522196a8560592c9b4fbec40dd2b2a6277&width=1920&quality=80,Reuters,General,Reuters,"[{'topic': 'technology', 'relevance_score': '0.946702'}, {'topic': 'earnings', 'relevance_score': '0.842202'}]",-0.150883,Somewhat-Bearish,"[{'ticker': 'NFLX', 'relevance_score': '1.000000', 'ticker_sentiment_score': '-0.331984', 'ticker_sentiment_label': 'Somewhat-Bearish'}, {'ticker': 'AMZN', 'relevance_score': '0.740770', 'ticker_sentiment_score': '0.129650', 'ticker_sentiment_label': 'Neutral'}, {'ticker': 'DIS', 'relevance_score': '0.609310', 'ticker_sentiment_score': '-0.201707', 'ticker_sentiment_label': 'Somewhat-Bearish'}, {'ticker': 'AAPL', 'relevance_score': '0.616901', 'ticker_sentiment_score': '-0.121511', 'ticker_sentiment_label': 'Neutral'}]"
How to Buy NASDAQ Stocks,https://www.valuethemarkets.com/education/how-to-buy-nasdaq-stocks,20220907T175644,['Kirsteen Mackay'],"This article provides a comprehensive guide on how to buy NASDAQ stocks, detailing what the NASDAQ is, who owns its shares, and the pros and cons of investing in them. It covers the steps to purchase NASDAQ stocks, from fixing a budget and choosing a broker to placing an order, and includes a brief history of the exchange. The article also mentions specific index funds and prominent companies listed on the NASDAQ.",,Value The Markets,General,Value The Markets,"[{'topic': 'financial_markets', 'relevance_score': '1.000000'}]",0.369293,Bullish,"[{'ticker': 'ONEQ', 'relevance_score': '0.836308', 'ticker_sentiment_score': '0.315703', 'ticker_sentiment_label': 'Somewhat-Bullish'}, {'ticker': 'NDAQ', 'relevance_score': '1.000000', 'ticker_sentiment_score': '0.412896', 'ticker_sentiment_label': 'Bullish'}, {'ticker': 'AAPL', 'relevance_score': '0.735994', 'ticker_sentiment_score': '0.343755', 'ticker_sentiment_label': 'Somewhat-Bullish'}, {'ticker': 'MSFT', 'relevance_score': '0.730264', 'ticker_sentiment_score': '0.324053', 'ticker_sentiment_label': 'Somewhat-Bullish'}, {'ticker': 'AMZN', 'relevance_score': '0.741187', 'ticker_sentiment_score': '0.333954', 'ticker_sentiment_label': 'Somewhat-Bullish'}]"
"Soumya Sriraman Pops Up as President of Streaming for QVC, HSN Parent",https://www.mediaplaynews.com/soumya-sriraman-pops-up-as-president-of-streaming-for-qvc-hsn-parent/,20220907T181650,['Thomas K. Arnold'],"Soumya Sriraman has been appointed president of streaming for the Qurate Retail Group, parent company of QVC and HSN, in a newly created role. She will lead the company's streaming commerce business, including QVC+ and HSN+ streamers and live-streaming ventures. This new position comes shortly after her departure from Amazon's Prime Video Channels.",https://www.mediaplaynews.com/wp-content/uploads/2022/09/Soumya-Sriraman.jpeg,Media Play News,General,Media Play News,"[{'topic': 'retail_wholesale', 'relevance_score': '0.909691'}]",0.141097,Neutral,"[{'ticker': 'QVCGP', 'relevance_score': '1.000000', 'ticker_sentiment_score': '0.311781', 'ticker_sentiment_label': 'Somewhat-Bullish'}, {'ticker': 'AMZN', 'relevance_score': '0.736302', 'ticker_sentiment_score': '-0.107699', 'ticker_sentiment_label': 'Neutral'}]"
How Telecom Argentina is evolving its B2B segment,https://www.bnamericas.com/en/features/how-telecom-argentina-is-evolving-its-b2b-segment,20220907T185558,[],"Telecom Argentina is aggressively expanding its B2B segment, with 38% of June revenues coming from cloud, cybersecurity, SD-WAN, and IoT solutions, a significant increase from 5% two years prior. The company has invested US$5bn in digital transformation between 2017 and 2021 to become a technology company and is also pursuing international expansion of its B2B services, particularly cybersecurity under the Ubiquo brand in neighboring countries.",,BNamericas,General,BNamericas,"[{'topic': 'technology', 'relevance_score': '0.921723'}, {'topic': 'finance', 'relevance_score': '0.648624'}]",0.259422,Somewhat-Bullish,"[{'ticker': 'TEO', 'relevance_score': '0.339957', 'ticker_sentiment_score': '0.043258', 'ticker_sentiment_label': 'Neutral'}, {'ticker': 'MSFT', 'relevance_score': '0.633199', 'ticker_sentiment_score': '0.306121', 'ticker_sentiment_label': 'Somewhat-Bullish'}, {'ticker': 'IBM', 'relevance_score': '0.627408', 'ticker_sentiment_score': '0.341556', 'ticker_sentiment_label': 'Somewhat-Bullish'}, {'ticker': 'AMZN', 'relevance_score': '0.647505', 'ticker_sentiment_score': '0.336051', 'ticker_sentiment_label': 'Somewhat-Bullish'}, {'ticker': 'GOOG', 'relevance_score': '0.613869', 'ticker_sentiment_score': '0.304722', 'ticker_sentiment_label': 'Somewhat-Bullish'}]"
"Experience real-time quotes, in-depth charts, and analyst ratings",https://www.webull.com/quote/nasdaq-amzu,20220907T201022,[],"This page provides detailed stock information for AMZU (Direxion Daily AMZN Bull 2X Shares), including real-time quotes, performance data, trading options, and news. It highlights the ETF's financial metrics, inception date, and recent weekly performance reports, offering a comprehensive overview for potential investors.",,Webull,General,Webull,"[{'topic': 'financial_markets', 'relevance_score': '0.940360'}]",0.277685,Somewhat-Bullish,"[{'ticker': 'AMZU', 'relevance_score': '1.000000', 'ticker_sentiment_score': '0.223830', 'ticker_sentiment_label': 'Somewhat-Bullish'}, {'ticker': 'AMZN', 'relevance_score': '0.635854', 'ticker_sentiment_score': '0.275485', 'ticker_sentiment_label': 'Somewhat-Bullish'}]"
Amazon Breaches TV’s Last Stronghold With $13 Billion Bet on NFL,https://www.bloomberg.com/news/articles/2022-09-08/-thursday-night-football-on-amazon-why-you-need-prime-not-tv-to-watch-games,20220908T040100,['Gerry Smith and Lucas Shaw'],"Amazon is making an aggressive move into live sports broadcasting with an 11-year, $13 billion exclusive deal for ""Thursday Night Football"" on its Prime Video streaming service. This marks a significant shift in how NFL games are consumed, requiring fans to subscribe to Amazon Prime to watch. The first regular-season game under this new agreement will be between the Los Angeles Chargers and Kansas City Chiefs on September 15.",https://assets.bwbx.io/images/users/iqjWHBFdfxIU/iR299vX6r9lA/v1/-1x-1.webp,Bloomberg.com,General,Bloomberg.com,"[{'topic': 'retail_wholesale', 'relevance_score': '0.701413'}, {'topic': 'technology', 'relevance_score': '0.801913'}]",0.329331,Somewhat-Bullish,"[{'ticker': 'AMZN', 'relevance_score': '1.000000', 'ticker_sentiment_score': '0.314219', 'ticker_sentiment_label': 'Somewhat-Bullish'}]"
Insight Partners Backs Microsoft 365 Security Provider SaaS Alerts,https://www.msspalert.com/news/insight-partners-backs-microsoft-365-security-provider-saas-alerts,20220908T080510,['Joe Panettieri'],"Insight Partners has invested $22 million in SaaS Alerts, a cybersecurity company that provides cloud application security software primarily to Managed Service Providers (MSPs). Founded in 2020, SaaS Alerts helps MSPs monitor and protect end-customers using various SaaS applications like Microsoft 365, Google Workspace, and Salesforce. This investment underscores Insight Partners' continued interest in the SaaS security and MSP software sectors, where it has several other related portfolio companies.",https://image-optimizer.cyberriskalliance.com/unsafe/1920x0/https://files.cyberriskalliance.com/wp-content/uploads/2023/08/SaaS-Alerts.jpg,MSSP Alert,General,MSSP Alert,"[{'topic': 'mergers_and_acquisitions', 'relevance_score': '1.000000'}, {'topic': 'technology', 'relevance_score': '0.935819'}, {'topic': 'finance', 'relevance_score': '0.719293'}]",0.264383,Somewhat-Bullish,"[{'ticker': 'DYOR', 'relevance_score': '0.304073', 'ticker_sentiment_score': '0.045802', 'ticker_sentiment_label': 'Neutral'}, {'ticker': 'MSFT', 'relevance_score': '0.706208', 'ticker_sentiment_score': '0.311196', 'ticker_sentiment_label': 'Somewhat-Bullish'}, {'ticker': 'CRM', 'relevance_score': '0.639416', 'ticker_sentiment_score': '0.336690', 'ticker_sentiment_label': 'Somewhat-Bullish'}, {'ticker': 'GOOGL', 'relevance_score': '0.638554', 'ticker_sentiment_score': '0.327027', 'ticker_sentiment_label': 'Somewhat-Bullish'}, {'ticker': 'AMZN', 'relevance_score': '0.645242', 'ticker_sentiment_score': '0.340390', 'ticker_sentiment_label': 'Somewhat-Bullish'}]"
Single-Stock ETFs Are Mushrooming. What to Know.,https://www.barrons.com/advisor/articles/single-stock-etf-direxion-amazon-google-microsoft-51662586100?gaa_at=eafs&gaa_n=AWEtsqdsXd9Xg0QQHfMoJi7EgxiPGjGZZyBjmqdNQMaWwZwb1ZdKflg97_en&gaa_ts=699abded&gaa_sig=dVQPj9FGY9nCSM21Xd9cmtxI8zqpA8V4KSjlnF7ZtjKpsSw3QBcuzpTKS2qjmzU2aOwEUUJyYUdmp79i2FgjAw%3D%3D,20220908T081228,['Kenneth Corbin'],"Direxion, a fund company, is expanding its single-stock ETF offerings with six new funds. These ETFs will allow investors to make short-term bullish or bearish bets on major tech companies like Amazon, Alphabet, and Microsoft. This move signifies a further expansion in the fast-growing market of single-stock funds.",https://www.barrons.com/asset/barrons/images/DJ-barrons-logo.svg,Barron's,General,Barron's,"[{'topic': 'financial_markets', 'relevance_score': '0.942744'}, {'topic': 'technology', 'relevance_score': '0.724283'}, {'topic': 'finance', 'relevance_score': '0.649022'}]",0.340956,Somewhat-Bullish,"[{'ticker': 'GOOGL', 'relevance_score': '0.929037', 'ticker_sentiment_score': '0.343982', 'ticker_sentiment_label': 'Somewhat-Bullish'}, {'ticker': 'AMZN', 'relevance_score': '0.855811', 'ticker_sentiment_score': '0.321242', 'ticker_sentiment_label': 'Somewhat-Bullish'}, {'ticker': 'MSFT', 'relevance_score': '0.812012', 'ticker_sentiment_score': '0.347598', 'ticker_sentiment_label': 'Somewhat-Bullish'}]"
Amazon CEO Says the Next Decade Will See Company Growth in Every Area,https://www.pcmag.com/news/amazon-ceo-says-the-next-decade-will-see-company-growth-in-every-area,20220908T084750,['Michael J. Miller'],"Amazon CEO Andy Jassy articulated a vision for the company's significant growth across various sectors in the next decade, including retail, AWS, Alexa, and healthcare. He emphasized Amazon's focus on customer experience and addressed concerns regarding antitrust legislation and unionization. Jassy believes the company's current business is merely a ""shadow"" of its future potential.",https://i.pcmag.com/imagery/articles/01ogIlybp91KsepMpnDSzTX-1.fit_lim.v1662644475.jpg,PCMag,General,PCMag,"[{'topic': 'retail_wholesale', 'relevance_score': '0.748549'}, {'topic': 'technology', 'relevance_score': '0.925314'}, {'topic': 'life_sciences', 'relevance_score': '0.607521'}]",0.166991,Somewhat-Bullish,"[{'ticker': 'ZD', 'relevance_score': '0.326726', 'ticker_sentiment_score': '0.016212', 'ticker_sentiment_label': 'Neutral'}, {'ticker': 'AMZN', 'relevance_score': '1.000000', 'ticker_sentiment_score': '0.450177', 'ticker_sentiment_label': 'Bullish'}, {'ticker': 'WMT', 'relevance_score': '0.643740', 'ticker_sentiment_score': '0.141711', 'ticker_sentiment_label': 'Neutral'}, {'ticker': 'TGT', 'relevance_score': '0.601539', 'ticker_sentiment_score': '0.121190', 'ticker_sentiment_label': 'Neutral'}]"
Northeast Philly Distribution Center Sells for $148M to Spanish Billionaire,https://www.nbcphiladelphia.com/news/local/northeast-philly-distribution-center-sells-for-148m-to-spanish-billionaire/3357146/,20220908T105600,[],"A Northeast Philadelphia distribution center occupied by TJX Cos. has been sold for $148.1 million to Ponte Gadea Compass LLC, an investment firm led by Spanish billionaire Amancio Ortega. This represents a 53% increase from its previous sale price three years ago. The 1.015-million-square-foot facility, built in 2001, has always been leased by TJX, which extended its lease for another 20 years.",,NBC10 Philadelphia,General,NBC10 Philadelphia,"[{'topic': 'real_estate', 'relevance_score': '0.919438'}, {'topic': 'mergers_and_acquisitions', 'relevance_score': '0.819451'}, {'topic': 'retail_wholesale', 'relevance_score': '0.709908'}]",0.29617,Somewhat-Bullish,"[{'ticker': 'O', 'relevance_score': '1.000000', 'ticker_sentiment_score': '0.329149', 'ticker_sentiment_label': 'Somewhat-Bullish'}, {'ticker': 'TJX', 'relevance_score': '0.836529', 'ticker_sentiment_score': '0.234370', 'ticker_sentiment_label': 'Somewhat-Bullish'}, {'ticker': 'AMZN', 'relevance_score': '0.643975', 'ticker_sentiment_score': '0.313997', 'ticker_sentiment_label': 'Somewhat-Bullish'}]"
Quantum StorNext File System Now Available in AWS Marketplace,https://www.prnewswire.com/news-releases/quantum-stornext-file-system-now-available-in-aws-marketplace-301620575.html,20220908T111100,[],"Quantum Corporation has announced the immediate availability of its StorNext™ file system as a subscription offering in AWS Marketplace. This allows for quick deployment of shared storage in the cloud, enabling remote collaboration and accelerating video post-production workflows. The offering supports hybrid and fully cloud-based models with various configurations and subscription plans.",,PR Newswire,General,PR Newswire,"[{'topic': 'technology', 'relevance_score': '0.941010'}]",0.379743,Bullish,"[{'ticker': 'QMCO', 'relevance_score': '1.000000', 'ticker_sentiment_score': '0.417819', 'ticker_sentiment_label': 'Bullish'}, {'ticker': 'AMZN', 'relevance_score': '0.748937', 'ticker_sentiment_score': '0.309331', 'ticker_sentiment_label': 'Somewhat-Bullish'}]"
Rivian partners with Mercedes on electric vans in Europe,https://www.autonews.com/manufacturing/rivian-mercedes-disclose-bold-plans-make-vans-europe/,20220908T143700,['Staff and wire reports'],"Rivian has partnered with Mercedes-Benz to produce electric vans in Europe, building upon Rivian's existing commitment to supply Amazon with 100,000 electric delivery vans by 2030. This collaboration aims to expand the availability of electric commercial vehicles in the European market.",,Automotive News,General,Automotive News,"[{'topic': 'manufacturing', 'relevance_score': '0.901815'}, {'topic': 'energy_transportation', 'relevance_score': '0.804983'}, {'topic': 'retail_wholesale', 'relevance_score': '0.611015'}]",0.264894,Somewhat-Bullish,"[{'ticker': 'RIVN', 'relevance_score': '0.993108', 'ticker_sentiment_score': '0.483241', 'ticker_sentiment_label': 'Bullish'}, {'ticker': 'AMZN', 'relevance_score': '0.736588', 'ticker_sentiment_score': '0.288579', 'ticker_sentiment_label': 'Somewhat-Bullish'}, {'ticker': 'F', 'relevance_score': '0.585764', 'ticker_sentiment_score': '0.145191', 'ticker_sentiment_label': 'Neutral'}, {'ticker': 'GM', 'relevance_score': '0.562643', 'ticker_sentiment_score': '0.136524', 'ticker_sentiment_label': 'Neutral'}]"
Buy stocks with wide moats to protect your profits,https://moneyweek.com/investments/stocks-and-shares/share-tips/605308/buy-stocks-with-wide-moats-to-protect-your-profits,20220908T174556,['Dr Mike Tubbs'],"The article discusses Warren Buffett's ""economic moat"" concept, highlighting companies with sustainable competitive advantages. It outlines five key characteristics of such companies—intangible assets, cost advantage, switching costs, network effects, and efficient scale—and provides examples like Coca-Cola, Salesforce, and Alphabet. The piece concludes with advice on how investors can identify and invest in these wide-moat companies, including building a personal portfolio or using ETFs and investment trusts.",https://cdn.mos.cms.futurecdn.net/4nK5bW7oM7zQk6b8L2bU2f-1200-80.jpg,MoneyWeek,General,MoneyWeek,"[{'topic': 'financial_markets', 'relevance_score': '0.942721'}, {'topic': 'economy_macro', 'relevance_score': '0.601924'}, {'topic': 'technology', 'relevance_score': '0.608442'}, {'topic': 'life_sciences', 'relevance_score': '0.603563'}, {'topic': 'finance', 'relevance_score': '0.743158'}]",0.523138,Bullish,"[{'ticker': 'MOTG', 'relevance_score': '0.348730', 'ticker_sentiment_score': '0.023278', 'ticker_sentiment_label': 'Neutral'}, {'ticker': 'GOOGL', 'relevance_score': '0.867468', 'ticker_sentiment_score': '0.735157', 'ticker_sentiment_label': 'Bullish'}, {'ticker': 'AMZN', 'relevance_score': '0.832681', 'ticker_sentiment_score': '0.657632', 'ticker_sentiment_label': 'Bullish'}, {'ticker': 'CRM', 'relevance_score': '0.791450', 'ticker_sentiment_score': '0.612579', 'ticker_sentiment_label': 'Bullish'}, {'ticker': 'MSFT', 'relevance_score': '0.697584', 'ticker_sentiment_score': '0.622615', 'ticker_sentiment_label': 'Bullish'}]"
Why Allstate's CHRO believes HR needs to run more like a business,https://fortune.com/2022/09/09/allstate-tapped-leader-background-tech-media-startups-telecom-head-hr/,20220909T075219,"['Amber Burton', 'Paolo Confino']","Robert Toohey, Allstate's new CHRO, is leveraging his background in tech and leadership roles outside of HR to transform the company's human resources department. He emphasizes the importance of HR operating with a business-first mindset, focusing on data and technology to improve employee experience and contribute directly to business outcomes. Toohey aims to treat HR as a service provider that adds value to the organization by aligning talent management with digital transformation goals.",https://fortune.com/img-assets/wp-content/uploads/2022/09/allstate.jpg?format=webp&w=1440&q=100,Fortune,General,Fortune,"[{'topic': 'finance', 'relevance_score': '0.849878'}, {'topic': 'technology', 'relevance_score': '0.639184'}]",0.163723,Somewhat-Bullish,"[{'ticker': 'ALL-P-B', 'relevance_score': '0.319242', 'ticker_sentiment_score': '0.046280', 'ticker_sentiment_label': 'Neutral'}, {'ticker': 'ALL', 'relevance_score': '1.000000', 'ticker_sentiment_score': '0.345809', 'ticker_sentiment_label': 'Somewhat-Bullish'}, {'ticker': 'CSCO', 'relevance_score': '0.632722', 'ticker_sentiment_score': '0.116524', 'ticker_sentiment_label': 'Neutral'}, {'ticker': 'AMZN', 'relevance_score': '0.617926', 'ticker_sentiment_score': '0.143092', 'ticker_sentiment_label': 'Neutral'}]"
Here's Why This E-commerce Stock is Undervalued,https://www.schaeffersresearch.com/content/analysis/2022/09/09/heres-why-this-e-commerce-stock-is-undervalued,20220909T105500,"[""Schaeffer's Digital Content Team""]","MercadoLibre Inc (NASDAQ:MELI), a Latin American e-commerce giant, is showing signs of recovery despite recent dips, with indicators suggesting low volatility expectations among options traders. The company boasts significant revenue and earnings growth, justifying its high valuation metrics. Analysts anticipate continued strong growth for MELI in fiscal years 2022 and 2023, making it an attractive option for growth investors.",https://schaeffers-cdn.s3.amazonaws.com/images/default-source/schaeffers-cdn-images/default-images/sectors/bigstock-the-button-for-purchases-on-th-17016155.jpg?sfvrsn=f2b4d506_4,Schaeffer's Investment Research,General,Schaeffer's Investment Research,"[{'topic': 'earnings', 'relevance_score': '0.820213'}, {'topic': 'financial_markets', 'relevance_score': '0.937237'}, {'topic': 'retail_wholesale', 'relevance_score': '0.726347'}, {'topic': 'technology', 'relevance_score': '0.627746'}]",0.362018,Bullish,"[{'ticker': 'MELI', 'relevance_score': '1.000000', 'ticker_sentiment_score': '0.462365', 'ticker_sentiment_label': 'Bullish'}, {'ticker': 'AMZN', 'relevance_score': '0.627867', 'ticker_sentiment_score': '0.214739', 'ticker_sentiment_label': 'Somewhat-Bullish'}]"
PLDT to build new Aurora cable landing station,https://business.inquirer.net/361939/pldt-to-build-new-aurora-cable-landing-station,20220912T074000,['Tyrone Jasper C. Piad'],"PLDT Inc. announced plans to construct a new cable landing station in Baler, Aurora, and integrate the Asia Direct Cable (ADC) system by 2024. These initiatives are part of a broader strategy to enhance the Philippines' information and communication technology infrastructure, specifically targeting the growing hyperscaler industry. PLDT aims to position the Philippines as a leading hyperscaler hub in the Asia-Pacific region by expanding its data center operations and subsea cable capabilities.",https://business.inquirer.net/files/2022/09/PLDT-logo-filephoto-091222.jpg,Inquirer.net,General,Inquirer.net,"[{'topic': 'technology', 'relevance_score': '0.918443'}]",0.340753,Somewhat-Bullish,"[{'ticker': 'PHI', 'relevance_score': '1.000000', 'ticker_sentiment_score': '0.445714', 'ticker_sentiment_label': 'Bullish'}, {'ticker': 'AMZN', 'relevance_score': '0.602720', 'ticker_sentiment_score': '0.306704', 'ticker_sentiment_label': 'Somewhat-Bullish'}, {'ticker': 'MSFT', 'relevance_score': '0.623664', 'ticker_sentiment_score': '0.347875', 'ticker_sentiment_label': 'Somewhat-Bullish'}, {'ticker': 'GOOGL', 'relevance_score': '0.604038', 'ticker_sentiment_score': '0.347645', 'ticker_sentiment_label': 'Somewhat-Bullish'}, {'ticker': 'IBM', 'relevance_score': '0.624897', 'ticker_sentiment_score': '0.346815', 'ticker_sentiment_label': 'Somewhat-Bullish'}]"
AP: American Eagle Exec Works To Modernize The Supply Chain,https://www.aeo-inc.com/2022/09/12/ap-american-eagle-exec-works-to-modernize-the-supply-chain/,20220912T075124,['Ann D’Innocenzio'],"Shekar Natarajan, American Eagle Outfitters' chief supply chain officer, is modernizing retail supply chains by creating a shared platform accessible to other companies, including over 100 partners and 14 retailers. This initiative aims to address the inefficiencies and unsustainability of current logistics networks, particularly accelerated by the pandemic. Natarajan believes small companies can pool resources to compete with larger entities like Amazon and Walmart, leveraging a model that consolidates packages for more efficient delivery and reduced shipping times and miles.",https://www.aeo-inc.com/wp-content/uploads/sites/4/2022/09/Shekar_AP.jpeg?w=1000,AEO-Inc,General,AEO-Inc,"[{'topic': 'retail_wholesale', 'relevance_score': '1.000000'}, {'topic': 'economy_macro', 'relevance_score': '0.805706'}, {'topic': 'technology', 'relevance_score': '0.630532'}, {'topic': 'energy_transportation', 'relevance_score': '0.624911'}]",0.466053,Bullish,"[{'ticker': 'AEO', 'relevance_score': '0.907814', 'ticker_sentiment_score': '0.734858', 'ticker_sentiment_label': 'Bullish'}, {'ticker': 'WMT', 'relevance_score': '0.710202', 'ticker_sentiment_score': '0.342614', 'ticker_sentiment_label': 'Somewhat-Bullish'}, {'ticker': 'AMZN', 'relevance_score': '0.630422', 'ticker_sentiment_score': '0.309364', 'ticker_sentiment_label': 'Somewhat-Bullish'}]"
The miracle of streaming,https://www.sify.com/network/the-miracle-of-streaming/,20220912T083641,['Satyen K Bordoloi'],"The article discusses the transformative impact of streaming technology on the world, from early internet speeds to today's high-resolution video consumption and its role in daily life and global data usage. It explores the history, underlying technology, and future implications of streaming, including its integration with AR/VR, 5G, and the Internet of Things, highlighting how networking has enabled this ""miracle.""",https://www.sify.com/wp-content/uploads/2022/09/video_streaming_ss-1024x492.jpg,Sify News,General,Sify News,"[{'topic': 'technology', 'relevance_score': '0.911714'}]",0.511451,Bullish,"[{'ticker': 'SIFYR', 'relevance_score': '0.302032', 'ticker_sentiment_score': '0.005744', 'ticker_sentiment_label': 'Neutral'}, {'ticker': 'NFLX', 'relevance_score': '0.828333', 'ticker_sentiment_score': '0.700957', 'ticker_sentiment_label': 'Bullish'}, {'ticker': 'AMZN', 'relevance_score': '0.742117', 'ticker_sentiment_score': '0.645268', 'ticker_sentiment_label': 'Bullish'}, {'ticker': 'MSFT', 'relevance_score': '0.618289', 'ticker_sentiment_score': '0.511801', 'ticker_sentiment_label': 'Bullish'}, {'ticker': 'GOOGL', 'relevance_score': '0.717436', 'ticker_sentiment_score': '0.614393', 'ticker_sentiment_label': 'Bullish'}]"
Under the Hood of RCD,https://www.etftrends.com/portfolio-strategies-content-hub/under-the-hood-of-rcd/,20220912T120923,['Elle Caruso Fitzgerald'],"The Invesco S&P 500 Equal Weight Consumer Discretionary ETF (RCD) saw significant inflows in August, making it the most popular Invesco equal-weight sector ETF for the month. RCD offers investors exposure to the consumer discretionary sector with an equal-weighted approach, diversifying away from large-cap bias and providing a tilt towards smaller, potentially undervalued companies. This strategy aims to reduce concentration risk by ensuring each of its 60 holdings, including companies like Etsy, Tesla, and Amazon, receives approximately equal allocation during quarterly rebalances.",https://www.etftrends.com/wp-content/uploads/2025/09/Portfolio_Strategies_masthead_overlay_1600x121@2x.png,ETF Trends,General,ETF Trends,"[{'topic': 'financial_markets', 'relevance_score': '1.000000'}, {'topic': 'retail_wholesale', 'relevance_score': '0.702204'}, {'topic': 'finance', 'relevance_score': '0.600074'}]",0.268355,Somewhat-Bullish,"[{'ticker': 'RSPD', 'relevance_score': '0.348824', 'ticker_sentiment_score': '0.047451', 'ticker_sentiment_label': 'Neutral'}, {'ticker': 'IVZ', 'relevance_score': '0.810056', 'ticker_sentiment_score': '0.334732', 'ticker_sentiment_label': 'Somewhat-Bullish'}, {'ticker': 'TSLA', 'relevance_score': '0.648671', 'ticker_sentiment_score': '0.336446', 'ticker_sentiment_label': 'Somewhat-Bullish'}, {'ticker': 'AMZN', 'relevance_score': '0.644683', 'ticker_sentiment_score': '0.306523', 'ticker_sentiment_label': 'Somewhat-Bullish'}, {'ticker': 'F', 'relevance_score': '0.630244', 'ticker_sentiment_score': '0.304915', 'ticker_sentiment_label': 'Somewhat-Bullish'}]"
"Oracle meets revenue targets on Cerner boost, cloud strength",https://www.reuters.com/technology/oracle-meets-first-quarter-revenue-estimates-strong-cloud-demand-2022-09-12/,20220912T222700,['Akash Sriram'],"Oracle Corp met its first-quarter revenue targets, boosted by the acquisition of healthcare IT firm Cerner and strong demand for its cloud services. Cerner contributed $1.4 billion to revenue, helping to offset a slowdown in business spending. Oracle expects revenue growth of 21% to 23% in the second quarter on a constant currency basis.",https://www.reuters.com/resizer/v2/TQOA6OPHM5JABJYNAQMH2ZAACM.jpg?auth=1fffd2a443cf2f0a04b2a3df9b67e0b5e88482135684e4803b9362b9efa8d336&width=1080&quality=80,Reuters,General,Reuters,"[{'topic': 'earnings', 'relevance_score': '0.906009'}, {'topic': 'technology', 'relevance_score': '0.825289'}, {'topic': 'mergers_and_acquisitions', 'relevance_score': '0.718779'}, {'topic': 'economy_macro', 'relevance_score': '0.600052'}, {'topic': 'life_sciences', 'relevance_score': '0.627941'}]",0.237945,Somewhat-Bullish,"[{'ticker': 'ORCL', 'relevance_score': '1.000000', 'ticker_sentiment_score': '0.432746', 'ticker_sentiment_label': 'Bullish'}, {'ticker': 'MSFT', 'relevance_score': '0.632588', 'ticker_sentiment_score': '0.123253', 'ticker_sentiment_label': 'Neutral'}, {'ticker': 'AMZN', 'relevance_score': '0.649597', 'ticker_sentiment_score': '0.136536', 'ticker_sentiment_label': 'Neutral'}]"
Oracle offers its MySQL HeatWave database and analytics on Amazon’s cloud,https://www.reuters.com/technology/oracle-offers-its-mysql-heatwave-database-analytics-amazons-cloud-2022-09-12/,20220913T043100,['Reuters'],"Oracle has made its MySQL HeatWave cloud database service available on Amazon's AWS cloud, allowing customers to use the service without migrating their data from AWS. This move enables Oracle to reach customers who have historically stored their data on AWS, even though Oracle directly competes with Amazon's database services. Oracle also plans to offer this database platform on Microsoft's Azure cloud in the future.",https://www.reuters.com/resizer/v2/L42E64V365K5JFWIULN56J56ZM.JPG?width=1200&height=628&quality=80&smart=true,Reuters,General,Reuters,"[{'topic': 'technology', 'relevance_score': '0.902072'}]",0.09569,Neutral,"[{'ticker': 'ORCL', 'relevance_score': '1.000000', 'ticker_sentiment_score': '0.236416', 'ticker_sentiment_label': 'Somewhat-Bullish'}, {'ticker': 'AMZN', 'relevance_score': '0.741683', 'ticker_sentiment_score': '-0.114084', 'ticker_sentiment_label': 'Neutral'}, {'ticker': 'MSFT', 'relevance_score': '0.607640', 'ticker_sentiment_score': '0.136385', 'ticker_sentiment_label': 'Neutral'}]"
Amazon Prime Members Score Exclusive Deals and Get Access to VIP Experiences This Football Season,https://www.businesswire.com/news/home/20220913005576/en/Amazon-Prime-Members-Score-Exclusive-Deals-and-Get-Access-to-VIP-Experiences-This-Football-Season,20220913T075253,[],"Amazon is offering Prime members exclusive deals and VIP experiences for the upcoming Thursday Night Football season, streaming on Prime Video. Members can find discounts on home entertainment devices and NFL-licensed products at amazon.com/TNFcentral, alongside unique gameday experiences, including a kickoff party with Jerry Rice and VIP stadium access in 15 cities. These initiatives aim to enhance the gameday viewing experience and provide greater value for Prime subscribers.",https://mms.businesswire.com/media/20220913005576/en/1569634/4/TNF_Core_Logotype_V2.jpg?download=1,Business Wire,General,Business Wire,"[{'topic': 'retail_wholesale', 'relevance_score': '1.000000'}, {'topic': 'technology', 'relevance_score': '0.816495'}, {'topic': 'finance', 'relevance_score': '0.635112'}]",0.529871,Bullish,"[{'ticker': 'AMZN', 'relevance_score': '1.000000', 'ticker_sentiment_score': '0.509674', 'ticker_sentiment_label': 'Bullish'}]"
DraftKings Will Be Exclusive Odds Provider for Amazon NFL Games,https://www.bloomberg.com/news/articles/2022-09-13/draftkings-will-be-exclusive-odds-provider-for-amazon-nfl-games,20220913T124500,['Catherine Larkin'],"DraftKings (DKNG) has secured a multiyear agreement to be the exclusive pregame and in-game odds provider for Amazon.com Inc.'s (AMZN) Thursday Night Football games. This partnership includes DraftKings content featuring in all 15 NFL telecasts on Amazon this season, starting September 15, and will offer same-game parlays through the DraftKings Sportsbook app. Financial terms of the deal were not disclosed.",https://assets.bwbx.io/images/users/iqjWHBFdfxIU/idmy6nCrz2X8/v3/-1x-1.webp,Bloomberg.com,General,Bloomberg.com,"[{'topic': 'finance', 'relevance_score': '0.729250'}, {'topic': 'technology', 'relevance_score': '0.635703'}, {'topic': 'retail_wholesale', 'relevance_score': '0.619831'}]",0.41902,Bullish,"[{'ticker': 'AMZN', 'relevance_score': '1.000000', 'ticker_sentiment_score': '0.430432', 'ticker_sentiment_label': 'Bullish'}]"
Tech stocks crushed in market selloff,https://www.cnbc.com/2022/09/13/tech-stocks-crushed-in-market-selloff.html,20220913T163500,['Ashley Capoot'],"The six largest U.S. tech companies collectively lost over $500 billion in value following an unexpectedly high August inflation report. The Nasdaq Composite experienced its steepest drop since June 2020, sinking 5.16%. Major companies like Apple, Microsoft, Amazon, Alphabet, Meta, and Nvidia saw significant declines, with the report potentially influencing further aggressive interest rate hikes from the Fed.",,CNBC,General,CNBC,"[{'topic': 'financial_markets', 'relevance_score': '0.913003'}, {'topic': 'economy_monetary', 'relevance_score': '0.801621'}, {'topic': 'economy_macro', 'relevance_score': '0.726353'}, {'topic': 'technology', 'relevance_score': '0.839048'}]",-0.439004,Bearish,"[{'ticker': 'QQQ', 'relevance_score': '1.000000', 'ticker_sentiment_score': '-0.428078', 'ticker_sentiment_label': 'Bearish'}, {'ticker': 'AAPL', 'relevance_score': '0.909022', 'ticker_sentiment_score': '-0.405465', 'ticker_sentiment_label': 'Bearish'}, {'ticker': 'MSFT', 'relevance_score': '0.858173', 'ticker_sentiment_score': '-0.437067', 'ticker_sentiment_label': 'Bearish'}, {'ticker': 'AMZN', 'relevance_score': '0.806548', 'ticker_sentiment_score': '-0.420766', 'ticker_sentiment_label': 'Bearish'}, {'ticker': 'NVDA', 'relevance_score': '0.792610', 'ticker_sentiment_score': '-0.433676', 'ticker_sentiment_label': 'Bearish'}]"
Company created by two South Africans tops S&P 500 30-year performance,https://dailyinvestor.com/south-africa/2374/company-created-by-two-south-africans-tops-sp-500-30-year-performance/,20220913T173720,['Rudolph Muller'],"Monster Beverage Corporation, co-founded by two South African WITS graduates, has ranked as the top-performing stock in the S&P 500 over the last 30 years, achieving a staggering 213,088% total return. The company, initially Hansen Natural Corporation, was acquired in 1990 by Rodney Sacks and Hilton Schlosberg and saw significant growth after launching Monster Energy in 2002. This success story highlights the remarkable financial performance of the energy drink giant, even outperforming tech titans like Amazon, Apple, and Nvidia.",,Daily Investor,General,Daily Investor,"[{'topic': 'earnings', 'relevance_score': '0.942449'}, {'topic': 'financial_markets', 'relevance_score': '0.803325'}, {'topic': 'retail_wholesale', 'relevance_score': '0.734352'}]",0.753802,Bullish,"[{'ticker': 'MNST', 'relevance_score': '1.000000', 'ticker_sentiment_score': '0.948515', 'ticker_sentiment_label': 'Bullish'}, {'ticker': 'AMZN', 'relevance_score': '0.715322', 'ticker_sentiment_score': '0.838915', 'ticker_sentiment_label': 'Bullish'}, {'ticker': 'AAPL', 'relevance_score': '0.744974', 'ticker_sentiment_score': '0.767969', 'ticker_sentiment_label': 'Bullish'}, {'ticker': 'NVDA', 'relevance_score': '0.620249', 'ticker_sentiment_score': '0.737319', 'ticker_sentiment_label': 'Bullish'}, {'ticker': 'POOL', 'relevance_score': '0.628385', 'ticker_sentiment_score': '0.636444', 'ticker_sentiment_label': 'Bullish'}]"
How Amazon’s shared network unlocks new community benefits for connected devices,https://www.aboutamazon.com/news/devices/amazon-sidewalk-unlocks-new-community-benefits-for-connected-devices,20220913T183638,['Amazon Staff'],"Amazon's Sidewalk network is expanding, offering low-bandwidth connectivity for devices and supporting services like object tracking and smart home control. New Cosmos USA, Inc. is launching the first Sidewalk-enabled natural gas alarm, DeNova Detect, which will provide real-time alerts and extended battery life without needing a power outlet. Amazon is also collaborating with Silicon Labs to simplify the development process for Sidewalk-enabled devices for other manufacturers.",,About Amazon,General,About Amazon,"[{'topic': 'technology', 'relevance_score': '0.945900'}]",0.380166,Bullish,"[{'ticker': 'SLAB', 'relevance_score': '0.919310', 'ticker_sentiment_score': '0.403692', 'ticker_sentiment_label': 'Bullish'}, {'ticker': 'AMZN', 'relevance_score': '0.842242', 'ticker_sentiment_score': '0.303860', 'ticker_sentiment_label': 'Somewhat-Bullish'}]"
Cloud optimization co Zesty raises $75m,https://en.globes.co.il/en/article-cloud-optimization-co-zesty-raises-75m-1001424374,20220913T195300,['Ofir Dor'],"Israeli cloud optimization company Zesty has raised $75 million in a Series B funding round co-led by B Capital and Sapphire Ventures, bringing its total funding to $116 million. The company's automated system dynamically adjusts cloud configurations to ensure stability and optimize performance rather than solely focusing on cost reduction. Zesty has doubled its annual recurring revenue since early 2022 and employs 120 people, serving over 300 customers with most revenue from North America.",,Globes - Israel Business News,General,Globes - Israel Business News,"[{'topic': 'technology', 'relevance_score': '1.000000'}, {'topic': 'finance', 'relevance_score': '0.807906'}]",0.240342,Somewhat-Bullish,"[{'ticker': 'NTAP', 'relevance_score': '0.838271', 'ticker_sentiment_score': '0.347592', 'ticker_sentiment_label': 'Somewhat-Bullish'}, {'ticker': 'INTC', 'relevance_score': '0.747450', 'ticker_sentiment_score': '0.327277', 'ticker_sentiment_label': 'Somewhat-Bullish'}, {'ticker': 'MSFT', 'relevance_score': '0.605888', 'ticker_sentiment_score': '0.111164', 'ticker_sentiment_label': 'Neutral'}, {'ticker': 'AMZN', 'relevance_score': '0.633498', 'ticker_sentiment_score': '0.106710', 'ticker_sentiment_label': 'Neutral'}]"
"Arm unveils updated Neoverse CPU roadmap, targeting cloud, hyperscale and HPC workloads",https://siliconangle.com/2022/09/14/arm-unveils-updated-neoverse-cpu-roadmap-targeting-cloud-hyperscale-hpc-workloads/,20220914T075239,['Mike Wheatley'],"Arm has announced an updated Neoverse CPU roadmap to provide a foundation for various workloads in cloud, hyperscale, and high-performance computing. The new Neoverse V2, codenamed Demeter, aims to deliver top per-thread performance and power efficiency, with partners like Nvidia already integrating it. Additionally, Arm detailed upcoming N-series and E-series chip designs set for a 2023 launch, catering to different compute needs prioritizing thread count or data plane processing.",https://d15shllkswkct0.cloudfront.net/wp-content/blogs.dir/1/files/2022/09/arm-neoverse-roadmap-800x356.png,SiliconANGLE,General,SiliconANGLE,"[{'topic': 'technology', 'relevance_score': '0.930249'}]",0.254128,Somewhat-Bullish,"[{'ticker': 'AMD', 'relevance_score': '0.778295', 'ticker_sentiment_score': '-0.061451', 'ticker_sentiment_label': 'Neutral'}, {'ticker': 'NVDA', 'relevance_score': '0.709245', 'ticker_sentiment_score': '0.715718', 'ticker_sentiment_label': 'Bullish'}, {'ticker': 'INTC', 'relevance_score': '0.712326', 'ticker_sentiment_score': '-0.095982', 'ticker_sentiment_label': 'Neutral'}, {'ticker': 'AMZN', 'relevance_score': '0.627544', 'ticker_sentiment_score': '0.319317', 'ticker_sentiment_label': 'Somewhat-Bullish'}, {'ticker': 'MSFT', 'relevance_score': '0.562453', 'ticker_sentiment_score': '0.348158', 'ticker_sentiment_label': 'Somewhat-Bullish'}]"
"Nile, Extreme attack Cisco's enterprise networking biz",https://www.lightreading.com/digital-transformation/nile-extreme-attack-cisco-s-enterprise-networking-biz,20220914T080748,['Mike Dano'],"Cisco, a dominant player in enterprise networking, is facing increasing competition from both established companies like Extreme Networks and new startups such as Nile. Nile, backed by former Cisco CEO John Chambers, is introducing an ""as-a-service"" pricing model to challenge Cisco's traditional hardware sales approach. Extreme Networks is also gaining market share by offering streamlined architectural solutions and expanding into the 5G market, directly competing with Cisco by focusing on architectural unity and cloud migration.",https://eu-images.contentstack.com/v3/assets/blt23eb5bbc4124baa6/blte00e941c9f3e8081/64a3b98d1a527198aba3178e/4953.jpg?width=1280&auto=webp&quality=80&format=jpg&disable=upscale,Light Reading,General,Light Reading,"[{'topic': 'technology', 'relevance_score': '0.948693'}]",0.053412,Neutral,"[{'ticker': 'EXTR', 'relevance_score': '0.311633', 'ticker_sentiment_score': '0.029848', 'ticker_sentiment_label': 'Neutral'}, {'ticker': 'CSCO', 'relevance_score': '1.000000', 'ticker_sentiment_score': '-0.126679', 'ticker_sentiment_label': 'Neutral'}, {'ticker': 'HPE', 'relevance_score': '0.713253', 'ticker_sentiment_score': '0.137094', 'ticker_sentiment_label': 'Neutral'}, {'ticker': 'AMZN', 'relevance_score': '0.621965', 'ticker_sentiment_score': '0.123332', 'ticker_sentiment_label': 'Neutral'}, {'ticker': 'IT', 'relevance_score': '0.622986', 'ticker_sentiment_score': '0.105481', 'ticker_sentiment_label': 'Neutral'}]"
"Matter, Sidewalk, Wi-SUN, Wi-Fi 6 – new Silicon Labs range for IoT in home, yard, city",https://www.rcrwireless.com/20220914/internet-of-things/matter-sidewalk-wi-sun-wi-fi-6-silicon-labs-issues-developer-products-to-boost-iot-in-home-yard-city,20220914T083708,['James Blackman'],"Silicon Labs has unveiled four new solutions as part of its Series 2 portfolio, aiming to accelerate the ""mega-cycle in IoT"" across various applications from smart homes to smart cities. These new offerings include development kits and chip systems supporting Matter, Amazon Sidewalk, Wi-SUN, and Wi-Fi 6, addressing the growing demand for mature and integrated IoT platforms. The company anticipates 27 billion IoT devices by 2025 and has doubled its IoT revenue in the last three years, positioning itself to be a key player in this expanding market.",https://www.rcrwireless.com/wp-content/uploads/2022/09/Silicon-Labs4-696x416.jpg,RCR Wireless News,General,RCR Wireless News,"[{'topic': 'technology', 'relevance_score': '0.931727'}]",0.292708,Somewhat-Bullish,"[{'ticker': 'SLAB', 'relevance_score': '1.000000', 'ticker_sentiment_score': '0.462462', 'ticker_sentiment_label': 'Bullish'}, {'ticker': 'AMZN', 'relevance_score': '0.601579', 'ticker_sentiment_score': '0.225236', 'ticker_sentiment_label': 'Somewhat-Bullish'}, {'ticker': 'MSFT', 'relevance_score': '0.568171', 'ticker_sentiment_score': '0.148851', 'ticker_sentiment_label': 'Neutral'}]"
Palo Alto Networks 3-for-1 stock split: What to Know,https://www.foxbusiness.com/markets/palo-alto-networks-3-for-1-stock-split-what-to-know,20220914T111100,['Lucas Manfredi'],"Palo Alto Networks completed a 3-for-1 stock split, with shares gaining slightly on the first day of trading post-split before moving into negative territory. Shareholders of record as of September 6 received two additional shares for each one held, distributed after the close of trading on September 13. The company stated the split aims to make shares more accessible to employees and a broader base of investors, following significant stock price increases since its IPO.",,Fox Business,General,Fox Business,"[{'topic': 'earnings', 'relevance_score': '1.000000'}, {'topic': 'financial_markets', 'relevance_score': '1.000000'}, {'topic': 'technology', 'relevance_score': '0.831963'}, {'topic': 'economy_macro', 'relevance_score': '0.639564'}]",0.192435,Somewhat-Bullish,"[{'ticker': 'PANW', 'relevance_score': '1.000000', 'ticker_sentiment_score': '0.254294', 'ticker_sentiment_label': 'Somewhat-Bullish'}, {'ticker': 'TSLA', 'relevance_score': '0.636622', 'ticker_sentiment_score': '0.198546', 'ticker_sentiment_label': 'Somewhat-Bullish'}, {'ticker': 'GOOGL', 'relevance_score': '0.640890', 'ticker_sentiment_score': '-0.092535', 'ticker_sentiment_label': 'Neutral'}, {'ticker': 'AMZN', 'relevance_score': '0.621397', 'ticker_sentiment_score': '0.227888', 'ticker_sentiment_label': 'Somewhat-Bullish'}]"
PANW Stock Falls After Palo Alto Stock Split. What to Know.,https://investorplace.com/2022/09/panw-stock-falls-after-palo-alto-stock-split-what-to-know/,20220914T142000,['Bret Kenwell'],"Palo Alto Networks (PANW) stock experienced a slight decline despite a 3-for-1 stock split on September 14, 2022. This performance was unexpected by some investors given a broader market rebound and the company's strong financial results and outlook. While stock splits don't add inherent value, studies suggest they can benefit stock prices over a 12-month period.",https://investorplace.com/wp-content/uploads/2019/08/panw-stock-1-768x432.jpg,InvestorPlace,General,InvestorPlace,"[{'topic': 'earnings', 'relevance_score': '0.916896'}, {'topic': 'financial_markets', 'relevance_score': '0.903807'}, {'topic': 'technology', 'relevance_score': '0.836136'}]",0.282526,Somewhat-Bullish,"[{'ticker': 'PANW', 'relevance_score': '1.000000', 'ticker_sentiment_score': '0.124743', 'ticker_sentiment_label': 'Neutral'}, {'ticker': 'GOOG', 'relevance_score': '0.647793', 'ticker_sentiment_score': '0.348475', 'ticker_sentiment_label': 'Somewhat-Bullish'}, {'ticker': 'GOOGL', 'relevance_score': '0.607976', 'ticker_sentiment_score': '0.317617', 'ticker_sentiment_label': 'Somewhat-Bullish'}, {'ticker': 'AMZN', 'relevance_score': '0.609911', 'ticker_sentiment_score': '0.318127', 'ticker_sentiment_label': 'Somewhat-Bullish'}, {'ticker': 'TSLA', 'relevance_score': '0.630742', 'ticker_sentiment_score': '0.313841', 'ticker_sentiment_label': 'Somewhat-Bullish'}]"
Here’s why the founder of the Zara clothing empire is buying up U.S. warehouses,https://fortune.com/2022/09/14/zara-founder-amancio-ortega-buys-us-warehouses-real-estate/?queryly=related_article,20220914T143300,['Colin Lodewick'],"Amancio Ortega, founder of Zara, has invested hundreds of millions of dollars in U.S. warehouse properties through his family investment company, Pontegadea. This move signals his confidence in the future of warehousing despite some companies like Amazon downsizing their logistics. Ortega's acquisitions come as the pandemic has increased demand for goods, leading to a heated market for warehouse space and higher rental rates, although some experts question if this trend will continue.",https://fortune.com/img-assets/wp-content/uploads/2022/09/Amancio-Ortega-Inditex-GettyImages-1063450662.jpg?format=webp&w=1440&q=100,Fortune,General,Fortune,"[{'topic': 'real_estate', 'relevance_score': '0.934181'}, {'topic': 'retail_wholesale', 'relevance_score': '0.839349'}, {'topic': 'economy_macro', 'relevance_score': '0.746147'}]",0.134042,Neutral,"[{'ticker': 'O', 'relevance_score': '1.000000', 'ticker_sentiment_score': '0.304578', 'ticker_sentiment_label': 'Somewhat-Bullish'}, {'ticker': 'AMZN', 'relevance_score': '0.831580', 'ticker_sentiment_score': '-0.309530', 'ticker_sentiment_label': 'Somewhat-Bearish'}, {'ticker': 'FDX', 'relevance_score': '0.614555', 'ticker_sentiment_score': '0.330135', 'ticker_sentiment_label': 'Somewhat-Bullish'}, {'ticker': 'WMT', 'relevance_score': '0.623155', 'ticker_sentiment_score': '0.149680', 'ticker_sentiment_label': 'Neutral'}, {'ticker': 'TGT', 'relevance_score': '0.603819', 'ticker_sentiment_score': '0.130287', 'ticker_sentiment_label': 'Neutral'}]"
Emerge EMPWR Unified Sustainable Equity ETF,https://etfdb.com/etf/EMPW/,20220914T165231,[],"This article provides a detailed profile of the Emerge EMPWR Unified Sustainable Equity ETF (EMPW), noting it is no longer active. It covers key financial data, including its expense ratio, inception date, AUM, and historical trading data. The profile also lists its top holdings, concentration analysis, performance metrics, geographic and sector exposures, and technical indicators, offering a comprehensive overview for investors.",,ETF Database,General,ETF Database,"[{'topic': 'financial_markets', 'relevance_score': '0.927123'}, {'topic': 'finance', 'relevance_score': '0.800060'}]",0.053894,Neutral,"[{'ticker': 'EMPW', 'relevance_score': '1.000000', 'ticker_sentiment_score': '-0.328824', 'ticker_sentiment_label': 'Somewhat-Bearish'}, {'ticker': 'MSFT', 'relevance_score': '0.617169', 'ticker_sentiment_score': '0.129126', 'ticker_sentiment_label': 'Neutral'}, {'ticker': 'AAPL', 'relevance_score': '0.600970', 'ticker_sentiment_score': '0.122686', 'ticker_sentiment_label': 'Neutral'}, {'ticker': 'GOOGL', 'relevance_score': '0.631568', 'ticker_sentiment_score': '0.125618', 'ticker_sentiment_label': 'Neutral'}, {'ticker': 'AMZN', 'relevance_score': '0.634243', 'ticker_sentiment_score': '0.112180', 'ticker_sentiment_label': 'Neutral'}]"
Amazon.com sued by California state over alleged price competition antitrust violation,https://www.proactiveinvestors.co.uk/companies/news/992792/amazon-com-sued-by-california-state-over-alleged-price-competition-antitrust-violation-992792.html,20220915T075253,['Jon Hopkins'],"California has filed a lawsuit against Amazon.com Inc, alleging the company violated antitrust laws by preventing price competition. The suit claims Amazon's policies prohibit merchants from offering lower prices on their own websites or rivals' platforms, thus establishing a price floor that inflates costs for consumers. Amazon, which argues the lawsuit could lead to higher prices for customers, states it has the right not to highlight uncompetitively priced offers.",https://cdn.proactiveinvestors.com/eyJidWNrZXQiOiJwYS1jZG4iLCJrZXkiOiJ1cGxvYWRcL05ld3NcL0ltYWdlXC8yMDIyXzA5XC9IYWRyaWFuLVNodXR0ZXJzdG9jay0yLmpwZyIsImVkaXRzIjp7InJlc2l6ZSI6eyJ3aWR0aCI6MTI4MCwiaGVpZ2h0IjoxMjgwLCJmaXQiOiJjb3ZlciJ9fX0=,Proactive Investors,General,Proactive Investors,"[{'topic': 'retail_wholesale', 'relevance_score': '0.821590'}, {'topic': 'technology', 'relevance_score': '0.726725'}, {'topic': 'finance', 'relevance_score': '0.607037'}]",-0.628555,Bearish,"[{'ticker': 'AMZN', 'relevance_score': '1.000000', 'ticker_sentiment_score': '-0.617760', 'ticker_sentiment_label': 'Bearish'}]"
CIOs at Logistics Companies Call in the Robots,https://www.wsj.com/articles/cios-at-logistics-companies-call-in-the-robots-11663234204?gaa_at=eafs&gaa_n=AWEtsqehGjBKUdFr5wYRY82r1ZU1S3_957CKWcekaM1S9qfI8fr6hY70R0bW&gaa_ts=699abe22&gaa_sig=FwZdLTy9fa2LZtHSmq_YE9xVke4tPFy5DQ7W6MIvBfrlXVWDmMerep0YiVK-J5NJYaaU8lxAjO8wQYThrNUrbw%3D%3D,20220915T081320,['Isabelle Bousquette'],"Logistics companies, including GXO Logistics and DHL Supply Chain North America, are rapidly increasing their investment in warehouse robots due to the impending holiday season and persistent labor shortages. While these robots help move inventory and speed up order fulfillment, not all robotic solutions are yet fully capable of meeting all logistical demands. The adoption of this technology accelerated during the pandemic and is expected to continue growing.",https://images.wsj.net/im-623194/?width=700&height=467,The Wall Street Journal,General,The Wall Street Journal,"[{'topic': 'technology', 'relevance_score': '0.919214'}, {'topic': 'manufacturing', 'relevance_score': '0.701328'}, {'topic': 'retail_wholesale', 'relevance_score': '0.625668'}, {'topic': 'economy_macro', 'relevance_score': '0.648153'}]",0.344078,Somewhat-Bullish,"[{'ticker': 'GXO', 'relevance_score': '1.000000', 'ticker_sentiment_score': '0.306283', 'ticker_sentiment_label': 'Somewhat-Bullish'}, {'ticker': 'AMZN', 'relevance_score': '0.608575', 'ticker_sentiment_score': '0.337093', 'ticker_sentiment_label': 'Somewhat-Bullish'}, {'ticker': 'FDX', 'relevance_score': '0.612625', 'ticker_sentiment_score': '0.309391', 'ticker_sentiment_label': 'Somewhat-Bullish'}, {'ticker': 'UPS', 'relevance_score': '0.649301', 'ticker_sentiment_score': '0.343307', 'ticker_sentiment_label': 'Somewhat-Bullish'}, {'ticker': 'ZBRA', 'relevance_score': '0.619038', 'ticker_sentiment_score': '0.536122', 'ticker_sentiment_label': 'Bullish'}]"
Gartner Ranks Whitman’s Supply Chain Management Undergraduate Program Among Top 25,https://news.syr.edu/2022/09/15/gartner-ranks-whitmans-supply-chain-management-undergraduate-program-among-top-25/,20220915T081734,[],"Gartner has ranked the Martin J. Whitman School of Management's undergraduate supply chain management (SCM) program among the top 25 in the U.S. and Canada, placing it at No. 23. This ranking, based on program scope, industry value, and size, included 55 institutions and, for the first time, evaluated online programs. The Whitman School, home to the nation's first SCM program, is recognized for its educational excellence, experiential learning, and strong industry partnerships.",https://news.syr.edu/wp-content/uploads/2022/09/Whitman-exterior.jpg,Syracuse University Today,General,Syracuse University Today,"[{'topic': 'finance', 'relevance_score': '0.733603'}]",0.351391,Bullish,"[{'ticker': 'IT', 'relevance_score': '1.000000', 'ticker_sentiment_score': '0.430163', 'ticker_sentiment_label': 'Bullish'}, {'ticker': 'AMZN', 'relevance_score': '0.612468', 'ticker_sentiment_score': '0.327180', 'ticker_sentiment_label': 'Somewhat-Bullish'}]"
"Meet Dave & Buster’s New, Futuristic Revenue Stream",https://www.fsrmagazine.com/growth/chain-restaurants/meet-dave-busters-new-futuristic-revenue-stream/,20220915T083036,['Ben Coley'],"Dave & Buster's is piloting a new ""Game & Go"" micro-market, developed in partnership with Coca-Cola and powered by Zippin's checkout-free technology, to address issues with food and beverage attachment among gamers. This automated store, located in Hollywood, Florida, offers snacks and drinks, including alcohol with ID monitoring, and aims to increase revenue without cannibalizing existing sales. The initiative reflects Dave & Buster's broader strategy to diversify revenue streams beyond traditional restaurant offerings, following significant financial growth and the acquisition of Main Event.",https://www.fsrmagazine.com/wp-content/uploads/2023/07/daveandbustersmicrostore.jpg,FSR magazine,General,FSR magazine,"[{'topic': 'retail_wholesale', 'relevance_score': '0.915787'}, {'topic': 'technology', 'relevance_score': '0.808060'}, {'topic': 'earnings', 'relevance_score': '0.722029'}]",0.352004,Bullish,"[{'ticker': 'PLAY', 'relevance_score': '0.958780', 'ticker_sentiment_score': '0.492104', 'ticker_sentiment_label': 'Bullish'}, {'ticker': 'AMZN', 'relevance_score': '0.730670', 'ticker_sentiment_score': '0.324193', 'ticker_sentiment_label': 'Somewhat-Bullish'}, {'ticker': 'KO', 'relevance_score': '0.657288', 'ticker_sentiment_score': '0.261502', 'ticker_sentiment_label': 'Somewhat-Bullish'}]"
"Kris Jenner, Khloé Kardashian, and True Thompson Celebrate the Holidays with The Children's Place for a Second Year, and now with Dream Kardashian!",https://www.prnewswire.com/news-releases/kris-jenner-khloe-kardashian-and-true-thompson-celebrate-the-holidays-with-the-childrens-place-for-a-second-year-and-now-with-dream-kardashian-301625002.html,20220915T100200,[],"The Children's Place has launched its 2022 Holiday Matching Family Pajama Collection campaign, featuring Kris Jenner, Khloé Kardashian, True Thompson, and Dream Kardashian. This marks the second year of partnership with Kris, Khloé, and True, with Dream joining for the first time. The campaign emphasizes celebrating family traditions and creating new holiday memories together, offering over 30 festive matching family collections for all ages.",,PR Newswire,General,PR Newswire,"[{'topic': 'retail_wholesale', 'relevance_score': '1.000000'}]",0.300123,Somewhat-Bullish,"[{'ticker': 'PLCE', 'relevance_score': '1.000000', 'ticker_sentiment_score': '0.460600', 'ticker_sentiment_label': 'Bullish'}, {'ticker': 'AMZN', 'relevance_score': '0.716078', 'ticker_sentiment_score': '0.112900', 'ticker_sentiment_label': 'Neutral'}]"
Document,https://www.sec.gov/Archives/edgar/data/1820953/000162828022023692/affirm_q422earningsrelease.htm,20220915T160620,[],"Affirm Holdings, Inc. reported strong fourth quarter and fiscal year 2022 results, with active merchants increasing to 235,000 and active consumers growing 96% year-over-year. The company saw a 77% increase in Gross Merchandise Volume (GMV) and a 39% increase in total revenue for the quarter. Despite macroeconomic uncertainties, Affirm plans to maintain focus on responsible growth and aims for sustained profitability by the end of fiscal 2023.",,SEC.gov,General,SEC.gov,"[{'topic': 'earnings', 'relevance_score': '0.946041'}, {'topic': 'finance', 'relevance_score': '0.725930'}, {'topic': 'economy_macro', 'relevance_score': '0.602168'}]",0.168317,Somewhat-Bullish,"[{'ticker': 'AFRM', 'relevance_score': '1.000000', 'ticker_sentiment_score': '0.237499', 'ticker_sentiment_label': 'Somewhat-Bullish'}, {'ticker': 'AMZN', 'relevance_score': '0.633154', 'ticker_sentiment_score': '0.102158', 'ticker_sentiment_label': 'Neutral'}]"
What’s New in Artificial Intelligence from the 2022 Gartner Hype Cycle™,https://www.gartner.com/en/articles/what-s-new-in-artificial-intelligence-from-the-2022-gartner-hype-cycle,20220915T171604,['Jackie Wiles'],"The 2022 Gartner Hype Cycle for Artificial Intelligence highlights key AI innovations expected to drive significant business benefits and will see mainstream adoption within two to five years. These innovations are categorized into data-centric, model-centric, applications-centric, and human-centric AI, with a focus on impact on both business leaders and engineering teams. The article emphasizes technologies like composite AI, decision intelligence, edge AI, and responsible AI as crucial for competitive advantage and solving complex business problems.",,Gartner,General,Gartner,"[{'topic': 'technology', 'relevance_score': '0.921079'}]",0.321354,Somewhat-Bullish,"[{'ticker': 'IT', 'relevance_score': '1.000000', 'ticker_sentiment_score': '0.431555', 'ticker_sentiment_label': 'Bullish'}, {'ticker': 'MSFT', 'relevance_score': '0.630828', 'ticker_sentiment_score': '0.300140', 'ticker_sentiment_label': 'Somewhat-Bullish'}, {'ticker': 'CRM', 'relevance_score': '0.645476', 'ticker_sentiment_score': '0.340600', 'ticker_sentiment_label': 'Somewhat-Bullish'}, {'ticker': 'GOOGL', 'relevance_score': '0.610571', 'ticker_sentiment_score': '0.333682', 'ticker_sentiment_label': 'Somewhat-Bullish'}, {'ticker': 'AMZN', 'relevance_score': '0.573741', 'ticker_sentiment_score': '0.327369', 'ticker_sentiment_label': 'Somewhat-Bullish'}]"
FedEx warns of worsening economy and pulls forecast; shares drop 16%,https://www.reuters.com/business/fedex-flags-hit-economic-slowdown-shares-tumble-15-2022-09-15/,20220915T211200,['Nathan Gomes and Lisa Baertlein'],"FedEx Corp withdrew its financial forecast due to an accelerated global demand slowdown, causing its shares to drop over 16%. The company reported first-quarter revenue and profit below Wall Street targets, primarily due to global economic activity causing shortfalls in FedEx Express and FedEx Ground revenues. FedEx announced cost-cutting measures and faces pressure to close a profitability gap with UPS amidst worsening macroeconomic trends.",https://www.reuters.com/resizer/v2/44F2M4O5XFLVNN5J5252P63B2Q.JPG?auth=12c6a084ef70d20d7eff9f984a9616053f317d7c668da97e0add99277d33b5c9&width=960&quality=80,Reuters,General,Reuters,"[{'topic': 'earnings', 'relevance_score': '0.920863'}, {'topic': 'economy_macro', 'relevance_score': '0.909956'}, {'topic': 'financial_markets', 'relevance_score': '0.809934'}, {'topic': 'retail_wholesale', 'relevance_score': '0.703131'}, {'topic': 'energy_transportation', 'relevance_score': '0.621161'}]",-0.300007,Somewhat-Bearish,"[{'ticker': 'FDX', 'relevance_score': '1.000000', 'ticker_sentiment_score': '-0.492627', 'ticker_sentiment_label': 'Bearish'}, {'ticker': 'UPS', 'relevance_score': '0.748556', 'ticker_sentiment_score': '-0.251779', 'ticker_sentiment_label': 'Somewhat-Bearish'}, {'ticker': 'AMZN', 'relevance_score': '0.696822', 'ticker_sentiment_score': '-0.216152', 'ticker_sentiment_label': 'Somewhat-Bearish'}]"
"Strive 500 ETF (STRV) Price, Holdings, & News",https://www.marketbeat.com/stocks/NYSEARCA/STRV/,20220915T230845,[],"This article provides a detailed overview of the Strive 500 ETF (STRV), including its current price, holdings, and news. It outlines the ETF's investment strategy, expense ratio, top holdings like NVIDIA and Apple, and recent news headlines related to its performance and capital attraction. The piece serves as a comprehensive resource for potential investors interested in the STRV ETF.",https://www.marketbeat.com/logos/thumbnail/strive-500-etf-logo.png?v=20250209132319,MarketBeat,General,MarketBeat,"[{'topic': 'financial_markets', 'relevance_score': '1.000000'}]",0.085217,Neutral,"[{'ticker': 'STRV', 'relevance_score': '1.000000', 'ticker_sentiment_score': '0.087724', 'ticker_sentiment_label': 'Neutral'}, {'ticker': 'NVDA', 'relevance_score': '0.870234', 'ticker_sentiment_score': '0.060650', 'ticker_sentiment_label': 'Neutral'}, {'ticker': 'AAPL', 'relevance_score': '0.810988', 'ticker_sentiment_score': '0.092128', 'ticker_sentiment_label': 'Neutral'}, {'ticker': 'MSFT', 'relevance_score': '0.785404', 'ticker_sentiment_score': '0.094643', 'ticker_sentiment_label': 'Neutral'}, {'ticker': 'AMZN', 'relevance_score': '0.718896', 'ticker_sentiment_score': '0.076647', 'ticker_sentiment_label': 'Neutral'}]"
Capital One released from consent order related to 2019 data breach,https://www.americanbanker.com/news/capital-one-released-from-consent-order-related-to-2019-data-breach,20220916T080048,['Carter Pape'],"Capital One has been released from a consent order imposed in 2020 by the Office of the Comptroller of the Currency (OCC) after a data breach in 2019 exposed personal information of 100 million credit card applicants. The OCC determined that Capital One had achieved a level of ""safety and soundness"" that no longer required the additional oversight. The original consent order required Capital One to pay an $80 million fine and form a compliance committee to address risk management, board accountability, and auditing issues.",https://arizent.brightspotcdn.com/dims4/default/327a693/2147483647/strip/true/crop/4000x2666+0+0/resize/740x493!/quality/90/?url=https%3A%2F%2Fsource-media-brightspot.s3.us-east-1.amazonaws.com%2Fb3%2Fdb%2F1a0d3d8f48369623afe847981ea8%2F383272219.jpg,American Banker,General,American Banker,"[{'topic': 'finance', 'relevance_score': '0.912486'}, {'topic': 'technology', 'relevance_score': '0.704610'}]",0.16192,Somewhat-Bullish,"[{'ticker': 'COF-P-I', 'relevance_score': '0.338811', 'ticker_sentiment_score': '0.030739', 'ticker_sentiment_label': 'Neutral'}, {'ticker': 'COF', 'relevance_score': '1.000000', 'ticker_sentiment_score': '0.318662', 'ticker_sentiment_label': 'Somewhat-Bullish'}, {'ticker': 'AMZN', 'relevance_score': '0.602587', 'ticker_sentiment_score': '0.134921', 'ticker_sentiment_label': 'Neutral'}]"
Automotive suppliers compete for labor as new Detroit plants near production,https://www.crainsdetroit.com/manufacturing/lm-manufacturing-competing-employees-tight-labor-market,20220916T082031,['Kurt Nagl'],"Automotive suppliers Lear Corp. and the Magna International Inc. joint venture LM Manufacturing are actively competing for employees in Detroit's tight labor market as their new plants near production. Lear's new seating plant for GM is expected to create 450 jobs and begin production soon, while LM Manufacturing's plant for Ford is projected to generate 390 jobs. Both companies are offering competitive wages, flexible scheduling, and attractive benefits to attract and retain workers amidst fierce competition from various industries.",,Crain's Detroit Business,General,Crain's Detroit Business,"[{'topic': 'manufacturing', 'relevance_score': '0.913204'}, {'topic': 'energy_transportation', 'relevance_score': '0.831473'}, {'topic': 'economy_macro', 'relevance_score': '0.636063'}]",0.019099,Neutral,"[{'ticker': 'LEA', 'relevance_score': '0.968279', 'ticker_sentiment_score': '-0.143007', 'ticker_sentiment_label': 'Neutral'}, {'ticker': 'GM', 'relevance_score': '0.711192', 'ticker_sentiment_score': '0.140841', 'ticker_sentiment_label': 'Neutral'}, {'ticker': 'F', 'relevance_score': '0.676809', 'ticker_sentiment_score': '0.132478', 'ticker_sentiment_label': 'Neutral'}, {'ticker': 'AMZN', 'relevance_score': '0.555633', 'ticker_sentiment_score': '-0.119568', 'ticker_sentiment_label': 'Neutral'}]"
"FedEx warning drives worst decline in stock, deepens slowdown fears",https://www.reuters.com/business/retail-consumer/fedex-plummets-forecast-withdrawal-fans-slowdown-fears-2022-09-16/,20220916T084800,['Medha Singh and Bansari Mayur Kamdar'],"FedEx Corp's shares experienced their worst day ever, closing at their lowest price since the early pandemic months, after the company pulled its forecast due to fears of a global demand slowdown. This outlook fueled investor anxiety regarding a potential recession as the U.S. Federal Reserve raises interest rates to combat inflation. The stock drop resulted in a $12.5 billion market capitalization loss and put increased pressure on CEO Raj Subramaniam for a quick turnaround amidst existing company-specific challenges.",https://www.reuters.com/resizer/v2/L_p5pZt0n-GZ-T3S_XJdK6n3Hds=/728x381/smart/filters:quality(80)/cloudfront-us-east-2.images.arcpublishing.com/reuters/5W52243Z4FLGZJ25G54ZAXW2YM.jpg,Reuters,General,Reuters,"[{'topic': 'earnings', 'relevance_score': '0.947120'}, {'topic': 'economy_monetary', 'relevance_score': '0.801128'}, {'topic': 'economy_macro', 'relevance_score': '0.919691'}, {'topic': 'energy_transportation', 'relevance_score': '0.939402'}, {'topic': 'retail_wholesale', 'relevance_score': '0.708804'}]",-0.36066,Bearish,"[{'ticker': 'FDX', 'relevance_score': '1.000000', 'ticker_sentiment_score': '-0.461016', 'ticker_sentiment_label': 'Bearish'}, {'ticker': 'UPS', 'relevance_score': '0.710271', 'ticker_sentiment_score': '-0.313587', 'ticker_sentiment_label': 'Somewhat-Bearish'}, {'ticker': 'AMZN', 'relevance_score': '0.611006', 'ticker_sentiment_score': '-0.235703', 'ticker_sentiment_label': 'Somewhat-Bearish'}]"
OCC frees Capital One from consent order tied to 2019 breach,https://www.bankingdive.com/news/capital-one-occ-consent-order-2019-data-breach-106-million-customers-paige-thompson-aws/632143/,20220919T162640,['Gabrielle Saulsbery'],"The Office of the Comptroller of the Currency (OCC) has terminated a 2020 consent order against Capital One, stemming from a 2019 data breach that affected 106 million accounts. The OCC determined that Capital One had achieved a sufficient level of ""safety and soundness"" and compliance, no longer requiring additional oversight. This move follows Capital One's payment of an $80 million penalty and its commitment to improving risk management and compliance practices after the breach.",,Banking Dive,General,Banking Dive,"[{'topic': 'finance', 'relevance_score': '0.931785'}, {'topic': 'technology', 'relevance_score': '0.707872'}]",0.177411,Somewhat-Bullish,"[{'ticker': 'COF', 'relevance_score': '1.000000', 'ticker_sentiment_score': '0.245176', 'ticker_sentiment_label': 'Somewhat-Bullish'}, {'ticker': 'AMZN', 'relevance_score': '0.641876', 'ticker_sentiment_score': '0.106018', 'ticker_sentiment_label': 'Neutral'}]"
Lands’ End Announces CEO Succession Plan,https://sgbonline.com/lands-end-announces-ceo-succession-plan/,20220919T172700,[],"Lands’ End, Inc. announced that Andrew McLean, president, International, at American Eagle Outfitters, will join Lands’ End as CEO-designate and as a member of its Board on November 1, 2022. McLean will assume the role of CEO following the planned retirement of Jerome Griffith after Lands’ End’s 2022 fiscal year, ending January 27, 2023. Griffith will continue to serve as a director and executive vice chair after his retirement as CEO.",,SGB Media,General,SGB Media,"[{'topic': 'retail_wholesale', 'relevance_score': '1.000000'}]",0.203721,Somewhat-Bullish,"[{'ticker': 'LE', 'relevance_score': '1.000000', 'ticker_sentiment_score': '0.465663', 'ticker_sentiment_label': 'Bullish'}, {'ticker': 'AMZN', 'relevance_score': '0.563495', 'ticker_sentiment_score': '0.061759', 'ticker_sentiment_label': 'Neutral'}, {'ticker': 'TGT', 'relevance_score': '0.592674', 'ticker_sentiment_score': '0.067541', 'ticker_sentiment_label': 'Neutral'}]"
Colgate Marches On With AI-Infused Product Innovation,https://consumergoods.com/colgate-marches-ai-infused-product-innovation,20220919T180642,['CGT Staff'],"Colgate-Palmolive is using AI and AR for a new tooth-whitening experience, partnering with Perfect Corp. for an AR tool that lets consumers visualize teeth whitening results on their smartphones. This innovation, focusing on the Colgate Optic White Overnight Teeth Whitening Pen, aims to enhance the consumer journey and support both online and in-store sales by making products more accessible and engaging. The company anticipates this is the first of many such partnerships as it seeks to be a leader in teeth whitening.",,Consumer Goods Technology,General,Consumer Goods Technology,"[{'topic': 'technology', 'relevance_score': '1.000000'}, {'topic': 'retail_wholesale', 'relevance_score': '0.830941'}, {'topic': 'life_sciences', 'relevance_score': '0.709991'}]",0.141237,Neutral,"[{'ticker': 'PERF', 'relevance_score': '0.317717', 'ticker_sentiment_score': '0.049051', 'ticker_sentiment_label': 'Neutral'}, {'ticker': 'CL', 'relevance_score': '1.000000', 'ticker_sentiment_score': '0.336069', 'ticker_sentiment_label': 'Somewhat-Bullish'}, {'ticker': 'AMZN', 'relevance_score': '0.649075', 'ticker_sentiment_score': '0.139162', 'ticker_sentiment_label': 'Neutral'}]"
"Salesforce unveils Genie, a real-time data platform to power its apps",https://siliconangle.com/2022/09/20/salesforce-unveils-genie-real-time-data-platform-power-apps/,20220920T080000,['Kyt Dotson'],"Salesforce Inc. has unveiled Salesforce Genie, a new real-time data platform designed to power its entire suite of customer relationship management products. Genie aims to unify and personalize customer data in real-time, enabling highly personalized experiences across marketing, sales, and commerce, and addressing data fragmentation issues caused by numerous separate applications.",https://siliconangle.com/2022/09/20/salesforce-unveils-genie-real-time-data-platform-power-apps/,SiliconANGLE,General,SiliconANGLE,"[{'topic': 'technology', 'relevance_score': '0.901458'}]",0.333741,Somewhat-Bullish,"[{'ticker': 'CRM', 'relevance_score': '1.000000', 'ticker_sentiment_score': '0.413827', 'ticker_sentiment_label': 'Bullish'}, {'ticker': 'AMZN', 'relevance_score': '0.613408', 'ticker_sentiment_score': '0.304057', 'ticker_sentiment_label': 'Somewhat-Bullish'}, {'ticker': 'META', 'relevance_score': '0.618085', 'ticker_sentiment_score': '0.277191', 'ticker_sentiment_label': 'Somewhat-Bullish'}, {'ticker': 'MSFT', 'relevance_score': '0.595781', 'ticker_sentiment_score': '0.232915', 'ticker_sentiment_label': 'Somewhat-Bullish'}]"
China sees rapid development of logistics equipment manufacturing,https://en.people.cn/n3/2022/0920/c90000-10149380.html,20220920T112500,['Li Xinping'],"China's logistics equipment manufacturing industry has experienced rapid growth, driven by the surging volume of express parcels and the need for greater efficiency. The development of advanced sorting systems and intelligent vision technology, as well as the widespread adoption of RFID tags, has significantly improved handling capacity and accuracy in logistics. Companies like Wayz Intelligent, Libiao Robotics, and Cainiao Smart Logistics Network Limited are at the forefront of this innovation, drastically transforming operations and reducing costs.",https://en.people.cn/NMediaFile/2022/0920/FOREIGN202209201129000093166045453.jpg,People's Daily Online,General,People's Daily Online,"[{'topic': 'manufacturing', 'relevance_score': '0.903085'}, {'topic': 'technology', 'relevance_score': '0.821989'}, {'topic': 'retail_wholesale', 'relevance_score': '0.730202'}, {'topic': 'energy_transportation', 'relevance_score': '0.621518'}, {'topic': 'economy_macro', 'relevance_score': '0.624007'}]",0.217442,Somewhat-Bullish,"[{'ticker': 'SLGB', 'relevance_score': '0.314993', 'ticker_sentiment_score': '0.029933', 'ticker_sentiment_label': 'Neutral'}, {'ticker': 'FDX', 'relevance_score': '0.706258', 'ticker_sentiment_score': '0.315054', 'ticker_sentiment_label': 'Somewhat-Bullish'}, {'ticker': 'UPS', 'relevance_score': '0.713470', 'ticker_sentiment_score': '0.321236', 'ticker_sentiment_label': 'Somewhat-Bullish'}, {'ticker': 'AMZN', 'relevance_score': '0.653537', 'ticker_sentiment_score': '0.261833', 'ticker_sentiment_label': 'Somewhat-Bullish'}, {'ticker': 'IBM', 'relevance_score': '0.577650', 'ticker_sentiment_score': '0.223097', 'ticker_sentiment_label': 'Somewhat-Bullish'}]"
Federal Regulators Request More Information on Amazon-IRobot Deal,https://www.nbcboston.com/boston-business-journal/federal-regulators-request-more-information-on-amazon-irobot-deal/2839349/,20220920T132200,['Lucia Maffei'],"The Federal Trade Commission has requested additional information regarding Amazon's $1.7 billion acquisition of iRobot, maker of Roomba. This request extends the antitrust waiting period and effectively turns a formality into a full investigation. Both Bedford, Massachusetts-based iRobot Corp. and Amazon.com Inc. received the request.",,NBC Boston,General,NBC Boston,"[{'topic': 'mergers_and_acquisitions', 'relevance_score': '1.000000'}, {'topic': 'technology', 'relevance_score': '0.810258'}, {'topic': 'retail_wholesale', 'relevance_score': '0.720526'}]",-0.231499,Somewhat-Bearish,"[{'ticker': 'IRBT', 'relevance_score': '1.000000', 'ticker_sentiment_score': '-0.246461', 'ticker_sentiment_label': 'Somewhat-Bearish'}, {'ticker': 'AMZN', 'relevance_score': '0.818400', 'ticker_sentiment_score': '-0.244751', 'ticker_sentiment_label': 'Somewhat-Bearish'}]"
FTC seeks more data on Amazon's $1.7-billion deal for vacuum maker iRobot,https://www.reuters.com/markets/deals/ftc-seeks-more-data-amazons-17-bln-deal-vacuum-maker-irobot-2022-09-20/,20220920T155300,['Reuters'],"The U.S. Federal Trade Commission (FTC) has requested more information from Amazon.com Inc and iRobot Corp regarding Amazon's proposed $1.7-billion acquisition of the Roomba vacuum maker. The FTC's request for details, which came on September 19, follows concerns raised by privacy and worker organizations about the deal's impact on privacy and Amazon's market influence in smart home devices and retail. The probe will examine both head-to-head competition and potential illegal boosts to Amazon's market share.",https://www.reuters.com/resizer/v2/QNCRHANMRZJD5CPFY7A6DVYWNY.jpg?auth=246031d5dd7efe39cb24a157034e3a17894550258b196a518371c739b29a9092&width=1920&quality=80,Reuters,General,Reuters,"[{'topic': 'mergers_and_acquisitions', 'relevance_score': '0.941659'}, {'topic': 'retail_wholesale', 'relevance_score': '0.825609'}, {'topic': 'technology', 'relevance_score': '0.708660'}]",-0.204913,Somewhat-Bearish,"[{'ticker': 'AMZN', 'relevance_score': '1.000000', 'ticker_sentiment_score': '-0.245284', 'ticker_sentiment_label': 'Somewhat-Bearish'}]"
"Spotify takes on Amazon's Audible, launches audiobook service for U.S. users",https://www.reuters.com/technology/spotify-takes-amazons-audible-launches-audiobook-service-us-users-2022-09-20/,20220920T165100,['Reuters'],"Spotify has launched an audiobook service in the United States, positioning itself as a competitor to Amazon's Audible. The service offers over 300,000 audiobook titles, which users can browse on the Spotify app and purchase via its website. This move is part of Spotify's broader strategy to expand its revenue sources beyond music streaming, following significant investments in podcasts.",https://www.reuters.com/resizer/v2/GEY4NZUHDRM4FLYZICK335XHQM.jpg?auth=e2370bdc9bd42936c7256ad1bba2e1bc6d4fb66c097e3e8a355369b1b03d0ad3&width=1080&quality=80,Reuters,General,Reuters,"[{'topic': 'retail_wholesale', 'relevance_score': '0.602954'}, {'topic': 'technology', 'relevance_score': '0.920858'}]",0.279232,Somewhat-Bullish,"[{'ticker': 'SPOT', 'relevance_score': '0.986147', 'ticker_sentiment_score': '0.329251', 'ticker_sentiment_label': 'Somewhat-Bullish'}, {'ticker': 'AMZN', 'relevance_score': '0.780487', 'ticker_sentiment_score': '0.255798', 'ticker_sentiment_label': 'Somewhat-Bullish'}]"
"Never Mind Growth vs. Value Stocks, Look to Beta",https://www.morningstar.com/markets/never-mind-growth-vs-value-stocks-look-beta,20220920T165548,['Lauren Solberg'],"This article argues that investors should focus on stock volatility, represented by beta, rather than the traditional growth vs. value distinction, especially given the current economic uncertainty. It highlights that high-beta stocks, despite their risk, are currently undervalued, particularly in cyclical sectors, presenting potential opportunities. The author also suggests that low-beta stocks can offer a haven for risk-averse investors in uncertain times.",,Morningstar,General,Morningstar,"[{'topic': 'financial_markets', 'relevance_score': '0.942770'}, {'topic': 'economy_monetary', 'relevance_score': '0.812191'}, {'topic': 'economy_macro', 'relevance_score': '0.716615'}, {'topic': 'finance', 'relevance_score': '0.601824'}]",-0.054268,Neutral,"[{'ticker': 'GOOGL', 'relevance_score': '0.700744', 'ticker_sentiment_score': '-0.068794', 'ticker_sentiment_label': 'Neutral'}, {'ticker': 'AMZN', 'relevance_score': '0.685296', 'ticker_sentiment_score': '-0.061545', 'ticker_sentiment_label': 'Neutral'}, {'ticker': 'JNJ', 'relevance_score': '0.665496', 'ticker_sentiment_score': '0.053318', 'ticker_sentiment_label': 'Neutral'}, {'ticker': 'META', 'relevance_score': '0.681875', 'ticker_sentiment_score': '-0.092104', 'ticker_sentiment_label': 'Neutral'}]"
"QVC Plus, HSN Plus Streaming Service Launches on Samsung TVs",https://www.nexttv.com/news/qvc-plus-hsn-plus-streaming-service-launches-on-samsung-tvs,20220920T181650,['Jon Lafayette'],"Qurate Retail Group has launched its QVC Plus and HSN Plus combined streaming service on Samsung Smart TVs. This new app allows viewers to complete purchases directly within the application and offers multiple live channels (QVC, QVC2, QVC3, HSN, HSN2) along with video-on-demand content. The initiative is part of Qurate Retail's v-Commerce Ventures to expand its live-stream shopping experiences across new digital platforms.",,Nexttv,General,Nexttv,"[{'topic': 'retail_wholesale', 'relevance_score': '0.884362'}, {'topic': 'technology', 'relevance_score': '0.756120'}]",0.253828,Somewhat-Bullish,"[{'ticker': 'QVCGP', 'relevance_score': '1.000000', 'ticker_sentiment_score': '0.442642', 'ticker_sentiment_label': 'Bullish'}, {'ticker': 'AMZN', 'relevance_score': '0.614078', 'ticker_sentiment_score': '0.114984', 'ticker_sentiment_label': 'Neutral'}]"
14 best shopping apps of 2025,https://sproutsocial.com/insights/shopping-apps/,20220920T184609,['Mahnoor Sheikh'],"This article lists the 14 best shopping apps for 2025, categorizing them into marketplace, clothing, social media, cashback, grocery, mystery, and car shopping apps. It highlights the growing trend of mobile commerce and provides detailed descriptions of each app's features and benefits. The article also suggests that marketers consider partnering with these apps to gain awareness and loyalty from shoppers.",,Sprout Social,General,Sprout Social,"[{'topic': 'retail_wholesale', 'relevance_score': '0.913154'}, {'topic': 'technology', 'relevance_score': '0.805256'}]",0.242346,Somewhat-Bullish,"[{'ticker': 'SPT', 'relevance_score': '0.326371', 'ticker_sentiment_score': '0.021766', 'ticker_sentiment_label': 'Neutral'}, {'ticker': 'AMZN', 'relevance_score': '0.824940', 'ticker_sentiment_score': '0.328529', 'ticker_sentiment_label': 'Somewhat-Bullish'}, {'ticker': 'META', 'relevance_score': '0.704924', 'ticker_sentiment_score': '0.330438', 'ticker_sentiment_label': 'Somewhat-Bullish'}, {'ticker': 'GOOGL', 'relevance_score': '0.643659', 'ticker_sentiment_score': '0.252388', 'ticker_sentiment_label': 'Somewhat-Bullish'}, {'ticker': 'WMT', 'relevance_score': '0.593488', 'ticker_sentiment_score': '0.231691', 'ticker_sentiment_label': 'Somewhat-Bullish'}]"
Walmart investing $240M to update Missouri stores,https://www.ksdk.com/article/news/local/business-journal/walmart-investing-240m-update-missouri-stores/63-c5ca49d6-202b-4886-b994-7bc64441f564,20220921T072600,['Connor Hart'],"Walmart Inc. is investing $240 million to update 41 stores across Missouri, including several in the St. Louis region. These updates will expand shopping options like pickup and delivery, enhance the Walmart+ membership program, and improve in-store features such as self-checkout lanes and remodeled bathrooms. This investment aims to challenge competitors like Amazon and improve the shopping experience for Missouri customers.",,KSDK,General,KSDK,"[{'topic': 'retail_wholesale', 'relevance_score': '0.940799'}]",0.319872,Somewhat-Bullish,"[{'ticker': 'WMT', 'relevance_score': '1.000000', 'ticker_sentiment_score': '0.450390', 'ticker_sentiment_label': 'Bullish'}, {'ticker': 'AMZN', 'relevance_score': '0.648664', 'ticker_sentiment_score': '0.146366', 'ticker_sentiment_label': 'Neutral'}]"
Logitech G Elevates Game Streaming By Unveiling Cloud First Handheld Gaming Device,https://ir.logitech.com/press-releases/press-release-details/2022/Logitech-G-Elevates-Game-Streaming-By-Unveiling-Cloud-First-Handheld-Gaming-Device/default.aspx,20220921T082125,[],"Logitech G has launched the G CLOUD Gaming Handheld, a dedicated cloud gaming device developed in partnership with Tencent Games. This device is optimized for cloud streaming from Xbox Game Pass Ultimate and NVIDIA GeForce NOW, offering precision controls, a 1080p HD screen, and over 12 hours of battery life. It will be available in North America in October 2022 for a suggested retail price of $349.99, with a limited-time pre-order price of $299.99.",https://mms.businesswire.com/media/20220921005331/en/1578393/4/High_Resolution_JPG-CLOUD_Gaming_Handheld_Social_6b_16x9_%282%29.jpg,Logitech International,General,Logitech International,"[{'topic': 'technology', 'relevance_score': '0.907797'}]",0.343972,Somewhat-Bullish,"[{'ticker': 'LOGI', 'relevance_score': '1.000000', 'ticker_sentiment_score': '0.490598', 'ticker_sentiment_label': 'Bullish'}, {'ticker': 'BBY', 'relevance_score': '0.624145', 'ticker_sentiment_score': '0.338847', 'ticker_sentiment_label': 'Somewhat-Bullish'}, {'ticker': 'AMZN', 'relevance_score': '0.646466', 'ticker_sentiment_score': '0.348281', 'ticker_sentiment_label': 'Somewhat-Bullish'}, {'ticker': 'MSFT', 'relevance_score': '0.725354', 'ticker_sentiment_score': '0.270240', 'ticker_sentiment_label': 'Somewhat-Bullish'}, {'ticker': 'NVDA', 'relevance_score': '0.641962', 'ticker_sentiment_score': '0.252947', 'ticker_sentiment_label': 'Somewhat-Bullish'}]"
Why is e-commerce giant Shopee on a layoff spree?,https://techwireasia.com/2022/09/why-is-e-commerce-giant-shopee-on-a-layoff-spree/,20220921T083603,['Dashveenjit Kaur'],"E-commerce giant Shopee is undertaking significant layoffs across its operations in Singapore, China, and Indonesia, and closing operations in several Latin American countries. This move is attributed to global economic conditions and the company's objective to achieve ""self-sufficiency"" by optimizing operating efficiency and drastically cutting costs. Despite strong revenue growth in 2021 and early 2022, Shopee's parent company, Sea Ltd., has seen a massive loss in market value, prompting these stringent measures.",https://techwireasia.com/wp-content/uploads/2022/09/shutterstock_2057505146-scaled.jpg,Tech Wire Asia,General,Tech Wire Asia,"[{'topic': 'retail_wholesale', 'relevance_score': '0.922475'}, {'topic': 'economy_macro', 'relevance_score': '0.839244'}, {'topic': 'earnings', 'relevance_score': '0.708662'}, {'topic': 'technology', 'relevance_score': '0.618332'}, {'topic': 'finance', 'relevance_score': '0.616162'}]",-0.164105,Somewhat-Bearish,"[{'ticker': 'SE', 'relevance_score': '1.000000', 'ticker_sentiment_score': '-0.434158', 'ticker_sentiment_label': 'Bearish'}, {'ticker': 'AMZN', 'relevance_score': '0.633999', 'ticker_sentiment_score': '0.134038', 'ticker_sentiment_label': 'Neutral'}]"
"PR News | WPP Scoops Up JeffreyGroup - Wed., Sep. 21, 2022",https://www.odwyerpr.com/story/public/18520/2022-09-21/wpp-scoops-up-jeffreygroup.html,20220921T084600,['Kevin McCauley'],"WPP has acquired Miami-based JeffreyGroup, an agency with over 330 staffers and a significant presence in Latin America. JeffreyGroup, founded in 1993, will retain its brand within Hill+Knowlton Strategies, with its current CEO, Brian Burlingame, leading H+K's Latin American operations. This acquisition aims to strengthen WPP's regional presence and leverage JeffreyGroup's established experience in delivering tailored communications.",https://www.odwyerpr.com/images/odwyers-website-logo-revised.webp,O'Dwyer's PR,General,O'Dwyer's PR,"[{'topic': 'mergers_and_acquisitions', 'relevance_score': '1.000000'}, {'topic': 'finance', 'relevance_score': '0.847808'}]",0.351115,Bullish,"[{'ticker': 'WPP', 'relevance_score': '1.000000', 'ticker_sentiment_score': '0.443337', 'ticker_sentiment_label': 'Bullish'}, {'ticker': 'CRM', 'relevance_score': '0.636888', 'ticker_sentiment_score': '0.334394', 'ticker_sentiment_label': 'Somewhat-Bullish'}, {'ticker': 'JNJ', 'relevance_score': '0.612011', 'ticker_sentiment_score': '0.307890', 'ticker_sentiment_label': 'Somewhat-Bullish'}, {'ticker': 'MAR', 'relevance_score': '0.638667', 'ticker_sentiment_score': '0.317238', 'ticker_sentiment_label': 'Somewhat-Bullish'}, {'ticker': 'AMZN', 'relevance_score': '0.617837', 'ticker_sentiment_score': '0.339529', 'ticker_sentiment_label': 'Somewhat-Bullish'}]"
Herbalife Nutrition Survey Reveals Top Ten Modern Day Entrepreneurs and What Traits are Needed to Join the List,https://www.businesswire.com/news/home/20220921005358/en/Herbalife-Nutrition-Survey-Reveals-Top-Ten-Modern-Day-Entrepreneurs-and-What-Traits-are-Needed-to-Join-the-List,20220921T165650,[],"A Herbalife Nutrition survey identified Bill Gates, Jeff Bezos, and Steve Jobs as the top three most influential modern entrepreneurs, followed by Elon Musk and Mark Zuckerberg. The study, involving 2,750 respondents across the U.S., Mexico, and Israel, also explored traits essential for entrepreneurial success, highlighting creativity and intelligence as most important. Herbalife Nutrition emphasized the ongoing strength of the entrepreneurial spirit and the company's commitment to fostering it.",,Business Wire,General,Business Wire,"[{'topic': 'retail_wholesale', 'relevance_score': '0.603840'}]",0.152915,Somewhat-Bullish,"[{'ticker': 'HLF', 'relevance_score': '1.000000', 'ticker_sentiment_score': '0.343237', 'ticker_sentiment_label': 'Somewhat-Bullish'}, {'ticker': 'MSFT', 'relevance_score': '0.604979', 'ticker_sentiment_score': '0.133750', 'ticker_sentiment_label': 'Neutral'}, {'ticker': 'AMZN', 'relevance_score': '0.617144', 'ticker_sentiment_score': '0.137207', 'ticker_sentiment_label': 'Neutral'}, {'ticker': 'AAPL', 'relevance_score': '0.646192', 'ticker_sentiment_score': '0.124824', 'ticker_sentiment_label': 'Neutral'}, {'ticker': 'GOOGL', 'relevance_score': '0.602193', 'ticker_sentiment_score': '0.127288', 'ticker_sentiment_label': 'Neutral'}]"
R2 is now Generally Available,https://blog.cloudflare.com/r2-ga/,20220921T174657,['Aly Cabral'],"Cloudflare announced the general availability of R2, its object storage service. R2 differentiates itself by eliminating egress fees, addressing a major cost concern for developers using traditional cloud providers. The service offers S3 compatibility, automatic regional optimization, integration with Cloudflare Workers, and transparent pricing based on storage volume and operation types, with a free tier for initial usage.",,The Cloudflare Blog,General,The Cloudflare Blog,"[{'topic': 'technology', 'relevance_score': '0.900471'}]",0.277856,Somewhat-Bullish,"[{'ticker': 'NET', 'relevance_score': '1.000000', 'ticker_sentiment_score': '0.482259', 'ticker_sentiment_label': 'Bullish'}, {'ticker': 'AMZN', 'relevance_score': '0.734935', 'ticker_sentiment_score': '0.222797', 'ticker_sentiment_label': 'Somewhat-Bullish'}, {'ticker': 'MSFT', 'relevance_score': '0.600185', 'ticker_sentiment_score': '0.102154', 'ticker_sentiment_label': 'Neutral'}]"
American Eagle logistics arm Quiet Platforms partners with FourKites,https://www.freightwaves.com/news/american-eagle-logistics-arm-quiet-platforms-partners-with-fourkites,20220922T075124,['Jack Daleo'],"American Eagle Outfitters' logistics arm, Quiet Platforms, has partnered with supply chain visibility leader FourKites to offer real-time inventory tracking for its customers. This collaboration aims to enhance supply chain efficiency, reduce lead times, and improve the delivery experience for end consumers by providing complete visibility throughout the network. The partnership supports Quiet Platforms' goal of becoming an ""anti-Amazon"" logistics powerhouse.","https://freightwaves.b-cdn.net/wp-content/uploads/2022/09/shutterstock_333926915.jpg?resize=970,546&width=970&height=546",FreightWaves,General,FreightWaves,"[{'topic': 'retail_wholesale', 'relevance_score': '0.920766'}, {'topic': 'technology', 'relevance_score': '0.839010'}, {'topic': 'energy_transportation', 'relevance_score': '0.740825'}]",0.189444,Somewhat-Bullish,"[{'ticker': 'AEO', 'relevance_score': '1.000000', 'ticker_sentiment_score': '0.493125', 'ticker_sentiment_label': 'Bullish'}, {'ticker': 'AMZN', 'relevance_score': '0.704138', 'ticker_sentiment_score': '-0.238039', 'ticker_sentiment_label': 'Somewhat-Bearish'}, {'ticker': 'FDX', 'relevance_score': '0.572127', 'ticker_sentiment_score': '0.272790', 'ticker_sentiment_label': 'Somewhat-Bullish'}, {'ticker': 'UPS', 'relevance_score': '0.577222', 'ticker_sentiment_score': '0.290299', 'ticker_sentiment_label': 'Somewhat-Bullish'}]"
"FTC says Bezos, Jassy must testify in probe of Amazon Prime",https://thenationaldesk.com/news/americas-news-now/ftc-says-founder-jeff-bezos-ceo-andy-jassy-must-testify-in-probe-of-amazon-prime-federal-trade-commission-civil-subpoenas-sign-up-cancellation-processes-of-amazon-prime,20220922T140900,['MARCY GORDON'],"The Federal Trade Commission (FTC) has ordered Amazon founder Jeff Bezos and CEO Andy Jassy to testify in an investigation into Amazon Prime's sign-up and cancellation practices. The FTC denied Amazon's request to cancel the subpoenas, setting a January 20 deadline for testimony from Bezos, Jassy, and 15 other executives. Amazon expressed disappointment but noted the FTC modified some subpoena provisions and stated it has cooperated with the investigation, providing tens of thousands of documents.",https://thenationaldesk.com/resources/media2/16x9/full/1015/center/80/94609cbf-3da7-4d1f-8089-3cce2813b7c0-large16x9_AP22265619818656.jpg,The National Desk,General,The National Desk,"[{'topic': 'technology', 'relevance_score': '1.000000'}, {'topic': 'retail_wholesale', 'relevance_score': '0.808617'}, {'topic': 'finance', 'relevance_score': '0.609422'}]",-0.196933,Somewhat-Bearish,"[{'ticker': 'AMZN', 'relevance_score': '1.000000', 'ticker_sentiment_score': '-0.264399', 'ticker_sentiment_label': 'Somewhat-Bearish'}, {'ticker': 'GOOGL', 'relevance_score': '0.602421', 'ticker_sentiment_score': '-0.107037', 'ticker_sentiment_label': 'Neutral'}, {'ticker': 'GOOG', 'relevance_score': '0.609054', 'ticker_sentiment_score': '-0.149038', 'ticker_sentiment_label': 'Neutral'}]"
Home Depot Workers Want To Form The Chain’s First Store Union,https://www.huffpost.com/entry/home-depot-workers-union-philadelphia_n_632e0ddde4b0695c1d822143,20220923T170100,['Dave Jamieson'],"Workers at a Home Depot store in Northeast Philadelphia have filed a petition to unionize, aiming to form the chain's first store union. This effort is being led by five-year veteran Vince Quiles, who collected over 100 signed union cards, inspired by recent successful unionization campaigns at other major retailers like Starbucks and Amazon. The movement highlights a broader trend of increased labor organizing activity in the U.S.",https://img.huffingtonpost.com/asset/632e0e892400005d00e62da7.jpeg?cache=ajw27ANLyC&ops=scalefit_720_noupscale,HuffPost,General,HuffPost,"[{'topic': 'retail_wholesale', 'relevance_score': '0.878108'}, {'topic': 'economy_macro', 'relevance_score': '0.648869'}]",-0.127477,Neutral,"[{'ticker': 'HD', 'relevance_score': '1.000000', 'ticker_sentiment_score': '-0.381867', 'ticker_sentiment_label': 'Bearish'}, {'ticker': 'SBUX', 'relevance_score': '0.737549', 'ticker_sentiment_score': '0.109254', 'ticker_sentiment_label': 'Neutral'}, {'ticker': 'AMZN', 'relevance_score': '0.633841', 'ticker_sentiment_score': '0.126174', 'ticker_sentiment_label': 'Neutral'}, {'ticker': 'LOW', 'relevance_score': '0.566167', 'ticker_sentiment_score': '-0.201509', 'ticker_sentiment_label': 'Somewhat-Bearish'}]"
Tractor Supply Co. stock outperforms market despite losses on the day,https://www.marketwatch.com/story/tractor-supply-co-stock-outperforms-market-despite-losses-on-the-day-01663968370-9e306f8be526?gaa_at=eafs&gaa_n=AWEtsqcDl837ReDw0Zlf_uAfXXn7J8TyRb71mbFi1-pDfwEYMb30l8e9GrEL&gaa_ts=699ac4da&gaa_sig=wKNElb8vi0ak1HQrKYZ2CP4KOeb3eWGryoa1jtHDfm9iYbwznO-IUNZl2Pe3VlAZqQn0ij1IGV3OVXBrbI4qGw%3D%3D,20220923T172600,['MarketWatch Automation'],"Tractor Supply Co. (TSCO) stock fell 1.50% to $185.59 on a day when the broader market, including the S&P 500 and Dow Jones Industrial Average, experienced sharper declines. Despite its own losses and being down for the fourth consecutive day, TSCO outperformed the overall market. The stock closed significantly below its 52-week high but showed mixed performance compared to competitors like Amazon, Home Depot, and Lowe's.",https://images.mktw.net/im-220105?width=700&height=466,MarketWatch,General,MarketWatch,"[{'topic': 'financial_markets', 'relevance_score': '0.940941'}, {'topic': 'retail_wholesale', 'relevance_score': '0.845526'}, {'topic': 'earnings', 'relevance_score': '0.616935'}]",-0.109343,Neutral,"[{'ticker': 'TSCO', 'relevance_score': '1.000000', 'ticker_sentiment_score': '-0.229639', 'ticker_sentiment_label': 'Somewhat-Bearish'}, {'ticker': 'AMZN', 'relevance_score': '0.641466', 'ticker_sentiment_score': '-0.304818', 'ticker_sentiment_label': 'Somewhat-Bearish'}, {'ticker': 'HD', 'relevance_score': '0.636819', 'ticker_sentiment_score': '0.208724', 'ticker_sentiment_label': 'Somewhat-Bullish'}]"
"What Kroger, Walmart, Target learned from China's Alibaba about grocery's future",https://www.cnbc.com/2022/09/25/what-kroger-walmart-target-learned-from-china-about-grocerys-future.html,20220925T095400,['Rebecca Fannin'],"Kroger, Walmart, and Target have adopted an ""Omnichannel Retail"" strategy, a concept pioneered by Alibaba's Jack Ma in China with his ""New Retail"" model of high-tech Freshippo supermarkets. This strategy integrates brick-and-mortar stores with online orders, logistics, and data analytics to enhance efficiency and customer experience. Kroger, in particular, has seen significant digital growth, aiming to double its digital revenues by the end of 2023, and investing heavily in automation and supply chain management.",https://image.cnbcfm.com/api/v1/image/108048600-1729100984821-TECHNOLOGY_EXECUTIVE_COUNCIL_CNBC_COM_SPECIAL_REPORT_HEADER_BKGD_TEMPLATE_1497x160_v04_1.jpg?v=1729101162,CNBC,General,CNBC,"[{'topic': 'retail_wholesale', 'relevance_score': '1.000000'}, {'topic': 'technology', 'relevance_score': '0.936742'}, {'topic': 'finance', 'relevance_score': '0.615682'}, {'topic': 'economy_macro', 'relevance_score': '0.631327'}]",0.283721,Somewhat-Bullish,"[{'ticker': 'KR', 'relevance_score': '1.000000', 'ticker_sentiment_score': '0.498484', 'ticker_sentiment_label': 'Bullish'}, {'ticker': 'WMT', 'relevance_score': '0.936603', 'ticker_sentiment_score': '0.349777', 'ticker_sentiment_label': 'Somewhat-Bullish'}, {'ticker': 'TGT', 'relevance_score': '0.887211', 'ticker_sentiment_score': '0.301151', 'ticker_sentiment_label': 'Somewhat-Bullish'}, {'ticker': 'AMZN', 'relevance_score': '0.616415', 'ticker_sentiment_score': '0.204825', 'ticker_sentiment_label': 'Somewhat-Bullish'}, {'ticker': 'KO', 'relevance_score': '0.598751', 'ticker_sentiment_score': '0.119298', 'ticker_sentiment_label': 'Neutral'}]"
Introducing Amazon’s Prime Early Access Sale—A New Holiday Shopping Event for Members to Save Big October 11 and October 12,https://www.businesswire.com/news/home/20220925005058/en/Introducing-Amazons-Prime-Early-Access-SaleA-New-Holiday-Shopping-Event-for-Members-to-Save-Big-October-11-and-October-12,20220926T075253,[],"Amazon has announced its first-ever Prime Early Access Sale, a new 48-hour global shopping event exclusively for Prime members, taking place on October 11 and 12. This event offers early access to holiday deals, including significant discounts on major brands and Amazon's lowest prices of the year on select products. Members can also find holiday shopping inspiration through new gift guides and benefit from various Prime offers, including free trials for Amazon Music Unlimited and Grubhub+.",https://mms.businesswire.com/media/20220925005058/en/1582105/4/Prime_Early_Access_Sale_PRimage_HiRes.jpg?download=1,Business Wire,General,Business Wire,"[{'topic': 'retail_wholesale', 'relevance_score': '1.000000'}, {'topic': 'technology', 'relevance_score': '0.821396'}]",0.418727,Bullish,"[{'ticker': 'AMZN', 'relevance_score': '1.000000', 'ticker_sentiment_score': '0.403077', 'ticker_sentiment_label': 'Bullish'}]"
Former Chili’s CEO Wyman Roberts joins drone delivery company,https://restaurantbusinessonline.com/leadership/former-chilis-ceo-wyman-roberts-joins-drone-delivery-company,20220926T080527,['Joe Guszkowski'],"Wyman Roberts, former CEO of Brinker International (parent company of Chili's and Maggiano's), has joined drone delivery company Zipline as an advisor. Roberts believes drone delivery can solve ""margin challenges"" for restaurants by reducing costs associated with human delivery drivers and speeding up delivery. While full-scale implementation for restaurants is likely years away due to FAA regulations, Roberts sees the technology as promising and praised Zipline for its track record in healthcare delivery.",https://cdn.informaconnect.com/platform/files/public/2022-09/background/800x1000/zipline-drone.jpg?VersionId=QxkcE1ACQjynVsjtk1ZoJZ.uqBx2qvaB,Restaurant Business Magazine,General,Restaurant Business Magazine,"[{'topic': 'retail_wholesale', 'relevance_score': '0.729079'}, {'topic': 'technology', 'relevance_score': '1.000000'}]",0.114653,Neutral,"[{'ticker': 'EAT', 'relevance_score': '0.861320', 'ticker_sentiment_score': '0.090082', 'ticker_sentiment_label': 'Neutral'}, {'ticker': 'AMZN', 'relevance_score': '0.632309', 'ticker_sentiment_score': '0.115937', 'ticker_sentiment_label': 'Neutral'}, {'ticker': 'WMT', 'relevance_score': '0.646348', 'ticker_sentiment_score': '0.102636', 'ticker_sentiment_label': 'Neutral'}]"
Omnicom launches online retail practice as clients seek full-funnel view,https://www.marketingdive.com/news/omnicom-agency-retail-media-analytics-Amazon-Walmart/632656/,20220926T082812,['Aaron Baar'],"Omnicom Group has launched Transact, a new online retail practice aimed at providing clients with connected-commerce consulting and a full-funnel view of the marketing pipeline. This initiative comes as advertising revenue for retail media networks is rapidly expanding, with GroupM forecasting $101 billion in ad spend this year. Transact leverages Omnicom's partnerships with major platforms like Amazon, Instacart, Kroger, and Walmart to offer comprehensive data and strategy insights.",https://imgproxy.divecdn.com/zGJjL7pFCauZvaGbWKHgTsWQC17mwRcYlUp0ZSNHcAM/g:ce/rs:fill:1200:675:1/Z3M6Ly9kaXZlc2l0ZS1zdG9yYWdlL2RpdmVpbWFnZS9HZXR0eUltYWdlcy05OTkyMzE0MTQuanBn.webp,Marketing Dive,General,Marketing Dive,"[{'topic': 'earnings', 'relevance_score': '0.901440'}, {'topic': 'retail_wholesale', 'relevance_score': '0.822412'}, {'topic': 'technology', 'relevance_score': '0.701739'}, {'topic': 'finance', 'relevance_score': '0.635030'}]",0.34888,Somewhat-Bullish,"[{'ticker': 'OMC', 'relevance_score': '1.000000', 'ticker_sentiment_score': '0.544350', 'ticker_sentiment_label': 'Bullish'}, {'ticker': 'AMZN', 'relevance_score': '0.712574', 'ticker_sentiment_score': '0.315643', 'ticker_sentiment_label': 'Somewhat-Bullish'}, {'ticker': 'WMT', 'relevance_score': '0.603077', 'ticker_sentiment_score': '0.291192', 'ticker_sentiment_label': 'Somewhat-Bullish'}, {'ticker': 'KR', 'relevance_score': '0.559878', 'ticker_sentiment_score': '0.202785', 'ticker_sentiment_label': 'Somewhat-Bullish'}]"
iStore iSend Selects Oracle Cloud Infrastructure to Meet Soaring E-Commerce Demand,https://www.oracle.com/my/news/announcement/istore-isend-selects-oracle-cloud-infrastructure-2022-09-26/,20220926T175650,[],"iStore iSend, a Malaysian e-commerce fulfillment provider, has chosen Oracle Cloud Infrastructure (OCI) to expand its operations across Asia, aiming to meet growing e-commerce demand. By migrating its critical systems to OCI, the company expects to double its cloud footprint and reduce operational costs by 30 percent while improving inventory visibility and customer satisfaction. This move supports iStore iSend's continued double-digit growth and expansion into new markets like Thailand, Vietnam, and the Philippines.",,Oracle,General,Oracle,"[{'topic': 'technology', 'relevance_score': '0.824435'}]",0.306591,Somewhat-Bullish,"[{'ticker': 'ORCL', 'relevance_score': '1.000000', 'ticker_sentiment_score': '0.473214', 'ticker_sentiment_label': 'Bullish'}, {'ticker': 'AMZN', 'relevance_score': '0.624020', 'ticker_sentiment_score': '0.139793', 'ticker_sentiment_label': 'Neutral'}]"
Pennsylvania Court Holds for Non-Resident Amazon Merchants in Interesting Nexus Case,https://www.cbiz.com/insights/article/pennsylvania-court-holds-for-non-resident-amazon-merchants-in-interesting-nexus-case,20220927T075854,[],"The Commonwealth Court of Pennsylvania ruled that storing inventory in the state through Amazon's Fulfillment By Amazon program does not automatically establish sales or income tax nexus for non-resident merchants. The court found that these merchants lack sufficient ""minimum contacts"" because they have no control over inventory location and no direct interaction with customers in Pennsylvania. This decision provides significant guidance in the nexus arena, especially for income tax purposes, as marketplace facilitator rules address most sales tax issues.",https://www.cbiz.com/wp-content/uploads/insights-amazon-pennsylvania.jpg,CBIZ,General,CBIZ,"[{'topic': 'economy_fiscal', 'relevance_score': '0.943317'}, {'topic': 'retail_wholesale', 'relevance_score': '0.732776'}, {'topic': 'finance', 'relevance_score': '0.644259'}]",0.136746,Neutral,"[{'ticker': 'CBZ', 'relevance_score': '0.343376', 'ticker_sentiment_score': '0.005324', 'ticker_sentiment_label': 'Neutral'}, {'ticker': 'AMZN', 'relevance_score': '0.963598', 'ticker_sentiment_score': '0.272960', 'ticker_sentiment_label': 'Somewhat-Bullish'}]"
Cloudification of Test Software,https://www.eetasia.com/cloudification-of-test-software/,20220927T081920,['Ben Coffin'],"The article discusses the increasing movement of major software tools, particularly in the wireless communications sector, to the cloud. It highlights how cloud-native RAN (Radio Access Network) and Open RAN (O-RAN) architectures leverage cloud benefits like reduced IT overhead, scalability, and resource optimization for modern 5G deployments. The author also emphasizes how testing methodologies are evolving with this shift, requiring test software to adopt cloud capabilities and move towards a ""test-as-a-service"" model.",https://www.eetasia.com/wp-content/uploads/sites/2/2022/09/Cloudification_hero-1.jpg?w=700,EE Times Asia,General,EE Times Asia,"[{'topic': 'technology', 'relevance_score': '0.948684'}]",0.36024,Bullish,"[{'ticker': 'KEYS', 'relevance_score': '1.000000', 'ticker_sentiment_score': '0.448522', 'ticker_sentiment_label': 'Bullish'}, {'ticker': 'AMZN', 'relevance_score': '0.823145', 'ticker_sentiment_score': '0.310033', 'ticker_sentiment_label': 'Somewhat-Bullish'}]"
"Silicon Labs’ SoCs Grow Protocol Support—Adding Wi-SUN, Wi-Fi 6, and More",https://www.allaboutcircuits.com/news/silicon-labs-socs-grow-protocol-support-adding-wi-sun-wi-fi-6-and-more/,20220927T083708,['Aaron Carman'],"Silicon Labs has announced new products in its Series 2 family, expanding protocol support for IoT devices. These include Matter development solutions, the Silicon Labs Pro Kit for Amazon Sidewalk, new SoC and power amplifier for Wi-SUN, and a Wi-Fi 6 and Bluetooth LE SoC family. The developments aim to enhance interoperability and connectivity for smart homes and smart city applications, addressing both short-range and long-range communication needs.",https://www.allaboutcircuits.com/uploads/articles/EFR32FG25.jpg,All About Circuits,General,All About Circuits,"[{'topic': 'technology', 'relevance_score': '0.919115'}]",0.248108,Somewhat-Bullish,"[{'ticker': 'SLAB', 'relevance_score': '1.000000', 'ticker_sentiment_score': '0.439333', 'ticker_sentiment_label': 'Bullish'}, {'ticker': 'QCOM', 'relevance_score': '0.648848', 'ticker_sentiment_score': '0.149492', 'ticker_sentiment_label': 'Neutral'}, {'ticker': 'AMZN', 'relevance_score': '0.613998', 'ticker_sentiment_score': '0.230101', 'ticker_sentiment_label': 'Somewhat-Bullish'}]"
Budget cuts will spare IT heading into 2023,https://www.ciodive.com/news/recession-cuts-spare-IT-budgets/632777/,20220927T084750,['Matt Ashare'],"Despite widespread concerns about a prolonged economic downturn and anticipated budget cuts in 2023, IT spending is expected to remain robust. A survey of over 1,400 IT professionals by Spiceworks Ziff Davis indicates that most companies plan to increase their tech budgets, with only a small percentage looking to reduce IT spending. This trend suggests that companies view technology investments, particularly in modernization and cloud services, as crucial hedges against economic instability, even as they trim non-essential spending elsewhere.",https://imgproxy.divecdn.com/5fxBtrpcQgtKBCQY-Pr0scHxvjfvawIZIjgNin_YsR8/g:ce/rs:fill:1200:675:1/Z3M6Ly9kaXZlc2l0ZS1zdG9yYWdlL2RpdmVpbWFnZS9HZXR0eUltYWdlcy0xODM4NjUxMzcuanBn.webp,CIO Dive,General,CIO Dive,"[{'topic': 'economy_macro', 'relevance_score': '0.949331'}, {'topic': 'technology', 'relevance_score': '0.837371'}]",0.249822,Somewhat-Bullish,"[{'ticker': 'ZD', 'relevance_score': '0.307717', 'ticker_sentiment_score': '0.039910', 'ticker_sentiment_label': 'Neutral'}, {'ticker': 'CDW', 'relevance_score': '0.585079', 'ticker_sentiment_score': '0.333266', 'ticker_sentiment_label': 'Somewhat-Bullish'}, {'ticker': 'MSFT', 'relevance_score': '0.581414', 'ticker_sentiment_score': '0.348723', 'ticker_sentiment_label': 'Somewhat-Bullish'}, {'ticker': 'AMZN', 'relevance_score': '0.599354', 'ticker_sentiment_score': '0.343422', 'ticker_sentiment_label': 'Somewhat-Bullish'}, {'ticker': 'GOOGL', 'relevance_score': '0.585521', 'ticker_sentiment_score': '0.301762', 'ticker_sentiment_label': 'Somewhat-Bullish'}]"
Lionsgate Targets Spinning Off Studio While Rebranding Starz Streamer Overseas,https://www.thewrap.com/lionsgate-spinning-off-studio-starz-streamer-rebrand/,20220928T062800,['Benjamin Lindsay'],"Lions Gate Entertainment Corp. announced its intention to spin off its Lionsgate studio business and rebrand its Starz streaming service outside the U.S. to Lionsgate+. This strategic move aims to create two distinct companies for investors, allowing for separate valuation of Starz assets and the film/TV production studio, despite previous speculation that the streaming service would be spun off to reduce debt.",,TheWrap,General,TheWrap,"[{'topic': 'mergers_and_acquisitions', 'relevance_score': '0.908552'}, {'topic': 'financial_markets', 'relevance_score': '0.841634'}]",0.192364,Somewhat-Bullish,"[{'ticker': 'LION', 'relevance_score': '1.000000', 'ticker_sentiment_score': '0.254763', 'ticker_sentiment_label': 'Somewhat-Bullish'}, {'ticker': 'AMZN', 'relevance_score': '0.714482', 'ticker_sentiment_score': '0.140539', 'ticker_sentiment_label': 'Neutral'}, {'ticker': 'DIS', 'relevance_score': '0.645876', 'ticker_sentiment_score': '0.119250', 'ticker_sentiment_label': 'Neutral'}]"
Amazon.com unveils device that tracks breath while sleeping,https://www.reuters.com/technology/amazoncom-launches-kindle-that-users-can-write-2022-09-28/,20220928T063200,['Reuters'],"Amazon has announced a new contactless sleep-tracking gadget called Halo Rise, priced at $139.99, which monitors room conditions and breathing patterns to provide insights into sleep quality. This device, not FDA-approved, is part of Amazon's broader investment in consumer health technology. The company also unveiled updates to its Kindle e-readers and voice-controlled devices.",https://www.reuters.com/resizer/v2/GHON6BMTCRPMFH3GYJTGZ6CRL4.jpg?auth=8f9ea36ffdbb55b9e0d7cadf2fb96389f3228f7bbe30002dd3d8f8754422c02a&width=1920&quality=80,Reuters,General,Reuters,"[{'topic': 'technology', 'relevance_score': '0.910053'}, {'topic': 'retail_wholesale', 'relevance_score': '0.802902'}, {'topic': 'life_sciences', 'relevance_score': '0.709421'}, {'topic': 'mergers_and_acquisitions', 'relevance_score': '0.600739'}]",0.154078,Somewhat-Bullish,"[{'ticker': 'AMZN', 'relevance_score': '1.000000', 'ticker_sentiment_score': '0.313450', 'ticker_sentiment_label': 'Somewhat-Bullish'}, {'ticker': 'AAPL', 'relevance_score': '0.616599', 'ticker_sentiment_score': '0.114930', 'ticker_sentiment_label': 'Neutral'}, {'ticker': 'GOOGL', 'relevance_score': '0.610042', 'ticker_sentiment_score': '0.103582', 'ticker_sentiment_label': 'Neutral'}, {'ticker': 'UNH', 'relevance_score': '0.647912', 'ticker_sentiment_score': '0.147958', 'ticker_sentiment_label': 'Neutral'}]"
"Clean Energy Fuels, Amazon Partner on RNG",https://www.ttnews.com/articles/clean-energy-fuels-amazon-partner-rng,20220928T080015,[],"Clean Energy Fuels and Amazon have partnered to fuel trucks with renewable natural gas (RNG), starting with a station in Groveport, Ohio. This station is the first of 19 new facilities planned under their agreement, aiming to significantly reduce carbon emissions. Additionally, Clean Energy signed an agreement with South Fork Dairy to produce RNG from manure, which will supply the Groveport station and others.",https://www.ttnews.com/sites/default/files/styles/article_full_width_image/public/images/articles/clean-energy_4.jpg,Transport Topics,General,Transport Topics,"[{'topic': 'energy_transportation', 'relevance_score': '0.901095'}, {'topic': 'retail_wholesale', 'relevance_score': '0.702334'}]",0.355905,Bullish,"[{'ticker': 'CLNE', 'relevance_score': '1.000000', 'ticker_sentiment_score': '0.449206', 'ticker_sentiment_label': 'Bullish'}, {'ticker': 'AMZN', 'relevance_score': '0.733738', 'ticker_sentiment_score': '0.339263', 'ticker_sentiment_label': 'Somewhat-Bullish'}]"
Sonos Beam (Gen 2) vs. Sonos Beam,https://www.androidcentral.com/accessories/smart-home/sonos-beam-gen-2-vs-sonos-beam,20220928T083754,['Christine Persaud'],"This article compares the Sonos Beam (Gen 2) and the original Sonos Beam soundbars, highlighting their similarities and key differences. While both offer impressive audio quality and smart features, the Gen 2 model introduces Dolby Atmos support, a polycarbonate grille, and HDMI eARC, making it the preferable option for",,Android Central,General,Android Central,"[{'topic': 'technology', 'relevance_score': '1.000000'}]",0.261145,Somewhat-Bullish,"[{'ticker': 'SONO', 'relevance_score': '1.000000', 'ticker_sentiment_score': '0.302541', 'ticker_sentiment_label': 'Somewhat-Bullish'}, {'ticker': 'AMZN', 'relevance_score': '0.635849', 'ticker_sentiment_score': '0.225372', 'ticker_sentiment_label': 'Somewhat-Bullish'}, {'ticker': 'BBY', 'relevance_score': '0.563264', 'ticker_sentiment_score': '0.281185', 'ticker_sentiment_label': 'Somewhat-Bullish'}, {'ticker': 'WMT', 'relevance_score': '0.580080', 'ticker_sentiment_score': '0.239905', 'ticker_sentiment_label': 'Somewhat-Bullish'}]"
MGM and Lionsgate Just Decided We Need More Streamers with Plus Signs,https://www.indiewire.com/features/general/epix-mgm-plus-starzplay-lionsgate-plus-1234767572/,20220928T110000,['Tony Maglio'],"Epix is rebranding to MGM+ and STARZPLAY is becoming Lionsgate+, adding more ""plus"" signs to the streaming landscape. This comes as Lionsgate considers spinning off its studio business instead of selling Starz, indicating shifts in their streaming strategies and asset management. Both companies announced new programming and library titles for their rebranded services.",,IndieWire,General,IndieWire,"[{'topic': 'mergers_and_acquisitions', 'relevance_score': '0.831049'}, {'topic': 'technology', 'relevance_score': '0.803114'}]",0.121861,Neutral,"[{'ticker': 'STRZ', 'relevance_score': '1.000000', 'ticker_sentiment_score': '0.141603', 'ticker_sentiment_label': 'Neutral'}, {'ticker': 'AMZN', 'relevance_score': '0.717522', 'ticker_sentiment_score': '0.117730', 'ticker_sentiment_label': 'Neutral'}]"
Amazon will rebrand Epix as MGM+,https://adage.com/article/media/amazon-will-rebrand-epix-mgm/2435796/,20220928T133800,[],Amazon plans to rebrand its Epix streaming service as MGM+. This change is part of Amazon's strategy after acquiring MGM. The rebranding will align the service more closely with the iconic MGM brand.,https://adage.com/resizer/v2/R2ZKCDVZ6JEUPL7JAXPODAG2RQ.jpg?smart=true&auth=800074545b7ed2ae34617a1bf48280f48b63f5ba02da42e9043bd238c379943e&width=2048&height=1152,Ad Age,General,Ad Age,"[{'topic': 'mergers_and_acquisitions', 'relevance_score': '0.916372'}, {'topic': 'technology', 'relevance_score': '0.637208'}]",0.118758,Neutral,"[{'ticker': 'AMZN', 'relevance_score': '1.000000', 'ticker_sentiment_score': '0.146125', 'ticker_sentiment_label': 'Neutral'}]"
Clean Energy Announces Opening of Ohio Renewable Natural Gas Station for Amazon and Other Trucking Fleets,https://www.businesswire.com/news/home/20220928005246/en/Clean-Energy-Announces-Opening-of-Ohio-Renewable-Natural-Gas-Station-for-Amazon-and-Other-Trucking-Fleets,20220928T162617,[],"Clean Energy Fuels Corp. has opened a new renewable natural gas (RNG) station in Groveport, OH, which will supply fuel to Amazon trucks and other local fleets, marking the first of 19 stations planned under an agreement with Amazon. This station will significantly reduce carbon emissions by dispensing 700,000 gallons of RNG annually. Additionally, Clean Energy is investing in local dairy farms, like South Fork Dairy, to produce RNG from organic waste, further expanding the sustainable fuel supply.",https://mms.businesswire.com/media/20220928005246/en/1556942/23/Groveport_Station.jpg,Business Wire,General,Business Wire,"[{'topic': 'energy_transportation', 'relevance_score': '0.928439'}, {'topic': 'retail_wholesale', 'relevance_score': '0.812914'}, {'topic': 'economy_macro', 'relevance_score': '0.638000'}]",0.502216,Bullish,"[{'ticker': 'CLNE', 'relevance_score': '1.000000', 'ticker_sentiment_score': '0.619299', 'ticker_sentiment_label': 'Bullish'}, {'ticker': 'AMZN', 'relevance_score': '0.711607', 'ticker_sentiment_score': '0.420342', 'ticker_sentiment_label': 'Bullish'}]"
"Amazon’s Latest Devices Push It Deeper Into Wellness, Cars",https://www.bloomberg.com/news/articles/2022-09-28/amazon-extends-wellness-device-push-with-halo-rise-sleep-tracker,20220928T162900,['Matt Day and Mark Gurman'],"Amazon's annual device event introduced new products that expand its presence in wellness, security, and the automotive sector. Key announcements included the Halo Rise, a bedside sleep tracker, updated Echo smart speakers, a new Kindle, and advancements in Ring security technology. These offerings highlight Amazon's strategy to integrate its technology seamlessly into consumers' daily routines.",https://assets.bwbx.io/images/users/iqjWHBFdfxIU/iLZoTpMA1qyM/v0/-1x-1.webp,Bloomberg.com,General,Bloomberg.com,"[{'topic': 'technology', 'relevance_score': '1.000000'}, {'topic': 'retail_wholesale', 'relevance_score': '0.818970'}, {'topic': 'life_sciences', 'relevance_score': '0.601691'}]",0.332236,Somewhat-Bullish,"[{'ticker': 'AMZN', 'relevance_score': '1.000000', 'ticker_sentiment_score': '0.339244', 'ticker_sentiment_label': 'Somewhat-Bullish'}]"
Macy's launches marketplace for sellers,https://www.axios.com/2022/09/28/macys-launches-marketplace-for-sellers,20220928T173614,['Hope King'],"Macy's has launched a third-party marketplace on Macys.com, echoing moves by other major retailers like Amazon and Walmart. This initiative aims to help Macy's source more products efficiently, reduce inventory management risks, and test new brands and styles. The platform allows independent sellers to submit products for approval, with Macy's managing customer visibility.",,Axios,General,Axios,"[{'topic': 'retail_wholesale', 'relevance_score': '0.915668'}]",0.171488,Somewhat-Bullish,"[{'ticker': 'M', 'relevance_score': '1.000000', 'ticker_sentiment_score': '0.282755', 'ticker_sentiment_label': 'Somewhat-Bullish'}, {'ticker': 'AMZN', 'relevance_score': '0.744496', 'ticker_sentiment_score': '0.125247', 'ticker_sentiment_label': 'Neutral'}, {'ticker': 'WMT', 'relevance_score': '0.641725', 'ticker_sentiment_score': '0.114081', 'ticker_sentiment_label': 'Neutral'}, {'ticker': 'TGT', 'relevance_score': '0.608750', 'ticker_sentiment_score': '0.128968', 'ticker_sentiment_label': 'Neutral'}]"
"Peloton, Dick's Sporting Goods partner to sell equipment",https://www.foxbusiness.com/lifestyle/peloton-dicks-sporting-goods-partner-sell-equipment,20220929T080407,['Daniella Genovese'],"Peloton has announced a partnership with Dick's Sporting Goods to sell its fitness equipment in over 100 retail locations and on Dick's e-commerce platform starting ""early in the holiday"" season. This collaboration is Peloton's latest effort to expand its market share and improve profitability, following a similar deal with Amazon earlier this summer. The move aims to reach new audiences and drive member growth for the troubled fitness company which saw a significant drop in its stock value after a 400% surge during 2020 lockdowns.",https://a57.foxnews.com/static.foxbusiness.com/foxbusiness.com/content/uploads/2022/01/931/523/Peloton-Bike.jpg?ve=1&tl=1,Fox Business,General,Fox Business,"[{'topic': 'retail_wholesale', 'relevance_score': '0.901248'}, {'topic': 'finance', 'relevance_score': '0.611756'}]",0.24764,Somewhat-Bullish,"[{'ticker': 'DKS', 'relevance_score': '0.944590', 'ticker_sentiment_score': '0.335618', 'ticker_sentiment_label': 'Somewhat-Bullish'}, {'ticker': 'AMZN', 'relevance_score': '0.607787', 'ticker_sentiment_score': '0.124101', 'ticker_sentiment_label': 'Neutral'}]"
How Wolverine Worldwide Uses 3D Models To Do Business Better in the 21st Century,https://www.outsideonline.com/business-journal/brands/wolverine-worldwide-envoy-b2b-3d-models/,20220929T090000,[],"Wolverine Worldwide is leveraging 3D models and digital assets to enhance its connection with retailers and adapt to the evolving retail landscape. The company, in partnership with Envoy B2B, Checkmate, and Ocavu, is creating immersive virtual showrooms and enabling augmented reality for wholesale buyers. This strategic shift is driven by increasing consumer expectations for 3D experiences, as seen with Amazon's virtual try-on services, and aims to future-proof wholesale channels and empower various aspects of the business, from design to social selling.",https://cdn.outsideonline.com/wp-content/uploads/2022/09/envoy_8_hero_h.jpg?auto=webp&width=3840&quality=75&fit=cover,Outside Magazine,General,Outside Magazine,"[{'topic': 'retail_wholesale', 'relevance_score': '0.915256'}, {'topic': 'technology', 'relevance_score': '0.812926'}]",0.335147,Somewhat-Bullish,"[{'ticker': 'WWW', 'relevance_score': '1.000000', 'ticker_sentiment_score': '0.404896', 'ticker_sentiment_label': 'Bullish'}, {'ticker': 'AMZN', 'relevance_score': '0.735735', 'ticker_sentiment_score': '0.327656', 'ticker_sentiment_label': 'Somewhat-Bullish'}, {'ticker': 'CAT', 'relevance_score': '0.624275', 'ticker_sentiment_score': '0.268201', 'ticker_sentiment_label': 'Somewhat-Bullish'}]"
Peloton Strikes First Brick-and-Mortar Deal With Dick’s,https://frontofficesports.com/peloton-strikes-first-brick-and-mortar-deal-with-dicks/,20220929T122600,['Abigail Gentrup'],"Peloton has partnered with Dick's Sporting Goods, the largest sports goods retailer in the U.S., to sell its equipment in over 100 stores. This marks Peloton's first brick-and-mortar retail deal outside its own stores, following a recent partnership with Amazon. The move is part of Peloton's strategy to rebound after a pandemic-driven surge in demand cooled, leading to job cuts, reduced retail presence, and price increases for some products.",https://frontofficesports.com/wp-content/uploads/2022/09/FOS-PM-22-9.29-Peloton.jpg?quality=100,Front Office Sports,General,Front Office Sports,"[{'topic': 'retail_wholesale', 'relevance_score': '0.916347'}, {'topic': 'earnings', 'relevance_score': '0.832518'}, {'topic': 'economy_macro', 'relevance_score': '0.635339'}]",0.106876,Neutral,"[{'ticker': 'DKS', 'relevance_score': '1.000000', 'ticker_sentiment_score': '0.202259', 'ticker_sentiment_label': 'Somewhat-Bullish'}, {'ticker': 'AMZN', 'relevance_score': '0.721271', 'ticker_sentiment_score': '-0.109168', 'ticker_sentiment_label': 'Neutral'}, {'ticker': 'AAPL', 'relevance_score': '0.700985', 'ticker_sentiment_score': '0.133166', 'ticker_sentiment_label': 'Neutral'}]"
Auto suppliers compete for labor as new Detroit plants near production,https://www.rubbernews.com/automotive/auto-suppliers-lear-corp-lm-manufacturing-compete-labor,20220929T163100,['Kurt Nagl'],"Lear Corp. and LM Manufacturing are actively recruiting employees for their new Detroit plants amid a tight labor market, with production set to begin soon. Both companies are offering competitive wages and benefits, including flexible scheduling, to attract and retain workers for the hundreds of jobs being created. The labor market in Detroit and Southeast Michigan is considered large enough to meet the demand despite intense competition from other industries.",,Rubber News,General,Rubber News,"[{'topic': 'manufacturing', 'relevance_score': '1.000000'}, {'topic': 'economy_macro', 'relevance_score': '0.906999'}, {'topic': 'energy_transportation', 'relevance_score': '0.721148'}]",0.091833,Neutral,"[{'ticker': 'LEA', 'relevance_score': '0.315397', 'ticker_sentiment_score': '0.042291', 'ticker_sentiment_label': 'Neutral'}, {'ticker': 'F', 'relevance_score': '0.859599', 'ticker_sentiment_score': '0.252190', 'ticker_sentiment_label': 'Somewhat-Bullish'}, {'ticker': 'GM', 'relevance_score': '0.826860', 'ticker_sentiment_score': '0.207008', 'ticker_sentiment_label': 'Somewhat-Bullish'}, {'ticker': 'AMZN', 'relevance_score': '0.618101', 'ticker_sentiment_score': '-0.192818', 'ticker_sentiment_label': 'Somewhat-Bearish'}]"
"Peloton taps Dick's Sporting Goods stores to sell exercise bikes, treadmills",https://www.reuters.com/business/peloton-sell-bikes-treadmills-dicks-sporting-goods-stores-2022-09-29/,20220929T200000,['Reuters'],"Peloton Interactive Inc announced a partnership with Dick's Sporting Goods to sell its exercise bikes, treadmills, and fitness accessories in over 100 Dick's stores and on its e-commerce platform. This move is part of Peloton CEO Barry McCarthy's turnaround plan to boost sagging sales and attract more customers, following a previous deal with Amazon. Despite the new partnership, Peloton's shares fell by about 16% due to broader investor concerns about consumer discretionary spending.",https://www.reuters.com/resizer/v2/https%3A%2F%2Fcloudfront-us-east-2.images.arcpublishing.com%2Freuters%2FVJ47RABKMNISDCD3K3A6PN24SA.JPG?auth=76b4ef8d4ec8bd42c48834925893a2ae04af4cd195e3477161b47ee1912f207d&width=960&height=540&quality=80&smart=true,Reuters,General,Reuters,"[{'topic': 'retail_wholesale', 'relevance_score': '0.910648'}, {'topic': 'financial_markets', 'relevance_score': '0.832605'}, {'topic': 'economy_macro', 'relevance_score': '0.737354'}]",0.161981,Somewhat-Bullish,"[{'ticker': 'DKS', 'relevance_score': '1.000000', 'ticker_sentiment_score': '0.227446', 'ticker_sentiment_label': 'Somewhat-Bullish'}, {'ticker': 'AMZN', 'relevance_score': '0.626709', 'ticker_sentiment_score': '0.107174', 'ticker_sentiment_label': 'Neutral'}]"
"3 Warren Buffett Stocks With 105% to 137% Upside, According to Wall Street",https://www.fool.com/investing/2022/09/30/3-warren-buffett-stocks-with-105-to-137-upside/,20220930T050600,['Sean Williams'],"This article highlights three Warren Buffett stocks that Wall Street analysts believe have significant upside potential, ranging from 105% to 137% over the next year. These include Amazon, expected to double due to its high-margin segments like AWS and Prime; StoneCo, benefiting from digital payment adoption in Brazil; and Paramount Global, buoyed by the growth of its streaming division and film entertainment resurgence. The article also discusses potential headwinds for StoneCo and Paramount Global, but maintains a bullish outlook based on analyst price targets.",https://g.foolcdn.com/image/?url=https%3A%2F%2Fg.foolcdn.com%2Feditorial%2Fimages%2F702406%2Fwarren-buffett-brka-brkb-berkshire-hathaway-motley-fool5.jpg&w=3840&op=resize,The Motley Fool,General,The Motley Fool,"[{'topic': 'financial_markets', 'relevance_score': '0.900659'}, {'topic': 'economy_monetary', 'relevance_score': '0.741296'}, {'topic': 'economy_macro', 'relevance_score': '0.601186'}, {'topic': 'retail_wholesale', 'relevance_score': '0.608892'}, {'topic': 'technology', 'relevance_score': '0.616614'}]",0.353808,Bullish,"[{'ticker': 'BRK-B', 'relevance_score': '0.337778', 'ticker_sentiment_score': '0.026724', 'ticker_sentiment_label': 'Neutral'}, {'ticker': 'AMZN', 'relevance_score': '0.879358', 'ticker_sentiment_score': '0.721357', 'ticker_sentiment_label': 'Bullish'}]"
Best Christmas Stocks for 2026,https://www.benzinga.com/money/christmas-stocks,20220930T075528,['Dan Schmidt'],"This article identifies top retail and e-commerce stocks positioned for a holiday season boost, advising investors to consider purchases before Black Friday given market forward-looking nature. It features Amazon, Best Buy, Target, eBay, and Etsy, highlighting their individual market positions, financials, and potential for growth. Additionally, it suggests looking into shipping, railroad, and food and beverage sectors for seasonal investment opportunities, emphasizing the predictable sales increase during Christmas.",,Benzinga,General,Benzinga,"[{'topic': 'retail_wholesale', 'relevance_score': '0.934642'}, {'topic': 'financial_markets', 'relevance_score': '0.828734'}, {'topic': 'economy_macro', 'relevance_score': '0.718633'}]",0.230525,Somewhat-Bullish,"[{'ticker': 'BBY', 'relevance_score': '0.902180', 'ticker_sentiment_score': '0.271475', 'ticker_sentiment_label': 'Somewhat-Bullish'}, {'ticker': 'AMZN', 'relevance_score': '0.876381', 'ticker_sentiment_score': '0.342207', 'ticker_sentiment_label': 'Somewhat-Bullish'}, {'ticker': 'TGT', 'relevance_score': '0.826934', 'ticker_sentiment_score': '0.226375', 'ticker_sentiment_label': 'Somewhat-Bullish'}, {'ticker': 'EBAY', 'relevance_score': '0.758587', 'ticker_sentiment_score': '0.116483', 'ticker_sentiment_label': 'Neutral'}]"
"TTAC: Overweight Tech & Energy, Underweight Industrials & Communication",https://www.etftrends.com/free-cash-flow-channel/ttac-is-overweight-tech-energy-underweight-industrials-communication/,20220930T161306,['James Comtois'],"The FCF US Quality ETF (TTAC) focuses on free cash flow to select approximately 150 stocks, aiming to outperform the Russell 3000. As of late August, TTAC was overweight in technology and energy sectors and underweight in industrials and communication services. FCF Advisors prioritizes free cash flow metrics, which they believe are more difficult to manipulate than GAAP earnings, especially in the current challenging investment environment.",https://www.etftrends.com/wp-content/uploads/2025/09/Free_Cash_Flow_Victory_masthead_overlay_1600x121@2x.png,ETF Trends,General,ETF Trends,"[{'topic': 'financial_markets', 'relevance_score': '0.928715'}, {'topic': 'technology', 'relevance_score': '0.829243'}, {'topic': 'energy_transportation', 'relevance_score': '0.723786'}]",-0.167784,Somewhat-Bearish,"[{'ticker': 'ABFL', 'relevance_score': '0.343251', 'ticker_sentiment_score': '0.023938', 'ticker_sentiment_label': 'Neutral'}, {'ticker': 'GOOGL', 'relevance_score': '0.714977', 'ticker_sentiment_score': '-0.243214', 'ticker_sentiment_label': 'Somewhat-Bearish'}, {'ticker': 'MSFT', 'relevance_score': '0.603247', 'ticker_sentiment_score': '-0.237470', 'ticker_sentiment_label': 'Somewhat-Bearish'}, {'ticker': 'TSLA', 'relevance_score': '0.624718', 'ticker_sentiment_score': '-0.226694', 'ticker_sentiment_label': 'Somewhat-Bearish'}, {'ticker': 'AMZN', 'relevance_score': '0.612768', 'ticker_sentiment_score': '-0.229674', 'ticker_sentiment_label': 'Somewhat-Bearish'}]"
Advancing Digitization Puts Spotlight on GTEK ETF,https://www.etftrends.com/future-etfs-content-hub/advancing-digitization-puts-spotlight-on-this-etf/,20220930T193946,['Tom Lydon'],"The Goldman Sachs Future Tech Leaders Equity ETF (GTEK) is highlighted as a strong option for investors looking to capitalize on the ongoing trend of digitization. The article emphasizes GTEK's active management approach, which allows it to adapt quickly to emerging trends, especially in sectors like cloud computing, digital transformation, and cybersecurity, which benefit even during inflationary periods. The ETF, with 58 holdings and $215 million in assets, is also noted for its exposure to semiconductor companies, poised to benefit from supply chain reshoring efforts.",https://www.etftrends.com/wp-content/uploads/2025/10/FutureETFs_masthead_overlay_1600x121.png,ETF Trends,General,ETF Trends,"[{'topic': 'financial_markets', 'relevance_score': '0.925109'}, {'topic': 'economy_monetary', 'relevance_score': '0.804809'}, {'topic': 'technology', 'relevance_score': '0.825974'}, {'topic': 'economy_macro', 'relevance_score': '0.618278'}]",0.271232,Somewhat-Bullish,"[{'ticker': 'GTEK', 'relevance_score': '1.000000', 'ticker_sentiment_score': '0.323624', 'ticker_sentiment_label': 'Somewhat-Bullish'}, {'ticker': 'GS', 'relevance_score': '0.720951', 'ticker_sentiment_score': '0.314194', 'ticker_sentiment_label': 'Somewhat-Bullish'}, {'ticker': 'AMAT', 'relevance_score': '0.632783', 'ticker_sentiment_score': '0.205021', 'ticker_sentiment_label': 'Somewhat-Bullish'}, {'ticker': 'AMZN', 'relevance_score': '0.630053', 'ticker_sentiment_score': '0.210695', 'ticker_sentiment_label': 'Somewhat-Bullish'}, {'ticker': 'MSFT', 'relevance_score': '0.601415', 'ticker_sentiment_score': '0.239542', 'ticker_sentiment_label': 'Somewhat-Bullish'}]"
