title,url,time_published,authors,summary,banner_image,source,category_within_source,source_domain,topics,overall_sentiment_score,overall_sentiment_label,ticker_sentiment
Alibaba to sell Sun Art shares for $1.69 billion,https://global.chinadaily.com.cn/a/202501/01/WS6775402da310f1265a1d86d1.html,20250101T211600,['Fan Feifei'],"Alibaba Group Holding Ltd announced its decision to sell all of its shares in hypermarket operator Sun Art Retail Group Ltd to private equity firm DCP Capital for HK$13.13 billion ($1.69 billion). This move allows Alibaba to focus on its core e-commerce business. Following the completion of the deal, Alibaba will no longer hold any equity interest in Sun Art.",https://img2.chinadaily.com.cn/images/202501/01/6775402ca310f1268d87a254.jpeg,China Daily,General,China Daily,"[{'topic': 'mergers_and_acquisitions', 'relevance_score': '1.000000'}, {'topic': 'retail_wholesale', 'relevance_score': '0.841389'}, {'topic': 'technology', 'relevance_score': '0.725228'}]",0.2146,Somewhat-Bullish,"[{'ticker': 'BABA', 'relevance_score': '0.948079', 'ticker_sentiment_score': '0.399491', 'ticker_sentiment_label': 'Bullish'}, {'ticker': 'AMZN', 'relevance_score': '0.524411', 'ticker_sentiment_score': '0.039002', 'ticker_sentiment_label': 'Neutral'}]"
Amazon Accused of Mismanaging Millions of 401(k) Forfeiture Funds,https://www.plansponsor.com/amazon-accused-of-mismanaging-millions-of-401k-forfeiture-funds/,20250102T052241,['Remy Samuels'],"Amazon.com Inc. and its 401(k) plan administrative committee are facing a lawsuit for allegedly mismanaging millions in employee forfeiture funds. A participant, Cory Curtis, claims that Amazon used these funds to offset its own contributions rather than reducing administrative fees for plan participants between 2018 and 2023. The lawsuit highlights a growing trend of forfeiture-related litigation against large companies, although critics argue that such cases weaponize ERISA given Amazon's already low plan fees.",https://si-interactive.s3.amazonaws.com/prod/plansponsor-com/wp-content/uploads/2025/01/02121435/PSPA-010225-Amazon-lawsuit-1332343100-web-960x540.jpg,plansponsor,General,plansponsor,"[{'topic': 'finance', 'relevance_score': '0.856595'}, {'topic': 'retail_wholesale', 'relevance_score': '0.741927'}, {'topic': 'technology', 'relevance_score': '0.643025'}]",-0.231887,Somewhat-Bearish,"[{'ticker': 'AMZN', 'relevance_score': '1.000000', 'ticker_sentiment_score': '-0.284558', 'ticker_sentiment_label': 'Somewhat-Bearish'}, {'ticker': 'QCOM', 'relevance_score': '0.623371', 'ticker_sentiment_score': '-0.218381', 'ticker_sentiment_label': 'Somewhat-Bearish'}, {'ticker': 'HPQ', 'relevance_score': '0.612428', 'ticker_sentiment_score': '-0.206474', 'ticker_sentiment_label': 'Somewhat-Bearish'}, {'ticker': 'CRM', 'relevance_score': '0.622053', 'ticker_sentiment_score': '-0.225421', 'ticker_sentiment_label': 'Somewhat-Bearish'}, {'ticker': 'HON', 'relevance_score': '0.641435', 'ticker_sentiment_score': '-0.227490', 'ticker_sentiment_label': 'Somewhat-Bearish'}]"
Tech Stocks Are Still Pricey. Dip Buyers Should Look Here Instead.,https://www.barrons.com/articles/industrial-stocks-buy-tech-economy-843c4119?gaa_at=eafs&gaa_n=AWEtsqelnitnYC-ZBJ0b5hgOCrwYxDuqAb53kDOYrhK7VlixFToKy16yP8Q7&gaa_ts=693cc020&gaa_sig=nzOWb6CS5vPSwL3QnxqG27-DyLONczGMx3K85xvbvb56PWRDf4AxzRDlBy25CZs7A-AhJRMOI7pXvpI9XV1qXA%3D%3D,20250103T011246,['Jacob Sonenshine'],"Investors seeking ""buy-the-dip"" opportunities might be advised to look beyond tech stocks, which remain expensive despite recent market fluctuations. Instead, the article suggests considering other sectors, highlighting that the Industrial Select Sector SPDR Fund has seen a significant drop from its recent high. This implies that industrial stocks may present a more attractive dip-buying opportunity than pricey tech stocks.",https://images.barrons.com/im-47419481?width=639&height=426,Barron's,General,Barron's,"[{'topic': 'financial_markets', 'relevance_score': '0.931926'}, {'topic': 'technology', 'relevance_score': '0.823865'}, {'topic': 'manufacturing', 'relevance_score': '0.719812'}]",-0.11794,Neutral,"[{'ticker': 'XLI', 'relevance_score': '1.000000', 'ticker_sentiment_score': '0.123810', 'ticker_sentiment_label': 'Neutral'}, {'ticker': 'ADBE', 'relevance_score': '0.615566', 'ticker_sentiment_score': '-0.184787', 'ticker_sentiment_label': 'Somewhat-Bearish'}, {'ticker': 'AMZN', 'relevance_score': '0.561916', 'ticker_sentiment_score': '-0.186749', 'ticker_sentiment_label': 'Somewhat-Bearish'}, {'ticker': 'MSFT', 'relevance_score': '0.532864', 'ticker_sentiment_score': '-0.176322', 'ticker_sentiment_label': 'Somewhat-Bearish'}]"
Georgia Power warns customers to be ‘vigilant of scams’ in the new year,https://www.wsbtv.com/news/local/atlanta/georgia-power-warns-customers-be-vigilant-scams-new-year/7ABRXKZCR5F4VPS3AGOBJYXZS4/,20250103T055528,['WSBTV.com News Staff'],"Georgia Power is warning its customers to be vigilant against various scams, especially around the new year and tax season when scam attempts typically increase. The company highlighted tech scams involving unauthorized payment apps like Cash App and fake digital ads leading to fraudulent websites designed to steal personal or financial information. Georgia Power emphasized that it will never demand immediate payment via credit card, pre-paid debit card, cryptocurrency, or money transfer apps over the phone, nor collect payments in person outside of authorized locations.",https://cmg-cmg-tv-10010-prod.cdn.arcpublishing.com/resizer/v2/NIF3FF6MINE65AI5DJ7HANNHAA.jpeg?smart=true&auth=74864c37d8996f021d8ab2305213526d253d173971d04e4dd3aef68c6b44ef3f&width=1280&height=720,WSB-TV,General,WSB-TV,"[{'topic': 'finance', 'relevance_score': '1.000000'}, {'topic': 'technology', 'relevance_score': '0.839094'}, {'topic': 'economy_macro', 'relevance_score': '0.630392'}]",0.043664,Neutral,"[{'ticker': 'GPJA', 'relevance_score': '0.313186', 'ticker_sentiment_score': '0.018907', 'ticker_sentiment_label': 'Neutral'}, {'ticker': 'SO', 'relevance_score': '0.942213', 'ticker_sentiment_score': '0.234294', 'ticker_sentiment_label': 'Somewhat-Bullish'}, {'ticker': 'GOOGL', 'relevance_score': '0.624296', 'ticker_sentiment_score': '-0.123418', 'ticker_sentiment_label': 'Neutral'}, {'ticker': 'AMZN', 'relevance_score': '0.608215', 'ticker_sentiment_score': '-0.111133', 'ticker_sentiment_label': 'Neutral'}]"
"eBay Loses Motors Events Manager, NASCAR Driver Sarah Burgess To Walmart In Race For Enthusiast Buyers",https://www.valueaddedresource.net/ebay-loses-motors-events-manager-sarah-burgess-walmart/,20250104T054752,['Liz Morton'],"Walmart continues its strategy of challenging eBay in key focus categories by attracting talent, with Sarah Burgess, eBay's Sr Partnership US Motors Events Manager and NASCAR driver, moving to Walmart Marketplace. Burgess will take on a Senior Management Business Development role in Parts and Accessories, a critical category for eBay. This move highlights Walmart's aggressive push into enthusiast buyer verticals, including collectibles and pre-owned goods, often by hiring former eBay executives.",https://www.valueaddedresource.net/content/images/2025/01/burgess1-1.jpg,Value Added Resource,General,Value Added Resource,"[{'topic': 'retail_wholesale', 'relevance_score': '0.926949'}, {'topic': 'technology', 'relevance_score': '0.712294'}]",0.048125,Neutral,"[{'ticker': 'EBAY', 'relevance_score': '1.000000', 'ticker_sentiment_score': '-0.266668', 'ticker_sentiment_label': 'Somewhat-Bearish'}, {'ticker': 'WMT', 'relevance_score': '0.976307', 'ticker_sentiment_score': '0.207313', 'ticker_sentiment_label': 'Somewhat-Bullish'}, {'ticker': 'AMZN', 'relevance_score': '0.600856', 'ticker_sentiment_score': '0.061028', 'ticker_sentiment_label': 'Neutral'}]"
"Cybersecurity pioneer, tech CEO Amit Yoran dies 'unexpectedly' amid cancer battle",https://www.foxbusiness.com/technology/cybersecurity-pioneer-tech-ceo-amit-yoran-dies-unexpectedly-cancer-battle,20250104T164900,['Andrea Margolis'],"Amit Yoran, the CEO of Tenable Holdings and a prominent figure in cybersecurity, has died unexpectedly at 54 after a battle with cancer. Yoran was a visionary leader, having also founded the U.S. Computer Emergency Readiness Team (US-CERT) program at the Department of Homeland Security. His leadership transformed Tenable into a global leader in exposure management, and his contributions to the cybersecurity field are described as indelible.",https://a57.foxnews.com/static.foxbusiness.com/foxbusiness.com/content/uploads/2025/01/931/523/tenable-ceo-amit-1.png?ve=1&tl=1,Fox Business,General,Fox Business,"[{'topic': 'technology', 'relevance_score': '1.000000'}]",-0.029236,Neutral,"[{'ticker': 'TENB', 'relevance_score': '1.000000', 'ticker_sentiment_score': '-0.434049', 'ticker_sentiment_label': 'Bearish'}, {'ticker': 'GOOG', 'relevance_score': '0.605106', 'ticker_sentiment_score': '0.124239', 'ticker_sentiment_label': 'Neutral'}, {'ticker': 'AMZN', 'relevance_score': '0.632263', 'ticker_sentiment_score': '0.109133', 'ticker_sentiment_label': 'Neutral'}, {'ticker': 'CSCO', 'relevance_score': '0.602398', 'ticker_sentiment_score': '0.100237', 'ticker_sentiment_label': 'Neutral'}, {'ticker': 'MSFT', 'relevance_score': '0.644554', 'ticker_sentiment_score': '0.114320', 'ticker_sentiment_label': 'Neutral'}]"
Schwab Trading Activity Index™: December Score Edges Higher for Third Consecutive Month,https://pressroom.aboutschwab.com/press-releases/press-release/2025/Schwab-Trading-Activity-Index-December-Score-Edges-Higher-for-Third-Consecutive-Month/default.aspx,20250106T000000,[],"The Schwab Trading Activity Index™ (STAX) increased to 51.16 in December, marking its third consecutive monthly rise. Schwab clients net bought equities, adding exposure in Health Care and Energy sectors, while selling Information Technology and Communication Services. The report highlights market volatility, key economic data releases, and popular stocks bought and sold by Schwab clients throughout December and the entirety of 2024.",https://mms.businesswire.com/media/20250106221369/en/2343253/4/STAX_CHART_DEC24_1.jpg,Charles Schwab Press Releases,General,Charles Schwab Press Releases,"[{'topic': 'financial_markets', 'relevance_score': '0.918388'}, {'topic': 'economy_macro', 'relevance_score': '0.803825'}, {'topic': 'economy_monetary', 'relevance_score': '0.725845'}, {'topic': 'technology', 'relevance_score': '0.633536'}, {'topic': 'life_sciences', 'relevance_score': '0.338305'}]",0.131924,Neutral,"[{'ticker': 'SCHW', 'relevance_score': '1.000000', 'ticker_sentiment_score': '0.294726', 'ticker_sentiment_label': 'Somewhat-Bullish'}, {'ticker': 'NVDA', 'relevance_score': '0.628135', 'ticker_sentiment_score': '0.305403', 'ticker_sentiment_label': 'Somewhat-Bullish'}, {'ticker': 'TSLA', 'relevance_score': '0.508710', 'ticker_sentiment_score': '-0.213698', 'ticker_sentiment_label': 'Somewhat-Bearish'}, {'ticker': 'AAPL', 'relevance_score': '0.543215', 'ticker_sentiment_score': '-0.242404', 'ticker_sentiment_label': 'Somewhat-Bearish'}, {'ticker': 'AMZN', 'relevance_score': '0.401224', 'ticker_sentiment_score': '0.317913', 'ticker_sentiment_label': 'Somewhat-Bullish'}]"
How Akamai regained control of its runaway cloud bills,https://www.ciodive.com/news/akamai-cloud-cost-reduction-cio-kate-prouty/736481/,20250106T052151,['Matt Ashare'],"Akamai, a technology company, significantly reduced its cloud spending by 40% in the first year of ""Project Cirrus"" after realizing its cloud bills had ballooned to hundreds of millions due to organic growth and acquisitions. The project involved repatriating some workloads to Akamai's acquired Linode cloud platform, reconfiguring others, and addressing inefficiencies like overprovisioning and a lack of oversight. Akamai's CIO, Kate Prouty, emphasized the importance of a strategic overhaul, educating engineers on cost stewardship, and making more deliberate choices for cloud workloads based on business outcomes.",https://imgproxy.divecdn.com/0cIPF6gmclgIC5CQCm7w8SD0BpBY0IIzN2Fpx6P5jr4/g:ce/rs:fill:1200:675:1/Z3M6Ly9kaXZlc2l0ZS1zdG9yYWdlL2RpdmVpbWFnZS9HZXR0eUltYWdlcy0yMTU5OTM4MjU0LmpwZw==.webp,CIO Dive,General,CIO Dive,"[{'topic': 'technology', 'relevance_score': '1.000000'}, {'topic': 'finance', 'relevance_score': '0.710715'}]",0.140913,Neutral,"[{'ticker': 'AKAM', 'relevance_score': '0.957067', 'ticker_sentiment_score': '0.302893', 'ticker_sentiment_label': 'Somewhat-Bullish'}, {'ticker': 'MSFT', 'relevance_score': '0.619075', 'ticker_sentiment_score': '0.112889', 'ticker_sentiment_label': 'Neutral'}, {'ticker': 'AMZN', 'relevance_score': '0.614580', 'ticker_sentiment_score': '0.140527', 'ticker_sentiment_label': 'Neutral'}, {'ticker': 'GOOGL', 'relevance_score': '0.620157', 'ticker_sentiment_score': '0.109822', 'ticker_sentiment_label': 'Neutral'}, {'ticker': 'CSCO', 'relevance_score': '0.593366', 'ticker_sentiment_score': '0.060004', 'ticker_sentiment_label': 'Neutral'}]"
Selling Covered Calls: How to Do It,https://www.nerdwallet.com/investing/learn/what-are-covered-calls,20250106T061833,"['Sam Taube', 'Pamela de la Fuente', 'Andy Rosen']","Selling covered calls is an options trading strategy where investors sell call options on stocks they already own to generate income. This conservative technique involves receiving a premium, but it carries the risk of limiting potential upside if the stock price significantly increases above the strike price. The article explains the mechanics, pros, and cons of covered calls, differentiating them from riskier ""naked calls"" and exploring covered call ETFs as an alternative.",https://www.nerdwallet.com/tachyon/2022/11/GettyImages-1363267248.jpg?resize=770%2C462,NerdWallet,General,NerdWallet,"[{'topic': 'financial_markets', 'relevance_score': '0.903850'}, {'topic': 'finance', 'relevance_score': '0.700904'}]",0.078895,Neutral,"[{'ticker': 'NRDS', 'relevance_score': '0.339299', 'ticker_sentiment_score': '0.040036', 'ticker_sentiment_label': 'Neutral'}, {'ticker': 'AMZN', 'relevance_score': '0.624978', 'ticker_sentiment_score': '0.114149', 'ticker_sentiment_label': 'Neutral'}]"
Carbon6 to be acquired by US-based SPS Commerce for $301 million CAD to grow e-commerce merchant toolkit,https://betakit.com/carbon6-to-be-acquired-by-us-based-sps-commerce-for-301-million-cad-to-grow-e-commerce-merchant-toolkit/,20250106T063142,['Madison McLauchlan'],"Toronto-based e-commerce software aggregator Carbon6 Technologies is being acquired by Minneapolis-based SPS Commerce for $301 million CAD ($210 million USD), with the transaction expected to close in Q1 2025. Carbon6's model involved acquiring numerous companies to build an all-in-one platform for Amazon merchants, and SPS Commerce believes the acquisition will expand its network and revenue recovery capabilities. The deal will bring an additional $40 million in revenue for SPS Commerce in 2025 and grow its adjusted EBITDA by approximately $5.5 million.",https://cdn.betakit.com/wp-content/uploads/2024/07/Carbon-6-Team_feature-770x513.jpg,BetaKit,General,BetaKit,"[{'topic': 'mergers_and_acquisitions', 'relevance_score': '1.000000'}, {'topic': 'technology', 'relevance_score': '0.808341'}, {'topic': 'retail_wholesale', 'relevance_score': '0.702750'}]",0.329611,Somewhat-Bullish,"[{'ticker': 'SPSC', 'relevance_score': '1.000000', 'ticker_sentiment_score': '0.495269', 'ticker_sentiment_label': 'Bullish'}, {'ticker': 'AMZN', 'relevance_score': '0.639369', 'ticker_sentiment_score': '0.202554', 'ticker_sentiment_label': 'Somewhat-Bullish'}]"
Ambiq and ThinkAR Disrupt the AR Glasses Industry with the AiLens,https://www.globenewswire.com/news-release/2025/01/07/3005541/0/en/Ambiq-and-ThinkAR-Disrupt-the-AR-Glasses-Industry-with-the-AiLens.html,20250107T052222,[],"Ambiq and ThinkAR have partnered to launch AiLens, a lightweight pair of smart AR glasses designed for everyday wear. These glasses weigh only 37 grams, offer over 10 hours of battery life, and are powered by Ambiq's ultra-efficient Apollo4 System-on-Chip (SoC) and ThinkAR's advanced AI capabilities. AiLens aims to redefine the AR glasses market with features like an AI-powered personal assistant, real-time language translation, and seamless integration with various platforms.",https://ml.globenewswire.com/Resource/Download/ac1f0d55-39d3-4233-a349-96cdda8ef154/ambiq-and-thinkar1200x800-pr.jpg,GlobeNewswire,General,GlobeNewswire,"[{'topic': 'technology', 'relevance_score': '0.907973'}]",0.392129,Bullish,"[{'ticker': 'AMBQ', 'relevance_score': '1.000000', 'ticker_sentiment_score': '0.822606', 'ticker_sentiment_label': 'Bullish'}, {'ticker': 'GOOG', 'relevance_score': '0.621625', 'ticker_sentiment_score': '0.201041', 'ticker_sentiment_label': 'Somewhat-Bullish'}, {'ticker': 'MSFT', 'relevance_score': '0.649439', 'ticker_sentiment_score': '0.229470', 'ticker_sentiment_label': 'Somewhat-Bullish'}, {'ticker': 'AMZN', 'relevance_score': '0.609367', 'ticker_sentiment_score': '0.246147', 'ticker_sentiment_label': 'Somewhat-Bullish'}]"
BBVA Accelerates Banking Innovation with AWS Cloud Migration,https://fintechmagazine.com/articles/why-bbva-has-selected-aws-for-global-data-platform-migration,20250107T053125,['Louis Thompsett'],"BBVA has successfully migrated its data platform to Amazon Web Services (AWS) across its European operations, significantly reducing analytics task times by 94%. This move enhances BBVA's data storage, processing capabilities, and security, with plans to expand the ADA platform to Latin American markets by 2025. The strategic partnership with AWS aims to leverage advanced analytics, AI, and machine learning to drive technological innovation and improve customer services globally.",https://assets.bizclikmedia.net/138/15eb8153434ee73023c74b070ac96cb5:ee269587c7f4c939de0d5142032d638c/bbva-ai-factory.webp,FinTech Magazine,General,FinTech Magazine,"[{'topic': 'finance', 'relevance_score': '0.924235'}, {'topic': 'technology', 'relevance_score': '0.829695'}]",0.238221,Somewhat-Bullish,"[{'ticker': 'BBAR', 'relevance_score': '0.300383', 'ticker_sentiment_score': '0.036625', 'ticker_sentiment_label': 'Neutral'}, {'ticker': 'AMZN', 'relevance_score': '1.000000', 'ticker_sentiment_score': '0.408366', 'ticker_sentiment_label': 'Bullish'}]"
JPMorgan Chase reportedly joins the 5-days-a-week RTO wave,https://www.hrdive.com/news/jpmorgan-chase-reportedly-joins-the-5-days-a-week-rto-wave/736842/,20250108T000000,['Caroline Colvin'],"J.P. Morgan Chase & Co. is reportedly joining Goldman Sachs in requiring employees to work from the office five days a week, hinting at a potential new norm for financial services firms. CEO Jamie Dimon has been a strong proponent of in-person work, stating that ""In general, there's nothing like face-to-face."" This move comes despite warnings from some experts about potential employee dissatisfaction and signaling employer mistrust regarding all-or-nothing work arrangements.",https://www.hrdive.com/img/social_share_header.png,HR Dive,General,HR Dive,"[{'topic': 'finance', 'relevance_score': '0.906469'}, {'topic': 'economy_macro', 'relevance_score': '0.736731'}]",0.026466,Neutral,"[{'ticker': 'JPM-P-D', 'relevance_score': '0.316771', 'ticker_sentiment_score': '0.025733', 'ticker_sentiment_label': 'Neutral'}, {'ticker': 'JPM', 'relevance_score': '1.000000', 'ticker_sentiment_score': '0.115905', 'ticker_sentiment_label': 'Neutral'}, {'ticker': 'GS', 'relevance_score': '0.721216', 'ticker_sentiment_score': '0.045627', 'ticker_sentiment_label': 'Neutral'}, {'ticker': 'AMZN', 'relevance_score': '0.603279', 'ticker_sentiment_score': '0.007642', 'ticker_sentiment_label': 'Neutral'}, {'ticker': 'MS', 'relevance_score': '0.639145', 'ticker_sentiment_score': '0.049102', 'ticker_sentiment_label': 'Neutral'}]"
"EXEC: Hydro Flask Adds Velocity with Expanding Amazon, Target and Costco Programs",https://sgbonline.com/hydro-flask-and-osprey-provide-lift-for-parent-company-in-fiscal-q3-period/,20250108T055647,['SGB Executive'],"Helen of Troy Limited, parent company of Hydro Flask, Osprey, and OXO brands, reported positive momentum in its Home & Outdoor segment for Q3 fiscal year 2025, partially offsetting declines in Beauty & Wellness. Hydro Flask saw significant distribution gains at Target and Costco, alongside strong e-commerce performance, including being Amazon's #1 Best Seller during Prime Day. The company also detailed its Project Pegasus restructuring plan, aimed at improving operating margins, and provided an updated fiscal 2025 outlook including the acquisition of Olive & June.",https://sgbonline.com/wp-content/uploads/2025/01/layouthydroflask.jpg,SGB Media Online,General,SGB Media Online,"[{'topic': 'earnings', 'relevance_score': '0.907699'}, {'topic': 'retail_wholesale', 'relevance_score': '0.821950'}, {'topic': 'finance', 'relevance_score': '0.740011'}, {'topic': 'economy_macro', 'relevance_score': '0.638096'}, {'topic': 'mergers_and_acquisitions', 'relevance_score': '0.631736'}]",0.317169,Somewhat-Bullish,"[{'ticker': 'HELE', 'relevance_score': '1.000000', 'ticker_sentiment_score': '0.259125', 'ticker_sentiment_label': 'Somewhat-Bullish'}, {'ticker': 'AMZN', 'relevance_score': '0.714153', 'ticker_sentiment_score': '0.319479', 'ticker_sentiment_label': 'Somewhat-Bullish'}, {'ticker': 'TGT', 'relevance_score': '0.689684', 'ticker_sentiment_score': '0.309836', 'ticker_sentiment_label': 'Somewhat-Bullish'}, {'ticker': 'COST', 'relevance_score': '0.640948', 'ticker_sentiment_score': '0.303192', 'ticker_sentiment_label': 'Somewhat-Bullish'}, {'ticker': 'WMT', 'relevance_score': '0.576294', 'ticker_sentiment_score': '0.225026', 'ticker_sentiment_label': 'Somewhat-Bullish'}]"
"News | Albertsons steps up streamlining of stores, including closings",https://www.costar.com/article/285529998/albertsons-steps-up-streamlining-of-stores-including-closings,20250108T213500,['Linda Moss'],"Albertsons is moving forward with streamlining its store portfolio, which will include both opening and closing locations, after its proposed merger with Kroger was blocked. The company aims to cut $1.5 billion in costs over the next three years and will focus on optimizing its real estate footprint. While there may be more closures than previously seen due to ""general hygiene of the real estate portfolio,"" Albertsons also plans for new store openings and will consider strategic transactions to create long-term shareholder value.",https://www.costar.com/_next/image?url=https%3A%2F%2Fcostar.brightspotcdn.com%2Fdims4%2Fdefault%2F67f1435%2F2147483647%2Fstrip%2Ftrue%2Fcrop%2F2048x1366%2B0%2B0%2Fresize%2F2048x1366!%2Fquality%2F100%2F%3Furl%3Dhttp%253A%252F%252Fcostar-brightspot.s3.us-east-1.amazonaws.com%252Fe3%252Fe1%252Fff8fb2604ef88e130d503507fc4c%252Fal2image-2025-01-08t143523.080.jpg&w=3840&q=75,CoStar,General,CoStar,"[{'topic': 'earnings', 'relevance_score': '0.909218'}, {'topic': 'mergers_and_acquisitions', 'relevance_score': '0.939882'}, {'topic': 'retail_wholesale', 'relevance_score': '0.906407'}, {'topic': 'real_estate', 'relevance_score': '0.706958'}]",0.045511,Neutral,"[{'ticker': 'ACI', 'relevance_score': '0.306876', 'ticker_sentiment_score': '0.031264', 'ticker_sentiment_label': 'Neutral'}, {'ticker': 'KR', 'relevance_score': '0.916580', 'ticker_sentiment_score': '-0.237546', 'ticker_sentiment_label': 'Somewhat-Bearish'}, {'ticker': 'WMT', 'relevance_score': '0.749586', 'ticker_sentiment_score': '0.121622', 'ticker_sentiment_label': 'Neutral'}, {'ticker': 'AMZN', 'relevance_score': '0.630359', 'ticker_sentiment_score': '0.115888', 'ticker_sentiment_label': 'Neutral'}, {'ticker': 'COST', 'relevance_score': '0.613359', 'ticker_sentiment_score': '0.135258', 'ticker_sentiment_label': 'Neutral'}]"
"Lumen’s Finke Charts Network, AI Intersections",https://www.meritalk.com/articles/meritalk-qa-lumens-finke-charts-network-ai-intersections/,20250109T125800,['John Curran'],"Josh Finke, Lumen's Senior Vice President, Public Sector, discusses how Lumen Technologies is supporting Federal government agencies with network modernization and AI integration. The company is focusing on simplifying technology consumption, enhancing network security and reliability, and building an ""AI fabric"" to support data-intensive AI workloads. Finke also shared Lumen's perspective on Federal AI policy, emphasizing a multi-phase approach to AI adoption for measurable outcomes.",https://www.meritalk.com/wp-content/uploads/2025/01/shutterstock_1933737308-e1736445437119.jpg,MeriTalk,General,MeriTalk,"[{'topic': 'technology', 'relevance_score': '0.935312'}, {'topic': 'economy_fiscal', 'relevance_score': '0.631748'}]",0.366194,Bullish,"[{'ticker': 'LUMN', 'relevance_score': '1.000000', 'ticker_sentiment_score': '0.493249', 'ticker_sentiment_label': 'Bullish'}, {'ticker': 'MSFT', 'relevance_score': '0.646396', 'ticker_sentiment_score': '0.313451', 'ticker_sentiment_label': 'Somewhat-Bullish'}, {'ticker': 'AMZN', 'relevance_score': '0.601674', 'ticker_sentiment_score': '0.306518', 'ticker_sentiment_label': 'Somewhat-Bullish'}, {'ticker': 'GOOGL', 'relevance_score': '0.602602', 'ticker_sentiment_score': '0.343568', 'ticker_sentiment_label': 'Somewhat-Bullish'}, {'ticker': 'CSCO', 'relevance_score': '0.584828', 'ticker_sentiment_score': '0.285578', 'ticker_sentiment_label': 'Somewhat-Bullish'}]"
"Israeli companies Teva, Wix listed as 2025 top stock picks by analysts",https://www.jpost.com/business-and-innovation/article-836868,20250109T192300,['SHIRI HABIB-VALDHORN/GLOBES/TNS'],"US analysts have identified two Israeli companies, Teva Pharmaceutical Industries Ltd. and Wix.com Ltd., as top stock picks for 2025. Bank of America raised its price target for Teva, citing its stabilizing financial profile and strong product pipeline, while Cantor Fitzgerald selected Wix, highlighting its product roadmap, pricing strength, and potential as an acquisition target. Both companies saw significant stock price increases in 2024.","https://images.jpost.com/image/upload/f_auto,fl_lossy/q_auto/c_fill,g_faces:center,h_720,w_1280/400142",The Jerusalem Post,General,The Jerusalem Post,"[{'topic': 'financial_markets', 'relevance_score': '0.934677'}, {'topic': 'life_sciences', 'relevance_score': '0.811406'}, {'topic': 'technology', 'relevance_score': '0.727062'}, {'topic': 'mergers_and_acquisitions', 'relevance_score': '0.622368'}, {'topic': 'earnings', 'relevance_score': '0.630059'}]",0.365171,Bullish,"[{'ticker': 'WIX', 'relevance_score': '1.000000', 'ticker_sentiment_score': '0.499929', 'ticker_sentiment_label': 'Bullish'}, {'ticker': 'BAC', 'relevance_score': '0.721001', 'ticker_sentiment_score': '0.321437', 'ticker_sentiment_label': 'Somewhat-Bullish'}, {'ticker': 'AMZN', 'relevance_score': '0.611910', 'ticker_sentiment_score': '0.327248', 'ticker_sentiment_label': 'Somewhat-Bullish'}, {'ticker': 'META', 'relevance_score': '0.607745', 'ticker_sentiment_score': '0.341166', 'ticker_sentiment_label': 'Somewhat-Bullish'}, {'ticker': 'DASH', 'relevance_score': '0.614263', 'ticker_sentiment_score': '0.342124', 'ticker_sentiment_label': 'Somewhat-Bullish'}]"
"Macy's closing 66 stores, including four in Michigan",https://www.detroitnews.com/story/business/retail/2025/01/09/macys-closing-66-stores-including-four-in-michigan/77585767007/,20250109T195700,['Candice Williams'],"Macy's Inc. announced it will close 66 underperforming stores as part of its ""Bold New Chapter"" strategy, aiming for sustainable growth. Four Michigan locations, including those in Traverse City, Sterling Heights, Troy, and Flint, are among the closures. This move reflects a broader trend of declining department store interest and increased online shopping, according to retail experts.",,The Detroit News,General,The Detroit News,"[{'topic': 'retail_wholesale', 'relevance_score': '0.949518'}, {'topic': 'economy_macro', 'relevance_score': '0.804486'}]",0.061584,Neutral,"[{'ticker': 'M', 'relevance_score': '1.000000', 'ticker_sentiment_score': '-0.366325', 'ticker_sentiment_label': 'Bearish'}, {'ticker': 'AMZN', 'relevance_score': '0.647488', 'ticker_sentiment_score': '0.162488', 'ticker_sentiment_label': 'Somewhat-Bullish'}, {'ticker': 'TGT', 'relevance_score': '0.646830', 'ticker_sentiment_score': '0.197532', 'ticker_sentiment_label': 'Somewhat-Bullish'}, {'ticker': 'WMT', 'relevance_score': '0.613238', 'ticker_sentiment_score': '0.168272', 'ticker_sentiment_label': 'Somewhat-Bullish'}]"
JPMorgan tells staff to return to the office five days a week,https://fortune.com/2025/01/10/jpmorgan-tells-staff-to-return-to-the-office-five-days-a-week/,20250110T153200,['Bloomberg'],"JPMorgan Chase & Co. has mandated that all employees return to the office five days a week starting in March, ending its hybrid work policy. While some locations currently lack the capacity, the bank aims to accommodate all employees, confirming feasibility by the end of the month. This move aligns JPMorgan with other major companies like Amazon and Walmart, despite acknowledging that not all employees will agree with the decision.",https://fortune.com/img-assets/wp-content/uploads/2025/01/GettyImages-1835546589-e1736540607535.jpg?format=webp&w=1440&q=100,Fortune,General,Fortune,"[{'topic': 'finance', 'relevance_score': '0.838517'}, {'topic': 'economy_macro', 'relevance_score': '0.622002'}]",-0.108552,Neutral,"[{'ticker': 'JPM-P-D', 'relevance_score': '0.316619', 'ticker_sentiment_score': '0.015390', 'ticker_sentiment_label': 'Neutral'}, {'ticker': 'JPM', 'relevance_score': '1.000000', 'ticker_sentiment_score': '-0.103077', 'ticker_sentiment_label': 'Neutral'}, {'ticker': 'AMZN', 'relevance_score': '0.641625', 'ticker_sentiment_score': '-0.134750', 'ticker_sentiment_label': 'Neutral'}, {'ticker': 'WMT', 'relevance_score': '0.641610', 'ticker_sentiment_score': '-0.133379', 'ticker_sentiment_label': 'Neutral'}, {'ticker': 'T', 'relevance_score': '0.615769', 'ticker_sentiment_score': '-0.139867', 'ticker_sentiment_label': 'Neutral'}]"
"美 장기채 ETF, 미워도 다시 한번…테슬라·아이온큐도 '베팅'",https://www.hankyung.com/article/202501132391i,20250113T140930,['이시은'],"국내 상위 1% 투자자들이 미 장기채 ETF인 '디렉시온 데일리 만기 20년 이상 미국 국채 3X(TMF)'를 집중적으로 순매수하고 있다. 이들은 미 중앙은행의 금리 인하 속도 조절 가능성에도 불구하고 현재 금리 수준을 고점으로 판단하고 있으며, 테슬라와 아이온큐 역시 도널드 트럼프 당선인의 영향력 확대 기대감에 힘입어 고수들의 순매수 종목에 올랐다. 반면, 레버리지 상품인 '디렉시온 데일리 테슬라 불 2X 셰어즈(TSLL)'와 팰런티어, 그리고 '매그니피센트 7' 일부 종목은 순매도세를 보였다.",https://img.hankyung.com/photo/202501/01.39184621.1.jpg,한국경제,General,한국경제,"[{'topic': 'financial_markets', 'relevance_score': '0.947846'}, {'topic': 'economy_monetary', 'relevance_score': '0.729462'}, {'topic': 'technology', 'relevance_score': '0.607557'}]",-0.035194,Neutral,"[{'ticker': 'TMF', 'relevance_score': '1.000000', 'ticker_sentiment_score': '0.298385', 'ticker_sentiment_label': 'Somewhat-Bullish'}, {'ticker': 'TSLA', 'relevance_score': '0.869040', 'ticker_sentiment_score': '0.125953', 'ticker_sentiment_label': 'Neutral'}, {'ticker': 'PLTR', 'relevance_score': '0.738417', 'ticker_sentiment_score': '-0.228998', 'ticker_sentiment_label': 'Somewhat-Bearish'}, {'ticker': 'META', 'relevance_score': '0.610343', 'ticker_sentiment_score': '-0.148222', 'ticker_sentiment_label': 'Neutral'}, {'ticker': 'AMZN', 'relevance_score': '0.635425', 'ticker_sentiment_score': '-0.140466', 'ticker_sentiment_label': 'Neutral'}]"
"Why a serial entrepreneur shops at Trader Joe’s, eschews a wristwatch, and believes the future of office work is in your computer",https://fortune.com/europe/2025/01/14/serial-entrepreneur-yext-saas-roam-howard-lerman/,20250114T021500,['Jane Thier'],"Howard Lerman, a serial entrepreneur and founder of Yext and Roam, shares insights into his ""Good Life"" and approach to work. He discusses his investment strategies, daily habits, and vision for the future of office work through his virtual office platform, Roam. Lerman emphasizes efficiency, a structured personal style, and continuous learning, while also revealing some of his luxury indulgences and travel experiences.",https://fortune.com/img-assets/wp-content/uploads/2025/01/The-good-Life-Howard-Lerman-Yext.jpg?format=webp&w=1440&q=100,Fortune,General,Fortune,"[{'topic': 'technology', 'relevance_score': '0.821379'}, {'topic': 'finance', 'relevance_score': '0.735338'}, {'topic': 'economy_macro', 'relevance_score': '0.608526'}]",0.234547,Somewhat-Bullish,"[{'ticker': 'YEXT', 'relevance_score': '1.000000', 'ticker_sentiment_score': '0.459724', 'ticker_sentiment_label': 'Bullish'}, {'ticker': 'AMZN', 'relevance_score': '0.643291', 'ticker_sentiment_score': '0.127848', 'ticker_sentiment_label': 'Neutral'}, {'ticker': 'AAPL', 'relevance_score': '0.608891', 'ticker_sentiment_score': '0.100387', 'ticker_sentiment_label': 'Neutral'}, {'ticker': 'TSLA', 'relevance_score': '0.630598', 'ticker_sentiment_score': '0.135604', 'ticker_sentiment_label': 'Neutral'}]"
Advance Auto Parts taps former Dollar General exec as CTO,https://www.ciodive.com/news/advance-auto-parts-cto-shweta-bhatia/737343/,20250114T052003,['Roberto Torres'],"Advance Auto Parts has appointed Shweta Bhatia, formerly SVP of technology at Dollar General, as its new EVP and CTO. Bhatia brings 20 years of retail technology experience, including stints at Walmart and Kohl's, and will replace Sri Donthi. Her appointment comes as Advance Auto Parts implements a turnaround plan involving store closures, cost cutting, and supply chain optimization, aiming to leverage her IT modernization expertise from Dollar General.",https://imgproxy.divecdn.com/UXVUOaePi12s3F7NEqXYuniU49r7ilp2V4g0OFEMIPc/g:ce/rs:fill:1200:675:1/Z3M6Ly9kaXZlc2l0ZS1zdG9yYWdlL2RpdmVpbWFnZS9HZXR0eUltYWdlcy0yMTY3MTQ3NzMyLmpwZw==.webp,CIO Dive,General,CIO Dive,"[{'topic': 'retail_wholesale', 'relevance_score': '0.929455'}, {'topic': 'technology', 'relevance_score': '0.843242'}, {'topic': 'finance', 'relevance_score': '0.618738'}]",0.056504,Neutral,"[{'ticker': 'AAP', 'relevance_score': '1.000000', 'ticker_sentiment_score': '0.141664', 'ticker_sentiment_label': 'Neutral'}, {'ticker': 'DG', 'relevance_score': '0.830418', 'ticker_sentiment_score': '0.142233', 'ticker_sentiment_label': 'Neutral'}, {'ticker': 'WMT', 'relevance_score': '0.608719', 'ticker_sentiment_score': '0.022615', 'ticker_sentiment_label': 'Neutral'}, {'ticker': 'AMZN', 'relevance_score': '0.648607', 'ticker_sentiment_score': '0.008662', 'ticker_sentiment_label': 'Neutral'}, {'ticker': 'TGT', 'relevance_score': '0.628265', 'ticker_sentiment_score': '0.025792', 'ticker_sentiment_label': 'Neutral'}]"
"Liberty All-Star Growth Fund Reports -3.94% December Drop, But 15.53% YTD Gain",https://www.stocktitan.net/news/ASG/liberty-all-star-growth-fund-inc-december-2024-monthly-tug7zbwcg3tb.html,20250114T055400,[],"Liberty All-Star Growth Fund (ASG) reported a -3.94% NAV and -3.75% market price performance for December 2024, despite ending the year with strong year-to-date gains of 15.53% (NAV) and 16.53% (market price). The fund's portfolio, with 97.7% invested in equities, was concentrated in Information Technology (29.5%), Health Care (16.8%), and Industrials (16.8%), holding top positions in NVIDIA, Apple, and Amazon. The fund executed significant portfolio adjustments in December and traded at a -7.4% discount to its NAV.",https://mma.prnewswire.com/media/1012043/All_Star_Funds_Logo.jpg,Stock Titan,General,Stock Titan,"[{'topic': 'earnings', 'relevance_score': '0.903666'}, {'topic': 'financial_markets', 'relevance_score': '0.821815'}, {'topic': 'finance', 'relevance_score': '0.746154'}, {'topic': 'technology', 'relevance_score': '0.648048'}, {'topic': 'life_sciences', 'relevance_score': '0.613297'}]",0.286403,Somewhat-Bullish,"[{'ticker': 'ASG', 'relevance_score': '1.000000', 'ticker_sentiment_score': '0.158404', 'ticker_sentiment_label': 'Somewhat-Bullish'}, {'ticker': 'NVDA', 'relevance_score': '0.606241', 'ticker_sentiment_score': '0.316957', 'ticker_sentiment_label': 'Somewhat-Bullish'}, {'ticker': 'AAPL', 'relevance_score': '0.645786', 'ticker_sentiment_score': '0.318415', 'ticker_sentiment_label': 'Somewhat-Bullish'}, {'ticker': 'AMZN', 'relevance_score': '0.644165', 'ticker_sentiment_score': '0.303584', 'ticker_sentiment_label': 'Somewhat-Bullish'}]"
Why Have Dividend Stock Strategies Been Underperforming?,https://www.morningstar.com/markets/why-have-dividend-stock-strategies-been-underperforming,20250114T055523,['Bella Albrecht'],"Dividend stock strategies significantly underperformed the broader market in 2024, with the Morningstar Dividend Composite Index rising 15.7% compared to the Morningstar US Market Index's 24.1% gain. This underperformance is primarily attributed to the low exposure to technology stocks within dividend strategies, as tech and communication services were the best-performing sectors. Additionally, many top market contributors like Nvidia, Apple, and Amazon have low or no dividend payouts, favoring share repurchases as a way to return cash to shareholders, which dividend indexes typically do not capture.",https://cloudfront-us-east-1.images.arcpublishing.com/morningstar/TJX662DLHZGBHLOE7V4S4FCQAU.png,Morningstar,General,Morningstar,"[{'topic': 'financial_markets', 'relevance_score': '0.922018'}, {'topic': 'technology', 'relevance_score': '0.832311'}]",0.219992,Somewhat-Bullish,"[{'ticker': 'GOOG', 'relevance_score': '0.822674', 'ticker_sentiment_score': '0.136138', 'ticker_sentiment_label': 'Neutral'}, {'ticker': 'NVDA', 'relevance_score': '0.946663', 'ticker_sentiment_score': '0.207642', 'ticker_sentiment_label': 'Somewhat-Bullish'}, {'ticker': 'AAPL', 'relevance_score': '0.938164', 'ticker_sentiment_score': '0.243107', 'ticker_sentiment_label': 'Somewhat-Bullish'}, {'ticker': 'AMZN', 'relevance_score': '0.932936', 'ticker_sentiment_score': '0.207402', 'ticker_sentiment_label': 'Somewhat-Bullish'}, {'ticker': 'MSFT', 'relevance_score': '0.812266', 'ticker_sentiment_score': '0.249319', 'ticker_sentiment_label': 'Somewhat-Bullish'}]"
What’s new with Matter: how Matter 1.4 is reshaping interoperability and energy management,https://www.eeworldonline.com/?p=514283,20250114T063015,['Rob Alexander'],"Matter 1.4 is the latest update to the smart home interoperability standard, introducing support for new device types like solar panels, heat pumps, and water heaters, alongside enhanced energy management features. This update also streamlines the multi-admin experience, allowing users to connect devices to several smart home systems more efficiently. While adoption is gradual, Matter 1.4 further solidifies the protocol's goal of creating a unified and user-friendly smart home ecosystem.",,EE World Online,General,EE World Online,"[{'topic': 'technology', 'relevance_score': '0.938883'}]",0.351169,Bullish,"[{'ticker': 'SLAB', 'relevance_score': '1.000000', 'ticker_sentiment_score': '0.492441', 'ticker_sentiment_label': 'Bullish'}, {'ticker': 'AAPL', 'relevance_score': '0.715102', 'ticker_sentiment_score': '0.310596', 'ticker_sentiment_label': 'Somewhat-Bullish'}, {'ticker': 'AMZN', 'relevance_score': '0.708913', 'ticker_sentiment_score': '0.343497', 'ticker_sentiment_label': 'Somewhat-Bullish'}, {'ticker': 'GOOG', 'relevance_score': '0.747011', 'ticker_sentiment_score': '0.302050', 'ticker_sentiment_label': 'Somewhat-Bullish'}, {'ticker': 'GOOGL', 'relevance_score': '0.700315', 'ticker_sentiment_score': '0.318558', 'ticker_sentiment_label': 'Somewhat-Bullish'}]"
Premier Protein® Launches NEW Line of Indulgent High Protein Shakes,https://www.prnewswire.com/news-releases/premier-protein-launches-new-line-of-indulgent-high-protein-shakes-302351845.html,20250115T053412,[],"Premier Protein has launched a new line of ""Indulgence"" high protein shakes, offering four dessert-inspired flavors: Decadent Dark Chocolate, Salted Caramel Truffle, Chocolate Covered Strawberry, and White Chocolate Raspberry. Each shake contains 30g of protein, 3g of sugar, and 170 calories, aiming to satisfy sweet cravings while supporting health and wellness goals. The new shakes are available at Walmart and Amazon, with more information on premierprotein.com.",https://mma.prnewswire.com/media/2851354/Premier_Protein_x_Michelle_Buteau_HERO.jpg?w=300,PR Newswire,General,PR Newswire,"[{'topic': 'retail_wholesale', 'relevance_score': '0.911512'}, {'topic': 'life_sciences', 'relevance_score': '0.628334'}]",0.125163,Neutral,"[{'ticker': 'BRBR', 'relevance_score': '0.327904', 'ticker_sentiment_score': '0.004423', 'ticker_sentiment_label': 'Neutral'}, {'ticker': 'WMT', 'relevance_score': '0.623262', 'ticker_sentiment_score': '0.225079', 'ticker_sentiment_label': 'Somewhat-Bullish'}, {'ticker': 'AMZN', 'relevance_score': '0.555764', 'ticker_sentiment_score': '0.126555', 'ticker_sentiment_label': 'Neutral'}]"
Energy Vault Shares Rise On NuCube Partnership For Modular Nuclear Reactors: Retail Applauds Carbon-Free Energy Push,https://stocktwits.com/news-articles/markets/equity/energy-vault-stock-gains-on-partnership-nuclear-reactor/chGqqEPRVp,20250115T061835,['Prabhjote Gill'],"Energy Vault Holdings Inc. (NRGV) saw its stock jump over 9% following an announcement of a partnership with NuCube Energy. This collaboration aims to accelerate the deployment of NuCube’s small, modular microreactor, NuSun, designed to power industrial and data-center applications, by late 2028 or early 2029. Energy Vault will contribute expertise in material science and integrate its VaultOS platform to manage energy storage and the NuSun hardware, addressing the growing demand for sustainable and reliable energy solutions for hyperscalers.",https://st-everywhere-cms-prod.s3.us-east-1.amazonaws.com/oklo_nuclear_plant_representative_resized2_4fef6c8f3d.jpg,Stocktwits,General,Stocktwits,"[{'topic': 'energy_transportation', 'relevance_score': '0.913490'}]",0.362696,Bullish,"[{'ticker': 'NRGV', 'relevance_score': '1.000000', 'ticker_sentiment_score': '0.429773', 'ticker_sentiment_label': 'Bullish'}, {'ticker': 'MSFT', 'relevance_score': '0.632620', 'ticker_sentiment_score': '0.333007', 'ticker_sentiment_label': 'Somewhat-Bullish'}, {'ticker': 'AMZN', 'relevance_score': '0.579329', 'ticker_sentiment_score': '0.250121', 'ticker_sentiment_label': 'Somewhat-Bullish'}]"
AI revolution: Impact Series,https://www.ib.barclays/our-insights/ai-revolution-meeting-massive-infrastructure-demand.html,20250116T053150,"['Christian Keller', 'William Thompson', 'Akash Utsav']","The article discusses the significant infrastructure demands of the AI revolution, highlighting the strain on resources like power, land, water, and materials due to increasing AI adoption and model training. It emphasizes the need for responsible and sustainable development of AI, examining energy consumption by data centers and the growing demand for ""firm"" and ""dispatchable"" power sources like nuclear and geothermal energy. Authors Christian Keller, William Thompson, and Akash Utsav contributed to this Impact Series report from Barclays Research, stressing the global challenge of balancing economic opportunities with environmental sustainability in AI development.",https://www.ib.barclays/content/dam/barclaysmicrosites/ibpublic/Images/ourinsights/PoweringAI2/PoweringAI_New_Article_Header_624x642.jpg,Barclays Investment Bank,General,Barclays Investment Bank,"[{'topic': 'technology', 'relevance_score': '0.944334'}, {'topic': 'energy_transportation', 'relevance_score': '0.808183'}, {'topic': 'economy_macro', 'relevance_score': '0.745236'}]",0.226921,Somewhat-Bullish,"[{'ticker': 'BCS', 'relevance_score': '1.000000', 'ticker_sentiment_score': '0.254066', 'ticker_sentiment_label': 'Somewhat-Bullish'}, {'ticker': 'AMZN', 'relevance_score': '0.735309', 'ticker_sentiment_score': '0.249736', 'ticker_sentiment_label': 'Somewhat-Bullish'}, {'ticker': 'GOOGL', 'relevance_score': '0.624843', 'ticker_sentiment_score': '0.211703', 'ticker_sentiment_label': 'Somewhat-Bullish'}, {'ticker': 'MSFT', 'relevance_score': '0.719719', 'ticker_sentiment_score': '0.231581', 'ticker_sentiment_label': 'Somewhat-Bullish'}, {'ticker': 'META', 'relevance_score': '0.638355', 'ticker_sentiment_score': '0.218348', 'ticker_sentiment_label': 'Somewhat-Bullish'}]"
Milka chocolate sold in Canada recalled for containing undeclared nuts,https://www.cbc.ca/news/business/milka-recall-hazelnut-chocolate-bar-1.7432841,20250116T090600,['Jenna Benchetrit'],"Milka chocolate bars, specifically the Bubbly Alpine Milk product, have been recalled across Canada due to undeclared hazelnuts, posing a risk to those with allergies. The Canadian Food Inspection Agency (CFIA) issued the recall, noting the product was distributed in several provinces and sold online. Mondelez International, owner of Milka, stated the product was not authorized for sale in Canada by their Canadian entity and attributed the issue to an incorrect label applied by an unauthorized distributor.",,CBC,General,CBC,"[{'topic': 'retail_wholesale', 'relevance_score': '0.946601'}]",0.009449,Neutral,"[{'ticker': 'MDLZ', 'relevance_score': '0.931499', 'ticker_sentiment_score': '0.008967', 'ticker_sentiment_label': 'Neutral'}, {'ticker': 'AMZN', 'relevance_score': '0.638713', 'ticker_sentiment_score': '0.038511', 'ticker_sentiment_label': 'Neutral'}]"
Biden Administration Releases Executive Order on AI Infrastructure,https://www.insideenergyandenvironment.com/2025/01/biden-administration-releases-executive-order-on-ai-infrastructure/,20250117T052132,"['Nicholas Xenakis', 'Carol Browner', 'Kevin Poloncarz', 'Gary S. Guzy', 'W. Andrew Jack', 'Jayni Hein', 'Robert Huffman', 'Ryan Burnette & August Gweon']","The Biden Administration issued an Executive Order on AI Infrastructure on January 14, 2025, aimed at advancing U.S. leadership in AI, preventing reliance on foreign infrastructure, and promoting clean energy for AI operations. The EO directs federal agencies to lease federal land for private-sector construction of ""frontier AI infrastructure,"" including data centers and clean energy facilities, by specified timelines. It also outlines requirements for expedited permitting and upgrades to electricity grid infrastructure to support these AI developments.",,Inside Energy & Environment,General,Inside Energy & Environment,"[{'topic': 'technology', 'relevance_score': '0.936916'}, {'topic': 'economy_fiscal', 'relevance_score': '0.838162'}, {'topic': 'energy_transportation', 'relevance_score': '0.727397'}]",0.237317,Somewhat-Bullish,"[{'ticker': 'AIIA', 'relevance_score': '0.901678', 'ticker_sentiment_score': '0.318781', 'ticker_sentiment_label': 'Somewhat-Bullish'}, {'ticker': 'MSFT', 'relevance_score': '0.616163', 'ticker_sentiment_score': '0.205971', 'ticker_sentiment_label': 'Somewhat-Bullish'}, {'ticker': 'NVDA', 'relevance_score': '0.622452', 'ticker_sentiment_score': '0.241622', 'ticker_sentiment_label': 'Somewhat-Bullish'}, {'ticker': 'AMZN', 'relevance_score': '0.567161', 'ticker_sentiment_score': '0.169762', 'ticker_sentiment_label': 'Somewhat-Bullish'}, {'ticker': 'GOOGL', 'relevance_score': '0.553187', 'ticker_sentiment_score': '0.188180', 'ticker_sentiment_label': 'Somewhat-Bullish'}]"
"IMAX Secures Netflix Deal for Exclusive 'Narnia' Theatrical Release, Stock Jumps",https://finance.yahoo.com/news/imax-secures-netflix-deal-exclusive-173331532.html,20250117T055924,['Anusuya Lahiri'],"IMAX has announced a deal with Netflix to exclusively release Greta Gerwig's ""Narnia"" film across its global theater network for two weeks starting Thanksgiving 2026, before it premieres on Netflix at Christmas 2026. This move, which caused IMAX stock to jump, marks a rare theatrical-first strategy for Netflix, known for premiering films directly on its platform. The collaboration follows Netflix's previous efforts to attract subscribers through premium sports content and its crackdown on password sharing.",https://s.yimg.com/ny/api/res/1.2/kmo2bUhyOoGscvn0v5jd_A--/YXBwaWQ9aGlnaGxhbmRlcjt3PTk2MDtoPTU0MDtjZj13ZWJw/https://media.zenfs.com/en/Benzinga/0ef6b15373ba6312fee5122fb22ea3a5,Yahoo Finance,General,Yahoo Finance,"[{'topic': 'earnings', 'relevance_score': '0.939308'}, {'topic': 'financial_markets', 'relevance_score': '0.829133'}, {'topic': 'technology', 'relevance_score': '0.703754'}, {'topic': 'retail_wholesale', 'relevance_score': '0.608657'}]",0.265104,Somewhat-Bullish,"[{'ticker': 'IMAX', 'relevance_score': '1.000000', 'ticker_sentiment_score': '0.443349', 'ticker_sentiment_label': 'Bullish'}, {'ticker': 'NFLX', 'relevance_score': '0.942350', 'ticker_sentiment_score': '0.302115', 'ticker_sentiment_label': 'Somewhat-Bullish'}, {'ticker': 'AMZN', 'relevance_score': '0.641034', 'ticker_sentiment_score': '0.141497', 'ticker_sentiment_label': 'Neutral'}, {'ticker': 'AAPL', 'relevance_score': '0.605509', 'ticker_sentiment_score': '0.127557', 'ticker_sentiment_label': 'Neutral'}]"
MicroStrategy Sets Sights on Amazon and Alphabet’s Common Shares Dominance,https://wallstreetpit.com/122625-microstrategy-sets-sights-on-amazon-and-alphabets-common-shares-dominance/,20250117T061622,['Ron Haruni'],"MicroStrategy is seeking shareholder approval to dramatically increase its authorized Class A common shares from 330 million to 10.3 billion, a move that would position it with more shares outstanding than many Nasdaq 100 tech giants. This expansion is designed to fuel its aggressive Bitcoin acquisition strategy, which has already seen its stock surge over 2,500% since 2020. Despite potential dilution concerns, investors appear to prioritize the company's Bitcoin-centric growth.",https://wallstreetpit.com/wp-content/uploads/news/ai-cg/microstrategy5-G.jpg,Wall Street Pit,General,Wall Street Pit,"[{'topic': 'blockchain', 'relevance_score': '1.000000'}, {'topic': 'financial_markets', 'relevance_score': '0.903448'}, {'topic': 'finance', 'relevance_score': '0.813201'}, {'topic': 'technology', 'relevance_score': '0.617586'}]",0.183932,Somewhat-Bullish,"[{'ticker': 'MSTR', 'relevance_score': '1.000000', 'ticker_sentiment_score': '0.321198', 'ticker_sentiment_label': 'Somewhat-Bullish'}, {'ticker': 'AMZN', 'relevance_score': '0.746904', 'ticker_sentiment_score': '0.140603', 'ticker_sentiment_label': 'Neutral'}, {'ticker': 'GOOG', 'relevance_score': '0.726056', 'ticker_sentiment_score': '0.120714', 'ticker_sentiment_label': 'Neutral'}, {'ticker': 'AAPL', 'relevance_score': '0.617671', 'ticker_sentiment_score': '0.123005', 'ticker_sentiment_label': 'Neutral'}, {'ticker': 'NVDA', 'relevance_score': '0.625304', 'ticker_sentiment_score': '0.147396', 'ticker_sentiment_label': 'Neutral'}]"
Our favorite Corsair gaming headset is now down to its best price,https://www.pcworld.com/article/2580927/our-favorite-corsair-gaming-headset-is-now-down-to-its-best-price.html,20250117T083200,['Gabriela Vatu'],"The Corsair Virtuoso Pro gaming headset, a PCWorld Editors’ Choice award recipient, is currently available on Amazon for $140, a 30% reduction from its original price. Reviewers praised its high-quality design, excellent sound, and detachable microphone, making it suitable for both gaming and general use. This deal represents the best price for this highly-rated wired headset.",https://www.pcworld.com/wp-content/uploads/2025/04/Corsair-Virtuoso-Pro-im-Test.jpg?quality=50&strip=all&w=1024,PCWorld,General,PCWorld,"[{'topic': 'retail_wholesale', 'relevance_score': '0.749763'}, {'topic': 'technology', 'relevance_score': '0.910600'}]",0.340901,Somewhat-Bullish,"[{'ticker': 'CRSR', 'relevance_score': '1.000000', 'ticker_sentiment_score': '0.408748', 'ticker_sentiment_label': 'Bullish'}, {'ticker': 'AMZN', 'relevance_score': '0.701668', 'ticker_sentiment_score': '0.321912', 'ticker_sentiment_label': 'Somewhat-Bullish'}, {'ticker': 'BBY', 'relevance_score': '0.608699', 'ticker_sentiment_score': '0.229907', 'ticker_sentiment_label': 'Somewhat-Bullish'}]"
Amazon Adds Teladoc Health to Health Benefits Program,https://medcitynews.com/2025/01/amazon-teladoc-cardiometabolic-conditions/,20250117T115700,['Marissa Plescia'],"Amazon has expanded its Health Benefits Connector by adding Teladoc Health for cardiometabolic support. This program links Amazon customers to digital health companies offering various services, with Amazon promoting Teladoc Health's services for diabetes, hypertension, pre-diabetes, and weight management. While this partnership offers a new access point for Teladoc Health's services, the company remains cautious about its immediate revenue impact.",https://medcitynews.com/wp-content/uploads/sites/7/2021/09/GettyImages-925101084-600x392.jpg,MedCity News,General,MedCity News,"[{'topic': 'life_sciences', 'relevance_score': '0.921729'}, {'topic': 'technology', 'relevance_score': '0.825540'}, {'topic': 'retail_wholesale', 'relevance_score': '0.648246'}]",0.080194,Neutral,"[{'ticker': 'OMDA', 'relevance_score': '0.333705', 'ticker_sentiment_score': '0.014038', 'ticker_sentiment_label': 'Neutral'}, {'ticker': 'AMZN', 'relevance_score': '0.884282', 'ticker_sentiment_score': '0.143202', 'ticker_sentiment_label': 'Neutral'}]"
Top ETFs That Beat the Market in 2024 and Could Do It Again,https://www.marketbeat.com/articles/top-etfs-that-beat-the-market-in-2024-and-could-do-it-again/,20250118T110941,['Nathan Reiff'],"In 2024, ETFs experienced record inflows, with investors contributing $1.1 trillion. This article highlights three traditional ETFs that significantly outperformed the broader market in 2024: the Invesco S&P 500 Momentum ETF (SPMO), the American Century Focused Dynamic Growth ETF (FDG), and the Hartford Large Cap Growth ETF (HFGO). These funds, which delivered returns ranging from 41.7% to 47.3%, are identified as strong contenders to continue their momentum into 2025.",https://www.marketbeat.com/img/logos/articles/20250117104218_top-etfs-that-beat-the-market-in-2024-and-could-do.png?s=large,MarketBeat,General,MarketBeat,"[{'topic': 'financial_markets', 'relevance_score': '0.946994'}]",0.395747,Bullish,"[{'ticker': 'HFGO', 'relevance_score': '1.000000', 'ticker_sentiment_score': '0.457947', 'ticker_sentiment_label': 'Bullish'}, {'ticker': 'NVDA', 'relevance_score': '0.627000', 'ticker_sentiment_score': '0.335250', 'ticker_sentiment_label': 'Somewhat-Bullish'}, {'ticker': 'AMZN', 'relevance_score': '0.594144', 'ticker_sentiment_score': '0.334039', 'ticker_sentiment_label': 'Somewhat-Bullish'}]"
TR ETF 규제…자산운용사들 새 판 짠다,https://www.biztribune.co.kr/news/articleView.html?idxno=328499,20250118T162000,['황초롱 기자'],"Regulations on Total Return (TR) ETFs, which automatically reinvest dividends, are set to change from July, impacting asset management firms that have focused on these products. The Ministry of Economy and Finance announced an amendment allowing TR ETFs only for domestic stock types, meaning most overseas TR ETFs will now have to distribute dividends annually. Samsung Asset Management, a major player in this market, has quickly responded by announcing plans to adjust the operation of its large TR ETFs like 'KODEX US S&P500 TR' and 'KODEX US Nasdaq 100 TR' to mimic the previous compounding effect without increasing fees.",https://www.biztribune.co.kr/news/photo/202501/328499_205456_4937.png,비즈트리뷴,General,비즈트리뷴,"[{'topic': 'financial_markets', 'relevance_score': '0.949203'}]",-0.057086,Neutral,"[{'ticker': 'SOFR', 'relevance_score': '0.310979', 'ticker_sentiment_score': '0.005184', 'ticker_sentiment_label': 'Neutral'}, {'ticker': 'BLK', 'relevance_score': '0.721158', 'ticker_sentiment_score': '0.114707', 'ticker_sentiment_label': 'Neutral'}, {'ticker': 'AMZN', 'relevance_score': '0.639139', 'ticker_sentiment_score': '-0.138248', 'ticker_sentiment_label': 'Neutral'}, {'ticker': 'GOOGL', 'relevance_score': '0.648859', 'ticker_sentiment_score': '-0.111434', 'ticker_sentiment_label': 'Neutral'}, {'ticker': 'MSFT', 'relevance_score': '0.639431', 'ticker_sentiment_score': '-0.112702', 'ticker_sentiment_label': 'Neutral'}]"
"3 Fidelity ETFs You Can Buy and Hold Forever to Generate $100,000 in Yearly Dividend Income, Starting in 2025",https://www.theglobeandmail.com/investing/markets/stocks/FIVA-A/pressreleases/30508011/3-fidelity-etfs-you-can-buy-and-hold-forever-to-generate-100-000-in-yearly-dividend-income-starting-in-2025/,20250119T012539,['Motley Fool'],"This article examines three Fidelity ETFs that could generate significant dividend income. It details the Fidelity International Value Factor ETF (FIVA), the Fidelity International High Dividend ETF (FIDI), and the Fidelity Yield Enhanced Equity ETF (FYEE), outlining their dividend yields, expense ratios, holdings, and potential risks. The piece calculates the approximate investment needed in each ETF to achieve $100,000 in annual dividend income.",https://barchart-news-media-prod.aws.barchart.com/FC/07f4d3f10bb5e1a89ed92f0a4ed762cd/%3Furl%3Dhttps%253a%252f%252fg.foolcdn.com%252feditorial%252fimages%252f802166%252fdollar-bills-on-blue-background-stock-market-investment.jpg%26amp%3Bw%3D700,The Globe and Mail,General,The Globe and Mail,"[{'topic': 'financial_markets', 'relevance_score': '0.900871'}, {'topic': 'finance', 'relevance_score': '0.830890'}]",0.27475,Somewhat-Bullish,"[{'ticker': 'FIVA', 'relevance_score': '0.952625', 'ticker_sentiment_score': '0.180360', 'ticker_sentiment_label': 'Somewhat-Bullish'}, {'ticker': 'NVDA', 'relevance_score': '0.605370', 'ticker_sentiment_score': '0.300604', 'ticker_sentiment_label': 'Somewhat-Bullish'}, {'ticker': 'AMZN', 'relevance_score': '0.573086', 'ticker_sentiment_score': '0.277127', 'ticker_sentiment_label': 'Somewhat-Bullish'}]"
"Spotify: Strong Growth, Improving Profits Make It A Great Long-Term Buy (NYSE:SPOT)",https://seekingalpha.com/article/4750642-spotify-strong-growth-improving-profits-make-it-a-great-long-term-buy,20250120T093600,['Motti Sapir'],"Spotify is showing strong profitable growth, marked by record-high gross margins, solid cash flow, and strategic expansions into various audio content. Despite a high Price-to-Sales ratio, its rapid revenue growth, improved profitability, and free cash flow justify its premium valuation. Key drivers include increased ad revenue, international market expansion, and advanced ad-targeting tools, though risks like licensing costs, competition, and regulatory scrutiny remain.",https://static.seekingalpha.com/cdn/s3/uploads/getty_images/1048258424/image_1048258424.jpg?io=getty-c-w750,Seeking Alpha,General,Seeking Alpha,"[{'topic': 'earnings', 'relevance_score': '0.913744'}, {'topic': 'financial_markets', 'relevance_score': '0.848120'}, {'topic': 'technology', 'relevance_score': '0.749661'}]",0.081701,Neutral,"[{'ticker': 'SPOT', 'relevance_score': '1.000000', 'ticker_sentiment_score': '0.648982', 'ticker_sentiment_label': 'Bullish'}, {'ticker': 'AAPL', 'relevance_score': '0.715104', 'ticker_sentiment_score': '-0.243219', 'ticker_sentiment_label': 'Somewhat-Bearish'}, {'ticker': 'AMZN', 'relevance_score': '0.604498', 'ticker_sentiment_score': '-0.238069', 'ticker_sentiment_label': 'Somewhat-Bearish'}]"
Top 100 Healthcare IT Consultant Project Areas in Highest Demand: Leading Advisory Firms Driving the Future of Healthcare Innovation,https://www.newswire.com/news/top-100-healthcare-it-consultant-project-areas-in-highest-demand-22506382,20250121T055754,[],"Black Book Research has identified the top 100 healthcare IT advisory services projected to be in highest demand for 2025, based on over 5,100 engagements and insights from 900 healthcare sector respondents. The analysis, which evaluated firms on six Key Performance Indicators including business impact, regulatory compliance, and client satisfaction, highlights critical project areas like cybersecurity, EHR optimization, and AI strategies. Leading advisory firms such as Accenture, Deloitte, PwC, and Huron Consulting Group are recognized for driving innovation and delivering significant impact across these key domains.",https://cdn.nwe.io/files/x/60/38/44df001b9567b42305646b7736a3.jpg,Newswire,General,Newswire,"[{'topic': 'life_sciences', 'relevance_score': '1.000000'}, {'topic': 'technology', 'relevance_score': '0.927807'}, {'topic': 'finance', 'relevance_score': '0.629718'}]",0.29163,Somewhat-Bullish,"[{'ticker': 'HURN', 'relevance_score': '0.967354', 'ticker_sentiment_score': '0.412120', 'ticker_sentiment_label': 'Bullish'}, {'ticker': 'ACN', 'relevance_score': '0.898159', 'ticker_sentiment_score': '0.349870', 'ticker_sentiment_label': 'Somewhat-Bullish'}, {'ticker': 'MSFT', 'relevance_score': '0.704916', 'ticker_sentiment_score': '0.298341', 'ticker_sentiment_label': 'Somewhat-Bullish'}, {'ticker': 'IBM', 'relevance_score': '0.642601', 'ticker_sentiment_score': '0.223506', 'ticker_sentiment_label': 'Somewhat-Bullish'}, {'ticker': 'AMZN', 'relevance_score': '0.645284', 'ticker_sentiment_score': '0.246569', 'ticker_sentiment_label': 'Somewhat-Bullish'}]"
Oracle Named a Leader in the 2024 Gartner® Magic Quadrant™ for Cloud Database Management Systems,https://www.oracle.com/news/announcement/oracle-named-leader-in-gartner-magic-quadrant-for-cloud-database-management-systems-2025-01-21/,20250121T060056,[],"Oracle has been recognized as a Leader in the 2024 Gartner® Magic Quadrant™ for Cloud Database Management Systems, highlighting its converged database architecture and continuous innovation. The company's database services, including Oracle Autonomous Database and Oracle Database 23ai, offer flexible intercloud and multicloud deployment choices, enabling customers to leverage various data and application development models for enterprise data and AI workloads. Oracle Database is lauded for its rapid pace of innovation and industry-leading multicloud capabilities, now available across AWS, Google Cloud, and Microsoft Azure.",https://www.oracle.com/a/pr/img/rc24-gartner-mq-dbms.jpg,Oracle,General,Oracle,"[{'topic': 'technology', 'relevance_score': '1.000000'}]",0.168782,Somewhat-Bullish,"[{'ticker': 'IT', 'relevance_score': '0.928478', 'ticker_sentiment_score': '0.104320', 'ticker_sentiment_label': 'Neutral'}, {'ticker': 'ORCL', 'relevance_score': '1.000000', 'ticker_sentiment_score': '0.409090', 'ticker_sentiment_label': 'Bullish'}, {'ticker': 'AMZN', 'relevance_score': '0.638833', 'ticker_sentiment_score': '0.109247', 'ticker_sentiment_label': 'Neutral'}, {'ticker': 'GOOGL', 'relevance_score': '0.636225', 'ticker_sentiment_score': '0.115274', 'ticker_sentiment_label': 'Neutral'}, {'ticker': 'MSFT', 'relevance_score': '0.647448', 'ticker_sentiment_score': '0.137069', 'ticker_sentiment_label': 'Neutral'}]"
"Sonos takeover speculation grows, with Spotify or Amazon tipped as potential suitors (report)",https://www.musicbusinessworldwide.com/sonos-takeover-speculation-grows-with-spotify-or-amazon-seen-as-likely-suitors-report12/,20250121T063109,['Mandy Dalugdug'],"Speculation is mounting that audio technology company Sonos could be acquired following a problematic app rollout in 2024 and recent leadership changes, including the departure of CEO Patrick Spence. Bloomberg's Mark Gurman identifies Spotify and Amazon as the most likely suitors. While Amazon could integrate Sonos' premium audio into its Echo devices, Spotify could gain immediate entry into the hardware market, despite its past struggles with products like the ""Car Thing.""",https://www.musicbusinessworldwide.com/wp-content/uploads/2025/01/Eric_Glenn_Shutterstock.com_.jpeg,Music Business Worldwide,General,Music Business Worldwide,"[{'topic': 'mergers_and_acquisitions', 'relevance_score': '1.000000'}, {'topic': 'technology', 'relevance_score': '0.809094'}, {'topic': 'earnings', 'relevance_score': '0.721583'}, {'topic': 'retail_wholesale', 'relevance_score': '0.649802'}]",0.019193,Neutral,"[{'ticker': 'SONO', 'relevance_score': '1.000000', 'ticker_sentiment_score': '0.017223', 'ticker_sentiment_label': 'Neutral'}, {'ticker': 'AMZN', 'relevance_score': '0.893686', 'ticker_sentiment_score': '0.120373', 'ticker_sentiment_label': 'Neutral'}, {'ticker': 'AAPL', 'relevance_score': '0.744480', 'ticker_sentiment_score': '0.102036', 'ticker_sentiment_label': 'Neutral'}, {'ticker': 'GOOGL', 'relevance_score': '0.635834', 'ticker_sentiment_score': '-0.125939', 'ticker_sentiment_label': 'Neutral'}, {'ticker': 'META', 'relevance_score': '0.605079', 'ticker_sentiment_score': '-0.102915', 'ticker_sentiment_label': 'Neutral'}]"
"As Netflix stock surges, an ‘anti-ESPN’ sports strategy emerges",https://www.nytimes.com/athletic/6080706/2025/01/22/netflix-espn-nfl-jake-paul-beyonce-wwe-ufc-earnings-nflx/,20250122T061745,"['Dan Shanoff', 'Andrew Marchand']","Netflix's stock is surging due to its ""anti-ESPN"" sports strategy, focusing on high-profile, ""can't-miss"" special events rather than regular-season packages. The company's successful Christmas Day NFL games and Paul-Tyson boxing match significantly boosted subscriber numbers. With its substantial market cap and global audience, Netflix can strategically acquire premium sports rights like the Women's World Cup, potentially leading to future UFC or Men's World Cup deals, challenging traditional sports broadcasters.",https://static01.nyt.com/athletic/uploads/wp/2025/01/22101025/nflx2column0122-1024x683.jpg?width=1920&quality=70&auto=webp,The New York Times,General,The New York Times,"[{'topic': 'earnings', 'relevance_score': '0.940541'}, {'topic': 'technology', 'relevance_score': '0.837117'}, {'topic': 'financial_markets', 'relevance_score': '0.720927'}]",0.248943,Somewhat-Bullish,"[{'ticker': 'NFLX', 'relevance_score': '1.000000', 'ticker_sentiment_score': '0.455862', 'ticker_sentiment_label': 'Bullish'}, {'ticker': 'TKO', 'relevance_score': '0.737388', 'ticker_sentiment_score': '0.342371', 'ticker_sentiment_label': 'Somewhat-Bullish'}, {'ticker': 'AMZN', 'relevance_score': '0.604090', 'ticker_sentiment_score': '0.298076', 'ticker_sentiment_label': 'Somewhat-Bullish'}, {'ticker': 'WBD', 'relevance_score': '0.551148', 'ticker_sentiment_score': '-0.105997', 'ticker_sentiment_label': 'Neutral'}]"
IUSV: A Cost-Effective Value ETF With Strong Downside Protection And Growth Potential,https://seekingalpha.com/article/4751301-iusv-cost-effective-value-etf-strong-downside-protection-growth-potential,20250122T231800,['Ploutos Investing'],"The iShares Core S&P U.S. Value ETF (IUSV) offers cost-efficient value investing with a portfolio of 700 U.S. large-cap and mid-cap value stocks and a low expense ratio of 0.04%. Its significant allocation to large-cap stocks and a 23% exposure to the technology sector, including Apple, Microsoft, and Amazon, contribute to strong downside protection and growth potential. IUSV has demonstrated superior performance, outperforming its peer IWD with a 167.2% total return over the past decade and 597.5% since inception.",,Seeking Alpha,General,Seeking Alpha,"[{'topic': 'financial_markets', 'relevance_score': '0.902124'}, {'topic': 'finance', 'relevance_score': '0.744825'}]",0.459921,Bullish,"[{'ticker': 'IUSV', 'relevance_score': '1.000000', 'ticker_sentiment_score': '0.451622', 'ticker_sentiment_label': 'Bullish'}, {'ticker': 'MSFT', 'relevance_score': '0.748435', 'ticker_sentiment_score': '0.415913', 'ticker_sentiment_label': 'Bullish'}, {'ticker': 'AAPL', 'relevance_score': '0.714641', 'ticker_sentiment_score': '0.402273', 'ticker_sentiment_label': 'Bullish'}, {'ticker': 'AMZN', 'relevance_score': '0.708440', 'ticker_sentiment_score': '0.429534', 'ticker_sentiment_label': 'Bullish'}]"
Walmart Boosts Regional Manager Pay As Retailers Struggle To Find Leaders,https://www.benzinga.com/media/25/01/43162437/walmart-boosts-regional-manager-pay-as-retailers-struggle-to-find-leaders,20250123T095700,['Anusuya Lahiri'],"Walmart is significantly increasing bonus and stock awards for regional store managers, with top performers potentially earning over $600,000, in response to difficulties retailers face in filling managerial roles. This move comes as the company also reduces perks for office staff, including phasing out remote work and restructuring health insurance plans. The article details the pay increases for market managers, contrasting it with tech giant layoffs and Walmart's recent financial performance.",https://cdn.benzinga.com/files/images/story/2025/07/24/article-header-background-image.png?quality=85&auto=webp&width=1300,Benzinga,General,Benzinga,"[{'topic': 'retail_wholesale', 'relevance_score': '0.917144'}, {'topic': 'earnings', 'relevance_score': '0.844891'}, {'topic': 'finance', 'relevance_score': '0.745961'}, {'topic': 'economy_macro', 'relevance_score': '0.634488'}]",0.270291,Somewhat-Bullish,"[{'ticker': 'KXI', 'relevance_score': '0.708735', 'ticker_sentiment_score': '0.306717', 'ticker_sentiment_label': 'Somewhat-Bullish'}, {'ticker': 'WMT', 'relevance_score': '1.000000', 'ticker_sentiment_score': '0.444305', 'ticker_sentiment_label': 'Bullish'}, {'ticker': 'AMZN', 'relevance_score': '0.621717', 'ticker_sentiment_score': '0.127064', 'ticker_sentiment_label': 'Neutral'}]"
Another Amazon Go will close next month,https://www.retaildive.com/news/woodland-hills-amazon-go-close-february/738177/,20250124T052241,['Brett Dworski'],"Amazon is set to close one of its Amazon Go convenience stores in Woodland Hills, California, by February 26, following a ""portfolio assessment."" This closure continues a trend that has seen Amazon reduce its Go store count by about 50% since early 2023, bringing the current total to 16 locations. Despite these closures, Amazon states it will continue to invest in its physical retail strategy and is attempting to find new roles within the company for the 10 employees affected by this closure.",https://imgproxy.divecdn.com/S8UQKbE--G95R058yrjACoiTd_PYMrL7WnJUmzbjRuY/g:ce/rs:fill:1200:675:1/Z3M6Ly9kaXZlc2l0ZS1zdG9yYWdlL2RpdmVpbWFnZS9HZXR0eUltYWdlcy0xMjQ0Nzc4Nzk4LmpwZw==.webp,Retail Dive,General,Retail Dive,"[{'topic': 'retail_wholesale', 'relevance_score': '1.000000'}, {'topic': 'technology', 'relevance_score': '0.839861'}, {'topic': 'finance', 'relevance_score': '0.707689'}, {'topic': 'economy_macro', 'relevance_score': '0.625762'}]",-0.305864,Somewhat-Bearish,"[{'ticker': 'AMZN', 'relevance_score': '0.997641', 'ticker_sentiment_score': '-0.340295', 'ticker_sentiment_label': 'Somewhat-Bearish'}]"
How to Leverage AI for Innovation & Growth in Your Consumer-Facing Organization: 3 Real-world Use Cases,https://www.epam.com/insights/blogs/how-to-leverage-ai-for-innovation-and-growth-in-your-consumer-facing-organization-3-real-world-use-cases,20250124T054908,['Ward de Kruiff'],"This article discusses how consumer-facing organizations can leverage AI, particularly generative AI (GenAI), for innovation and growth. It highlights the significant increase in GenAI investments and emphasizes the need for a strategic and responsible approach. The piece presents three real-world use cases: personalized image creation, content creation, and ""talk to your data"" scenarios, demonstrating AI's potential to enhance customer experiences and operational efficiency.",,EPAM,General,EPAM,"[{'topic': 'technology', 'relevance_score': '0.928276'}, {'topic': 'retail_wholesale', 'relevance_score': '0.803727'}, {'topic': 'finance', 'relevance_score': '0.610706'}]",0.386975,Bullish,"[{'ticker': 'EPAM', 'relevance_score': '1.000000', 'ticker_sentiment_score': '0.485988', 'ticker_sentiment_label': 'Bullish'}, {'ticker': 'AMZN', 'relevance_score': '0.726293', 'ticker_sentiment_score': '0.333255', 'ticker_sentiment_label': 'Somewhat-Bullish'}, {'ticker': 'CRM', 'relevance_score': '0.637775', 'ticker_sentiment_score': '0.333801', 'ticker_sentiment_label': 'Somewhat-Bullish'}]"
Tech’s TikTok Dilemma: Follow the Law or President Trump? (Published 2025),https://www.nytimes.com/2025/01/24/technology/tiktok-ban-trump-amazon-apple-google.html,20250125T052151,"['Sapna Maheshwari', 'Aaron Krolik', 'Tripp Mickle']","A federal law banning TikTok in the U.S. has created a schism among American tech companies, forcing them to choose between complying with the law or adhering to President-elect Trump's executive order to pause its enforcement. Companies like Amazon, Apple, and Google have moved to comply with the ban, while others like Oracle, Akamai, and Fastly continue to support TikTok. This situation highlights the legal and political complexities surrounding the TikTok ban and the varying approaches taken by major tech firms.",https://static01.nyt.com/images/2025/01/24/multimedia/24tiktok-traffic-hfvc/24tiktok-traffic-hfvc-articleLarge.jpg?quality=75&auto=webp&disable=upscale,The New York Times,General,The New York Times,"[{'topic': 'technology', 'relevance_score': '1.000000'}, {'topic': 'economy_fiscal', 'relevance_score': '0.811101'}]",0.195786,Somewhat-Bullish,"[{'ticker': 'AKAM', 'relevance_score': '0.920972', 'ticker_sentiment_score': '0.138765', 'ticker_sentiment_label': 'Neutral'}, {'ticker': 'AMZN', 'relevance_score': '0.746873', 'ticker_sentiment_score': '0.153436', 'ticker_sentiment_label': 'Somewhat-Bullish'}, {'ticker': 'AAPL', 'relevance_score': '0.742285', 'ticker_sentiment_score': '0.324407', 'ticker_sentiment_label': 'Somewhat-Bullish'}, {'ticker': 'GOOGL', 'relevance_score': '0.738320', 'ticker_sentiment_score': '0.318541', 'ticker_sentiment_label': 'Somewhat-Bullish'}, {'ticker': 'ORCL', 'relevance_score': '0.613178', 'ticker_sentiment_score': '-0.117890', 'ticker_sentiment_label': 'Neutral'}]"
Twin Cities Pride dumps Target Corp. as sponsor over DEI rollback,https://www.downtownvoices.news/posts/twin-cities-pride-dumps-target-corp-as-sponsor-over-dei-rollback,20250127T000000,['Brianna Kelly'],"Twin Cities Pride has ended its nearly two-decade sponsorship with Target Corp. after the retailer rolled back its diversity, equity, and inclusion (DEI) policies. An online fundraiser quickly raised over $50,000 to offset the lost funding, exceeding the expected donation from Target. Minnesota Senator Scott Dibble criticized Target's decision as a ""total capitulation"" to former President Trump's ""politics of cruelty.""",,Minneapolis Voices,General,Minneapolis Voices,"[{'topic': 'retail_wholesale', 'relevance_score': '0.809862'}, {'topic': 'economy_fiscal', 'relevance_score': '0.736566'}]",-0.194607,Somewhat-Bearish,"[{'ticker': 'TGT', 'relevance_score': '1.000000', 'ticker_sentiment_score': '-0.416884', 'ticker_sentiment_label': 'Bearish'}, {'ticker': 'WMT', 'relevance_score': '0.601923', 'ticker_sentiment_score': '-0.114579', 'ticker_sentiment_label': 'Neutral'}, {'ticker': 'AMZN', 'relevance_score': '0.640219', 'ticker_sentiment_score': '-0.137310', 'ticker_sentiment_label': 'Neutral'}, {'ticker': 'MCD', 'relevance_score': '0.610849', 'ticker_sentiment_score': '-0.141902', 'ticker_sentiment_label': 'Neutral'}]"
"Data Center Market to Grow by USD 535.6 Billion (2025-2029), Driven by Multi-Cloud Adoption and Network Upgrades, Report on AI's Impact on Market Trends - Technavio",https://www.prnewswire.com/news-releases/data-center-market-to-grow-by-usd-535-6-billion-2025-2029-driven-by-multi-cloud-adoption-and-network-upgrades-report-on-ais-impact-on-market-trends---technavio-302359556.html,20250127T042600,[],"The global data center market is projected to grow by USD 535.6 billion between 2025 and 2029, achieving a CAGR of 15.6%. This growth is primarily fueled by the increasing adoption of multi-cloud strategies and necessary network upgrades, alongside a significant trend of integrating AI into data center operations. However, cybersecurity concerns remain a key challenge for the market.",,PR Newswire,General,PR Newswire,"[{'topic': 'technology', 'relevance_score': '0.930122'}, {'topic': 'economy_macro', 'relevance_score': '0.700275'}]",0.404263,Bullish,"[{'ticker': 'DLR', 'relevance_score': '1.000000', 'ticker_sentiment_score': '0.414889', 'ticker_sentiment_label': 'Bullish'}, {'ticker': 'AMZN', 'relevance_score': '0.810002', 'ticker_sentiment_score': '0.423811', 'ticker_sentiment_label': 'Bullish'}, {'ticker': 'AAPL', 'relevance_score': '0.738162', 'ticker_sentiment_score': '0.414020', 'ticker_sentiment_label': 'Bullish'}, {'ticker': 'CSCO', 'relevance_score': '0.747761', 'ticker_sentiment_score': '0.423469', 'ticker_sentiment_label': 'Bullish'}, {'ticker': 'EQIX', 'relevance_score': '0.720430', 'ticker_sentiment_score': '0.402880', 'ticker_sentiment_label': 'Bullish'}]"
Gap and Sean Wotherspoon Team Up to Give Vintage Gap Pieces a New Life,https://www.gapinc.com/es-mx/articles/2025/01/gap-and-sean-wotherspoon-team-up-to-give-vintage-g,20250127T055350,['Gap'],"Gap and Sean Wotherspoon are expanding their partnership with the launch of GapVintage, a program offering globally sourced vintage Gap pieces. The initiative, starting February 4, 2025, will feature curated seasonal drops from Gap's archive, with the first collection highlighting Wotherspoon's favorite pieces from the '80s, '90s, and 2000s. This program aims to connect younger generations with Gap's heritage through its extensive vintage product offerings.",,Gap Inc.,General,Gap Inc.,"[{'topic': 'retail_wholesale', 'relevance_score': '0.945340'}, {'topic': 'finance', 'relevance_score': '0.640183'}]",0.092045,Neutral,"[{'ticker': 'GAP', 'relevance_score': '0.343803', 'ticker_sentiment_score': '0.034371', 'ticker_sentiment_label': 'Neutral'}, {'ticker': 'AMZN', 'relevance_score': '0.581807', 'ticker_sentiment_score': '0.135515', 'ticker_sentiment_label': 'Neutral'}, {'ticker': 'SBUX', 'relevance_score': '0.578207', 'ticker_sentiment_score': '0.104758', 'ticker_sentiment_label': 'Neutral'}, {'ticker': 'ECL', 'relevance_score': '0.597254', 'ticker_sentiment_score': '0.149086', 'ticker_sentiment_label': 'Neutral'}]"
Industrial CVC mainstay Wong heads to Amazon,https://globalventuring.com/corporate/people/john-wong-amazon-industrial-fund/,20250127T062710,['Robert Lavine'],"John Wong, a prominent figure in corporate venture capital, has joined Amazon's Industrial Innovation Fund. Previously, Wong led corporate VC initiatives at Honeywell, iRobot, and Rockwell Automation. At Amazon, he will focus on investments in customer fulfillment, logistics, supply chain technology, robotics, warehouse automation, transportation, and last-mile delivery for the $1 billion fund.",https://globalventuring.com//content/uploads/2025/01/John-Wong.png,Global Venturing,General,Global Venturing,"[{'topic': 'technology', 'relevance_score': '0.801902'}, {'topic': 'finance', 'relevance_score': '0.721710'}, {'topic': 'manufacturing', 'relevance_score': '0.623815'}]",0.181115,Somewhat-Bullish,"[{'ticker': 'ROK', 'relevance_score': '0.823142', 'ticker_sentiment_score': '0.134698', 'ticker_sentiment_label': 'Neutral'}, {'ticker': 'AMZN', 'relevance_score': '1.000000', 'ticker_sentiment_score': '0.431712', 'ticker_sentiment_label': 'Bullish'}, {'ticker': 'HON', 'relevance_score': '0.736347', 'ticker_sentiment_score': '0.135503', 'ticker_sentiment_label': 'Neutral'}, {'ticker': 'GE', 'relevance_score': '0.627613', 'ticker_sentiment_score': '0.131901', 'ticker_sentiment_label': 'Neutral'}, {'ticker': 'IDXX', 'relevance_score': '0.646919', 'ticker_sentiment_score': '0.112548', 'ticker_sentiment_label': 'Neutral'}]"
Mytheresa to Rename Parent Company After YNAP Acquisition,https://www.businessoffashion.com/news/retail/mytheresa-to-rename-parent-company-after-ynap-acquisition/,20250127T110854,['Malique Morris'],"Mytheresa plans to rename its parent company, MYT Netherlands Parent B.V., to LuxExperience after it finalizes the acquisition of Yoox-Net-a-Porter (YNAP). This rebranding signifies Mytheresa's ambition to become a major luxury e-commerce player, aiming for a combined company revenue of €4 billion by 2029. The move follows Mytheresa's successful growth strategy amid a luxury slowdown by focusing on top-spending clients.",https://img.businessoffashion.com/resizer/v2/FQ2WAJRRYJEM5CUPFJV7ERHXRA.jpg?auth=9db7ae8c3680dee1948cd910bed3c766d45b1c9a643961740fe0d0280734892f&width=1440,The Business of Fashion,General,The Business of Fashion,"[{'topic': 'mergers_and_acquisitions', 'relevance_score': '0.934150'}, {'topic': 'retail_wholesale', 'relevance_score': '0.805337'}]",0.379595,Bullish,"[{'ticker': 'LUXE', 'relevance_score': '1.000000', 'ticker_sentiment_score': '0.519448', 'ticker_sentiment_label': 'Bullish'}, {'ticker': 'AMZN', 'relevance_score': '0.603663', 'ticker_sentiment_score': '0.222439', 'ticker_sentiment_label': 'Somewhat-Bullish'}]"
"How Ciena keeps the internet online, with CEO Gary Smith",https://www.theverge.com/24351247/ciena-fiber-optic-internet-subsea-cables-wdm-ai-hyperscale-data-decoder-podcast-interview,20250127T150000,['Nilay Patel'],"This article features an interview with Ciena CEO Gary Smith, discussing how the company's Wavelength Division Multiplexing (WDM) technology underpins the global internet by enabling massive data transmission over fiber optic cables. Smith details Ciena's evolution from serving telecom providers to becoming a critical partner for hyperscalers like Google and Meta, especially with the rise of AI. He also touches on the geopolitical considerations in network building and the company's long-term strategy for growth.",https://cdn.vox-cdn.com/thumbor/mQ248y8aP6q2XoG_6Nl1jQz-o4g=/0x0:2040x1360/1200x675/filters:focal(1020x680:1021x681)/cdn.vox-cdn.com/uploads/chorus_asset/file/25134707/VPY2O7_Eells_Ciena_Patel_2040.jpg,The Verge,General,The Verge,"[{'topic': 'technology', 'relevance_score': '0.906051'}, {'topic': 'finance', 'relevance_score': '0.720572'}, {'topic': 'ipo', 'relevance_score': '0.642046'}, {'topic': 'mergers_and_acquisitions', 'relevance_score': '0.600595'}, {'topic': 'economy_macro', 'relevance_score': '0.644703'}]",0.331901,Somewhat-Bullish,"[{'ticker': 'CIEN', 'relevance_score': '1.000000', 'ticker_sentiment_score': '0.523577', 'ticker_sentiment_label': 'Bullish'}, {'ticker': 'GOOG', 'relevance_score': '0.715500', 'ticker_sentiment_score': '0.341837', 'ticker_sentiment_label': 'Somewhat-Bullish'}, {'ticker': 'META', 'relevance_score': '0.606112', 'ticker_sentiment_score': '0.315516', 'ticker_sentiment_label': 'Somewhat-Bullish'}, {'ticker': 'MSFT', 'relevance_score': '0.626556', 'ticker_sentiment_score': '0.307443', 'ticker_sentiment_label': 'Somewhat-Bullish'}, {'ticker': 'AMZN', 'relevance_score': '0.580624', 'ticker_sentiment_score': '0.295052', 'ticker_sentiment_label': 'Somewhat-Bullish'}]"
New CVS Health app arrives as the company’s new primary tool for ecommerce and prescriptions,https://www.digitalcommerce360.com/2025/01/28/new-cvs-health-app-primary-tool-for-ecommerce-and-prescriptions/,20250128T054003,['Brian Warmoth'],"CVS Health has launched a new mobile app, the CVS Health app, to consolidate its ecommerce and health services into a single platform. This app replaces the previous CVS Pharmacy app and will manage prescriptions, delivery options, immunization scheduling, and provide benefit details for eligible members. It aims to improve the healthcare experience by offering seamless access to various CVS operations and potentially open locked merchandise displays in stores.",https://www.digitalcommerce360.com/wp-content/uploads/2016/02/Best_Stars-390x275.jpg,Digital Commerce 360,General,Digital Commerce 360,"[{'topic': 'retail_wholesale', 'relevance_score': '0.912286'}, {'topic': 'life_sciences', 'relevance_score': '0.847411'}, {'topic': 'technology', 'relevance_score': '0.738207'}]",0.247495,Somewhat-Bullish,"[{'ticker': 'CVS', 'relevance_score': '1.000000', 'ticker_sentiment_score': '0.463964', 'ticker_sentiment_label': 'Bullish'}, {'ticker': 'WBA', 'relevance_score': '0.629553', 'ticker_sentiment_score': '0.142605', 'ticker_sentiment_label': 'Neutral'}, {'ticker': 'AMZN', 'relevance_score': '0.567028', 'ticker_sentiment_score': '0.052393', 'ticker_sentiment_label': 'Neutral'}]"
West Coast owners optimistic about return-to-office policies,https://www.multifamilydive.com/news/san-francisco-seattle-amazon-salesforce-rent-to-office/738473/,20250128T054914,['Leslie Shaver'],"Apartment REIT executives are optimistic about the performance of properties in San Francisco and Seattle, following major companies like Amazon and Salesforce implementing return-to-office mandates. This shift has led to increased demand for rental units in these cities, driving up touring activity and occupancy rates. Despite past struggles, particularly in San Francisco, the return-to-office trend, coupled with minimal new apartment construction, is expected to boost rental markets in 2025 and beyond.",https://imgproxy.divecdn.com/IX87adTHrNGbKH7NNFR8k30MBDvoqToHkWe81UnH8jQ/g:ce/rs:fill:1200:675:1/Z3M6Ly9kaXZlc2l0ZS1zdG9yYWdlL2RpdmVpbWFnZS9HZXR0eUltYWdlcy0xNDg4NTU0MzU1LmpwZw==.webp,Multifamily Dive,General,Multifamily Dive,"[{'topic': 'real_estate', 'relevance_score': '0.949558'}, {'topic': 'earnings', 'relevance_score': '0.811084'}, {'topic': 'economy_macro', 'relevance_score': '0.710463'}, {'topic': 'technology', 'relevance_score': '0.639162'}, {'topic': 'finance', 'relevance_score': '0.642498'}]",0.341894,Somewhat-Bullish,"[{'ticker': 'EQR', 'relevance_score': '1.000000', 'ticker_sentiment_score': '0.415430', 'ticker_sentiment_label': 'Bullish'}, {'ticker': 'CRM', 'relevance_score': '0.848088', 'ticker_sentiment_score': '0.344682', 'ticker_sentiment_label': 'Somewhat-Bullish'}, {'ticker': 'AMZN', 'relevance_score': '0.727657', 'ticker_sentiment_score': '0.320789', 'ticker_sentiment_label': 'Somewhat-Bullish'}, {'ticker': 'ESS', 'relevance_score': '0.643859', 'ticker_sentiment_score': '0.339749', 'ticker_sentiment_label': 'Somewhat-Bullish'}]"
FY25 Q2 - Press Releases - Investor Relations,https://www.microsoft.com/en-us/investor/earnings/fy-2025-q2/press-release-webcast,20250129T000000,[],"Microsoft announced strong second-quarter fiscal year 2025 results, driven by significant growth in Microsoft Cloud and AI. The company reported $69.6 billion in revenue, a 12% increase, and a 17% increase in operating income to $31.7 billion. Microsoft's AI business alone surpassed an annual revenue run rate of $13 billion, marking a 175% year-over-year increase.",,Microsoft,General,Microsoft,"[{'topic': 'earnings', 'relevance_score': '0.938478'}, {'topic': 'technology', 'relevance_score': '0.842377'}]",0.292965,Somewhat-Bullish,"[{'ticker': 'MSFT', 'relevance_score': '1.000000', 'ticker_sentiment_score': '0.467691', 'ticker_sentiment_label': 'Bullish'}, {'ticker': 'GOOGL', 'relevance_score': '0.589180', 'ticker_sentiment_score': '0.132549', 'ticker_sentiment_label': 'Neutral'}, {'ticker': 'GOOG', 'relevance_score': '0.581454', 'ticker_sentiment_score': '0.102971', 'ticker_sentiment_label': 'Neutral'}, {'ticker': 'CRM', 'relevance_score': '0.567050', 'ticker_sentiment_score': '0.342599', 'ticker_sentiment_label': 'Somewhat-Bullish'}, {'ticker': 'AMZN', 'relevance_score': '0.592311', 'ticker_sentiment_score': '0.307439', 'ticker_sentiment_label': 'Somewhat-Bullish'}]"
AMZY ETF: No Longer An Attractive Entry Point (Rating Downgrade) (NYSEARCA:AMZY),https://seekingalpha.com/article/4752778-amzy-etf-no-longer-attractive-entry-point-rating-downgrade,20250129T010600,['Binary Tree Analytics'],"The YieldMax AMZN Option Income Strategy ETF (AMZY) has delivered significant returns primarily through dividends since its last ""Buy"" rating, but its price has remained largely unchanged. While the ETF's strategy effectively passes underlying equity gains to investors via dividends, current market conditions and Amazon's valuation are stretched, making it a less attractive entry point. This reassessment suggests caution and a potential shift in investment strategy despite the fund's past performance.",https://static.seekingalpha.com/cdn/s3/uploads/getty_images/1948809250/image_1948809250.jpg?io=getty-c-w750,Seeking Alpha,General,Seeking Alpha,"[{'topic': 'financial_markets', 'relevance_score': '0.944464'}, {'topic': 'technology', 'relevance_score': '0.833083'}, {'topic': 'finance', 'relevance_score': '0.743180'}]",-0.327687,Somewhat-Bearish,"[{'ticker': 'AMZY', 'relevance_score': '1.000000', 'ticker_sentiment_score': '-0.427326', 'ticker_sentiment_label': 'Bearish'}, {'ticker': 'AMZN', 'relevance_score': '0.723684', 'ticker_sentiment_score': '-0.227904', 'ticker_sentiment_label': 'Somewhat-Bearish'}]"
Wix partners with YouTube to support social shopping experience -,https://www.enterprisetimes.co.uk/2025/01/29/wix-partners-with-youtube-to-support-social-shopping-experience/,20250129T063933,['Roy Edwards'],"Wix.com has announced a new integration with YouTube Shopping, allowing its merchants to sell products directly through YouTube. This partnership expands Wix's social shopping capabilities, enabling merchants to display products on their YouTube profiles, tag items in videos and live streams, and track performance using YouTube's analytics. The collaboration simplifies the selling process for businesses and enhances the shopping experience for consumers directly within YouTube.",https://www.enterprisetimes.co.uk/wp-content/uploads/2025/01/youtube-1158693_1280-300x169.jpg,Enterprise Times,General,Enterprise Times,"[{'topic': 'retail_wholesale', 'relevance_score': '0.910785'}, {'topic': 'technology', 'relevance_score': '0.843010'}]",0.291797,Somewhat-Bullish,"[{'ticker': 'WIX', 'relevance_score': '1.000000', 'ticker_sentiment_score': '0.475855', 'ticker_sentiment_label': 'Bullish'}, {'ticker': 'GOOGL', 'relevance_score': '0.839640', 'ticker_sentiment_score': '0.294577', 'ticker_sentiment_label': 'Somewhat-Bullish'}, {'ticker': 'GOOG', 'relevance_score': '0.802790', 'ticker_sentiment_score': '0.285656', 'ticker_sentiment_label': 'Somewhat-Bullish'}, {'ticker': 'AMZN', 'relevance_score': '0.550413', 'ticker_sentiment_score': '0.130878', 'ticker_sentiment_label': 'Neutral'}]"
"Publishing Market to Grow by USD 18.9 Million (2025-2029), Increase in Demand for Diversity in Content to Boost Revenue, Report on AI Impact on Market Trends - Technavio",https://www.prnewswire.com/news-releases/publishing-market-to-grow-by-usd-18-9-million-2025-2029-increase-in-demand-for-diversity-in-content-to-boost-revenue-report-on-ai-impact-on-market-trends---technavio-302363579.html,20250130T010800,[],"The global publishing market is projected to grow by USD 18.9 million between 2025 and 2029, driven by an increased demand for content diversity and a rise in self-published authors. Technavio's report highlights that while AI is redefining the market landscape, challenges include the declining market share of traditional publishing and issues like unauthorized distribution. The industry is adapting to digital transformation with new business models and technologies to enhance reader engagement and content delivery.",,PR Newswire,General,PR Newswire,"[{'topic': 'technology', 'relevance_score': '0.812834'}, {'topic': 'finance', 'relevance_score': '0.734647'}, {'topic': 'economy_macro', 'relevance_score': '0.642244'}]",0.182883,Somewhat-Bullish,"[{'ticker': 'MH', 'relevance_score': '0.345911', 'ticker_sentiment_score': '0.026363', 'ticker_sentiment_label': 'Neutral'}, {'ticker': 'ADBE', 'relevance_score': '0.849746', 'ticker_sentiment_score': '0.236807', 'ticker_sentiment_label': 'Somewhat-Bullish'}, {'ticker': 'AMZN', 'relevance_score': '0.826742', 'ticker_sentiment_score': '0.291669', 'ticker_sentiment_label': 'Somewhat-Bullish'}, {'ticker': 'NWS', 'relevance_score': '0.707930', 'ticker_sentiment_score': '0.234336', 'ticker_sentiment_label': 'Somewhat-Bullish'}, {'ticker': 'NWSA', 'relevance_score': '0.748525', 'ticker_sentiment_score': '0.205603', 'ticker_sentiment_label': 'Somewhat-Bullish'}]"
"Yext CEO awarded $500k bonus, director resigns",https://www.investing.com/news/sec-filings/yext-ceo-awarded-500k-bonus-director-resigns-93CH-3841359,20250130T053600,['Investing.com Editor Frank DeMatteo'],"Yext, Inc. has awarded CEO Michael Walrath a one-time cash bonus of $500,000 for his contributions to operational efficiency. Simultaneously, Julie Richardson is stepping down from her role as a board member after nearly a decade, with her departure not being due to disagreements. These changes occur as Yext approaches its fiscal year-end, prompting investor attention to the company's future strategic direction.",https://i-invdn-com.investing.com/news/World_News_8_800x533_L_1420026210.jpg,Investing.com,General,Investing.com,"[{'topic': 'earnings', 'relevance_score': '0.941635'}, {'topic': 'finance', 'relevance_score': '0.710849'}, {'topic': 'technology', 'relevance_score': '0.618364'}]",0.172181,Somewhat-Bullish,"[{'ticker': 'YEXT', 'relevance_score': '1.000000', 'ticker_sentiment_score': '0.108422', 'ticker_sentiment_label': 'Neutral'}, {'ticker': 'NVDA', 'relevance_score': '0.612371', 'ticker_sentiment_score': '0.135550', 'ticker_sentiment_label': 'Neutral'}, {'ticker': 'AMZN', 'relevance_score': '0.617665', 'ticker_sentiment_score': '0.234879', 'ticker_sentiment_label': 'Somewhat-Bullish'}, {'ticker': 'GOOGL', 'relevance_score': '0.649416', 'ticker_sentiment_score': '0.230486', 'ticker_sentiment_label': 'Somewhat-Bullish'}, {'ticker': 'TSLA', 'relevance_score': '0.620270', 'ticker_sentiment_score': '0.103468', 'ticker_sentiment_label': 'Neutral'}]"
Videoelephant Assumes Management of the USA Today Fast Channel,https://www.exchangewire.com/blog/2025/01/30/videoelephant-assumes-management-of-the-usa-today-fast-channel/,20250130T063341,['ExchangeWire PressBox'],"VideoElephant has taken over the programming and distribution of the USA TODAY FAST Channel and its Over the Top (OTT) properties, expanding an existing five-year relationship with Gannett. This move follows VideoElephant's successful launch of its FAST Managed Service and aims to grow audiences and revenue for USA Today's streaming channel. VideoElephant will leverage its expertise in managing FAST Channels, including scheduling, distribution, and ad break optimization, proven by a 45% month-over-month increase in viewing hours for its own channels.",https://cdn.exchangewire.com/wp-content/uploads/2024/05/videoelephant.png,ExchangeWire,General,ExchangeWire,"[{'topic': 'technology', 'relevance_score': '0.821052'}]",0.257566,Somewhat-Bullish,"[{'ticker': 'TDAY', 'relevance_score': '1.000000', 'ticker_sentiment_score': '0.430334', 'ticker_sentiment_label': 'Bullish'}, {'ticker': 'AMZN', 'relevance_score': '0.637425', 'ticker_sentiment_score': '0.146981', 'ticker_sentiment_label': 'Neutral'}]"
Atlassian’s shares surge 18% after it smashes earnings expectations in latest quarter,https://siliconangle.com/2025/01/30/atlassian-shares-surge-18-smashing-earnings-expectations-latest-quarter/,20250130T063348,['Duncan Riley'],"Atlassian's shares surged 18% after the company exceeded earnings and revenue expectations in its fiscal 2025 second quarter. The collaboration software company reported adjusted earnings of 96 cents per share on revenue of $1.286.5 million, significantly outperforming analyst predictions. Atlassian also highlighted strong customer growth and strategic advancements in cloud scalability and partnerships, including an expanded collaboration with Amazon Web Services.",https://d15shllkswkct0.cloudfront.net/wp-content/blogs.dir/1/files/2021/02/atlassian-1-1.png,SiliconANGLE,General,SiliconANGLE,"[{'topic': 'earnings', 'relevance_score': '0.919853'}, {'topic': 'technology', 'relevance_score': '0.848803'}]",0.594252,Bullish,"[{'ticker': 'TEAM', 'relevance_score': '1.000000', 'ticker_sentiment_score': '0.890744', 'ticker_sentiment_label': 'Bullish'}, {'ticker': 'AMZN', 'relevance_score': '0.639918', 'ticker_sentiment_score': '0.320438', 'ticker_sentiment_label': 'Somewhat-Bullish'}]"
"Omada Health’s CEO on IPOs, Amazon and GLP-1s",http://www.modernhealthcare.com/digital-health/omada-health-sean-duffy-ipo-amazon/,20250131T050000,['Brock E.W. Turner'],"This article features an interview with the CEO of Omada Health, Sean Duffy, discussing critical topics impacting the health tech industry such as initial public offerings (IPOs), Amazon's role in healthcare, and the rise of GLP-1 medications. It hints at discussions around Omada Health's IPO plans and broader industry trends. The piece also includes mentions of other relevant healthcare news regarding legal actions, AI in prior authorization, and challenges faced by rural clinics.",https://www.modernhealthcare.com/resizer/v2/T3FBNS7MV6BFHR7SFI3QWRKUNE.png?smart=true&auth=2ef4f89a5088bc7afbf8d767cf640d0bce22f5c56638f5147504a5dc8d65d4dd&width=1000&height=562,Modern Healthcare News,General,Modern Healthcare News,"[{'topic': 'ipo', 'relevance_score': '0.906284'}, {'topic': 'life_sciences', 'relevance_score': '0.836704'}, {'topic': 'technology', 'relevance_score': '0.715380'}]",0.145613,Neutral,"[{'ticker': 'OMDA', 'relevance_score': '1.000000', 'ticker_sentiment_score': '0.148135', 'ticker_sentiment_label': 'Neutral'}, {'ticker': 'AMZN', 'relevance_score': '0.706996', 'ticker_sentiment_score': '0.149287', 'ticker_sentiment_label': 'Neutral'}, {'ticker': 'UNH', 'relevance_score': '0.630190', 'ticker_sentiment_score': '0.121976', 'ticker_sentiment_label': 'Neutral'}]"
"BlackRock, Inc. Expands Stake in Apollo Global Management Inc",https://www.gurufocus.com/news/2676302/blackrock-inc-expands-stake-in-apollo-global-management-inc?mobile=true,20250131T052307,[],"BlackRock, Inc. has significantly increased its stake in Apollo Global Management Inc by acquiring an additional 12,008,761 shares, boosting its total holdings to 35,519,094 shares. This strategic move, valued at $165.16 per share, diversifies BlackRock's portfolio and strengthens its presence in the alternative investment management sector. Despite Apollo Global Management being currently considered significantly overvalued based on its GF Valuation, its strong profitability, growth metrics, and high market capitalization make it an attractive long-term investment.",https://s3.amazonaws.com/gurufocus_userupload/1885357872041324544.png,GuruFocus,General,GuruFocus,"[{'topic': 'finance', 'relevance_score': '0.934537'}, {'topic': 'financial_markets', 'relevance_score': '0.845041'}]",0.233082,Somewhat-Bullish,"[{'ticker': 'APO-P-A', 'relevance_score': '0.331000', 'ticker_sentiment_score': '0.034395', 'ticker_sentiment_label': 'Neutral'}, {'ticker': 'APO', 'relevance_score': '1.000000', 'ticker_sentiment_score': '0.479610', 'ticker_sentiment_label': 'Bullish'}, {'ticker': 'BLK', 'relevance_score': '0.851279', 'ticker_sentiment_score': '0.303184', 'ticker_sentiment_label': 'Somewhat-Bullish'}, {'ticker': 'AAPL', 'relevance_score': '0.623764', 'ticker_sentiment_score': '0.111218', 'ticker_sentiment_label': 'Neutral'}, {'ticker': 'AMZN', 'relevance_score': '0.646085', 'ticker_sentiment_score': '0.122777', 'ticker_sentiment_label': 'Neutral'}]"
Bitfarms Provides January 2025 Production and Operations Update,https://investor.bitfarms.com/news-releases/news-release-details/bitfarms-provides-january-2025-production-and-operations-update,20250131T053242,[],"Bitfarms released its January 2025 production report, announcing a 19% increase in operational hashrate to 15.2 EH/s, with strategic moves to close the Stronghold acquisition and sell its Yguazu site to HIVE. The company is also accelerating its HPC/AI strategy and has updated its H1 2025 hashrate guidance to 18 EH/s due to T21 miner underperformance, alongside a revised 2025 year-end energized capacity of 675 MW.",https://investor.bitfarms.com/system/files-encrypted/nasdaq_kms/inline-images/stock-info.jpg,Bitfarms,General,Bitfarms,"[{'topic': 'earnings', 'relevance_score': '0.901588'}, {'topic': 'blockchain', 'relevance_score': '0.828053'}, {'topic': 'mergers_and_acquisitions', 'relevance_score': '0.824735'}, {'topic': 'technology', 'relevance_score': '0.602434'}]",0.312636,Somewhat-Bullish,"[{'ticker': 'BITF', 'relevance_score': '1.000000', 'ticker_sentiment_score': '0.452251', 'ticker_sentiment_label': 'Bullish'}, {'ticker': 'SMCI', 'relevance_score': '0.609405', 'ticker_sentiment_score': '0.293459', 'ticker_sentiment_label': 'Somewhat-Bullish'}, {'ticker': 'AMZN', 'relevance_score': '0.557950', 'ticker_sentiment_score': '0.294732', 'ticker_sentiment_label': 'Somewhat-Bullish'}, {'ticker': 'MSFT', 'relevance_score': '0.583256', 'ticker_sentiment_score': '0.250963', 'ticker_sentiment_label': 'Somewhat-Bullish'}]"
