title,url,time_published,authors,summary,banner_image,source,category_within_source,source_domain,topics,overall_sentiment_score,overall_sentiment_label,ticker_sentiment
HPE wins $2B contract with the NSA,https://www.zdnet.com/article/hpe-wins-2b-contract-with-the-nsa/,20210901T050000,['Stephanie Condon'],"Hewlett Packard Enterprise (HPE) has secured a 10-year, $2 billion contract with the National Security Agency (NSA). This agreement involves the NSA leveraging HPE's high-performance computing technology through the HPE GreenLake platform. HPE will build and manage a comprehensive HPC solution, encompassing HPE Apollo systems and HPE ProLiant servers, capable of processing vast amounts of data and supporting AI capabilities, to be hosted in a QTS data center and operational by 2022.",https://www.zdnet.com/a/img/resize/f1474204f4afdd9e5d3e8a66676dd4bdae30d4c0/2022/08/05/bca73539-dbd2-46c5-8de4-f286b3d3e73b/stephanie-condon.jpg?auto=webp&fit=crop&frame=1&height=192&width=192,ZDNET,General,ZDNET,"[{'topic': 'technology', 'relevance_score': '0.931790'}, {'topic': 'finance', 'relevance_score': '0.642632'}]",0.079787,Neutral,"[{'ticker': 'HPE', 'relevance_score': '1.000000', 'ticker_sentiment_score': '0.808872', 'ticker_sentiment_label': 'Bullish'}, {'ticker': 'MSFT', 'relevance_score': '0.645529', 'ticker_sentiment_score': '-0.339940', 'ticker_sentiment_label': 'Somewhat-Bearish'}, {'ticker': 'AMZN', 'relevance_score': '0.616497', 'ticker_sentiment_score': '-0.324742', 'ticker_sentiment_label': 'Somewhat-Bearish'}]"
7 Robotics Stocks to Buy for Elon Musk’s Big ‘Tesla Bot’ Bet,https://investorplace.com/2021/09/7-robotics-stocks-to-buy-for-elon-musks-big-tesla-bot-bet/,20210901T122800,['Tezcan Gecgil'],"This article highlights seven robotics stocks that are poised for lucrative returns, driven by the increasing demand for robotics across various industries and tech giants like Tesla and Amazon. It discusses the market growth projections for industrial robotics and provides detailed analysis, financial data, and future outlook for each recommended stock, including ABB, AeroVironment, Global X Robotics & Artificial Intelligence ETF, Intuitive Surgical, iRobot, Oceaneering International, and Raytheon Technologies. The author emphasizes that these companies leverage automation and AI to enhance efficiency and address evolving market needs.",https://shutterstock.com/sdecoret,InvestorPlace,General,InvestorPlace,"[{'topic': 'technology', 'relevance_score': '1.000000'}, {'topic': 'earnings', 'relevance_score': '0.902993'}, {'topic': 'financial_markets', 'relevance_score': '0.802347'}, {'topic': 'manufacturing', 'relevance_score': '0.702275'}, {'topic': 'energy_transportation', 'relevance_score': '0.601529'}]",0.305917,Somewhat-Bullish,"[{'ticker': 'BOTZ', 'relevance_score': '0.911261', 'ticker_sentiment_score': '0.322000', 'ticker_sentiment_label': 'Somewhat-Bullish'}, {'ticker': 'TSLA', 'relevance_score': '0.726538', 'ticker_sentiment_score': '0.314932', 'ticker_sentiment_label': 'Somewhat-Bullish'}, {'ticker': 'AMZN', 'relevance_score': '0.604015', 'ticker_sentiment_score': '0.228243', 'ticker_sentiment_label': 'Somewhat-Bullish'}, {'ticker': 'ISRG', 'relevance_score': '0.639211', 'ticker_sentiment_score': '0.312225', 'ticker_sentiment_label': 'Somewhat-Bullish'}]"
"Amazon reveals plans to hire 55,000 corporate and tech workers",https://siliconangle.com/2021/09/01/amazon-reveals-plans-hire-55000-corporate-tech-workers/,20210901T125800,['Maria Deutscher'],"Amazon plans to hire 55,000 new corporate and tech employees worldwide, with 40,000 in the U.S., focusing on e-commerce, cloud computing, and online advertising divisions. This hiring surge, announced ahead of its Career Day 2021, will also expand its satellite internet business and increase its corporate and tech workforce by 20%. The company continues to invest in new office spaces and logistics facilities to support its rapid growth.",https://d15shllkswkct0.cloudfront.net/wp-content/blogs.dir/1/files/2021/09/andy-jassy.jpg,SiliconANGLE,General,SiliconANGLE,"[{'topic': 'technology', 'relevance_score': '0.917860'}, {'topic': 'retail_wholesale', 'relevance_score': '0.803205'}, {'topic': 'real_estate', 'relevance_score': '0.624935'}]",0.018995,Neutral,"[{'ticker': 'AMZN', 'relevance_score': '0.328105', 'ticker_sentiment_score': '0.011528', 'ticker_sentiment_label': 'Neutral'}]"
Discover More VM-Series Efficiency with Amazon Web Services VPC More Specific Routing,https://www.paloaltonetworks.com/blog/network-security/discover-amazon-web-services-vpc-more-specific-routing/,20210901T191031,['Salman Syed'],Palo Alto Networks announced that its VM-Series virtual firewalls now integrate with the new Amazon Web Services VPC More Specific Routing feature. This integration enhances security efficiency by allowing seamless insertion of VM-Series firewalls to protect intra-VPC traffic and improves visibility for internet egress traffic from private subnets. This development makes it easier to deploy secure production-grade applications and strengthens overall security posture in AWS cloud environments.,,Palo Alto Networks,General,Palo Alto Networks,"[{'topic': 'technology', 'relevance_score': '0.901469'}]",0.389414,Bullish,"[{'ticker': 'PANW', 'relevance_score': '0.913205', 'ticker_sentiment_score': '0.418141', 'ticker_sentiment_label': 'Bullish'}, {'ticker': 'AMZN', 'relevance_score': '0.727144', 'ticker_sentiment_score': '0.317630', 'ticker_sentiment_label': 'Somewhat-Bullish'}]"
Focus: Amazon's new union battle: Teamsters go local to snarl expansion,https://www.reuters.com/world/us/amazons-new-union-battle-teamsters-go-local-snarl-expansion-2021-09-01/,20210902T002300,['Julia Love'],"The Teamsters Union is shifting its strategy to combat Amazon's expansion by focusing on local government challenges to derail new projects and calling for better labor standards. This approach follows an unsuccessful attempt by another union to organize Amazon workers in Alabama, indicating a long-term strategy of disruption rather than immediate unionization. The Teamsters are leveraging their local networks, community groups, and financial resources to pressure Amazon in specific municipalities across the U.S.",https://www.reuters.com/resizer/v2/JY5CXIA7HFKVTDSUVLI6QNTVXQ.jpg?auth=928bf5f6ddffb24dc46c089bb095044d9a7bafe002b1b1ca7ef301327e292080&width=1080&quality=80,Reuters,General,Reuters,"[{'topic': 'retail_wholesale', 'relevance_score': '1.000000'}, {'topic': 'economy_fiscal', 'relevance_score': '0.738128'}, {'topic': 'finance', 'relevance_score': '0.615019'}, {'topic': 'manufacturing', 'relevance_score': '0.611092'}]",-0.195283,Somewhat-Bearish,"[{'ticker': 'AMZN', 'relevance_score': '1.000000', 'ticker_sentiment_score': '-0.201626', 'ticker_sentiment_label': 'Somewhat-Bearish'}, {'ticker': 'WMT', 'relevance_score': '0.645947', 'ticker_sentiment_score': '-0.139490', 'ticker_sentiment_label': 'Neutral'}]"
"AWS, NetApp unveil the first fully-managed ONTAP file system in the cloud",https://www.zdnet.com/article/aws-netapp-unveil-the-first-fully-managed-ontap-file-system-in-the-cloud/,20210902T141500,['Stephanie Condon'],"Amazon Web Services (AWS) and NetApp have launched Amazon FSx for NetApp ONTAP, the first fully managed ONTAP file system in the cloud. This new service allows customers to run applications on AWS without altering their code or data management, leveraging NetApp's ONTAP technology traditionally used for on-premise network-attached storage (NAS). The collaboration aims to significantly expand digital transformation and AWS adoption, particularly targeting enterprises using NAS for critical applications.",https://www.zdnet.com/a/img/resize/d05856081434feefe06358179a9ab92c72754836/2021/09/02/1e8666b3-98a0-47d1-9342-33e44f066924/ontap-block-2.png?auto=webp&width=1280,ZDNET,General,ZDNET,"[{'topic': 'technology', 'relevance_score': '1.000000'}]",0.227609,Somewhat-Bullish,"[{'ticker': 'NTAP', 'relevance_score': '1.000000', 'ticker_sentiment_score': '0.413571', 'ticker_sentiment_label': 'Bullish'}, {'ticker': 'AMZN', 'relevance_score': '0.916891', 'ticker_sentiment_score': '0.344423', 'ticker_sentiment_label': 'Somewhat-Bullish'}, {'ticker': 'DELL', 'relevance_score': '0.738290', 'ticker_sentiment_score': '0.113752', 'ticker_sentiment_label': 'Neutral'}, {'ticker': 'HPE', 'relevance_score': '0.639170', 'ticker_sentiment_score': '0.126819', 'ticker_sentiment_label': 'Neutral'}]"
"One Animation Names New Hires From Hasbro, Amazon",https://www.anbmedia.com/news/youre-hired/2021/09/one-animation-names-new-hires-from-hasbro-amazon/,20210902T185640,['aNb Media'],"One Animation has announced two new hires to its digital team, bringing in executives from Hasbro and Amazon. Kelly Joeman joins as senior manager of audience development, focusing on amplifying the studio's digital presence and growing its 20 kids-targeted channels. Tuan Nguyen has been appointed e-commerce manager to lead the studio's direct-to-consumer e-commerce business.",https://www.anbmedia.com/wp-content/uploads/2021/09/One-Animation-hires.jpg,aNb Media,General,aNb Media,"[{'topic': 'retail_wholesale', 'relevance_score': '0.842101'}, {'topic': 'technology', 'relevance_score': '0.827819'}]",-0.128275,Neutral,"[{'ticker': 'HAS', 'relevance_score': '0.748671', 'ticker_sentiment_score': '-0.103383', 'ticker_sentiment_label': 'Neutral'}, {'ticker': 'AMZN', 'relevance_score': '0.748899', 'ticker_sentiment_score': '-0.132588', 'ticker_sentiment_label': 'Neutral'}]"
Amazon FSx for ONTAP for Kubernetes & Containers,https://www.netapp.com/learn/aws-fsxo-blg-amazon-fsx-for-ontap-for-kubernetes-containers/,20210902T190832,['Michael Shaul'],"This article explores how Amazon FSx for ONTAP enhances Kubernetes and container services within the AWS ecosystem. It details FSx for ONTAP as a fully managed AWS-native service offering advanced file and block storage, addressing persistent storage challenges for containerized workloads. The article examines its integration with Amazon EKS, OpenShift/ROSA, and Amazon ECS, highlighting benefits like unified storage, data portability, and simplified operations.",https://www.netapp.com/media/2-sep-01-2021-01-00-48-33-pm_tcm19-133872.png,NetApp,General,NetApp,"[{'topic': 'technology', 'relevance_score': '0.909934'}]",0.385246,Bullish,"[{'ticker': 'NTAP', 'relevance_score': '1.000000', 'ticker_sentiment_score': '0.434007', 'ticker_sentiment_label': 'Bullish'}, {'ticker': 'AMZN', 'relevance_score': '0.946690', 'ticker_sentiment_score': '0.345292', 'ticker_sentiment_label': 'Somewhat-Bullish'}]"
File Sharing with Amazon FSx for NetApp ONTAP,https://www.netapp.com/learn/aws-fsxo-blg-file-sharing-with-amazon-fsx-for-netapp-ontap/,20210902T190832,['Robert Bell'],"This article explores the file sharing capabilities of Amazon FSx for NetApp ONTAP, a collaboration between AWS and NetApp. It highlights how this service simplifies system architectures for multi-region, hybrid, and multicloud deployments by offering multiprotocol file and block storage support, including NFS, SMB, and iSCSI. The piece emphasizes the integration with AWS services and NetApp's data management features, positioning FSx for ONTAP as a comprehensive data platform for digital transformation and cloud migration.",https://www.netapp.com/media/cvo-395-stout-file-sharing-1-auto-custom-1_tcm19-133875.jpeg,NetApp,General,NetApp,"[{'topic': 'technology', 'relevance_score': '1.000000'}]",0.372277,Bullish,"[{'ticker': 'NTAP', 'relevance_score': '1.000000', 'ticker_sentiment_score': '0.415329', 'ticker_sentiment_label': 'Bullish'}, {'ticker': 'AMZN', 'relevance_score': '0.712325', 'ticker_sentiment_score': '0.322694', 'ticker_sentiment_label': 'Somewhat-Bullish'}]"
How to Set Up Amazon FSx for NetApp ONTAP with BlueXP Console,https://www.netapp.com/learn/aws-fsxo-blg-how-to-set-up-amazon-fsx-for-netapp-ontap-with-cloud-manager/,20210902T190832,['Oded Berman'],"This article provides a step-by-step guide on setting up Amazon FSx for NetApp ONTAP using the NetApp BlueXP Console. It details the process from adding a new working environment and configuring AWS IAM credentials to defining storage capacity, creating a BlueXP Console Connector, and provisioning storage volumes. The guide highlights the benefits of FSx for ONTAP, such as multiprotocol support, high availability, and integration with other AWS services, emphasizing its utility for hybrid and multicloud environments.",https://www.netapp.com/media/oded_tcm19-128240.png?v=8510,NetApp,General,NetApp,"[{'topic': 'technology', 'relevance_score': '0.903444'}]",0.294613,Somewhat-Bullish,"[{'ticker': 'NTAP', 'relevance_score': '1.000000', 'ticker_sentiment_score': '0.455885', 'ticker_sentiment_label': 'Bullish'}, {'ticker': 'AMZN', 'relevance_score': '0.730430', 'ticker_sentiment_score': '0.328500', 'ticker_sentiment_label': 'Somewhat-Bullish'}, {'ticker': 'MSFT', 'relevance_score': '0.641400', 'ticker_sentiment_score': '0.146035', 'ticker_sentiment_label': 'Neutral'}]"
"Stampede for horse med ivermectin, bogus treatment for COVID-19, steers clear of Upper Valley",https://vnews.com/2021/09/02/upper-valley-feeling-effects-of-misinformation-regarding-use-of-ivermectin-as-covid-19-treatment-42180350/,20210902T192056,['Nora Doyle-Burr'],"Despite a national trend of using ivermectin, an animal dewormer, as a false treatment for COVID-19, its misuse is not widespread in the Upper Valley region. Health officials express alarm over online misinformation causing illnesses and an increase in calls to poison control centers nationwide. While local feed stores are starting to lock up ivermectin or add warning signs, some New Hampshire farmers are facing difficulties restocking the drug for their livestock due to demand, highlighting the dangers of using veterinary-grade products on humans.",https://i0.wp.com/vnews.com/wp-content/uploads/2025/07/62451f19-10d0-4f47-9a4b-af2b6d252d0f.jpg?fit=375%2C500&quality=89&ssl=1,Valley News,General,Valley News,"[{'topic': 'life_sciences', 'relevance_score': '0.943317'}, {'topic': 'retail_wholesale', 'relevance_score': '0.613725'}]",0.000394,Neutral,"[{'ticker': 'TSCO', 'relevance_score': '0.908231', 'ticker_sentiment_score': '0.039786', 'ticker_sentiment_label': 'Neutral'}, {'ticker': 'AMZN', 'relevance_score': '0.615447', 'ticker_sentiment_score': '0.036851', 'ticker_sentiment_label': 'Neutral'}]"
WWD: American Eagle Outfitters Logs $121 Million Profit; Acquires Logistics Company,https://www.aeo-inc.com/2021/09/02/wwd-american-eagle-outfitters-logs-121-million-profit-acquires-logistics-company/,20210902T192640,['Kellie Ell'],"American Eagle Outfitters reported a $121 million profit and acquired logistics firm Airterra to enhance its supply chain and offer faster delivery services, including same-day delivery. This strategic acquisition positions AEO to compete with major retailers like Amazon, Walmart, and Target in last-mile delivery. The company also saw strong revenue growth across its brands, particularly Aerie, and updated its operating income outlook.",,AEO-Inc,General,AEO-Inc,"[{'topic': 'earnings', 'relevance_score': '0.926559'}, {'topic': 'mergers_and_acquisitions', 'relevance_score': '0.807456'}, {'topic': 'retail_wholesale', 'relevance_score': '1.000000'}, {'topic': 'technology', 'relevance_score': '0.648043'}, {'topic': 'economy_macro', 'relevance_score': '0.635555'}]",0.323577,Somewhat-Bullish,"[{'ticker': 'AEO', 'relevance_score': '1.000000', 'ticker_sentiment_score': '0.459623', 'ticker_sentiment_label': 'Bullish'}, {'ticker': 'AMZN', 'relevance_score': '0.616196', 'ticker_sentiment_score': '0.269321', 'ticker_sentiment_label': 'Somewhat-Bullish'}, {'ticker': 'WMT', 'relevance_score': '0.572179', 'ticker_sentiment_score': '0.221829', 'ticker_sentiment_label': 'Somewhat-Bullish'}, {'ticker': 'TGT', 'relevance_score': '0.578801', 'ticker_sentiment_score': '0.220688', 'ticker_sentiment_label': 'Somewhat-Bullish'}]"
Walmart's wage bump signals pressure to raise pay in industry battle for labor,https://www.reuters.com/business/retail-consumer/walmart-bumps-up-hourly-wages-565000-workers-by-1-ahead-holidays-2021-09-02/,20210902T211400,['Richa Naidu'],"Walmart's decision to raise wages for 565,000 U.S. store workers by at least $1 per hour highlights the intense competition for labor in the retail industry ahead of the crucial holiday shopping season. This move, Walmart's third wage hike in a year, increases its average hourly wage to $16.40 and comes amidst a nationwide worker shortage and the impending end of federal unemployment benefits. While some workers argue the pay is still insufficient, the wage hike reflects growing pressure on retailers to offer more competitive compensation and benefits.",https://www.reuters.com/resizer/v2/STEHRAZNMRM2FHWCFID5YZ5ZLA.jpg?auth=5f04da7440b8d2ab8b25a84658b8c5c864b3451f1290911f80730894c91f4b54&width=1080&quality=80,Reuters,General,Reuters,"[{'topic': 'retail_wholesale', 'relevance_score': '0.900730'}, {'topic': 'economy_macro', 'relevance_score': '0.824562'}, {'topic': 'finance', 'relevance_score': '0.614981'}]",0.097243,Neutral,"[{'ticker': 'DG', 'relevance_score': '0.873173', 'ticker_sentiment_score': '0.109794', 'ticker_sentiment_label': 'Neutral'}, {'ticker': 'WMT', 'relevance_score': '0.971269', 'ticker_sentiment_score': '0.127622', 'ticker_sentiment_label': 'Neutral'}, {'ticker': 'AMZN', 'relevance_score': '0.766142', 'ticker_sentiment_score': '0.091060', 'ticker_sentiment_label': 'Neutral'}, {'ticker': 'TGT', 'relevance_score': '0.630655', 'ticker_sentiment_score': '0.104417', 'ticker_sentiment_label': 'Neutral'}, {'ticker': 'BBY', 'relevance_score': '0.594668', 'ticker_sentiment_score': '0.083099', 'ticker_sentiment_label': 'Neutral'}]"
JD.com’s Latest $500M Investment Is All About the Warehouse,https://sourcingjournal.com/topics/logistics/jd-property-china-logistics-warehouse-fulfillment-investment-cnlp-500-million-299300/,20210903T190029,['Glenn Taylor'],"JD.com's infrastructure management unit has acquired a controlling stake in China Logistics Property Holdings (CNLP) for $513 million, aiming to enhance its fulfillment capabilities across China amidst rising demand and supply chain constraints. This investment will add 65 logistics parks to JD.com's portfolio and could lead to a full takeover of CNLP, reflecting the intensifying competition in China's e-commerce sector and the strategic importance of warehouses and fulfillment centers. The acquisition aligns with JD.com's aggressive logistics investments and its broader ambition for both domestic and international expansion.",https://sourcingjournal.com/wp-content/uploads/2021/09/JDWarehouse.jpg?w=910&h=511&crop=1,Sourcing Journal,General,Sourcing Journal,"[{'topic': 'mergers_and_acquisitions', 'relevance_score': '0.901502'}, {'topic': 'retail_wholesale', 'relevance_score': '0.831062'}, {'topic': 'real_estate', 'relevance_score': '0.714262'}, {'topic': 'technology', 'relevance_score': '0.616655'}]",0.182011,Somewhat-Bullish,"[{'ticker': 'JD', 'relevance_score': '0.341913', 'ticker_sentiment_score': '0.003720', 'ticker_sentiment_label': 'Neutral'}, {'ticker': 'WMT', 'relevance_score': '0.612089', 'ticker_sentiment_score': '0.332749', 'ticker_sentiment_label': 'Somewhat-Bullish'}, {'ticker': 'AMZN', 'relevance_score': '0.628171', 'ticker_sentiment_score': '0.231572', 'ticker_sentiment_label': 'Somewhat-Bullish'}]"
NetApp ONTAP Storage Platform Available on AWS,https://www.enterprisestorageforum.com/news/netapp-ontap-storage-platform-available-on-aws/,20210903T190832,['Jeff Burt'],"Amazon Web Services (AWS) has launched Amazon FSx for NetApp ONTAP, a new fully managed service that allows enterprises to utilize NetApp's ONTAP data management system in the cloud. This service enables users to access all ONTAP capabilities, features, and APIs within an AWS-managed environment, facilitating hybrid cloud strategies and simplifying data migration for on-premises ONTAP users. The offering includes two storage tiers—Primary Storage for active data and Capacity Pool Storage for infrequently accessed data—and supports various access protocols and features.",https://assets.enterprisestorageforum.com/uploads/2021/09/AWS-ONTAP.png,Enterprise Storage Forum,General,Enterprise Storage Forum,"[{'topic': 'technology', 'relevance_score': '0.915377'}]",0.300581,Somewhat-Bullish,"[{'ticker': 'NTAP', 'relevance_score': '1.000000', 'ticker_sentiment_score': '0.402208', 'ticker_sentiment_label': 'Bullish'}, {'ticker': 'AMZN', 'relevance_score': '0.915309', 'ticker_sentiment_score': '0.302285', 'ticker_sentiment_label': 'Somewhat-Bullish'}, {'ticker': 'MSFT', 'relevance_score': '0.645873', 'ticker_sentiment_score': '0.148829', 'ticker_sentiment_label': 'Neutral'}]"
Rivian files for IPO and Goldman Sachs expands automotive portfolio with $110M investment,https://www.cbtnews.com/rivian-files-for-ipo-and-goldman-sachs-expands-automotive-portfolio-with-110m-investment/,20210903T191428,['Steve Greenfield'],"This article details Rivian's confidential IPO filing, aiming for an $80 billion valuation, and Goldman Sachs's $110 million investment in DealerPolicy, an insurance tech startup. It also covers various other significant investments and acquisitions in the automotive technology space, including deals in EV battery lifecycle management, automotive cybersecurity, and autonomous driving. The piece highlights a busy M&A environment driven by substantial undeployed private equity and venture capital.",,CBT News,General,CBT News,"[{'topic': 'mergers_and_acquisitions', 'relevance_score': '0.922268'}, {'topic': 'ipo', 'relevance_score': '0.935099'}, {'topic': 'technology', 'relevance_score': '0.849748'}, {'topic': 'energy_transportation', 'relevance_score': '0.715509'}]",0.083108,Neutral,"[{'ticker': 'RIVN', 'relevance_score': '0.905262', 'ticker_sentiment_score': '0.306232', 'ticker_sentiment_label': 'Somewhat-Bullish'}, {'ticker': 'GS', 'relevance_score': '0.816003', 'ticker_sentiment_score': '0.206165', 'ticker_sentiment_label': 'Somewhat-Bullish'}, {'ticker': 'AMZN', 'relevance_score': '0.722116', 'ticker_sentiment_score': '0.109590', 'ticker_sentiment_label': 'Neutral'}, {'ticker': 'F', 'relevance_score': '0.643054', 'ticker_sentiment_score': '-0.110405', 'ticker_sentiment_label': 'Neutral'}, {'ticker': 'GM', 'relevance_score': '0.640558', 'ticker_sentiment_score': '-0.142701', 'ticker_sentiment_label': 'Neutral'}]"
"Amazon to open 200,000-square-foot delivery station on Northern Virginia's outskirts",https://www.bizjournals.com/washington/news/2021/09/03/amazon-delivery-station-fredericksburg.html,20210903T193551,['Hannah Denham'],"Amazon.com Inc. is set to open a new 200,000-square-foot delivery station in Fredericksburg, Virginia, later this month. This move is part of the e-commerce giant's strategy to locate larger fulfillment centers just outside major metropolitan areas.",,The Business Journals,General,The Business Journals,"[{'topic': 'retail_wholesale', 'relevance_score': '0.813843'}, {'topic': 'real_estate', 'relevance_score': '0.709205'}]",0.424072,Bullish,"[{'ticker': 'AMZN', 'relevance_score': '1.000000', 'ticker_sentiment_score': '0.448507', 'ticker_sentiment_label': 'Bullish'}]"
Thinking outside the box: AWS signals a new era for storage,https://siliconangle.com/2021/09/04/thinking-outside-box-aws-signals-new-era-storage/,20210904T141200,['Dave Vellante'],"Amazon Web Services is projected to generate $9 billion in storage revenue in 2021, becoming the second-largest enterprise storage supplier behind Dell Technologies, and is expected to surpass $11 billion in 2022. At its third annual Storage Day, AWS announced a significant partnership with NetApp Inc. to run its full ONTAP stack natively in the cloud as a managed service, alongside other storage service enhancements. This move signals AWS's continued drive to innovate in data storage, challenging traditional on-premises models and expanding into hybrid cloud and data mesh conversations.",,SiliconANGLE,General,SiliconANGLE,"[{'topic': 'technology', 'relevance_score': '1.000000'}]",0.161092,Somewhat-Bullish,"[{'ticker': 'NTAP', 'relevance_score': '1.000000', 'ticker_sentiment_score': '0.308645', 'ticker_sentiment_label': 'Somewhat-Bullish'}, {'ticker': 'AMZN', 'relevance_score': '0.938513', 'ticker_sentiment_score': '0.332942', 'ticker_sentiment_label': 'Somewhat-Bullish'}, {'ticker': 'DELL', 'relevance_score': '0.708184', 'ticker_sentiment_score': '-0.100800', 'ticker_sentiment_label': 'Neutral'}, {'ticker': 'HPE', 'relevance_score': '0.619016', 'ticker_sentiment_score': '0.109741', 'ticker_sentiment_label': 'Neutral'}]"
EXCLUSIVE Amazon considers more proactive approach to determining what belongs on its cloud service,https://www.reuters.com/technology/exclusive-amazon-proactively-remove-more-content-that-violates-rules-cloud-2021-09-02/,20210905T221800,['Sheila Dang'],"Amazon is reportedly planning to adopt a more proactive strategy to identify and remove content on its Amazon Web Services (AWS) cloud platform that violates its policies, such as those against promoting violence. This initiative involves expanding the Trust & Safety team and hiring specialists to monitor for emerging threats. While an AWS spokesperson initially denied changes and stated the existing team already handles abusive content, the move suggests a potential shift towards greater content arbitration by the leading cloud provider, raising free speech debates.",https://www.reuters.com/resizer/v2/SI6YLLUONRMDLBQKIKCKJVYMGE.jpg?auth=240075bb12b95241b6ef0b5adfd48d502e8b238f2e697418f0f1ed7341a5bfd7&width=1920&quality=80,Reuters,General,Reuters,"[{'topic': 'technology', 'relevance_score': '0.941828'}]",0.065422,Neutral,"[{'ticker': 'AMZN', 'relevance_score': '1.000000', 'ticker_sentiment_score': '-0.134409', 'ticker_sentiment_label': 'Neutral'}, {'ticker': 'NFLX', 'relevance_score': '0.611298', 'ticker_sentiment_score': '0.112566', 'ticker_sentiment_label': 'Neutral'}, {'ticker': 'KO', 'relevance_score': '0.627772', 'ticker_sentiment_score': '0.129331', 'ticker_sentiment_label': 'Neutral'}, {'ticker': 'COF', 'relevance_score': '0.625348', 'ticker_sentiment_score': '0.146242', 'ticker_sentiment_label': 'Neutral'}]"
"Alphabet, Tesla and Amazon are among the most favourite stocks held by US-focused mutual funds. Here are top 10 stocks",https://www.moneycontrol.com/news/photos/business/personal-finance/bse-and-nse-to-enable-access-to-select-us-stocks-here-are-top-10-stocks-held-by-us-focused-mutual-funds-7387001.html,20210906T200600,['Dhuraivel Gunasekaran'],"This article identifies Alphabet, Tesla, and Amazon as top stock holdings among U.S.-focused mutual funds available to Indian investors. It details 10 such mutual funds, highlighting their investment strategies, underlying assets, and historical performance. The funds provide Indian investors exposure to leading US companies and geographical diversification.",,Moneycontrol,General,Moneycontrol,"[{'topic': 'financial_markets', 'relevance_score': '0.930414'}, {'topic': 'finance', 'relevance_score': '0.839196'}, {'topic': 'technology', 'relevance_score': '0.743756'}]",0.309797,Somewhat-Bullish,"[{'ticker': 'USPX', 'relevance_score': '0.301174', 'ticker_sentiment_score': '0.038632', 'ticker_sentiment_label': 'Neutral'}, {'ticker': 'GOOGL', 'relevance_score': '0.948202', 'ticker_sentiment_score': '0.391713', 'ticker_sentiment_label': 'Bullish'}, {'ticker': 'TSLA', 'relevance_score': '0.878686', 'ticker_sentiment_score': '0.362733', 'ticker_sentiment_label': 'Bullish'}, {'ticker': 'AMZN', 'relevance_score': '0.861343', 'ticker_sentiment_score': '0.362352', 'ticker_sentiment_label': 'Bullish'}, {'ticker': 'AAPL', 'relevance_score': '0.769616', 'ticker_sentiment_score': '0.362411', 'ticker_sentiment_label': 'Bullish'}]"
Kroger eyes potential entry into Southwest Florida marketplace,https://www.fox4now.com/news/local-news/kroger-eyes-potential-entry-into-southwest-florida-marketplace,20210906T203727,['WFTX Digital Team'],"Kroger is planning to expand its online-only grocery delivery service into Southwest Florida, eyeing Naples and Fort Myers for a new distribution ""spoke"" facility within the next year. This expansion would create up to 180 new jobs and intensify competition with existing grocery delivery services from Publix, Walmart, Target, and Amazon, all without building any physical stores. Kroger's strategy relies on highly automated fulfillment centers and ""spoke"" facilities to extend delivery reach.",,Fox4Now.com,General,Fox4Now.com,"[{'topic': 'retail_wholesale', 'relevance_score': '0.903818'}, {'topic': 'technology', 'relevance_score': '0.729820'}]",0.281214,Somewhat-Bullish,"[{'ticker': 'KR', 'relevance_score': '1.000000', 'ticker_sentiment_score': '0.315093', 'ticker_sentiment_label': 'Somewhat-Bullish'}, {'ticker': 'AMZN', 'relevance_score': '0.710177', 'ticker_sentiment_score': '0.305605', 'ticker_sentiment_label': 'Somewhat-Bullish'}, {'ticker': 'TGT', 'relevance_score': '0.640952', 'ticker_sentiment_score': '0.223657', 'ticker_sentiment_label': 'Somewhat-Bullish'}, {'ticker': 'WMT', 'relevance_score': '0.612042', 'ticker_sentiment_score': '0.226141', 'ticker_sentiment_label': 'Somewhat-Bullish'}]"
Lennox announces new integration of its iComfort thermostat,https://www.acrlatinoamerica.com/en/news/latest-news/348-enterprises/16671-lennox-announces-new-integration-of-its-icomfort-thermostat.html,20210906T204153,['Duván Chaverra Agudelo'],"Lennox has expanded the compatibility of its iComfort thermostats to integrate with various smart home automation platforms, including premium systems like Control4 and popular virtual assistants such as Amazon Alexa, Apple HomeKit, Google Assistant, and IFTTT. This integration allows users to manage their Lennox heating and cooling systems through a wider range of smart home devices, offering enhanced convenience and control over their indoor environment. Control4 customers with Lennox HVAC systems and iComfort S30, E30, or M30 thermostats can request integration through their dealer, enabling centralized control from their smart home system.",,ACR Latinoamérica,General,ACR Latinoamérica,"[{'topic': 'technology', 'relevance_score': '0.909410'}]",0.263526,Somewhat-Bullish,"[{'ticker': 'LII', 'relevance_score': '1.000000', 'ticker_sentiment_score': '0.408663', 'ticker_sentiment_label': 'Bullish'}, {'ticker': 'GOOGL', 'relevance_score': '0.638741', 'ticker_sentiment_score': '0.229477', 'ticker_sentiment_label': 'Somewhat-Bullish'}, {'ticker': 'AMZN', 'relevance_score': '0.621284', 'ticker_sentiment_score': '0.210614', 'ticker_sentiment_label': 'Somewhat-Bullish'}, {'ticker': 'AAPL', 'relevance_score': '0.612051', 'ticker_sentiment_score': '0.224578', 'ticker_sentiment_label': 'Somewhat-Bullish'}]"
PayPal Buys Paidy in A $2.7 Billion Deal to Expand Buy Now Pay Later Service,https://www.tekedia.com/paypal-buys-paidy-in-a-2-7-billion-deal-to-expand-buy-now-pay-later-service/,20210908T000000,['Samuel Nwite'],"PayPal Holdings Inc. announced its acquisition of Japanese buy now, pay later (BNPL) firm Paidy for 300 billion yen ($2.7 billion) to expand its presence in Japan, the world's third-largest e-commerce market. This cash deal, expected to close in Q4 2021, aims to leverage Paidy's established BNPL solutions and 6 million users to boost PayPal's position in this strategically important market. The acquisition is part of a larger trend in the payment industry, with other major players like Square and Amazon also investing heavily in BNPL services.",,Tekedia,General,Tekedia,"[{'topic': 'mergers_and_acquisitions', 'relevance_score': '0.911111'}, {'topic': 'finance', 'relevance_score': '0.830566'}, {'topic': 'technology', 'relevance_score': '0.738984'}, {'topic': 'retail_wholesale', 'relevance_score': '0.600802'}]",0.294692,Somewhat-Bullish,"[{'ticker': 'PYPL', 'relevance_score': '1.000000', 'ticker_sentiment_score': '0.612332', 'ticker_sentiment_label': 'Bullish'}, {'ticker': 'AMZN', 'relevance_score': '0.605162', 'ticker_sentiment_score': '0.306706', 'ticker_sentiment_label': 'Somewhat-Bullish'}, {'ticker': 'V', 'relevance_score': '0.563586', 'ticker_sentiment_score': '-0.106749', 'ticker_sentiment_label': 'Neutral'}]"
Kroger says it's not trying to steal business from Publix with delivery service,https://www.jaxdailyrecord.com/news/2021/sep/08/kroger-says-its-not-trying-to-steal-business-from-publix-with-delivery-service/,20210908T032000,['Louis Llovio'],"Kroger CEO Rodney McMullen stated the company is not trying to take market share from Publix in Florida despite launching grocery delivery services in Tampa and Jacksonville, with Miami next. Kroger's strategy leverages its new high-tech distribution center in Groveland to provide seamless e-commerce service, recognizing high brand familiarity among Floridians and the shift in post-pandemic shopping habits. The company plans to expand slowly based on customer experience, with no current plans for physical stores in the state.",https://media.yourobserver.com/img/photos/2022/05/09/352806_standard_t1100.jpeg?31a214c4405663fd4bc7e33e8c8cedcc07d61559,Jacksonville Daily Record,General,Jacksonville Daily Record,"[{'topic': 'retail_wholesale', 'relevance_score': '1.000000'}, {'topic': 'technology', 'relevance_score': '0.716706'}]",0.201488,Somewhat-Bullish,"[{'ticker': 'KR', 'relevance_score': '1.000000', 'ticker_sentiment_score': '0.346490', 'ticker_sentiment_label': 'Somewhat-Bullish'}, {'ticker': 'WMT', 'relevance_score': '0.611250', 'ticker_sentiment_score': '0.136104', 'ticker_sentiment_label': 'Neutral'}, {'ticker': 'AMZN', 'relevance_score': '0.618899', 'ticker_sentiment_score': '0.135248', 'ticker_sentiment_label': 'Neutral'}]"
"DC reveals details on first WEBTOON series, a FaZe Clan comic collaboration, and more for Batman Day",https://www.comicsbeat.com/dc-batman-day-webtoon-faze-clan-audio-adventures/,20210908T090000,['Joe Grunenwald'],"DC has announced a host of events and releases for Batman Day on September 18th, including the debut of ""Batman: Wayne Family Adventures,"" its first Webtoon original series. The celebrations also feature a collaboration with eSports organization FaZe Clan for an exclusive comic and the release of the scripted podcast ""Batman: The Audio Adventures"" on HBO Max. Additionally, DC is launching ""Batman: The World,"" a global hardcover anthology, and offering various other comic, toy, and multimedia experiences for fans.",https://www.comicsbeat.com/wp-content/uploads/2021/09/AW-WB-DC-Batman-Day-Logo-FINAL.png,Comics Beat,General,Comics Beat,"[{'topic': 'technology', 'relevance_score': '0.801044'}]",0.156077,Somewhat-Bullish,"[{'ticker': 'WBTN', 'relevance_score': '0.336651', 'ticker_sentiment_score': '0.040074', 'ticker_sentiment_label': 'Neutral'}, {'ticker': 'WBD', 'relevance_score': '0.850070', 'ticker_sentiment_score': '0.292369', 'ticker_sentiment_label': 'Somewhat-Bullish'}, {'ticker': 'MSFT', 'relevance_score': '0.643184', 'ticker_sentiment_score': '0.115056', 'ticker_sentiment_label': 'Neutral'}, {'ticker': 'AMZN', 'relevance_score': '0.559359', 'ticker_sentiment_score': '0.148500', 'ticker_sentiment_label': 'Neutral'}]"
Amazon EKS Anywhere launches into general availability,https://siliconangle.com/2021/09/08/amazon-eks-anywhere-launches-general-availability/,20210908T183820,['Mike Wheatley'],"Amazon Web Services Inc. has announced the general availability of Amazon EKS Anywhere, an extension of its Amazon Elastic Kubernetes Service. This new service allows customers to run Kubernetes clusters on-premises using VMware vSphere, providing an installable software package and automation tools for cluster lifecycle support. EKS Anywhere, similar to Google's Anthos and Microsoft's Azure Arc, is intended to simplify Kubernetes management across both cloud and on-premises environments, addressing the need for consistent management and deployment mechanisms for hybrid cloud operations.",https://d15shllkswkct0.cloudfront.net/wp-content/blogs.dir/1/files/2021/09/Amazon-EKS-Anywhere.jpg,SiliconANGLE,General,SiliconANGLE,"[{'topic': 'technology', 'relevance_score': '1.000000'}]",0.21262,Somewhat-Bullish,"[{'ticker': 'AMZN', 'relevance_score': '0.976806', 'ticker_sentiment_score': '0.337631', 'ticker_sentiment_label': 'Somewhat-Bullish'}, {'ticker': 'MSFT', 'relevance_score': '0.631158', 'ticker_sentiment_score': '0.124462', 'ticker_sentiment_label': 'Neutral'}, {'ticker': 'GOOGL', 'relevance_score': '0.576145', 'ticker_sentiment_score': '0.111303', 'ticker_sentiment_label': 'Neutral'}]"
Semiconductors to account for 20% of vehicle cost by 2030,https://electronics360.globalspec.com/article/17155/semiconductors-to-account-for-20-of-vehicle-cost-by-2030,20210908T185925,['Peter Brown'],"New research from Intel Corp. forecasts that semiconductors will constitute over 20% of the total premium vehicle bill of materials by 2030, a fivefold increase from 2019. This growth is driven by the increasing demand for semiconductors in various digital markets, including automotive, and Intel is expanding its manufacturing efforts with significant investments in new fabs to meet this demand. The company is also working to transition automotive chips to more advanced process technologies.",https://electronics360.globalspec.com/images/assets/155/17155/iaa-graphic-percent-16x9.jpg,Electronics360,General,Electronics360,"[{'topic': 'technology', 'relevance_score': '1.000000'}, {'topic': 'manufacturing', 'relevance_score': '0.926629'}, {'topic': 'economy_macro', 'relevance_score': '0.612470'}]",0.313862,Somewhat-Bullish,"[{'ticker': 'INTC', 'relevance_score': '1.000000', 'ticker_sentiment_score': '0.405696', 'ticker_sentiment_label': 'Bullish'}, {'ticker': 'QCOM', 'relevance_score': '0.743883', 'ticker_sentiment_score': '0.332309', 'ticker_sentiment_label': 'Somewhat-Bullish'}, {'ticker': 'AMZN', 'relevance_score': '0.633509', 'ticker_sentiment_score': '0.210165', 'ticker_sentiment_label': 'Somewhat-Bullish'}]"
"Macy’s Sales Plummeted in 2020, Highlighting Pandemic’s Toll on Retail (Published 2021)",https://www.nytimes.com/2021/02/23/business/macys-earnings-loss.html,20210908T190430,['Sapna Maheshwari'],"Macy's sales plunged 29% in 2020 to $17.3 billion, resulting in a net loss of $3.9 billion, largely due to the pandemic's impact on retail. The company is focusing on expanding its digital business, moving out of traditional malls, and testing smaller store formats to adapt to shifting consumer preferences. Macy's CEO Jeff Gennette noted the significant decline in apparel sales, particularly ""dressy"" clothing, and anticipates a recovery in the latter half of 2021.",https://static01.nyt.com/images/2021/02/23/business/23econ-brf-macys/merlin_180519234_59704f20-46e2-42a5-bcb6-2ed11cacbd9d-articleLarge.jpg?quality=75&auto=webp&disable=upscale,The New York Times,General,The New York Times,"[{'topic': 'earnings', 'relevance_score': '0.932447'}, {'topic': 'retail_wholesale', 'relevance_score': '1.000000'}, {'topic': 'economy_macro', 'relevance_score': '0.823531'}]",0.001962,Neutral,"[{'ticker': 'M', 'relevance_score': '1.000000', 'ticker_sentiment_score': '-0.494501', 'ticker_sentiment_label': 'Bearish'}, {'ticker': 'TJX', 'relevance_score': '0.639055', 'ticker_sentiment_score': '0.103800', 'ticker_sentiment_label': 'Neutral'}, {'ticker': 'ULTA', 'relevance_score': '0.646152', 'ticker_sentiment_score': '0.147377', 'ticker_sentiment_label': 'Neutral'}, {'ticker': 'AMZN', 'relevance_score': '0.629747', 'ticker_sentiment_score': '0.172875', 'ticker_sentiment_label': 'Somewhat-Bullish'}, {'ticker': 'TGT', 'relevance_score': '0.649602', 'ticker_sentiment_score': '0.133611', 'ticker_sentiment_label': 'Neutral'}]"
Prevent Container Risks With Advanced Container Image Sandboxing,https://www.paloaltonetworks.com/blog/2021/09/container-image-sandboxing/,20210908T191031,['John Morello and Keith Mokris'],"Palo Alto Networks announced new capabilities in Prisma Cloud's Cloud Workload Protection to enhance container security, particularly through advanced machine learning for pre-deployment image sandboxing. This allows developers and DevOps teams to analyze third-party container images for dynamic threats in an isolated environment before deployment. The update also expands host security for VMs on Azure and Google Cloud, improves web application and API security, and includes Red Hat certification for its vulnerability scanner.",,Palo Alto Networks,General,Palo Alto Networks,"[{'topic': 'technology', 'relevance_score': '0.946078'}]",0.372381,Bullish,"[{'ticker': 'PANW', 'relevance_score': '1.000000', 'ticker_sentiment_score': '0.429703', 'ticker_sentiment_label': 'Bullish'}, {'ticker': 'MSFT', 'relevance_score': '0.625525', 'ticker_sentiment_score': '0.342426', 'ticker_sentiment_label': 'Somewhat-Bullish'}, {'ticker': 'GOOGL', 'relevance_score': '0.626035', 'ticker_sentiment_score': '0.341844', 'ticker_sentiment_label': 'Somewhat-Bullish'}, {'ticker': 'AMZN', 'relevance_score': '0.603177', 'ticker_sentiment_score': '0.329605', 'ticker_sentiment_label': 'Somewhat-Bullish'}]"
"Amazon to open warehouse in Delta Township, bringing 500 jobs",https://www.lansingstatejournal.com/story/news/local/2021/09/08/amazon-delta-township-lansing-fulfillment-center-500-jobs/5755082001/,20210908T193551,['Rachel Greco'],"Amazon.com, Inc. announced plans to open a 1-million-square-foot fulfillment center in Delta Township, Michigan, which will create over 500 full-time jobs. This will be Amazon's eighth fulfillment center in the state and its first in mid-Michigan, focusing on larger items. The facility is expected to be operational next year, with employees earning an average of $17 an hour plus healthcare benefits.",,Lansing State Journal,General,Lansing State Journal,"[{'topic': 'retail_wholesale', 'relevance_score': '0.814367'}, {'topic': 'real_estate', 'relevance_score': '0.709997'}, {'topic': 'economy_macro', 'relevance_score': '0.619250'}]",0.407046,Bullish,"[{'ticker': 'AMZN', 'relevance_score': '1.000000', 'ticker_sentiment_score': '0.419483', 'ticker_sentiment_label': 'Bullish'}]"
Ulta Beauty Inc. stock outperforms competitors on strong trading day,https://www.marketwatch.com/data-news/ulta-beauty-inc-stock-outperforms-competitors-on-strong-trading-day-01631222831-db3ea687e006?gaa_at=eafs&gaa_n=AWEtsqdQNXx6xnfaHDIVpEm6jQyn-c0_RFLtomw7Irrhvn4BGPM3cyzE3rbo&gaa_ts=6907cfd7&gaa_sig=YdJUU6pAE8cxUfnx_l-LSb77Js0s_m-FFOUhCIfpMNoyesy-th2kAuYgoLogAChpJeF6qMqcXA_eb8bG6swEyw%3D%3D,20210909T172700,['MarketWatch Automation'],"Ulta Beauty Inc. (ULTA) stock rose 1.54% to $382.08 on a generally down day for the market, outperforming the S&P 500 and Dow Jones Industrial Average. The stock closed $32.90 below its 52-week high and also outperformed key competitors like CVS Health Corp., Walgreens Boots Alliance Inc., and Amazon.com Inc. Trading volume was slightly below its 50-day average.",,MarketWatch,General,MarketWatch,"[{'topic': 'financial_markets', 'relevance_score': '0.909354'}, {'topic': 'retail_wholesale', 'relevance_score': '0.828416'}]",-0.071456,Neutral,"[{'ticker': 'ULTA', 'relevance_score': '1.000000', 'ticker_sentiment_score': '0.404831', 'ticker_sentiment_label': 'Bullish'}, {'ticker': 'CVS', 'relevance_score': '0.607992', 'ticker_sentiment_score': '-0.161408', 'ticker_sentiment_label': 'Somewhat-Bearish'}, {'ticker': 'WBA', 'relevance_score': '0.647757', 'ticker_sentiment_score': '-0.192262', 'ticker_sentiment_label': 'Somewhat-Bearish'}, {'ticker': 'AMZN', 'relevance_score': '0.610031', 'ticker_sentiment_score': '-0.215128', 'ticker_sentiment_label': 'Somewhat-Bearish'}]"
Will Snowflake Be Worth More Than Salesforce.com by 2030?,https://www.fool.com/investing/2021/09/09/will-snowflake-worth-more-than-salesforce-by-2030/,20210909T184627,['Leo Sun'],"This article analyzes whether Snowflake could surpass Salesforce.com in market capitalization by 2030, comparing their growth rates and valuations. While Snowflake projects rapid revenue growth, its current high valuation makes it unlikely to maintain its price-to-sales ratio for a decade, suggesting Salesforce will remain more valuable. However, Snowflake's stock could still offer bigger gains due to its aggressive growth targets, despite facing more competition.",https://g.foolcdn.com/image/?url=https%3A%2F%2Fg.foolcdn.com%2Feditorial%2Fimages%2F642167%2Fgettyimages-1153719403.jpg&w=3840&op=resize,The Motley Fool,General,The Motley Fool,"[{'topic': 'ipo', 'relevance_score': '0.844476'}, {'topic': 'financial_markets', 'relevance_score': '0.937548'}, {'topic': 'technology', 'relevance_score': '1.000000'}]",0.21664,Somewhat-Bullish,"[{'ticker': 'CRM', 'relevance_score': '1.000000', 'ticker_sentiment_score': '0.258599', 'ticker_sentiment_label': 'Somewhat-Bullish'}, {'ticker': 'MSFT', 'relevance_score': '0.607245', 'ticker_sentiment_score': '0.237714', 'ticker_sentiment_label': 'Somewhat-Bullish'}, {'ticker': 'AMZN', 'relevance_score': '0.595569', 'ticker_sentiment_score': '0.215004', 'ticker_sentiment_label': 'Somewhat-Bullish'}]"
"Find Lost Items at Home with Alexa, Google, Xfinity, and Siri",https://www.life360.com/blog/finding-is-even-easier-with-smart-help,20210909T190344,[],"This article provides guidance on how to locate lost items within a home using various smart assistants such as Alexa, Google, Xfinity, and Siri. It covers different methods and tips for leveraging these technologies to find misplaced belongings.",,Life360,General,Life360,"[{'topic': 'technology', 'relevance_score': '0.844420'}]",0.121803,Neutral,"[{'ticker': 'LIF', 'relevance_score': '0.318223', 'ticker_sentiment_score': '0.017056', 'ticker_sentiment_label': 'Neutral'}, {'ticker': 'AAPL', 'relevance_score': '0.721614', 'ticker_sentiment_score': '0.102824', 'ticker_sentiment_label': 'Neutral'}, {'ticker': 'AMZN', 'relevance_score': '0.630127', 'ticker_sentiment_score': '0.119637', 'ticker_sentiment_label': 'Neutral'}, {'ticker': 'CMCSA', 'relevance_score': '0.602756', 'ticker_sentiment_score': '0.144949', 'ticker_sentiment_label': 'Neutral'}, {'ticker': 'GOOGL', 'relevance_score': '0.646560', 'ticker_sentiment_score': '0.109660', 'ticker_sentiment_label': 'Neutral'}]"
Alibaba-Backed Hello Inc. to Complete New Round of Financing,https://pandaily.com/alibaba-backed-hello-inc-to-complete-new-round-of-financing,20210909T190610,[],"Alibaba-Backed Hello Inc. is preparing to complete a new round of financing. This development indicates ongoing investment and growth for the company, which operates in a sector of interest for major tech players like Alibaba.",,Pandaily,General,Pandaily,"[{'topic': 'finance', 'relevance_score': '0.943114'}, {'topic': 'technology', 'relevance_score': '0.849500'}]",0.247295,Somewhat-Bullish,"[{'ticker': 'MOMO', 'relevance_score': '1.000000', 'ticker_sentiment_score': '0.304542', 'ticker_sentiment_label': 'Somewhat-Bullish'}, {'ticker': 'AMZN', 'relevance_score': '0.635211', 'ticker_sentiment_score': '0.135216', 'ticker_sentiment_label': 'Neutral'}]"
Protect Your Data with Amazon FSx for NetApp ONTAP,https://www.netapp.com/learn/aws-fsxo-blg-protect-your-data-with-amazon-fsx-for-netapp-ontap/,20210909T190832,['Yifat Perry'],"This article discusses how Amazon FSx for NetApp ONTAP helps solve complex data protection challenges in hybrid and multicloud environments. It details features like Snapshots, block-level backups, disaster recovery, and data governance with Cloud Data Sense. These capabilities enable cost-effective data management, enhanced security, and compliance with regulatory requirements.",https://www.netapp.com/media/yifat-perry_tcm19-128537.jpg?v=175149,NetApp,General,NetApp,"[{'topic': 'technology', 'relevance_score': '1.000000'}, {'topic': 'finance', 'relevance_score': '0.637505'}]",0.419462,Bullish,"[{'ticker': 'NTAP', 'relevance_score': '1.000000', 'ticker_sentiment_score': '0.456301', 'ticker_sentiment_label': 'Bullish'}, {'ticker': 'AMZN', 'relevance_score': '0.891738', 'ticker_sentiment_score': '0.320193', 'ticker_sentiment_label': 'Somewhat-Bullish'}]"
Tennessee panel OKs $65M in state incentives for Oracle,https://www.newschannel5.com/news/tennessee-panel-oks-65m-in-state-incentives-for-oracle,20210909T191002,['The Associated Press'],"A Tennessee panel has approved $65 million in state incentives for Oracle Corp. The company plans to create 8,500 jobs and invest $1.2 billion in Nashville over the next decade, with an average salary of $110,000. This expansion would surpass Amazon's previous investment in the city.",https://ewscripps.brightspotcdn.com/dims4/default/fe750bd/2147483647/strip/true/crop/2042x1149+0+7/resize/1280x720!/quality/90/?url=http%3A%2F%2Fewscripps-brightspot.s3.amazonaws.com%2F87%2F31%2F83deba284bb086691174f0f73645%2Fscreen-shot-2021-04-14-at-12.10.36%20PM.png,News Channel 5 Nashville,General,News Channel 5 Nashville,"[{'topic': 'economy_fiscal', 'relevance_score': '0.944771'}, {'topic': 'technology', 'relevance_score': '0.802428'}, {'topic': 'real_estate', 'relevance_score': '0.729923'}]",0.321126,Somewhat-Bullish,"[{'ticker': 'ORCL', 'relevance_score': '1.000000', 'ticker_sentiment_score': '0.506073', 'ticker_sentiment_label': 'Bullish'}, {'ticker': 'AMZN', 'relevance_score': '0.617508', 'ticker_sentiment_score': '0.112834', 'ticker_sentiment_label': 'Neutral'}]"
UPS to hire over 100k essential seasonal workers,https://about.ups.com/mx/en/newsroom/press-releases/customer-first/ups-to-hire-over-100k-essential-seasonal-workers.html,20210909T192159,[],"UPS announced its plan to hire over 100,000 essential seasonal workers to manage the anticipated increase in package volume during the 2021 holiday season, which runs from October 2021 through January 2022. The company aims for a quick hiring process, with many qualified candidates receiving an offer within 30 minutes of applying. UPS also highlighted its track record of converting seasonal roles into permanent positions, with nearly a third of its current U.S. workforce having started in seasonal jobs.",https://about.ups.com/content/dam/upsstories/images/newsroom/press-releases/hire-over-100k-essential-seasonal-workers/1440x752px.jpg,UPS,General,UPS,"[{'topic': 'energy_transportation', 'relevance_score': '0.900876'}, {'topic': 'economy_macro', 'relevance_score': '0.704717'}, {'topic': 'retail_wholesale', 'relevance_score': '0.601186'}]",0.159864,Somewhat-Bullish,"[{'ticker': 'UPS', 'relevance_score': '0.960006', 'ticker_sentiment_score': '0.318791', 'ticker_sentiment_label': 'Somewhat-Bullish'}, {'ticker': 'FDX', 'relevance_score': '0.644718', 'ticker_sentiment_score': '0.134136', 'ticker_sentiment_label': 'Neutral'}, {'ticker': 'AMZN', 'relevance_score': '0.558416', 'ticker_sentiment_score': '0.002247', 'ticker_sentiment_label': 'Neutral'}]"
"Apple can’t force developers to use its in-app payment system, federal judge rules",https://www.marketwatch.com/story/apple-must-allow-other-in-app-purchases-on-app-store-judge-ruling-11631291223?gaa_at=eafs&gaa_n=AWEtsqfql3I9l-KYVjVqTnr3q4ZKdM6xjXY8wK5p5M1tktQ-gnK-98EoZHfy&gaa_ts=6907b396&gaa_sig=j6ReqBv-BHFZDFoZ-aJ3HEA0Zs7qVekpa745a16WH3DkmHysIQgOa9jtAaY9va74TcP7ruPHc9Tf-yh1SFXN-Q%3D%3D,20210910T122600,['Jon Swartz'],"A federal judge ruled that Apple Inc. can no longer compel developers to use its in-app payment system, allowing them to bypass commission fees of 15% to 30%. This decision, stemming from the Epic Games Inc. case, could significantly alter how apps are distributed by dominant online platforms like Apple, Alphabet Inc. (Google), and Amazon.com Inc. However, the ruling stopped short of declaring Apple an antitrust monopolist.",,MarketWatch,General,MarketWatch,"[{'topic': 'technology', 'relevance_score': '0.929900'}, {'topic': 'financial_markets', 'relevance_score': '0.611292'}]",-0.206206,Somewhat-Bearish,"[{'ticker': 'AAPL', 'relevance_score': '1.000000', 'ticker_sentiment_score': '-0.446011', 'ticker_sentiment_label': 'Bearish'}, {'ticker': 'GOOGL', 'relevance_score': '0.627292', 'ticker_sentiment_score': '-0.106397', 'ticker_sentiment_label': 'Neutral'}, {'ticker': 'GOOG', 'relevance_score': '0.639259', 'ticker_sentiment_score': '-0.101107', 'ticker_sentiment_label': 'Neutral'}, {'ticker': 'AMZN', 'relevance_score': '0.604534', 'ticker_sentiment_score': '-0.115129', 'ticker_sentiment_label': 'Neutral'}]"
How Dutch grocery giant Ahold Delhaize is taking on U.S. rivals with tech,https://fortune.com/2021/09/10/ahold-delhaize-grocery-tech-covid/,20210910T144000,['Phil Wahba'],"Ahold Delhaize, a Dutch grocery conglomerate, is leveraging technology and strategic acquisitions to compete with major U.S. rivals like Kroger, Walmart, and Albertsons, especially in the online grocery market. The company, which operates brands like Stop & Shop and Food Lion in the U.S., is investing in automated distribution centers, launching new e-commerce platforms like Ship2Me, and focusing on organic growth and smaller urban stores. CEO Frans Muller believes hybrid fulfillment models and catering to changed consumer habits post-pandemic, such as increased home cooking, will sustain their growth.",https://fortune.com/img-assets/wp-content/uploads/2021/08/GettyImages-1169021518.jpg?format=webp&w=1440&q=100,Fortune,General,Fortune,"[{'topic': 'retail_wholesale', 'relevance_score': '0.949103'}, {'topic': 'technology', 'relevance_score': '0.819016'}, {'topic': 'mergers_and_acquisitions', 'relevance_score': '0.734474'}]",0.114372,Neutral,"[{'ticker': 'KR', 'relevance_score': '0.886298', 'ticker_sentiment_score': '0.085389', 'ticker_sentiment_label': 'Neutral'}, {'ticker': 'WMT', 'relevance_score': '0.823606', 'ticker_sentiment_score': '0.114098', 'ticker_sentiment_label': 'Neutral'}, {'ticker': 'AMZN', 'relevance_score': '0.622988', 'ticker_sentiment_score': '0.131370', 'ticker_sentiment_label': 'Neutral'}]"
“We are not giving up.” Alabama Coal Miners Enter Sixth Month of Strike,https://www.leftvoice.org/we-are-not-giving-up-alabama-coal-miners-enter-sixth-month-of-strike/,20210910T185644,['Luigi Morris'],"Alabama coal miners at Warrior Met Coal Inc. have entered their sixth month of a historic strike, fighting for better wages, reasonable hours, and improved safety conditions against a company that declared bankruptcy and then exploited its workers. The article details the harsh working conditions, the workers' personal sacrifices, and the political complexities and contradictions encountered during the prolonged labor dispute, highlighting the efforts by the Left Voice to support and amplify their message. Despite challenges and limited support from mainstream media and politicians, the miners remain determined, with solidarity efforts extending to other labor movements, including efforts by a Women's Auxiliary Committee.",https://www.leftvoice.org/wp-content/uploads/2021/09/cover.jpg,Left Voice,General,Left Voice,"[{'topic': 'economy_macro', 'relevance_score': '0.809342'}, {'topic': 'manufacturing', 'relevance_score': '0.713735'}, {'topic': 'energy_transportation', 'relevance_score': '0.633988'}]",-0.242554,Somewhat-Bearish,"[{'ticker': 'HCC', 'relevance_score': '0.348396', 'ticker_sentiment_score': '0.021513', 'ticker_sentiment_label': 'Neutral'}, {'ticker': 'BLK', 'relevance_score': '0.720340', 'ticker_sentiment_score': '-0.311174', 'ticker_sentiment_label': 'Somewhat-Bearish'}, {'ticker': 'AMZN', 'relevance_score': '0.613138', 'ticker_sentiment_score': '-0.328275', 'ticker_sentiment_label': 'Somewhat-Bearish'}]"
Naturally Network to Launch Officially at Expo East,https://progressivegrocer.com/naturally-network-launch-officially-expo-east,20210910T190931,['Bridget Goldschmidt'],"Naturally Network, a new national trade association for the natural and organic product industry, will officially launch at Natural Products Expo East. Founded in June, the 501(c)(6) business association aims to foster growth and support local affiliates, members, and sponsors across the country. Executive Director Sharon Reddehase will lead the organization, which has already established a board of directors and secured founding sponsors through its Founders Circle.",https://assets1.progressivegrocer.com/images/v/max_width_1440/files/2021-09/Sharon%20Reddehase.png,Progressive Grocer,General,Progressive Grocer,"[{'topic': 'retail_wholesale', 'relevance_score': '0.833083'}, {'topic': 'finance', 'relevance_score': '0.615528'}]",0.067983,Neutral,"[{'ticker': 'OFRM', 'relevance_score': '0.303210', 'ticker_sentiment_score': '0.029632', 'ticker_sentiment_label': 'Neutral'}, {'ticker': 'AMZN', 'relevance_score': '0.616960', 'ticker_sentiment_score': '-0.129194', 'ticker_sentiment_label': 'Neutral'}, {'ticker': 'KHC', 'relevance_score': '0.628865', 'ticker_sentiment_score': '0.137295', 'ticker_sentiment_label': 'Neutral'}, {'ticker': 'WMT', 'relevance_score': '0.643883', 'ticker_sentiment_score': '0.115738', 'ticker_sentiment_label': 'Neutral'}]"
Single Stocks & ETFs Do Mix,https://www.etf.com/sections/news/single-stocks-etfs-do-mix,20210910T191814,['Jessica Ferringer'],"This article discusses how single stocks and ETFs can both have a place in an investment portfolio. It highlights the similarities and differences, emphasizing the importance of considering overall portfolio concentration when adding individual stocks. The author also weighs the pros and cons, such as lower costs for single stocks versus the diversification and professional management benefits of ETFs.",,ETF.com,General,ETF.com,"[{'topic': 'financial_markets', 'relevance_score': '0.939136'}]",0.113912,Neutral,"[{'ticker': 'SPXD', 'relevance_score': '0.346297', 'ticker_sentiment_score': '0.028039', 'ticker_sentiment_label': 'Neutral'}, {'ticker': 'AAPL', 'relevance_score': '0.737669', 'ticker_sentiment_score': '0.342239', 'ticker_sentiment_label': 'Somewhat-Bullish'}, {'ticker': 'MSFT', 'relevance_score': '0.601823', 'ticker_sentiment_score': '0.290789', 'ticker_sentiment_label': 'Somewhat-Bullish'}, {'ticker': 'AMZN', 'relevance_score': '0.646111', 'ticker_sentiment_score': '-0.221489', 'ticker_sentiment_label': 'Somewhat-Bearish'}]"
"Apple, Google, Amazon spying on you, lawsuits claim",https://www.foxbusiness.com/technology/apple-google-amazon-spying-lawsuits,20210912T185544,['Brooke Crothers'],"Lawsuits allege that Apple, Google, and Amazon are spying on users through their voice assistants, recording private conversations and sharing them with advertisers. A class-action lawsuit against Apple's Siri has been greenlit by a federal judge, with similar claims made against Google and Amazon. The companies deny these allegations, stating that recordings are only kept with user consent or to improve service, and offer options for users to manage their privacy settings.",https://a57.foxnews.com/cf-images.us-east-1.prod.boltdns.net/v1/static/854081161001/ea64bc04-d3c8-48f8-9f91-96c3ed227530/a2e2fae1-6d80-4031-9230-bbf3bede99e4/1280x720/match/image.jpg,Fox Business,General,Fox Business,"[{'topic': 'technology', 'relevance_score': '0.905669'}, {'topic': 'finance', 'relevance_score': '0.726349'}]",-0.23446,Somewhat-Bearish,"[{'ticker': 'GOOGL', 'relevance_score': '1.000000', 'ticker_sentiment_score': '-0.240296', 'ticker_sentiment_label': 'Somewhat-Bearish'}, {'ticker': 'AAPL', 'relevance_score': '0.985600', 'ticker_sentiment_score': '-0.245642', 'ticker_sentiment_label': 'Somewhat-Bearish'}, {'ticker': 'AMZN', 'relevance_score': '0.947149', 'ticker_sentiment_score': '-0.200239', 'ticker_sentiment_label': 'Somewhat-Bearish'}]"
Copado raises $140 million on $1.2B valuation to expand its DevOps platform,https://siliconangle.com/2021/09/13/copado-raises-140-million-expand-devops-platform-1-2-billion-valuation/,20210913T184627,['Kyt Dotson'],"Copado, a DevOps platform for Salesforce, has secured $140 million in Series C funding, led by Insight Partners, pushing its valuation to nearly $1.2 billion. The company plans to use the new capital to expand its DevOps and AI-driven testing solutions across various enterprise SaaS platforms and accelerate international growth, especially in the Asia-Pacific region. Copado, founded in 2013, initially focused on Salesforce but has since expanded to support other cloud platforms and has acquired DevSecOps and AI-testing companies.",https://d15shllkswkct0.cloudfront.net/wp-content/blogs.dir/1/files/2021/09/Ted_Headshot_2021_001.jpeg,SiliconANGLE,General,SiliconANGLE,"[{'topic': 'technology', 'relevance_score': '0.901848'}, {'topic': 'finance', 'relevance_score': '0.733458'}]",0.420772,Bullish,"[{'ticker': 'CRM', 'relevance_score': '0.904008', 'ticker_sentiment_score': '0.712355', 'ticker_sentiment_label': 'Bullish'}, {'ticker': 'LIN', 'relevance_score': '0.629565', 'ticker_sentiment_score': '0.331083', 'ticker_sentiment_label': 'Somewhat-Bullish'}, {'ticker': 'CPB', 'relevance_score': '0.648838', 'ticker_sentiment_score': '0.306321', 'ticker_sentiment_label': 'Somewhat-Bullish'}, {'ticker': 'AMZN', 'relevance_score': '0.607240', 'ticker_sentiment_score': '0.324861', 'ticker_sentiment_label': 'Somewhat-Bullish'}]"
"GetYourGuide gets help from Expedia, Amazon widens virtual tours",https://www.phocuswire.com/GetYourGuide-help-from-Expedia-Amazon-widens-virtual-tours,20210913T185126,['Kevin May'],"Expedia has partnered with GetYourGuide to distribute tours and activities, allowing customers to book GetYourGuide's offerings directly on Expedia's sites. This move follows Expedia's shift to sourcing third-party inventory after closing its own concierge business. Simultaneously, Amazon has expanded its virtual tours service, Amazon Explore, to include small group experiences, enabling multiple customers from different locations to participate in live virtual activities.",https://ik.imgkit.net/3vlqs5axxjf/PCWW/uploadedImages/Articles/News/2021/September/expedia-berlin-getyourguide-viator(1).jpg?width=800&height=400&mode=crop&Anchor=MiddleCenter&tr=w-600%2Ch-300%2Cfo-auto,PhocusWire,General,PhocusWire,"[{'topic': 'technology', 'relevance_score': '0.836609'}]",0.189676,Somewhat-Bullish,"[{'ticker': 'EXPE', 'relevance_score': '1.000000', 'ticker_sentiment_score': '0.313618', 'ticker_sentiment_label': 'Somewhat-Bullish'}, {'ticker': 'AMZN', 'relevance_score': '0.737649', 'ticker_sentiment_score': '0.105453', 'ticker_sentiment_label': 'Neutral'}, {'ticker': 'BKNG', 'relevance_score': '0.623082', 'ticker_sentiment_score': '0.111709', 'ticker_sentiment_label': 'Neutral'}]"
Cloudflare Workers: the Fast Serverless Platform,https://blog.cloudflare.com/cloudflare-workers-the-fast-serverless-platform/,20210913T190733,['Rita Kozlov'],"This article discusses Cloudflare Workers, a serverless platform designed for speed and efficiency at the edge. It highlights how Workers significantly outperform other serverless offerings like Lambda and Lambda@Edge in terms of speed and addresses the challenges posed by traditional container-based serverless architectures by leveraging lightweight V8 isolates. The post emphasizes that Workers' architecture eliminates cold starts and provides a better developer and end-user experience due to its global edge network and continuous performance improvements.",https://cf-assets.www.cloudflare.com/zkvhlag99gkb/387wwbe1g3UENZVROvsJkY/c3944f2226abb816e6f62e14f5cb19f9/cloudflare-workers-the-fast-serverless-platform.png,The Cloudflare Blog,General,The Cloudflare Blog,"[{'topic': 'technology', 'relevance_score': '0.949854'}]",0.127905,Neutral,"[{'ticker': 'NET', 'relevance_score': '1.000000', 'ticker_sentiment_score': '0.495229', 'ticker_sentiment_label': 'Bullish'}, {'ticker': 'AMZN', 'relevance_score': '0.782292', 'ticker_sentiment_score': '0.101599', 'ticker_sentiment_label': 'Neutral'}, {'ticker': 'MSFT', 'relevance_score': '0.659208', 'ticker_sentiment_score': '-0.205791', 'ticker_sentiment_label': 'Somewhat-Bearish'}]"
"Redesigned Sonos Beam supports Dolby Atmos, eARC",https://www.techhive.com/article/579684/sonos-beam-soundbar-second-generation-unveiled.html,20210914T060000,['Ben Patterson'],"Sonos has redesigned its Beam soundbar, now in its second generation, to include Dolby Atmos support and HDMI eARC connectivity. The newer model retains the compact size of its predecessor but features a faster CPU for virtualized Dolby Atmos height effects and an updated polycarbonate grille. Shipping October 5 for $449, it will also support lossless and Dolby Atmos Music from Amazon Music.",https://www.techhive.com/wp-content/uploads/2023/04/sonos-beam-second-generation-lifestyle-100902401-orig.jpeg?quality=50&strip=all&w=1024,TechHive,General,TechHive,"[{'topic': 'technology', 'relevance_score': '0.941032'}]",0.259447,Somewhat-Bullish,"[{'ticker': 'SONO', 'relevance_score': '1.000000', 'ticker_sentiment_score': '0.431630', 'ticker_sentiment_label': 'Bullish'}, {'ticker': 'AMZN', 'relevance_score': '0.649732', 'ticker_sentiment_score': '0.207010', 'ticker_sentiment_label': 'Somewhat-Bullish'}, {'ticker': 'AAPL', 'relevance_score': '0.554153', 'ticker_sentiment_score': '0.131422', 'ticker_sentiment_label': 'Neutral'}]"
Kroger and Instacart launch 30-minute grocery delivery service in the U.S.,https://fortune.com/2021/09/14/kroger-instacart-grocery-delivery-service-us/,20210914T111200,"['Brendan Case', 'Bloomberg']","Kroger and Instacart have partnered to launch ""Kroger Delivery Now,"" a new home-delivery service promising groceries and household staples in as little as 30 minutes. This offering aims to reach up to 50 million U.S. households, significantly expanding Kroger's e-commerce presence amid competition from Walmart and Amazon. The service emphasizes convenience, providing quick delivery of 25,000 items through Kroger's platforms and a dedicated ""Convenience Hub"" on Instacart.",,Fortune,General,Fortune,"[{'topic': 'retail_wholesale', 'relevance_score': '0.940047'}, {'topic': 'technology', 'relevance_score': '0.811580'}]",0.177024,Somewhat-Bullish,"[{'ticker': 'KR', 'relevance_score': '1.000000', 'ticker_sentiment_score': '0.281253', 'ticker_sentiment_label': 'Somewhat-Bullish'}, {'ticker': 'AMZN', 'relevance_score': '0.732396', 'ticker_sentiment_score': '0.108174', 'ticker_sentiment_label': 'Neutral'}, {'ticker': 'WMT', 'relevance_score': '0.625196', 'ticker_sentiment_score': '0.130471', 'ticker_sentiment_label': 'Neutral'}]"
Grupo Aeroportuario del Sureste - ASR - Stock Price & News,https://www.fool.com/quote/nyse/asr/,20210914T115153,[],"This page provides a comprehensive overview of Grupo Aeroportuario del Sureste (ASR) stock, including its current price, key data points, return performance against the S&P, company information, and recent news and analysis. It also presents detailed financial health metrics, valuation ratios, and earnings call transcripts for investors.",https://g.foolcdn.com/misc-assets/logo-tmf-primary-1-magenta-purple-reversed.svg?_w=320,The Motley Fool,General,The Motley Fool,"[{'topic': 'financial_markets', 'relevance_score': '1.000000'}, {'topic': 'earnings', 'relevance_score': '0.909516'}, {'topic': 'energy_transportation', 'relevance_score': '0.711237'}]",0.194372,Somewhat-Bullish,"[{'ticker': 'ASR', 'relevance_score': '1.000000', 'ticker_sentiment_score': '0.106105', 'ticker_sentiment_label': 'Neutral'}, {'ticker': 'AMZN', 'relevance_score': '0.644998', 'ticker_sentiment_score': '0.141532', 'ticker_sentiment_label': 'Neutral'}, {'ticker': 'GOOG', 'relevance_score': '0.616237', 'ticker_sentiment_score': '0.152667', 'ticker_sentiment_label': 'Somewhat-Bullish'}, {'ticker': 'NFLX', 'relevance_score': '0.603803', 'ticker_sentiment_score': '0.266290', 'ticker_sentiment_label': 'Somewhat-Bullish'}]"
Spotify Rival Anghami partners with Amazon to give Prime members in Saudi Arabia and UAE 6 months Anghami Plus for free,https://www.musicbusinessworldwide.com/spotify-rival-anghami-partners-with-amazon-to-give-prime-members-in-saudi-arabia-and-uae-6-months-anghami-plus-for-free/,20210914T183813,['Jack Needham'],"Anghami, a music streaming company focused on the Middle East and North Africa, has teamed up with Amazon to provide Prime members in Saudi Arabia and the UAE with a free six-month subscription to its premium service, Anghami Plus. This collaboration will be followed by a 50% discount for the subsequent six months. The partnership aims to offer Prime members access to millions of songs, podcasts, and unlimited downloads, enhancing their entertainment benefits in regions where Amazon Music Unlimited is not currently available.",https://www.musicbusinessworldwide.com/files/2021/03/Elie-Habib-Anghamis-co-founder-80x53.jpg,Music Business Worldwide,General,Music Business Worldwide,"[{'topic': 'mergers_and_acquisitions', 'relevance_score': '0.804440'}, {'topic': 'technology', 'relevance_score': '0.944503'}, {'topic': 'retail_wholesale', 'relevance_score': '0.715593'}]",0.39361,Bullish,"[{'ticker': 'ANGH', 'relevance_score': '1.000000', 'ticker_sentiment_score': '0.400543', 'ticker_sentiment_label': 'Bullish'}, {'ticker': 'AMZN', 'relevance_score': '0.910874', 'ticker_sentiment_score': '0.323188', 'ticker_sentiment_label': 'Somewhat-Bullish'}]"
Intuit (INTU) to Buy Digital Marketing Firm Mailchimp for $12B,https://www.nasdaq.com/articles/intuit-intu-to-buy-digital-marketing-firm-mailchimp-for-$12b-2021-09-14,20210914T185929,['Zacks Equity Research'],"Intuit (INTU) announced its agreement to acquire digital marketing firm Mailchimp for $12 billion in a cash-and-stock deal, expected to close by the end of fiscal second-quarter 2022. This acquisition aims to boost Intuit's small-business capabilities and enhance its customer reach by integrating Mailchimp’s email marketing services and AI-driven technology with Intuit’s QuickBooks platform. The deal is intended to provide an end-to-end customer growth platform for small and mid-market businesses and is anticipated to be accretive to Intuit’s fiscal 2022 adjusted earnings.",https://www.nasdaq.com/sites/acquia.prod/files/2022/09/22/Zacks.png,Nasdaq,General,Nasdaq,"[{'topic': 'mergers_and_acquisitions', 'relevance_score': '0.926970'}, {'topic': 'technology', 'relevance_score': '0.817735'}, {'topic': 'earnings', 'relevance_score': '0.726531'}, {'topic': 'finance', 'relevance_score': '0.613586'}]",0.249003,Somewhat-Bullish,"[{'ticker': 'INTU', 'relevance_score': '1.000000', 'ticker_sentiment_score': '0.404887', 'ticker_sentiment_label': 'Bullish'}, {'ticker': 'AMZN', 'relevance_score': '0.639604', 'ticker_sentiment_score': '0.133910', 'ticker_sentiment_label': 'Neutral'}]"
The Sonos Beam Gen 2 Is Now Available | WiFiHiFi,https://wifihifi.com/sonos-beam-gen-2/,20210914T191740,['Steve Makris'],"The Sonos Beam Gen 2 is a new compact soundbar with enhanced processing power, supporting Dolby Atmos and Ultra HD audio. Available for pre-order at $559 in Canada, it features a faster CPU, re-tuned speaker arrays for crisper dialogue, and eARC compatibility for a more immersive sound experience. Sonos also plans to support Amazon Music's Ultra High Definition audio and Dolby Atmos Music on various Sonos speakers, while the Beam Gen 2 introduces a new polycarbonate grille and NFC for easier setup.",https://wifihifi.com/wp-content/uploads/2021/09/Sonos-Beam-Gen-2-WIDE-1600x799.jpg,Wifi Hifi Magazine,General,Wifi Hifi Magazine,"[{'topic': 'technology', 'relevance_score': '0.812193'}]",0.384199,Bullish,"[{'ticker': 'SONO', 'relevance_score': '1.000000', 'ticker_sentiment_score': '0.539048', 'ticker_sentiment_label': 'Bullish'}, {'ticker': 'AMZN', 'relevance_score': '0.644201', 'ticker_sentiment_score': '0.238284', 'ticker_sentiment_label': 'Somewhat-Bullish'}]"
"Amazon hikes average U.S. starting pay to $18, hires for 125,000 jobs",https://www.reuters.com/business/exclusive-amazon-hikes-starting-pay-18-an-hour-it-hires-125000-more-logistics-2021-09-14/,20210914T205700,['Jeffrey Dastin'],"Amazon has increased its average U.S. starting wage to over $18 an hour and plans to hire an additional 125,000 warehouse and transportation workers. This move comes amidst a tight U.S. labor market and increased scrutiny of Amazon's labor practices. The company aims to fill these roles quickly to support its continued growth and enhance its logistics capabilities, including its one-day delivery service for Prime members.",https://www.reuters.com/resizer/v2/AQY5RKILSBJ2VCWVRCQWALPHHQ.jpg?auth=608cb5c4f2efe44fea7a174cab6d56798b87307dfc08c42910e5ccfe37f4fc27&width=1080&quality=80,Reuters,General,Reuters,"[{'topic': 'retail_wholesale', 'relevance_score': '0.937626'}, {'topic': 'economy_macro', 'relevance_score': '0.802588'}, {'topic': 'finance', 'relevance_score': '0.636444'}]",0.191325,Somewhat-Bullish,"[{'ticker': 'AMZN', 'relevance_score': '1.000000', 'ticker_sentiment_score': '0.321806', 'ticker_sentiment_label': 'Somewhat-Bullish'}, {'ticker': 'WMT', 'relevance_score': '0.610189', 'ticker_sentiment_score': '0.147684', 'ticker_sentiment_label': 'Neutral'}, {'ticker': 'WBA', 'relevance_score': '0.589330', 'ticker_sentiment_score': '0.148604', 'ticker_sentiment_label': 'Neutral'}]"
Procore Appoints Sandra Benson as Global Head of Industry Transformation,https://www.businesswire.com/news/home/20210914005218/en/Procore-Appoints-Sandra-Benson-as-Global-Head-of-Industry-Transformation,20210914T205725,[],"Procore Technologies, Inc. has appointed construction technology expert Sandra Benson as its Global Head of Industry Transformation. In this new role, Benson will advise Procore’s product and sales engineering teams on customer and partner requirements, leveraging her extensive experience in the building and construction technology industry. She is also a presidential appointee to the Board of Directors of the National Institute of Building Sciences (NIBS).",https://mms.businesswire.com/media/20210914005218/en/902996/23/Procore_Technologies_Inc.jpg,Business Wire,General,Business Wire,"[{'topic': 'real_estate', 'relevance_score': '0.941192'}, {'topic': 'technology', 'relevance_score': '0.813439'}]",0.28678,Somewhat-Bullish,"[{'ticker': 'PCOR', 'relevance_score': '1.000000', 'ticker_sentiment_score': '0.438035', 'ticker_sentiment_label': 'Bullish'}, {'ticker': 'AMZN', 'relevance_score': '0.629344', 'ticker_sentiment_score': '0.133498', 'ticker_sentiment_label': 'Neutral'}]"
SAP and Amazon Business Partner to Expand Buyer Choice,https://news.sap.com/2021/09/sap-and-amazon-business-partner-expand-buyer-choice/,20210914T211129,['SAP News'],"SAP and Amazon Business have partnered to integrate Amazon Business into SAP Ariba solutions, allowing employees to purchase from Amazon Business directly within SAP Ariba. This collaboration aims to expand buyer choice and simplify procurement for general business goods, leveraging a real-time search API and extending to the Concur Expense solution. The integration is set to roll out globally, beginning with early adopters in the United States.",,SAP News Center,General,SAP News Center,"[{'topic': 'technology', 'relevance_score': '0.948179'}, {'topic': 'retail_wholesale', 'relevance_score': '0.820910'}, {'topic': 'finance', 'relevance_score': '0.624660'}]",0.394505,Bullish,"[{'ticker': 'SAP', 'relevance_score': '1.000000', 'ticker_sentiment_score': '0.437538', 'ticker_sentiment_label': 'Bullish'}, {'ticker': 'AMZN', 'relevance_score': '0.860182', 'ticker_sentiment_score': '0.335944', 'ticker_sentiment_label': 'Somewhat-Bullish'}]"
"After Brazil, Shopee tops rankings in Mexico, Colombia and Chile - now available to 1B people",https://vulcanpost.com/760389/shopee-latin-america-tops-app-rankings/,20210914T211646,['Michael Petraeus'],"Shopee has expanded its dominance in Latin America, becoming the most downloaded shopping app in Mexico, Colombia, and Chile, mirroring its success in Brazil. Parent company Sea Ltd. secured an additional US$6 billion in funding to fuel aggressive market expansion. Shopee is also planning to enter the European market, starting with Poland, seeking to replicate its developing-world success in more established economies.",,Vulcan Post,General,Vulcan Post,"[{'topic': 'retail_wholesale', 'relevance_score': '0.843357'}, {'topic': 'technology', 'relevance_score': '0.704929'}, {'topic': 'finance', 'relevance_score': '0.623844'}, {'topic': 'economy_macro', 'relevance_score': '0.616686'}]",0.111032,Neutral,"[{'ticker': 'SMWB', 'relevance_score': '0.321973', 'ticker_sentiment_score': '0.006127', 'ticker_sentiment_label': 'Neutral'}, {'ticker': 'AMZN', 'relevance_score': '0.648899', 'ticker_sentiment_score': '0.244987', 'ticker_sentiment_label': 'Somewhat-Bullish'}]"
Real Estate Roundup: North Phoenix office building sells for $22M and 10 other deals to know,https://www.bizjournals.com/phoenix/news/2021/09/15/real-estate-deal-wrap-phoenix-office-sells.html,20210915T184349,['Staff – Phoenix Business Journal'],"This article provides a roundup of recent real estate transactions and store openings in the Valley area. It highlights the sale of a North Phoenix office building for $22 million, an apartment sale in Tempe, a surgery center sale in Chandler, and a land sale in Surprise. The report covers nearly a dozen significant real estate deals and new establishments across the region.",https://media.bizj.us/view/img/12098081/northlooppic*900xx1200-675-0-40.jpg,The Business Journals,General,The Business Journals,"[{'topic': 'real_estate', 'relevance_score': '1.000000'}, {'topic': 'finance', 'relevance_score': '0.708806'}, {'topic': 'economy_macro', 'relevance_score': '0.647031'}]",0.105936,Neutral,"[{'ticker': 'CBRE', 'relevance_score': '0.841604', 'ticker_sentiment_score': '0.122114', 'ticker_sentiment_label': 'Neutral'}, {'ticker': 'AMZN', 'relevance_score': '0.612685', 'ticker_sentiment_score': '0.121946', 'ticker_sentiment_label': 'Neutral'}]"
Kendall Jenner Was Influenced By Instagram To Buy Her Camo Crocs,https://www.nylon.com/fashion/kendall-jenner-camo-crocs-instagram,20210915T184629,['India Roby'],"Kendall Jenner appeared on The Tonight Show Starring Jimmy Fallon and revealed that she bought her ""controversial"" camo Crocs due to Instagram influencing her. She saw them on a fashion inspiration page and found them ""too cute."" This comes as Crocs sees a surge in popularity and anticipates doubling its revenue to over $5 billion by 2026.",https://imgix.bustle.com/uploads/getty/2021/9/15/4674f24f-ab26-40c8-b70c-87e9ce33d334-getty-1340282316.jpg?w=653&h=445&fit=crop&crop=faces&dpr=2,www.nylon.com,General,www.nylon.com,"[{'topic': 'retail_wholesale', 'relevance_score': '0.838610'}, {'topic': 'earnings', 'relevance_score': '0.632108'}]",0.291185,Somewhat-Bullish,"[{'ticker': 'CROX', 'relevance_score': '1.000000', 'ticker_sentiment_score': '0.433744', 'ticker_sentiment_label': 'Bullish'}, {'ticker': 'AMZN', 'relevance_score': '0.643984', 'ticker_sentiment_score': '0.127962', 'ticker_sentiment_label': 'Neutral'}]"
Need A Job? Amazon Hiring Thousands Of Employees Including Michig,https://witl.com/need-a-job-amazon-hiring-thousands-of-employees-including-michigan/,20210915T191638,['Cadillac Jack'],"Amazon is looking to hire 125,000 employees across the country, including in Michigan, with pay ranging from $18 to $22.50 per hour. The company offers comprehensive benefits, including health, vision, and dental insurance, 401(k) with company match, paid parental leave, and full college tuition for front-line employees through its Career Choice program. Interested applicants can find open positions and apply at hiring.amazon.com.",https://townsquare.media/site/694/files/2021/09/attachment-RS28244_ThinkstockPhotos-542707268-scr-1.jpg?w=980&q=75,100.7 WITL,General,100.7 WITL,"[{'topic': 'retail_wholesale', 'relevance_score': '0.806527'}]",0.667076,Bullish,"[{'ticker': 'SHYF', 'relevance_score': '0.586018', 'ticker_sentiment_score': '0.633035', 'ticker_sentiment_label': 'Bullish'}, {'ticker': 'AMZN', 'relevance_score': '0.964900', 'ticker_sentiment_score': '0.711021', 'ticker_sentiment_label': 'Bullish'}]"
Calavo Growers appoints Amazon executive as CFO,https://www.bluebookservices.com/calavo-growers-appoints-amazon-executive-as-cfo/,20210915T200157,[],"Calavo Growers, Inc. announced the appointment of Mariela Matute as Chief Financial Officer, effective October 11, 2021. Matute previously served as Director and CFO for Amazon Business, bringing extensive financial expertise and relevant industry background to Calavo. The company expects her leadership to help execute its strategic plan, accelerate profitable growth, and enhance shareholder value.",,www.bluebookservices.com,General,www.bluebookservices.com,"[{'topic': 'retail_wholesale', 'relevance_score': '0.927537'}, {'topic': 'finance', 'relevance_score': '0.841963'}]",0.423002,Bullish,"[{'ticker': 'CVGW', 'relevance_score': '1.000000', 'ticker_sentiment_score': '0.452682', 'ticker_sentiment_label': 'Bullish'}, {'ticker': 'AMZN', 'relevance_score': '0.727548', 'ticker_sentiment_score': '0.302545', 'ticker_sentiment_label': 'Somewhat-Bullish'}]"
O'Reilly Automotive - ORLY - Stock Price & News,https://www.fool.com/quote/nasdaq/orly/,20210916T074053,[],"This page provides an overview of O'Reilly Automotive (ORLY), including its current stock price, market capitalization, and key financial metrics such as revenue, net income, and EPS. It also lists recent news articles related to the company and provides details about its industry, sector, and leadership. The page highlights essential performance indicators and financial health at a glance for investors.",https://g.foolcdn.com/image/?url=https%3A%2F%2Fg.foolcdn.com%2Feditorial%2Fimages%2F861517%2Foreilly-auto-parts-logo-on-nascar-racetrack-wall-with-race-cars-getty.jpg&w=3840&op=resize,The Motley Fool,General,The Motley Fool,"[{'topic': 'financial_markets', 'relevance_score': '1.000000'}, {'topic': 'earnings', 'relevance_score': '0.936308'}, {'topic': 'retail_wholesale', 'relevance_score': '0.735551'}]",0.072073,Neutral,"[{'ticker': 'ORLG', 'relevance_score': '0.303795', 'ticker_sentiment_score': '0.045015', 'ticker_sentiment_label': 'Neutral'}, {'ticker': 'ORLY', 'relevance_score': '1.000000', 'ticker_sentiment_score': '0.110209', 'ticker_sentiment_label': 'Neutral'}, {'ticker': 'AMZN', 'relevance_score': '0.626279', 'ticker_sentiment_score': '0.008367', 'ticker_sentiment_label': 'Neutral'}, {'ticker': 'GOOG', 'relevance_score': '0.612523', 'ticker_sentiment_score': '0.138351', 'ticker_sentiment_label': 'Neutral'}, {'ticker': 'META', 'relevance_score': '0.635798', 'ticker_sentiment_score': '0.108353', 'ticker_sentiment_label': 'Neutral'}]"
"Carvana CEO’s dad goes on $3.6B stock selling spree, raising eyebrows",https://nypost.com/2021/09/16/carvana-ceos-dad-goes-on-3-6-billion-stock-selling-spree/,20210916T184659,['Will Feuer'],"Carvana CEO's father, Ernie Garcia II, has sold over $3.6 billion in company stock since October, raising concerns about the family's control over the used car dealership. This selling spree, facilitated by a predetermined plan that was modified twice, follows a period where Garcia II and his son bought shares at ""bargain basement"" prices during the pandemic, leading to a lawsuit for insider trading. Despite the massive sales, Garcia II still holds a significant stake, with the company's annual report even warning that the Garcia family's interests might not always align with other stockholders.",https://nypost.com/wp-content/uploads/sites/2/2021/09/Ernest-Garcia-II-01.jpg?quality=75&strip=all&w=744,New York Post,General,New York Post,"[{'topic': 'financial_markets', 'relevance_score': '0.902516'}, {'topic': 'retail_wholesale', 'relevance_score': '0.736079'}, {'topic': 'finance', 'relevance_score': '0.620495'}]",-0.080702,Neutral,"[{'ticker': 'CVNA', 'relevance_score': '1.000000', 'ticker_sentiment_score': '-0.637629', 'ticker_sentiment_label': 'Bearish'}, {'ticker': 'AMZN', 'relevance_score': '0.613250', 'ticker_sentiment_score': '0.132462', 'ticker_sentiment_label': 'Neutral'}, {'ticker': 'META', 'relevance_score': '0.634095', 'ticker_sentiment_score': '0.136630', 'ticker_sentiment_label': 'Neutral'}, {'ticker': 'WMT', 'relevance_score': '0.604896', 'ticker_sentiment_score': '0.112405', 'ticker_sentiment_label': 'Neutral'}]"
Corsair Sabre RGB Pro Wireless gaming mouse review,https://www.laptopmag.com/reviews/corsair-sabre-rgb-pro-wireless-gaming-mouse,20210916T200136,['Sean Riley'],"The Corsair Sabre RGB Pro Wireless gaming mouse offers an ultra-light build, strong performance, and freedom of movement, despite being slightly less fast than its wired counterpart. It features 2K polling, 26K DPI, and customizable settings through the robust iCue software, making it an affordable and versatile option for most gamers.",https://cdn.mos.cms.futurecdn.net/4Wn4F6cW6z9H4J2hYfW5m-970-80.jpg,Laptop Mag,General,Laptop Mag,"[{'topic': 'technology', 'relevance_score': '1.000000'}]",0.224386,Somewhat-Bullish,"[{'ticker': 'CRSR', 'relevance_score': '1.000000', 'ticker_sentiment_score': '0.283120', 'ticker_sentiment_label': 'Somewhat-Bullish'}, {'ticker': 'AMZN', 'relevance_score': '0.605027', 'ticker_sentiment_score': '0.106938', 'ticker_sentiment_label': 'Neutral'}]"
Highly Immersive Phygital Malls,https://www.trendhunter.com/trends/jdcom,20210917T190029,['Niko Pajkovic'],"JD.com has launched a massive 42,000-square-meter ""phygital"" shopping mall in Xi'an, China, aiming to blend physical and digital retail experiences. The mall features five floors with over 200,000 items from 150 brands, allowing shoppers to scan QR codes for home delivery. It also incorporates interactive technology like holographic projections, VR equipment, and AI robots to enhance the immersive experience.",https://cdn.trendhunterstatic.com/thumbs/460/jdcom.jpeg,Trend Hunter,General,Trend Hunter,"[{'topic': 'retail_wholesale', 'relevance_score': '0.931420'}, {'topic': 'technology', 'relevance_score': '0.826481'}]",0.304873,Somewhat-Bullish,"[{'ticker': 'JD', 'relevance_score': '1.000000', 'ticker_sentiment_score': '0.400148', 'ticker_sentiment_label': 'Bullish'}, {'ticker': 'AMZN', 'relevance_score': '0.607391', 'ticker_sentiment_score': '0.227655', 'ticker_sentiment_label': 'Somewhat-Bullish'}]"
Salesforce values and culture driven innovation,https://technologymagazine.com/company-reports/salesforce-values-and-culture-driven-innovation,20210917T200129,['Paddy Smith'],"This article explores how Salesforce has evolved from a CRM company to a leading cloud and productivity organization, driven by its core values and culture. Field CTO Adam Spearing discusses how the company's focus has shifted towards digital transformation, accelerated by the pandemic, and highlights key acquisitions like Tableau and Slack. The piece emphasizes the importance of culture, customer-centric innovation, and collaborative ecosystems in Salesforce's strategy for future growth.",,Technology Magazine,General,Technology Magazine,"[{'topic': 'technology', 'relevance_score': '0.920498'}, {'topic': 'mergers_and_acquisitions', 'relevance_score': '0.730372'}]",0.379755,Bullish,"[{'ticker': 'CRM', 'relevance_score': '1.000000', 'ticker_sentiment_score': '0.536322', 'ticker_sentiment_label': 'Bullish'}, {'ticker': 'AMZN', 'relevance_score': '0.647182', 'ticker_sentiment_score': '0.322358', 'ticker_sentiment_label': 'Somewhat-Bullish'}, {'ticker': 'GOOGL', 'relevance_score': '0.625341', 'ticker_sentiment_score': '0.327008', 'ticker_sentiment_label': 'Somewhat-Bullish'}]"
WSJ News Exclusive | CEO’s Father Gets a $3.6 Billion Stock Windfall at Carvana,https://www.wsj.com/finance/stocks/ceos-dad-gets-a-3-6-billion-stock-windfall-at-carvana-11631791801?gaa_at=eafs&gaa_n=AWEtsqe7Zu6xD5SyViKk_mvdzfdsDe4n1E4EsIzYibeR284FjYfSvFYCnltS&gaa_ts=6907bbd5&gaa_sig=1nqSNwGti5EGFcSKPvYHXmBb4ShUTTekWKxU2P7W9jpLuoXS9mOI4ID6Nc-wKlmIjjaeEF5GznTv-HoPKWEcyA%3D%3D,20210917T200158,['Ben Foldy'],"Ernie Garcia II, father of Carvana Co.'s CEO, has sold over $3.6 billion in Carvana stock since October, representing 16% of his holdings. This windfall is attributed to a corporate ownership structure that benefits the family and allows them to maintain control, though it may be at the expense of other shareholders. The article highlights how his stock sales rank him among the top individuals for earnings from company stock sales in the past year, excluding prominent tech and retail magnates.",,The Wall Street Journal,General,The Wall Street Journal,"[{'topic': 'financial_markets', 'relevance_score': '0.911124'}, {'topic': 'retail_wholesale', 'relevance_score': '0.716843'}]",0.000226,Neutral,"[{'ticker': 'CVNA', 'relevance_score': '1.000000', 'ticker_sentiment_score': '-0.239566', 'ticker_sentiment_label': 'Somewhat-Bearish'}, {'ticker': 'WMT', 'relevance_score': '0.633238', 'ticker_sentiment_score': '0.113993', 'ticker_sentiment_label': 'Neutral'}, {'ticker': 'AMZN', 'relevance_score': '0.649906', 'ticker_sentiment_score': '0.115199', 'ticker_sentiment_label': 'Neutral'}]"
Is a stock market correction on the horizon?,https://fortune.com/2021/09/17/is-a-stock-market-correction-on-the-horizon/,20210917T212635,['Jessica Mathews'],"The S&P 500 has seen a recent dip, leading analysts to narrow predictions for the U.S. equity market. While tech stocks may face challenges due to Fed policy and rising interest rates, other sectors like energy and small-caps are showing potential. Despite concerns, corrections are normal, and many analysts remain bullish on long-term market growth, suggesting current dips could be buying opportunities.",,Fortune,General,Fortune,"[{'topic': 'financial_markets', 'relevance_score': '0.938130'}, {'topic': 'economy_monetary', 'relevance_score': '0.826820'}, {'topic': 'economy_macro', 'relevance_score': '0.748523'}, {'topic': 'technology', 'relevance_score': '0.613536'}, {'topic': 'economy_fiscal', 'relevance_score': '0.643880'}]",-0.081404,Neutral,"[{'ticker': 'TOPC', 'relevance_score': '0.834349', 'ticker_sentiment_score': '-0.144557', 'ticker_sentiment_label': 'Neutral'}, {'ticker': 'AAPL', 'relevance_score': '0.630845', 'ticker_sentiment_score': '-0.149212', 'ticker_sentiment_label': 'Neutral'}, {'ticker': 'AMZN', 'relevance_score': '0.631146', 'ticker_sentiment_score': '-0.132517', 'ticker_sentiment_label': 'Neutral'}, {'ticker': 'MSFT', 'relevance_score': '0.630236', 'ticker_sentiment_score': '-0.130317', 'ticker_sentiment_label': 'Neutral'}, {'ticker': 'BLK', 'relevance_score': '0.649529', 'ticker_sentiment_score': '0.128797', 'ticker_sentiment_label': 'Neutral'}]"
"39 Billion by 2026: America’s Carriers Will Nearly Double Their Package Hauls, Data Shows",https://sourcingjournal.com/topics/logistics/pitney-bowes-us-parcel-volume-ecommerce-fedex-ups-usps-amazon-logistics-301327/,20210920T100600,['Arthur Friedman'],"A Pitney Bowes report indicates U.S. parcel volume surged 37% in 2020 to 20 billion, driven by e-commerce due to the pandemic. The study forecasts a near doubling of parcel volume to 32-39 billion by 2026, with a 10% CAGR. Major carriers like UPS, FedEx, and USPS saw significant revenue growth, while Amazon Logistics rapidly increased its market share.",,Sourcing Journal,General,Sourcing Journal,"[{'topic': 'retail_wholesale', 'relevance_score': '0.949825'}, {'topic': 'economy_macro', 'relevance_score': '0.835609'}, {'topic': 'energy_transportation', 'relevance_score': '0.709627'}, {'topic': 'earnings', 'relevance_score': '0.609003'}]",0.288447,Somewhat-Bullish,"[{'ticker': 'PBI', 'relevance_score': '0.946294', 'ticker_sentiment_score': '0.334459', 'ticker_sentiment_label': 'Somewhat-Bullish'}, {'ticker': 'UPS', 'relevance_score': '0.846763', 'ticker_sentiment_score': '0.325205', 'ticker_sentiment_label': 'Somewhat-Bullish'}, {'ticker': 'FDX', 'relevance_score': '0.744083', 'ticker_sentiment_score': '0.331979', 'ticker_sentiment_label': 'Somewhat-Bullish'}, {'ticker': 'AMZN', 'relevance_score': '0.638741', 'ticker_sentiment_score': '0.244207', 'ticker_sentiment_label': 'Somewhat-Bullish'}]"
How GoodRx Fended Off Amazon,https://labusinessjournal.com/healthcare/how-goodrx-fended-amazon/,20210920T183819,['Howard Fine'],"GoodRx, a prescription drug comparison app, has successfully thrived despite competition from Amazon's prescription drug discount program. The company has seen significant growth in revenue and customer numbers, driven by a rebound in prescription volumes and strategic diversification into telehealth and other health technology solutions. GoodRx plans further expansion into complementary markets to address various consumer pain points in healthcare.",https://labusinessjournal.com/wp-content/uploads/2021/09/GoodRx_JasperSanidad_reception_New_HQ_building_in_Santa_Monica_0920.png,Los Angeles Business Journal,General,Los Angeles Business Journal,"[{'topic': 'earnings', 'relevance_score': '0.931017'}, {'topic': 'ipo', 'relevance_score': '0.915486'}, {'topic': 'mergers_and_acquisitions', 'relevance_score': '0.824814'}, {'topic': 'life_sciences', 'relevance_score': '0.918876'}, {'topic': 'technology', 'relevance_score': '0.726082'}]",-0.082697,Neutral,"[{'ticker': 'AMZN', 'relevance_score': '0.916170', 'ticker_sentiment_score': '-0.247067', 'ticker_sentiment_label': 'Somewhat-Bearish'}, {'ticker': 'KR', 'relevance_score': '0.617480', 'ticker_sentiment_score': '0.132161', 'ticker_sentiment_label': 'Neutral'}]"
The Climate Pledge announces 86 new signatories,https://www.aboutamazon.com/news/sustainability/the-climate-pledge-announces-86-new-signatories,20210920T185922,['Amazon Staff'],"The Climate Pledge, co-founded by Amazon and Global Optimism, has announced 86 new signatories, bringing the total to over 201 companies committed to achieving net-zero carbon by 2040, ten years ahead of the Paris Agreement. These new additions, including major businesses like Nespresso, ASOS, Procter & Gamble, HP, and Salesforce, represent various industries across 21 countries and are collectively expected to significantly mitigate carbon emissions. The initiative emphasizes collaboration and real business changes in response to the urgent climate crisis highlighted by recent IPCC reports.",https://assets.aboutamazon.com/0b/df/e73bee4f4a66a4ec3a33e52ae848/adobestock-176174192.jpg,About Amazon,General,About Amazon,"[{'topic': 'retail_wholesale', 'relevance_score': '0.734652'}, {'topic': 'technology', 'relevance_score': '0.729711'}, {'topic': 'manufacturing', 'relevance_score': '0.602892'}, {'topic': 'energy_transportation', 'relevance_score': '0.915856'}]",0.305299,Somewhat-Bullish,"[{'ticker': 'INFY', 'relevance_score': '0.558705', 'ticker_sentiment_score': '0.275525', 'ticker_sentiment_label': 'Somewhat-Bullish'}, {'ticker': 'AMZN', 'relevance_score': '0.904423', 'ticker_sentiment_score': '0.348697', 'ticker_sentiment_label': 'Somewhat-Bullish'}, {'ticker': 'PG', 'relevance_score': '0.706227', 'ticker_sentiment_score': '0.343398', 'ticker_sentiment_label': 'Somewhat-Bullish'}, {'ticker': 'HPQ', 'relevance_score': '0.661113', 'ticker_sentiment_score': '0.280169', 'ticker_sentiment_label': 'Somewhat-Bullish'}, {'ticker': 'CRM', 'relevance_score': '0.600006', 'ticker_sentiment_score': '0.336375', 'ticker_sentiment_label': 'Somewhat-Bullish'}]"
"Mattel, Warner Music Group's Arts Music Release He-Man, Hot Wheels, Thomas & Friends Albums",https://toybook.com/mattel-warner-music-groups-arts-music-release-he-man-hot-wheels-thomas-friends-albums/,20210920T190442,['James Zahn'],"Mattel has partnered with Warner Music Group's Arts Music division to release new albums based on popular franchises like He-Man and the Masters of the Universe, Hot Wheels, and Thomas & Friends. These releases build upon an existing multi-year global music licensing agreement. The new albums feature original soundtracks and theme songs from their respective series, with additional releases planned for the future across major digital music platforms.",https://toybook.com/wp-content/uploads/sites/4/2021/09/MattelMusic-jpg-webp.webp,The Toy Book,General,The Toy Book,"[{'topic': 'retail_wholesale', 'relevance_score': '0.739475'}, {'topic': 'finance', 'relevance_score': '0.637047'}]",0.267035,Somewhat-Bullish,"[{'ticker': 'MAT', 'relevance_score': '1.000000', 'ticker_sentiment_score': '0.478079', 'ticker_sentiment_label': 'Bullish'}, {'ticker': 'AMZN', 'relevance_score': '0.609374', 'ticker_sentiment_score': '0.225654', 'ticker_sentiment_label': 'Somewhat-Bullish'}, {'ticker': 'AAPL', 'relevance_score': '0.646032', 'ticker_sentiment_score': '0.233701', 'ticker_sentiment_label': 'Somewhat-Bullish'}, {'ticker': 'NFLX', 'relevance_score': '0.551369', 'ticker_sentiment_score': '0.148424', 'ticker_sentiment_label': 'Neutral'}]"
Amazon FSx for NetApp ONTAP – The easiest storage decision you’ll ever make,https://www.netapp.com/blog/amazon-fsx-for-netapp-ontap-easiest-storage-decision/,20210920T205206,['Ricky Martin'],"This article argues that Amazon FSx for NetApp ONTAP is the easiest storage decision for businesses, highlighting its simplicity, built-in technology, and security. The author contrasts FSx for ONTAP's quick setup and transparent pricing with the complexity, high costs, and longer commitment periods associated with Dell's Cloud Storage Services and Pure Storage's Cloud Block Store. The piece emphasizes FSx for ONTAP's native AWS integration and comprehensive features, positioning it as a superior and more cost-effective solution for hybrid cloud storage.",,NetApp,General,NetApp,"[{'topic': 'technology', 'relevance_score': '0.907497'}]",-0.00072,Neutral,"[{'ticker': 'NTAP', 'relevance_score': '1.000000', 'ticker_sentiment_score': '0.437310', 'ticker_sentiment_label': 'Bullish'}, {'ticker': 'AMZN', 'relevance_score': '0.929750', 'ticker_sentiment_score': '0.309591', 'ticker_sentiment_label': 'Somewhat-Bullish'}, {'ticker': 'DELL', 'relevance_score': '0.724367', 'ticker_sentiment_score': '-0.412217', 'ticker_sentiment_label': 'Bearish'}, {'ticker': 'WDC', 'relevance_score': '0.640563', 'ticker_sentiment_score': '-0.302017', 'ticker_sentiment_label': 'Somewhat-Bearish'}]"
"The Climate Pledge Announces 86 New Signatories, Including Procter & Gamble, HP, and Salesforce, Signaling Their Commitment to Achieving Net-Zero Carbon by 2040 or Sooner.",https://www.aboutamazon.eu/news/sustainability/climate-pledge-86-new-signatories-including-procter-gamble-hp-and-salesforce,20210920T210214,['Public Relations Team'],"The Climate Pledge has announced 86 new signatories, including major companies like Procter & Gamble, HP, and Salesforce, bringing the total to over 200 global organizations. These companies commit to achieving net-zero carbon by 2040, a decade ahead of the Paris Agreement, and are collectively expected to mitigate 1.98 billion metric tons of carbon emissions annually by 2040. The announcement emphasizes the urgency of collective action by businesses to address climate change based on recent IPCC findings.",,About Amazon Europe,General,About Amazon Europe,"[{'topic': 'retail_wholesale', 'relevance_score': '0.742042'}, {'topic': 'technology', 'relevance_score': '0.722095'}, {'topic': 'manufacturing', 'relevance_score': '0.608397'}, {'topic': 'energy_transportation', 'relevance_score': '0.605657'}, {'topic': 'economy_macro', 'relevance_score': '0.605574'}]",0.322222,Somewhat-Bullish,"[{'ticker': 'PG', 'relevance_score': '0.967333', 'ticker_sentiment_score': '0.330687', 'ticker_sentiment_label': 'Somewhat-Bullish'}, {'ticker': 'HPQ', 'relevance_score': '0.869458', 'ticker_sentiment_score': '0.328884', 'ticker_sentiment_label': 'Somewhat-Bullish'}, {'ticker': 'CRM', 'relevance_score': '0.898138', 'ticker_sentiment_score': '0.342075', 'ticker_sentiment_label': 'Somewhat-Bullish'}, {'ticker': 'AMZN', 'relevance_score': '0.715594', 'ticker_sentiment_score': '0.251597', 'ticker_sentiment_label': 'Somewhat-Bullish'}, {'ticker': 'ACN', 'relevance_score': '0.581666', 'ticker_sentiment_score': '0.257906', 'ticker_sentiment_label': 'Somewhat-Bullish'}]"
"Lionsgate A Juicy M&A Target, Vice Chair Michael Burns Agrees",https://deadline.com/2021/09/lionsgate-starz-media-consolidation-mergers-1234841313/,20210921T102000,['Jill Goldsmith'],"Lionsgate Vice Chairman Michael Burns acknowledged the company is a prime M&A target amid media industry consolidation, stating that its goal is to increase stock value. He highlighted Lionsgate's nimbleness and extensive library as key advantages, especially in the streaming era. Burns also commented on the evolving landscape of talent deals and theatrical windows, describing it as the ""Wild West.""",https://deadline.com/wp-content/uploads/2016/11/lionsgate-2017-logo-use-this-one.jpg?crop=311px%2C217px%2C5373px%2C3012px&resize=681%2C383,Deadline,General,Deadline,"[{'topic': 'mergers_and_acquisitions', 'relevance_score': '0.916149'}, {'topic': 'finance', 'relevance_score': '0.644981'}]",0.056428,Neutral,"[{'ticker': 'LION', 'relevance_score': '1.000000', 'ticker_sentiment_score': '0.320026', 'ticker_sentiment_label': 'Somewhat-Bullish'}, {'ticker': 'T', 'relevance_score': '0.641420', 'ticker_sentiment_score': '-0.141965', 'ticker_sentiment_label': 'Neutral'}, {'ticker': 'AMZN', 'relevance_score': '0.740151', 'ticker_sentiment_score': '-0.103192', 'ticker_sentiment_label': 'Neutral'}]"
Lionsgate Vice Chair: “There’s Great Scarcity Value” in Being a Major Indie Studio Now,https://www.hollywoodreporter.com/business/business-news/lionsgate-vice-chair-theres-great-scarcity-value-in-being-a-major-indie-studio-now-1235017742/,20210921T103800,['Etan Vlessing'],"Lionsgate vice chairman Michael Burns believes the Hollywood studio is an attractive takeover target due to its status as a large independent company amidst ongoing industry consolidation and the streaming boom. He highlights the ""scarcity value"" of independent studios and Lionsgate's strategy of acquiring content libraries while others focus on mergers. Burns also discussed the evolving landscape of talent compensation as films increasingly move directly to streaming.",https://www.hollywoodreporter.com/wp-content/uploads/2016/11/michael_burns_-_la_la_land_premiere_-_getty_-_h_-_2016.jpg?w=1296&h=730&crop=1,The Hollywood Reporter,General,The Hollywood Reporter,"[{'topic': 'mergers_and_acquisitions', 'relevance_score': '0.915730'}, {'topic': 'finance', 'relevance_score': '0.716713'}]",0.275318,Somewhat-Bullish,"[{'ticker': 'LION', 'relevance_score': '1.000000', 'ticker_sentiment_score': '0.329882', 'ticker_sentiment_label': 'Somewhat-Bullish'}, {'ticker': 'WBD', 'relevance_score': '0.617270', 'ticker_sentiment_score': '0.308940', 'ticker_sentiment_label': 'Somewhat-Bullish'}, {'ticker': 'AMZN', 'relevance_score': '0.613445', 'ticker_sentiment_score': '0.239680', 'ticker_sentiment_label': 'Somewhat-Bullish'}]"
Rackspace Launches Rackspace Data Freedom to Eliminate Cloud Lock-In,https://solutionsreview.com/cloud-platforms/rackspace-launches-rackspace-data-freedom-to-eliminate-cloud-lock-in/,20210921T191524,['Tess Hanna'],"Rackspace Technology has introduced Rackspace Data Freedom, a new platform designed to help organizations avoid cloud lock-in by separating storage from public cloud compute. This service aims to eliminate unpredictable data egress charges, allowing customers to save on costs and maintain data sovereignty across multi-cloud environments. Key benefits include significant cost reduction through Rackspace's private network, enhanced data accessibility via RackConnect Global, and customized storage solutions to meet specific user requirements.",https://solutionsreview.com/cloud-platforms/files/2021/09/Rackspace-Launches-Rackspace-Data-Freedom-to-Eliminate-Cloud-Lock-In.jpg,Solutions Review Enterprise Cloud,General,Solutions Review Enterprise Cloud,"[{'topic': 'technology', 'relevance_score': '0.931542'}]",0.218914,Somewhat-Bullish,"[{'ticker': 'RXT', 'relevance_score': '1.000000', 'ticker_sentiment_score': '0.471579', 'ticker_sentiment_label': 'Bullish'}, {'ticker': 'IT', 'relevance_score': '0.644988', 'ticker_sentiment_score': '0.132554', 'ticker_sentiment_label': 'Neutral'}, {'ticker': 'IBM', 'relevance_score': '0.643285', 'ticker_sentiment_score': '0.123005', 'ticker_sentiment_label': 'Neutral'}, {'ticker': 'MSFT', 'relevance_score': '0.641135', 'ticker_sentiment_score': '0.110186', 'ticker_sentiment_label': 'Neutral'}, {'ticker': 'AMZN', 'relevance_score': '0.631782', 'ticker_sentiment_score': '0.133074', 'ticker_sentiment_label': 'Neutral'}]"
Kilroy Pays $490M for Amazon-Anchored Tower,https://www.commercialsearch.com/news/kilroy-pays-490m-for-amazon-anchored-tower/,20210921T203728,['Agota Felhazi'],"Kilroy Realty Corp. acquired West 8th, a 539,000-square-foot, LEED Platinum certified office tower in Seattle, for $490 million. The building is fully leased, with Amazon occupying approximately 70 percent of the space, and was previously purchased by DWS Group in 2016 for $370 million. This acquisition expands Kilroy's Seattle footprint and follows other significant investments and a disposition by the REIT in Texas and San Francisco.",,Commercial Search,General,Commercial Search,"[{'topic': 'mergers_and_acquisitions', 'relevance_score': '1.000000'}, {'topic': 'real_estate', 'relevance_score': '1.000000'}, {'topic': 'finance', 'relevance_score': '0.812155'}, {'topic': 'technology', 'relevance_score': '0.619089'}, {'topic': 'retail_wholesale', 'relevance_score': '0.638953'}]",0.093536,Neutral,"[{'ticker': 'KRC', 'relevance_score': '0.344295', 'ticker_sentiment_score': '0.036043', 'ticker_sentiment_label': 'Neutral'}, {'ticker': 'AMZN', 'relevance_score': '0.711375', 'ticker_sentiment_score': '0.108175', 'ticker_sentiment_label': 'Neutral'}]"
BSX Begins Publishing MIAX Pearl Equities,https://bernews.com/2021/09/bsx-begins-publishing-miax-pearl-equities/,20210921T204650,[],"The Bermuda Stock Exchange (BSX), a subsidiary of Miami International Holdings, Inc., has started publishing MIAX Pearl Equities market data for 10 actively traded U.S. companies to the Pyth Network. This marks BSX's first initiative to provide high-fidelity data to the Pyth Network, contributing U.S. equities exchange market data to support DeFi markets. The initial companies include Apple, Amazon, Google, Netflix, and Tesla.",,Bernews,General,Bernews,"[{'topic': 'blockchain', 'relevance_score': '0.820300'}, {'topic': 'financial_markets', 'relevance_score': '0.926177'}, {'topic': 'finance', 'relevance_score': '0.738267'}]",0.234708,Somewhat-Bullish,"[{'ticker': 'MIAX', 'relevance_score': '0.311164', 'ticker_sentiment_score': '0.032625', 'ticker_sentiment_label': 'Neutral'}, {'ticker': 'BSX', 'relevance_score': '0.975672', 'ticker_sentiment_score': '0.392531', 'ticker_sentiment_label': 'Bullish'}, {'ticker': 'AAPL', 'relevance_score': '0.735651', 'ticker_sentiment_score': '0.256893', 'ticker_sentiment_label': 'Somewhat-Bullish'}, {'ticker': 'AMZN', 'relevance_score': '0.715494', 'ticker_sentiment_score': '0.277691', 'ticker_sentiment_label': 'Somewhat-Bullish'}, {'ticker': 'GE', 'relevance_score': '0.721462', 'ticker_sentiment_score': '0.280980', 'ticker_sentiment_label': 'Somewhat-Bullish'}]"
"FedEx labor shortfall hits quarterly profit, earnings forecast",https://www.reuters.com/business/retail-consumer/fedex-quarterly-profit-falls-labor-costs-2021-09-21/,20210921T231700,['Lisa Baertlein'],"FedEx (FDX.N) reported a 7% drop in quarterly profit and lowered its full-year earnings forecast due to labor shortages, which led to increased costs and slowed package delivery. The company incurred an extra $450 million in costs from higher wages, overtime, and third-party transportation, particularly affecting its Ground network which is now rerouting 600,000 packages daily. FedEx plans to hire 90,000 holiday workers to address staffing issues as it prepares for the peak season.",https://www.reuters.com/resizer/v2/2MZAU4FJJ5IERAYUSF3QKNK434.jpg?auth=a9b53f8f27b7d7ae594dda3adae574e668437b131a02ad13e04ceb724989fa58&width=1920&quality=80,Reuters,General,Reuters,"[{'topic': 'earnings', 'relevance_score': '0.921916'}, {'topic': 'economy_macro', 'relevance_score': '0.728791'}, {'topic': 'retail_wholesale', 'relevance_score': '0.724127'}, {'topic': 'energy_transportation', 'relevance_score': '0.626080'}]",-0.248,Somewhat-Bearish,"[{'ticker': 'FDX', 'relevance_score': '1.000000', 'ticker_sentiment_score': '-0.403912', 'ticker_sentiment_label': 'Bearish'}, {'ticker': 'UPS', 'relevance_score': '0.735445', 'ticker_sentiment_score': '-0.210362', 'ticker_sentiment_label': 'Somewhat-Bearish'}, {'ticker': 'AMZN', 'relevance_score': '0.637573', 'ticker_sentiment_score': '-0.142697', 'ticker_sentiment_label': 'Neutral'}]"
BSX publishes market data to Pyth Network,https://www.royalgazette.com/international-business/business/article/20210922/bsx-publishes-market-data-to-pyth-network/,20210922T160100,['Business Staff'],"The Bermuda Stock Exchange (BSX) has started publishing MIAX Pearl Equities market data for ten US companies to the Pyth Network, a decentralized financial market data distribution platform. This initiative marks BSX's first step in providing high-fidelity data to the blockchain industry via the Solana network, with plans to expand the data breadth. The included companies are major US firms like Apple, Amazon, and Tesla, marking a significant development for DeFi markets.",,Royal Gazette | Bermuda,General,Royal Gazette | Bermuda,"[{'topic': 'blockchain', 'relevance_score': '0.913674'}, {'topic': 'financial_markets', 'relevance_score': '0.938180'}, {'topic': 'technology', 'relevance_score': '0.700496'}]",0.273662,Somewhat-Bullish,"[{'ticker': 'MIAX', 'relevance_score': '0.335243', 'ticker_sentiment_score': '0.010141', 'ticker_sentiment_label': 'Neutral'}, {'ticker': 'BSX', 'relevance_score': '0.831553', 'ticker_sentiment_score': '0.339928', 'ticker_sentiment_label': 'Somewhat-Bullish'}, {'ticker': 'AAPL', 'relevance_score': '0.747146', 'ticker_sentiment_score': '0.301851', 'ticker_sentiment_label': 'Somewhat-Bullish'}, {'ticker': 'AMZN', 'relevance_score': '0.709075', 'ticker_sentiment_score': '0.331541', 'ticker_sentiment_label': 'Somewhat-Bullish'}, {'ticker': 'GE', 'relevance_score': '0.726490', 'ticker_sentiment_score': '0.309906', 'ticker_sentiment_label': 'Somewhat-Bullish'}]"
Netflix Inc. stock outperforms competitors on strong trading day,https://www.marketwatch.com/story/netflix-inc-stock-outperforms-competitors-on-strong-trading-day-01632342709-44000e34c0f4?gaa_at=eafs&gaa_n=AWEtsqfPQZLjaRP7RRDgu5-Cpio-f90tusAWH-1gLrlH-HT6ZqhVynpvx-lU&gaa_ts=699b51f9&gaa_sig=GGwg0_AgiFGSgw57gnlCvjW8U-od1AXZNNg_c1QV_DzpFE3OTRk-IKNReXqH5JxkzrEosd4RfEJLlE4xeMRJxw%3D%3D,20210922T163100,['Terrence Horan'],"Shares of Netflix Inc. (NFLX) rose 3.06% to $590.65 on Wednesday, outperforming the S&P 500 Index and Dow Jones Industrial Average. The stock's performance also beat out some competitors like Amazon.com Inc. (AMZN) and Walt Disney Co. (DIS), although Comcast Corp. Cl A (CMCSA) saw a slight dip. This rise snapped a two-day losing streak for Netflix.",https://images.mktw.net/im-215085?width=700&height=466,MarketWatch,General,MarketWatch,"[{'topic': 'financial_markets', 'relevance_score': '0.907042'}]",0.16686,Somewhat-Bullish,"[{'ticker': 'CCZ', 'relevance_score': '0.316133', 'ticker_sentiment_score': '0.037577', 'ticker_sentiment_label': 'Neutral'}, {'ticker': 'CMCSA', 'relevance_score': '0.807964', 'ticker_sentiment_score': '-0.138081', 'ticker_sentiment_label': 'Neutral'}, {'ticker': 'NFLX', 'relevance_score': '1.000000', 'ticker_sentiment_score': '0.434589', 'ticker_sentiment_label': 'Bullish'}, {'ticker': 'AMZN', 'relevance_score': '0.639561', 'ticker_sentiment_score': '0.212393', 'ticker_sentiment_label': 'Somewhat-Bullish'}]"
Brian Roberts: Comcast is ‘Really a Broadband Company’,https://www.mediaplaynews.com/brian-roberts-comcast-is-really-a-broadband-company/,20210922T184406,['Erik Gruenwedel'],"Comcast chairman/CEO Brian Roberts stated that Comcast has transformed into a broadband company, having accumulated 33 million customers and adding about 1 million broadband subscribers annually for two decades. This growth greatly offsets declines in cable TV subscriptions. Roberts emphasized the company's focus on deepening broadband relationships through enhanced connectivity and new devices like XiOne, positioning Comcast as a leader in the evolving high-speed Internet landscape.",https://cdn.mediaplaynews.com/wp-content/uploads/2020/03/Brian-Roberts.jpg,Media Play News,General,Media Play News,"[{'topic': 'technology', 'relevance_score': '0.845283'}]",0.178269,Somewhat-Bullish,"[{'ticker': 'CCZ', 'relevance_score': '0.347817', 'ticker_sentiment_score': '0.045741', 'ticker_sentiment_label': 'Neutral'}, {'ticker': 'CMCSA', 'relevance_score': '1.000000', 'ticker_sentiment_score': '0.446920', 'ticker_sentiment_label': 'Bullish'}, {'ticker': 'NFLX', 'relevance_score': '0.645757', 'ticker_sentiment_score': '0.142256', 'ticker_sentiment_label': 'Neutral'}, {'ticker': 'DIS', 'relevance_score': '0.616780', 'ticker_sentiment_score': '0.116034', 'ticker_sentiment_label': 'Neutral'}, {'ticker': 'AMZN', 'relevance_score': '0.632755', 'ticker_sentiment_score': '0.121307', 'ticker_sentiment_label': 'Neutral'}]"
The Market Remains Hot As We Kick Off Our Next Forrester Wave™ Evaluation Of The DAM Landscape,https://www.forrester.com/blogs/market-remains-hot-as-we-kick-off-our-next-dam-wave/,20210922T185329,['Nick Barber'],"Forrester is launching its next Wave evaluation for Digital Asset Management (DAM) due to significant market growth and increasing customer demand. Many organizations struggle with content creation challenges, such as outdated processes, content volume outpacing production capabilities, and the need for better personalization foundations. DAM solutions offer governance, centralization, metadata enrichment, content atomization, and AI-powered tagging, distinguishing them from basic cloud storage options.",https://go.forrester.com/wp-content/uploads/2021/09/download-e1632158384626-1024x785.png,Forrester,General,Forrester,"[{'topic': 'technology', 'relevance_score': '0.945593'}]",0.265179,Somewhat-Bullish,"[{'ticker': 'FORR', 'relevance_score': '1.000000', 'ticker_sentiment_score': '0.407628', 'ticker_sentiment_label': 'Bullish'}, {'ticker': 'ADBE', 'relevance_score': '0.721092', 'ticker_sentiment_score': '0.331561', 'ticker_sentiment_label': 'Somewhat-Bullish'}, {'ticker': 'MSFT', 'relevance_score': '0.629559', 'ticker_sentiment_score': '0.122232', 'ticker_sentiment_label': 'Neutral'}, {'ticker': 'CRM', 'relevance_score': '0.647941', 'ticker_sentiment_score': '0.206180', 'ticker_sentiment_label': 'Somewhat-Bullish'}, {'ticker': 'AMZN', 'relevance_score': '0.644203', 'ticker_sentiment_score': '0.115984', 'ticker_sentiment_label': 'Neutral'}]"
General Motors and Amazon Team Up to Offer OnStar Emergency Service at Home,https://news.gm.com/home.detail.html/Pages/news/us/en/2021/sep/0922-amazon.html,20210922T185531,[],"General Motors and Amazon have partnered to introduce the OnStar Guardian skill for Amazon Alexa, enabling users to access OnStar's Emergency-Certified Advisors at home through Alexa-enabled devices. This new feature allows family members to call for help in various crisis situations, extending OnStar's safety and security services beyond the vehicle to in-home environments. The service will initially roll out to select OnStar members, with a broader release planned for 2022.",https://news.gm.com/content/Pages/news/us/en/2021/sep/0922-amazon/_jcr_content/image.resize.maxw_276.jpg/1632170243733.jpg,General Motors,General,General Motors,"[{'topic': 'technology', 'relevance_score': '1.000000'}]",0.390086,Bullish,"[{'ticker': 'GM', 'relevance_score': '1.000000', 'ticker_sentiment_score': '0.409147', 'ticker_sentiment_label': 'Bullish'}, {'ticker': 'AMZN', 'relevance_score': '0.804622', 'ticker_sentiment_score': '0.303876', 'ticker_sentiment_label': 'Somewhat-Bullish'}]"
Kilroy Realty buys Amazon-leased tower in Seattle's Denny Triangle for $490M,https://www.bizjournals.com/seattle/news/2021/09/22/kilroy-realty-buys-amazon-leased-tower.html,20210922T190207,['Alex Halverson'],"Kilroy Realty, a Los Angeles-based real estate firm, has acquired an Amazon-leased tower in Seattle's Denny Triangle for $490 million. This acquisition signals Kilroy Realty's confidence in major tenants eventually returning to physical offices, despite the ongoing uncertainty surrounding office reopening plans. The purchase highlights the continued investment interest in Seattle's commercial real estate market, especially for properties anchored by large tech companies.",https://media.bizj.us/view/img/12105181/denny-triangle-and-nw-downtown-seattle-sep-2021*900xx5184-2915-0-55.jpg,The Business Journals,General,The Business Journals,"[{'topic': 'real_estate', 'relevance_score': '1.000000'}, {'topic': 'mergers_and_acquisitions', 'relevance_score': '0.805924'}]",0.184705,Somewhat-Bullish,"[{'ticker': 'KRC', 'relevance_score': '0.307227', 'ticker_sentiment_score': '0.029951', 'ticker_sentiment_label': 'Neutral'}, {'ticker': 'AMZN', 'relevance_score': '0.601713', 'ticker_sentiment_score': '0.311776', 'ticker_sentiment_label': 'Somewhat-Bullish'}]"
Iconix Brand Group Steps Into The Footwear Market With New Licensee for Starter,https://licensinginternational.org/news/iconix-brand-group-steps-into-the-footwear-market-with-new-licensee-for-starter/,20210922T202129,[],"Iconix Brand Group has signed a three-year licensing agreement with Genesco Inc. to make them the exclusive US and Canadian footwear licensee for STARTER. This deal marks Starter’s return to footwear in the U.S. and Canada after a five-year absence, with a collection of approximately 30 SKUs planned to launch in Spring 2022. The partnership aims to capitalize on the growing consumer demand for heritage brands and expand STARTER's presence in the athletic footwear market.",,Licensing International,General,Licensing International,"[{'topic': 'retail_wholesale', 'relevance_score': '0.922814'}, {'topic': 'finance', 'relevance_score': '0.729157'}]",0.231794,Somewhat-Bullish,"[{'ticker': 'GCO', 'relevance_score': '0.959178', 'ticker_sentiment_score': '0.412505', 'ticker_sentiment_label': 'Bullish'}, {'ticker': 'NKE', 'relevance_score': '0.662280', 'ticker_sentiment_score': '0.114897', 'ticker_sentiment_label': 'Neutral'}, {'ticker': 'AMZN', 'relevance_score': '0.599832', 'ticker_sentiment_score': '0.119388', 'ticker_sentiment_label': 'Neutral'}]"
Cisco Named a Leader in 2021 Gartner® Magic Quadrant™ for WAN Edge Infrastructure,https://blogs.cisco.com/networking/cisco-named-a-leader-in-2021-gartner-magic-quadrant-for-wan-edge-infrastructure-sase-multicloud-analytics-its-all-here,20210922T203218,['Prashanth Shenoy'],"Cisco has announced its recognition as a Leader in the 2021 Gartner Magic Quadrant for WAN Edge Infrastructure, highlighting its SD-WAN solutions. These solutions focus on enabling secure, predictable digital experiences for hybrid workforces, building dynamic workspaces, and securing multi-cloud environments, accelerating the transition to a SASE-enabled architecture. Cisco emphasizes its comprehensive capabilities in seamless multicloud access, integrated security, and optimized insights through ThousandEyes integration.",,Cisco Blogs,General,Cisco Blogs,"[{'topic': 'technology', 'relevance_score': '0.940742'}]",0.38261,Bullish,"[{'ticker': 'IT', 'relevance_score': '0.915692', 'ticker_sentiment_score': '0.402318', 'ticker_sentiment_label': 'Bullish'}, {'ticker': 'CSCO', 'relevance_score': '1.000000', 'ticker_sentiment_score': '0.450290', 'ticker_sentiment_label': 'Bullish'}, {'ticker': 'AMZN', 'relevance_score': '0.600212', 'ticker_sentiment_score': '0.333382', 'ticker_sentiment_label': 'Somewhat-Bullish'}, {'ticker': 'MSFT', 'relevance_score': '0.628696', 'ticker_sentiment_score': '0.327670', 'ticker_sentiment_label': 'Somewhat-Bullish'}, {'ticker': 'GOOGL', 'relevance_score': '0.610624', 'ticker_sentiment_score': '0.303387', 'ticker_sentiment_label': 'Somewhat-Bullish'}]"
Autonomous pilot program tests Paccar-built FedEx trucks in Texas,https://www.bizjournals.com/seattle/news/2021/09/22/aurora-fedex-paccar.html,20210922T205722,['Brian Womack'],"A new pilot program is testing autonomous Paccar-built FedEx trucks in Texas, utilizing self-driving technology from an Amazon-backed startup. These trucks will operate with a safety driver, autonomously hauling FedEx loads on a 500-mile round trip between Dallas and Houston. The initiative highlights ongoing advancements and investments in autonomous vehicle technology for commercial logistics.",,The Business Journals,General,The Business Journals,"[{'topic': 'energy_transportation', 'relevance_score': '0.913907'}, {'topic': 'technology', 'relevance_score': '0.811810'}, {'topic': 'manufacturing', 'relevance_score': '0.717166'}]",0.251711,Somewhat-Bullish,"[{'ticker': 'PCAR', 'relevance_score': '1.000000', 'ticker_sentiment_score': '0.334282', 'ticker_sentiment_label': 'Somewhat-Bullish'}, {'ticker': 'FDX', 'relevance_score': '0.847260', 'ticker_sentiment_score': '0.210189', 'ticker_sentiment_label': 'Somewhat-Bullish'}, {'ticker': 'AMZN', 'relevance_score': '0.739108', 'ticker_sentiment_score': '0.236533', 'ticker_sentiment_label': 'Somewhat-Bullish'}]"
"Amazon's cloud unit to create data centres, 1,000 jobs in New Zealand",https://www.reuters.com/business/media-telecom/amazons-cloud-unit-create-data-centres-1000-jobs-new-zealand-2021-09-23/,20210923T011000,['Reuters'],"Amazon Web Services (AWS) announced plans to launch data centres in New Zealand by 2024, investing NZ$7.5 billion ($5.25 billion) in a new infrastructure hub. This initiative is expected to create approximately 1,000 jobs in the country over 15 years. The new hub will allow developers, startups, and government entities to use local data centres, fostering digital transformation and economic growth.",https://www.reuters.com/resizer/v2/SI6YLLUONRMDLBQKIKCKJVYMGE.jpg?auth=240075bb12b95241b6ef0b5adfd48d502e8b238f2e697418f0f1ed7341a5bfd7&width=1920&quality=80,Reuters,General,Reuters,"[{'topic': 'technology', 'relevance_score': '1.000000'}, {'topic': 'economy_macro', 'relevance_score': '0.707979'}, {'topic': 'retail_wholesale', 'relevance_score': '0.618259'}]",0.419904,Bullish,"[{'ticker': 'AMZN', 'relevance_score': '0.982935', 'ticker_sentiment_score': '0.403109', 'ticker_sentiment_label': 'Bullish'}]"
Samsung to make Tesla’s HW 4.0 self-driving auto chip,https://www.kedglobal.com/newsView/ked202109230009,20210923T175451,"['Jeong-Soo Hwang', 'In-Soo Nam']","Samsung Electronics Co. has won the contract to manufacture Tesla Inc.'s next-generation hardware 4 (HW 4.0) chip for its autonomous driving technology, beating out TSMC. Samsung plans to mass-produce the HW 4.0 chip using 7-nanometer processing technology, ensuring higher production yields and stable functions for Tesla's upcoming vehicles like the Cybertruck. This partnership strengthens Samsung's position in the global foundry market as it competes with TSMC and expands its collaborations with other tech giants like Google and Amazon.",,KED Global,General,KED Global,"[{'topic': 'technology', 'relevance_score': '0.911572'}, {'topic': 'manufacturing', 'relevance_score': '0.806281'}, {'topic': 'energy_transportation', 'relevance_score': '0.713136'}]",0.179218,Somewhat-Bullish,"[{'ticker': 'TSLA', 'relevance_score': '1.000000', 'ticker_sentiment_score': '0.473488', 'ticker_sentiment_label': 'Bullish'}, {'ticker': 'AMD', 'relevance_score': '0.742228', 'ticker_sentiment_score': '0.114845', 'ticker_sentiment_label': 'Neutral'}, {'ticker': 'QCOM', 'relevance_score': '0.613365', 'ticker_sentiment_score': '0.135712', 'ticker_sentiment_label': 'Neutral'}, {'ticker': 'GOOG', 'relevance_score': '0.635080', 'ticker_sentiment_score': '0.128428', 'ticker_sentiment_label': 'Neutral'}, {'ticker': 'AMZN', 'relevance_score': '0.642440', 'ticker_sentiment_score': '0.145798', 'ticker_sentiment_label': 'Neutral'}]"
"If You Missed the PS5 Restock, Here’s How to Prepare for the Next One",https://www.nytimes.com/wirecutter/blog/ps5-restock-how-to-prepare-for-the-next/,20210923T184041,['Alejandra Matos'],"This article discusses the ongoing PS5 stock shortages, nearly a year after its release, exacerbated by the pandemic and chip shortages. It offers tips for securing a console during future restocks, such as signing up for retailer accounts with current billing/shipping info, avoiding PayPal for faster checkout, and following Twitter alert accounts like @PS5StockAlerts, @mattswider, and @Wario64. The piece highlights that despite recent rumors of a major restock, consoles quickly sold out.",https://cdn.thewirecutter.com/wp-content/media/2021/09/ps5-restock-2048px-1011004-2x1-1.jpg?width=150&quality=20&crop=2:1&auto=webp,The New York Times,General,The New York Times,"[{'topic': 'retail_wholesale', 'relevance_score': '0.912888'}, {'topic': 'technology', 'relevance_score': '0.825670'}]",0.127733,Neutral,"[{'ticker': 'BBY', 'relevance_score': '0.941331', 'ticker_sentiment_score': '0.102015', 'ticker_sentiment_label': 'Neutral'}, {'ticker': 'AMZN', 'relevance_score': '0.713692', 'ticker_sentiment_score': '0.144628', 'ticker_sentiment_label': 'Neutral'}, {'ticker': 'WMT', 'relevance_score': '0.649595', 'ticker_sentiment_score': '0.136041', 'ticker_sentiment_label': 'Neutral'}, {'ticker': 'MSFT', 'relevance_score': '0.563884', 'ticker_sentiment_score': '0.139164', 'ticker_sentiment_label': 'Neutral'}]"
Barclays announces new CEO of point-of-sale finance business,https://home.barclays/news/press-releases/2021/090/barclays-announces-new-ceo-of-point-of-sale-finance-business/,20210923T184048,[],"Barclays has appointed Antony Stephen as the new CEO of its point-of-sale finance business, Barclays Partner Finance, effective October 4, 2021. Stephen, who previously served as Head of Amazon Payments Europe, will focus on expanding the UK point-of-sale finance business and providing leadership for Barclays Cubed, the bank's next-generation commerce platform. His extensive experience in payments and financial services is expected to drive growth and innovation in the rapidly evolving point-of-sale finance market.",https://home.barclays/content/dam/home-barclays/images/Pressreleases/BUK/Antony%20Stephen-16_9.large.medium_quality.png,Barclays,General,Barclays,"[{'topic': 'finance', 'relevance_score': '0.907619'}, {'topic': 'retail_wholesale', 'relevance_score': '0.703071'}]",0.333359,Somewhat-Bullish,"[{'ticker': 'BCS', 'relevance_score': '1.000000', 'ticker_sentiment_score': '0.409675', 'ticker_sentiment_label': 'Bullish'}, {'ticker': 'AMZN', 'relevance_score': '0.727873', 'ticker_sentiment_score': '0.242176', 'ticker_sentiment_label': 'Somewhat-Bullish'}]"
Daxko,https://www.ibm.com/case-studies/daxko,20210923T202825,[],"Daxko, a SaaS platform for fitness center management, faced significant challenges during the COVID-19 pandemic due to its customers being heavily impacted. To manage rapid changes, integrate nine acquisitions, and provide crucial support to its clients, Daxko implemented IBM Instana Observability. This allowed them to quickly adapt their product roadmap, gain comprehensive visibility into their complex IT environment, and minimize downtime, ultimately helping their customers navigate the unprecedented times.",,IBM,General,IBM,"[{'topic': 'technology', 'relevance_score': '0.904936'}]",0.266089,Somewhat-Bullish,"[{'ticker': 'IBM', 'relevance_score': '1.000000', 'ticker_sentiment_score': '0.400568', 'ticker_sentiment_label': 'Bullish'}, {'ticker': 'AMZN', 'relevance_score': '0.620480', 'ticker_sentiment_score': '0.138928', 'ticker_sentiment_label': 'Neutral'}]"
Starbucks pushes back against US workers’ cafe-by-cafe union vote,https://www.aljazeera.com/economy/2021/9/23/starbucks-pushes-back-against-us-workers-cafe-by-cafe-union-vote,20210923T211136,['Amelia Pollard and Josh Eidelson and Bloomberg'],"Starbucks is opposing unionization efforts by workers in Buffalo, New York, arguing that any union vote should encompass all 20 of its Buffalo-area locations rather than individual cafes. The company's stance challenges a labor board precedent that typically favors smaller bargaining units, with a hearing officer noting that single-location units are ""presumptively appropriate."" This move by Starbucks aligns with employer preferences for larger units to make unionization more difficult, amidst a broader wave of labor activism at nonunion companies.",,Al Jazeera,General,Al Jazeera,"[{'topic': 'retail_wholesale', 'relevance_score': '0.810997'}, {'topic': 'economy_macro', 'relevance_score': '0.649722'}]",-0.043696,Neutral,"[{'ticker': 'SBUX', 'relevance_score': '1.000000', 'ticker_sentiment_score': '-0.128693', 'ticker_sentiment_label': 'Neutral'}, {'ticker': 'AMZN', 'relevance_score': '0.627018', 'ticker_sentiment_score': '0.039140', 'ticker_sentiment_label': 'Neutral'}, {'ticker': 'GOOGL', 'relevance_score': '0.635319', 'ticker_sentiment_score': '0.003802', 'ticker_sentiment_label': 'Neutral'}]"
Viral TikTok video accuses Zillow and others of manipulating the housing market. Here’s what’s really going on,https://www.marketwatch.com/story/a-viral-tiktok-accuses-zillow-and-its-competitors-of-manipulating-the-housing-market-heres-whats-really-going-on-11632511943?gaa_at=eafs&gaa_n=AWEtsqfJRWy-NHEtr6ntSQNoIm3b7n78M6t_AacajnwpxaeuBkycZOR7fEYH&gaa_ts=699b58f9&gaa_sig=qOzhfHuGE7hAFFdrWWxiH2_2m2QE45wm_feWMWEutCmJlhYJ8G-NrthuEpOnQS9SiGDMhM8Tz5vYkFO5zUyUxA%3D%3D,20210924T153200,['Jacob Passy'],"A viral TikTok video by Nevada real-estate agent Sean Gotcher claims that companies like Zillow and Redfin are manipulating home prices through their ""iBuying"" business model. However, real-estate experts suggest the situation is more complex, and a professor noted that if the residential housing market could be rigged so easily, realtors would have done so long ago. The core of the accusation is that a company uses search data to strategically purchase homes in specific ZIP codes.",https://images.mktw.net/im-406860?width=1260&height=876,MarketWatch,General,MarketWatch,"[{'topic': 'real_estate', 'relevance_score': '1.000000'}, {'topic': 'financial_markets', 'relevance_score': '0.741234'}, {'topic': 'technology', 'relevance_score': '0.747539'}, {'topic': 'economy_macro', 'relevance_score': '0.605394'}]",-0.125501,Neutral,"[{'ticker': 'RDFN', 'relevance_score': '0.966901', 'ticker_sentiment_score': '-0.299500', 'ticker_sentiment_label': 'Somewhat-Bearish'}, {'ticker': 'AMZN', 'relevance_score': '0.631106', 'ticker_sentiment_score': '0.014131', 'ticker_sentiment_label': 'Neutral'}]"
Avantis U.S. Large Cap Value ETF,https://etfdb.com/etf/AVLV/,20210924T230910,[],"The Avantis U.S. Large Cap Value ETF (AVLV) offers investors exposure to large-cap U.S. value equities with an active management strategy. The ETF has an expense ratio of 0.15% and has shown strong performance across various timeframes compared to its category average. It holds a diversified portfolio with significant allocations to finance, retail trade, and electronic technology sectors, and its top holdings include major tech and industrial companies.",https://etfdb.com/assets/VettaFi_ETFdb-5305fe6f4e98fca434054a07f91dd5d7298814f2844039ab673faf7c93e475e6.svg,ETF Database,General,ETF Database,"[{'topic': 'financial_markets', 'relevance_score': '0.920111'}, {'topic': 'finance', 'relevance_score': '0.716419'}]",0.127243,Neutral,"[{'ticker': 'AVLV', 'relevance_score': '1.000000', 'ticker_sentiment_score': '0.115452', 'ticker_sentiment_label': 'Neutral'}, {'ticker': 'MU', 'relevance_score': '0.614410', 'ticker_sentiment_score': '0.104411', 'ticker_sentiment_label': 'Neutral'}, {'ticker': 'AMZN', 'relevance_score': '0.616930', 'ticker_sentiment_score': '0.109498', 'ticker_sentiment_label': 'Neutral'}, {'ticker': 'AAPL', 'relevance_score': '0.634231', 'ticker_sentiment_score': '0.108793', 'ticker_sentiment_label': 'Neutral'}, {'ticker': 'CAT', 'relevance_score': '0.631877', 'ticker_sentiment_score': '0.100873', 'ticker_sentiment_label': 'Neutral'}]"
Intel breaks ground on $20 bln Arizona plants as U.S. chip factory race heats up,https://www.reuters.com/technology/intel-breaks-ground-20-bln-arizona-plants-us-chip-factory-race-heats-up-2021-09-24/,20210925T142800,['Stephen Nellis'],"Intel has broken ground on two new $20 billion chip factories in Arizona, named Fab 52 and Fab 62, as part of its strategy to regain leadership in advanced chip manufacturing and become a major producer for external customers. These plants will be crucial for Intel's goal to lead in chip technology by 2025 and will bolster the U.S. chip supply chain. CEO Pat Gelsinger noted the facilities will also serve outside companies like Qualcomm and Amazon, and Intel plans a new U.S. campus with additional factories by year-end.",https://www.reuters.com/resizer/v2/G7IKAFJSKBMTRGF6SJWHHFFS264.jpg?auth=d8c196921d5b56d20ccb62eedc6bb847939e30051ebeb3df5ca3ffad77a0a743&width=1080&quality=80,Reuters,General,Reuters,"[{'topic': 'technology', 'relevance_score': '0.942010'}, {'topic': 'manufacturing', 'relevance_score': '0.847892'}]",0.229456,Somewhat-Bullish,"[{'ticker': 'INTC', 'relevance_score': '0.990697', 'ticker_sentiment_score': '0.433229', 'ticker_sentiment_label': 'Bullish'}, {'ticker': 'QCOM', 'relevance_score': '0.749993', 'ticker_sentiment_score': '0.298138', 'ticker_sentiment_label': 'Somewhat-Bullish'}, {'ticker': 'AMZN', 'relevance_score': '0.695051', 'ticker_sentiment_score': '0.244472', 'ticker_sentiment_label': 'Somewhat-Bullish'}, {'ticker': 'AMD', 'relevance_score': '0.627692', 'ticker_sentiment_score': '0.137990', 'ticker_sentiment_label': 'Neutral'}, {'ticker': 'MU', 'relevance_score': '0.579677', 'ticker_sentiment_score': '0.145330', 'ticker_sentiment_label': 'Neutral'}]"
"Astera Labs, a fabless chip startup, nabs $50M at a $950M valuation to remove bottlenecks in high-bandwidth cloud applications",https://techcrunch.com/2021/09/27/astera-labs-a-fabless-chip-startup-nabs-50m-at-a-950m-valuation-to-remove-bottlenecks-in-high-bandwidth-cloud-applications/,20210927T075900,['Ingrid Lunden'],"Astera Labs, a fabless semiconductor company, has raised $50 million in a Series C funding round, valuing the company at $950 million post-money. This funding, led by Fidelity Management and Research, will help the company scale operations and launch new product lines to address bottlenecks in high-bandwidth cloud applications, especially for AI and machine learning workloads. Intel, a strategic backer and customer, is collaborating with Astera Labs on developing PCI Express and CXL technology to enhance server and storage infrastructure.",https://techcrunch.com/wp-content/uploads/2021/09/GettyImages-1279768652.jpg?w=1024,TechCrunch,General,TechCrunch,"[{'topic': 'technology', 'relevance_score': '0.919342'}, {'topic': 'ipo', 'relevance_score': '0.739491'}, {'topic': 'finance', 'relevance_score': '0.641950'}]",0.324673,Somewhat-Bullish,"[{'ticker': 'ALAB', 'relevance_score': '1.000000', 'ticker_sentiment_score': '0.644378', 'ticker_sentiment_label': 'Bullish'}, {'ticker': 'INTC', 'relevance_score': '0.813557', 'ticker_sentiment_score': '0.310363', 'ticker_sentiment_label': 'Somewhat-Bullish'}, {'ticker': 'WDC', 'relevance_score': '0.635343', 'ticker_sentiment_score': '0.228533', 'ticker_sentiment_label': 'Somewhat-Bullish'}, {'ticker': 'AMZN', 'relevance_score': '0.565756', 'ticker_sentiment_score': '0.131398', 'ticker_sentiment_label': 'Neutral'}]"
Is eBay (EBAY) Stock a Good Buy?,https://www.benzinga.com/money/buy-ebay-stocks,20210927T184931,['Jordan Schneir'],"This article evaluates eBay (EBAY) as a potential stock investment, detailing its history, market presence, and financial performance. It highlights eBay's pioneering role in e-commerce, its current standing with 182 million buyers, and significant returns on historical investment, while also discussing the ongoing competition with online retail giants like Amazon. The piece offers guidance on purchasing eBay stock and considers its future outlook given marketplace investments and competitive pressures.",,Benzinga,General,Benzinga,"[{'topic': 'financial_markets', 'relevance_score': '0.939699'}, {'topic': 'retail_wholesale', 'relevance_score': '0.712207'}, {'topic': 'technology', 'relevance_score': '0.821237'}]",0.137858,Neutral,"[{'ticker': 'EBAY', 'relevance_score': '1.000000', 'ticker_sentiment_score': '0.401495', 'ticker_sentiment_label': 'Bullish'}, {'ticker': 'PYPL', 'relevance_score': '0.625468', 'ticker_sentiment_score': '0.004993', 'ticker_sentiment_label': 'Neutral'}, {'ticker': 'AMZN', 'relevance_score': '0.606684', 'ticker_sentiment_score': '0.046903', 'ticker_sentiment_label': 'Neutral'}]"
Intel’s $20B Project Moves Forward,https://www.commercialsearch.com/news/intel-breaks-ground-on-20b-expansion-project/,20210927T185925,['Adriana Marinescu'],"Intel has broken ground on two new chip factories, Fab 52 and Fab 62, at its Ocotillo campus in Chandler, Arizona, representing a $20 billion investment. This expansion will significantly increase Intel's production capacity, create thousands of tech and construction jobs, and is part of a broader strategy to enhance its chip manufacturing capabilities and compete with other major chipmakers. The project also highlights Intel's long-term commitment to Arizona and its focus on sustainability and benefiting from favorable U.S. legislation promoting domestic semiconductor production.",https://www.commercialsearch.com/news/wp-content/uploads/sites/46/2021/09/intel-in-ocotillo-e1632747661452.jpg?w=300,CommercialSearch,General,CommercialSearch,"[{'topic': 'manufacturing', 'relevance_score': '0.944802'}, {'topic': 'technology', 'relevance_score': '0.800258'}, {'topic': 'real_estate', 'relevance_score': '0.717972'}, {'topic': 'economy_fiscal', 'relevance_score': '0.647445'}]",0.330592,Somewhat-Bullish,"[{'ticker': 'INTC', 'relevance_score': '1.000000', 'ticker_sentiment_score': '0.480322', 'ticker_sentiment_label': 'Bullish'}, {'ticker': 'QCOM', 'relevance_score': '0.714849', 'ticker_sentiment_score': '0.314312', 'ticker_sentiment_label': 'Somewhat-Bullish'}, {'ticker': 'AMZN', 'relevance_score': '0.636818', 'ticker_sentiment_score': '0.318713', 'ticker_sentiment_label': 'Somewhat-Bullish'}, {'ticker': 'AMD', 'relevance_score': '0.621876', 'ticker_sentiment_score': '0.104959', 'ticker_sentiment_label': 'Neutral'}]"
CareBand and Life360 tap Amazon technology to help people stay connected,https://www.aboutamazon.com/news/devices/careband-and-life360-tap-amazon-technology-to-help-people-stay-connected,20210927T190344,['Amazon Staff'],"CareBand and Life360 are partnering with Amazon to utilize Amazon Sidewalk, a shared community network, to enhance the connectivity and reliability of their devices. CareBand's wearable devices will help people with dementia stay safe and connected by extending tracking capabilities beyond their homes. Life360 is integrating Sidewalk with its Jiobit Smart Tags to provide improved location tracking for families, children, elderly parents, and pets, ultimately offering greater peace of mind.",https://assets.aboutamazon.com/15/45/69789bed42d78bfae4794def65e3/amazondevices-sidewalk-final-topimage-092221-copy.jpg,About Amazon,General,About Amazon,"[{'topic': 'technology', 'relevance_score': '0.940190'}]",0.493067,Bullish,"[{'ticker': 'LIF', 'relevance_score': '1.000000', 'ticker_sentiment_score': '0.531994', 'ticker_sentiment_label': 'Bullish'}, {'ticker': 'AMZN', 'relevance_score': '0.932613', 'ticker_sentiment_score': '0.421414', 'ticker_sentiment_label': 'Bullish'}]"
Tommy Hilfiger to launch Higg Index Sustainability Profiles,https://www.just-style.com/news/tommy-hilfiger-to-launch-higg-index-sustainability-profiles/,20210927T191251,['Beth Wright'],"Tommy Hilfiger, owned by PVH Corp, is launching Higg Index Sustainability Profiles for a selection of its products in a pilot program with Amazon, the Sustainable Apparel Coalition (SAC), and Higg. This initiative aims to provide customers with data-backed environmental claims and increased transparency regarding product impact. The pilot will run for six weeks on Tommy Hilfiger's EU e-commerce sites and include items in Amazon's Climate Pledge Friendly program.",https://www.just-style.com/wp-content/uploads/sites/27/2021/09/Screenshot-2021-09-27-at-09.55.41.png,Just Style,General,Just Style,"[{'topic': 'retail_wholesale', 'relevance_score': '0.922959'}, {'topic': 'technology', 'relevance_score': '0.632646'}]",0.355055,Bullish,"[{'ticker': 'PVH', 'relevance_score': '1.000000', 'ticker_sentiment_score': '0.486658', 'ticker_sentiment_label': 'Bullish'}, {'ticker': 'AMZN', 'relevance_score': '0.747844', 'ticker_sentiment_score': '0.336332', 'ticker_sentiment_label': 'Somewhat-Bullish'}, {'ticker': 'AVY', 'relevance_score': '0.601519', 'ticker_sentiment_score': '0.247073', 'ticker_sentiment_label': 'Somewhat-Bullish'}]"
What Is Blockchain?,https://www.oracle.com/blockchain/what-is-blockchain/,20210927T205656,[],"This article defines blockchain as a decentralized ledger of shared data, explaining how its cryptographic hashes and peer-to-peer network ensure data integrity, security, and immutability. It details the three main types of blockchain—public, private, and federated—and highlights the significant business benefits, including establishing trust, streamlining operations, and improving security, particularly when integrated with technologies like IoT and AI. The article also introduces Hyperledger as a key open-source initiative promoting enterprise blockchain solutions.",,Oracle,General,Oracle,"[{'topic': 'blockchain', 'relevance_score': '1.000000'}, {'topic': 'technology', 'relevance_score': '0.812450'}]",0.185554,Somewhat-Bullish,"[{'ticker': 'ORCL', 'relevance_score': '0.940263', 'ticker_sentiment_score': '0.326896', 'ticker_sentiment_label': 'Somewhat-Bullish'}, {'ticker': 'IBM', 'relevance_score': '0.646609', 'ticker_sentiment_score': '0.267498', 'ticker_sentiment_label': 'Somewhat-Bullish'}, {'ticker': 'MSFT', 'relevance_score': '0.578202', 'ticker_sentiment_score': '0.070918', 'ticker_sentiment_label': 'Neutral'}, {'ticker': 'AMZN', 'relevance_score': '0.591555', 'ticker_sentiment_score': '0.084065', 'ticker_sentiment_label': 'Neutral'}]"
6 Reasons Why Digital Brands Group Investors Are Smiling Today as DBGI Stock Soars,https://investorplace.com/2021/09/6-reasons-why-digital-brands-group-investors-are-smiling-today-as-dbgi-stock-soars/,20210928T113200,['William White'],"Digital Brands Group (DBGI) stock soared on Tuesday following an updated guidance for fiscal year 2022, projecting revenue between $37.5 million and $42.5 million. This forecast represents a 350% increase from 2021 guidance and anticipates positive EBITDA, driven by expanded marketing, Amazon sales, new products, showrooms, and wholesale revenue. The company also plans for growth through acquisitions.",https://investorplace.com/wp-content/uploads/2020/12/clothes-apparel-hanger-rack-1600-300x169.jpg,InvestorPlace,General,InvestorPlace,"[{'topic': 'earnings', 'relevance_score': '0.907543'}, {'topic': 'financial_markets', 'relevance_score': '0.841409'}, {'topic': 'retail_wholesale', 'relevance_score': '0.744937'}, {'topic': 'mergers_and_acquisitions', 'relevance_score': '0.609813'}]",0.526864,Bullish,"[{'ticker': 'DBGI', 'relevance_score': '1.000000', 'ticker_sentiment_score': '0.839128', 'ticker_sentiment_label': 'Bullish'}, {'ticker': 'AMZN', 'relevance_score': '0.637115', 'ticker_sentiment_score': '0.214373', 'ticker_sentiment_label': 'Somewhat-Bullish'}]"
Turismo City se amplía y compró empresa brasilera Quanto Custa Viajar con una inversión de u$s6 millones,https://www.ambito.com/negocios/empresa/turismo-city-se-amplia-y-compro-brasilera-quanto-custa-viajar-una-inversion-us6-millones-n5288406,20210928T184624,[],"Turismocity has expanded its operations by acquiring the Brazilian travel company Quanto Custa Viajar for $6 million. This investment round included participation from prominent executives like Eduardo Elsztain and Martin Migoya, aiming to solidify Turismocity's position as a leading global travel company. The acquisition follows Turismocity's earlier purchase of Farecompare and seeks to leverage synergies to grow its presence in the Brazilian market.",https://media.ambito.com/adjuntos/239/imagenes/043/154/0043154397.png,Ambito,General,Ambito,"[{'topic': 'mergers_and_acquisitions', 'relevance_score': '0.912892'}, {'topic': 'finance', 'relevance_score': '0.700090'}]",0.34649,Somewhat-Bullish,"[{'ticker': 'CRESY', 'relevance_score': '1.000000', 'ticker_sentiment_score': '0.341033', 'ticker_sentiment_label': 'Somewhat-Bullish'}, {'ticker': 'GILD', 'relevance_score': '0.603907', 'ticker_sentiment_score': '0.310309', 'ticker_sentiment_label': 'Somewhat-Bullish'}, {'ticker': 'AMZN', 'relevance_score': '0.622210', 'ticker_sentiment_score': '0.348605', 'ticker_sentiment_label': 'Somewhat-Bullish'}]"
1stDibs just released an e-commerce report. Here’s where they think online luxury is headed,https://businessofhome.com/articles/where-is-the-market-for-online-luxury-headed,20210928T184807,['Fred Nicolaus'],"1stDibs has released an e-commerce report highlighting the significant growth in the online luxury shopping market. The report indicates a substantial increase in 1stDibs's gross market value and active buyers, demonstrating the comfort consumers now have with purchasing high-value items online. While furniture remains its largest overall category, the company's highest individual sales are in art and jewelry, with a noteworthy average order value exceeding $2,500.",,Business of Home,General,Business of Home,"[{'topic': 'retail_wholesale', 'relevance_score': '0.921992'}, {'topic': 'ipo', 'relevance_score': '0.821296'}, {'topic': 'finance', 'relevance_score': '0.703628'}, {'topic': 'technology', 'relevance_score': '0.618813'}, {'topic': 'earnings', 'relevance_score': '0.725090'}]",0.186309,Somewhat-Bullish,"[{'ticker': 'DIBS', 'relevance_score': '1.000000', 'ticker_sentiment_score': '0.106694', 'ticker_sentiment_label': 'Neutral'}, {'ticker': 'AMZN', 'relevance_score': '0.637129', 'ticker_sentiment_score': '0.232395', 'ticker_sentiment_label': 'Somewhat-Bullish'}]"
"Lauren Hobart: age, children, husband, education, career, salary, profiles, net worth",https://briefly.co.za/110345-lauren-hobart-age-children-husband-education-career-salary-profiles-net-worth.html,20210928T184815,['Ruth Gitonga'],"Lauren Hobart is the CEO of Dick's Sporting Goods, taking over in 2021 and driving significant growth and strategic planning for the company. With over 25 years in finance, retail, and consumer experience, she previously held various roles at Dick's, including Senior Vice President and CMO. Hobart has also been instrumental in initiatives like the Sports Matter program and successfully navigated the company through the 2020 economic and health crises, earning a reported compensation of over $6.7 million in 2019 and an estimated net worth of $46.5 million as of 2021.",https://cdn.briefly.co.za/images/1120/3a89fdf6de3c7907.jpeg?v=1,Briefly News,General,Briefly News,"[{'topic': 'retail_wholesale', 'relevance_score': '0.833553'}, {'topic': 'finance', 'relevance_score': '0.706843'}, {'topic': 'earnings', 'relevance_score': '0.635534'}]",0.201201,Somewhat-Bullish,"[{'ticker': 'DKS', 'relevance_score': '1.000000', 'ticker_sentiment_score': '0.496800', 'ticker_sentiment_label': 'Bullish'}, {'ticker': 'AMZN', 'relevance_score': '0.636296', 'ticker_sentiment_score': '0.105787', 'ticker_sentiment_label': 'Neutral'}, {'ticker': 'WMT', 'relevance_score': '0.622588', 'ticker_sentiment_score': '0.138152', 'ticker_sentiment_label': 'Neutral'}, {'ticker': 'YUM', 'relevance_score': '0.567356', 'ticker_sentiment_score': '0.144872', 'ticker_sentiment_label': 'Neutral'}]"
Etsy debuts shoppable virtual house,https://www.retaildive.com/news/etsy-debuts-shoppable-virtual-house/607274/,20210928T185055,['Tatiana Walk-Morris'],"Etsy has launched ""Etsy House,"" an interactive augmented reality experience allowing shoppers to tour a digital home decorated with marketplace items. This initiative builds on Etsy's previous AR offerings and positions it alongside other retailers like David's Bridal, Asos, and Amazon, who are utilizing AR and VR to enhance product visualization and e-commerce. The company has also recently expanded its business through acquisitions of Depop and Elo7.",https://imgproxy.divecdn.com/mC7jmpAF5frw_n9Q8_rmTQwiD8rMFgLbDEMJjO4qw_c/g:nowe:0:59/c:1000:565/rs:fill:1200:675:1/Z3M6Ly9kaXZlc2l0ZS1zdG9yYWdlL2RpdmVpbWFnZS9UaGVFdHN5SG91c2UuanBlZw==.webp,Retail Dive,General,Retail Dive,"[{'topic': 'retail_wholesale', 'relevance_score': '0.817051'}, {'topic': 'technology', 'relevance_score': '0.803979'}, {'topic': 'mergers_and_acquisitions', 'relevance_score': '0.703843'}]",0.188598,Somewhat-Bullish,"[{'ticker': 'ETSY', 'relevance_score': '1.000000', 'ticker_sentiment_score': '0.438371', 'ticker_sentiment_label': 'Bullish'}, {'ticker': 'AMZN', 'relevance_score': '0.610954', 'ticker_sentiment_score': '0.102063', 'ticker_sentiment_label': 'Neutral'}, {'ticker': 'GOOG', 'relevance_score': '0.599951', 'ticker_sentiment_score': '0.110153', 'ticker_sentiment_label': 'Neutral'}, {'ticker': 'META', 'relevance_score': '0.584245', 'ticker_sentiment_score': '0.112940', 'ticker_sentiment_label': 'Neutral'}]"
Can LEO Meet the Changing Arctic’s Connectivity Needs?,https://interactive.satellitetoday.com/via/october-2021/can-leo-meet-the-changing-arctics-connectivity-needs,20210928T185940,['David Hodes'],"The Arctic's rapidly changing environmental and geopolitical landscape is increasing its strategic importance, driving a demand for enhanced connectivity. Low-Earth Orbit (LEO) satellites are emerging as a crucial solution to provide reliable communication in this data-starved region, where traditional Geostationary Orbit (GEO) satellites struggle. The U.S. government, through initiatives like the AFRL's DEUCSI program, is collaborating with commercial LEO operators such as Iridium, OneWeb, and SpaceX to deploy and test robust satellite communication capabilities for both military and commercial applications in the Arctic.",https://s3.amazonaws.com/marquee-test-akiaisur2rgicbmpehea/CcYikYvHRVW1eF1S6n5J_VS_100121_DGTL_4.jpg,Via Satellite,General,Via Satellite,"[{'topic': 'technology', 'relevance_score': '0.914739'}]",0.543082,Bullish,"[{'ticker': 'IRDM', 'relevance_score': '1.000000', 'ticker_sentiment_score': '0.613101', 'ticker_sentiment_label': 'Bullish'}, {'ticker': 'AMZN', 'relevance_score': '0.551602', 'ticker_sentiment_score': '0.440293', 'ticker_sentiment_label': 'Bullish'}]"
The Giant Company and Instacart launch grocery delivery in 30 minutes,https://www.grocerydive.com/news/the-giant-company-and-instacart-launch-grocery-delivery-in-30-minutes/607285/,20210928T190207,['Catherine Douglas Moran'],"The Giant Company and Instacart have partnered to launch ""Giant Instant Delivery"" and ""Martin’s Instant Delivery,"" offering grocery delivery in as fast as 30 minutes across Pennsylvania, Maryland, Virginia, and West Virginia. This service is part of Instacart’s ""Convenience Hub"" and competes with other rapid delivery options, including Kroger Delivery Now. The new offering aims to provide faster delivery windows and increased e-commerce convenience for shoppers, with an eye towards future growth with a new fulfillment center.",https://imgproxy.divecdn.com/EwwBEH_yMfcNw2D1_VHPdEnXxPKs6cAOFG9NZQz3P_E/g:ce/rs:fill:1200:675:1/Z3M6Ly9kaXZlc2l0ZS1zdG9yYWdlL2RpdmVpbWFnZS9UaGVfR2lhbnRfQ29tcGFueV9SaXZlcndhbGtfZXh0ZXJpb3IuanBn.webp,Grocery Dive,General,Grocery Dive,"[{'topic': 'retail_wholesale', 'relevance_score': '0.903482'}, {'topic': 'technology', 'relevance_score': '0.825154'}]",0.178643,Somewhat-Bullish,"[{'ticker': 'KR', 'relevance_score': '0.863702', 'ticker_sentiment_score': '0.231221', 'ticker_sentiment_label': 'Somewhat-Bullish'}, {'ticker': 'AMZN', 'relevance_score': '0.636351', 'ticker_sentiment_score': '0.101411', 'ticker_sentiment_label': 'Neutral'}, {'ticker': 'WMT', 'relevance_score': '0.570783', 'ticker_sentiment_score': '0.145933', 'ticker_sentiment_label': 'Neutral'}]"
Capitalizing on the many artificial neural network uses,https://www.techtarget.com/searchenterpriseai/feature/Capitalizing-on-the-many-artificial-neural-network-uses,20210928T192108,['Benjamin St. George'],"This article explores the expanding uses of artificial neural networks (ANNs) in enterprises, highlighting their potential benefits despite challenges like ethical concerns and implementation complexities. It differentiates between convolutional neural networks (CNNs) for spatial data and recurrent neural networks (RNNs) for sequential data, providing examples such as facial recognition, medical analysis, fraud detection, and customer habit monitoring. The article also discusses crucial considerations for businesses, including addressing transparency issues, managing computational resources, and defining clear value statements before deployment.",https://www.techtarget.com/rms/onlineimages/ai_a373894778_searchsitetablet_520X173.jpg,TechTarget,General,TechTarget,"[{'topic': 'technology', 'relevance_score': '0.909288'}]",0.251217,Somewhat-Bullish,"[{'ticker': 'TTGT', 'relevance_score': '0.338626', 'ticker_sentiment_score': '0.007716', 'ticker_sentiment_label': 'Neutral'}, {'ticker': 'EBAY', 'relevance_score': '0.884221', 'ticker_sentiment_score': '0.436044', 'ticker_sentiment_label': 'Bullish'}, {'ticker': 'DELL', 'relevance_score': '0.694840', 'ticker_sentiment_score': '0.243590', 'ticker_sentiment_label': 'Somewhat-Bullish'}, {'ticker': 'MSFT', 'relevance_score': '0.629775', 'ticker_sentiment_score': '0.301498', 'ticker_sentiment_label': 'Somewhat-Bullish'}, {'ticker': 'AMZN', 'relevance_score': '0.638431', 'ticker_sentiment_score': '0.303322', 'ticker_sentiment_label': 'Somewhat-Bullish'}]"
Best Buy to Test Return-to-Office Plans Over the Holidays,https://tcbmag.com/best-buy-to-test-return-to-office-plans-over-the-holidays/,20210928T194719,['Dan Niepow'],"Best Buy will test its return-to-office plans over the holidays by asking a ""small number of teams"" to work from its Richfield corporate campus starting in November. This initiative will serve as a road test for the company's long-term hybrid work model, with all returning employees required to be vaccinated against Covid-19. Best Buy expects the majority of its corporate employees to return in early 2022, as many other Twin Cities companies have delayed their return-to-office plans.",,Twin Cities Business,General,Twin Cities Business,"[{'topic': 'retail_wholesale', 'relevance_score': '0.807900'}, {'topic': 'life_sciences', 'relevance_score': '0.639197'}]",-0.064528,Neutral,"[{'ticker': 'BBY', 'relevance_score': '1.000000', 'ticker_sentiment_score': '0.120630', 'ticker_sentiment_label': 'Neutral'}, {'ticker': 'TGT', 'relevance_score': '0.729113', 'ticker_sentiment_score': '-0.122929', 'ticker_sentiment_label': 'Neutral'}, {'ticker': 'AMZN', 'relevance_score': '0.643976', 'ticker_sentiment_score': '-0.147692', 'ticker_sentiment_label': 'Neutral'}, {'ticker': 'WFC', 'relevance_score': '0.605719', 'ticker_sentiment_score': '-0.118339', 'ticker_sentiment_label': 'Neutral'}]"
HP’s Smartest Ink Tank Printer For People That Print A Lot,https://tennews.in/hps-smartest-ink-tank-printer-for-people-that-print-a-lot/,20210928T202747,['Ten News Network'],"HP Inc. has launched the new low-cost HP Smart Tank 7000 series printer, designed for individuals with high-volume printing needs. This series emphasizes sustainability, being HP's first ink tank printer made from over 25% recycled plastic, and offers smart features like self-healing Wi-Fi, automatic two-sided printing, and a spill-free refill system. The printers are available in the U.S. priced at USD$399 – $499.",,tennews.in,General,tennews.in,"[{'topic': 'technology', 'relevance_score': '1.000000'}, {'topic': 'manufacturing', 'relevance_score': '0.721095'}, {'topic': 'retail_wholesale', 'relevance_score': '0.621578'}]",0.271956,Somewhat-Bullish,"[{'ticker': 'HPQ', 'relevance_score': '1.000000', 'ticker_sentiment_score': '0.412318', 'ticker_sentiment_label': 'Bullish'}, {'ticker': 'AMZN', 'relevance_score': '0.721335', 'ticker_sentiment_score': '0.205241', 'ticker_sentiment_label': 'Somewhat-Bullish'}, {'ticker': 'BBY', 'relevance_score': '0.712870', 'ticker_sentiment_score': '0.244376', 'ticker_sentiment_label': 'Somewhat-Bullish'}, {'ticker': 'COST', 'relevance_score': '0.701889', 'ticker_sentiment_score': '0.215132', 'ticker_sentiment_label': 'Somewhat-Bullish'}, {'ticker': 'WMT', 'relevance_score': '0.702102', 'ticker_sentiment_score': '0.203763', 'ticker_sentiment_label': 'Somewhat-Bullish'}]"
"Quick on Their Fleet: Kodiak Builds Flexible, High-Performance Self-Driving Trucks on NVIDIA DRIVE",https://blogs.nvidia.com/blog/kodiak-self-driving-trucks-nvidia-drive/,20210928T203655,['Katie Washabaugh'],"Kodiak Robotics has unveiled its fourth-generation self-driving truck, powered by NVIDIA DRIVE Orin. The trucks feature a lightweight mapping strategy and a discreet, modular hardware design to achieve level 4 self-driving capabilities, focusing on flexibility and live perception rather than detailed pre-constructed maps. This approach addresses the high demand for delivery and the shortage of drivers in the trucking industry.",,NVIDIA Blog,General,NVIDIA Blog,"[{'topic': 'technology', 'relevance_score': '0.934663'}, {'topic': 'energy_transportation', 'relevance_score': '0.817026'}, {'topic': 'manufacturing', 'relevance_score': '0.648478'}]",0.489662,Bullish,"[{'ticker': 'KDK', 'relevance_score': '1.000000', 'ticker_sentiment_score': '0.871609', 'ticker_sentiment_label': 'Bullish'}, {'ticker': 'NVDA', 'relevance_score': '0.911165', 'ticker_sentiment_score': '0.741625', 'ticker_sentiment_label': 'Bullish'}, {'ticker': 'AMZN', 'relevance_score': '0.641142', 'ticker_sentiment_score': '0.335323', 'ticker_sentiment_label': 'Somewhat-Bullish'}, {'ticker': 'FDX', 'relevance_score': '0.554278', 'ticker_sentiment_score': '0.293096', 'ticker_sentiment_label': 'Somewhat-Bullish'}, {'ticker': 'UPS', 'relevance_score': '0.565414', 'ticker_sentiment_score': '0.260794', 'ticker_sentiment_label': 'Somewhat-Bullish'}]"
Amazon settles labor dispute with fired climate activists,https://www.latimes.com/business/story/2021-09-29/amazon-settles-labor-dispute-with-fired-climate-activists,20210929T170600,['Spencer Soper'],"Amazon has reached a private settlement with two former web designers, Emily Cunningham and Maren Costa, who were allegedly fired for their workplace activism. The National Labor Relations Board had previously accused Amazon of unfair labor practices, stating that the employees' terminations violated legal protections for advocating workplace changes related to climate change and COVID-19 safety concerns for warehouse workers. The terms of the settlement, known as a ""private non-board agreement,"" will not be disclosed to the public but await approval from a regional director of the labor board.",https://ca-times.brightspotcdn.com/dims4/default/1b83ed2/2147483647/strip/true/crop/4500x3001+0+0/resize/1200x800!/quality/75/?url=https%3A%2F%2Fcalifornia-times-brightspot.s3.amazonaws.com%2Fe5%2F17%2F87dee8d6174195694221c1db8162%2F0c72cbf1544645509fcf295f6bba1bbe,Los Angeles Times,General,Los Angeles Times,"[{'topic': 'retail_wholesale', 'relevance_score': '0.704357'}, {'topic': 'technology', 'relevance_score': '0.735949'}]",-0.104502,Neutral,"[{'ticker': 'AMZN', 'relevance_score': '1.000000', 'ticker_sentiment_score': '-0.127351', 'ticker_sentiment_label': 'Neutral'}]"
Amazon opens its first Thurston County distribution warehouse,https://www.bizjournals.com/seattle/news/2021/09/29/amazon-lacey-fulfillment-center-opened.html,20210929T183820,['Alex Halverson'],"Amazon has opened its first fulfillment center in Thurston County, located in Lacey, Washington. The new facility will create 1,000 jobs and is one of three warehouses on a newly developed site. This marks a significant expansion for the e-commerce giant in the state.",https://media.bizj.us/view/img/12111142/olm1-lacey-washington-site*900xx1440-810-0-0.jpg,The Business Journals,General,The Business Journals,"[{'topic': 'retail_wholesale', 'relevance_score': '0.935986'}, {'topic': 'real_estate', 'relevance_score': '0.722096'}]",0.432695,Bullish,"[{'ticker': 'AMZN', 'relevance_score': '1.000000', 'ticker_sentiment_score': '0.432228', 'ticker_sentiment_label': 'Bullish'}]"
Cathie Wood’s Ark Investment sells $270M worth of Tesla stake,https://www.aljazeera.com/economy/2021/9/29/cathie-woods-ark-investment-sells-270m-worth-of-tesla-stake,20210929T183857,['Sam Potter and Bloomberg'],"Cathie Wood’s Ark Investment Management sold over 340,000 shares of Tesla, worth nearly $270 million, across three of its exchange-traded funds. This move comes as a bond selloff impacted rate-sensitive technology stocks, leading to outflows from Ark's growth-focused funds. Despite the sale, Tesla remains Ark's largest holding, with Wood predicting its shares will reach $3,000.",https://www.aljazeera.com/wp-content/uploads/2021/09/379197269.jpg?w=770&resize=770%2C433&quality=80,Al Jazeera,General,Al Jazeera,"[{'topic': 'financial_markets', 'relevance_score': '0.908471'}, {'topic': 'economy_monetary', 'relevance_score': '0.812952'}, {'topic': 'technology', 'relevance_score': '0.703659'}, {'topic': 'energy_transportation', 'relevance_score': '0.614756'}]",-0.168387,Somewhat-Bearish,"[{'ticker': 'ARKK', 'relevance_score': '1.000000', 'ticker_sentiment_score': '-0.268141', 'ticker_sentiment_label': 'Somewhat-Bearish'}, {'ticker': 'TSLA', 'relevance_score': '0.900833', 'ticker_sentiment_score': '0.116550', 'ticker_sentiment_label': 'Neutral'}, {'ticker': 'GOOGL', 'relevance_score': '0.582158', 'ticker_sentiment_score': '-0.192250', 'ticker_sentiment_label': 'Somewhat-Bearish'}, {'ticker': 'MSFT', 'relevance_score': '0.568882', 'ticker_sentiment_score': '-0.193168', 'ticker_sentiment_label': 'Somewhat-Bearish'}, {'ticker': 'AMZN', 'relevance_score': '0.550541', 'ticker_sentiment_score': '-0.209493', 'ticker_sentiment_label': 'Somewhat-Bearish'}]"
PayPal’s Happy Returns partners with Staples,https://www.paymentsdive.com/news/paypals-happy-returns-partners-with-staples/607372/,20210929T191758,['Tatiana Walk-Morris'],"PayPal's Happy Returns has partnered with Staples to offer in-person, box-free returns at over a thousand Staples stores across the U.S., starting in California. This collaboration will make return services accessible within 10 miles for 75% of Americans and aims to streamline the return process for online shoppers while increasing foot traffic for Staples. The move follows PayPal's acquisition of Happy Returns and reflects a broader trend of payment companies engaging in acquisitions within the returns space to address growing e-commerce return challenges.",https://imgproxy.divecdn.com/9KUIPo8YvQ1onQ4L2cByWE69O6BJkOWNy_xHVpHyytQ/g:ce/rs:fill:1200:675:1/Z3M6Ly9kaXZlc2l0ZS1zdG9yYWdlL2RpdmVpbWFnZSWQYXlwYWxfWmV0dGxlLUxhdW5jaF9JbWFnZTIyLmpwZw==.webp,Payments Dive,General,Payments Dive,"[{'topic': 'retail_wholesale', 'relevance_score': '1.000000'}, {'topic': 'mergers_and_acquisitions', 'relevance_score': '0.921349'}, {'topic': 'technology', 'relevance_score': '0.804386'}, {'topic': 'finance', 'relevance_score': '0.704558'}, {'topic': 'economy_macro', 'relevance_score': '0.614592'}]",0.234896,Somewhat-Bullish,"[{'ticker': 'SPLS', 'relevance_score': '0.346318', 'ticker_sentiment_score': '0.014429', 'ticker_sentiment_label': 'Neutral'}, {'ticker': 'PYPL', 'relevance_score': '1.000000', 'ticker_sentiment_score': '0.414785', 'ticker_sentiment_label': 'Bullish'}, {'ticker': 'FDX', 'relevance_score': '0.623275', 'ticker_sentiment_score': '0.233790', 'ticker_sentiment_label': 'Somewhat-Bullish'}, {'ticker': 'AMZN', 'relevance_score': '0.633015', 'ticker_sentiment_score': '0.219119', 'ticker_sentiment_label': 'Somewhat-Bullish'}]"
Jabil expects to hit over $8B in net revenue in Q1 of 2022,https://stpetecatalyst.com/jabil-expects-to-hit-over-8b-in-net-revenue-in-q1-of-2022/,20210929T203627,['Veronica Brezina'],"Jabil Inc. (NYSE: JBL) reported strong financial results for the fourth quarter and fiscal year, with net revenue of $7.4 billion and $29.3 billion respectively, despite supply chain challenges. Looking ahead to Q1 2022, the company projects net revenue between $8 billion and $8.6 billion, driven by its diversified business model and opportunities in vehicle electrification, connected healthcare, and infrastructure development. Jabil continues to work with major clients such as Amazon, Tesla, Apple, and Johnson & Johnson.",,St Pete Catalyst,General,St Pete Catalyst,"[{'topic': 'earnings', 'relevance_score': '0.936887'}, {'topic': 'manufacturing', 'relevance_score': '0.838641'}, {'topic': 'technology', 'relevance_score': '0.728147'}, {'topic': 'life_sciences', 'relevance_score': '0.623347'}, {'topic': 'energy_transportation', 'relevance_score': '0.616850'}]",0.28731,Somewhat-Bullish,"[{'ticker': 'JBL', 'relevance_score': '1.000000', 'ticker_sentiment_score': '0.446949', 'ticker_sentiment_label': 'Bullish'}, {'ticker': 'AMZN', 'relevance_score': '0.634034', 'ticker_sentiment_score': '0.229371', 'ticker_sentiment_label': 'Somewhat-Bullish'}, {'ticker': 'TSLA', 'relevance_score': '0.643741', 'ticker_sentiment_score': '0.209529', 'ticker_sentiment_label': 'Somewhat-Bullish'}, {'ticker': 'AAPL', 'relevance_score': '0.634379', 'ticker_sentiment_score': '0.208196', 'ticker_sentiment_label': 'Somewhat-Bullish'}, {'ticker': 'JNJ', 'relevance_score': '0.603776', 'ticker_sentiment_score': '0.235994', 'ticker_sentiment_label': 'Somewhat-Bullish'}]"
"General Motors' Commercial EV Unit To Expand Vehicle Lineup, Add Verizon As Customer",https://www.carandbike.com/news/general-motors-commercial-ev-unit-to-expand-vehicle-lineup-add-verizon-as-customer-2557797,20210929T215700,['car&bike Team'],"General Motors' BrightDrop electric commercial vehicle business is expanding its lineup with a second delivery van, the EV410, and has secured Verizon Communications Inc. as a customer for this new vehicle. The EV410, aimed at segments requiring smaller vehicles like grocery and telecommunications, will begin production in the second half of 2023 at GM's CAMI assembly plant in Canada. This move highlights GM's increased investment in electric and autonomous vehicles, recognizing the growing demand and financial benefits for commercial EV fleets.",,Car and Bike,General,Car and Bike,"[{'topic': 'energy_transportation', 'relevance_score': '0.928720'}, {'topic': 'manufacturing', 'relevance_score': '0.723413'}, {'topic': 'technology', 'relevance_score': '0.616034'}]",0.347822,Somewhat-Bullish,"[{'ticker': 'VZ', 'relevance_score': '1.000000', 'ticker_sentiment_score': '0.301872', 'ticker_sentiment_label': 'Somewhat-Bullish'}, {'ticker': 'GM', 'relevance_score': '0.904995', 'ticker_sentiment_score': '0.425261', 'ticker_sentiment_label': 'Bullish'}, {'ticker': 'FDX', 'relevance_score': '0.634487', 'ticker_sentiment_score': '0.316270', 'ticker_sentiment_label': 'Somewhat-Bullish'}, {'ticker': 'AMZN', 'relevance_score': '0.625220', 'ticker_sentiment_score': '0.286283', 'ticker_sentiment_label': 'Somewhat-Bullish'}, {'ticker': 'UPS', 'relevance_score': '0.648859', 'ticker_sentiment_score': '0.284920', 'ticker_sentiment_label': 'Somewhat-Bullish'}]"
INSIGHTS | Conservative investors are pairing portfolio with principles,https://www.coloradopolitics.com/2020-election/insights-conservative-investors-are-pairing-portfolio-with-principles/article_4e546b0c-1ff6-11ec-9304-731f964ae27c.html,20210930T052305,['Joey Bunch and Colorado Politics'],"Tom Carter, a mutual fund executive, has launched the American Conservative Values ETF to allow conservative investors to align their portfolios with their principles, avoiding ""woke"" companies. The fund, which began in October and already manages over $28 million, aims to provide an option for individuals who wish to invest in companies that share their conservative values rather than those that engage in social and racial justice advocacy. This initiative reflects a broader movement where conservatives are using economic choices to ""fight back"" against companies perceived as aligning with liberal politics.",https://www.coloradopolitics.com/wp-content/uploads/2024/05/0d9698106065d0603c087b6f6ded43cb.jpg,Colorado Politics,General,Colorado Politics,"[{'topic': 'financial_markets', 'relevance_score': '0.810068'}, {'topic': 'economy_macro', 'relevance_score': '0.628779'}]",-0.164508,Somewhat-Bearish,"[{'ticker': 'ACVF', 'relevance_score': '1.000000', 'ticker_sentiment_score': '0.525463', 'ticker_sentiment_label': 'Bullish'}, {'ticker': 'AMZN', 'relevance_score': '0.727768', 'ticker_sentiment_score': '-0.332618', 'ticker_sentiment_label': 'Somewhat-Bearish'}, {'ticker': 'AAPL', 'relevance_score': '0.748774', 'ticker_sentiment_score': '-0.302017', 'ticker_sentiment_label': 'Somewhat-Bearish'}, {'ticker': 'T', 'relevance_score': '0.747891', 'ticker_sentiment_score': '-0.316315', 'ticker_sentiment_label': 'Somewhat-Bearish'}, {'ticker': 'META', 'relevance_score': '0.733563', 'ticker_sentiment_score': '-0.334665', 'ticker_sentiment_label': 'Somewhat-Bearish'}]"
"Sonos Beam (2021, 2nd Gen) review: Compact soundbar delivers plenty of clout",https://www.pocket-lint.com/speakers/reviews/sonos/158537-sonos-beam-review-2021-2nd-gen/,20210930T090000,"[""Britta O'Boyle""]","The Sonos Beam (2nd Gen) is presented as an excellent compact soundbar that, despite sharing much of its architecture with its predecessor, notably adds virtual Dolby Atmos support, a new processor, and an updated aesthetic with a plastic grille. While it doesn't offer true Dolby Atmos like larger, pricier alternatives, its virtual surround sound experience is highly effective for its size, especially when paired with additional Sonos speakers. The soundbar also boasts a sleek design, extensive smart features including voice assistants and AirPlay 2, and numerous music streaming options, making it a versatile choice for enhancing both TV audio and general music listening.",https://static0.pocketlintimages.com/wordpress/wp-content/uploads/wm/158537-speakers-review-sonos-beam-2nd-gen-review-same-architecture-different-viewpoint-image16-78ujey3xvj.jpg?&fit=crop&w=1600&h=900,Pocket-lint,General,Pocket-lint,"[{'topic': 'technology', 'relevance_score': '0.913888'}]",0.213986,Somewhat-Bullish,"[{'ticker': 'SONO', 'relevance_score': '0.965406', 'ticker_sentiment_score': '0.324291', 'ticker_sentiment_label': 'Somewhat-Bullish'}, {'ticker': 'BBY', 'relevance_score': '0.621444', 'ticker_sentiment_score': '0.118407', 'ticker_sentiment_label': 'Neutral'}, {'ticker': 'AAPL', 'relevance_score': '0.708709', 'ticker_sentiment_score': '0.236303', 'ticker_sentiment_label': 'Somewhat-Bullish'}, {'ticker': 'AMZN', 'relevance_score': '0.637952', 'ticker_sentiment_score': '0.166363', 'ticker_sentiment_label': 'Somewhat-Bullish'}]"
