title,url,time_published,authors,summary,banner_image,source,category_within_source,source_domain,topics,overall_sentiment_score,overall_sentiment_label,ticker_sentiment
What are FAANG stocks?,https://www.indiainfoline.com/knowledge-center/share-market/what-are-faang-stocks,20220701T101257,[],"FAANG is an acronym for five leading technology companies: Facebook (now Meta), Amazon, Apple, Netflix, and Google (now Alphabet). These companies are known for their consistent growth, innovation, and significant impact on the American stock market, particularly the NASDAQ 100 and S&P 500 indices. While they have shown strong performance and market capitalization, there's an ongoing debate among investors about their valuation.",,India Infoline,General,India Infoline,"[{'topic': 'financial_markets', 'relevance_score': '1.000000'}, {'topic': 'technology', 'relevance_score': '0.943579'}]",0.272539,Somewhat-Bullish,"[{'ticker': 'GOOGL', 'relevance_score': '1.000000', 'ticker_sentiment_score': '0.251921', 'ticker_sentiment_label': 'Somewhat-Bullish'}, {'ticker': 'META', 'relevance_score': '0.857877', 'ticker_sentiment_score': '0.292051', 'ticker_sentiment_label': 'Somewhat-Bullish'}, {'ticker': 'AMZN', 'relevance_score': '0.810746', 'ticker_sentiment_score': '0.287247', 'ticker_sentiment_label': 'Somewhat-Bullish'}, {'ticker': 'AAPL', 'relevance_score': '0.794887', 'ticker_sentiment_score': '0.321299', 'ticker_sentiment_label': 'Somewhat-Bullish'}, {'ticker': 'NFLX', 'relevance_score': '0.739707', 'ticker_sentiment_score': '0.264111', 'ticker_sentiment_label': 'Somewhat-Bullish'}]"
Up in the Cloud!,https://www.sify.com/cloud/up-in-the-cloud/,20220701T103539,['Uma Iyer'],"This article by Uma Iyer discusses the evolving concept of cloud computing, moving beyond its abstract perception to its tangible impact on technology and data management. It explores the differences between cloud storage and cloud computing, highlights real-world applications and the benefits of scalability and ease of use, and addresses the critical issue of trust and security in cloud technologies through various models and programs like CSA STAR. The article concludes by looking at emerging trends like edge computing, indicating a bright future for cloud technology.",https://www.sify.com/wp-content/uploads/2022/07/cloud_laptop_ss-1024x490.jpg,INDOlink,General,INDOlink,"[{'topic': 'technology', 'relevance_score': '0.945312'}]",-0.084293,Neutral,"[{'ticker': 'SIFYR', 'relevance_score': '0.304814', 'ticker_sentiment_score': '0.010486', 'ticker_sentiment_label': 'Neutral'}, {'ticker': 'AMZN', 'relevance_score': '0.637477', 'ticker_sentiment_score': '-0.115913', 'ticker_sentiment_label': 'Neutral'}, {'ticker': 'GOOGL', 'relevance_score': '0.646968', 'ticker_sentiment_score': '-0.102279', 'ticker_sentiment_label': 'Neutral'}, {'ticker': 'GOOG', 'relevance_score': '0.626567', 'ticker_sentiment_score': '-0.142475', 'ticker_sentiment_label': 'Neutral'}, {'ticker': 'MSFT', 'relevance_score': '0.610702', 'ticker_sentiment_score': '-0.109629', 'ticker_sentiment_label': 'Neutral'}]"
Zscaler and AWS to help customers accelerate their secured transition to the cloud,https://www.varindia.com/news/zscaler-and-aws-to-help-customers-accelerate-their-secured-transition-to-the-cloud,20220701T104622,['VARINDIA'],"Zscaler has extended its relationship with Amazon Web Services (AWS) to help customers securely transition to the cloud using a Zero Trust approach. The collaboration introduces new solutions, including a Cloud-Native Application Protection Platform (CNAPP) built on AWS, extended Zero Trust security for cloud workloads, and Zero Trust for Private 5G connections with AWS Wavelength. These innovations aim to simplify cloud security operations, mitigate workload risks, and advance security architecture for enterprises.",https://www.varindia.com/storage/news/uploads/2018/02/62beed66c99c9.jpg,www.varindia.com,General,www.varindia.com,"[{'topic': 'technology', 'relevance_score': '1.000000'}]",0.363556,Bullish,"[{'ticker': 'ZS', 'relevance_score': '1.000000', 'ticker_sentiment_score': '0.406248', 'ticker_sentiment_label': 'Bullish'}, {'ticker': 'AMZN', 'relevance_score': '0.838077', 'ticker_sentiment_score': '0.345287', 'ticker_sentiment_label': 'Somewhat-Bullish'}]"
How Much Worse Can It Get for Growth Stocks?,https://www.morningstar.com/portfolios/how-much-worse-can-it-get-growth-stocks,20220701T174623,['Lauren Solberg'],"The second quarter of 2022 saw growth stocks suffer their largest losses since the 2008 financial crisis, with the Morningstar US Growth Index dropping 25.3%. Value stocks significantly outperformed growth, marking the widest margin since the dot-com bubble collapse, as rising interest rates and inflation dampened the appeal of growth companies' future earnings. While many growth stocks are now at their cheapest valuations in years, experts suggest value stocks may continue to outperform in the short term despite growth's long-term lead.",,Morningstar,General,Morningstar,"[{'topic': 'financial_markets', 'relevance_score': '0.949457'}, {'topic': 'economy_monetary', 'relevance_score': '0.814763'}, {'topic': 'economy_macro', 'relevance_score': '0.706056'}]",-0.29328,Somewhat-Bearish,"[{'ticker': 'MSTR', 'relevance_score': '1.000000', 'ticker_sentiment_score': '-0.438280', 'ticker_sentiment_label': 'Bearish'}, {'ticker': 'AMZN', 'relevance_score': '0.914616', 'ticker_sentiment_score': '-0.424808', 'ticker_sentiment_label': 'Bearish'}, {'ticker': 'TSLA', 'relevance_score': '0.913536', 'ticker_sentiment_score': '-0.419189', 'ticker_sentiment_label': 'Bearish'}, {'ticker': 'T', 'relevance_score': '0.628095', 'ticker_sentiment_score': '0.241695', 'ticker_sentiment_label': 'Somewhat-Bullish'}]"
Walt Disney Co. Creates ‘Disney Storytellers Fund’ At Howard University To Spark Opportunities,https://deadline.com/2022/07/walt-disney-company-howard-university-storytellers-fund-1235057536/,20220703T100439,['Bruce Haring'],"The Walt Disney Company has established the ""Disney Storytellers Fund"" at Howard University. This initiative aims to provide opportunities for underrepresented students to pursue careers in media and entertainment, offering stipends, mentorship, and internships across various creative fields. The fund will also support a new collaborative creative space within Howard's Chadwick A. Boseman College of Fine Arts and Cathy Hughes School of Communication.",https://deadline.com/wp-content/uploads/2045/06/Walt-Disney-Company-logo-Burbank-lot.jpg?w=681&h=383&crop=1,Deadline,General,Deadline,"[{'topic': 'finance', 'relevance_score': '0.740521'}, {'topic': 'economy_fiscal', 'relevance_score': '0.627501'}]",0.224553,Somewhat-Bullish,"[{'ticker': 'DIS', 'relevance_score': '1.000000', 'ticker_sentiment_score': '0.457464', 'ticker_sentiment_label': 'Bullish'}, {'ticker': 'NFLX', 'relevance_score': '0.571318', 'ticker_sentiment_score': '0.129942', 'ticker_sentiment_label': 'Neutral'}, {'ticker': 'AMZN', 'relevance_score': '0.566851', 'ticker_sentiment_score': '0.103987', 'ticker_sentiment_label': 'Neutral'}]"
5 Indian Americans among America’s Richest Self-Made Women,https://americanbazaaronline.com/2022/07/05/5-indian-americans-among-americas-richest-self-made-women-450141/,20220705T095220,['Arun Kumar'],"Five Indian American women, including Jayshree Ullal, Neerja Sethi, Neha Narkhede, Indra Nooyi, and Reshma Shetty, have been named among America's Richest Self-Made Women by Forbes in 2022. These women have accumulated significant wealth across various industries such as technology, consulting, and biotechnology. The article highlights their career paths, companies, and net worth, showcasing their success and contributions to the American economy.",https://americanbazaaronline.com/wp-content/uploads/2021/08/Forbes-Women-500x333.jpg,The American Bazaar,General,The American Bazaar,"[{'topic': 'finance', 'relevance_score': '0.849433'}, {'topic': 'technology', 'relevance_score': '0.848320'}, {'topic': 'life_sciences', 'relevance_score': '0.746661'}, {'topic': 'economy_macro', 'relevance_score': '0.603600'}, {'topic': 'mergers_and_acquisitions', 'relevance_score': '0.607649'}]",0.367777,Bullish,"[{'ticker': 'ANET', 'relevance_score': '0.973590', 'ticker_sentiment_score': '0.476408', 'ticker_sentiment_label': 'Bullish'}, {'ticker': 'NFLX', 'relevance_score': '0.602876', 'ticker_sentiment_score': '0.301746', 'ticker_sentiment_label': 'Somewhat-Bullish'}, {'ticker': 'AMZN', 'relevance_score': '0.584977', 'ticker_sentiment_score': '0.349175', 'ticker_sentiment_label': 'Somewhat-Bullish'}]"
When Pentest Tools Go Brutal: Red-Teaming Tool Being Abused by Malicious Actors,https://unit42.paloaltonetworks.com/brute-ratel-c4-tool/,20220705T102922,"['Mike Harbison', 'Peter Renals']","Palo Alto Networks' Unit 42 has identified that Brute Ratel C4 (BRc4), a red-teaming and adversarial attack simulation tool designed to evade EDR and AV detection, is being actively abused by malicious actors, including techniques consistent with APT29. The tool's effectiveness was highlighted by a sample that received benign verdicts from all 56 VirusTotal vendors despite containing a malicious payload. The report details the technical analysis of how BRc4 is deployed, including DLL search order hijacking and process injection, and provides indicators of compromise to help organizations detect and protect against this evolving threat.",,Unit 42,General,Unit 42,"[{'topic': 'technology', 'relevance_score': '0.901647'}]",0.235934,Somewhat-Bullish,"[{'ticker': 'PANW', 'relevance_score': '1.000000', 'ticker_sentiment_score': '0.404036', 'ticker_sentiment_label': 'Bullish'}, {'ticker': 'MSFT', 'relevance_score': '0.738667', 'ticker_sentiment_score': '0.100375', 'ticker_sentiment_label': 'Neutral'}, {'ticker': 'AMZN', 'relevance_score': '0.623917', 'ticker_sentiment_score': '0.103733', 'ticker_sentiment_label': 'Neutral'}]"
Top 15 Affirm Competitors and Alternatives,https://bstrategyhub.com/affirm-competitors-and-alternatives/,20220705T103518,['Brianna Parker'],"This article identifies and details the top 15 competitors and alternatives to Affirm, a leading buy now, pay later (BNPL) service provider. It highlights various companies like Sezzle, PayPal, Klarna, Afterpay, and Zip, outlining their services, financial performance, and unique features. The piece also discusses alternatives that cater to specific needs, such as travel payments (Uplift) or those for consumers with poor credit (Perpay).",https://bstrategyhub.com/wp-content/uploads/2022/07/image001.jpg,Business Strategy Hub,General,Business Strategy Hub,"[{'topic': 'finance', 'relevance_score': '1.000000'}, {'topic': 'technology', 'relevance_score': '0.838829'}, {'topic': 'mergers_and_acquisitions', 'relevance_score': '0.719429'}]",0.254153,Somewhat-Bullish,"[{'ticker': 'SEZL', 'relevance_score': '0.332296', 'ticker_sentiment_score': '0.024238', 'ticker_sentiment_label': 'Neutral'}, {'ticker': 'PYPL', 'relevance_score': '0.696147', 'ticker_sentiment_score': '0.334988', 'ticker_sentiment_label': 'Somewhat-Bullish'}, {'ticker': 'AMZN', 'relevance_score': '0.646818', 'ticker_sentiment_score': '0.299555', 'ticker_sentiment_label': 'Somewhat-Bullish'}, {'ticker': 'AAPL', 'relevance_score': '0.605230', 'ticker_sentiment_score': '0.292329', 'ticker_sentiment_label': 'Somewhat-Bullish'}]"
'A certification that you've made it': How United Natural Foods Inc became the DTC CPG gatekeeper,https://www.modernretail.co/retailers/a-certification-that-youve-made-it-how-united-natural-foods-inc-became-the-dtc-cpg-gatekeeper/,20220705T190551,['Gabriela Barkho'],"United Natural Foods, Inc. (UNFI) has established itself as the leading wholesale distributor for health and specialty foods in North America, becoming a crucial gateway for DTC brands aiming for national retail presence. Despite challenges like antiquated processes and margin compromises, working with UNFI is often a necessary ""certification"" for CPG startups seeking to expand beyond e-commerce into major grocery chains like Whole Foods. The article highlights UNFI's significant influence and role in bridging digitally-native brands with traditional physical retail, as demonstrated by brand experiences and financial figures, including $27.27 billion in revenue in 2021.",,Modern Retail,General,Modern Retail,"[{'topic': 'retail_wholesale', 'relevance_score': '0.913548'}]",0.314759,Somewhat-Bullish,"[{'ticker': 'UNFI', 'relevance_score': '1.000000', 'ticker_sentiment_score': '0.542998', 'ticker_sentiment_label': 'Bullish'}, {'ticker': 'AMZN', 'relevance_score': '0.723060', 'ticker_sentiment_score': '0.331807', 'ticker_sentiment_label': 'Somewhat-Bullish'}, {'ticker': 'KR', 'relevance_score': '0.640103', 'ticker_sentiment_score': '0.255555', 'ticker_sentiment_label': 'Somewhat-Bullish'}, {'ticker': 'GIS', 'relevance_score': '0.573808', 'ticker_sentiment_score': '0.137511', 'ticker_sentiment_label': 'Neutral'}]"
Springfield trucking company settles lawsuit with Amazon over use of word 'Prime',https://www.news-leader.com/story/news/2022/07/06/springfield-mo-prime-inc-settles-lawsuit-amazon-over-prime-use/7810406001/,20220706T060100,['Ralph Green'],"Springfield-based trucking company Prime Inc. has settled a lawsuit with Amazon regarding Amazon's use of the word ""Prime"" on its shipping vehicles. Prime Inc. had sued Amazon in 2019, claiming the retailer's use of ""Prime"" caused confusion and potential ""irreparable injury"" to its business, which has used the name on its semi-trailers since at least 1980. The terms of the confidential settlement were not disclosed, and representatives from both companies declined to comment on whether Amazon would cease using ""Prime"" on its vehicles.",https://www.news-leader.com/gcdn/-mm-/7ba6eca22956ff3fedf2f7c65a1e797eb5110514/c=0-56-1778-1056/local/-/media/Springfield/2014/08/15/prime2.jpg?width=660&height=372&fit=crop&format=pjpg&auto=webp,Springfield News-Leader,General,Springfield News-Leader,"[{'topic': 'retail_wholesale', 'relevance_score': '0.820939'}, {'topic': 'finance', 'relevance_score': '0.716186'}, {'topic': 'energy_transportation', 'relevance_score': '0.742730'}]",0.14083,Neutral,"[{'ticker': 'AMZN', 'relevance_score': '1.000000', 'ticker_sentiment_score': '0.111742', 'ticker_sentiment_label': 'Neutral'}]"
"Amazon Celebrates Prime Members With New, Exclusive Offers and Experiences",https://www.businesswire.com/news/home/20220706005280/en/Amazon-Celebrates-Prime-Members-With-New-Exclusive-Offers-and-Experiences,20220706T095230,[],"Amazon announced new exclusive offers and experiences for Prime members, ahead of Prime Day on July 12-13. These include a free one-year Grubhub+ membership, an exclusive 60-second sneak peek of ""The Lord of the Rings: The Rings of Power"" for 48 hours, and special deals on electronics and fan gear for the upcoming Thursday Night Football on Prime Video. The company emphasizes the enhanced value and expanded benefits now available to its Prime members.",https://mms.businesswire.com/media/20220706005280/en/1505516/4/Prime_0.jpg,Business Wire,General,Business Wire,"[{'topic': 'retail_wholesale', 'relevance_score': '0.902397'}, {'topic': 'technology', 'relevance_score': '0.812297'}]",0.37235,Bullish,"[{'ticker': 'AMZN', 'relevance_score': '1.000000', 'ticker_sentiment_score': '0.876852', 'ticker_sentiment_label': 'Bullish'}, {'ticker': 'GOOGL', 'relevance_score': '0.606422', 'ticker_sentiment_score': '0.114954', 'ticker_sentiment_label': 'Neutral'}, {'ticker': 'NFLX', 'relevance_score': '0.553233', 'ticker_sentiment_score': '0.127538', 'ticker_sentiment_label': 'Neutral'}]"
Qualys Launches VMDR 2.0 with TruRisk™ Scores and Automated Remediation Workflows,https://www.gurufocus.com/news/1805868/qualys-launches-vmdr-20-with-trurisk-scores-and-automated-remediation-workflows?mobile=true,20220706T103217,[],"Qualys (NASDAQ: QLYS) has launched VMDR 2.0 with TruRisk™ scores and automated remediation workflows, aiming to provide organizations with clearer insights into their risk posture. This new cloud-based solution helps security and IT teams prioritize and respond to critical threats more efficiently by integrating risk-based vulnerability management, correlating vulnerabilities with business criticality, and automating remediation processes through drag-and-drop workflows. Beta customers reportedly reduced critical vulnerabilities by 28% and risk by an average of 23%.",https://mma.prnewswire.com/media/1832863/VMDR_2_0_screenshot_Qualys.jpg,GuruFocus,General,GuruFocus,"[{'topic': 'technology', 'relevance_score': '0.900415'}]",0.269741,Somewhat-Bullish,"[{'ticker': 'QLYS', 'relevance_score': '1.000000', 'ticker_sentiment_score': '0.462427', 'ticker_sentiment_label': 'Bullish'}, {'ticker': 'MSFT', 'relevance_score': '0.630552', 'ticker_sentiment_score': '0.208603', 'ticker_sentiment_label': 'Somewhat-Bullish'}, {'ticker': 'NOW', 'relevance_score': '0.607098', 'ticker_sentiment_score': '0.313597', 'ticker_sentiment_label': 'Somewhat-Bullish'}, {'ticker': 'GOOGL', 'relevance_score': '0.582044', 'ticker_sentiment_score': '0.118114', 'ticker_sentiment_label': 'Neutral'}, {'ticker': 'AMZN', 'relevance_score': '0.584027', 'ticker_sentiment_score': '0.108078', 'ticker_sentiment_label': 'Neutral'}]"
Shopee opens five new distribution centers in Brazil - report,https://www.reuters.com/technology/shopee-opens-five-new-distribution-centers-brazil-report-2022-07-05/,20220706T103504,['Reuters'],"Shopee, the Singaporean shopping app owned by Sea Ltd (SE.N), has opened five new distribution centers in Brazil to enhance shipping and reduce delivery times. The new centers are located in Sao Joao do Meriti, Campinas, Ribeirao Preto, Contagem, and Santana do Parnaiba, supporting the high volume of low-unit-price goods sold on the platform. This expansion comes after a period of strong growth for Shopee in Brazil, despite Sea's broader challenges with rising costs and market exits in other regions.",https://www.reuters.com/resizer/v2/X7GQY2LPCVLQ3DIX2B25Q43QPQ.jpg?auth=680d10d9e41a268dd00ecc5c18312ba1056f11318c149ce25e5839868016d44d&width=1920&quality=80,Reuters,General,Reuters,"[{'topic': 'retail_wholesale', 'relevance_score': '0.823521'}, {'topic': 'earnings', 'relevance_score': '0.710959'}]",0.239476,Somewhat-Bullish,"[{'ticker': 'SE', 'relevance_score': '1.000000', 'ticker_sentiment_score': '0.326553', 'ticker_sentiment_label': 'Somewhat-Bullish'}, {'ticker': 'AMZN', 'relevance_score': '0.632501', 'ticker_sentiment_score': '0.143668', 'ticker_sentiment_label': 'Neutral'}]"
Deezer stock listing: Why did the Spotify rival crash on its first day of trading?,https://www.fastcompany.com/90767029/deezer-stock-listing-why-did-the-spotify-rival-crash-on-its-first-day-of-trading,20220706T103953,['Michael Grothaus'],"Deezer's stock crashed on its first day of trading in the French markets, despite initial high hopes for its public offering through a SPAC. The company's valuation significantly dropped from an anticipated €1.1 billion to €677 million. This poor performance is attributed to the intense competition from larger tech giants like Apple and Amazon, which have diverse revenue streams, and a general cooling of investor interest in tech stocks amidst rising inflation and recession fears in 2022.","https://images.fastcompany.com/image/upload/f_webp,c_fit,w_1920,q_auto/wp-cms/uploads/2022/07/p-1-deezer.jpg",Fast Company,General,Fast Company,"[{'topic': 'ipo', 'relevance_score': '0.924075'}, {'topic': 'financial_markets', 'relevance_score': '0.814857'}, {'topic': 'technology', 'relevance_score': '0.736515'}, {'topic': 'economy_macro', 'relevance_score': '0.626948'}]",-0.348175,Somewhat-Bearish,"[{'ticker': 'TMAC', 'relevance_score': '0.934118', 'ticker_sentiment_score': '-0.643833', 'ticker_sentiment_label': 'Bearish'}, {'ticker': 'AAPL', 'relevance_score': '0.730507', 'ticker_sentiment_score': '-0.209041', 'ticker_sentiment_label': 'Somewhat-Bearish'}, {'ticker': 'AMZN', 'relevance_score': '0.707217', 'ticker_sentiment_score': '-0.244111', 'ticker_sentiment_label': 'Somewhat-Bearish'}]"
"Amazon and Microsoft deny using Flickr pics for facial recognition, as suits test limits of privacy law",https://www.geekwire.com/2022/amazon-and-microsoft-deny-using-flickr-pics-for-facial-recognition-as-suits-test-limits-of-privacy-law/,20220706T104300,['Todd Bishop'],"Amazon and Microsoft are facing lawsuits alleging they violated the Illinois Biometric Information Privacy Act by using Flickr photos for facial recognition development without consent. Both companies deny using the IBM ""Diversity in Faces"" database for their AI algorithms after initial downloads. The cases highlight broader issues concerning the lack of a national privacy law, the trade-offs between privacy and AI accuracy, and jurisdictional complexities in the cloud era.",https://cdn.geekwire.com/wp-content/uploads/2022/07/DiFFace-768x572-2-630x380.png,GeekWire,General,GeekWire,"[{'topic': 'technology', 'relevance_score': '0.926072'}, {'topic': 'finance', 'relevance_score': '0.610434'}]",-0.211163,Somewhat-Bearish,"[{'ticker': 'MSFT', 'relevance_score': '1.000000', 'ticker_sentiment_score': '-0.224002', 'ticker_sentiment_label': 'Somewhat-Bearish'}, {'ticker': 'AMZN', 'relevance_score': '0.938136', 'ticker_sentiment_score': '-0.203983', 'ticker_sentiment_label': 'Somewhat-Bearish'}, {'ticker': 'IBM', 'relevance_score': '0.739441', 'ticker_sentiment_score': '-0.207840', 'ticker_sentiment_label': 'Somewhat-Bearish'}, {'ticker': 'GOOGL', 'relevance_score': '0.617198', 'ticker_sentiment_score': '-0.132800', 'ticker_sentiment_label': 'Neutral'}]"
"TV Personality, Entrepreneur and QVC Star Kim Gravel Signs Book Deal with Thomas Nelson; Inspirational Memoir to come April 2023",https://www.prnewswire.com/news-releases/tv-personality-entrepreneur-and-qvc-star-kim-gravel-signs-book-deal-with-thomas-nelson-inspirational-memoir-to-come-april-2023-301581555.html,20220706T104400,[],"Kim Gravel, a well-known TV personality, entrepreneur, and QVC star, has signed a book deal with Thomas Nelson for her first inspirational memoir, ""Collecting Confidence: Start Where You Are to Become the Person You Were Meant to Be."" The book is scheduled for release in April 2023 and aims to empower women to embrace their inner beauty and confidence. Gravel, known for her successful brands Belle by Kim Gravel and Belle Beauty on QVC, seeks to share her life experiences to inspire readers to overcome challenges and recognize their innate greatness.",,PR Newswire,General,PR Newswire,"[{'topic': 'retail_wholesale', 'relevance_score': '0.721266'}]",0.180509,Somewhat-Bullish,"[{'ticker': 'QVCC', 'relevance_score': '0.344676', 'ticker_sentiment_score': '0.032293', 'ticker_sentiment_label': 'Neutral'}, {'ticker': 'AMZN', 'relevance_score': '0.747732', 'ticker_sentiment_score': '0.330120', 'ticker_sentiment_label': 'Somewhat-Bullish'}]"
Why Adobe Stock Is Down 35% So Far in 2022,https://www.fool.com/investing/2022/07/06/why-adobe-stock-is-down-35-so-far-in-2022/,20220706T105300,['Demitri Kalogeropoulos'],"Adobe's stock has dropped 35% in the first half of 2022 due to a slowing growth pace, despite strong sales and cash flow. Investors are concerned about a ""growth hangover"" as work patterns normalize post-pandemic, leading to a conservative outlook from management for the latter half of the year. While the company still expects strong sales for 2022, the short-term market focus on decelerating demand is pressuring the stock.",,The Motley Fool,General,The Motley Fool,"[{'topic': 'earnings', 'relevance_score': '0.931717'}, {'topic': 'financial_markets', 'relevance_score': '0.816817'}, {'topic': 'technology', 'relevance_score': '0.713769'}, {'topic': 'economy_macro', 'relevance_score': '0.618618'}]",-0.144098,Neutral,"[{'ticker': 'ADBE', 'relevance_score': '1.000000', 'ticker_sentiment_score': '-0.228226', 'ticker_sentiment_label': 'Somewhat-Bearish'}, {'ticker': 'AMZN', 'relevance_score': '0.618646', 'ticker_sentiment_score': '-0.125316', 'ticker_sentiment_label': 'Neutral'}, {'ticker': 'MSFT', 'relevance_score': '0.628623', 'ticker_sentiment_score': '-0.101692', 'ticker_sentiment_label': 'Neutral'}]"
Kirkland’s launches in-home delivery service,https://chainstoreage.com/kirklands-launches-home-delivery-service,20220706T172621,['Dan Berthiaume'],"Kirkland's Inc. is launching a new in-home delivery service, partnering with Ryder System Inc. to provide last-mile delivery, light assembly, and packaging disposal for large home decor and furniture products. This nationwide program, initially test-launched in over 25 markets in June 2022, is expected to cover the lower 48 U.S. states by the end of July 2022. The move aims to enhance customer experience, expand the customer base, and make Kirkland's offerings more competitive, following a trend among other retailers offering assembly services.",,Chain Store Age,General,Chain Store Age,"[{'topic': 'retail_wholesale', 'relevance_score': '0.818936'}, {'topic': 'technology', 'relevance_score': '0.709077'}]",0.1231,Neutral,"[{'ticker': 'KIRK', 'relevance_score': '0.346915', 'ticker_sentiment_score': '0.024352', 'ticker_sentiment_label': 'Neutral'}, {'ticker': 'AMZN', 'relevance_score': '0.618467', 'ticker_sentiment_score': '0.134669', 'ticker_sentiment_label': 'Neutral'}, {'ticker': 'LOW', 'relevance_score': '0.643682', 'ticker_sentiment_score': '0.129823', 'ticker_sentiment_label': 'Neutral'}, {'ticker': 'WMT', 'relevance_score': '0.644509', 'ticker_sentiment_score': '0.106793', 'ticker_sentiment_label': 'Neutral'}]"
Uber expanding business to Israel,https://www.hcamag.com/us/specialization/leadership/uber-expanding-business-to-israel/412195,20220706T185747,['Jim Wilson'],"Uber is launching its ride-hailing app in Israel, five years after a previous attempt failed, by partnering with a network of licensed taxi drivers. The service will be available in Jerusalem and Tel Aviv, competing with existing local services. This expansion is part of Uber's global strategy to integrate taxis into its app, following similar partnerships in several other countries.",NULL,HRD America,General,HRD America,"[{'topic': 'energy_transportation', 'relevance_score': '0.932823'}, {'topic': 'technology', 'relevance_score': '0.820587'}]",0.304886,Somewhat-Bullish,"[{'ticker': 'UBER', 'relevance_score': '1.000000', 'ticker_sentiment_score': '0.441836', 'ticker_sentiment_label': 'Bullish'}, {'ticker': 'AMZN', 'relevance_score': '0.649087', 'ticker_sentiment_score': '0.243064', 'ticker_sentiment_label': 'Somewhat-Bullish'}]"
FMET Makes It Simple to Take Long View of Metaverse,https://etfdb.com/crypto-content-hub/fmet-makes-it-simple-to-take-long-view-of-metaverse/,20220707T081016,['Tom Lydon'],"The Fidelity Metaverse ETF (FMET) offers investors a way to engage with the growing metaverse theme, which is projected to be worth over $800 million by 2028. Despite a retrenchment in growth stocks, the long-term outlook for the metaverse remains compelling, especially with established companies like Meta Platforms, Alphabet, Apple, and Nvidia investing heavily in its development. FMET provides a diversified basket approach to this theme, including exposure to gaming and numerous mega-cap growth companies, with an affordable annual fee.",https://etfdb.com/media/W1siZiIsIjIwMjUvMDkvMDUvMzc2bGFmN2d0ZF9DcnlwdG9fQ2FsYW1vc19tYXN0aGVhZF9mb3JlZ3JvdW5kXzE2MDB4MTIxXzJ4LnBuZyJdXQ/Crypto_Calamos_masthead_foreground_1600x121%402x.png,ETF Database,General,ETF Database,"[{'topic': 'financial_markets', 'relevance_score': '0.931778'}, {'topic': 'technology', 'relevance_score': '0.841452'}]",0.314801,Somewhat-Bullish,"[{'ticker': 'FMET', 'relevance_score': '1.000000', 'ticker_sentiment_score': '0.446280', 'ticker_sentiment_label': 'Bullish'}, {'ticker': 'META', 'relevance_score': '0.868988', 'ticker_sentiment_score': '0.325270', 'ticker_sentiment_label': 'Somewhat-Bullish'}, {'ticker': 'AMZN', 'relevance_score': '0.741640', 'ticker_sentiment_score': '0.267237', 'ticker_sentiment_label': 'Somewhat-Bullish'}, {'ticker': 'MSFT', 'relevance_score': '0.704475', 'ticker_sentiment_score': '0.294142', 'ticker_sentiment_label': 'Somewhat-Bullish'}, {'ticker': 'GOOG', 'relevance_score': '0.637631', 'ticker_sentiment_score': '0.249549', 'ticker_sentiment_label': 'Somewhat-Bullish'}]"
Amazon Fresh store now open steps from HQ2,https://www.bizjournals.com/washington/news/2022/07/07/amazon-fresh-crystal-city.html,20220707T101817,['Hannah Denham'],"Amazon has opened a new Amazon Fresh grocery store in Crystal City, just steps from its HQ2. This location marks the third Amazon Fresh store to open in the last month. The store was reported on by Hannah Denham of the Washington Business Journal.",https://media.bizj.us/view/img/12297875/b636e8f1-6163-4619-af8d-8ea13042ac5e*900xx4032-2265-0-622.jpg,The Business Journals,General,The Business Journals,"[{'topic': 'retail_wholesale', 'relevance_score': '0.911717'}, {'topic': 'real_estate', 'relevance_score': '0.612492'}]",0.221853,Somewhat-Bullish,"[{'ticker': 'JBGS', 'relevance_score': '0.346961', 'ticker_sentiment_score': '0.049350', 'ticker_sentiment_label': 'Neutral'}, {'ticker': 'AMZN', 'relevance_score': '1.000000', 'ticker_sentiment_score': '0.426136', 'ticker_sentiment_label': 'Bullish'}]"
QQ Music introduces Dolby Atmos support,https://routenote.com/blog/qq-music-introduces-dolby-atmos-support/,20220707T103958,['Tom Newman'],"QQ Music, a leading Chinese music streaming service, has introduced Dolby Atmos support through a strategic partnership between Tencent Music Entertainment and Dolby. This integration brings spatial audio to the platform, making QQ Music the first domestic streaming service in China to offer Dolby Atmos, initially available to SVIP subscribers on compatible Android devices and featuring a growing catalog of international and Chinese artists. The collaboration aims to enhance the music listening experience for users in China.",https://routenote.com/blog/wp-content/uploads/2022/07/435570-TME-announcement-key-visual-English-e59091-original-1657048961.jpg,RouteNote,General,RouteNote,"[{'topic': 'technology', 'relevance_score': '0.807713'}]",0.20485,Somewhat-Bullish,"[{'ticker': 'TME', 'relevance_score': '0.339667', 'ticker_sentiment_score': '0.024087', 'ticker_sentiment_label': 'Neutral'}, {'ticker': 'AAPL', 'relevance_score': '0.631097', 'ticker_sentiment_score': '0.315298', 'ticker_sentiment_label': 'Somewhat-Bullish'}, {'ticker': 'AMZN', 'relevance_score': '0.601633', 'ticker_sentiment_score': '0.340699', 'ticker_sentiment_label': 'Somewhat-Bullish'}]"
Global Industrial Continues Sales Structure Diversification,https://www.mdm.com/company_article/global-industrial-continues-sales-structure-diversification/,20220707T164651,['Mike Hockett'],"Global Industrial is diversifying its sales structure, moving from a historically inside sales-based model to incorporating a direct sales channel and emphasizing vertical alignment. CSO Claudia Hughes discusses the company's hybrid digital-inside-outside sales model, its focus on strategic account managers, new business development, and the impact of remote work on sales team engagement and customer interaction while maintaining differentiation against competitors.",,Modern Distribution Management,General,Modern Distribution Management,"[{'topic': 'retail_wholesale', 'relevance_score': '0.923823'}, {'topic': 'manufacturing', 'relevance_score': '0.703816'}]",0.20798,Somewhat-Bullish,"[{'ticker': 'GIC', 'relevance_score': '1.000000', 'ticker_sentiment_score': '0.465146', 'ticker_sentiment_label': 'Bullish'}, {'ticker': 'GWW', 'relevance_score': '0.615746', 'ticker_sentiment_score': '0.116166', 'ticker_sentiment_label': 'Neutral'}, {'ticker': 'AMZN', 'relevance_score': '0.593023', 'ticker_sentiment_score': '0.079988', 'ticker_sentiment_label': 'Neutral'}]"
Canadian Solar sells two Australian solar farms to US interests,https://www.pv-magazine-australia.com/2022/07/08/canadian-solar-sells-two-australian-solar-farms-to-us-interests/,20220708T100235,['David Carroll'],"Canadian Solar has sold its 150 MW Suntop Solar Farm and 110 MW Gunnedah Solar Farm in New South Wales, Australia, to CalEnergy Resources, a subsidiary of Berkshire Hathaway Energy. The deal also includes a multi-year development services agreement for Canadian Solar to build out CalEnergy's renewable energy pipeline in Australia. These solar farms are backed by long-term offtake agreements with Amazon and are expected to generate over 700,000 MWh annually, avoiding significant CO2 emissions.",https://www.pv-magazine-australia.com/wp-content/uploads/sites/9/2022/07/suntop-solar-farm.jpg,pv magazine Australia,General,pv magazine Australia,"[{'topic': 'mergers_and_acquisitions', 'relevance_score': '0.909470'}, {'topic': 'energy_transportation', 'relevance_score': '0.847253'}, {'topic': 'finance', 'relevance_score': '0.730578'}]",0.277157,Somewhat-Bullish,"[{'ticker': 'CSIQ', 'relevance_score': '1.000000', 'ticker_sentiment_score': '0.304868', 'ticker_sentiment_label': 'Somewhat-Bullish'}, {'ticker': 'AMZN', 'relevance_score': '0.642043', 'ticker_sentiment_score': '0.236685', 'ticker_sentiment_label': 'Somewhat-Bullish'}]"
"The Weekly Closeout: Ulta, The Allure Store partner and UK antitrust watchdog takes on Amazon",https://www.retaildive.com/news/the-weekly-closeout-ulta-the-allure-store-partner-and-uk-antitrust-watchd/626826/,20220708T104138,['Retail Dive Staff'],"This weekly retail wrap-up covers Ulta Beauty's pop-up shop at The Allure Store in NYC, focusing on highlighting newer brands and experiential programming. It also details Deckers' hiring of former Nike chief merchant Anne Spangenberg to lead its fashion and lifestyle brands. Additionally, the article reports on the UK's Competition and Markets Authority launching an antitrust probe into Amazon's marketplace practices, following similar investigations in the EU, and touches on other retail news like E.l.f.'s gaming-inspired makeup and Aldi's anti-theft measures.",https://imgproxy.divecdn.com/SiIG3p2NDeeEMbFVxaa76u_7deiIMi4xF_Le2Ffj4qM/g:ce/rs:fill:1200:675:1/Z3M6Ly9kaXZlc2l0ZS1zdG9yYWdlL2RpdmVpbWFnZS9UaGVfQWxsdXJlX1N0b3JlX1VsdGEuanBn.webp,Retail Dive,General,Retail Dive,"[{'topic': 'retail_wholesale', 'relevance_score': '0.908475'}, {'topic': 'economy_macro', 'relevance_score': '0.817542'}, {'topic': 'mergers_and_acquisitions', 'relevance_score': '0.708138'}]",-0.0725,Neutral,"[{'ticker': 'ULTA', 'relevance_score': '1.000000', 'ticker_sentiment_score': '0.216670', 'ticker_sentiment_label': 'Somewhat-Bullish'}, {'ticker': 'AMZN', 'relevance_score': '0.915113', 'ticker_sentiment_score': '-0.291145', 'ticker_sentiment_label': 'Somewhat-Bearish'}, {'ticker': 'NKE', 'relevance_score': '0.732719', 'ticker_sentiment_score': '0.244777', 'ticker_sentiment_label': 'Somewhat-Bullish'}, {'ticker': 'WBA', 'relevance_score': '0.611945', 'ticker_sentiment_score': '-0.321913', 'ticker_sentiment_label': 'Somewhat-Bearish'}]"
What the Shopify stock split means for investors,https://www.national.ca/en/perspectives/detail/shopify-stock-split/,20220708T183620,"['Craig MacPhail', 'Anna Speyer']","This article discusses the implications of Shopify Inc.'s 10-to-1 stock split on June 29, 2022, following a significant drop in its share price. It explores the strategic benefits of such a split, including making shares more attractive to retail investors, improving liquidity, and potentially boosting the share price. The article also examines the initial impact on Shopify's stock performance and trading activity.",,NATIONAL Public Relations,General,NATIONAL Public Relations,"[{'topic': 'financial_markets', 'relevance_score': '0.926057'}, {'topic': 'technology', 'relevance_score': '0.831980'}, {'topic': 'finance', 'relevance_score': '0.702487'}]",0.001686,Neutral,"[{'ticker': 'SHOP', 'relevance_score': '1.000000', 'ticker_sentiment_score': '0.021048', 'ticker_sentiment_label': 'Neutral'}, {'ticker': 'AAPL', 'relevance_score': '0.747013', 'ticker_sentiment_score': '0.124552', 'ticker_sentiment_label': 'Neutral'}, {'ticker': 'AMZN', 'relevance_score': '0.608628', 'ticker_sentiment_score': '-0.145126', 'ticker_sentiment_label': 'Neutral'}]"
Florida man charged with selling fake Cisco equipment in $1 billion scheme,https://www.reuters.com/world/us/florida-man-charged-with-selling-fake-cisco-equipment-1-bln-scheme-2022-07-08/,20220708T205500,['Jonathan Stempel'],"A Florida man, Onur Aksoy, has been charged with importing and reselling counterfeit Cisco networking equipment worth over $1 billion if authentic. Aksoy allegedly operated a scheme from 2013 to 2022, netting $100 million in revenue by selling fake devices through Amazon.com, eBay, and other platforms after acquiring them from suppliers in China and Hong Kong. Cisco Systems Inc. sent multiple cease-and-desist letters, and both Amazon and eBay blocked numerous storefronts related to the counterfeiting.",https://www.reuters.com/resizer/v2/https%3A%2F%2Fcloudfront-us-east-2.images.arcpublishing.com%2Freuters%2FDUF43FBMYJLC3H4XJQLH6Z6724.JPG?auth=bc078b5ce0a3e9118742880c5ce3291242398b1b22340b1ae5e7141527ef7013&format=webp&width=720,Reuters,General,Reuters,"[{'topic': 'technology', 'relevance_score': '0.849215'}]",0.102549,Neutral,"[{'ticker': 'CSCO', 'relevance_score': '1.000000', 'ticker_sentiment_score': '0.121489', 'ticker_sentiment_label': 'Neutral'}, {'ticker': 'AMZN', 'relevance_score': '0.625891', 'ticker_sentiment_score': '0.104118', 'ticker_sentiment_label': 'Neutral'}, {'ticker': 'EBAY', 'relevance_score': '0.631964', 'ticker_sentiment_score': '0.136859', 'ticker_sentiment_label': 'Neutral'}]"
The next evolution of the Dash Cart: New features and expansion to first Whole Foods Market Store,https://www.aboutamazon.com/news/retail/amazon-dash-cart-new-features-whole-foods,20220711T095230,['Dilip Kumar'],"Amazon has released an upgraded version of its Dash Cart, a smart shopping cart designed to make grocery trips quicker by allowing customers to skip checkout lines. The new Dash Cart offers increased capacity, weather resistance, improved product recognition, and extended battery life, based on customer feedback and technological advancements. This enhanced version will be introduced at a Whole Foods Market store in Westford, Massachusetts, and subsequently rolled out to more Whole Foods Market and Amazon Fresh locations.",https://assets.aboutamazon.com/dims4/default/0937b9e/2147483647/strip/true/crop/1220x686+0+0/resize/1220x686!/quality/90/?url=https%3A%2F%2Famazon-blogs-brightspot.s3.amazonaws.com%2Fc8%2Ffd%2F3a3aed43467eb5b722f2757e7d9d%2Famzon-dash-cart.jpg,Amazon News,General,Amazon News,"[{'topic': 'retail_wholesale', 'relevance_score': '1.000000'}, {'topic': 'technology', 'relevance_score': '0.841055'}]",0.310944,Somewhat-Bullish,"[{'ticker': 'AMZN', 'relevance_score': '1.000000', 'ticker_sentiment_score': '0.497896', 'ticker_sentiment_label': 'Bullish'}, {'ticker': 'WMT', 'relevance_score': '0.632808', 'ticker_sentiment_score': '0.144611', 'ticker_sentiment_label': 'Neutral'}]"
Bath & Body Works changes return policy,https://www.retaildive.com/news/bath-body-works-return-policy-changes/626927/,20220711T095516,['Kaarin Moore'],"Bath & Body Works is updating its return policy, effective September 14, to limit non-receipted returns or exchanges to $250 within a 90-day period at select U.S. stores. The company will use an electronic system for tracking these returns, requiring customers to show a government-issued ID. While maintaining a 100% satisfaction guarantee, the updated policy will no longer accept products showing excessive wear and tear.",https://imgproxy.divecdn.com/TwMQuUi1njdcPAwgx4_ah9V8XdZm6fIqpnuCshhnesk/g:nowe:0:579/c:2400:1356/rs:fill:1200:675:1/Z3M6Ly9kaXZlc2l0ZS1zdG9yYWdlL2RpdmVpbWFnZS9fOTZhNDA2OS5qcGc=.webp,Retail Dive,General,Retail Dive,"[{'topic': 'retail_wholesale', 'relevance_score': '0.907283'}]",0.122711,Neutral,"[{'ticker': 'BBWI', 'relevance_score': '1.000000', 'ticker_sentiment_score': '0.100652', 'ticker_sentiment_label': 'Neutral'}, {'ticker': 'TGT', 'relevance_score': '0.616387', 'ticker_sentiment_score': '0.129960', 'ticker_sentiment_label': 'Neutral'}, {'ticker': 'HD', 'relevance_score': '0.619340', 'ticker_sentiment_score': '0.105173', 'ticker_sentiment_label': 'Neutral'}, {'ticker': 'BBY', 'relevance_score': '0.639489', 'ticker_sentiment_score': '0.149184', 'ticker_sentiment_label': 'Neutral'}, {'ticker': 'AMZN', 'relevance_score': '0.623734', 'ticker_sentiment_score': '0.135447', 'ticker_sentiment_label': 'Neutral'}]"
Behind the scenes: Same-day Amazon shipping facility in Utah preps for Prime Day 2022,https://thenationaldesk.com/news/americas-news-now/behind-the-scenes-same-day-amazon-shipping-facility-in-utah-preps-for-prime-day-2022-july-12-13-deals-discounts-coupons-order-fulfillment-household-goods-essentials-packages,20220711T100100,['KELLY VAUGHEN'],"Amazon's same-day fulfillment center in Salt Lake City, Utah, is gearing up for Prime Day 2022, anticipating a significant spike in demand despite rising inflation. The 150,000-square-foot facility, which delivers within an hour's radius, stores essential household goods and handles 20,000 to 25,000 packages daily, a number expected to surge during the two-day sales event. The center utilizes 2,500 robotic drives to efficiently process orders, ensuring quick delivery by flex drivers using their own vehicles.",https://thenationaldesk.com/resources/media2/16x9/full/1015/center/80/85e587b9-cf67-4544-b969-cdae53f55572-large16x9_630EYEONUTAHKELLY.transfer_frame_851.png,The National News Desk,General,The National News Desk,"[{'topic': 'retail_wholesale', 'relevance_score': '0.839628'}, {'topic': 'technology', 'relevance_score': '0.617196'}]",0.341843,Somewhat-Bullish,"[{'ticker': 'AMZN', 'relevance_score': '1.000000', 'ticker_sentiment_score': '0.334109', 'ticker_sentiment_label': 'Somewhat-Bullish'}]"
HPE exec: GreenLake is to HPE as AWS is to Amazon,https://www.techtarget.com/searchstorage/news/252522585/HPE-exec-GreenLake-is-to-HPE-as-AWS-is-to-Amazon,20220711T101449,['Adam Armstrong'],"Omer Asad, VP and GM at HPE, explains that GreenLake is central to HPE's transformation into a platform company, akin to how AWS functions for Amazon or Azure for Microsoft. GreenLake offers customers a cloud-like consumption experience for infrastructure, moving away from traditional hardware sales to a service-based model. This shift addresses customer desires for simplified infrastructure consumption and outcome-based solutions rather than focusing on raw hardware specifications.",https://www.techtarget.com/rms/onlineimages/ai_a252657224_searchsitetablet_520X173.jpg,TechTarget,General,TechTarget,"[{'topic': 'technology', 'relevance_score': '1.000000'}]",0.310931,Somewhat-Bullish,"[{'ticker': 'HPE', 'relevance_score': '1.000000', 'ticker_sentiment_score': '0.343894', 'ticker_sentiment_label': 'Somewhat-Bullish'}, {'ticker': 'AMZN', 'relevance_score': '0.722918', 'ticker_sentiment_score': '0.319496', 'ticker_sentiment_label': 'Somewhat-Bullish'}, {'ticker': 'MSFT', 'relevance_score': '0.632490', 'ticker_sentiment_score': '0.333881', 'ticker_sentiment_label': 'Somewhat-Bullish'}]"
NetApp Ontap to be sole vSAN storage alternative in the cloud,https://www.computerweekly.com/news/252522561/NetApp-Ontap-to-be-sole-vSAN-storage-alternative-in-the-cloud,20220711T144500,"['Yann Serra', 'Antony Adshead']","NetApp's Ontap-based cloud storage services will become the exclusive vSAN storage alternative officially supported by VMware's vSphere instances in the cloud. This partnership allows enterprise customers to extend VMware data stores in AWS, Azure, and Google clouds using Ontap as an external NFS data store, offering a more cost-effective solution than traditional vSAN. The move aims to provide a familiar and integrated storage experience for VMware customers migrating to the cloud.",https://www.computerweekly.com/visuals/LeMagIT/hero_article/NetApp_hero_1200x400px_searchsitetablet_520X173.jpg,Computer Weekly,General,Computer Weekly,"[{'topic': 'technology', 'relevance_score': '0.940891'}]",0.267543,Somewhat-Bullish,"[{'ticker': 'NTAP', 'relevance_score': '1.000000', 'ticker_sentiment_score': '0.429636', 'ticker_sentiment_label': 'Bullish'}, {'ticker': 'AMZN', 'relevance_score': '0.727322', 'ticker_sentiment_score': '0.242767', 'ticker_sentiment_label': 'Somewhat-Bullish'}, {'ticker': 'MSFT', 'relevance_score': '0.638702', 'ticker_sentiment_score': '0.233580', 'ticker_sentiment_label': 'Somewhat-Bullish'}, {'ticker': 'GOOGL', 'relevance_score': '0.647742', 'ticker_sentiment_score': '0.240944', 'ticker_sentiment_label': 'Somewhat-Bullish'}]"
EXCLUSIVE BC Partners explores $4 bln sale of IT firm Presidio -sources,https://www.reuters.com/markets/deals/exclusive-bc-partners-explores-4-bln-sale-it-firm-presidio-sources-2022-07-11/,20220711T210800,"['Krystal Hu', 'Chibuike Oguh']","Private equity firm BC Partners Ltd is reportedly exploring the sale of Presidio Inc., a U.S. information technology provider, for over $4 billion, including debt. Presidio, which generated $3.1 billion in revenue in 2021, specializes in secured cloud-based technology for a wide range of organizations and has benefited from increased demand for IT services during the COVID-19 pandemic. This potential sale follows a history of private equity ownership, with BC Partners having taken the company private in 2019 for $2.1 billion.",https://www.reuters.com/resizer/v2/ATJGZZSDN5PGHIOI6WOF4ODHIM.jpg?auth=7bf8e206a747f55e15302fc4721286345cde8367c0b5d61c9ceeeeaac557f259&width=1080&quality=80,Reuters,General,Reuters,"[{'topic': 'mergers_and_acquisitions', 'relevance_score': '1.000000'}, {'topic': 'technology', 'relevance_score': '0.844654'}]",0.109602,Neutral,"[{'ticker': 'CSCO', 'relevance_score': '0.812260', 'ticker_sentiment_score': '0.115666', 'ticker_sentiment_label': 'Neutral'}, {'ticker': 'AMZN', 'relevance_score': '0.701915', 'ticker_sentiment_score': '0.130570', 'ticker_sentiment_label': 'Neutral'}, {'ticker': 'DELL', 'relevance_score': '0.740882', 'ticker_sentiment_score': '0.145154', 'ticker_sentiment_label': 'Neutral'}, {'ticker': 'INTC', 'relevance_score': '0.620120', 'ticker_sentiment_score': '0.130882', 'ticker_sentiment_label': 'Neutral'}, {'ticker': 'APO', 'relevance_score': '0.603780', 'ticker_sentiment_score': '0.114303', 'ticker_sentiment_label': 'Neutral'}]"
Check Point Software Technologies announces the integration of CloudGuard Network Security with AWS Cloud WAN Service,https://blog.checkpoint.com/2022/07/12/check-point-announces-the-integration-of-cloudguard-network-security-with-aws-cloud-wan-service/,20220712T100008,"['Check Point Research Team', 'Jeff Engel']","Check Point Software Technologies has announced the integration of its CloudGuard Network Security with the new AWS Cloud WAN service. This integration aims to simplify the deployment of complex and resilient cloud architectures for organizations transitioning to the cloud, providing industry-leading security for network traffic and consistent security policies across AWS and hybrid-cloud deployments. CloudGuard Network Security, a cloud-native security gateway, enhances AWS Cloud WAN by offering advanced threat prevention, visibility, and posture management alongside existing AWS services.",https://blog.checkpoint.com/wp-content/uploads/2023/12/featured-image-default-c-800x400.jpg,Check Point Blog,General,Check Point Blog,"[{'topic': 'technology', 'relevance_score': '0.947995'}]",0.381619,Bullish,"[{'ticker': 'CHKP', 'relevance_score': '1.000000', 'ticker_sentiment_score': '0.400633', 'ticker_sentiment_label': 'Bullish'}, {'ticker': 'AMZN', 'relevance_score': '0.711096', 'ticker_sentiment_score': '0.327707', 'ticker_sentiment_label': 'Somewhat-Bullish'}]"
Cisco SD-WAN with AWS Cloud WAN for an on-demand global cloud network,https://blogs.cisco.com/networking/cisco-sd-wan-with-aws-cloud-wan-for-an-on-demand-global-cloud-network,20220712T100236,"['Nitisha Bhatia', 'Steve Wood']","Cisco and AWS are collaborating to integrate Cisco SD-WAN with AWS Cloud WAN, aiming to simplify and accelerate cloud journeys for their joint customers. This integration allows organizations to connect multi-region and cloud-to-on-premises workloads with enhanced automation, unified management, and secure cloud networking. The solution will reduce deployment times, lower TCO, and provide a single portal experience for secure connectivity across AWS cloud regions.",,Cisco Blogs,General,Cisco Blogs,"[{'topic': 'technology', 'relevance_score': '1.000000'}]",0.377736,Bullish,"[{'ticker': 'CSCO', 'relevance_score': '1.000000', 'ticker_sentiment_score': '0.418213', 'ticker_sentiment_label': 'Bullish'}, {'ticker': 'AMZN', 'relevance_score': '0.811108', 'ticker_sentiment_score': '0.310661', 'ticker_sentiment_label': 'Somewhat-Bullish'}]"
AWS Selected as Delta’s Preferred Cloud Provider,https://www.businesswire.com/news/home/20220711005660/en/AWS-Selected-as-Deltas-Preferred-Cloud-Provider,20220712T100322,[],"Amazon Web Services (AWS) has been selected as Delta Air Lines' preferred cloud provider in a multi-year agreement. This partnership aims to accelerate Delta's digital business transformation by using AWS's cloud technologies to enhance customer experience, streamline processes, and provide cloud training to its employees globally. The collaboration will also modernize Delta's core technology platforms, including its customer engagement center operations using Amazon Connect, and extends to Amazon being Delta's most preferred carrier for business travel.",https://mms.businesswire.com/media/20220711005660/en/841482/4/AWS_logo_RGB.jpg,Business Wire,General,Business Wire,"[{'topic': 'technology', 'relevance_score': '1.000000'}, {'topic': 'retail_wholesale', 'relevance_score': '0.745155'}]",0.440923,Bullish,"[{'ticker': 'DAL', 'relevance_score': '1.000000', 'ticker_sentiment_score': '0.423309', 'ticker_sentiment_label': 'Bullish'}, {'ticker': 'AMZN', 'relevance_score': '0.947528', 'ticker_sentiment_score': '0.409577', 'ticker_sentiment_label': 'Bullish'}]"
Western Digital Releases First Officially Licensed M.2 SSD for the Sony PlayStation 5,https://www.techpowerup.com/296768/western-digital-releases-first-officially-licensed-m-2-ssd-for-the-sony-playstation-5,20220712T141000,['TheLostSwede'],"Western Digital and Sony Interactive Entertainment have partnered to release the industry's first official PlayStation-licensed M.2 SSD for the PlayStation 5. The WD_BLACK SN850 NVMe SSD for PS5 Consoles allows gamers to expand their console's storage with a drive optimized and tested for intensive PS5 gameplay, offering speeds up to 7000 MB/s. It is available for $169.99 (1 TB) and $279.99 (2 TB) at Best Buy and Western Digital's online store, with wider availability coming in mid-August 2022.",https://tpucdn.com/images/news/wdc-v1770203900.png,TechPowerUp,General,TechPowerUp,"[{'topic': 'technology', 'relevance_score': '1.000000'}]",0.157425,Somewhat-Bullish,"[{'ticker': 'WDCVV', 'relevance_score': '0.323600', 'ticker_sentiment_score': '0.045649', 'ticker_sentiment_label': 'Neutral'}, {'ticker': 'WDC', 'relevance_score': '1.000000', 'ticker_sentiment_score': '0.302671', 'ticker_sentiment_label': 'Somewhat-Bullish'}, {'ticker': 'BBY', 'relevance_score': '0.647005', 'ticker_sentiment_score': '0.134174', 'ticker_sentiment_label': 'Neutral'}, {'ticker': 'AMZN', 'relevance_score': '0.559206', 'ticker_sentiment_score': '0.053266', 'ticker_sentiment_label': 'Neutral'}]"
What Does Google’s Stock Split Mean for Investors?,https://www.morningstar.com/stocks/what-does-googles-stock-split-mean-investors,20220712T165547,['Jakir Hossain'],"Google's parent company, Alphabet, is undergoing a 20-for-1 stock split, which will adjust Morningstar's fair value estimate per share to $180, though its competitive advantage and 4-star ""undervalued"" rating remain unchanged. Analyst Ali Mogharabi identifies YouTube monetization, Maps monetization, and the cloud business as key growth drivers, with strong confidence in Google's continued dominance in the online search market. The article also notes other companies like Amazon, Shopify, and Tesla undertaking similar stock splits.",,Morningstar,General,Morningstar,"[{'topic': 'financial_markets', 'relevance_score': '0.908307'}, {'topic': 'technology', 'relevance_score': '0.812822'}]",0.205116,Somewhat-Bullish,"[{'ticker': 'GOOGL', 'relevance_score': '1.000000', 'ticker_sentiment_score': '0.259026', 'ticker_sentiment_label': 'Somewhat-Bullish'}, {'ticker': 'GOOG', 'relevance_score': '0.906191', 'ticker_sentiment_score': '0.283422', 'ticker_sentiment_label': 'Somewhat-Bullish'}, {'ticker': 'AMZN', 'relevance_score': '0.643363', 'ticker_sentiment_score': '0.101085', 'ticker_sentiment_label': 'Neutral'}, {'ticker': 'TSLA', 'relevance_score': '0.594947', 'ticker_sentiment_score': '0.140049', 'ticker_sentiment_label': 'Neutral'}]"
Goldman hires Google exec to co-head applied innovation unit - memo,https://www.reuters.com/business/finance/goldman-hires-google-exec-co-head-applied-innovation-unit-memo-2022-07-12/,20220712T201100,['Reuters'],"Goldman Sachs has appointed Jared Cohen, founder of Google's Jigsaw technology incubator, to co-head its new applied innovation unit. This move signifies Goldman's increased investment in technology and its push to leverage internal talent and external relationships for business growth and new ventures. Cohen will share leadership with George Lee, who will transition to the unit after October 1st, at which point Marco Argenti will become the sole chief information officer.",https://www.reuters.com/resizer/v2/SKMWLPQXPRI3DJBQ32RQZGAW74.jpg?auth=68744dc489b0f95609a88e711fc431fac2f0204bb7d0c118d56cca1a9f46a819&width=1080&quality=80,Reuters,General,Reuters,"[{'topic': 'finance', 'relevance_score': '0.948260'}, {'topic': 'technology', 'relevance_score': '0.804076'}]",0.245052,Somewhat-Bullish,"[{'ticker': 'GS', 'relevance_score': '1.000000', 'ticker_sentiment_score': '0.400063', 'ticker_sentiment_label': 'Bullish'}, {'ticker': 'GOOG', 'relevance_score': '0.739196', 'ticker_sentiment_score': '0.213438', 'ticker_sentiment_label': 'Somewhat-Bullish'}, {'ticker': 'GOOGL', 'relevance_score': '0.742690', 'ticker_sentiment_score': '0.185478', 'ticker_sentiment_label': 'Somewhat-Bullish'}, {'ticker': 'AMZN', 'relevance_score': '0.617663', 'ticker_sentiment_score': '0.195095', 'ticker_sentiment_label': 'Somewhat-Bullish'}, {'ticker': 'IBM', 'relevance_score': '0.563116', 'ticker_sentiment_score': '0.219302', 'ticker_sentiment_label': 'Somewhat-Bullish'}]"
"Amazon, Moov to have offices ready at new Tempe high-rise early next year",https://www.bizjournals.com/phoenix/news/2022/07/13/100-mill-hines-amazon-moov-offices-2023.html,20220713T100304,['Ron Davis'],"Amazon and Moov are set to occupy offices at the new 100 Mill high-rise in Tempe starting early next year. Developed by Hines and Cousins Properties, the building is already 92% leased, with Amazon taking five floors. This development highlights ongoing growth in the Tempe office market.",https://media.bizj.us/view/img/12301270/100-mill-2-crop*900xx3000-1688-0-356.jpg,The Business Journals,General,The Business Journals,"[{'topic': 'real_estate', 'relevance_score': '0.923042'}, {'topic': 'technology', 'relevance_score': '0.825605'}, {'topic': 'retail_wholesale', 'relevance_score': '0.611725'}]",0.301884,Somewhat-Bullish,"[{'ticker': 'CUZ', 'relevance_score': '0.843445', 'ticker_sentiment_score': '0.349008', 'ticker_sentiment_label': 'Somewhat-Bullish'}, {'ticker': 'AMZN', 'relevance_score': '0.708884', 'ticker_sentiment_score': '0.279292', 'ticker_sentiment_label': 'Somewhat-Bullish'}]"
Dollar Store Workers Organizing for Justice,https://prospect.org/2022/07/13/dollar-store-workers-organizing-for-justice/,20220713T100448,['Bryce Covert'],"Dollar store workers are organizing nationwide to combat poor working conditions, low pay, and safety concerns prevalent in the sector. Despite aggressive anti-union tactics from companies like Dollar General, employees are increasingly seeking union representation, forming groups like Dollar Store Workers United Association. They aim to improve wages, staffing levels, and store safety, drawing inspiration from other successful retail unionization campaigns.",https://i0.wp.com/prospect.org/wp-content/uploads/2022/07/Covert-Dollar-stores-071322.jpg?resize=780%2C520,The American Prospect,General,The American Prospect,"[{'topic': 'retail_wholesale', 'relevance_score': '1.000000'}, {'topic': 'economy_macro', 'relevance_score': '0.834129'}, {'topic': 'finance', 'relevance_score': '0.607095'}]",-0.28401,Somewhat-Bearish,"[{'ticker': 'DLTR', 'relevance_score': '1.000000', 'ticker_sentiment_score': '-0.421508', 'ticker_sentiment_label': 'Bearish'}, {'ticker': 'DG', 'relevance_score': '0.921034', 'ticker_sentiment_score': '-0.430988', 'ticker_sentiment_label': 'Bearish'}, {'ticker': 'AMZN', 'relevance_score': '0.606899', 'ticker_sentiment_score': '-0.115668', 'ticker_sentiment_label': 'Neutral'}, {'ticker': 'SBUX', 'relevance_score': '0.607247', 'ticker_sentiment_score': '-0.116735', 'ticker_sentiment_label': 'Neutral'}]"
Stock-Split Watch: Is Adobe Next?,https://www.fool.com/investing/2022/07/13/stock-split-watch-is-x-next-july-20/,20220713T103000,['Collin Brantmeyer'],"Adobe could be the next high-profile company to announce a stock split, following a trend set by others like Alphabet and Amazon in 2022. While stock splits don't alter a company's fundamental valuation, they can make shares more accessible to retail investors and help companies attract/retain talent. Adobe has a history of 2-for-1 splits, with its last one occurring 17 years ago, and its strong financial performance in Q2 2022 suggests a healthy business that could support such a move.",https://g.foolcdn.com/misc-assets/logo-tmf-primary-1-magenta-purple-reversed.svg?_w=320,The Motley Fool,General,The Motley Fool,"[{'topic': 'financial_markets', 'relevance_score': '0.940595'}, {'topic': 'technology', 'relevance_score': '0.839194'}, {'topic': 'earnings', 'relevance_score': '0.732764'}]",0.172476,Somewhat-Bullish,"[{'ticker': 'ADBE', 'relevance_score': '0.956410', 'ticker_sentiment_score': '0.284621', 'ticker_sentiment_label': 'Somewhat-Bullish'}, {'ticker': 'GOOGL', 'relevance_score': '0.718196', 'ticker_sentiment_score': '0.133342', 'ticker_sentiment_label': 'Neutral'}, {'ticker': 'AMZN', 'relevance_score': '0.656300', 'ticker_sentiment_score': '0.147790', 'ticker_sentiment_label': 'Neutral'}, {'ticker': 'TSLA', 'relevance_score': '0.599615', 'ticker_sentiment_score': '0.148454', 'ticker_sentiment_label': 'Neutral'}]"
ETF 360: Q&A With Simeon Hyman,https://etfdb.com/news/2022/07/13/etf-360-q-a-with-simeon-hyman/,20220713T114152,['Karrie Gordon'],"This ""ETF 360"" episode features Todd Rosenbluth and Simeon Hyman discussing the ProShares Online Retail ETF (ONLN), highlighting the continued growth of e-commerce despite some pandemic-driven fluctuations. Hyman explains that online retail, including major global players like Amazon and Alibaba, has significant growth potential and that the ONLN ETF—with its global, market-cap-weighted portfolio—offers investors access to this sector at a substantial discount compared to the broader consumer discretionary sector. The ETF can serve as a thematic satellite or a consumer discretionary representative in portfolios.",,ETF Database,General,ETF Database,"[{'topic': 'retail_wholesale', 'relevance_score': '0.943443'}, {'topic': 'financial_markets', 'relevance_score': '0.812783'}]",0.179654,Somewhat-Bullish,"[{'ticker': 'ONLN', 'relevance_score': '1.000000', 'ticker_sentiment_score': '0.273999', 'ticker_sentiment_label': 'Somewhat-Bullish'}, {'ticker': 'AMZN', 'relevance_score': '0.743866', 'ticker_sentiment_score': '0.107508', 'ticker_sentiment_label': 'Neutral'}]"
How to Buy Google Stock After the Split: GOOG vs. GOOGL,https://marketrealist.com/stocks-and-markets/how-to-buy-google-stock-split/,20220714T044600,"['Mohit Oberoi', 'CFA']","Alphabet (Google's parent company) completed a 20-for-one stock split on July 15, 2022, making its shares more accessible to retail investors by lowering the per-share price. The article explains that Alphabet trades under two ticker symbols, GOOG (Class C, non-voting) and GOOGL (Class A, voting rights), both of which were affected by the split. Existing shareholders did not need to take any action as their accounts were automatically updated to reflect the new share quantity and price.",https://media.marketrealist.com/brand-img/1Ly5YE0bN/0x0/how-to-invest-in-google-stock-split-1657774554717.jpg,Market Realist,General,Market Realist,"[{'topic': 'financial_markets', 'relevance_score': '0.944118'}, {'topic': 'technology', 'relevance_score': '0.834645'}]",0.199127,Somewhat-Bullish,"[{'ticker': 'GOOG', 'relevance_score': '1.000000', 'ticker_sentiment_score': '0.263447', 'ticker_sentiment_label': 'Somewhat-Bullish'}, {'ticker': 'GOOGL', 'relevance_score': '0.961487', 'ticker_sentiment_score': '0.279359', 'ticker_sentiment_label': 'Somewhat-Bullish'}, {'ticker': 'AMZN', 'relevance_score': '0.712988', 'ticker_sentiment_score': '0.148942', 'ticker_sentiment_label': 'Neutral'}, {'ticker': 'TSLA', 'relevance_score': '0.612807', 'ticker_sentiment_score': '0.145411', 'ticker_sentiment_label': 'Neutral'}, {'ticker': 'META', 'relevance_score': '0.595053', 'ticker_sentiment_score': '0.115687', 'ticker_sentiment_label': 'Neutral'}]"
Prime Day 2022 was the biggest Prime Day event ever,https://www.aboutamazon.com/news/retail/prime-day-2022-was-the-biggest-prime-day-event-ever,20220714T101446,['Amazon Staff'],"Prime Day 2022 proved to be the largest Prime Day event in Amazon's history, with members purchasing over 300 million items worldwide and saving more than $1.7 billion. This year also marked the biggest Prime Day for Amazon's small and medium-sized selling partners, whose sales growth outpaced Amazon's retail business. Customers spent over $3 billion on small business items, highlighting a significant focus on supporting these businesses during the event.",https://assets.aboutamazon.com/6f/ec/94ff92d347a5a32c007f25cc28a1/amazon-prime-day.jpg,About Amazon,General,About Amazon,"[{'topic': 'retail_wholesale', 'relevance_score': '0.927452'}, {'topic': 'technology', 'relevance_score': '0.834207'}]",0.468836,Bullish,"[{'ticker': 'HNST', 'relevance_score': '0.733041', 'ticker_sentiment_score': '0.320218', 'ticker_sentiment_label': 'Somewhat-Bullish'}, {'ticker': 'AMZN', 'relevance_score': '1.000000', 'ticker_sentiment_score': '0.876645', 'ticker_sentiment_label': 'Bullish'}, {'ticker': 'AAPL', 'relevance_score': '0.706699', 'ticker_sentiment_score': '0.411406', 'ticker_sentiment_label': 'Bullish'}, {'ticker': 'MSFT', 'relevance_score': '0.635099', 'ticker_sentiment_score': '0.347826', 'ticker_sentiment_label': 'Somewhat-Bullish'}]"
‘Netflix Thinks Exactly Like an Old Movie Studio’,https://www.theatlantic.com/culture/archive/2022/07/netflix-subscribers-stock-prices-big-studio-movies/670517/,20220714T102606,['David Sims'],"In response to declining subscriber numbers and a volatile stock price, Netflix is shifting its strategy from filling niche content gaps to focusing on expensive, large-scale, and risky blockbusters with A-list stars. This pivot aims to compete directly with traditional Hollywood studios by creating new, wide-reaching franchises, despite lacking the same intellectual property. The company hopes these ""event"" films will re-engage audiences and solidify Netflix's position in the streaming landscape.",https://cdn.theatlantic.com/thumbor/Xoac9WcvMjqJpI-m2iULqbQTpkA=/0x0:2400x1350/960x540/media/img/mt/2022/07/netflix_saves_itself/original.jpg,The Atlantic,General,The Atlantic,"[{'topic': 'earnings', 'relevance_score': '0.637056'}, {'topic': 'technology', 'relevance_score': '0.828073'}]",0.068189,Neutral,"[{'ticker': 'NFLX', 'relevance_score': '0.992538', 'ticker_sentiment_score': '-0.125655', 'ticker_sentiment_label': 'Neutral'}, {'ticker': 'DIS', 'relevance_score': '0.741259', 'ticker_sentiment_score': '0.113287', 'ticker_sentiment_label': 'Neutral'}, {'ticker': 'AMZN', 'relevance_score': '0.583377', 'ticker_sentiment_score': '0.088584', 'ticker_sentiment_label': 'Neutral'}, {'ticker': 'WBD', 'relevance_score': '0.583284', 'ticker_sentiment_score': '0.069474', 'ticker_sentiment_label': 'Neutral'}]"
Online sales nationwide spike during Amazon Prime Day event,https://www.bizjournals.com/seattle/news/2022/07/15/amazon-prime-day-online-sales-increase.html,20220715T095230,['Alex Halverson'],"Online spending in the U.S. during the 48-hour Amazon Prime Day event reached almost $12 billion, as other retailers also leveraged the period. Amazon sold over 300 million items during its Prime Day, with these sales to be reported in its fiscal third-quarter earnings. The article also touches on Amazon's expanding e-commerce lead and related sales trends.",https://media.bizj.us/view/img/12055239/amazon-prime-truck-seattle*900xx3994-2253-13-0.jpg,The Business Journals,General,The Business Journals,"[{'topic': 'earnings', 'relevance_score': '0.806752'}, {'topic': 'retail_wholesale', 'relevance_score': '1.000000'}, {'topic': 'technology', 'relevance_score': '0.706647'}]",0.349961,Somewhat-Bullish,"[{'ticker': 'AMZN', 'relevance_score': '1.000000', 'ticker_sentiment_score': '0.429424', 'ticker_sentiment_label': 'Bullish'}, {'ticker': 'WMT', 'relevance_score': '0.609665', 'ticker_sentiment_score': '0.208085', 'ticker_sentiment_label': 'Somewhat-Bullish'}]"
BMW: New Subscription Fees for Heated Seats Won’t Impact U.S.,https://www.cars.com/articles/bmw-new-subscription-fees-for-heated-seats-wont-impact-u-s-451771/,20220715T095904,['Jane Ulitskaya'],"BMW has announced that new subscription fees for heated seats will not apply to its vehicles sold in the U.S. In the U.S., subscription services are limited to BMW Drive Recorder and remote start, offered through BMW's ConnectedDrive. This decision follows previous customer backlash against a subscription model for Apple CarPlay and highlights a broader reluctance among U.S. car shoppers to pay for subscription-based features.",https://images.cars.com/cldstatic/wp-content/uploads/bmw-ix-2022-08-cockpit-shot-interior-leather-wide.jpg,Cars.com,General,Cars.com,"[{'topic': 'retail_wholesale', 'relevance_score': '0.742824'}, {'topic': 'energy_transportation', 'relevance_score': '0.947288'}]",0.015606,Neutral,"[{'ticker': 'CARS', 'relevance_score': '1.000000', 'ticker_sentiment_score': '0.007587', 'ticker_sentiment_label': 'Neutral'}, {'ticker': 'NFLX', 'relevance_score': '0.637299', 'ticker_sentiment_score': '0.007834', 'ticker_sentiment_label': 'Neutral'}, {'ticker': 'AMZN', 'relevance_score': '0.628707', 'ticker_sentiment_score': '0.018602', 'ticker_sentiment_label': 'Neutral'}, {'ticker': 'F', 'relevance_score': '0.725862', 'ticker_sentiment_score': '0.018854', 'ticker_sentiment_label': 'Neutral'}, {'ticker': 'GM', 'relevance_score': '0.734593', 'ticker_sentiment_score': '0.026306', 'ticker_sentiment_label': 'Neutral'}]"
Medtronic expands Health Equity Assistance Program for colon cancer screening with support from Amazon Web Services; Completes first installation of donated GI Genius™ intelligent endoscopy modules,https://news.medtronic.com/2022-07-15-Medtronic-expands-Health-Equity-Assistance-Program-for-colon-cancer-screening-with-support-from-Amazon-Web-Services-Completes-first-installation-of-donated-GI-Genius-TM-intelligent-endoscopy-modules,20220715T173638,[],"Medtronic announced the expansion of its Health Equity Assistance Program for colon cancer screening, supported by Amazon Web Services, increasing the number of donated GI Genius™ intelligent endoscopy modules from 50 to 133 across 62 facilities. Grady Memorial Hospital in Atlanta received the first installation of these modules, which use AI to detect colorectal polyps, addressing disparities in communities with low screening rates. This initiative aims to improve early detection and outcomes for colon cancer, particularly among vulnerable populations that disproportionately experience higher rates of the disease.",,Medtronic,General,Medtronic,"[{'topic': 'life_sciences', 'relevance_score': '1.000000'}, {'topic': 'technology', 'relevance_score': '0.848654'}]",0.393101,Bullish,"[{'ticker': 'MDT', 'relevance_score': '1.000000', 'ticker_sentiment_score': '0.482888', 'ticker_sentiment_label': 'Bullish'}, {'ticker': 'AMZN', 'relevance_score': '0.601008', 'ticker_sentiment_score': '0.291087', 'ticker_sentiment_label': 'Somewhat-Bullish'}]"
"Daily deals July 17: $130 Apple TV 4K, $700 off 55-inch LG OLED Smart TV, $27 Netgear router, more",https://appleinsider.com/articles/22/07/17/daily-deals-july-17-130-apple-tv-4k-700-off-55-inch-lg-oled-smart-tv-27-netgear-router-more,20220717T094600,['AppleInsider Staff'],"This article lists the best daily deals for July 17, including significant discounts on an Apple TV 4K, a 55-inch LG OLED Smart TV, and a Netgear router. It compiles offers from various online stores like Amazon and Walmart, advising readers to act quickly as deals can be short-lived. The piece also mentions ongoing deals from the previous day.",https://photos5.appleinsider.com/gallery/49466-96735-Deals-July-17-xl.jpg,AppleInsider,General,AppleInsider,"[{'topic': 'retail_wholesale', 'relevance_score': '0.901256'}, {'topic': 'technology', 'relevance_score': '0.806843'}]",0.293363,Somewhat-Bullish,"[{'ticker': 'NTGR', 'relevance_score': '1.000000', 'ticker_sentiment_score': '0.419482', 'ticker_sentiment_label': 'Bullish'}, {'ticker': 'AMZN', 'relevance_score': '0.736679', 'ticker_sentiment_score': '0.236972', 'ticker_sentiment_label': 'Somewhat-Bullish'}, {'ticker': 'AAPL', 'relevance_score': '0.707946', 'ticker_sentiment_score': '0.228891', 'ticker_sentiment_label': 'Somewhat-Bullish'}, {'ticker': 'WMT', 'relevance_score': '0.602977', 'ticker_sentiment_score': '0.224284', 'ticker_sentiment_label': 'Somewhat-Bullish'}]"
What Does GameStop’s Stock Split Mean for Investors?,https://www.morningstar.com/stocks/what-does-gamestops-stock-split-mean-investors,20220718T164715,['Jakir Hossain'],"GameStop (GME) is undergoing a 4-for-1 stock split, its first in 15 years, which will increase the number of shares and decrease the price per share without affecting market capitalization. Morningstar gives GME a 3-star quantitative rating, indicating it is fairly valued, but with extreme uncertainty due to high volatility. This split follows similar actions by other tech and consumer companies like Amazon, Shopify, and Alphabet.",,Morningstar,General,Morningstar,"[{'topic': 'financial_markets', 'relevance_score': '0.923759'}, {'topic': 'retail_wholesale', 'relevance_score': '0.745732'}, {'topic': 'technology', 'relevance_score': '0.646784'}]",0.106693,Neutral,"[{'ticker': 'GME', 'relevance_score': '1.000000', 'ticker_sentiment_score': '0.037631', 'ticker_sentiment_label': 'Neutral'}, {'ticker': 'AMZN', 'relevance_score': '0.613655', 'ticker_sentiment_score': '0.115310', 'ticker_sentiment_label': 'Neutral'}, {'ticker': 'GOOGL', 'relevance_score': '0.648913', 'ticker_sentiment_score': '0.100988', 'ticker_sentiment_label': 'Neutral'}, {'ticker': 'TSLA', 'relevance_score': '0.640477', 'ticker_sentiment_score': '0.113196', 'ticker_sentiment_label': 'Neutral'}]"
Amazon’s Prime Video streamlines its user interface with a new look,https://www.marketwatch.com/story/amazons-prime-video-streamlines-its-user-interface-with-a-new-look-11658180257?gaa_at=eafs&gaa_n=AWEtsqe6K7LwsQf3Ye7RlwiUiUeayzOtl3YrHPYwr8Forn1RjKG12zbT5CxN&gaa_ts=699ad55d&gaa_sig=WmAfeUNsIxLvHgLqnIgzkN7kCpeRNPCfXGuWmjthWGJz292MpA0YGVcldbeGoCoiNGOH8H2yTlcd0mEcW0o4mg%3D%3D,20220718T173700,['Mike Murphy or NULL'],"Amazon's Prime Video is updating its user interface and home screen, introducing new features like a ""Top 10 most popular shows"" list. The redesign will initially roll out to TV and Android app users in mid-August, with web and iOS users receiving the update later this year. This overhaul aims to improve the user experience ahead of major fall releases.",https://images.mktw.net/im-585937?width=1260&height=710,MarketWatch,General,MarketWatch,"[{'topic': 'technology', 'relevance_score': '0.814642'}]",0.232935,Somewhat-Bullish,"[{'ticker': 'AMZN', 'relevance_score': '1.000000', 'ticker_sentiment_score': '0.246840', 'ticker_sentiment_label': 'Somewhat-Bullish'}]"
The Critiques Against the American Innovation and Choice Online Act Miss the Mark,https://www.promarket.org/2022/07/18/the-critiques-against-the-american-innovation-and-choice-online-act-miss-the-mark/,20220718T191711,['Aaron Schur'],"Yelp's General Counsel, Aaron Schur, argues that criticisms against the American Innovation and Choice Online Act (AICOA) are unfounded and focus on highly unlikely hypothetical abuses. He contends that concerns about the bill hindering content moderation are misguided, as existing antitrust laws and judicial precedent would prevent such misapplications. Schur asserts that the proposed edits to AICOA are unnecessary, politically unfeasible, and would weaken antitrust enforcement, urging legislators to pass the bill as is to combat real anticompetitive harms.",,www.promarket.org,General,www.promarket.org,"[{'topic': 'technology', 'relevance_score': '0.839379'}, {'topic': 'economy_fiscal', 'relevance_score': '0.722006'}]",-0.123237,Neutral,"[{'ticker': 'YELP', 'relevance_score': '1.000000', 'ticker_sentiment_score': '0.318500', 'ticker_sentiment_label': 'Somewhat-Bullish'}, {'ticker': 'AMZN', 'relevance_score': '0.728790', 'ticker_sentiment_score': '-0.207088', 'ticker_sentiment_label': 'Somewhat-Bearish'}, {'ticker': 'GOOG', 'relevance_score': '0.639808', 'ticker_sentiment_score': '-0.281927', 'ticker_sentiment_label': 'Somewhat-Bearish'}, {'ticker': 'GOOGL', 'relevance_score': '0.613963', 'ticker_sentiment_score': '-0.276727', 'ticker_sentiment_label': 'Somewhat-Bearish'}]"
LinkedIn Still Number One Brand to be Faked in Phishing Attempts while Microsoft Surges up the Rankings to Number Two Spot in Q2 Report,https://www.checkpoint.com/press-releases/linkedin-still-number-one-brand-to-be-faked-in-phishing-attempts-while-microsoft-surges-up-the-rankings-to-number-two-spot-in-q2-report/,20220719T100008,[],"Check Point Research's Q2 Brand Phishing Report reveals that LinkedIn remains the most imitated brand in phishing attempts, accounting for 45% of all such attacks. Microsoft has significantly risen to the second spot with 13%, surpassing DHL, while new brands like Adidas, Adobe, and HSBC have entered the top 10. The report highlights the dangers of these scams, with examples provided for LinkedIn, DHL, Outlook, and Amazon phishing attempts.",https://www.checkpoint.com/wp-content/uploads/q2-report-1-fig.jpg,Check Point Software,General,Check Point Software,"[{'topic': 'technology', 'relevance_score': '0.906926'}]",-0.030267,Neutral,"[{'ticker': 'CHKP', 'relevance_score': '1.000000', 'ticker_sentiment_score': '0.287950', 'ticker_sentiment_label': 'Somewhat-Bullish'}, {'ticker': 'MSFT', 'relevance_score': '0.853937', 'ticker_sentiment_score': '-0.206517', 'ticker_sentiment_label': 'Somewhat-Bearish'}, {'ticker': 'ADBE', 'relevance_score': '0.729980', 'ticker_sentiment_score': '0.123385', 'ticker_sentiment_label': 'Neutral'}, {'ticker': 'AMZN', 'relevance_score': '0.668714', 'ticker_sentiment_score': '-0.201263', 'ticker_sentiment_label': 'Somewhat-Bearish'}, {'ticker': 'AAPL', 'relevance_score': '0.606460', 'ticker_sentiment_score': '-0.114284', 'ticker_sentiment_label': 'Neutral'}]"
STACKTV’S SUITE OF HIT SHOWS AND MOVIES NOW AVAILABLE ON FUBOTV,https://www.corusent.com/news/stacktvs-suite-of-hit-shows-and-movies-now-available-on-fubotv/,20220719T101109,[],"Corus Entertainment's STACKTV is expanding its distribution by partnering with FuboTV, making its premium content available to FuboTV's Canadian subscribers. This collaboration integrates STACKTV's hit shows and news programs from 13 Canadian networks into FuboTV's new ""Premium"" subscription package, enhancing FuboTV's offerings beyond its sports-first content. The move aims to provide more Canadians with broader access to diverse entertainment and news, reinforcing STACKTV's market presence.",https://www.corusent.com/_next/image/?url=https%3A%2F%2Fassets.corusent.com%2Fwp-content%2Fuploads%2F2022%2F07%2FStackTV_FuboTV_Gfx.jpg&w=3840&q=75,Corus Entertainment,General,Corus Entertainment,"[{'topic': 'technology', 'relevance_score': '0.945999'}]",0.209599,Somewhat-Bullish,"[{'ticker': 'FUBO', 'relevance_score': '1.000000', 'ticker_sentiment_score': '0.430895', 'ticker_sentiment_label': 'Bullish'}, {'ticker': 'CMCSA', 'relevance_score': '0.636107', 'ticker_sentiment_score': '0.127506', 'ticker_sentiment_label': 'Neutral'}, {'ticker': 'AMZN', 'relevance_score': '0.609658', 'ticker_sentiment_score': '0.113923', 'ticker_sentiment_label': 'Neutral'}]"
This is how much more an S&P 500 CEO earned than the typical worker last year,https://www.marketwatch.com/story/the-typical-s-p-500-ceo-made-324-times-more-than-the-median-paid-worker-last-year-report-11658253925?gaa_at=eafs&gaa_n=AWEtsqcGRfKky12zTOvcwTPjQs4hhZoRNHnKoFYZR29qOAMrFna-xBfvKrY7&gaa_ts=699ad917&gaa_sig=vUabzqWRMdxlggqAAT1_8T7imqbTYzvjNWH2BHomYf4nyThLu7btkAvzrs2LtN-CHWQ5O-0Bn5_VqLAlIfBw6Q%3D%3D,20220719T140500,['Emma Ockerman'],"A new report from the AFL-CIO reveals that S&P 500 CEOs earned an average of $18.3 million in total compensation in 2021, which is 324 times more than their median-paid workers. This compensation marked a significant increase that outpaced inflation, further widening the gap between executive and worker pay. The report highlights this disparity at major companies like Amazon, Expedia Group, McDonald’s, and The TJX Companies.",https://images.mktw.net/im-586341?width=1260&height=847,MarketWatch,General,MarketWatch,"[{'topic': 'economy_macro', 'relevance_score': '0.916200'}]",-0.238779,Somewhat-Bearish,"[{'ticker': 'EXPE', 'relevance_score': '0.999667', 'ticker_sentiment_score': '-0.323615', 'ticker_sentiment_label': 'Somewhat-Bearish'}, {'ticker': 'AMZN', 'relevance_score': '0.669874', 'ticker_sentiment_score': '-0.225320', 'ticker_sentiment_label': 'Somewhat-Bearish'}, {'ticker': 'MCD', 'relevance_score': '0.613683', 'ticker_sentiment_score': '-0.220622', 'ticker_sentiment_label': 'Somewhat-Bearish'}, {'ticker': 'TJX', 'relevance_score': '0.572744', 'ticker_sentiment_score': '-0.218147', 'ticker_sentiment_label': 'Somewhat-Bearish'}]"
A.I.-powered robotic lawnmowers help you reclaim your summer days,https://fortune.com/2022/07/19/a-i-powered-robotic-lawnmowers-toro-landroid-husqvarna/,20220719T150000,['Chris Morris'],"Robotic lawnmowers, powered by AI, are emerging as a solution to reclaim leisure time, similar to how Roomba transformed vacuuming. While the U.S. market is still nascent, companies like Toro, Husqvarna, and Worx are developing more sophisticated models, moving beyond boundary wires towards GPS and 3D vision technologies. These quiet, autonomous mowers promise neatly cut lawns daily and can integrate with smart home ecosystems, freeing homeowners from the chore of mowing.",https://content.fortune.com/wp-content/uploads/2022/07/Toro_RoboticMower_4.jpg?format=webp&w=1440&q=100,Fortune,General,Fortune,"[{'topic': 'technology', 'relevance_score': '1.000000'}]",0.071971,Neutral,"[{'ticker': 'TORO', 'relevance_score': '0.322599', 'ticker_sentiment_score': '0.009657', 'ticker_sentiment_label': 'Neutral'}, {'ticker': 'HSIC', 'relevance_score': '0.630752', 'ticker_sentiment_score': '-0.140134', 'ticker_sentiment_label': 'Neutral'}, {'ticker': 'AMZN', 'relevance_score': '0.640367', 'ticker_sentiment_score': '0.218806', 'ticker_sentiment_label': 'Somewhat-Bullish'}]"
Morgan Health makes $30M investment in Centivo,https://www.fiercehealthcare.com/payers/morgan-health-makes-30m-investment-centivo,20220719T151500,['Paige Minemyer'],"Morgan Health, JPMorgan Chase's healthcare arm, has invested $30 million in Centivo, a health plan targeting self-funded employers. Centivo's model focuses on partnering with accountable care organizations to offer affordable, high-quality care, resulting in significant savings for its employer clients. This investment is part of Centivo's extended Series B-1 financing to support its growth and expansion across 13 states.",,Fierce Healthcare,General,Fierce Healthcare,"[{'topic': 'finance', 'relevance_score': '1.000000'}, {'topic': 'life_sciences', 'relevance_score': '0.913100'}, {'topic': 'mergers_and_acquisitions', 'relevance_score': '0.724738'}]",0.20949,Somewhat-Bullish,"[{'ticker': 'AMJB', 'relevance_score': '0.342560', 'ticker_sentiment_score': '0.027821', 'ticker_sentiment_label': 'Neutral'}, {'ticker': 'JPM', 'relevance_score': '1.000000', 'ticker_sentiment_score': '0.460950', 'ticker_sentiment_label': 'Bullish'}, {'ticker': 'AMZN', 'relevance_score': '0.630972', 'ticker_sentiment_score': '0.104488', 'ticker_sentiment_label': 'Neutral'}]"
3 Reasons Why Investing in the Nasdaq-100 Is Effective,https://www.nasdaq.com/articles/3-reasons-why-investing-in-the-nasdaq-100-is-effective,20220720T102500,['MarketInsite'],"This article highlights three core reasons why investing in the Nasdaq-100 is effective for long-term asset management. It explains how index investing, particularly in the Nasdaq-100, offers exposure to rapidly growing, innovative global companies with strong brand power and historically high growth rates. The article details various investment products available, such as mutual funds and ETFs, and discusses strategies like currency hedging and leverage.",,Nasdaq,General,Nasdaq,"[{'topic': 'financial_markets', 'relevance_score': '0.913096'}, {'topic': 'technology', 'relevance_score': '0.824685'}, {'topic': 'economy_macro', 'relevance_score': '0.712133'}, {'topic': 'finance', 'relevance_score': '0.601016'}]",0.34321,Somewhat-Bullish,"[{'ticker': 'OOQB', 'relevance_score': '0.302669', 'ticker_sentiment_score': '0.047479', 'ticker_sentiment_label': 'Neutral'}, {'ticker': 'NDAQ', 'relevance_score': '0.877349', 'ticker_sentiment_score': '0.323352', 'ticker_sentiment_label': 'Somewhat-Bullish'}, {'ticker': 'AAPL', 'relevance_score': '0.734903', 'ticker_sentiment_score': '0.418751', 'ticker_sentiment_label': 'Bullish'}, {'ticker': 'AMZN', 'relevance_score': '0.702634', 'ticker_sentiment_score': '0.463689', 'ticker_sentiment_label': 'Bullish'}, {'ticker': 'GOOGL', 'relevance_score': '0.650610', 'ticker_sentiment_score': '0.383245', 'ticker_sentiment_label': 'Bullish'}]"
SnapMirror in the Cloud: New Uses for NetApp Data Replication,https://www.netapp.com/blog/cvo-blg-snapmirror-in-the-cloud-new-uses-for-netapp-data-replication/,20220720T102657,['Oded Berman'],"NetApp's SnapMirror, a long-standing enterprise data replication solution, is now extended to the cloud through Cloud Volumes ONTAP. This integration opens up new use cases for SnapMirror, including cloud-based disaster recovery, efficient cloud migration, application development and analytics, and multicloud architecture. It also plays a role in NetApp Cloud Backup, enhancing data protection and efficiency across hybrid and multicloud environments by leveraging block-level replication and storage efficiencies like deduplication and compression.",https://www.netapp.com/media/oded_tcm19-128240.png?v=8510,NetApp,General,NetApp,"[{'topic': 'technology', 'relevance_score': '0.904586'}]",0.351449,Bullish,"[{'ticker': 'NTAP', 'relevance_score': '1.000000', 'ticker_sentiment_score': '0.545839', 'ticker_sentiment_label': 'Bullish'}, {'ticker': 'AMZN', 'relevance_score': '0.720618', 'ticker_sentiment_score': '0.342329', 'ticker_sentiment_label': 'Somewhat-Bullish'}, {'ticker': 'MSFT', 'relevance_score': '0.610199', 'ticker_sentiment_score': '0.274614', 'ticker_sentiment_label': 'Somewhat-Bullish'}, {'ticker': 'GOOG', 'relevance_score': '0.602192', 'ticker_sentiment_score': '0.273232', 'ticker_sentiment_label': 'Somewhat-Bullish'}, {'ticker': 'META', 'relevance_score': '0.627999', 'ticker_sentiment_score': '0.256572', 'ticker_sentiment_label': 'Somewhat-Bullish'}]"
If AI had a voice!,https://www.sify.com/ai-analytics/if-ai-had-a-voice/,20220720T103539,['Uma Iyer'],"This article explores the inherent gender bias in Artificial Intelligence, arguing that AI often reflects and amplifies the biases of its creators. Through examples like language translation and common AI voice assistants, the author demonstrates how AI frequently defaults to male coding for leadership roles and female for assistive roles, mirroring societal stereotypes. While acknowledging that machine learning is evolving to address these biases, the piece emphasizes the ongoing need for greater inclusion and feedback to achieve true gender neutrality in AI development.",https://www.sify.com/wp-content/uploads/2022/05/artificial_intelligence_pixabay-1024x685.jpg,INDOlink,General,INDOlink,"[{'topic': 'technology', 'relevance_score': '1.000000'}]",0.104006,Neutral,"[{'ticker': 'SIFYR', 'relevance_score': '0.817226', 'ticker_sentiment_score': '0.132395', 'ticker_sentiment_label': 'Neutral'}, {'ticker': 'MSFT', 'relevance_score': '0.666607', 'ticker_sentiment_score': '0.147120', 'ticker_sentiment_label': 'Neutral'}, {'ticker': 'GOOGL', 'relevance_score': '0.637069', 'ticker_sentiment_score': '0.130337', 'ticker_sentiment_label': 'Neutral'}, {'ticker': 'AMZN', 'relevance_score': '0.592883', 'ticker_sentiment_score': '0.149736', 'ticker_sentiment_label': 'Neutral'}]"
"Keystone RV will close two Goshen plants, putting 334 out of work. Here's what we know.",https://www.southbendtribune.com/story/news/local/2022/07/20/keyston-rv-goshen-plant-41-plant-705-closure/65377627007/,20220720T103934,['Ed Semmler'],"Keystone RV has announced the closure of two plants in Goshen, Indiana, effective September 23, 2022, resulting in 334 job losses. The company, a subsidiary of Thor Industries, cited a need to level off production after record-setting years, despite overall RV shipments remaining strong. While retail sales have slowed, local officials note a continued demand for labor in Elkhart County.","https://www.southbendtribune.com/gcdn/presto/2022/04/27/NSBT/caec371b-7418-4f7a-a764-c5713d9cb79f-Ed_Semmler.jpg?crop=533,533,x133,y0&width=48&height=48&format=pjpg&auto=webp",South Bend Tribune,General,South Bend Tribune,"[{'topic': 'manufacturing', 'relevance_score': '0.908990'}, {'topic': 'economy_macro', 'relevance_score': '0.846502'}, {'topic': 'economy_monetary', 'relevance_score': '0.729102'}]",-0.155053,Somewhat-Bearish,"[{'ticker': 'THO', 'relevance_score': '1.000000', 'ticker_sentiment_score': '-0.431922', 'ticker_sentiment_label': 'Bearish'}, {'ticker': 'AMZN', 'relevance_score': '0.605436', 'ticker_sentiment_score': '0.104742', 'ticker_sentiment_label': 'Neutral'}, {'ticker': 'F', 'relevance_score': '0.621284', 'ticker_sentiment_score': '-0.120148', 'ticker_sentiment_label': 'Neutral'}]"
SkyWater unveils plans to build $1.8 bln chip facility in Indiana,https://www.reuters.com/technology/skywater-unveils-plans-build-18-bln-chip-facility-indiana-2022-07-20/,20220720T142100,['Jane Lee'],"U.S. semiconductor manufacturer SkyWater Technology Inc announced plans to invest $1.8 billion in a chip research and production facility in Indiana, in partnership with the state and Purdue University. The project is contingent on the passage of the CHIPS Act, which aims to provide billions in subsidies and tax credits to the semiconductor industry. This move is seen as crucial for reshoring semiconductor manufacturing and will benefit from collaboration with Purdue University's talent pipeline.",https://www.reuters.com/resizer/v2/https%3A%2F%2Fcloudfront-us-east-2.images.arcpublishing.com%2Freuters%2FSS4E7R346NI65PHSKJ452O3SWQ.jpg?auth=96ed4440c83a21683be835c602a8323214ce2be366579308be73b06497f1f3e7&width=800&quality=85&smart=true,Reuters,General,Reuters,"[{'topic': 'technology', 'relevance_score': '0.943602'}, {'topic': 'manufacturing', 'relevance_score': '0.848456'}, {'topic': 'economy_fiscal', 'relevance_score': '0.608842'}]",0.340477,Somewhat-Bullish,"[{'ticker': 'SKYT', 'relevance_score': '1.000000', 'ticker_sentiment_score': '0.483450', 'ticker_sentiment_label': 'Bullish'}, {'ticker': 'AMAT', 'relevance_score': '0.634200', 'ticker_sentiment_score': '0.338342', 'ticker_sentiment_label': 'Somewhat-Bullish'}, {'ticker': 'LRCX', 'relevance_score': '0.596380', 'ticker_sentiment_score': '0.303564', 'ticker_sentiment_label': 'Somewhat-Bullish'}, {'ticker': 'AMZN', 'relevance_score': '0.572731', 'ticker_sentiment_score': '0.241848', 'ticker_sentiment_label': 'Somewhat-Bullish'}]"
Yelp's departure is a blow for city's office market,https://www.crainsnewyork.com/commercial-real-estate/yelps-departure-blow-nycs-office-market,20220720T172000,['C. J. Hughes'],"Yelp's decision to close its New York City offices and embrace a fully remote workforce is a significant blow to the city's office market, particularly for landlords in downtown Manhattan. The departure of Yelp from its 200,000 square feet at 11 Madison Square, along with other tech company retrenchments, highlights a trend of vacated spaces not being refilled, impacting the commercial real estate sector. This move reflects a broader shift by tech firms towards remote work models, leaving landlords concerned about the future of office occupancy.",,Crain's New York Business,General,Crain's New York Business,"[{'topic': 'real_estate', 'relevance_score': '0.929851'}]",-0.046823,Neutral,"[{'ticker': 'YELP', 'relevance_score': '0.304410', 'ticker_sentiment_score': '0.014987', 'ticker_sentiment_label': 'Neutral'}, {'ticker': 'ADBE', 'relevance_score': '0.614652', 'ticker_sentiment_score': '0.146197', 'ticker_sentiment_label': 'Neutral'}, {'ticker': 'AMZN', 'relevance_score': '0.617584', 'ticker_sentiment_score': '-0.144528', 'ticker_sentiment_label': 'Neutral'}, {'ticker': 'META', 'relevance_score': '0.617530', 'ticker_sentiment_score': '-0.105805', 'ticker_sentiment_label': 'Neutral'}]"
Local Bounti Debuts New Production Facility in Georgia,https://www.greenhousegrower.com/crops/local-bounti-debuts-new-production-facility-in-georgia/,20220720T172732,['Brian Sparks'],"Local Bounti, an indoor leafy greens grower, announced the commencement of farming operations at its new controlled-environment agriculture facility in Byron, GA. This new facility establishes a bi-coastal presence for the company, expanding its distribution capabilities to 19 retail distribution centers within a 400-mile radius and servicing approximately 10,000 retail locations. Local Bounti also plans to expand the facility's capacity and introduce its Stack & Flow Technology to meet growing demand and broaden its product offerings.",,Greenhouse Grower,General,Greenhouse Grower,"[{'topic': 'manufacturing', 'relevance_score': '0.916751'}, {'topic': 'retail_wholesale', 'relevance_score': '0.706839'}]",0.590282,Bullish,"[{'ticker': 'LOCL', 'relevance_score': '1.000000', 'ticker_sentiment_score': '0.828774', 'ticker_sentiment_label': 'Bullish'}, {'ticker': 'KR', 'relevance_score': '0.630493', 'ticker_sentiment_score': '0.533249', 'ticker_sentiment_label': 'Bullish'}, {'ticker': 'TGT', 'relevance_score': '0.619820', 'ticker_sentiment_score': '0.519008', 'ticker_sentiment_label': 'Bullish'}, {'ticker': 'WMT', 'relevance_score': '0.623690', 'ticker_sentiment_score': '0.520574', 'ticker_sentiment_label': 'Bullish'}, {'ticker': 'AMZN', 'relevance_score': '0.639215', 'ticker_sentiment_score': '0.501928', 'ticker_sentiment_label': 'Bullish'}]"
"Morgan Stanley, NEF Commit $250M for Affordable Housing",https://www.multihousingnews.com/morgan-stanley-nef-commit-250m-for-affordable-housing/,20220720T174612,['Madalina Pojoga'],"Morgan Stanley and National Equity Fund have committed $250 million in funding to BRIDGE Housing Corp. for affordable and workforce housing initiatives. This investment will benefit low- and middle-income residents nationally and is expected to leverage up to an additional $1 billion in capital. The funds will be used for property acquisitions, land purchases, refinancing, capital improvements, and acquiring general partner interests.",,Multifamily Housing News,General,Multifamily Housing News,"[{'topic': 'real_estate', 'relevance_score': '0.924399'}, {'topic': 'finance', 'relevance_score': '0.817705'}]",0.381145,Bullish,"[{'ticker': 'MS', 'relevance_score': '1.000000', 'ticker_sentiment_score': '0.446788', 'ticker_sentiment_label': 'Bullish'}, {'ticker': 'AMZN', 'relevance_score': '0.628100', 'ticker_sentiment_score': '0.345701', 'ticker_sentiment_label': 'Somewhat-Bullish'}]"
Amazon and One Medical agree to acquisition of One Medical,https://www.aboutamazon.com/news/company-news/amazon-and-one-medical-sign-an-agreement-for-amazon-to-acquire-one-medical,20220721T095230,['Amazon Staff'],"Amazon has entered into a definitive merger agreement to acquire One Medical, a human-centered, technology-powered U.S. primary care organization, for $18 per share in an all-cash transaction valued at approximately $3.9 billion. This acquisition aims to reinvent the healthcare experience by making quality care more affordable, accessible, and enjoyable through a seamless combination of in-person, digital, and virtual care services. Amir Dan Rubin will remain CEO of One Medical after the completion of the transaction, which is subject to customary closing conditions, including shareholder and regulatory approval.",https://assets.aboutamazon.com/19/12/cdd30aab49e0a00f3c2ab4454b02/projectnegroni-aboutamazon-hero-img-2000x1125.jpg,Amazon News,General,Amazon News,"[{'topic': 'mergers_and_acquisitions', 'relevance_score': '1.000000'}, {'topic': 'retail_wholesale', 'relevance_score': '0.749402'}, {'topic': 'life_sciences', 'relevance_score': '0.911253'}]",0.428707,Bullish,"[{'ticker': 'AMZN', 'relevance_score': '1.000000', 'ticker_sentiment_score': '0.445882', 'ticker_sentiment_label': 'Bullish'}]"
The World’s Largest Asset Manager BlackRock Lost $2.46 Trillion In The First Half Of 2022,https://www.bosshunting.com.au/hustle/blackrock-2022-half-lost/,20220721T095704,['Nick Kenyon'],"BlackRock, the world's largest asset manager, lost US$1.7 trillion (AU$2.46 trillion) in the first half of 2022 due to tumultuous financial markets, high inflation, and rising interest rates. Assets under management fell 11% to US$8.49 trillion, and adjusted profit decreased significantly compared to 2021. Despite these losses and retail investor withdrawals, the firm still attracted US$89.6 billion in new investments.",https://www.bosshunting.com.au/wp-content/uploads/2022/07/BlackRock-2022-half-lost.jpg,Boss Hunting,General,Boss Hunting,"[{'topic': 'earnings', 'relevance_score': '0.915301'}, {'topic': 'financial_markets', 'relevance_score': '0.831380'}, {'topic': 'economy_macro', 'relevance_score': '0.841157'}, {'topic': 'economy_monetary', 'relevance_score': '0.603520'}, {'topic': 'finance', 'relevance_score': '0.747454'}]",-0.420224,Bearish,"[{'ticker': 'BLK', 'relevance_score': '1.000000', 'ticker_sentiment_score': '-0.464876', 'ticker_sentiment_label': 'Bearish'}, {'ticker': 'TSLA', 'relevance_score': '0.613877', 'ticker_sentiment_score': '-0.437094', 'ticker_sentiment_label': 'Bearish'}, {'ticker': 'AMZN', 'relevance_score': '0.610807', 'ticker_sentiment_score': '-0.420686', 'ticker_sentiment_label': 'Bearish'}]"
Comparing Kroger’s and Albertsons’ delivery membership programs,https://www.grocerydive.com/news/comparing-krogers-and-albertsons-delivery-membership-programs/627810/,20220721T102007,['Jeff Wells'],"Kroger has expanded its Boost delivery membership program nationwide, offering free delivery at two annual subscription levels and perks like bonus fuel savings. Albertsons also offers a similar program, FreshPass, which provides free delivery and other rewards such as a monthly Starbucks credit. Both grocers are using these subscription models, added to existing loyalty programs, to enhance customer loyalty and grow their e-commerce operations, competing with major players like Amazon and Walmart.",https://imgproxy.divecdn.com/6gx12xrJ4m0TARcDII6EHAZTHXO3MT2PfeTlDwokZnM/g:ce/rs:fill:1200:675:1/Z3M6Ly9kaXZlc2l0ZS1zdG9yYWdlL2RpdmVpbWFnZS9Lcm9nZXJfQm9vc3RfNC5qcGc=.webp,Grocery Dive,General,Grocery Dive,"[{'topic': 'retail_wholesale', 'relevance_score': '0.923691'}]",0.182622,Somewhat-Bullish,"[{'ticker': 'KR', 'relevance_score': '1.000000', 'ticker_sentiment_score': '0.300523', 'ticker_sentiment_label': 'Somewhat-Bullish'}, {'ticker': 'AMZN', 'relevance_score': '0.612929', 'ticker_sentiment_score': '0.130938', 'ticker_sentiment_label': 'Neutral'}, {'ticker': 'WMT', 'relevance_score': '0.644780', 'ticker_sentiment_score': '0.114867', 'ticker_sentiment_label': 'Neutral'}]"
7 Reasons Why People Are Moving to Texas,https://www.redfin.com/blog/why-are-people-moving-to-texas/,20220721T103257,['Ashley Backus'],"Texas has become a popular relocation destination, drawing nearly 4 million new residents between 2010 and 2020. This article explores the key factors attracting people to the Lone Star State, including a lower cost of living, more affordable housing, no state income tax, and a thriving job market. Additionally, Texas boasts great schools, a warm climate, and rich cultural diversity, making it an appealing option for many.",https://www.redfin.com/blog/wp-content/uploads/2022/07/Why-Are-People-Moving-to-Texas1.jpg,Redfin,General,Redfin,"[{'topic': 'real_estate', 'relevance_score': '0.936381'}, {'topic': 'economy_macro', 'relevance_score': '0.803656'}, {'topic': 'economy_fiscal', 'relevance_score': '0.708355'}]",0.293138,Somewhat-Bullish,"[{'ticker': 'RDFN', 'relevance_score': '1.000000', 'ticker_sentiment_score': '0.274919', 'ticker_sentiment_label': 'Somewhat-Bullish'}, {'ticker': 'TSLA', 'relevance_score': '0.646774', 'ticker_sentiment_score': '0.342942', 'ticker_sentiment_label': 'Somewhat-Bullish'}, {'ticker': 'AMZN', 'relevance_score': '0.597608', 'ticker_sentiment_score': '0.287112', 'ticker_sentiment_label': 'Somewhat-Bullish'}, {'ticker': 'AAPL', 'relevance_score': '0.560038', 'ticker_sentiment_score': '0.271176', 'ticker_sentiment_label': 'Somewhat-Bullish'}, {'ticker': 'T', 'relevance_score': '0.551416', 'ticker_sentiment_score': '0.253257', 'ticker_sentiment_label': 'Somewhat-Bullish'}]"
Amazon is buying One Medical for $3.49 billion in latest move to dominate healthcare industry,https://fortune.com/2022/07/21/amazon-one-medical-firm-3-49-billion-healthcare-industry/,20220721T112400,"['Matt Day', 'John Tozzi', 'Bloomberg']","Amazon announced its acquisition of primary-care company One Medical for $3.49 billion, marking its latest significant move into the healthcare market. One Medical operates 182 medical offices across 25 U.S. markets, offering subscribers access to physicians and digital health services. This acquisition follows Amazon's previous ventures into healthcare, including an online pharmacy and a primary-care clinic for employees, signaling a continued effort to reinvent healthcare experiences.",https://fortune.com/img-assets/wp-content/uploads/2022/07/GettyImages-1241014040-e1658415951998.jpg?format=webp&w=1440&q=100,Fortune,General,Fortune,"[{'topic': 'mergers_and_acquisitions', 'relevance_score': '1.000000'}, {'topic': 'life_sciences', 'relevance_score': '0.946747'}, {'topic': 'retail_wholesale', 'relevance_score': '0.811901'}, {'topic': 'technology', 'relevance_score': '0.718074'}, {'topic': 'financial_markets', 'relevance_score': '0.645923'}]",0.042681,Neutral,"[{'ticker': 'CVS', 'relevance_score': '0.867633', 'ticker_sentiment_score': '-0.251663', 'ticker_sentiment_label': 'Somewhat-Bearish'}, {'ticker': 'AMZN', 'relevance_score': '0.976780', 'ticker_sentiment_score': '0.248233', 'ticker_sentiment_label': 'Somewhat-Bullish'}, {'ticker': 'WBA', 'relevance_score': '0.704224', 'ticker_sentiment_score': '0.225906', 'ticker_sentiment_label': 'Somewhat-Bullish'}, {'ticker': 'UNH', 'relevance_score': '0.596302', 'ticker_sentiment_score': '-0.107617', 'ticker_sentiment_label': 'Neutral'}]"
Amazon to Buy One Medical for $3.49 Billion in All-Cash Deal,https://www.bloomberg.com/news/articles/2022-07-21/amazon-to-buy-one-medical-for-18-a-share-in-all-cash-deal,20220721T123700,"['Matt Day', 'John Tozzi']","Amazon.com Inc. has announced its intention to acquire the primary-care company One Medical for $18 per share, an all-cash deal valued at $3.49 billion. This acquisition marks Amazon's continued expansion into the healthcare sector, making it one of the company's largest deals to date. One Medical operates medical clinics across various markets in the United States.",,Bloomberg.com,General,Bloomberg.com,"[{'topic': 'mergers_and_acquisitions', 'relevance_score': '1.000000'}, {'topic': 'life_sciences', 'relevance_score': '0.845589'}, {'topic': 'technology', 'relevance_score': '0.711139'}, {'topic': 'retail_wholesale', 'relevance_score': '0.627115'}]",0.439221,Bullish,"[{'ticker': 'AMZN', 'relevance_score': '1.000000', 'ticker_sentiment_score': '0.421283', 'ticker_sentiment_label': 'Bullish'}]"
Amazon (AMAZ) to Use Rivian Vans as EV Maker Works Toward Delivery Goal,https://www.bloomberg.com/news/articles/2022-07-21/amazon-starts-us-prime-deliveries-using-rivian-electric-vans,20220721T140000,"[""Ed Ludlow and Sean O'Kane""]","Amazon.com Inc. is beginning to deliver packages to U.S. customers using electric vans manufactured by Rivian Automotive Inc. The retail giant expects to deploy thousands of these vans this year, out of a total order of up to 100,000 vehicles. This rollout marks a significant step for Rivian as it works to meet its delivery goals.",https://assets.bwbx.io/images/users/iqjWHBFdfxIU/i6z2F5Z.tlh4/v1/-1x-1.webp,Bloomberg.com,General,Bloomberg.com,"[{'topic': 'retail_wholesale', 'relevance_score': '0.800015'}, {'topic': 'energy_transportation', 'relevance_score': '0.705927'}, {'topic': 'technology', 'relevance_score': '0.626887'}]",0.416683,Bullish,"[{'ticker': 'AMZN', 'relevance_score': '1.000000', 'ticker_sentiment_score': '0.402800', 'ticker_sentiment_label': 'Bullish'}]"
"GM’s OnStar Unveils New Brand Identity, Expands Services as Company Ushers in New Era of Safety",https://news.gm.com/home.detail.html/Pages/news/us/en/2022/jul/0721-onstar.html,20220721T164712,[],"OnStar has announced a new brand identity and expanded its safety and security services, introducing OnStar Guardian for motorcycle riders and integrating with Amazon Alexa for in-home emergency assistance. These developments reflect OnStar's commitment to making safety accessible to more people, both in and outside of vehicles, and GM's push into software innovation and subscription services. The OnStar Guardian app is now available to anyone with a compatible smartphone, even those without a GM vehicle.",,General Motors,General,General Motors,"[{'topic': 'technology', 'relevance_score': '0.849145'}]",0.264721,Somewhat-Bullish,"[{'ticker': 'GM', 'relevance_score': '1.000000', 'ticker_sentiment_score': '0.405247', 'ticker_sentiment_label': 'Bullish'}, {'ticker': 'AMZN', 'relevance_score': '0.630335', 'ticker_sentiment_score': '0.218638', 'ticker_sentiment_label': 'Somewhat-Bullish'}, {'ticker': 'ALL', 'relevance_score': '0.620078', 'ticker_sentiment_score': '0.115295', 'ticker_sentiment_label': 'Neutral'}]"
Johnson & Johnson leans on beauty trends to create Vivvi & Bloom baby care brand,https://www.glossy.co/beauty/johnson-johnson-leans-on-beauty-trends-to-create-vivvi-bloom-baby-care-brand/,20220721T171643,['Emma Sandler'],"Johnson & Johnson launched a new baby care brand, Vivvi & Bloom, inspired by beauty industry trends and designed to appeal to millennial and Gen-Z parents with natural formulas and a community-led development approach. This premium brand aims to capture a larger share of the baby care market, despite a recent decline in J&J's consumer health sales attributed to supply chain constraints. Vivvi & Bloom's strategy involves co-creation with parents and a digital-first marketing approach to differentiate itself from existing J&J baby lines like Johnson's Baby and Aveeno Baby.",,Glossy,General,Glossy,"[{'topic': 'retail_wholesale', 'relevance_score': '0.840654'}, {'topic': 'life_sciences', 'relevance_score': '0.746065'}, {'topic': 'earnings', 'relevance_score': '0.610398'}]",0.087188,Neutral,"[{'ticker': 'JNJ', 'relevance_score': '1.000000', 'ticker_sentiment_score': '0.289175', 'ticker_sentiment_label': 'Somewhat-Bullish'}, {'ticker': 'WMT', 'relevance_score': '0.604553', 'ticker_sentiment_score': '0.035582', 'ticker_sentiment_label': 'Neutral'}, {'ticker': 'AMZN', 'relevance_score': '0.604704', 'ticker_sentiment_score': '0.024591', 'ticker_sentiment_label': 'Neutral'}]"
Walmart partnership expands The Honest Company’s reach,https://www.retaildive.com/news/the-honest-company-products-at-walmart/627894/,20220722T165656,['Tatiana Walk-Morris'],"The Honest Company is expanding its distribution network by partnering with Walmart, making its products available on Walmart's website and in physical stores this fall. This move aims to increase accessibility for customers and generate capital to support the company's growth, which has historically relied significantly on retail partnerships, including Target, Amazon, and Costco. The expansion is part of Honest Company's omni-channel retail strategy and Walmart's effort to offer trustworthy products.",,Retail Dive,General,Retail Dive,"[{'topic': 'retail_wholesale', 'relevance_score': '0.909834'}, {'topic': 'ipo', 'relevance_score': '0.822167'}]",0.134003,Neutral,"[{'ticker': 'HNST', 'relevance_score': '0.341609', 'ticker_sentiment_score': '0.018978', 'ticker_sentiment_label': 'Neutral'}, {'ticker': 'WMT', 'relevance_score': '0.986028', 'ticker_sentiment_score': '0.319842', 'ticker_sentiment_label': 'Somewhat-Bullish'}, {'ticker': 'TGT', 'relevance_score': '0.662022', 'ticker_sentiment_score': '0.122396', 'ticker_sentiment_label': 'Neutral'}, {'ticker': 'AMZN', 'relevance_score': '0.622669', 'ticker_sentiment_score': '0.113969', 'ticker_sentiment_label': 'Neutral'}, {'ticker': 'COST', 'relevance_score': '0.559546', 'ticker_sentiment_score': '0.130098', 'ticker_sentiment_label': 'Neutral'}]"
NVDS Share Price & Live Chart | AXS 1.25X NVDA Bear Daily ETF,https://uk.investing.com/etfs/nvds-nasdaq,20220723T015216,[],"This article provides live share price data, historical performance charts, and technical analysis for the AXS 1.25X NVDA Bear Daily ETF (NVDS). It details key metrics such as dividend yield, expense ratio, holdings, and long-term performance trends. Investors can access current share price, market data, and evaluate the ETF's suitability for their portfolio through InvestingPro's WarrenAI.",,Investing.com UK,General,Investing.com UK,"[{'topic': 'financial_markets', 'relevance_score': '1.000000'}, {'topic': 'technology', 'relevance_score': '0.818818'}, {'topic': 'finance', 'relevance_score': '0.738142'}]",0.100387,Neutral,"[{'ticker': 'NVDS', 'relevance_score': '1.000000', 'ticker_sentiment_score': '-0.249782', 'ticker_sentiment_label': 'Somewhat-Bearish'}, {'ticker': 'NVDA', 'relevance_score': '0.803615', 'ticker_sentiment_score': '0.291627', 'ticker_sentiment_label': 'Somewhat-Bullish'}, {'ticker': 'AMZN', 'relevance_score': '0.618349', 'ticker_sentiment_score': '0.134922', 'ticker_sentiment_label': 'Neutral'}, {'ticker': 'NFLX', 'relevance_score': '0.634836', 'ticker_sentiment_score': '0.148371', 'ticker_sentiment_label': 'Neutral'}]"
Receiving money via apps? Selling items online? It may affect your taxes,https://www.hrblock.com/tax-center/selling-online-taxes/,20220724T101452,[],"New tax laws, specifically the One Big Beautiful Bill Act (OBBBA), have changed the reporting requirements for online sales. For the 2025 calendar year (2026 filing season), a 1099-K form will be issued if transactions exceed $20,000 and there are over 200 transactions. This article from H&R Block explains how to report online sales, whether for personal items, hobbies, or businesses, and provides guidance on tax forms like 1099-K, Schedule D, and Form 8949.",https://www.hrblock.com/tax-center/wp-content/uploads/2022/07/online-seller-feature-s.jpg,H&R Block,General,H&R Block,"[{'topic': 'economy_fiscal', 'relevance_score': '0.915762'}, {'topic': 'finance', 'relevance_score': '0.814731'}, {'topic': 'retail_wholesale', 'relevance_score': '0.641522'}]",0.294187,Somewhat-Bullish,"[{'ticker': 'HRB', 'relevance_score': '0.957315', 'ticker_sentiment_score': '0.739355', 'ticker_sentiment_label': 'Bullish'}, {'ticker': 'EBAY', 'relevance_score': '0.719686', 'ticker_sentiment_score': '0.130439', 'ticker_sentiment_label': 'Neutral'}, {'ticker': 'AMZN', 'relevance_score': '0.645039', 'ticker_sentiment_score': '0.123316', 'ticker_sentiment_label': 'Neutral'}, {'ticker': 'META', 'relevance_score': '0.559622', 'ticker_sentiment_score': '0.124773', 'ticker_sentiment_label': 'Neutral'}]"
Tuya Announces Matter-compatible Solutions in Close Collaboration with Amazon Alexa,https://www.stocktitan.net/news/TUYA/tuya-announces-matter-compatible-solutions-in-close-collaboration-delck7hjae63.html,20220725T085200,[],"Tuya Smart announced its collaboration with Amazon Alexa to implement Frustration-Free Setup (FFS) based on the Matter connectivity protocol, aiming to enhance the IoT device setup experience and allow direct Wi-Fi connections to Amazon Echo devices. Tuya, an initial FFS partner for Matter, is participating in interoperability tests with Amazon, Google, and Apple and plans to launch Matter-compatible devices by the end of 2022. The company is committed to promoting universal open standards in IoT and supporting its ecosystem partners in adopting Matter, enabling a wider variety of smart home solutions for consumers.",,Stock Titan,General,Stock Titan,"[{'topic': 'technology', 'relevance_score': '0.904862'}]",0.360946,Bullish,"[{'ticker': 'TUYA', 'relevance_score': '1.000000', 'ticker_sentiment_score': '0.609180', 'ticker_sentiment_label': 'Bullish'}, {'ticker': 'AMZN', 'relevance_score': '0.715673', 'ticker_sentiment_score': '0.320566', 'ticker_sentiment_label': 'Somewhat-Bullish'}, {'ticker': 'GOOG', 'relevance_score': '0.632692', 'ticker_sentiment_score': '0.240519', 'ticker_sentiment_label': 'Somewhat-Bullish'}, {'ticker': 'AAPL', 'relevance_score': '0.566515', 'ticker_sentiment_score': '0.238019', 'ticker_sentiment_label': 'Somewhat-Bullish'}]"
"Target to Open Hubs in Chicago, Denver",https://www.ttnews.com/articles/target-open-hubs-chicago-denver,20220725T093000,['Brendan Case'],"Target Corp. announced plans to open three new package-sorting centers, two in greater Chicago and one in the Denver area, to enhance its strategy of using stores to fulfill online orders. This expansion will bring their total mini-warehouses to nine across the U.S., with more planned, aiming to accelerate local deliveries and reduce shipping costs by fulfilling orders from stores. The retailer is leveraging its acquisitions of Shipt, Grand Junction, and Deliv to optimize last-mile delivery, increase efficiency, and lower costs amid surging digital sales.",,Transport Topics,General,Transport Topics,"[{'topic': 'retail_wholesale', 'relevance_score': '0.910729'}, {'topic': 'energy_transportation', 'relevance_score': '0.716310'}]",0.213631,Somewhat-Bullish,"[{'ticker': 'TGT', 'relevance_score': '1.000000', 'ticker_sentiment_score': '0.347264', 'ticker_sentiment_label': 'Somewhat-Bullish'}, {'ticker': 'AMZN', 'relevance_score': '0.701042', 'ticker_sentiment_score': '0.129809', 'ticker_sentiment_label': 'Neutral'}, {'ticker': 'WMT', 'relevance_score': '0.647649', 'ticker_sentiment_score': '0.107877', 'ticker_sentiment_label': 'Neutral'}]"
News | Amazon Buys Up Thousands of Acres As It Eyes Future Real Estate Needs,https://www.costar.com/article/388659280/amazon-buys-up-thousands-of-acres-as-it-eyes-future-real-estate-needs,20220725T100238,['Randyl Drummer'],"Amazon is shifting its real estate strategy from leasing to owning, having spent billions on acquiring over 5,000 acres since early 2020 for logistics centers. This move comes as the e-commerce giant slows its warehouse leasing and plans to sublet millions of square feet amid economic shifts. Despite fears of a pullback, this strategic change could offer opportunities for other businesses to occupy Amazon's vacated or subleased spaces in a tight industrial market.",https://www.costar.com/_next/image?url=https%3A%2F%2Fcostar.brightspotcdn.com%2Fdims4%2Fdefault%2F7b3002a%2F2147483647%2Fstrip%2Ftrue%2Fcrop%2F2100x1320%2B0%2B0%2Fresize%2F2100x1320!%2Fquality%2F100%2F%3Furl%3Dhttp%253A%252F%252Fcostar-brightspot.s3.us-east-1.amazonaws.com%252F83%252F9d%252F947eb4994b559341f51e4daa535e%252Fprimaryphoto-77.jpg&w=3840&q=75,CoStar,General,CoStar,"[{'topic': 'real_estate', 'relevance_score': '0.945766'}, {'topic': 'retail_wholesale', 'relevance_score': '0.883991'}, {'topic': 'economy_macro', 'relevance_score': '0.612321'}]",0.228793,Somewhat-Bullish,"[{'ticker': 'CSGP', 'relevance_score': '0.927841', 'ticker_sentiment_score': '0.303708', 'ticker_sentiment_label': 'Somewhat-Bullish'}, {'ticker': 'AMZN', 'relevance_score': '1.000000', 'ticker_sentiment_score': '0.113651', 'ticker_sentiment_label': 'Neutral'}, {'ticker': 'PLD', 'relevance_score': '0.737573', 'ticker_sentiment_score': '0.312559', 'ticker_sentiment_label': 'Somewhat-Bullish'}, {'ticker': 'CBRE', 'relevance_score': '0.621321', 'ticker_sentiment_score': '0.341806', 'ticker_sentiment_label': 'Somewhat-Bullish'}, {'ticker': 'WMT', 'relevance_score': '0.635925', 'ticker_sentiment_score': '0.114019', 'ticker_sentiment_label': 'Neutral'}]"
Tracking the development of Kroger’s automated e-commerce center network,https://www.grocerydive.com/news/kroger-ecommerce-network-ocado-map/626990/,20220725T102006,[],"Kroger's ambitious plan, announced in 2018, to create a nationwide network of robotic e-commerce fulfillment centers with Ocado began with energetic openings in 2021 and continued through late 2023. However, the project has faced mounting challenges, including the closure of multiple ""spokes"" and customer fulfillment centers (CFCs) since May 2024, and a recent cancellation of a planned North Carolina CFC. This article provides a continually updated tracker of Kroger's automated e-commerce network, detailing facility openings and closures as the grocer refines its online fulfillment strategy.",,Grocery Dive,General,Grocery Dive,"[{'topic': 'retail_wholesale', 'relevance_score': '0.940443'}, {'topic': 'technology', 'relevance_score': '0.708291'}, {'topic': 'manufacturing', 'relevance_score': '0.623640'}]",-0.110483,Neutral,"[{'ticker': 'KR', 'relevance_score': '1.000000', 'ticker_sentiment_score': '-0.297552', 'ticker_sentiment_label': 'Somewhat-Bearish'}, {'ticker': 'AMZN', 'relevance_score': '0.623609', 'ticker_sentiment_score': '0.077354', 'ticker_sentiment_label': 'Neutral'}]"
Top stock reports to watch this week (25.07.2022),https://www.xtb.com/int/market-analysis/news-and-research/top-stock-reports-to-watch-this-week-25-07-2022,20220725T115700,[],"The article highlights the key earnings reports scheduled for the week of July 25, 2022, focusing on major US tech companies like Alphabet, Microsoft, Meta Platforms, Amazon, and Apple. It notes that the Wall Street earnings season is in full swing, with several Dow Jones members also reporting their financial results. This week is expected to be significant for traders due to the high-profile companies announcing their earnings.",https://xas.scdn5.secure.raxcdn.com/build/twigImages/pages/marketNews/topImagePlaceholder.jpg,XTB.com,General,XTB.com,"[{'topic': 'earnings', 'relevance_score': '0.929113'}, {'topic': 'financial_markets', 'relevance_score': '0.819291'}, {'topic': 'technology', 'relevance_score': '0.740509'}]",0.34541,Somewhat-Bullish,"[{'ticker': 'GOOGL', 'relevance_score': '0.917423', 'ticker_sentiment_score': '0.329705', 'ticker_sentiment_label': 'Somewhat-Bullish'}, {'ticker': 'AAPL', 'relevance_score': '0.723569', 'ticker_sentiment_score': '0.321112', 'ticker_sentiment_label': 'Somewhat-Bullish'}, {'ticker': 'AMZN', 'relevance_score': '0.634079', 'ticker_sentiment_score': '0.302723', 'ticker_sentiment_label': 'Somewhat-Bullish'}, {'ticker': 'MSFT', 'relevance_score': '0.608734', 'ticker_sentiment_score': '0.303641', 'ticker_sentiment_label': 'Somewhat-Bullish'}, {'ticker': 'META', 'relevance_score': '0.626375', 'ticker_sentiment_score': '0.345764', 'ticker_sentiment_label': 'Somewhat-Bullish'}]"
Healthcare Triangle launches regional HQ in Singapore to bolster medical innovation in APAC,https://www.biospectrumasia.com/company-results/54/20757/healthcare-triangle-launches-regional-hq-in-singapore-to-bolster-medical-innovation-in-apac.html,20220725T165634,[],"Healthcare Triangle Inc. has inaugurated its regional headquarters in Singapore, planning to invest $25 million to advance digital healthcare across the Asia Pacific region. This expansion aims to foster medical innovation, create over 500 jobs, and support the digital transformation of healthcare and pharmaceutical sectors by leveraging cloud-based platforms. The company's focus includes strategic partnerships and collaborations to build a more resilient healthcare ecosystem in the APAC region.",,BioSpectrum Asia,General,BioSpectrum Asia,"[{'topic': 'life_sciences', 'relevance_score': '0.941103'}, {'topic': 'technology', 'relevance_score': '0.828840'}, {'topic': 'earnings', 'relevance_score': '0.740702'}]",0.198036,Somewhat-Bullish,"[{'ticker': 'HCTI', 'relevance_score': '0.300279', 'ticker_sentiment_score': '0.032501', 'ticker_sentiment_label': 'Neutral'}, {'ticker': 'AMZN', 'relevance_score': '0.601112', 'ticker_sentiment_score': '0.219895', 'ticker_sentiment_label': 'Somewhat-Bullish'}, {'ticker': 'GOOGL', 'relevance_score': '0.614012', 'ticker_sentiment_score': '0.220686', 'ticker_sentiment_label': 'Somewhat-Bullish'}, {'ticker': 'MSFT', 'relevance_score': '0.609291', 'ticker_sentiment_score': '0.242673', 'ticker_sentiment_label': 'Somewhat-Bullish'}]"
"Mitsubishi Materials Corporation Selects SAP’s Cloud Offering, RISE with SAP",https://news.sap.com/sea/2022/07/mitsubishi-materials-corporation-selects-saps-cloud-offering-rise-with-sap/,20220726T103433,['SAP SEA'],"Mitsubishi Materials Corporation has chosen SAP's cloud solutions, including RISE with SAP and SAP S/4HANA Cloud, to modernize its core accounting and enterprise information systems. This move is part of the company's broader digital transformation strategy to enhance business value, operational competitiveness, and management efficiency. The implementation will leverage Amazon Web Services and integrate other SAP platforms like SAP Business Technology Platform and SAP Signavio.",https://news.sap.com/sea/files/2022/03/08/73905_273905_h_ergb_s_gl.jpg,SAP News Center,General,SAP News Center,"[{'topic': 'technology', 'relevance_score': '0.909336'}]",0.501124,Bullish,"[{'ticker': 'SAP', 'relevance_score': '1.000000', 'ticker_sentiment_score': '0.719853', 'ticker_sentiment_label': 'Bullish'}, {'ticker': 'AMZN', 'relevance_score': '0.730622', 'ticker_sentiment_score': '0.313603', 'ticker_sentiment_label': 'Somewhat-Bullish'}]"
"Sun Country CEO: Europe, wide-body aircraft, small cities in airline's future",https://www.bizjournals.com/twincities/news/2022/07/26/sun-country-airlines-ceo-pandemic-growth.html,20220726T103627,['Brianna Kelly'],"Sun Country Airlines CEO Jude Bricker discusses the airline's future plans, which include expanding into Europe, utilizing wide-body aircraft for both cargo and passenger services, and serving smaller cities. These initiatives are part of the budget carrier's strategy to capitalize on government-subsidized routes.",https://media.bizj.us/view/img/11174963/best-dsc9607*900xx6333-3568-0-1319.jpg,The Business Journals,General,The Business Journals,"[{'topic': 'energy_transportation', 'relevance_score': '0.910694'}, {'topic': 'finance', 'relevance_score': '0.637313'}]",0.362211,Bullish,"[{'ticker': 'SNCY', 'relevance_score': '1.000000', 'ticker_sentiment_score': '0.404352', 'ticker_sentiment_label': 'Bullish'}, {'ticker': 'AMZN', 'relevance_score': '0.631644', 'ticker_sentiment_score': '0.305791', 'ticker_sentiment_label': 'Somewhat-Bullish'}]"
Amazon to raise Prime prices in Europe as retailer wrestles with costs,https://www.reuters.com/business/retail-consumer/amazon-raise-prime-prices-europe-retailer-wrestles-with-costs-2022-07-25/,20220726T112900,['Jeffrey Dastin'],"Amazon announced it will increase prices for its Prime delivery and streaming service in Europe by up to 43% annually, effective September 15. This move follows a similar hike in the U.S. and is attributed to rising inflation, increased operating costs, and investments in faster delivery and more content. The decision comes as Amazon faces pressure to improve profitability amidst a challenging economic environment, having reported its first quarterly loss in seven years in April.",https://www.reuters.com/resizer/v2/BBIUFS5CLNPJ3CA5ZOHULCALV4.jpg?auth=0f84d5a3498164c2e71f15d377b8ab1ebc2ced97e55716535c3d83f0d282e7fa&width=1920&quality=80,Reuters,General,Reuters,"[{'topic': 'retail_wholesale', 'relevance_score': '0.900801'}, {'topic': 'earnings', 'relevance_score': '0.818795'}, {'topic': 'economy_monetary', 'relevance_score': '0.833654'}, {'topic': 'technology', 'relevance_score': '0.704663'}, {'topic': 'economy_macro', 'relevance_score': '0.626939'}]",-0.094743,Neutral,"[{'ticker': 'AMZN', 'relevance_score': '1.000000', 'ticker_sentiment_score': '0.245433', 'ticker_sentiment_label': 'Somewhat-Bullish'}, {'ticker': 'WMT', 'relevance_score': '0.630773', 'ticker_sentiment_score': '-0.301143', 'ticker_sentiment_label': 'Somewhat-Bearish'}]"
Manufacturing Titan 3M Is Spinning Off Its Healthcare Business Into A Separate Company,https://www.forbes.com/sites/saibala/2022/07/26/manufacturing-titan-3m-is-spinning-off-its-healthcare-business-into-a-separate-company/,20220726T125000,"['Dr. Sai Balasubramanian', 'M.D.', 'J.D.']","3M announced its plan to spin off its healthcare division into a separate, publicly traded company. This new healthcare entity, with approximately $8.6 billion in sales in 2021, will focus on innovation in areas like wound care, oral care, healthcare IT, and biopharma filtration. The move aims to create two well-capitalized companies better positioned to pursue their respective growth strategies.",,Forbes,General,Forbes,"[{'topic': 'life_sciences', 'relevance_score': '0.924733'}, {'topic': 'manufacturing', 'relevance_score': '0.729119'}, {'topic': 'technology', 'relevance_score': '0.638691'}]",0.245596,Somewhat-Bullish,"[{'ticker': 'MMM', 'relevance_score': '1.000000', 'ticker_sentiment_score': '0.334067', 'ticker_sentiment_label': 'Somewhat-Bullish'}, {'ticker': 'AMZN', 'relevance_score': '0.615204', 'ticker_sentiment_score': '0.226131', 'ticker_sentiment_label': 'Somewhat-Bullish'}, {'ticker': 'ORCL', 'relevance_score': '0.606225', 'ticker_sentiment_score': '0.203727', 'ticker_sentiment_label': 'Somewhat-Bullish'}, {'ticker': 'MSFT', 'relevance_score': '0.620612', 'ticker_sentiment_score': '0.209483', 'ticker_sentiment_label': 'Somewhat-Bullish'}, {'ticker': 'GEHC', 'relevance_score': '0.600342', 'ticker_sentiment_score': '0.204135', 'ticker_sentiment_label': 'Somewhat-Bullish'}]"
Rumors of Oracle Layoffs Highlight Company's Position in Cloud Race,https://www.dice.com/career-advice/rumors-of-oracle-layoffs-highlight-companys-position-in-cloud-race,20220726T175651,['Nick Kolakowski'],"Rumors are circulating about potential Oracle layoffs affecting thousands of workers across multiple divisions, following reports from The Information and CRN. This comes as Oracle intensifies its efforts to compete in the cloud market against giants like AWS, Microsoft Azure, and Google Cloud, despite facing an uphill battle in developer preference. While Oracle has secured wins like TikTok as a cloud client and offers competitive salaries for in-demand tech roles, its broad transformation to keep pace in the rapidly evolving cloud landscape is under scrutiny amid tech industry hiring slowdowns.",,Dice,General,Dice,"[{'topic': 'technology', 'relevance_score': '0.906483'}, {'topic': 'economy_macro', 'relevance_score': '0.605681'}]",0.052946,Neutral,"[{'ticker': 'ORCL', 'relevance_score': '1.000000', 'ticker_sentiment_score': '-0.103303', 'ticker_sentiment_label': 'Neutral'}, {'ticker': 'AMZN', 'relevance_score': '0.747734', 'ticker_sentiment_score': '0.109755', 'ticker_sentiment_label': 'Neutral'}, {'ticker': 'MSFT', 'relevance_score': '0.631806', 'ticker_sentiment_score': '0.104508', 'ticker_sentiment_label': 'Neutral'}, {'ticker': 'GOOG', 'relevance_score': '0.579411', 'ticker_sentiment_score': '0.120700', 'ticker_sentiment_label': 'Neutral'}]"
"Walmart profit woes hit retail stocks, deepen consumer spending concerns",https://www.reuters.com/business/retail-consumer/walmart-profit-warning-hammers-retail-stocks-2022-07-26/,20220726T180300,['Medha Singh and Lewis Krauskopf'],"Walmart's reduced profit forecast has caused a significant drop in retail stocks, including Amazon and Target, highlighting concerns about consumer spending slowing due to high inflation. Analysts view Walmart's announcement as a serious indicator of the average American household's financial strain, particularly in discretionary categories like apparel. The situation puts pressure on the Federal Reserve as it considers interest rate hikes to combat inflation while trying to avoid a recession.",https://www.reuters.com/resizer/v2/GISU6IICSROFXJ3BSJJVXTBADE.jpg?auth=6a8a4a2a4138dd58424692d221894abd4aef1562b1bfb119013fa2a3ffbb25f5&width=1920&quality=80,Reuters,General,Reuters,"[{'topic': 'earnings', 'relevance_score': '0.930358'}, {'topic': 'retail_wholesale', 'relevance_score': '1.000000'}, {'topic': 'economy_macro', 'relevance_score': '0.926698'}, {'topic': 'financial_markets', 'relevance_score': '0.821979'}, {'topic': 'economy_monetary', 'relevance_score': '0.719332'}]",-0.383241,Bearish,"[{'ticker': 'WMT', 'relevance_score': '1.000000', 'ticker_sentiment_score': '-0.426259', 'ticker_sentiment_label': 'Bearish'}, {'ticker': 'AMZN', 'relevance_score': '0.630299', 'ticker_sentiment_score': '-0.331000', 'ticker_sentiment_label': 'Somewhat-Bearish'}, {'ticker': 'TGT', 'relevance_score': '0.633374', 'ticker_sentiment_score': '-0.300055', 'ticker_sentiment_label': 'Somewhat-Bearish'}]"
"Corsair K70 Pro Mini wireless review: ""one hell of a feature list""",https://www.gamesradar.com/corsair-k70-pro-mini-wireless-review/,20220727T100225,['Tabitha Baker'],"The Corsair K70 Pro Mini is the brand's first hot-swappable 60% gaming keyboard, offering numerous features like 50 onboard profiles, Bluetooth and 2.4GHz wireless connectivity, and an 8,000Hz polling rate when wired. While praised for its design and gaming performance, the typing experience can be ""scratchy"" due to the stock Cherry MX switches and stabilizer rattle, making it less ideal for productivity. Despite its higher price, it's considered a strong contender for gamers seeking a miniature powerhouse, though alternatives exist for those prioritizing typing feel or a lower cost.",https://cdn.mos.cms.futurecdn.net/5qCydjbBQDeSwdm5b4jGQ6.jpg,GamesRadar+,General,GamesRadar+,"[{'topic': 'technology', 'relevance_score': '0.936648'}]",0.17572,Somewhat-Bullish,"[{'ticker': 'CRSR', 'relevance_score': '1.000000', 'ticker_sentiment_score': '0.274956', 'ticker_sentiment_label': 'Somewhat-Bullish'}, {'ticker': 'BBY', 'relevance_score': '0.555669', 'ticker_sentiment_score': '0.003767', 'ticker_sentiment_label': 'Neutral'}, {'ticker': 'AMZN', 'relevance_score': '0.595820', 'ticker_sentiment_score': '0.016395', 'ticker_sentiment_label': 'Neutral'}, {'ticker': 'AXON', 'relevance_score': '0.625584', 'ticker_sentiment_score': '0.319624', 'ticker_sentiment_label': 'Somewhat-Bullish'}]"
"RYU’s Wholesale Strategy an Unprecedented Success with Addition of Former Saks Fifth Ave SVP, National Expansion, and New Partnerships with Wholesale Icons such as Zappos, Urban Outfitters, Nordstroms, and Others",https://finance.yahoo.com/news/ryu-wholesale-strategy-unprecedented-success-113000564.html,20220727T113000,[],"RYU Apparel Inc. is experiencing dramatic growth in its Q2 2022 wholesale strategy, exceeding expectations due to the addition of Thomas Ott, former Saks Fifth Avenue SVP, to lead its wholesale push. The company announced new partnerships with major retailers like Nordstroms, Urban Outfitters, and Zappos, complementing existing relationships with Altitude Sports and Winners. RYU plans to expand its wholesale channels through traditional stockholding retailers, drop-shipping partnerships, and premium clearance accounts, with strategic goals for its Impact and Rebel collections through 2024.",,Yahoo Finance,General,Yahoo Finance,"[{'topic': 'retail_wholesale', 'relevance_score': '1.000000'}]",0.276537,Somewhat-Bullish,"[{'ticker': 'URBN', 'relevance_score': '0.910744', 'ticker_sentiment_score': '0.310163', 'ticker_sentiment_label': 'Somewhat-Bullish'}, {'ticker': 'WMT', 'relevance_score': '0.633991', 'ticker_sentiment_score': '0.348441', 'ticker_sentiment_label': 'Somewhat-Bullish'}, {'ticker': 'NKE', 'relevance_score': '0.624645', 'ticker_sentiment_score': '0.247850', 'ticker_sentiment_label': 'Somewhat-Bullish'}, {'ticker': 'TJX', 'relevance_score': '0.638373', 'ticker_sentiment_score': '0.321828', 'ticker_sentiment_label': 'Somewhat-Bullish'}, {'ticker': 'AMZN', 'relevance_score': '0.630930', 'ticker_sentiment_score': '0.231240', 'ticker_sentiment_label': 'Somewhat-Bullish'}]"
"Amazon's new KC-area lease is in the same location, but with a smaller size",https://www.bizjournals.com/kansascity/news/2022/07/28/amazon-i-49-industrial-center-industrial-lease.html,20220728T095230,['Thomas Friestad'],"Amazon has signed a new lease for a warehouse in the Kansas City area, returning to a site where it previously canceled plans for a larger project. The move comes as Amazon evaluates its nationwide warehouse needs due to slowing e-commerce demand. The new facility will be smaller than the previously planned project, but is located in the same industrial park.",https://media.bizj.us/view/img/12171318/kck-1*900xx2016-1134-0-189.jpg,The Business Journals,General,The Business Journals,"[{'topic': 'real_estate', 'relevance_score': '0.931841'}, {'topic': 'retail_wholesale', 'relevance_score': '0.803821'}, {'topic': 'economy_macro', 'relevance_score': '0.610465'}]",0.049018,Neutral,"[{'ticker': 'AMZN', 'relevance_score': '0.334374', 'ticker_sentiment_score': '0.040003', 'ticker_sentiment_label': 'Neutral'}]"
Dick’s Sporting Goods debuts virtual high school experience on Roblox,https://www.retaildive.com/news/dicks-sporting-goods-school-sport-roblox/628334/,20220728T100439,['Tatiana Walk-Morris'],"Dick's Sporting Goods has launched a virtual ""School of Sport"" experience on Roblox to engage younger shoppers during the back-to-school season. Users can customize avatars, participate in challenges, and earn style points, aiming to connect with Gen Z in the metaverse. This initiative aligns with a new ""Sport Your Style"" campaign and taps into Roblox's popularity among retailers targeting younger demographics.",https://imgproxy.divecdn.com/J142Ta2NUZ5CvC5blow4s9ge3G47rehpwF0JTQY5_QA/g:ce/rs:fill:1200:675:1/Z3M6Ly9kaXZlc2l0ZS1zdG9yYWdlL2RpdmVpbWFnZS9pbWFnZTFfMTY1ODUwMjczNDYzMi1IUl9WcG43U0lNLmpwZw==.webp,Retail Dive,General,Retail Dive,"[{'topic': 'retail_wholesale', 'relevance_score': '0.924059'}, {'topic': 'technology', 'relevance_score': '0.814829'}, {'topic': 'economy_macro', 'relevance_score': '0.634872'}]",0.195012,Somewhat-Bullish,"[{'ticker': 'DKS', 'relevance_score': '0.986447', 'ticker_sentiment_score': '0.341733', 'ticker_sentiment_label': 'Somewhat-Bullish'}, {'ticker': 'AMZN', 'relevance_score': '0.575328', 'ticker_sentiment_score': '0.098462', 'ticker_sentiment_label': 'Neutral'}]"
FedEx Ground affirms ban on 3rd-party negotiations with contractors,https://www.freightwaves.com/news/fedex-ground-affirms-ban-on-3rd-party-negotiations-with-contractors,20220728T100906,['Mark Solomon'],"FedEx Ground has reaffirmed its policy against negotiating with third parties representing groups of contractors, insisting on individual agreements. This comes in response to a contractor, Spencer Patton, attempting to organize other contractors to collectively negotiate financial terms, citing rising costs. FedEx Ground CEO John Smith stated that such group negotiations breach existing contracts and emphasized that service reliability has improved, contrary to Patton's claims about turbulence impacting deliveries.","https://freightwaves.b-cdn.net/wp-content/uploads/2022/07/060222-107.jpg?resize=970,546&width=970&height=546",FreightWaves,General,FreightWaves,"[{'topic': 'energy_transportation', 'relevance_score': '0.847097'}, {'topic': 'economy_macro', 'relevance_score': '0.638767'}, {'topic': 'retail_wholesale', 'relevance_score': '0.637703'}]",-0.102987,Neutral,"[{'ticker': 'FDX', 'relevance_score': '0.974351', 'ticker_sentiment_score': '-0.310362', 'ticker_sentiment_label': 'Somewhat-Bearish'}, {'ticker': 'UPS', 'relevance_score': '0.623730', 'ticker_sentiment_score': '0.115201', 'ticker_sentiment_label': 'Neutral'}, {'ticker': 'AMZN', 'relevance_score': '0.598790', 'ticker_sentiment_score': '0.003726', 'ticker_sentiment_label': 'Neutral'}]"
How Zoom security incident response survived the pandemic,https://www.techtarget.com/searchitoperations/news/252523269/How-Zoom-security-incident-response-survived-the-pandemic,20220728T104057,['Beth Pariseau'],"During the COVID-19 pandemic, Zoom experienced an exponential increase in users, forcing a massive, rapid scaling of its incident response operation and observability infrastructure. The company addressed security concerns by significantly expanding its security data log infrastructure and implementing new security protocols, executive hires, and a freeze on non-security related features. Leveraging AWS services like Kinesis, Lambda, and S3, Zoom built a scalable, event-driven architecture to manage petabytes of data, and further enhanced its security posture with Splunk's SOAR tool to automate incident triage and improve alert efficiency.",https://www.techtarget.com/rms/onlineimages/strategy_a42425262_searchsitetablet_520X173.jpg,TechTarget,General,TechTarget,"[{'topic': 'technology', 'relevance_score': '0.946224'}]",0.303489,Somewhat-Bullish,"[{'ticker': 'TTGT', 'relevance_score': '0.606473', 'ticker_sentiment_score': '0.328412', 'ticker_sentiment_label': 'Somewhat-Bullish'}, {'ticker': 'AMZN', 'relevance_score': '0.707375', 'ticker_sentiment_score': '0.303592', 'ticker_sentiment_label': 'Somewhat-Bullish'}, {'ticker': 'NOW', 'relevance_score': '0.632544', 'ticker_sentiment_score': '0.317610', 'ticker_sentiment_label': 'Somewhat-Bullish'}]"
Congressional probe labels Siegel Group’s eviction practices ‘uniquely egregious’,https://nevadacurrent.com/2022/07/29/congressional-probe-labels-siegel-groups-eviction-practices-uniquely-egregious/,20220729T101711,['Michael Lyle'],"A U.S. House committee investigation found Siegel Suites used abusive tactics, including ""deceptive and potentially unlawful practices,"" to evict tenants during the pandemic, even those approved for rental assistance. The report called The Siegel Group's actions ""uniquely egregious"" and revealed nearly 15,000 eviction filings by four corporate landlords under investigation. Despite receiving rental assistance and PPP loans, Siegel continued evicting tenants, leading to severe hardship for individuals like Ashima Carter, who struggled with housing and credit damage.",https://nevadacurrent.com/wp-content/uploads/2022/01/siegel-suites-off-Flamingo-Hugh-photo-1536x1152.jpg,Nevada Current,General,Nevada Current,"[{'topic': 'real_estate', 'relevance_score': '0.913629'}, {'topic': 'economy_fiscal', 'relevance_score': '0.841090'}]",-0.06023,Neutral,"[{'ticker': 'INVH', 'relevance_score': '0.827943', 'ticker_sentiment_score': '-0.223419', 'ticker_sentiment_label': 'Somewhat-Bearish'}, {'ticker': 'AMZN', 'relevance_score': '0.609472', 'ticker_sentiment_score': '0.121613', 'ticker_sentiment_label': 'Neutral'}]"
KT ups ante with $1.5 billion spending on public sector cloud service,https://www.kedglobal.com/cloud-computing/newsView/ked202207290011,20220729T102017,"['Jeong-Soo Hwang', 'In-Soo Nam']","KT Cloud Corp., a subsidiary of South Korea's telecom giant KT Corp., plans to invest up to 2 trillion won ($1.5 billion) over the next three years to expand its presence in the domestic public cloud service sector and enhance its internet data center (IDC) capacity. This move comes as competition intensifies in the Korean cloud market, with local rivals like Naver Cloud and NHN Cloud also aggressively expanding, and foreign players such as Snowflake, Amazon's AWS, Microsoft Azure, and Google Cloud Platform dominating the broader market. However, local companies are seen to have an advantage in the public sector due to meeting specific government security requirements.",https://www.kedglobal.com/data/ked/image/2022/07/29/ked202207290011.700x.0.jpg,KED Global,General,KED Global,"[{'topic': 'technology', 'relevance_score': '0.936687'}, {'topic': 'ipo', 'relevance_score': '0.628632'}, {'topic': 'economy_fiscal', 'relevance_score': '0.642384'}]",0.15659,Somewhat-Bullish,"[{'ticker': 'KT', 'relevance_score': '1.000000', 'ticker_sentiment_score': '0.320701', 'ticker_sentiment_label': 'Somewhat-Bullish'}, {'ticker': 'AMZN', 'relevance_score': '0.705786', 'ticker_sentiment_score': '0.101941', 'ticker_sentiment_label': 'Neutral'}, {'ticker': 'MSFT', 'relevance_score': '0.630289', 'ticker_sentiment_score': '0.144457', 'ticker_sentiment_label': 'Neutral'}, {'ticker': 'GOOGL', 'relevance_score': '0.601950', 'ticker_sentiment_score': '0.134870', 'ticker_sentiment_label': 'Neutral'}]"
EHR on Amazon FSx for NetApp ONTAP,https://www.netapp.com/blog/ehr-on-amazon-fsx-for-netapp-ontap/,20220729T102657,"[""Brian O'Mahony""]","This article discusses how Amazon FSx for NetApp ONTAP helps healthcare organizations migrate electronic health records (EHRs) to the cloud, addressing challenges like cost reduction, performance, and data management. It emphasizes the partnership between NetApp and AWS in enabling this transition, highlighting benefits such as faster upgrades and improved data protection. The solution aims to free healthcare providers from data center burdens, allowing them to focus on patient outcomes and innovation.",https://www.netapp.com/media/EHR-on-Amazon-FSx-for-NetApp-ONTAP-hero-940x784_tcm19-73884.jpg?v=176762,NetApp,General,NetApp,"[{'topic': 'technology', 'relevance_score': '0.812692'}, {'topic': 'life_sciences', 'relevance_score': '0.738321'}]",0.453267,Bullish,"[{'ticker': 'NTAP', 'relevance_score': '0.992911', 'ticker_sentiment_score': '0.426894', 'ticker_sentiment_label': 'Bullish'}, {'ticker': 'AMZN', 'relevance_score': '0.812037', 'ticker_sentiment_score': '0.475902', 'ticker_sentiment_label': 'Bullish'}]"
"P&G Leverages Digital to Drive Sales, Internal Productivity",https://www.pymnts.com/earnings/2022/pg-leverages-digital-to-drive-sales-internal-productivity/,20220729T103014,['PYMNTS'],"Procter & Gamble (P&G) is using digital technologies to enhance both its internal efficiency and its ability to attract consumers amidst challenges like supply chain disruptions and inflation. The company's CEO, Jon Moeller, highlighted the use of AI and blockchain as tools to delight consumers and customers cost-effectively. P&G's CFO, Andre Schulten, noted that over half of their advertising budget is allocated to digital channels, aligning with the growing consumer preference for eCommerce and online grocery shopping.",https://www.pymnts.com/wp-content/uploads/2022/07/Procter-Gamble.jpg?w=768,PYMNTS.com,General,PYMNTS.com,"[{'topic': 'retail_wholesale', 'relevance_score': '0.934912'}, {'topic': 'earnings', 'relevance_score': '0.824323'}, {'topic': 'technology', 'relevance_score': '0.702476'}, {'topic': 'economy_monetary', 'relevance_score': '0.639660'}]",0.160916,Somewhat-Bullish,"[{'ticker': 'PG', 'relevance_score': '1.000000', 'ticker_sentiment_score': '0.262532', 'ticker_sentiment_label': 'Somewhat-Bullish'}, {'ticker': 'WMT', 'relevance_score': '0.604074', 'ticker_sentiment_score': '0.120600', 'ticker_sentiment_label': 'Neutral'}, {'ticker': 'AMZN', 'relevance_score': '0.575595', 'ticker_sentiment_score': '0.110217', 'ticker_sentiment_label': 'Neutral'}, {'ticker': 'GOOGL', 'relevance_score': '0.551806', 'ticker_sentiment_score': '0.105397', 'ticker_sentiment_label': 'Neutral'}]"
H|T: The Healthtech Times – Amazon is buying into primary care with One Medical acquisition,https://betakit.com/ht-the-healthtech-times-amazon-is-buying-into-primary-care-with-one-medical-acquisition/,20220729T103020,['Michael Edgar'],"This article from ""H|T: The Healthtech Times"" reports on Amazon's acquisition of primary care provider One Medical for $3.9 billion. It also covers significant developments in the healthtech sector, including Oncoustics securing $5.5 million CAD for AI-powered liver disease detection, TA Associates investing over $400 million in Intelerad, and Invitae laying off more than 1,000 employees. The piece highlights a cooling trend in digital health investment after a highly active year.",https://cdn.betakit.com/wp-content/uploads/2022/07/24f9f508-f50e-1e51-b443-f76e200bbf32-770x433.jpeg,BetaKit,General,BetaKit,"[{'topic': 'mergers_and_acquisitions', 'relevance_score': '1.000000'}, {'topic': 'life_sciences', 'relevance_score': '0.916705'}, {'topic': 'technology', 'relevance_score': '0.806111'}, {'topic': 'finance', 'relevance_score': '0.714029'}]",0.161367,Somewhat-Bullish,"[{'ticker': 'PHG', 'relevance_score': '0.332539', 'ticker_sentiment_score': '0.015416', 'ticker_sentiment_label': 'Neutral'}, {'ticker': 'GEHC', 'relevance_score': '0.622556', 'ticker_sentiment_score': '0.116471', 'ticker_sentiment_label': 'Neutral'}, {'ticker': 'AMZN', 'relevance_score': '0.943731', 'ticker_sentiment_score': '0.324591', 'ticker_sentiment_label': 'Somewhat-Bullish'}, {'ticker': 'GEV', 'relevance_score': '0.615801', 'ticker_sentiment_score': '0.123733', 'ticker_sentiment_label': 'Neutral'}, {'ticker': 'BDX', 'relevance_score': '0.625680', 'ticker_sentiment_score': '0.120886', 'ticker_sentiment_label': 'Neutral'}]"
"Lessons from Target’s cloud journey, a decade in the making",https://www.ciodive.com/news/target-cloud-migration/628448/,20220729T103931,['Lindsey Wilkinson'],"Target embarked on its cloud journey a decade ago, moving beyond a simple ""lift and shift"" to a hybrid multicloud architecture supported by Google Cloud Platform and Microsoft Azure. The retailer modernized its application stack with a microservices approach and open-source tools, overcoming initial cost challenges through significant investment in engineering and FinOps. Target plans to continue its hybrid strategy, leveraging public cloud for scalability and cost arbitrage, and private cloud for data-intensive and core business applications.",https://imgproxy.divecdn.com/qFCdxQwTQDJTeDU_goOCpNgJWiK-mibNkqQavhBftY4/g:ce/rs:fill:1200:675:1/Z3M6Ly9kaXZlc2l0ZS1zdG9yYWdlL2RpdmVpbWFnZS9nZXR0eWltYWdlcy01NzYxOTIyNi01OTR4NTk0LmpwZw==.webp,CIO Dive,General,CIO Dive,"[{'topic': 'retail_wholesale', 'relevance_score': '0.744535'}, {'topic': 'technology', 'relevance_score': '1.000000'}, {'topic': 'finance', 'relevance_score': '0.635122'}]",0.285045,Somewhat-Bullish,"[{'ticker': 'TGT', 'relevance_score': '1.000000', 'ticker_sentiment_score': '0.274328', 'ticker_sentiment_label': 'Somewhat-Bullish'}, {'ticker': 'GOOGL', 'relevance_score': '0.738105', 'ticker_sentiment_score': '0.312649', 'ticker_sentiment_label': 'Somewhat-Bullish'}, {'ticker': 'MSFT', 'relevance_score': '0.670808', 'ticker_sentiment_score': '0.322782', 'ticker_sentiment_label': 'Somewhat-Bullish'}, {'ticker': 'AMZN', 'relevance_score': '0.574534', 'ticker_sentiment_score': '0.214576', 'ticker_sentiment_label': 'Somewhat-Bullish'}]"
The Weekly Closeout: Lululemon launches its third shoe and Williams Sonoma’s president resigns,https://www.retaildive.com/news/lululemon-launches-third-shoe-amazon-europe-prime-increase/628423/,20220729T104445,['Retail Dive Staff'],"This weekly retail roundup highlights Lululemon's launch of its third shoe, the Chargefeel cross-training shoe, and the resignation of Williams Sonoma's president, Ryan Ross, who is replaced by Felix Carbullido. Other news includes Adidas signing 15 female college athletes to NIL deals, Lids opening university-focused retail stores, Best Buy's new small-format store design, and Miller Lite's BodegaWear collection. The article also touches on Shopify's significant net loss and layoffs, and Amazon's planned Prime membership fee increases in Europe due to rising costs.",https://imgproxy.divecdn.com/nC6KyTpwEaUVpJy1l04GkDn3zyCcSod9F5IjNW-i5ug/g:ce/rs:fill:1200:675:1/Z3M6Ly9kaXZlc2l0ZS1zdG9yYWdlL2RpdmVpbWFnZS9jaGFyZ2VmZWVsX2NhbXBhaWduX01pZF9pbl9IaWdobGlnaHRfWWVsbG93X2xhY2luZ191c2luZ191cCUzRS5qcGc=.webp,Retail Dive,General,Retail Dive,"[{'topic': 'retail_wholesale', 'relevance_score': '1.000000'}, {'topic': 'earnings', 'relevance_score': '0.823718'}, {'topic': 'finance', 'relevance_score': '0.622296'}]",0.082157,Neutral,"[{'ticker': 'WSM', 'relevance_score': '0.918882', 'ticker_sentiment_score': '0.140870', 'ticker_sentiment_label': 'Neutral'}, {'ticker': 'LULU', 'relevance_score': '0.893759', 'ticker_sentiment_score': '0.312617', 'ticker_sentiment_label': 'Somewhat-Bullish'}, {'ticker': 'BBY', 'relevance_score': '0.607482', 'ticker_sentiment_score': '0.124516', 'ticker_sentiment_label': 'Neutral'}, {'ticker': 'AMZN', 'relevance_score': '0.643388', 'ticker_sentiment_score': '-0.329327', 'ticker_sentiment_label': 'Somewhat-Bearish'}, {'ticker': 'NKE', 'relevance_score': '0.582837', 'ticker_sentiment_score': '0.215910', 'ticker_sentiment_label': 'Somewhat-Bullish'}]"
Walmart Hawks Refurbished Goods to Inflation-Squeezed Shoppers,https://www.ttnews.com/articles/walmart-hawks-refurbished-goods-inflation-squeezed-shoppers,20220729T135000,['Brendan Case | Bloomberg News'],"Walmart is launching a ""Walmart Restored"" program to sell refurbished goods from brands like Apple, Samsung, and KitchenAid, both online and in some stores this fall. This initiative aims to attract cost-conscious shoppers amidst high inflation by offering inspected, tested, and cleaned products with 90-day free returns. The move comes after Walmart cut its profit forecast, noting that rising food and fuel prices are causing customers to reduce spending on general merchandise.",,Transport Topics,General,Transport Topics,"[{'topic': 'retail_wholesale', 'relevance_score': '0.916122'}, {'topic': 'economy_monetary', 'relevance_score': '0.813650'}, {'topic': 'earnings', 'relevance_score': '0.711355'}]",0.136395,Neutral,"[{'ticker': 'WMT', 'relevance_score': '1.000000', 'ticker_sentiment_score': '0.136447', 'ticker_sentiment_label': 'Neutral'}, {'ticker': 'AAPL', 'relevance_score': '0.708236', 'ticker_sentiment_score': '0.122250', 'ticker_sentiment_label': 'Neutral'}, {'ticker': 'AMZN', 'relevance_score': '0.630430', 'ticker_sentiment_score': '0.147322', 'ticker_sentiment_label': 'Neutral'}]"
PLDT activates trans-Pacific cable system seen to boost Philippine int’l data capacity,https://www.gmanetwork.com/news/money/companies/839896/pldt-activates-trans-pacific-cable-system-seen-to-boost-philippine-int-l-data-capacity/story/,20220730T103024,"['TED CORDERO', 'GMA News']","PLDT Inc. has activated the Jupiter Cable System, a trans-Pacific cable network that will significantly boost the Philippines' international data capacity. This $136 million investment connects the Philippines to Japan and Los Angeles, tripling PLDT's international capacity to about 60 terabits per second. The system is expected to enhance internet speed and reliability for Filipinos, supporting the nation's digital economy and data-driven industries.",,GMA Network,General,GMA Network,"[{'topic': 'technology', 'relevance_score': '0.937808'}]",0.294641,Somewhat-Bullish,"[{'ticker': 'PHI', 'relevance_score': '0.322319', 'ticker_sentiment_score': '0.026568', 'ticker_sentiment_label': 'Neutral'}, {'ticker': 'AMZN', 'relevance_score': '0.606846', 'ticker_sentiment_score': '0.387113', 'ticker_sentiment_label': 'Bullish'}, {'ticker': 'MSFT', 'relevance_score': '0.566596', 'ticker_sentiment_score': '0.383910', 'ticker_sentiment_label': 'Bullish'}]"
"How Amazon, Starbucks and other companies fight unions | Robert Reich",https://penncapital-star.com/commentary/how-amazon-starbucks-and-other-companies-fight-unions-robert-reich/,20220731T103442,['Robert Reich'],"Robert Reich details four common union-busting tactics employed by large corporations such as Amazon and Starbucks: anti-union propaganda, hiring expensive anti-union consultants, intentionally delaying unionization votes, and outright breaking labor laws. He highlights that despite these efforts, workers are increasingly unionizing and public opinion supports labor rights. Reich advocates for the PRO Act to strengthen protections for union organizers and level the playing field.",https://penncapital-star.com/wp-content/uploads/2022/05/starbucks-one-time-use-conversation.jpeg,Pennsylvania Capital-Star,General,Pennsylvania Capital-Star,"[{'topic': 'retail_wholesale', 'relevance_score': '0.844338'}, {'topic': 'economy_fiscal', 'relevance_score': '0.742623'}]",-0.418981,Bearish,"[{'ticker': 'SBUX', 'relevance_score': '1.000000', 'ticker_sentiment_score': '-0.648705', 'ticker_sentiment_label': 'Bearish'}, {'ticker': 'AMZN', 'relevance_score': '0.921292', 'ticker_sentiment_score': '-0.590431', 'ticker_sentiment_label': 'Bearish'}, {'ticker': 'DAL', 'relevance_score': '0.680843', 'ticker_sentiment_score': '-0.108581', 'ticker_sentiment_label': 'Neutral'}]"
