title,url,time_published,authors,summary,banner_image,source,category_within_source,source_domain,topics,overall_sentiment_score,overall_sentiment_label,ticker_sentiment
Berks e-commerce fulfillment center closing by year-end,https://www.timesherald.com/2025/06/02/berks-e-commerce-fulfillment-center-closing-by-year-end/,20250602T013000,['Donna Rovins'],"Ryder Integrated Logistics Inc. is closing its Berks County e-commerce fulfillment center by December 31, 2025, affecting 76 employees. Layoffs will begin August 1, and the company is offering severance, retention bonuses, and redeployment efforts for affected staff. The closure is due to the non-renewal of the building's lease, with operations shifting to other Ryder locations.",https://www.timesherald.com/wp-content/uploads/2025/06/REG-L-RyderLogisticsCloses4953.jpg?fit=620%2C9999px&ssl=1,The Times Herald,General,The Times Herald,"[{'topic': 'retail_wholesale', 'relevance_score': '0.909840'}, {'topic': 'economy_macro', 'relevance_score': '0.810744'}, {'topic': 'finance', 'relevance_score': '0.730231'}]",-0.100375,Neutral,"[{'ticker': 'R', 'relevance_score': '0.965979', 'ticker_sentiment_score': '-0.209982', 'ticker_sentiment_label': 'Somewhat-Bearish'}, {'ticker': 'FDX', 'relevance_score': '0.618769', 'ticker_sentiment_score': '0.013576', 'ticker_sentiment_label': 'Neutral'}, {'ticker': 'UPS', 'relevance_score': '0.622205', 'ticker_sentiment_score': '0.007924', 'ticker_sentiment_label': 'Neutral'}, {'ticker': 'AMZN', 'relevance_score': '0.567174', 'ticker_sentiment_score': '-0.075079', 'ticker_sentiment_label': 'Neutral'}]"
"In brief: Best Buy restructures, McKesson spins off, BOC responds, women reign",https://www.hmenews.com/article/in-brief-best-buy-restructures-mckesson-spins-off-boc-responds-women-reign,20250602T161500,['HME News Staff'],"Best Buy is undergoing a major restructuring in its health business, incurring $109 million in charges. McKesson plans to spin off its Medical-Surgical Solutions segment to focus on oncology and biopharma, having recently acquired CORE Ventures for $2.49 billion. BOC faces a three-year pause on new accreditations in certain states due to a former contractor's misconduct, while Amazon Pharmacy has enhanced its services for medication management.",,HME News,General,HME News,"[{'topic': 'retail_wholesale', 'relevance_score': '0.918278'}, {'topic': 'life_sciences', 'relevance_score': '0.828578'}, {'topic': 'mergers_and_acquisitions', 'relevance_score': '0.705524'}]",0.189944,Somewhat-Bullish,"[{'ticker': 'MCK', 'relevance_score': '0.959374', 'ticker_sentiment_score': '0.327897', 'ticker_sentiment_label': 'Somewhat-Bullish'}, {'ticker': 'BBY', 'relevance_score': '0.853518', 'ticker_sentiment_score': '-0.242819', 'ticker_sentiment_label': 'Somewhat-Bearish'}, {'ticker': 'DXCM', 'relevance_score': '0.609878', 'ticker_sentiment_score': '0.222661', 'ticker_sentiment_label': 'Somewhat-Bullish'}, {'ticker': 'AMZN', 'relevance_score': '0.731964', 'ticker_sentiment_score': '0.334946', 'ticker_sentiment_label': 'Somewhat-Bullish'}, {'ticker': 'TGT', 'relevance_score': '0.605386', 'ticker_sentiment_score': '0.114071', 'ticker_sentiment_label': 'Neutral'}]"
Quantum startup Infleqtion eyes defense industry applications after raising $100M,https://siliconangle.com/2025/06/02/quantum-startup-infleqtion-eyes-defense-industry-applications-raising-100m/,20250602T224614,['Mike Wheatley'],"Quantum startup Infleqtion has raised $100 million in funding to advance its neutral atom-based quantum computer development. The company's technology, which operates at room temperature, also has applications in precise positioning, navigation, and timing for the defense industry, with existing deployments at NASA and the U.S. Department of Defense. This funding will be used to accelerate both its quantum computer efforts and scale its atomic clock technology, leveraging significant revenue already generated from these applications.",https://d15shllkswkct0.cloudfront.net/wp-content/blogs.dir/1/files/2025/06/Screenshot-from-2025-06-03-07-57-30.png,SiliconANGLE,General,SiliconANGLE,"[{'topic': 'technology', 'relevance_score': '1.000000'}, {'topic': 'finance', 'relevance_score': '0.744516'}, {'topic': 'earnings', 'relevance_score': '0.748770'}]",0.09692,Neutral,"[{'ticker': 'INFQ', 'relevance_score': '0.337137', 'ticker_sentiment_score': '0.008290', 'ticker_sentiment_label': 'Neutral'}, {'ticker': 'IBM', 'relevance_score': '0.634265', 'ticker_sentiment_score': '0.144596', 'ticker_sentiment_label': 'Neutral'}, {'ticker': 'MSFT', 'relevance_score': '0.629883', 'ticker_sentiment_score': '0.128182', 'ticker_sentiment_label': 'Neutral'}, {'ticker': 'GOOGL', 'relevance_score': '0.603191', 'ticker_sentiment_score': '0.115293', 'ticker_sentiment_label': 'Neutral'}, {'ticker': 'AMZN', 'relevance_score': '0.605707', 'ticker_sentiment_score': '0.142529', 'ticker_sentiment_label': 'Neutral'}]"
Interim Kohl's CEO Michael Bender outlines strategy for national retailer - Bizwomen,https://www.bizjournals.com/stlouis/bizwomen/news/latest-news/2025/06/kohls-interim-ceo-maintains-existing-strategies-q1.html,20250602T224900,['Linda Spice'],"Interim Kohl's CEO Michael Bender announced that the national retailer will largely continue with the existing strategies set by previous management. While the business is studying its approach, key focus areas include offering curated assortments, reestablishing Kohl's as a value and quality leader, and delivering a frictionless shopping experience. CFO Jill Timm emphasized the importance of value messaging for middle and low-income customers under financial pressure.",https://media.bizj.us/view/img/12278924/kohls-1*800xx1280-720-0-67.jpg,The Business Journals,General,The Business Journals,"[{'topic': 'retail_wholesale', 'relevance_score': '0.905012'}, {'topic': 'earnings', 'relevance_score': '0.722174'}, {'topic': 'economy_macro', 'relevance_score': '0.645668'}]",0.127658,Neutral,"[{'ticker': 'KSS', 'relevance_score': '1.000000', 'ticker_sentiment_score': '0.058439', 'ticker_sentiment_label': 'Neutral'}, {'ticker': 'AMZN', 'relevance_score': '0.628432', 'ticker_sentiment_score': '0.229054', 'ticker_sentiment_label': 'Somewhat-Bullish'}, {'ticker': 'TJX', 'relevance_score': '0.617341', 'ticker_sentiment_score': '-0.063088', 'ticker_sentiment_label': 'Neutral'}, {'ticker': 'NKE', 'relevance_score': '0.611175', 'ticker_sentiment_score': '0.240325', 'ticker_sentiment_label': 'Somewhat-Bullish'}]"
The Robots Are Coming,https://www.morganstanley.com/insights/videos/humanoid-robots-adam-jonas,20250602T230203,['Adam Jonas'],"Adam Jonas, Morgan Stanley’s Head of Global Autos and Shared Mobility Research, discusses how artificial intelligence is rapidly transitioning into the physical world through humanoid robots. The article highlights that AI is gaining physical abilities, blurring the lines between mobile devices and robots, and transforming industries. It encourages investors to explore opportunities in this embodied AI space.",https://www.morganstanley.com/content/dam/msdotcom/Insights/articles/embodied-ai-video/wide-humanoid-robotics.jpg/_jcr_content/renditions/extrawide_3x1.jpg,Morgan Stanley,General,Morgan Stanley,"[{'topic': 'technology', 'relevance_score': '0.909865'}, {'topic': 'financial_markets', 'relevance_score': '0.716160'}]",0.204687,Somewhat-Bullish,"[{'ticker': 'MS-P-A', 'relevance_score': '0.341195', 'ticker_sentiment_score': '0.046351', 'ticker_sentiment_label': 'Neutral'}, {'ticker': 'MS', 'relevance_score': '1.000000', 'ticker_sentiment_score': '0.227106', 'ticker_sentiment_label': 'Somewhat-Bullish'}, {'ticker': 'NVDA', 'relevance_score': '0.639553', 'ticker_sentiment_score': '0.337015', 'ticker_sentiment_label': 'Somewhat-Bullish'}, {'ticker': 'GOOGL', 'relevance_score': '0.576096', 'ticker_sentiment_score': '0.259553', 'ticker_sentiment_label': 'Somewhat-Bullish'}, {'ticker': 'AMZN', 'relevance_score': '0.567045', 'ticker_sentiment_score': '0.278859', 'ticker_sentiment_label': 'Somewhat-Bullish'}]"
Will the MAG 7 Stocks Continue to Lead the Stock Market?,https://www.theglobeandmail.com/investing/markets/stocks/AMZN/pressreleases/32703849/will-the-mag-7-stocks-continue-to-lead-the-stock-market/,20250603T042349,['Andrew Hecht'],"The article discusses the continued influence of the ""Magnificent Seven"" (MAG 7) stocks—Microsoft, NVIDIA, Apple, Amazon, Alphabet, Meta Platforms, and Tesla—on the US stock market. It highlights their market capitalization leadership and their resilience following a market correction caused by tariff fears. The author suggests that the MAGS ETF offers a diversified way to invest in these leading technology companies and expects them to maintain their market leadership.",https://media.barchart.com/contributors-admin/common-images/images/Stocks%2C%20Markets%2C%20%26%20Global%20Economy/Magnificent%207/A%20hand%20holding%20a%20smartphone%20with%20the%20logos%20for%20Magnificent%207%20companies_%20Image%20by%20gguy%20via%20Shutterstock_.jpg,The Globe and Mail,General,The Globe and Mail,"[{'topic': 'financial_markets', 'relevance_score': '0.930907'}, {'topic': 'technology', 'relevance_score': '0.835073'}, {'topic': 'economy_macro', 'relevance_score': '0.633580'}]",0.271533,Somewhat-Bullish,"[{'ticker': 'MAGS', 'relevance_score': '1.000000', 'ticker_sentiment_score': '0.337237', 'ticker_sentiment_label': 'Somewhat-Bullish'}, {'ticker': 'MSFT', 'relevance_score': '0.749991', 'ticker_sentiment_score': '0.283435', 'ticker_sentiment_label': 'Somewhat-Bullish'}, {'ticker': 'NVDA', 'relevance_score': '0.741872', 'ticker_sentiment_score': '0.284139', 'ticker_sentiment_label': 'Somewhat-Bullish'}, {'ticker': 'AAPL', 'relevance_score': '0.732663', 'ticker_sentiment_score': '0.270744', 'ticker_sentiment_label': 'Somewhat-Bullish'}, {'ticker': 'AMZN', 'relevance_score': '0.719463', 'ticker_sentiment_score': '0.292278', 'ticker_sentiment_label': 'Somewhat-Bullish'}]"
These are the Alabama companies that made the Fortune 500,https://www.al.com/news/2025/06/these-are-the-alabama-companies-that-made-the-fortune-500.html,20250603T074400,['William Thornton'],"Two Birmingham-based companies, Regions Financial Corp. and Vulcan Materials Corp., have once again made the annual Fortune 500 list, which ranks companies by revenue. Regions Financial is ranked 433 with $9.4 billion in revenue, and Vulcan Materials is ranked 500 with $7.4 billion in revenue. This marks the 71st year for the Fortune 500 ranking, with Walmart holding the top spot.",https://www.al.com/resizer/v2/D7I4VHBVIJHAJFHJPSORDELK2I.jpg?auth=04859985976c0f19705afc34fd8ff7ae0bdf78bce5f21f7b6de5bef9100ad0bc&width=1280&smart=true&quality=90,AL.com,General,AL.com,"[{'topic': 'earnings', 'relevance_score': '0.925578'}, {'topic': 'economy_macro', 'relevance_score': '0.742180'}, {'topic': 'finance', 'relevance_score': '0.813747'}]",0.101252,Neutral,"[{'ticker': 'VMC', 'relevance_score': '0.937397', 'ticker_sentiment_score': '0.127312', 'ticker_sentiment_label': 'Neutral'}, {'ticker': 'RF', 'relevance_score': '0.919428', 'ticker_sentiment_score': '0.148261', 'ticker_sentiment_label': 'Neutral'}, {'ticker': 'WMT', 'relevance_score': '0.718988', 'ticker_sentiment_score': '0.128129', 'ticker_sentiment_label': 'Neutral'}, {'ticker': 'AMZN', 'relevance_score': '0.614183', 'ticker_sentiment_score': '0.129211', 'ticker_sentiment_label': 'Neutral'}, {'ticker': 'UNH', 'relevance_score': '0.639917', 'ticker_sentiment_score': '0.116570', 'ticker_sentiment_label': 'Neutral'}]"
"FDG: A High Volatility, Premium Valuation Growth ETF (NYSEARCA:FDG)",https://seekingalpha.com/article/4791946-fdg-a-high-volatility-premium-valuation-growth-etf,20250603T083800,['Carlos R. Tartarini'],"The American Century Focused Dynamic Growth ETF (FDG) is characterized as a high-volatility, premium-valuation growth ETF with a concentrated portfolio focused on mega-cap tech, consumer discretionary, and healthcare. Despite its strong performance in bull markets, the fund exhibits limited diversification, higher costs, and lower liquidity compared to competitors, leading to underperformance and steeper drawdowns in downturns. The author maintains a neutral rating on FDG due to its elevated risk, premium valuation (28.8x earnings), and inconsistent long-term returns.",,Seeking Alpha,General,Seeking Alpha,"[{'topic': 'financial_markets', 'relevance_score': '0.920226'}, {'topic': 'finance', 'relevance_score': '0.806747'}, {'topic': 'technology', 'relevance_score': '0.627242'}]",0.040412,Neutral,"[{'ticker': 'FDG', 'relevance_score': '1.000000', 'ticker_sentiment_score': '-0.247774', 'ticker_sentiment_label': 'Somewhat-Bearish'}, {'ticker': 'NVDA', 'relevance_score': '0.614416', 'ticker_sentiment_score': '0.123453', 'ticker_sentiment_label': 'Neutral'}, {'ticker': 'AMZN', 'relevance_score': '0.625536', 'ticker_sentiment_score': '0.143629', 'ticker_sentiment_label': 'Neutral'}, {'ticker': 'META', 'relevance_score': '0.611511', 'ticker_sentiment_score': '0.131916', 'ticker_sentiment_label': 'Neutral'}]"
Looking For Exposure to Walmart Stock (WMT)? Try These Two ETFs,https://www.theglobeandmail.com/investing/markets/stocks/KO/pressreleases/32701117/looking-for-exposure-to-walmart-stock-wmt-try-these-two-etfs/,20250603T203105,['Tipranks'],"This article suggests two ETFs, Vanguard Consumer Staples (VDC) and VanEck Retail ETF (RTH), for investors seeking exposure to Walmart (WMT) stock. It details Walmart's recent financial performance, including a 2.5% revenue growth in Q1 and a 22% rise in global e-commerce sales, highlighting its strengths such as a strong supply chain and digital growth. The article then provides an overview of each ETF, including their top holdings, assets under management, expense ratios, and year-to-date returns, noting that ETFs offer a diversified and less risky way to invest compared to direct stock ownership.",https://barchart-news-media-prod.aws.barchart.com/SYNDSRC/5c58f3ee2fa693a652dec7589c653aea/image-38-1024x465.png%3Futm_source%3Dtheglobeandmail.com%26utm_medium%3Dreferral,The Globe and Mail,General,The Globe and Mail,"[{'topic': 'earnings', 'relevance_score': '0.922457'}, {'topic': 'retail_wholesale', 'relevance_score': '1.000000'}, {'topic': 'financial_markets', 'relevance_score': '0.941406'}]",0.316557,Somewhat-Bullish,"[{'ticker': 'RTH', 'relevance_score': '1.000000', 'ticker_sentiment_score': '0.448451', 'ticker_sentiment_label': 'Bullish'}, {'ticker': 'WMT', 'relevance_score': '0.925038', 'ticker_sentiment_score': '0.332583', 'ticker_sentiment_label': 'Somewhat-Bullish'}, {'ticker': 'AMZN', 'relevance_score': '0.602919', 'ticker_sentiment_score': '0.330446', 'ticker_sentiment_label': 'Somewhat-Bullish'}, {'ticker': 'COST', 'relevance_score': '0.580806', 'ticker_sentiment_score': '0.275981', 'ticker_sentiment_label': 'Somewhat-Bullish'}]"
AXIAN Telecom Acquires 8% Stake in Jumia,https://innovation-village.com/axian-telecom-acquires-8-stake-in-jumia/,20250603T224741,['Staff Writer'],"AXIAN Telecom has acquired an 8% minority stake in Jumia Technologies AG, marking a significant investment in the embattled e-commerce company. This acquisition aligns with AXIAN’s strategy to support Africa's digital economy and comes at a crucial time for Jumia, which has been undergoing a restructuring process to address financial headwinds and competitive pressures. AXIAN’s backing is expected to provide critical support for Jumia's growth in logistics, JumiaPay expansion, and its fight against new market entrants.",https://i0.wp.com/innovation-village.com/wp-content/uploads/2025/06/Axian-Telecoms-acquires-8-of-Jumia.jpg?fit=708%2C363&ssl=1,Innovation Village,General,Innovation Village,"[{'topic': 'mergers_and_acquisitions', 'relevance_score': '0.915556'}, {'topic': 'earnings', 'relevance_score': '0.822982'}, {'topic': 'technology', 'relevance_score': '0.717172'}, {'topic': 'finance', 'relevance_score': '0.616096'}, {'topic': 'retail_wholesale', 'relevance_score': '0.619588'}]",0.043451,Neutral,"[{'ticker': 'JMIA', 'relevance_score': '1.000000', 'ticker_sentiment_score': '0.103527', 'ticker_sentiment_label': 'Neutral'}, {'ticker': 'GOOGL', 'relevance_score': '0.629664', 'ticker_sentiment_score': '0.018710', 'ticker_sentiment_label': 'Neutral'}, {'ticker': 'AMZN', 'relevance_score': '0.638801', 'ticker_sentiment_score': '0.008948', 'ticker_sentiment_label': 'Neutral'}]"
Marvell: We Remain Bullish on Custom Accelerator Growth,https://www.morningstar.com/stocks/marvell-we-remain-bullish-custom-accelerator-growth,20250603T230153,"['William Kerwin', 'CFA']","Despite a 40% year-to-date drop in Marvell Technology Inc (MRVL) stock due to market concerns about share losses in custom accelerators, Morningstar maintains a bullish outlook. They believe Marvell's strong position with Amazon's Trainium and Microsoft's Maia chips, coupled with its core intellectual property, will drive continued growth. Marvell is considered a top pick in networking semiconductors, trading at a discount to its $90 fair value estimate, with upcoming positive catalysts including an AI chip webinar in June 2025.",https://cloudfront-us-east-1.images.arcpublishing.com/morningstar/XPYFXQCMDNAQJG4IZQILRKBJCQ.jpg,Morningstar,General,Morningstar,"[{'topic': 'earnings', 'relevance_score': '0.807227'}, {'topic': 'technology', 'relevance_score': '1.000000'}, {'topic': 'financial_markets', 'relevance_score': '0.906299'}]",0.352093,Bullish,"[{'ticker': 'MRVL', 'relevance_score': '1.000000', 'ticker_sentiment_score': '0.499637', 'ticker_sentiment_label': 'Bullish'}, {'ticker': 'AMZN', 'relevance_score': '0.647037', 'ticker_sentiment_score': '0.318815', 'ticker_sentiment_label': 'Somewhat-Bullish'}, {'ticker': 'MSFT', 'relevance_score': '0.607247', 'ticker_sentiment_score': '0.303167', 'ticker_sentiment_label': 'Somewhat-Bullish'}, {'ticker': 'AMAT', 'relevance_score': '0.596218', 'ticker_sentiment_score': '0.308266', 'ticker_sentiment_label': 'Somewhat-Bullish'}]"
Top Active Managers Love These ETFs’ Holdings,https://www.etftrends.com/etf-education-content-hub/top-active-managers-love-etfs-holdings/,20250603T230840,['Todd Shriber'],"This article highlights that top active managers are keen on the holdings of ETFs like the Invesco QQQ Trust (QQQ) and the Invesco NASDAQ 100 ETF (QQQM). Despite a 2025 pullback, these managers leveraged first-quarter retrenchment in mega-cap growth stocks like Alphabet, Amazon, Microsoft, and Nvidia to increase their positions, signaling strong confidence in these companies' fundamental outlooks, especially in areas like cloud computing and advertising. The ETFs allocate about 28% of their rosters to these popular names, suggesting potential benefits for QQQ/QQQM investors.",https://www.etftrends.com/wp-content/uploads/2025/09/ETF_Education_InvescoQQQ_masthead_overlay_1600x121@2x.png,ETF Trends,General,ETF Trends,"[{'topic': 'financial_markets', 'relevance_score': '0.916100'}, {'topic': 'technology', 'relevance_score': '0.819690'}, {'topic': 'earnings', 'relevance_score': '0.707431'}]",0.386149,Bullish,"[{'ticker': 'QQQM', 'relevance_score': '1.000000', 'ticker_sentiment_score': '0.327741', 'ticker_sentiment_label': 'Somewhat-Bullish'}, {'ticker': 'GOOG', 'relevance_score': '0.879194', 'ticker_sentiment_score': '0.446423', 'ticker_sentiment_label': 'Bullish'}, {'ticker': 'AMZN', 'relevance_score': '0.822304', 'ticker_sentiment_score': '0.339655', 'ticker_sentiment_label': 'Somewhat-Bullish'}, {'ticker': 'MSFT', 'relevance_score': '0.846338', 'ticker_sentiment_score': '0.477063', 'ticker_sentiment_label': 'Bullish'}]"
Two Birmingham companies make the Fortune 500 list. Here's how much they're worth,https://www.tuscaloosanews.com/story/news/2025/06/03/which-birmingham-companies-made-the-2025-fortune-500-listwhat-we-know/84009146007/,20250603T233143,['Jennifer Lindahl'],"Two Birmingham-based companies, Regions Financial and Vulcan Materials, have once again secured spots on the Fortune 500 list for 2025. Regions Financial, a banking giant, ranked 433 with $9.373 billion in revenue, while construction aggregates producer Vulcan Materials came in at number 500 with $7.4 billion in revenue. The article also lists the top ten companies on the 2025 Fortune 500 list.",https://www.gannett-cdn.com/authoring/videos/reuters/thumbnails/83697113007.jpg,The Tuscaloosa News,General,The Tuscaloosa News,"[{'topic': 'earnings', 'relevance_score': '1.000000'}, {'topic': 'finance', 'relevance_score': '0.804017'}, {'topic': 'economy_macro', 'relevance_score': '0.707501'}, {'topic': 'real_estate', 'relevance_score': '0.624546'}, {'topic': 'retail_wholesale', 'relevance_score': '0.623050'}]",0.036944,Neutral,"[{'ticker': 'VMC', 'relevance_score': '1.000000', 'ticker_sentiment_score': '-0.211677', 'ticker_sentiment_label': 'Somewhat-Bearish'}, {'ticker': 'RF', 'relevance_score': '0.920518', 'ticker_sentiment_score': '0.098586', 'ticker_sentiment_label': 'Neutral'}, {'ticker': 'WMT', 'relevance_score': '0.706680', 'ticker_sentiment_score': '0.058445', 'ticker_sentiment_label': 'Neutral'}, {'ticker': 'AMZN', 'relevance_score': '0.635361', 'ticker_sentiment_score': '0.052509', 'ticker_sentiment_label': 'Neutral'}, {'ticker': 'UNH', 'relevance_score': '0.613159', 'ticker_sentiment_score': '0.050494', 'ticker_sentiment_label': 'Neutral'}]"
Amazon.com (AMZN) Turns Up the Heat in CTV Ad Wars With Fresh DSP Discounts,https://finviz.com/news/73609/amazoncom-amzn-turns-up-the-heat-in-ctv-ad-wars-with-fresh-dsp-discounts,20250604T140606,['Ghazal Ahmed'],"Amazon (AMZN) is intensifying competition in the Connected TV (CTV) advertising market by offering discounts on its Demand-Side Platform (DSP) to attract marketers. While Google is using ad credits for its DV360 service, Amazon's aggressive strategy aims to capitalize on the growing CTV advertising momentum. Despite strong competition from The Trade Desk, Amazon is closely watched by investors as it navigates the digital advertising landscape.",https://d2gr5kl7dt2z3t.cloudfront.net/blog/wp-content/uploads/2023/09/19152853/AMZN-insidermonkey-1695151731080.jpg,Finviz,General,Finviz,"[{'topic': 'technology', 'relevance_score': '0.945399'}, {'topic': 'retail_wholesale', 'relevance_score': '0.712760'}, {'topic': 'financial_markets', 'relevance_score': '0.624791'}]",0.132078,Neutral,"[{'ticker': 'AMZN', 'relevance_score': '1.000000', 'ticker_sentiment_score': '0.220141', 'ticker_sentiment_label': 'Somewhat-Bullish'}, {'ticker': 'TTD', 'relevance_score': '0.723490', 'ticker_sentiment_score': '0.108352', 'ticker_sentiment_label': 'Neutral'}, {'ticker': 'GOOG', 'relevance_score': '0.648755', 'ticker_sentiment_score': '0.028195', 'ticker_sentiment_label': 'Neutral'}]"
Whisper-quiet electric helicopter-plane could turn NYC into ‘The Jetsons’,https://nypost.com/2025/06/04/business/first-ever-passenger-flight-of-an-electric-powered-aircraft-in-us-touches-down-at-jfk/,20250604T145400,['Will Zimmerman'],"BETA Technologies' electric aircraft, ALIA, completed its first North American passenger flight from East Hampton to JFK, demonstrating significant advancements in quiet, affordable, and emission-free air travel. This milestone, fueled by only $8 worth of electricity, signifies a step towards transforming urban transportation in New York City, potentially enabling quiet vertiports and connecting the city by air like ""The Jetsons."" While commercial vertical flights are anticipated within a year and full commercial service within two years, the company has already secured over $1 billion in funding and built an extensive charging network.",https://nypost.com/wp-content/uploads/sites/2/2025/06/jfk-demo-alia-skyline-jpg-105861325.jpg?w=1024,New York Post,General,New York Post,"[{'topic': 'energy_transportation', 'relevance_score': '0.934872'}, {'topic': 'technology', 'relevance_score': '0.829533'}]",0.17295,Somewhat-Bullish,"[{'ticker': 'BETA', 'relevance_score': '0.322020', 'ticker_sentiment_score': '0.006753', 'ticker_sentiment_label': 'Neutral'}, {'ticker': 'AMZN', 'relevance_score': '0.635306', 'ticker_sentiment_score': '0.308271', 'ticker_sentiment_label': 'Somewhat-Bullish'}, {'ticker': 'UPS', 'relevance_score': '0.614259', 'ticker_sentiment_score': '0.231587', 'ticker_sentiment_label': 'Somewhat-Bullish'}]"
1 ETF to Buy Hand Over Fist to Follow the TACO Trade,https://www.theglobeandmail.com/investing/markets/stocks/BKNG/pressreleases/32725886/1-etf-to-buy-hand-over-fist-to-follow-the-taco-trade/,20250604T152800,['Pathikrit Bose'],"The article discusses the ""TACO"" trade strategy, which involves buying into the market on the assumption that Donald Trump will reverse course on tariffs. It highlights the Consumer Discretionary Select Sector SPDR Fund (XLY) as a key ETF for this strategy due to its liquidity, the strong momentum of the consumer discretionary sector, and improved consumer confidence. The XLY ETF invests in U.S. consumer discretionary companies across various industries.",https://media.barchart.com/contributors-admin/common-images/images/Famous%20People/An%20image%20of%20Donald%20Trump%20standing%20in%20front%20of%20a%20podium_%20Image%20by%20Anna%20Moneymaker%20via%20Shutterstock.jpg,The Globe and Mail,General,The Globe and Mail,"[{'topic': 'financial_markets', 'relevance_score': '0.906198'}, {'topic': 'economy_macro', 'relevance_score': '0.813490'}, {'topic': 'retail_wholesale', 'relevance_score': '0.722732'}]",0.390321,Bullish,"[{'ticker': 'XLY', 'relevance_score': '1.000000', 'ticker_sentiment_score': '0.411714', 'ticker_sentiment_label': 'Bullish'}, {'ticker': 'AMZN', 'relevance_score': '0.714083', 'ticker_sentiment_score': '0.411241', 'ticker_sentiment_label': 'Bullish'}, {'ticker': 'TSLA', 'relevance_score': '0.682467', 'ticker_sentiment_score': '0.385389', 'ticker_sentiment_label': 'Bullish'}, {'ticker': 'HD', 'relevance_score': '0.637226', 'ticker_sentiment_score': '0.402116', 'ticker_sentiment_label': 'Bullish'}, {'ticker': 'BKNG', 'relevance_score': '0.588195', 'ticker_sentiment_score': '0.420677', 'ticker_sentiment_label': 'Bullish'}]"
Lifeway Foods Expands Retail Footprint with Thousands of New Lifeway Kefir and Farmer Cheese Placements Across Major U.S. Retailers in 2025,https://www.prnewswire.com/news-releases/lifeway-foods-expands-retail-footprint-with-thousands-of-new-lifeway-kefir-and-farmer-cheese-placements-across-major-us-retailers-in-2025-302473704.html,20250604T163500,[],"Lifeway Foods announced a significant expansion of its retail footprint in 2025, adding thousands of new placements for its kefir and farmer cheese products across major U.S. retailers. The company reported strong financial performance with net sales exceeding $37.6 million for the first two months of Q2 2025 and year-to-date net sales reaching $83.7 million. Lifeway attributes this growth to increasing consumer demand for functional, gut-healthy foods, driven partly by social media trends.",,PR Newswire,General,PR Newswire,"[{'topic': 'earnings', 'relevance_score': '0.943026'}, {'topic': 'retail_wholesale', 'relevance_score': '0.846423'}, {'topic': 'finance', 'relevance_score': '0.624687'}]",0.31691,Somewhat-Bullish,"[{'ticker': 'LWAY', 'relevance_score': '1.000000', 'ticker_sentiment_score': '0.472620', 'ticker_sentiment_label': 'Bullish'}, {'ticker': 'AMZN', 'relevance_score': '0.613463', 'ticker_sentiment_score': '0.235585', 'ticker_sentiment_label': 'Somewhat-Bullish'}, {'ticker': 'CVS', 'relevance_score': '0.601912', 'ticker_sentiment_score': '0.202797', 'ticker_sentiment_label': 'Somewhat-Bullish'}]"
IEEE/CVF Conference on Computer Vision and Pattern Recognition (CVPR) 2025,https://machinelearning.apple.com/updates/apple-at-cvpr-2025,20250604T220359,[],"Apple Machine Learning Research will be participating in the IEEE/CVF Conference on Computer Vision and Pattern Recognition (CVPR) 2025 in Nashville, Tennessee, from June 11 to June 15. The company will present new research at the annual conference, featuring workshop talks, poster sessions, oral presentations, booth programming, and technical demos. Apple is also sponsoring the event, aiming to connect with the scientific and industrial research communities in computer vision.",https://mlr.cdn-apple.com/media/Discover_1440x420_2x_9c465d585e.jpg,Apple Machine Learning Research,General,Apple Machine Learning Research,"[{'topic': 'technology', 'relevance_score': '0.916400'}]",0.146375,Neutral,"[{'ticker': 'AAPL', 'relevance_score': '0.940885', 'ticker_sentiment_score': '0.345293', 'ticker_sentiment_label': 'Somewhat-Bullish'}, {'ticker': 'GOOGL', 'relevance_score': '0.629969', 'ticker_sentiment_score': '0.146145', 'ticker_sentiment_label': 'Neutral'}, {'ticker': 'MSFT', 'relevance_score': '0.622105', 'ticker_sentiment_score': '0.102813', 'ticker_sentiment_label': 'Neutral'}, {'ticker': 'AMZN', 'relevance_score': '0.629742', 'ticker_sentiment_score': '0.136828', 'ticker_sentiment_label': 'Neutral'}, {'ticker': 'NVDA', 'relevance_score': '0.601450', 'ticker_sentiment_score': '0.118836', 'ticker_sentiment_label': 'Neutral'}]"
Bausch + Lomb launches new dry eye drops in U.S. stores,https://www.investing.com/news/company-news/bausch--lomb-launches-new-dry-eye-drops-in-us-stores-93CH-4080155,20250604T220939,['Investing.com'],"Bausch + Lomb (NYSE/TSX: BLCO) has introduced two new eye care products, Blink Nourish and Blink Boost, in the U.S. market, expanding its Blink range of dry eye drops. Blink Nourish is the first vitamin-enriched, preservative-free eye drop, while Blink Boost features a pH-balanced formula inspired by the DEWS II report. These products are now available at major national retailers, offering long-lasting relief for individuals with dry eye symptoms and sensitivities.",https://i-invdn-com.investing.com/news/international_newspapers_69x52._800x533_L_1419494241.jpg,Investing.com,General,Investing.com,"[{'topic': 'life_sciences', 'relevance_score': '0.933235'}, {'topic': 'retail_wholesale', 'relevance_score': '0.700175'}, {'topic': 'earnings', 'relevance_score': '0.640759'}, {'topic': 'finance', 'relevance_score': '0.648980'}]",0.142997,Neutral,"[{'ticker': 'BLCO', 'relevance_score': '1.000000', 'ticker_sentiment_score': '0.349189', 'ticker_sentiment_label': 'Somewhat-Bullish'}, {'ticker': 'WMT', 'relevance_score': '0.619373', 'ticker_sentiment_score': '0.134469', 'ticker_sentiment_label': 'Neutral'}, {'ticker': 'TGT', 'relevance_score': '0.614266', 'ticker_sentiment_score': '0.112559', 'ticker_sentiment_label': 'Neutral'}, {'ticker': 'CVS', 'relevance_score': '0.642051', 'ticker_sentiment_score': '0.140203', 'ticker_sentiment_label': 'Neutral'}, {'ticker': 'AMZN', 'relevance_score': '0.633586', 'ticker_sentiment_score': '0.113768', 'ticker_sentiment_label': 'Neutral'}]"
June 2025: Stablecoin Summer,https://research.grayscale.com/market-commentary/june-2025-stablecoin-summer,20250604T223432,['Research Team'],"The article ""June 2025: Stablecoin Summer"" by Grayscale Research highlights a period of significant positive developments for stablecoins both fundamentally and legislatively. It discusses the passage of the GENIUS Act in the Senate, Circle's successful IPO, and increasing corporate interest in stablecoins from major companies like Amazon and Walmart. The piece also notes supportive macroeconomic policies and regulatory clarity driving strong performance in the Currencies and Financials Crypto Sectors and increasing activity in prediction markets like Polymarket.",https://cdn.sanity.io/images/crh39rus/prod-v2/d097d286d81ef7e6683247bf443723d4e2fd970a-600x600.png?w=50&h=50&q=100,Grayscale,General,Grayscale,"[{'topic': 'blockchain', 'relevance_score': '0.930585'}, {'topic': 'financial_markets', 'relevance_score': '0.848821'}, {'topic': 'economy_macro', 'relevance_score': '0.912068'}, {'topic': 'economy_fiscal', 'relevance_score': '0.805619'}, {'topic': 'finance', 'relevance_score': '0.701247'}]",0.100881,Neutral,"[{'ticker': 'ETH', 'relevance_score': '0.935136', 'ticker_sentiment_score': '0.340903', 'ticker_sentiment_label': 'Somewhat-Bullish'}, {'ticker': 'V', 'relevance_score': '0.827908', 'ticker_sentiment_score': '-0.213301', 'ticker_sentiment_label': 'Somewhat-Bearish'}, {'ticker': 'MA', 'relevance_score': '0.741067', 'ticker_sentiment_score': '-0.238221', 'ticker_sentiment_label': 'Somewhat-Bearish'}, {'ticker': 'AMZN', 'relevance_score': '0.637421', 'ticker_sentiment_score': '0.225202', 'ticker_sentiment_label': 'Somewhat-Bullish'}, {'ticker': 'WMT', 'relevance_score': '0.640247', 'ticker_sentiment_score': '0.211997', 'ticker_sentiment_label': 'Somewhat-Bullish'}]"
Why Lumen isn't pitching itself as a telco,https://www.axios.com/2025/06/04/lumen-telco-axios-ai-summit,20250604T225032,['Ryan Barwick'],"Lumen Technologies is moving away from being seen as a traditional telco, with President and CEO Kate Johnson stating that telcos have ceded too much innovation to tech companies. Following the sale of its mass market fiber business, Lumen is now focusing on building infrastructure for AI services, securing partnerships with major cloud providers, and emphasizing connectivity for data centers. The company is actively working to convince Wall Street of its strategic pivot despite recent stock declines.",https://images.axios.com/m_iNy2HRCfXURAEbCcim2zbOJyY=/0x0:1920x1080/1920x1080/2025/06/04/1749065401902.jpg?w=3840,Axios,General,Axios,"[{'topic': 'technology', 'relevance_score': '0.831690'}, {'topic': 'mergers_and_acquisitions', 'relevance_score': '0.700458'}, {'topic': 'earnings', 'relevance_score': '0.600109'}]",0.22563,Somewhat-Bullish,"[{'ticker': 'LUMN', 'relevance_score': '1.000000', 'ticker_sentiment_score': '-0.236428', 'ticker_sentiment_label': 'Somewhat-Bearish'}, {'ticker': 'T', 'relevance_score': '0.722410', 'ticker_sentiment_score': '0.308320', 'ticker_sentiment_label': 'Somewhat-Bullish'}, {'ticker': 'AMZN', 'relevance_score': '0.643458', 'ticker_sentiment_score': '0.303345', 'ticker_sentiment_label': 'Somewhat-Bullish'}, {'ticker': 'MSFT', 'relevance_score': '0.618351', 'ticker_sentiment_score': '0.313601', 'ticker_sentiment_label': 'Somewhat-Bullish'}, {'ticker': 'GOOGL', 'relevance_score': '0.613507', 'ticker_sentiment_score': '0.337299', 'ticker_sentiment_label': 'Somewhat-Bullish'}]"
Top 10: Autonomous Vehicle Companies,https://evmagazine.com/top10/top-10-autonomous-vehicle-companies,20250604T225103,['Charlie King'],"This article ranks the top 10 autonomous vehicle companies that are revolutionizing the transport industry through significant investments in self-driving technology. Key players like Waymo, NVIDIA, Tesla, and Mercedes-Benz are highlighted for their contributions to improving safety, scaling operations, and enhancing vehicle connectivity. The companies are advancing different levels of automation, from advanced driver assistance systems (ADAS) to fully autonomous robotaxis.",https://assets.bizclikmedia.net/138/ed8c46840e3d3c7d19401982cf3ddbf1:9093b125f25212227b9460e6e70fdda6/ev-top10-autonomous-vehicles-cms-june2025.webp,EV Magazine,General,EV Magazine,"[{'topic': 'technology', 'relevance_score': '1.000000'}, {'topic': 'energy_transportation', 'relevance_score': '0.934149'}]",0.317238,Somewhat-Bullish,"[{'ticker': 'MBLY', 'relevance_score': '0.910672', 'ticker_sentiment_score': '0.313105', 'ticker_sentiment_label': 'Somewhat-Bullish'}, {'ticker': 'INTC', 'relevance_score': '0.705680', 'ticker_sentiment_score': '0.300458', 'ticker_sentiment_label': 'Somewhat-Bullish'}, {'ticker': 'NVDA', 'relevance_score': '0.845345', 'ticker_sentiment_score': '0.310173', 'ticker_sentiment_label': 'Somewhat-Bullish'}, {'ticker': 'GM', 'relevance_score': '0.636841', 'ticker_sentiment_score': '0.341344', 'ticker_sentiment_label': 'Somewhat-Bullish'}, {'ticker': 'AMZN', 'relevance_score': '0.637919', 'ticker_sentiment_score': '0.322125', 'ticker_sentiment_label': 'Somewhat-Bullish'}]"
"Old Dominion Blames ‘Economic Softness’ for Revenue, Volume Slips",https://sourcingjournal.com/topics/logistics/old-dominion-economic-softness-revenue-volume-trucking-freight-recession-tariffs-yellow-sells-terminals-1234750224/,20250604T230455,['Glenn Taylor'],"Old Dominion Freight Line reported a 5.8% daily revenue decrease in May, attributing it to ""economic softness"" impacting demand and volumes. The less-than-truckload (LTL) giant also saw an 8.4% decrease in LTL tons per day. This comes as the trucking industry faces challenges like tariffs and a prolonged freight recession, with rival XPO also reporting negative tonnage figures and Yellow Corp. continuing to liquidate assets.",https://sourcingjournal.com/wp-content/uploads/2025/06/odfl.png?w=910&h=511&crop=1,Sourcing Journal,General,Sourcing Journal,"[{'topic': 'earnings', 'relevance_score': '0.946057'}, {'topic': 'economy_macro', 'relevance_score': '0.943969'}, {'topic': 'energy_transportation', 'relevance_score': '0.803303'}, {'topic': 'manufacturing', 'relevance_score': '0.624942'}, {'topic': 'finance', 'relevance_score': '0.628068'}]",-0.106619,Neutral,"[{'ticker': 'ODFL', 'relevance_score': '0.998521', 'ticker_sentiment_score': '-0.424610', 'ticker_sentiment_label': 'Bearish'}, {'ticker': 'AMZN', 'relevance_score': '0.613980', 'ticker_sentiment_score': '0.105548', 'ticker_sentiment_label': 'Neutral'}, {'ticker': 'WMT', 'relevance_score': '0.604457', 'ticker_sentiment_score': '0.138242', 'ticker_sentiment_label': 'Neutral'}, {'ticker': 'FDX', 'relevance_score': '0.594965', 'ticker_sentiment_score': '-0.188820', 'ticker_sentiment_label': 'Somewhat-Bearish'}]"
Cathie Wood Snaps Up Amazon and AMD Stocks but Offloads Palantir and CoreWeave,https://www.theglobeandmail.com/investing/markets/stocks/AMD/pressreleases/32730888/cathie-wood-snaps-up-amazon-and-amd-stocks-but-offloads-palantir-and-coreweave/,20250605T170838,['Tipranks'],"Cathie Wood's ARK Invest ETFs recently acquired significant shares of Amazon (AMZN) and Advanced Micro Devices (AMD), signaling confidence in these tech giants' growth potential despite market concerns. Conversely, ARK offloaded shares of Palantir Technologies (PLTR) and CoreWeave (CRWV), with analysts noting valuation concerns for both. Wood also made other notable purchases including Guardant Health Inc. (GH) and 10X Genomics Inc. (TXG).",https://barchart-news-media-prod.aws.barchart.com/SYNDSRC/45a1a09cc00540a3da1db8512cc12a10/image-161.png%3Futm_source%3Dtheglobeandmail.com%26utm_medium%3Dreferral,The Globe and Mail,General,The Globe and Mail,"[{'topic': 'financial_markets', 'relevance_score': '1.000000'}, {'topic': 'technology', 'relevance_score': '0.936562'}, {'topic': 'retail_wholesale', 'relevance_score': '0.730554'}, {'topic': 'life_sciences', 'relevance_score': '0.604690'}]",0.168748,Somewhat-Bullish,"[{'ticker': 'ARKW', 'relevance_score': '0.938289', 'ticker_sentiment_score': '0.307355', 'ticker_sentiment_label': 'Somewhat-Bullish'}, {'ticker': 'AMZN', 'relevance_score': '0.808866', 'ticker_sentiment_score': '0.314049', 'ticker_sentiment_label': 'Somewhat-Bullish'}, {'ticker': 'AMD', 'relevance_score': '0.730032', 'ticker_sentiment_score': '0.202841', 'ticker_sentiment_label': 'Somewhat-Bullish'}, {'ticker': 'PLTR', 'relevance_score': '0.628305', 'ticker_sentiment_score': '-0.345888', 'ticker_sentiment_label': 'Somewhat-Bearish'}]"
Walmart plans to expand drone deliveries to three more states,https://www.cnbc.com/2025/06/05/walmart-expands-drone-deliveries.html,20250605T172600,"['Melissa Repko', 'Annie Palmer']","Walmart announced plans to expand its drone delivery service to 100 stores in Atlanta, Charlotte, Houston, Orlando, and Tampa within the next year, bringing the total number of states offering the service to five. This expansion aims to enhance convenience for customers, who typically order urgent items like groceries or medicines. While Walmart and Amazon have had slow rollouts of drone delivery, Walmart has completed over 150,000 drone deliveries since 2021.",,CNBC,General,CNBC,"[{'topic': 'retail_wholesale', 'relevance_score': '0.901836'}, {'topic': 'technology', 'relevance_score': '0.822294'}]",0.204329,Somewhat-Bullish,"[{'ticker': 'WMT', 'relevance_score': '1.000000', 'ticker_sentiment_score': '0.302276', 'ticker_sentiment_label': 'Somewhat-Bullish'}, {'ticker': 'AMZN', 'relevance_score': '0.744328', 'ticker_sentiment_score': '0.129644', 'ticker_sentiment_label': 'Neutral'}]"
Chunghwa Telecom acquires OneWeb satellite service license,https://www.lightreading.com/satellite/chunghwa-telecom-acquires-oneweb-satellite-service-license,20250605T210845,['Gigi Onag'],"Chunghwa Telecom has secured Taiwan's first commercial license to use Eutelsat OneWeb low-earth orbit (LEO) satellite services after passing regulatory hurdles. The company also plans to build a satellite service terminal testing center with Eutelsat OneWeb in Taiwan. This move is part of the operator's broader satellite strategy, which includes other partnerships and investments, to enhance network redundancy in Taiwan.",https://eu-images.contentstack.com/v3/assets/blt23eb5bbc4124baa6/blt1cda0451bb1dcbc4/651695db04fc4c6b40df14e4/M9MAJK.jpg?width=1280&auto=webp&quality=80&format=jpg&disable=upscale,Light Reading,General,Light Reading,"[{'topic': 'technology', 'relevance_score': '0.801407'}]",0.156895,Somewhat-Bullish,"[{'ticker': 'CHT', 'relevance_score': '0.313124', 'ticker_sentiment_score': '0.028906', 'ticker_sentiment_label': 'Neutral'}, {'ticker': 'AMZN', 'relevance_score': '0.638547', 'ticker_sentiment_score': '0.322257', 'ticker_sentiment_label': 'Somewhat-Bullish'}]"
$900M dairy plant with 200 jobs fires up in Eastern WA. Biggest in the Northwest,https://www.tri-cityherald.com/news/business/article307539756.html,20250606T081300,['Wendy Culverwell'],"Darigold has officially opened its new $900 million dairy processing plant in Pasco, Washington, six months behind its revised schedule. This plant, the largest in the Northwest, will process 8 million pounds of milk daily into butter and powdered milk, employing 200 people. Despite significant cost overruns due to inflation and updated building codes, Darigold sees this as a crucial investment for its future, though it has led to temporary milk payment cuts for member farmers.",,Tri-City Herald,General,Tri-City Herald,"[{'topic': 'manufacturing', 'relevance_score': '0.942329'}, {'topic': 'economy_macro', 'relevance_score': '0.717833'}]",0.131233,Neutral,"[{'ticker': 'LOCL', 'relevance_score': '0.727706', 'ticker_sentiment_score': '0.122705', 'ticker_sentiment_label': 'Neutral'}, {'ticker': 'AMZN', 'relevance_score': '0.616403', 'ticker_sentiment_score': '0.113172', 'ticker_sentiment_label': 'Neutral'}]"
"From Oreos to eggrolls, snack giants fire legal shots over labels, logos and loyalty",https://www.bakeryandsnacks.com/Article/2025/06/05/snack-industry-faces-surge-in-branding-and-label-lawsuits/,20250606T103200,['Gill Hyslop'],"The snack industry is experiencing a surge in lawsuits as major brands like Kellogg’s, PepsiCo, Mondelēz, and Conagra take aggressive legal action to defend their trademarks, claims, and product integrity. These cases range from trademark infringement over food truck names to class actions regarding expired promotions, misleading ""natural"" claims, contaminated products, and exaggerated nutritional content. The litigation highlights a growing intolerance for copycat packaging, ambiguous health claims, and supply chain quality issues, signaling a need for increased transparency and legal defensibility in marketing.",https://www.bakeryandsnacks.com/resizer/v2/VWKT5K2GP5B53PN22BQ3GFAHXE.jpg?auth=5b885513f6cab90d65bff8cc4bde2cdb9a369b1abf3f1445d37bb67a34e572fc&smart=true,BakeryAndSnacks.com,General,BakeryAndSnacks.com,"[{'topic': 'retail_wholesale', 'relevance_score': '0.925646'}, {'topic': 'finance', 'relevance_score': '0.709103'}]",-0.049432,Neutral,"[{'ticker': 'MDLZ', 'relevance_score': '1.000000', 'ticker_sentiment_score': '-0.316113', 'ticker_sentiment_label': 'Somewhat-Bearish'}, {'ticker': 'PEP', 'relevance_score': '0.820486', 'ticker_sentiment_score': '0.117280', 'ticker_sentiment_label': 'Neutral'}, {'ticker': 'K', 'relevance_score': '0.741807', 'ticker_sentiment_score': '0.195834', 'ticker_sentiment_label': 'Somewhat-Bullish'}, {'ticker': 'CAG', 'relevance_score': '0.619197', 'ticker_sentiment_score': '0.140383', 'ticker_sentiment_label': 'Neutral'}, {'ticker': 'AMZN', 'relevance_score': '0.594511', 'ticker_sentiment_score': '-0.201432', 'ticker_sentiment_label': 'Somewhat-Bearish'}]"
"Walmart Inc. Signs 338,000-SF Lease at Jay Paul Company’s Iconic Tech Corners Campus in Sunnyvale",https://www.nmrk.com/insights/press-releases/walmart-inc-signs-338-000-sf-lease-at-jay-paul-companys-iconic-tech-corners-campus-in-sunnyvale,20250606T120000,[],"Walmart Inc.'s eCommerce division has signed a 338,307-square-foot lease at Jay Paul Company’s Tech Corners in Sunnyvale, California, marking the largest new office lease in Silicon Valley since 2023. This expansion strengthens Walmart's presence in the region within a modernized, wellness-focused campus. The transaction highlights robust momentum in Silicon Valley's office leasing market, particularly in Sunnyvale.",,Newmark,General,Newmark,"[{'topic': 'real_estate', 'relevance_score': '1.000000'}, {'topic': 'retail_wholesale', 'relevance_score': '0.840774'}, {'topic': 'technology', 'relevance_score': '0.714623'}]",0.223961,Somewhat-Bullish,"[{'ticker': 'NMRK', 'relevance_score': '0.949417', 'ticker_sentiment_score': '0.342298', 'ticker_sentiment_label': 'Somewhat-Bullish'}, {'ticker': 'WMT', 'relevance_score': '0.946848', 'ticker_sentiment_score': '0.340280', 'ticker_sentiment_label': 'Somewhat-Bullish'}, {'ticker': 'AMZN', 'relevance_score': '0.612627', 'ticker_sentiment_score': '0.124168', 'ticker_sentiment_label': 'Neutral'}, {'ticker': 'META', 'relevance_score': '0.621861', 'ticker_sentiment_score': '0.149228', 'ticker_sentiment_label': 'Neutral'}, {'ticker': 'GOOG', 'relevance_score': '0.629810', 'ticker_sentiment_score': '0.130513', 'ticker_sentiment_label': 'Neutral'}]"
"XOVR ETF Adds Anduril, Joining SpaceX to Offer Pre-IPO Access",https://www.globenewswire.com/news-release/2025/06/06/3095423/0/en/XOVR-ETF-Adds-Anduril-Joining-SpaceX-to-Offer-Pre-IPO-Access.html,20250606T154800,['NULL'],"ERShares, through its XOVR ETF, has added Anduril Industries as a new private equity position, offering retail investors access to pre-IPO companies. This move follows previous investments in SpaceX and Klarna, with Anduril becoming the second-largest private holding for XOVR. The ETF aims to provide diversified, liquid access to high-growth public companies and elite pre-IPO firms, leveraging a proprietary research model to identify category-defining companies.",https://ml.globenewswire.com/media/MGQ4YmUyNjctNWRjMi00OTNjLWEyOGItZDkxMDc5MjRjOTEwLTEzMTE2MjktMjAyNS0wNi0wNi1lbg==/tiny/EntrepreneurShares.png,GlobeNewswire,General,GlobeNewswire,"[{'topic': 'ipo', 'relevance_score': '0.931382'}, {'topic': 'financial_markets', 'relevance_score': '0.800171'}, {'topic': 'finance', 'relevance_score': '0.728838'}, {'topic': 'technology', 'relevance_score': '0.639875'}]",0.301894,Somewhat-Bullish,"[{'ticker': 'XOVR', 'relevance_score': '1.000000', 'ticker_sentiment_score': '0.428355', 'ticker_sentiment_label': 'Bullish'}, {'ticker': 'PLTR', 'relevance_score': '0.648118', 'ticker_sentiment_score': '0.332182', 'ticker_sentiment_label': 'Somewhat-Bullish'}, {'ticker': 'AAPL', 'relevance_score': '0.571423', 'ticker_sentiment_score': '0.203424', 'ticker_sentiment_label': 'Somewhat-Bullish'}, {'ticker': 'MSFT', 'relevance_score': '0.571682', 'ticker_sentiment_score': '0.245602', 'ticker_sentiment_label': 'Somewhat-Bullish'}, {'ticker': 'AMZN', 'relevance_score': '0.557834', 'ticker_sentiment_score': '0.217572', 'ticker_sentiment_label': 'Somewhat-Bullish'}]"
Genpact acquires AI solutions provider XponentL Data to boost capabilities,https://www.business-standard.com/companies/news/genpact-buys-ai-solutions-firm-xponentl-data-125060600986_1.html,20250606T185000,['Avik Das'],"Genpact has acquired XponentL Data, an AI solutions and data products provider, to enhance its capabilities in data, AI, and advanced technologies. This acquisition aims to support clients through the AI transformation lifecycle, bringing specialized domain-led data strategy and engineering skills, particularly in life sciences and healthcare, and strengthening partnerships with major platforms like AWS and Microsoft. Genpact CEO Balkrishan Kalra believes this will further enable the company to help clients extract full value from their data.","https://bsmedia.business-standard.com/_media/bs/img/article/2013-05/01/full/1367421808-1988.jpg?im=FeatureCrop,size=(382,233)",Business Standard,General,Business Standard,"[{'topic': 'mergers_and_acquisitions', 'relevance_score': '1.000000'}, {'topic': 'technology', 'relevance_score': '0.942656'}, {'topic': 'life_sciences', 'relevance_score': '0.738041'}, {'topic': 'finance', 'relevance_score': '0.643153'}]",0.360963,Bullish,"[{'ticker': 'G', 'relevance_score': '1.000000', 'ticker_sentiment_score': '0.437947', 'ticker_sentiment_label': 'Bullish'}, {'ticker': 'MSFT', 'relevance_score': '0.631117', 'ticker_sentiment_score': '0.306016', 'ticker_sentiment_label': 'Somewhat-Bullish'}, {'ticker': 'AMZN', 'relevance_score': '0.623920', 'ticker_sentiment_score': '0.316869', 'ticker_sentiment_label': 'Somewhat-Bullish'}]"
Nvidia Back in Focus and AI Infrastructure Acceleration,https://www.vaneck.com/us/en/blogs/thematic-investing/nvidia-back-in-focus-and-ai-infrastructure-acceleration/,20250606T215711,"['Angus Shillington', 'Nick Frasse']","This article analyzes Nvidia's recent earnings call, highlighting the accelerating pace of innovation and capital expenditure in the semiconductor and AI infrastructure sectors. It emphasizes the shift from Nvidia being the sole focus to a broader ecosystem including fabless designers and custom silicon, suggesting diversified exposure through ETFs like SMH and SMHX is crucial for investors. The continued surge in AI adoption and associated compute demand underscores the long-term potential of the semiconductor industry.",https://www.vaneck.com/link/182e8ba2200e43769e0eb0d0264cdce3.aspx,VanEck,General,VanEck,"[{'topic': 'earnings', 'relevance_score': '0.804266'}, {'topic': 'financial_markets', 'relevance_score': '0.904827'}, {'topic': 'technology', 'relevance_score': '1.000000'}]",0.345479,Somewhat-Bullish,"[{'ticker': 'SMHX', 'relevance_score': '1.000000', 'ticker_sentiment_score': '0.433479', 'ticker_sentiment_label': 'Bullish'}, {'ticker': 'NVDA', 'relevance_score': '0.991668', 'ticker_sentiment_score': '0.466247', 'ticker_sentiment_label': 'Bullish'}, {'ticker': 'AVGO', 'relevance_score': '0.729671', 'ticker_sentiment_score': '0.303190', 'ticker_sentiment_label': 'Somewhat-Bullish'}, {'ticker': 'AMZN', 'relevance_score': '0.630640', 'ticker_sentiment_score': '0.202876', 'ticker_sentiment_label': 'Somewhat-Bullish'}]"
"Amazon robotics program expansion to unlock billions in savings, boosting margins",https://www.proactiveinvestors.com/companies/news/1072569/amazon-robotics-program-expansion-to-unlock-billions-in-savings-boosting-margins-1072569.html,20250606T220606,['Emily Jarvie'],"Amazon's growing investment in robotics, including the potential use of humanoid robots for package delivery, is expected to generate significant long-term cost savings and enhance margins, according to Bank of America analysts. They project over $7.1 billion in annual savings by 2032 from delivery robotics, excluding humanoid robots, and believe this strategy could lift Amazon's retail margins to 11%. This expansion also strengthens Amazon's position in AI beyond AWS to its retail operations.",https://cdn.proactiveinvestors.com/eyJidWNrZXQiOiJwYS1jZG4iLCJrZXkiOiJ1cGxvYWRcL05ld3NcL0ltYWdlXC8yMDI1XzA2XC9kZW5uaXpuLVNodXR0ZXJzdG9jay5qcGciLCJlZGl0cyI6eyJyZXNpemUiOnsid2lkdGgiOjEyODAsImhlaWdodCI6NzIwLCJmaXQiOiJjb3ZlciJ9fX0=,Proactive financial news,General,Proactive financial news,"[{'topic': 'retail_wholesale', 'relevance_score': '0.918926'}, {'topic': 'technology', 'relevance_score': '0.814424'}, {'topic': 'earnings', 'relevance_score': '0.718964'}, {'topic': 'financial_markets', 'relevance_score': '0.611911'}]",0.495981,Bullish,"[{'ticker': 'AMZN', 'relevance_score': '1.000000', 'ticker_sentiment_score': '0.475550', 'ticker_sentiment_label': 'Bullish'}]"
eBay Charges Sellers Ad Fees Months After Sales In Apparent Attribution Snafu,https://www.valueaddedresource.net/ebay-charges-sellers-ad-fees-months-after-sales/,20250606T223312,['Liz Morton'],"eBay is reportedly charging sellers ad fees months after sales have completed, which the company claims is due to a ""system error"" that missed previous attribution for promoted listings. This issue has led to frustration among sellers, who are questioning eBay's transparency and demanding refunds, especially given past instances of similar technical issues with fee collection. Critics suggest the multi-billion dollar corporation should absorb these costs rather than penalize sellers, urging those affected to report the issue to the Federal Trade Commission.",https://www.valueaddedresource.net/content/images/2024/08/varbanner3924-1--1--1.png,Value Added Resource,General,Value Added Resource,"[{'topic': 'retail_wholesale', 'relevance_score': '0.937281'}]",-0.207524,Somewhat-Bearish,"[{'ticker': 'EBAY', 'relevance_score': '1.000000', 'ticker_sentiment_score': '-0.329340', 'ticker_sentiment_label': 'Somewhat-Bearish'}, {'ticker': 'AMZN', 'relevance_score': '0.603786', 'ticker_sentiment_score': '-0.120281', 'ticker_sentiment_label': 'Neutral'}]"
Firm Advises IonQ on Acquisition of Lightsynq Technologies,https://www.wsgr.com/en/insights/firm-advises-ionq-on-acquisition-of-lightsynq-technologies.html,20250606T224624,[],"Wilson Sonsini Goodrich & Rosati advised IonQ, a quantum computing and networking company, on its acquisition of Lightsynq Technologies Inc. Lightsynq, founded by former Harvard quantum memory experts, specializes in photonic interconnect platforms crucial for advanced quantum systems. This acquisition is expected to significantly accelerate IonQ’s quantum networking and computing roadmaps and expand its patent portfolio with over 20 new patents related to quantum memory.",https://www.wsgr.com/a/web/3ACMQZcZTsPWxRi2yYrrBX/8sgBsa/gettyimages-1411834243-2050x1366-alt-1a.jpg,Wilson Sonsini,General,Wilson Sonsini,"[{'topic': 'mergers_and_acquisitions', 'relevance_score': '1.000000'}, {'topic': 'technology', 'relevance_score': '0.921341'}]",0.257895,Somewhat-Bullish,"[{'ticker': 'IONQ', 'relevance_score': '1.000000', 'ticker_sentiment_score': '0.426491', 'ticker_sentiment_label': 'Bullish'}, {'ticker': 'AMZN', 'relevance_score': '0.609187', 'ticker_sentiment_score': '0.138946', 'ticker_sentiment_label': 'Neutral'}]"
Why Is Everyone Talking About Coupang's Stock?,https://www.theglobeandmail.com/investing/markets/markets-news/Motley%20Fool/32769691/why-is-everyone-talking-about-coupang-s-stock/,20250607T221846,['Motley Fool'],"Coupang, often called the ""Amazon of South Korea,"" has gained significant attention from investors due to its strong performance, including a 25% stock price increase in the last year and consistent revenue growth. The company is known for its customer-centric approach, extensive logistics, and expansion into new services and geographies. Coupang's recent $1 billion share buyback plan also signals management's confidence in its future and commitment to long-term shareholder value.",https://barchart-news-media-prod.aws.barchart.com/FC/1c531682dbb85f634596081373657816/%3Furl%3Dhttps%253a%252f%252fg.foolcdn.com%252feditorial%252fimages%252f820237%252flogistic-2.jpg%26amp%3Bw%3D700,The Globe and Mail,General,The Globe and Mail,"[{'topic': 'earnings', 'relevance_score': '0.909386'}, {'topic': 'financial_markets', 'relevance_score': '0.831456'}, {'topic': 'finance', 'relevance_score': '0.841623'}, {'topic': 'retail_wholesale', 'relevance_score': '0.715226'}, {'topic': 'technology', 'relevance_score': '0.604028'}]",0.30966,Somewhat-Bullish,"[{'ticker': 'CPNG', 'relevance_score': '1.000000', 'ticker_sentiment_score': '0.482920', 'ticker_sentiment_label': 'Bullish'}, {'ticker': 'AMZN', 'relevance_score': '0.624978', 'ticker_sentiment_score': '0.114574', 'ticker_sentiment_label': 'Neutral'}]"
Exclusive / Netflix buys Daily Beast TV pilot as it races against YouTube,https://www.semafor.com/article/06/08/2025/netflix-buys-daily-beast-tv-pilot-as-it-races-against-youtube,20250608T205800,['Max Tani'],"Netflix has acquired a pilot television series from The Daily Beast, produced with Bright North Studios, a move signaling its interest in quickly produced, topical documentary-style content. This initiative suggests Netflix is looking to compete more directly with YouTube for audience eyeballs, despite its CEO Ted Sarandos previously downplaying YouTube as a talent competitor. The potential success of The Daily Beast series could be a significant win for the publication's new leadership, which has focused on cost reduction and an editorial overhaul, leading to its recent profitability.",https://img.semafor.com/643bfc7511029f64d4f89f0201a416dead1657b3-5500x3901.jpg?w=740&q=75&auto=format&h=524,Semafor,General,Semafor,"[{'topic': 'technology', 'relevance_score': '0.836602'}]",0.102187,Neutral,"[{'ticker': 'IACVV', 'relevance_score': '0.321803', 'ticker_sentiment_score': '0.036286', 'ticker_sentiment_label': 'Neutral'}, {'ticker': 'NFLX', 'relevance_score': '0.983786', 'ticker_sentiment_score': '0.258520', 'ticker_sentiment_label': 'Somewhat-Bullish'}, {'ticker': 'AMZN', 'relevance_score': '0.623822', 'ticker_sentiment_score': '0.029758', 'ticker_sentiment_label': 'Neutral'}, {'ticker': 'GOOGL', 'relevance_score': '0.740258', 'ticker_sentiment_score': '0.009412', 'ticker_sentiment_label': 'Neutral'}]"
Plug Power CFO Paul Middleton Underscores Continued Confidence in Strategic Growth with Additional Share Purchase,https://www.globenewswire.com/news-release/2025/06/09/3096076/9619/en/Plug-Power-CFO-Paul-Middleton-Underscores-Continued-Confidence-in-Strategic-Growth-with-Additional-Share-Purchase.html,20250609T124800,[],"Plug Power CFO Paul Middleton purchased an additional 650,000 shares of Plug Power common stock on the open market, investing at an average price of $1.0339 per share. This latest acquisition, following a previous purchase, signifies Middleton's strong belief in the company's long-term strategy, financial trajectory, and leadership in the green hydrogen economy. He emphasized Plug's operational progress, including the ramp-up of hydrogen production and commercialization of electrolyzers, as key drivers for this investment.",https://ml.globenewswire.com/media/YTExOWIwN2YtNmY1ZC00NjEyLTliYjktMDMxOGUwZDQ1NjE1LTEwMjc5MDYtMjAyNS0wNi0wOS1lbg==/tiny/Plug-Power-Inc-.png,GlobeNewswire,General,GlobeNewswire,"[{'topic': 'earnings', 'relevance_score': '0.919890'}, {'topic': 'financial_markets', 'relevance_score': '0.843399'}, {'topic': 'energy_transportation', 'relevance_score': '0.919346'}]",0.286908,Somewhat-Bullish,"[{'ticker': 'PLUG', 'relevance_score': '1.000000', 'ticker_sentiment_score': '0.458508', 'ticker_sentiment_label': 'Bullish'}, {'ticker': 'WMT', 'relevance_score': '0.615639', 'ticker_sentiment_score': '0.208599', 'ticker_sentiment_label': 'Somewhat-Bullish'}, {'ticker': 'AMZN', 'relevance_score': '0.640147', 'ticker_sentiment_score': '0.206462', 'ticker_sentiment_label': 'Somewhat-Bullish'}, {'ticker': 'HD', 'relevance_score': '0.603765', 'ticker_sentiment_score': '0.201706', 'ticker_sentiment_label': 'Somewhat-Bullish'}]"
Whole Foods supplier United Natural Foods says cyber incident disrupted operations,https://www.reuters.com/business/whole-foods-supplier-united-natural-foods-says-cyber-incident-disrupted-2025-06-09/,20250609T213600,['A.J. Vicens'],"United Natural Foods Inc. (UNFI.N), a major U.S. grocery distributor for clients including Whole Foods, experienced a cyber incident that led to the company taking certain systems offline. The ""unauthorized activity"" has temporarily disrupted its ability to fulfill and distribute customer orders, impacting operations and causing its shares to fall significantly. While the specific nature of the incident was not disclosed, similar disruptions are often linked to ransomware attacks.",https://www.reuters.com/resizer/v2/XCR6IE2HWBNIXAFNISQ2TYJL6Q.jpg?auth=9d38282f4c2329d956a352cb64e6951dc49dad167005efd49f4b903e773aa8d4&width=1920&quality=80,Reuters,General,Reuters,"[{'topic': 'retail_wholesale', 'relevance_score': '0.944375'}, {'topic': 'technology', 'relevance_score': '0.822401'}, {'topic': 'earnings', 'relevance_score': '0.728393'}, {'topic': 'finance', 'relevance_score': '0.646049'}]",-0.210164,Somewhat-Bearish,"[{'ticker': 'UNFI', 'relevance_score': '1.000000', 'ticker_sentiment_score': '-0.543006', 'ticker_sentiment_label': 'Bearish'}, {'ticker': 'AMZN', 'relevance_score': '0.648836', 'ticker_sentiment_score': '-0.122871', 'ticker_sentiment_label': 'Neutral'}, {'ticker': 'WMT', 'relevance_score': '0.589246', 'ticker_sentiment_score': '-0.145836', 'ticker_sentiment_label': 'Neutral'}, {'ticker': 'KR', 'relevance_score': '0.574816', 'ticker_sentiment_score': '-0.138524', 'ticker_sentiment_label': 'Neutral'}, {'ticker': 'TGT', 'relevance_score': '0.595110', 'ticker_sentiment_score': '-0.103099', 'ticker_sentiment_label': 'Neutral'}]"
Chunghwa Telecom Wins Taiwan’s First License for OneWeb Satellite Services,https://www.telecomreviewasia.com/news/network-news/13641-chunghwa-telecom-wins-taiwans-first-license-for-oneweb-satellite-services/,20250609T221733,[],"Chunghwa Telecom has secured Taiwan's first commercial license to operate low-Earth orbit (LEO) satellite services using Eutelsat OneWeb technology, a significant step for the country's network resilience. The company aims to provide satellite-based services to government agencies and various industries, planning to establish a satellite service terminal testing center in Taiwan. This initiative is part of a broader strategy to enhance communications resilience, including investments in high- and low-orbit satellite systems and discussions with other global satellite providers like Amazon's Kuiper and Canada's Telesat.",https://www.telecomreviewasia.com/wp-content/uploads/2025/06/Chunghwa-Telecom-Wins-Taiwans-First-License-for-OneWeb-Satellite-Services.jpg,Telecom Review Asia,General,Telecom Review Asia,"[{'topic': 'technology', 'relevance_score': '0.906485'}, {'topic': 'energy_transportation', 'relevance_score': '0.748190'}]",0.05277,Neutral,"[{'ticker': 'CHT', 'relevance_score': '0.320217', 'ticker_sentiment_score': '0.013675', 'ticker_sentiment_label': 'Neutral'}, {'ticker': 'AMZN', 'relevance_score': '0.637784', 'ticker_sentiment_score': '0.144394', 'ticker_sentiment_label': 'Neutral'}]"
TD Cowen: Oracle seeking 5GW US data center capacity for OpenAI training workloads by end of 2026,https://www.datacenterdynamics.com/en/news/td-cowen-oracle-seeking-5gw-us-data-center-capacity-for-openai-training-workloads-by-end-of-2026/,20250609T221839,['Sebastian Moss'],"Oracle is reportedly seeking 5GW of US data center capacity for OpenAI's training workloads by the end of 2026, a move that could entail a five-year partnership costing over $159 billion. This deal, separate from the Abilene Stargate campus, involves Oracle procuring data center capacity built to OpenAI's specifications, with pricing around $2.60-3.00 per GPU per hour for approximately 2.3 million GPUs. TD Cowen analysts express skepticism about the immediate availability of such large-scale data center supply in the US but highlight the potential for record data center leasing in 2025.",https://media.datacenterdynamics.com/media/images/Oracle_plane_upside_down.width-358.jpg,Data Center Dynamics,General,Data Center Dynamics,"[{'topic': 'technology', 'relevance_score': '1.000000'}, {'topic': 'real_estate', 'relevance_score': '0.936260'}, {'topic': 'finance', 'relevance_score': '0.833012'}, {'topic': 'economy_macro', 'relevance_score': '0.645948'}]",0.146615,Neutral,"[{'ticker': 'COWNL', 'relevance_score': '0.337726', 'ticker_sentiment_score': '0.035088', 'ticker_sentiment_label': 'Neutral'}, {'ticker': 'ORCL', 'relevance_score': '0.954047', 'ticker_sentiment_score': '0.323661', 'ticker_sentiment_label': 'Somewhat-Bullish'}, {'ticker': 'MSFT', 'relevance_score': '0.602753', 'ticker_sentiment_score': '0.137910', 'ticker_sentiment_label': 'Neutral'}, {'ticker': 'AMZN', 'relevance_score': '0.582719', 'ticker_sentiment_score': '0.176199', 'ticker_sentiment_label': 'Somewhat-Bullish'}]"
"North America Consumer Electronics Market Size, Share, 2033",https://www.marketdataforecast.com/market-reports/north-america-consumer-electronics-market,20250609T223130,[],"The North America Consumer Electronics Market was valued at USD 245.11 billion in 2024 and is projected to reach USD 369.62 billion by 2033, growing at a CAGR of 4.67% from 2025 to 2033. Key drivers include rising disposable incomes, urbanization, and advancements in 5G and IoT technologies, while challenges involve supply chain disruptions, rapid technological obsolescence, and intense competition from budget brands. Smartphones dominate product categories, and retail stores remain the primary distribution channel, though e-commerce is rapidly expanding.",https://www.marketdataforecast.com/images/north-america-consumer-electronics-market.webp,Market Data Forecast,General,Market Data Forecast,"[{'topic': 'technology', 'relevance_score': '1.000000'}, {'topic': 'economy_macro', 'relevance_score': '0.700001'}, {'topic': 'retail_wholesale', 'relevance_score': '0.725548'}, {'topic': 'manufacturing', 'relevance_score': '0.635192'}]",0.360179,Bullish,"[{'ticker': 'DELL', 'relevance_score': '0.603515', 'ticker_sentiment_score': '0.307903', 'ticker_sentiment_label': 'Somewhat-Bullish'}, {'ticker': 'AAPL', 'relevance_score': '0.923855', 'ticker_sentiment_score': '0.425498', 'ticker_sentiment_label': 'Bullish'}, {'ticker': 'MSI', 'relevance_score': '0.733889', 'ticker_sentiment_score': '0.305708', 'ticker_sentiment_label': 'Somewhat-Bullish'}, {'ticker': 'AMZN', 'relevance_score': '0.719645', 'ticker_sentiment_score': '0.364448', 'ticker_sentiment_label': 'Bullish'}]"
Maximus Updates CX Platform with AWS Integration,https://washingtonexec.com/2025/06/maximus-updates-cx-platform-with-aws-integration/,20250609T230126,['Staff Writer'],"Maximus has launched an updated version of its Total Experience Management (TXM) platform, now integrated with Amazon Web Services (AWS). This FedRAMP-authorized solution aims to help federal agencies modernize customer experience through AI-assisted interactions, intelligent document processing, and sentiment analysis, utilizing AWS services like Amazon Bedrock, Amazon Lex, and Amazon Textract. The platform has already demonstrated success in accelerating service delivery and boosting efficiency for agencies like the Office of Personnel Management, and the Department of Veterans Affairs.",https://washingtonexec.com/wp-content/uploads/2024/11/Derrick-Pledger-Chief-Digital-and-Information-Officer-Maximus-1.jpg,WashingtonExec,General,WashingtonExec,"[{'topic': 'technology', 'relevance_score': '0.917669'}]",0.37515,Bullish,"[{'ticker': 'MMS', 'relevance_score': '1.000000', 'ticker_sentiment_score': '0.471998', 'ticker_sentiment_label': 'Bullish'}, {'ticker': 'AMZN', 'relevance_score': '0.885833', 'ticker_sentiment_score': '0.402900', 'ticker_sentiment_label': 'Bullish'}, {'ticker': 'MSFT', 'relevance_score': '0.586052', 'ticker_sentiment_score': '0.193017', 'ticker_sentiment_label': 'Somewhat-Bullish'}]"
Maximus Unveils Total Experience Management (TXM) Solution with New AWS Integrations to Help Agencies Deliver Services More Efficiently and Effectively,https://finance.yahoo.com/news/maximus-unveils-total-experience-management-180000470.html,20250609T230126,[],"Maximus has announced the latest version of its Total Experience Management (TXM) solution, featuring new integrations with Amazon Web Services (AWS). This enhanced solution leverages AWS services like Amazon Bedrock, Lex, and Textract to provide advanced capabilities such as intelligent document processing, AI-assisted customer interactions, and sentiment analysis for government agencies. Maximus TXM aims to help federal agencies deliver services more efficiently, improve customer experience, and achieve mission outcomes, as demonstrated by its application at the Department of Veterans Affairs and the Centers for Medicare & Medicaid Services.",https://s.yimg.com/ny/api/res/1.2/itgFy3YCfk4yVMsUKlTAKg--/YXBwaWQ9aGlnaGxhbmRlcjt3PTk2MDtoPTQ4MDtjZj13ZWJw/https://media.zenfs.com/en/business-wire.com/f14403d62f5a2f4dd3bdbe0be0f9a3eb,Yahoo Finance,General,Yahoo Finance,"[{'topic': 'technology', 'relevance_score': '0.823807'}]",0.403871,Bullish,"[{'ticker': 'MMS', 'relevance_score': '1.000000', 'ticker_sentiment_score': '0.480930', 'ticker_sentiment_label': 'Bullish'}, {'ticker': 'AMZN', 'relevance_score': '0.628693', 'ticker_sentiment_score': '0.322591', 'ticker_sentiment_label': 'Somewhat-Bullish'}]"
"Walmart Just Made a Game-Changing Announcement, and Everyone Else Will Have to Play Catch-Up",https://www.inc.com/bill-murphy-jr/walmart-just-made-a-game-changing-announcement-and-everyone-else-will-have-to-play-catch-up/91199528,20250609T233253,['BILL MURPHY JR.'],"Walmart has announced a significant expansion of its drone delivery service, making it the first retailer to scale this technology across five states: Arkansas, Florida, Georgia, North Carolina, and Texas. This move will allow millions of customers in major cities like Atlanta, Charlotte, Houston, Orlando, and Tampa to receive orders, including items like ice cream and eggs, within minutes via drone. The company is partnering with firms like Zipline and Wing (an Alphabet subsidiary) to fulfill deliveries from Walmart parking lots, with drones flying up to 6 miles and lowering packages via tether, returning at speeds up to 65 mph.","https://img-cdn.inc.com/image/upload/f_webp,c_fit,w_1920,q_auto/vip/2025/04/walmart-ai-inc-GettyImages-2151531035.jpg",Inc.com,General,Inc.com,"[{'topic': 'retail_wholesale', 'relevance_score': '0.901529'}, {'topic': 'technology', 'relevance_score': '0.824879'}]",0.221508,Somewhat-Bullish,"[{'ticker': 'WMT', 'relevance_score': '1.000000', 'ticker_sentiment_score': '0.421592', 'ticker_sentiment_label': 'Bullish'}, {'ticker': 'GOOGL', 'relevance_score': '0.734781', 'ticker_sentiment_score': '0.127008', 'ticker_sentiment_label': 'Neutral'}, {'ticker': 'UPS', 'relevance_score': '0.639614', 'ticker_sentiment_score': '-0.141502', 'ticker_sentiment_label': 'Neutral'}, {'ticker': 'AMZN', 'relevance_score': '0.614649', 'ticker_sentiment_score': '0.321690', 'ticker_sentiment_label': 'Somewhat-Bullish'}]"
Op-Ed: Why AI Companies Should Pay Media Organizations For Their Content,https://afrotech.com/op-ed-ai-companies-should-pay-media-for-their-content,20250609T233417,['Yannise Jean'],"The article argues that AI companies should pay media organizations for using their content, citing The New York Times' licensing deal with Amazon as a successful example. It highlights the shift from AI companies using copyrighted material without permission to paying for intellectual property, which creates accountability and helps publishers struggling with traffic. The author suggests that more artists and publishers should pursue similar deals to protect their work and ensure they are compensated for their contributions to AI training.",https://afrotech.com/_next/image?url=https%3A%2F%2Fcdn.afrotech.com%2Fwp-content%2Fuploads%2F2025%2F04%2FGettyImages-1447436927.jpg&w=3840&q=75,AfroTech,General,AfroTech,"[{'topic': 'technology', 'relevance_score': '0.829429'}]",-0.151966,Somewhat-Bearish,"[{'ticker': 'ZD', 'relevance_score': '0.327896', 'ticker_sentiment_score': '0.046488', 'ticker_sentiment_label': 'Neutral'}, {'ticker': 'AMZN', 'relevance_score': '0.813121', 'ticker_sentiment_score': '0.145862', 'ticker_sentiment_label': 'Neutral'}, {'ticker': 'MSFT', 'relevance_score': '0.627602', 'ticker_sentiment_score': '-0.335610', 'ticker_sentiment_label': 'Somewhat-Bearish'}, {'ticker': 'META', 'relevance_score': '0.624900', 'ticker_sentiment_score': '-0.340073', 'ticker_sentiment_label': 'Somewhat-Bearish'}, {'ticker': 'GOOGL', 'relevance_score': '0.571858', 'ticker_sentiment_score': '-0.208018', 'ticker_sentiment_label': 'Somewhat-Bearish'}]"
"Alliance Forms New Home Entertainment Division, Adds Personnel",https://www.mediaplaynews.com/alliance-forms-new-home-entertainment-division-adds-personnel/,20250610T000913,['Stephanie Prange'],"Alliance Entertainment Holding Corp. has created Alliance Home Entertainment, a new division that merges Mill Creek Entertainment and Distribution Solutions to centralize film and television distribution. This new entity aims to be a leading platform for physical and digital distribution by leveraging strategic investments in infrastructure, partnerships, and talent. The division will focus on expanding premium offerings and maintaining growth in legacy formats, led by EVP Robert Oram and a team of seasoned professionals.",https://cdn.mediaplaynews.com/wp-content/uploads/2023/12/Alliance-1-1.jpeg,Media Play News,General,Media Play News,"[{'topic': 'retail_wholesale', 'relevance_score': '0.920706'}, {'topic': 'mergers_and_acquisitions', 'relevance_score': '0.830350'}]",0.245052,Somewhat-Bullish,"[{'ticker': 'AENT', 'relevance_score': '1.000000', 'ticker_sentiment_score': '0.478981', 'ticker_sentiment_label': 'Bullish'}, {'ticker': 'WMT', 'relevance_score': '0.639918', 'ticker_sentiment_score': '0.239720', 'ticker_sentiment_label': 'Somewhat-Bullish'}, {'ticker': 'AMZN', 'relevance_score': '0.618754', 'ticker_sentiment_score': '0.220144', 'ticker_sentiment_label': 'Somewhat-Bullish'}, {'ticker': 'WBD', 'relevance_score': '0.554436', 'ticker_sentiment_score': '0.140739', 'ticker_sentiment_label': 'Neutral'}]"
Roblox Hires Paramount's CFO: Will Naveen Chopra Fuel The Platform's Next Big Leap?,https://www.benzinga.com/trading-ideas/movers/25/06/45859607/roblox-hires-paramounts-cfo-will-naveen-chopra-fuel-the-platforms-next-big-leap,20250610T052125,['Nabaparna Bhattacharya'],"Roblox Corporation announced Naveen Chopra will become its new Chief Financial Officer, effective June 30, 2025, succeeding Michael Guthrie. Chopra previously held CFO roles at Paramount Global and oversaw Amazon.com's Devices and Services division. His appointment is expected to align product innovation with financial execution as Roblox continues to grow in digital entertainment and community building.",https://cdn.benzinga.com/files/images/story/2025/07/24//article-header-background-image.png?quality=85&auto=webp&width=1300,Benzinga,General,Benzinga,"[{'topic': 'finance', 'relevance_score': '0.907004'}, {'topic': 'technology', 'relevance_score': '0.821743'}, {'topic': 'financial_markets', 'relevance_score': '0.744406'}, {'topic': 'retail_wholesale', 'relevance_score': '0.648984'}]",0.059226,Neutral,"[{'ticker': 'BWEB', 'relevance_score': '0.347636', 'ticker_sentiment_score': '0.034671', 'ticker_sentiment_label': 'Neutral'}, {'ticker': 'AMZN', 'relevance_score': '0.600409', 'ticker_sentiment_score': '0.135607', 'ticker_sentiment_label': 'Neutral'}]"
TOPT ETF: Historical Outperformance Can Continue (NYSEARCA:TOPT),https://seekingalpha.com/article/4793633-topt-historical-outperformance-can-continue,20250610T054900,['Blue Chip Portfolios'],"The iShares Top 20 U.S. Stocks ETF (TOPT) provides concentrated exposure to the largest U.S. companies and has shown strong performance despite higher volatility. The author is bullish on TOPT's major holdings, believing the ETF is well-positioned to benefit from companies that leverage their scale. Consequently, the article rates TOPT as a Buy.",https://static.seekingalpha.com/cdn/s3/uploads/getty_images/2177144898/image_2177144898.jpg?io=getty-c-w750,Seeking Alpha,General,Seeking Alpha,"[{'topic': 'financial_markets', 'relevance_score': '0.934883'}]",0.386914,Bullish,"[{'ticker': 'TOPT', 'relevance_score': '1.000000', 'ticker_sentiment_score': '0.492768', 'ticker_sentiment_label': 'Bullish'}, {'ticker': 'AMZN', 'relevance_score': '0.675680', 'ticker_sentiment_score': '0.358757', 'ticker_sentiment_label': 'Bullish'}, {'ticker': 'META', 'relevance_score': '0.615648', 'ticker_sentiment_score': '0.363967', 'ticker_sentiment_label': 'Bullish'}, {'ticker': 'MSFT', 'relevance_score': '0.616363', 'ticker_sentiment_score': '0.378730', 'ticker_sentiment_label': 'Bullish'}]"
Progyny Joins Amazon’s Health Benefits Connector Program as First Women’s Health and Family Building Solution,https://www.globenewswire.com/news-release/2025/06/10/3096783/0/en/Progyny-Joins-Amazon-s-Health-Benefits-Connector-Program-as-First-Women-s-Health-and-Family-Building-Solution.html,20250610T090200,[],"Progyny, a global leader in women’s health and family building solutions, announced its collaboration with Amazon’s Health Benefits Connector. This partnership aims to expand access for eligible Amazon customers to discover and enroll in Progyny's comprehensive women's health services, including fertility, family building, and menopause benefits. The initiative addresses the challenge of individuals not understanding their available health benefits, simplifying the process of accessing high-quality, inclusive care.",https://ml.globenewswire.com/media/ZjZiM2ZlNmItNGNlNS00YTExLTkzNDEtZWJlZGI2NzU4OWU5LTEwNzE3ODQtMjAyNS0wNi0xMC1lbg==/tiny/Progyny-Inc-.png,GlobeNewswire,General,GlobeNewswire,"[{'topic': 'life_sciences', 'relevance_score': '0.948479'}, {'topic': 'retail_wholesale', 'relevance_score': '0.724940'}, {'topic': 'technology', 'relevance_score': '0.609135'}]",0.359692,Bullish,"[{'ticker': 'PGNY', 'relevance_score': '1.000000', 'ticker_sentiment_score': '0.446450', 'ticker_sentiment_label': 'Bullish'}, {'ticker': 'AMZN', 'relevance_score': '0.730515', 'ticker_sentiment_score': '0.318753', 'ticker_sentiment_label': 'Somewhat-Bullish'}]"
"Hiring confidence steady in India for July–September; IT, energy and BFSI to lead recruitment push, says ManpowerGroup employment outlook survey",https://timesofindia.indiatimes.com/business/india-business/hiring-confidence-steady-in-india-for-julyseptember-it-energy-and-bfsi-to-lead-recruitment-push-says-manpowergroup-employment-outlook-survey/articleshow/121753444.cms,20250610T172000,['TOI Business Desk'],"Corporate India expects robust hiring for July-September 2025, driven by strong employer confidence in IT, energy, and financial sectors. The Net Employment Outlook stands at 42%, ranking second globally after the UAE, and marks a significant year-on-year increase. Despite global trade headwinds, companies are increasing investment in automation and adapting their workforce strategies to meet new skill demands, with Energy & Utilities, IT, and Financial Services showing the strongest outlooks.","https://static.toiimg.com/thumb/msid-121753639,imgsize-1060892,width-400,resizemode-4/121753639.jpg",Times of India,General,Times of India,"[{'topic': 'economy_macro', 'relevance_score': '0.948550'}, {'topic': 'finance', 'relevance_score': '0.748322'}, {'topic': 'technology', 'relevance_score': '0.648709'}, {'topic': 'energy_transportation', 'relevance_score': '0.646508'}, {'topic': 'life_sciences', 'relevance_score': '0.627329'}]",0.343614,Somewhat-Bullish,"[{'ticker': 'MAN', 'relevance_score': '0.915222', 'ticker_sentiment_score': '0.349756', 'ticker_sentiment_label': 'Somewhat-Bullish'}, {'ticker': 'MSFT', 'relevance_score': '0.629020', 'ticker_sentiment_score': '0.306997', 'ticker_sentiment_label': 'Somewhat-Bullish'}, {'ticker': 'AAPL', 'relevance_score': '0.607404', 'ticker_sentiment_score': '0.341502', 'ticker_sentiment_label': 'Somewhat-Bullish'}, {'ticker': 'GOOGL', 'relevance_score': '0.626716', 'ticker_sentiment_score': '0.340661', 'ticker_sentiment_label': 'Somewhat-Bullish'}, {'ticker': 'AMZN', 'relevance_score': '0.644092', 'ticker_sentiment_score': '0.339921', 'ticker_sentiment_label': 'Somewhat-Bullish'}]"
Arrive AI Secures Another Key Patent for its Smart Mailbox-Anchored Autonomous Last-Mile Delivery Solutions Platform,https://www.stocktitan.net/news/ARAI/arrive-ai-secures-another-key-patent-for-its-smart-mailbox-anchored-h2ovcj5uoxwy.html,20250610T220635,[],"Arrive AI (ARAI) has secured its eighth U.S. patent for temperature control features within its Arrive Points™ smart mailbox platform, enhancing its autonomous last-mile delivery solutions. This patent, along with 58 others pending globally, strengthens the company's intellectual property and positions its technology to significantly impact healthcare delivery by enabling safe transport of temperature-sensitive items and pharmaceuticals. The technology also includes features like hazardous material detection, sanitization, and facial recognition, with CEO Dan O'Toole noting its foundational smart mailbox patent pre-dated Amazon's by four days.",https://app.accessnewswire.com/img.ashx?id=1037550,Stock Titan,General,Stock Titan,"[{'topic': 'technology', 'relevance_score': '1.000000'}, {'topic': 'life_sciences', 'relevance_score': '0.744482'}]",0.204404,Somewhat-Bullish,"[{'ticker': 'ARAI', 'relevance_score': '1.000000', 'ticker_sentiment_score': '0.425001', 'ticker_sentiment_label': 'Bullish'}, {'ticker': 'AMZN', 'relevance_score': '0.619109', 'ticker_sentiment_score': '0.024743', 'ticker_sentiment_label': 'Neutral'}]"
Latin America industrial market overview 2025,https://www.jll.com/en-us/insights/market-dynamics/latin-america-industrial,20250610T225018,"['RP Rafael Pierni', 'CM Caio Maia']","JLL Research published an overview of the Latin America industrial market for 2025, highlighting positive signals and an encouraging outlook. The article notes the significant changes in the logistics market driven by the COVID-19 pandemic, leading to accelerated e-commerce growth and increased demand for high-end industrial parks, particularly from retail companies. This suggests continued expansion and evolution in the region's industrial sector.",https://s7d1.scene7.com/is/image/joneslanglasalle/25-insights-latin-america-industrial?qlt=85&dpr=off&fmt=webp,JLL,General,JLL,"[{'topic': 'real_estate', 'relevance_score': '0.912235'}, {'topic': 'economy_macro', 'relevance_score': '0.700871'}, {'topic': 'manufacturing', 'relevance_score': '0.606403'}]",0.187661,Somewhat-Bullish,"[{'ticker': 'LPA', 'relevance_score': '0.320642', 'ticker_sentiment_score': '0.011043', 'ticker_sentiment_label': 'Neutral'}, {'ticker': 'PLD', 'relevance_score': '0.712365', 'ticker_sentiment_score': '0.335489', 'ticker_sentiment_label': 'Somewhat-Bullish'}, {'ticker': 'AMZN', 'relevance_score': '0.626969', 'ticker_sentiment_score': '0.274421', 'ticker_sentiment_label': 'Somewhat-Bullish'}]"
Whole Foods Distributor United Natural Foods Hit by Cyberattack,https://www.securityweek.com/whole-foods-distributor-united-natural-foods-hit-by-cyberattack/,20250610T232105,['Eduard Kovacs'],"United Natural Foods (UNFI), the primary distributor for Whole Foods, has experienced a cyberattack that disrupted its IT systems and business operations. The company, which has over $30 billion in annual revenue and distributes to 30,000+ locations, took some systems offline to address the intrusion. UNFI is investigating the incident and working to restore services, with its shares falling following the announcement.",https://www.securityweek.com/wp-content/uploads/2025/06/UNFI_Cyberattack.jpg,SecurityWeek,General,SecurityWeek,"[{'topic': 'earnings', 'relevance_score': '0.936263'}, {'topic': 'retail_wholesale', 'relevance_score': '0.833318'}, {'topic': 'technology', 'relevance_score': '0.724639'}]",-0.394628,Bearish,"[{'ticker': 'UNFI', 'relevance_score': '1.000000', 'ticker_sentiment_score': '-0.839324', 'ticker_sentiment_label': 'Bearish'}, {'ticker': 'AMZN', 'relevance_score': '0.608756', 'ticker_sentiment_score': '0.122393', 'ticker_sentiment_label': 'Neutral'}]"
Alliance Entertainment Launches Alliance Home Entertainment Division to Drive Future of Film and TV Distribution,https://www.theglobeandmail.com/investing/markets/stocks/AENT/pressreleases/32804015/alliance-entertainment-launches-alliance-home-entertainment-division-to-drive-future-of-film-and-tv-distribution/,20250610T235913,[],"Alliance Entertainment has announced the formation of a new division, Alliance Home Entertainment, to centralize film and television distribution. This new division combines Mill Creek Entertainment, Distribution Solutions, and new strategic hires to better serve studios, retailers, and fans. The company aims to lead the evolution of physical and digital media by focusing on growth in legacy formats and expanding premium offerings, reinforcing its commitment to the home entertainment category.",https://barchart-news-media-prod.aws.barchart.com/GLOBENW_TGAM/a7c97201b4076cbf43611e3095b62a69/alliance-entertainment.png,The Globe and Mail,General,The Globe and Mail,"[{'topic': 'retail_wholesale', 'relevance_score': '0.810523'}, {'topic': 'finance', 'relevance_score': '0.717967'}, {'topic': 'technology', 'relevance_score': '0.621758'}]",0.344127,Somewhat-Bullish,"[{'ticker': 'AENT', 'relevance_score': '1.000000', 'ticker_sentiment_score': '0.473058', 'ticker_sentiment_label': 'Bullish'}, {'ticker': 'WMT', 'relevance_score': '0.612586', 'ticker_sentiment_score': '0.312641', 'ticker_sentiment_label': 'Somewhat-Bullish'}, {'ticker': 'AMZN', 'relevance_score': '0.605480', 'ticker_sentiment_score': '0.322379', 'ticker_sentiment_label': 'Somewhat-Bullish'}, {'ticker': 'MSFT', 'relevance_score': '0.557314', 'ticker_sentiment_score': '0.275093', 'ticker_sentiment_label': 'Somewhat-Bullish'}]"
AES Completes First Phase of Largest Solar-Plus-Storage Project in the United States,https://www.prnewswire.com/news-releases/aes-completes-first-phase-of-largest-solar-plus-storage-project-in-the-united-states-302478336.html,20250611T070000,[],"The AES Corporation has completed the first phase (1,000 MW) of its Bellefield solar-plus-storage project, the largest in the U.S., under a 15-year contract with Amazon. This phase consists of 500 MW of solar and 500 MW of battery storage. The total 2,000 MW project, located in Kern County, California, is expected to displace over 1 million metric tons of CO2 annually and created over 700 union jobs, with more anticipated for the second phase, which is on track for completion in 2026.",https://mma.prnewswire.com/media/1321840/AES_Logo.jpg?w=300,PR Newswire,General,PR Newswire,"[{'topic': 'earnings', 'relevance_score': '0.915448'}, {'topic': 'energy_transportation', 'relevance_score': '0.826989'}, {'topic': 'technology', 'relevance_score': '0.701309'}]",0.3425,Somewhat-Bullish,"[{'ticker': 'AES', 'relevance_score': '1.000000', 'ticker_sentiment_score': '0.462101', 'ticker_sentiment_label': 'Bullish'}, {'ticker': 'AMZN', 'relevance_score': '0.612133', 'ticker_sentiment_score': '0.203702', 'ticker_sentiment_label': 'Somewhat-Bullish'}]"
Stargate partner Crusoe lands $750 million credit line for AI buildout,https://www.cnbc.com/2025/06/11/stargate-partner-crusoe-lands-750-million-credit-line-from-brookfield.html,20250611T130000,['Jordan Novet'],"Crusoe, an infrastructure startup partnered with OpenAI on the Stargate data center project, has secured a $750 million credit line from Brookfield Asset Management. This funding will be used to build data centers, acquire Nvidia chips, and develop electrical infrastructure to support the large-scale AI project. The company, which builds its own data centers unlike some competitors, was valued at $2.8 billion in its December funding round.",https://image.cnbcfm.com/api/v1/image/108148744-17478415021747841499-39909303646-1080pnbcnews.jpg?v=1747841501&w=750&h=422&vtcrop=y,CNBC,General,CNBC,"[{'topic': 'technology', 'relevance_score': '1.000000'}, {'topic': 'finance', 'relevance_score': '0.837749'}]",0.252955,Somewhat-Bullish,"[{'ticker': 'BNH', 'relevance_score': '0.302551', 'ticker_sentiment_score': '0.028725', 'ticker_sentiment_label': 'Neutral'}, {'ticker': 'NVDA', 'relevance_score': '1.000000', 'ticker_sentiment_score': '0.408160', 'ticker_sentiment_label': 'Bullish'}, {'ticker': 'ORCL', 'relevance_score': '0.730352', 'ticker_sentiment_score': '0.329145', 'ticker_sentiment_label': 'Somewhat-Bullish'}, {'ticker': 'MSFT', 'relevance_score': '0.630650', 'ticker_sentiment_score': '0.326101', 'ticker_sentiment_label': 'Somewhat-Bullish'}, {'ticker': 'AMZN', 'relevance_score': '0.626455', 'ticker_sentiment_score': '0.210591', 'ticker_sentiment_label': 'Somewhat-Bullish'}]"
How to Buy Vanguard S&P 500 ETF (VOO),https://www.fool.com/investing/how-to-invest/etfs/how-to-invest-in-voo-etf/,20250611T130914,['Matthew DiLallo'],"This guide details how to invest in the Vanguard S&P 500 ETF (VOO), one of the largest and most popular ETFs, known for its low expense ratio (0.03%) and its goal to match the S&P 500 index returns. It covers VOO's holdings, reasons to invest or not invest, its dividend payments, and historical performance. The article also provides a step-by-step guide to buying shares through a brokerage account.",NULL,The Motley Fool,General,The Motley Fool,"[{'topic': 'financial_markets', 'relevance_score': '0.921337'}, {'topic': 'finance', 'relevance_score': '0.841543'}]",0.415208,Bullish,"[{'ticker': 'VOO', 'relevance_score': '1.000000', 'ticker_sentiment_score': '0.814247', 'ticker_sentiment_label': 'Bullish'}, {'ticker': 'AAPL', 'relevance_score': '0.723028', 'ticker_sentiment_score': '0.326939', 'ticker_sentiment_label': 'Somewhat-Bullish'}, {'ticker': 'MSFT', 'relevance_score': '0.707718', 'ticker_sentiment_score': '0.320223', 'ticker_sentiment_label': 'Somewhat-Bullish'}, {'ticker': 'NVDA', 'relevance_score': '0.634914', 'ticker_sentiment_score': '0.323188', 'ticker_sentiment_label': 'Somewhat-Bullish'}, {'ticker': 'AMZN', 'relevance_score': '0.649254', 'ticker_sentiment_score': '0.333371', 'ticker_sentiment_label': 'Somewhat-Bullish'}]"
Keep cool and save: Get a free smart thermostat this summer on us,https://www.entergy.com/blog/keep-cool-and-save-get-a-free-smart-thermostat-this-summer-on-us,20250611T223437,['Louisiana Team'],"Entergy Louisiana is offering residential customers up to two free smart thermostats to help them manage energy consumption and save on utility bills during the summer. These smart devices learn user habits, adjust temperatures automatically, and can be controlled remotely via a smartphone. Customers can choose from three models, including options from Amazon and Sensi, available through the Entergy Solutions Marketplace without promo codes, shipping fees, or taxes.",https://www.entergy.com/wp-content/uploads/Keep-cool-and-save-Get-a-free-smart-thermostat-this-summer-on-us.jpg,Entergy,General,Entergy,"[{'topic': 'energy_transportation', 'relevance_score': '0.922870'}, {'topic': 'retail_wholesale', 'relevance_score': '0.715649'}]",0.242781,Somewhat-Bullish,"[{'ticker': 'ETI-P', 'relevance_score': '0.347556', 'ticker_sentiment_score': '0.000943', 'ticker_sentiment_label': 'Neutral'}, {'ticker': 'ETR', 'relevance_score': '0.815912', 'ticker_sentiment_score': '0.417480', 'ticker_sentiment_label': 'Bullish'}, {'ticker': 'AMZN', 'relevance_score': '0.636026', 'ticker_sentiment_score': '0.347355', 'ticker_sentiment_label': 'Somewhat-Bullish'}]"
Untapped potential of AI in the insurance sector: Genpact,https://www.reinsurancene.ws/untapped-potential-of-ai-in-the-insurance-sector-genpact/,20250611T223731,['Beth Musselwhite'],"A Genpact report, in collaboration with AWS, reveals that despite 69% AI adoption in the insurance sector, only 36% of US customers experience improved digital services, highlighting a significant gap in scaling AI for customer experience and growth. Challenges include low customer trust in AI-driven quotes, underutilization of AI for monetization, governance issues, data privacy concerns, and a talent gap in AI fluency among insurance executives. The report proposes a six-point strategic blueprint for insurers to effectively scale AI and build trust.",https://www.reinsurancene.ws/wp-content/uploads/2019/09/artificial-intelligence.jpg,Reinsurance News,General,Reinsurance News,"[{'topic': 'technology', 'relevance_score': '1.000000'}, {'topic': 'finance', 'relevance_score': '0.808748'}]",0.183972,Somewhat-Bullish,"[{'ticker': 'G', 'relevance_score': '1.000000', 'ticker_sentiment_score': '0.237287', 'ticker_sentiment_label': 'Somewhat-Bullish'}, {'ticker': 'AMZN', 'relevance_score': '0.638562', 'ticker_sentiment_score': '0.128045', 'ticker_sentiment_label': 'Neutral'}]"
NVIDIA DGX Cloud Lepton Connects Europe’s Developers to Global NVIDIA Compute Ecosystem,http://nvidianews.nvidia.com/news/nvidia-dgx-cloud-lepton-connects-europes-developers-to-global-nvidia-compute-ecosystem,20250611T230414,[],"NVIDIA has expanded its DGX Cloud Lepton platform, a global compute marketplace for AI application developers, by welcoming new cloud providers including Mistral AI, Nebius, and Scaleway, in addition to AWS and Microsoft Azure. This expansion aims to increase access to high-performance NVIDIA Blackwell and other architecture GPUs in Europe while allowing data to remain local for sovereign AI requirements. To further support the AI ecosystem, Hugging Face is integrating DGX Cloud Lepton into its Training Cluster as a Service, and NVIDIA is partnering with European venture capital firms to offer marketplace credits to startups.",https://s3.amazonaws.com/cms.ipressroom.com/219/files/20255/6848683d3d63320e21d5b36a_gtc-paris-dgx-cloud-lepton/gtc-paris-dgx-cloud-lepton_mid.jpg,NVIDIA Newsroom,General,NVIDIA Newsroom,"[{'topic': 'technology', 'relevance_score': '1.000000'}, {'topic': 'life_sciences', 'relevance_score': '0.730503'}]",0.604476,Bullish,"[{'ticker': 'NVDA', 'relevance_score': '1.000000', 'ticker_sentiment_score': '0.931663', 'ticker_sentiment_label': 'Bullish'}, {'ticker': 'AMZN', 'relevance_score': '0.734206', 'ticker_sentiment_score': '0.504237', 'ticker_sentiment_label': 'Bullish'}, {'ticker': 'MSFT', 'relevance_score': '0.649060', 'ticker_sentiment_score': '0.509950', 'ticker_sentiment_label': 'Bullish'}, {'ticker': 'ADBE', 'relevance_score': '0.646060', 'ticker_sentiment_score': '0.500583', 'ticker_sentiment_label': 'Bullish'}]"
Oklo Stock Soars After U.S. Air Force Nuclear Energy Deal,https://carboncredits.com/oklo-stock-soars-after-u-s-air-force-nuclear-energy-deal/,20250611T230455,['Jennifer L'],"Oklo Inc., a nuclear energy startup, has been selected by the U.S. Air Force as the preferred contractor to build a microreactor at Eielson Air Force Base in Alaska. This deal highlights increasing military confidence in nuclear microreactor technology for off-grid power in challenging environments. The company's Aurora microreactors are designed to use recycled nuclear waste and operate for up to 10 years without refueling, with their stock price rising significantly in 2025 due to investor interest and progress.",https://carboncredits.com/wp-content/uploads/2025/06/shutterstock_2330822021.jpg,CarbonCredits.com,General,CarbonCredits.com,"[{'topic': 'energy_transportation', 'relevance_score': '0.901229'}, {'topic': 'financial_markets', 'relevance_score': '0.801038'}, {'topic': 'technology', 'relevance_score': '0.733666'}]",0.220223,Somewhat-Bullish,"[{'ticker': 'OKLO', 'relevance_score': '1.000000', 'ticker_sentiment_score': '0.483322', 'ticker_sentiment_label': 'Bullish'}, {'ticker': 'GEV', 'relevance_score': '0.634103', 'ticker_sentiment_score': '0.212481', 'ticker_sentiment_label': 'Somewhat-Bullish'}, {'ticker': 'CEG', 'relevance_score': '0.630108', 'ticker_sentiment_score': '0.218779', 'ticker_sentiment_label': 'Somewhat-Bullish'}, {'ticker': 'AMZN', 'relevance_score': '0.596603', 'ticker_sentiment_score': '0.138908', 'ticker_sentiment_label': 'Neutral'}, {'ticker': 'GOOGL', 'relevance_score': '0.591112', 'ticker_sentiment_score': '0.136911', 'ticker_sentiment_label': 'Neutral'}]"
A Major Cosmetic Retail Chain Is Suddenly Closing A Big Store And It Is A Cause For Concern,https://www.moneydigest.com/1883758/ulta-beauty-major-cosmetic-retail-chain-closing-store/,20250611T232103,['Desmond Efe-khaese'],"Ulta Beauty is closing its South Loop Chicago store after 13 years, following a trend of anchor tenants leaving the shopping center. This closure reflects broader shifts in consumer habits towards online shopping and away from physical stores, exacerbated by macroeconomic pressures and increased e-commerce competition. Ulta has launched a turnaround plan focusing on e-commerce and selective real estate decisions to regain market share, while competitor Sephora shows strong growth.",https://www.moneydigest.com/img/gallery/a-major-cosmetic-retail-chain-is-suddenly-closing-a-big-store-and-it-is-a-cause-for-concern/intro-1749660455.jpg,www.moneydigest.com,General,www.moneydigest.com,"[{'topic': 'retail_wholesale', 'relevance_score': '1.000000'}, {'topic': 'earnings', 'relevance_score': '0.905096'}, {'topic': 'economy_macro', 'relevance_score': '0.846906'}]",0.090655,Neutral,"[{'ticker': 'ULTA', 'relevance_score': '1.000000', 'ticker_sentiment_score': '-0.240265', 'ticker_sentiment_label': 'Somewhat-Bearish'}, {'ticker': 'AMZN', 'relevance_score': '0.614139', 'ticker_sentiment_score': '0.333792', 'ticker_sentiment_label': 'Somewhat-Bullish'}]"
KraneShares Expands Single-Stock Levered ETF Suite With 2X Investment Exposure to Mercado Libre (KMLI),https://www.globenewswire.com/news-release/2025/06/12/3098255/0/en/KraneShares-Expands-Single-Stock-Levered-ETF-Suite-With-2X-Investment-Exposure-to-Mercado-Libre-KMLI.html,20250612T080000,[],"KraneShares has launched the KraneShares 2X Long MELI Daily ETF (KMLI), providing 200% leveraged daily exposure to Mercado Libre, a leading e-commerce platform in Latin America. This expansion of their Single-Stock Levered ETF Suite aims to help investors capitalize on growth trends in international internet and technology markets, particularly in the developing world. The offering comes with significant risk disclosures emphasizing its suitability for knowledgeable investors who understand leveraged investing and active risk management.",,GlobeNewswire,General,GlobeNewswire,"[{'topic': 'financial_markets', 'relevance_score': '1.000000'}, {'topic': 'finance', 'relevance_score': '0.917412'}]",0.248112,Somewhat-Bullish,"[{'ticker': 'KMLI', 'relevance_score': '1.000000', 'ticker_sentiment_score': '0.303192', 'ticker_sentiment_label': 'Somewhat-Bullish'}, {'ticker': 'AMZN', 'relevance_score': '0.644265', 'ticker_sentiment_score': '0.129901', 'ticker_sentiment_label': 'Neutral'}]"
"Here are Thursday's biggest analyst calls: Nvidia, Amazon, Palantir, Dell, SoFi, Oracle, BJ's, Lockheed Martin & more",https://www.cnbc.com/2025/06/12/wall-street-analysts-stock-calls-thursday.html,20250612T081700,['Michael Bloom'],"This article compiles major analyst calls on Wall Street for Thursday, featuring various company ratings and price targets. Key companies include Nvidia, Amazon, Palantir, Dell, SoFi, Oracle, BJ's, and Lockheed Martin, with analysts discussing valuations, growth prospects, and specific company initiatives. The reports highlight themes such as AI innovation, strong fundamentals, and market positioning.",https://image.cnbcfm.com/api/v1/image/108248806-17677151002026-01-06t155719z_440943655_rc26t6aqox8h_rtrmadp_0_usa-power-grid-microsoft.jpeg?v=1767715120&w=600&h=300&vtcrop=y,CNBC,General,CNBC,"[{'topic': 'earnings', 'relevance_score': '0.912450'}, {'topic': 'financial_markets', 'relevance_score': '0.831342'}, {'topic': 'technology', 'relevance_score': '0.707758'}, {'topic': 'retail_wholesale', 'relevance_score': '0.644579'}, {'topic': 'life_sciences', 'relevance_score': '0.633887'}]",0.320068,Somewhat-Bullish,"[{'ticker': 'PLTR', 'relevance_score': '1.000000', 'ticker_sentiment_score': '-0.229968', 'ticker_sentiment_label': 'Somewhat-Bearish'}, {'ticker': 'NVDA', 'relevance_score': '0.898980', 'ticker_sentiment_score': '0.424196', 'ticker_sentiment_label': 'Bullish'}, {'ticker': 'ORCL', 'relevance_score': '0.803269', 'ticker_sentiment_score': '0.406103', 'ticker_sentiment_label': 'Bullish'}, {'ticker': 'AMZN', 'relevance_score': '0.792235', 'ticker_sentiment_score': '0.429084', 'ticker_sentiment_label': 'Bullish'}, {'ticker': 'DELL', 'relevance_score': '0.718153', 'ticker_sentiment_score': '0.408393', 'ticker_sentiment_label': 'Bullish'}]"
"QQDN Stock Price, News & Analysis",https://www.stocktitan.net/overview/QQDN/,20250612T110939,[],"The article provides an overview of ProShares UltraShort QQQ Mega (QQDN), an ETF designed to deliver -2x the daily performance of the Nasdaq-100 Mega Index. It details the fund's investment objective, benchmark components (large Nasdaq-100 companies like Apple, Microsoft, NVIDIA), and the use of derivatives. The report also highlights significant risks associated with geared ETFs, including potential deviations from the daily target over longer holding periods, volatility, and sector concentration.",,Stock Titan,General,Stock Titan,"[{'topic': 'financial_markets', 'relevance_score': '0.941807'}, {'topic': 'finance', 'relevance_score': '0.829451'}, {'topic': 'technology', 'relevance_score': '0.718283'}]",0.063348,Neutral,"[{'ticker': 'QQDN', 'relevance_score': '1.000000', 'ticker_sentiment_score': '-0.287544', 'ticker_sentiment_label': 'Somewhat-Bearish'}, {'ticker': 'NVDA', 'relevance_score': '0.624895', 'ticker_sentiment_score': '0.116133', 'ticker_sentiment_label': 'Neutral'}, {'ticker': 'AAPL', 'relevance_score': '0.630974', 'ticker_sentiment_score': '0.115697', 'ticker_sentiment_label': 'Neutral'}, {'ticker': 'AMZN', 'relevance_score': '0.625952', 'ticker_sentiment_score': '0.148682', 'ticker_sentiment_label': 'Neutral'}, {'ticker': 'MSFT', 'relevance_score': '0.631822', 'ticker_sentiment_score': '0.132341', 'ticker_sentiment_label': 'Neutral'}]"
"Oracle shares pop 13% to record high on earnings beat, cloud optimism",https://www.cnbc.com/2025/06/12/oracle-shares-pop-15percent-to-record-high-on-earnings-beat-cloud-optimism.html,20250612T124200,['Jordan Novet'],"Oracle's shares surged 13% to a record high following robust earnings that surpassed analyst expectations and an optimistic forecast driven by its cloud business. The company reported significant growth in cloud revenue and remaining performance obligations, leading several analysts to raise their price targets. Despite facing challenges like meeting client demand due to capacity constraints, Oracle anticipates further revenue expansion, partly from its database offerings on other cloud platforms and potential gains from OpenAI's Stargate project.",https://image.cnbcfm.com/api/v1/image/108158514-17497407241749740717-40231713815-1080pnbcnews.jpg?v=1749740723&w=750&h=422&vtcrop=y,CNBC,General,CNBC,"[{'topic': 'earnings', 'relevance_score': '0.912150'}, {'topic': 'technology', 'relevance_score': '0.837894'}, {'topic': 'financial_markets', 'relevance_score': '0.735034'}]",0.230917,Somewhat-Bullish,"[{'ticker': 'ORCL', 'relevance_score': '1.000000', 'ticker_sentiment_score': '0.484617', 'ticker_sentiment_label': 'Bullish'}, {'ticker': 'MSFT', 'relevance_score': '0.615309', 'ticker_sentiment_score': '0.131292', 'ticker_sentiment_label': 'Neutral'}, {'ticker': 'AMZN', 'relevance_score': '0.636353', 'ticker_sentiment_score': '0.126553', 'ticker_sentiment_label': 'Neutral'}, {'ticker': 'GOOGL', 'relevance_score': '0.603993', 'ticker_sentiment_score': '0.134398', 'ticker_sentiment_label': 'Neutral'}]"
"Stocks to Watch | AI Trading Returns to the US Market? Morgan Stanley's Major Report: The Era of AI Agents Arrives, These Companies May Enter a ""Golden Age""",https://www.sahmcapital.com/news/content/stocks-to-watch-ai-trading-returns-to-the-us-market-morgan-stanleys-major-report-the-era-of-ai-agents-arrives-these-companies-may-enter-a-golden-age-2025-06-12,20250612T182800,[],"Morgan Stanley released a major report titled ""AI Agents Knocking at the Door,"" highlighting that AI Agents are poised to become the next significant evolutionary direction in the software industry, with a market opportunity expected to grow from $52 billion to $102 billion by 2028. The report categorizes companies into beneficiaries, competitors, and unknowns, identifying several firms like Microsoft, Amazon, Alphabet, Cybersecurity firms, Data Vendors, Workflow Automation, and SaaS Platforms as potential beneficiaries of this emerging ""golden age"" of AI Agents. This follows strong performance in the AI sector, driven by NVIDIA's earnings and increasing investment.",https://static2.sahmcapital.com/public/cms/images/2025/06/12/1139986529932107777.png,Sahm,General,Sahm,"[{'topic': 'technology', 'relevance_score': '1.000000'}, {'topic': 'financial_markets', 'relevance_score': '0.911106'}]",0.463552,Bullish,"[{'ticker': 'CYBR', 'relevance_score': '1.000000', 'ticker_sentiment_score': '0.433449', 'ticker_sentiment_label': 'Bullish'}, {'ticker': 'NVDA', 'relevance_score': '0.909587', 'ticker_sentiment_score': '0.548691', 'ticker_sentiment_label': 'Bullish'}, {'ticker': 'MSFT', 'relevance_score': '0.844767', 'ticker_sentiment_score': '0.404627', 'ticker_sentiment_label': 'Bullish'}, {'ticker': 'AMZN', 'relevance_score': '0.706236', 'ticker_sentiment_score': '0.442318', 'ticker_sentiment_label': 'Bullish'}, {'ticker': 'GOOGL', 'relevance_score': '0.622989', 'ticker_sentiment_score': '0.414323', 'ticker_sentiment_label': 'Bullish'}]"
ProShares Launches First ETFs to Target 2x and -2x Daily Returns of Nasdaq-100 Mega Index,https://www.businesswire.com/news/home/20250612260126/en/ProShares-Launches-First-ETFs-to-Target-2x-and--2x-Daily-Returns-of-Nasdaq-100-Mega-Index,20250612T201017,[],"ProShares has launched two new ETFs, ProShares Ultra Top QQQ (QQUP) and ProShares UltraShort Top QQQ (QQDN), which are the first to target 2x and -2x daily returns of the Nasdaq-100 Mega Index, respectively. This index focuses on a concentrated group of the largest Nasdaq-100 companies, including giants like Apple and Microsoft, representing about 45% of the Nasdaq-100. The launch aims to provide investors with leveraged or short exposure to these top tech companies through a single ETF trade, further expanding ProShares' leadership in leveraged and inverse ETFs.",https://mms.businesswire.com/media/20250612260126/en/2482630/4/proshares_color-1920x384.jpg,Business Wire,General,Business Wire,"[{'topic': 'financial_markets', 'relevance_score': '0.916805'}, {'topic': 'finance', 'relevance_score': '0.834778'}, {'topic': 'technology', 'relevance_score': '0.728426'}]",0.329514,Somewhat-Bullish,"[{'ticker': 'QQDN', 'relevance_score': '1.000000', 'ticker_sentiment_score': '0.419868', 'ticker_sentiment_label': 'Bullish'}, {'ticker': 'GOOGL', 'relevance_score': '0.600422', 'ticker_sentiment_score': '0.312728', 'ticker_sentiment_label': 'Somewhat-Bullish'}, {'ticker': 'AMZN', 'relevance_score': '0.628860', 'ticker_sentiment_score': '0.328475', 'ticker_sentiment_label': 'Somewhat-Bullish'}, {'ticker': 'AAPL', 'relevance_score': '0.638717', 'ticker_sentiment_score': '0.313028', 'ticker_sentiment_label': 'Somewhat-Bullish'}]"
First stage of Amazon’s 4 GWh Californian solar-plus-storage site is built,https://pv-magazine-usa.com/2025/06/12/first-stage-of-amazons-4-gwh-californian-solar-plus-storage-site-is-built/,20250612T220440,['Max Hall'],"AES Corp has completed the first 1 GW solar plus 1 GW/2 GWh battery storage stage of the Bellefield project in California for Amazon. The second stage, which will double the capacity to 1 GW solar and 1 GW/4 GWh storage, is expected to be completed next year. This project is projected to be the largest solar-plus-storage facility in the United States, powering approximately 467,000 homes and offsetting over a million tons of carbon emissions annually.",https://pv-magazine-usa.com/wp-content/uploads/sites/2/2025/06/AES-Corp-1200x589.jpg,pv magazine USA,General,pv magazine USA,"[{'topic': 'energy_transportation', 'relevance_score': '0.943611'}]",0.320875,Somewhat-Bullish,"[{'ticker': 'AES', 'relevance_score': '1.000000', 'ticker_sentiment_score': '0.461686', 'ticker_sentiment_label': 'Bullish'}, {'ticker': 'AMZN', 'relevance_score': '0.820039', 'ticker_sentiment_score': '0.303889', 'ticker_sentiment_label': 'Somewhat-Bullish'}, {'ticker': 'NEE', 'relevance_score': '0.554068', 'ticker_sentiment_score': '0.266015', 'ticker_sentiment_label': 'Somewhat-Bullish'}, {'ticker': 'EIX', 'relevance_score': '0.567891', 'ticker_sentiment_score': '0.291651', 'ticker_sentiment_label': 'Somewhat-Bullish'}]"
First stage of Amazon’s 4 GWh Californian solar-plus-storage site is built,https://www.ess-news.com/2025/06/12/first-stage-of-amazons-4-gwh-californian-solar-plus-storage-site-is-built/,20250612T220440,['Max Hall'],"AES Corp has completed the first 1 GW stage of Amazon's 4 GWh Bellefield solar-plus-storage project in California, with the second stage expected to be finished next year. The full facility will be the largest of its kind in the US, powering around 467,000 homes and offsetting over one million tons of carbon emissions annually. AES is building the project under a 15-year deal with Amazon and is also a major clean energy supplier to data center hyperscalers.",https://www.ess-news.com/wp-content/uploads/2025/06/AES-Corp.jpg,ESS News,General,ESS News,"[{'topic': 'energy_transportation', 'relevance_score': '0.947320'}, {'topic': 'real_estate', 'relevance_score': '0.731436'}]",0.442665,Bullish,"[{'ticker': 'AES', 'relevance_score': '1.000000', 'ticker_sentiment_score': '0.883415', 'ticker_sentiment_label': 'Bullish'}, {'ticker': 'AMZN', 'relevance_score': '0.740360', 'ticker_sentiment_score': '0.434929', 'ticker_sentiment_label': 'Bullish'}, {'ticker': 'GOOGL', 'relevance_score': '0.571837', 'ticker_sentiment_score': '0.281654', 'ticker_sentiment_label': 'Somewhat-Bullish'}, {'ticker': 'GOOG', 'relevance_score': '0.554695', 'ticker_sentiment_score': '0.255584', 'ticker_sentiment_label': 'Somewhat-Bullish'}]"
Estée Lauder Launches in the Amazon.ca Premium Beauty Store,https://www.businesswire.com/news/home/20250612182210/en/Este-Lauder-Launches-in-the-Amazon.ca-Premium-Beauty-Store,20250612T223340,[],"Estée Lauder has officially launched its brand in the Amazon.ca Premium Beauty store, expanding access to its skincare, makeup, and fragrances for Canadian customers. This partnership brings hero products like Advanced Night Repair Serum and Double Wear Stay-In-Place foundation to a wider audience through a convenient online shopping experience. The move builds on a successful relationship with Amazon.com, allowing Prime members to enjoy fast, free delivery on Estée Lauder products in Canada.",https://mms.businesswire.com/media/20250612182210/en/2495855/4/Estee_Lauder.jpg,Business Wire,General,Business Wire,"[{'topic': 'retail_wholesale', 'relevance_score': '0.921713'}]",0.309739,Somewhat-Bullish,"[{'ticker': 'EL', 'relevance_score': '0.952227', 'ticker_sentiment_score': '0.447819', 'ticker_sentiment_label': 'Bullish'}, {'ticker': 'AMZN', 'relevance_score': '0.851050', 'ticker_sentiment_score': '0.323178', 'ticker_sentiment_label': 'Somewhat-Bullish'}, {'ticker': 'ULTA', 'relevance_score': '0.565636', 'ticker_sentiment_score': '0.133307', 'ticker_sentiment_label': 'Neutral'}]"
"Zepto VS Blinkit: While They Fight On Cash Burns, We Swallow The Fungus!",https://www.inventiva.co.in/stories/zepto-vs-blinkt-while-they-fight-on-cash-burns-we-swallow-the-fungus/,20250612T224701,['Priyanka Chakraborty'],"This article exposes the dark side of India's quick-commerce industry, focusing on Zepto and Blinkit. It reveals alarming regulatory findings of unhygienic conditions and safety lapses in their ""dark stores,"" including fungal growth and expired food. Additionally, the article highlights the severe exploitation faced by delivery riders and warehouse workers, characterized by grueling hours, low pay, and unsafe working environments, alongside the unsustainable cash-burning business model of these companies.",https://www.inventiva.co.in/wp-content/uploads/2025/06/image-34-780x470.jpg,Inventiva,General,Inventiva,"[{'topic': 'retail_wholesale', 'relevance_score': '0.811951'}, {'topic': 'economy_macro', 'relevance_score': '0.633748'}, {'topic': 'finance', 'relevance_score': '0.611189'}]",-0.226919,Somewhat-Bearish,"[{'ticker': 'IVA', 'relevance_score': '0.305769', 'ticker_sentiment_score': '0.028987', 'ticker_sentiment_label': 'Neutral'}, {'ticker': 'AMZN', 'relevance_score': '0.632447', 'ticker_sentiment_score': '-0.339568', 'ticker_sentiment_label': 'Somewhat-Bearish'}, {'ticker': 'UBER', 'relevance_score': '0.620016', 'ticker_sentiment_score': '-0.221994', 'ticker_sentiment_label': 'Somewhat-Bearish'}, {'ticker': 'WMT', 'relevance_score': '0.607843', 'ticker_sentiment_score': '-0.332464', 'ticker_sentiment_label': 'Somewhat-Bearish'}]"
"ProShares Ultra Top QQQ ETF Price, Holdings, & News (NASDAQ:QQUP)",https://www.marketbeat.com/stocks/NASDAQ/QQUP/,20250613T035251,[],"This article provides comprehensive information on the ProShares Ultra Top QQQ ETF (NASDAQ:QQUP), which aims to deliver 2x the daily performance of the Nasdaq-100 Mega Index. It details the ETF's current price, key statistics, holdings, expense ratios, and recent news headlines. The fund is highlighted as a short-term trading tool for amplified exposure to mega-cap tech stocks, not a long-term investment.",,MarketBeat,General,MarketBeat,"[{'topic': 'financial_markets', 'relevance_score': '0.940689'}, {'topic': 'finance', 'relevance_score': '0.704718'}]",0.246445,Somewhat-Bullish,"[{'ticker': 'QQUP', 'relevance_score': '1.000000', 'ticker_sentiment_score': '-0.148709', 'ticker_sentiment_label': 'Neutral'}, {'ticker': 'NVDA', 'relevance_score': '0.855598', 'ticker_sentiment_score': '0.306368', 'ticker_sentiment_label': 'Somewhat-Bullish'}, {'ticker': 'AAPL', 'relevance_score': '0.785238', 'ticker_sentiment_score': '0.303838', 'ticker_sentiment_label': 'Somewhat-Bullish'}, {'ticker': 'MSFT', 'relevance_score': '0.657496', 'ticker_sentiment_score': '0.313635', 'ticker_sentiment_label': 'Somewhat-Bullish'}, {'ticker': 'AMZN', 'relevance_score': '0.590066', 'ticker_sentiment_score': '0.300422', 'ticker_sentiment_label': 'Somewhat-Bullish'}]"
Oracle's stock closes out best week since 2001 on cloud momentum,https://www.cnbc.com/2025/06/13/oracles-stock-on-pace-for-best-week-since-2001-on-cloud-momentum.html,20250613T153600,['Jordan Novet'],"Oracle's stock experienced its best week since 2001, surging 24% after a strong earnings report indicated significant momentum in its cloud business. The company's CEO, Safra Catz, provided revenue guidance exceeding consensus expectations, fueled by increasing demand for Oracle's cloud infrastructure, particularly from clients needing to operate AI models. Oracle is rapidly expanding its data center capacity to meet this demand, outpacing other tech megacaps in stock performance this year.",https://image.cnbcfm.com/api/v1/image/108158148-17496756531749675650-40220896640-1080pnbcnews.jpg?v=1749675652&w=750&h=422&vtcrop=y,CNBC,General,CNBC,"[{'topic': 'earnings', 'relevance_score': '0.918396'}, {'topic': 'technology', 'relevance_score': '0.830424'}, {'topic': 'financial_markets', 'relevance_score': '0.704696'}]",0.194967,Somewhat-Bullish,"[{'ticker': 'ORCL', 'relevance_score': '1.000000', 'ticker_sentiment_score': '0.484303', 'ticker_sentiment_label': 'Bullish'}, {'ticker': 'AMZN', 'relevance_score': '0.630071', 'ticker_sentiment_score': '0.104472', 'ticker_sentiment_label': 'Neutral'}, {'ticker': 'GOOG', 'relevance_score': '0.632683', 'ticker_sentiment_score': '0.121739', 'ticker_sentiment_label': 'Neutral'}, {'ticker': 'MSFT', 'relevance_score': '0.629633', 'ticker_sentiment_score': '0.144439', 'ticker_sentiment_label': 'Neutral'}, {'ticker': 'META', 'relevance_score': '0.614043', 'ticker_sentiment_score': '0.126859', 'ticker_sentiment_label': 'Neutral'}]"
IonQ's Accelerated Roadmap: Turning Quantum Ambition into Reality,https://www.ionq.com/blog/ionqs-accelerated-roadmap-turning-quantum-ambition-into-reality,20250613T224624,['IonQ Staff'],"IonQ is accelerating its quantum computing roadmap towards fault-tolerant systems, bolstered by strategic acquisitions of Lightsynq and an agreement to acquire Oxford Ionics. These acquisitions enhance IonQ's trapped ion technology, allowing for significantly increased qubit density and entanglement rates, and setting a path to achieve over 2 million physical qubits by 2030. The company is already demonstrating real-world applications in drug development, computational fluid dynamics, and AI, underscoring the practical and scalable potential of its quantum platform.",https://cdn.prod.website-files.com/68836d4838193cb461ebc7d2/68ae481eee933bc949b533cc_68ae47dde3ace8ed0d454d16_Roadmap_V_2_Light%201.webp,IonQ Quantum Computing,General,IonQ Quantum Computing,"[{'topic': 'mergers_and_acquisitions', 'relevance_score': '0.942078'}, {'topic': 'technology', 'relevance_score': '0.810302'}, {'topic': 'life_sciences', 'relevance_score': '0.702652'}]",0.438846,Bullish,"[{'ticker': 'IONQ', 'relevance_score': '1.000000', 'ticker_sentiment_score': '0.875592', 'ticker_sentiment_label': 'Bullish'}, {'ticker': 'NVDA', 'relevance_score': '0.725993', 'ticker_sentiment_score': '0.449621', 'ticker_sentiment_label': 'Bullish'}, {'ticker': 'AMZN', 'relevance_score': '0.632277', 'ticker_sentiment_score': '0.341141', 'ticker_sentiment_label': 'Somewhat-Bullish'}, {'ticker': 'IBM', 'relevance_score': '0.567968', 'ticker_sentiment_score': '0.225748', 'ticker_sentiment_label': 'Somewhat-Bullish'}]"
"JPMorgan Active Growth ETF (JGRO) News, Articles, Events & Latest Updates",https://stocktwits.com/symbol/JGRO/news,20250614T111016,[],"This page provides news, articles, and updates related to the JPMorgan Active Growth ETF (JGRO). It includes market data such as volume, 52-week high/low, and moving averages, along with a feed of recent headlines concerning various companies like Amazon, GE Vernova, ELF Beauty, Robinhood, Netflix, WBD, Teradyne, and Snowflake. The content primarily showcases articles from Stocktwits.",,Stocktwits,General,Stocktwits,"[{'topic': 'earnings', 'relevance_score': '0.941470'}, {'topic': 'finance', 'relevance_score': '0.847657'}, {'topic': 'financial_markets', 'relevance_score': '0.724859'}, {'topic': 'technology', 'relevance_score': '0.604983'}, {'topic': 'retail_wholesale', 'relevance_score': '0.643233'}]",0.053077,Neutral,"[{'ticker': 'JGRO', 'relevance_score': '1.000000', 'ticker_sentiment_score': '0.129756', 'ticker_sentiment_label': 'Neutral'}, {'ticker': 'AMZN', 'relevance_score': '0.739635', 'ticker_sentiment_score': '-0.428173', 'ticker_sentiment_label': 'Bearish'}, {'ticker': 'GEV', 'relevance_score': '0.844145', 'ticker_sentiment_score': '0.742602', 'ticker_sentiment_label': 'Bullish'}, {'ticker': 'NFLX', 'relevance_score': '0.628826', 'ticker_sentiment_score': '-0.138977', 'ticker_sentiment_label': 'Neutral'}, {'ticker': 'WBD', 'relevance_score': '0.627881', 'ticker_sentiment_score': '-0.114302', 'ticker_sentiment_label': 'Neutral'}]"
"Synopsys Stock Falls on China Ban, But Long-Term Outlook Holds",https://www.marketbeat.com/originals/synopsys-stock-falls-on-china-ban-but-long-term-outlook-holds/,20250614T231645,['Leo Miller'],"Synopsys (NASDAQ: SNPS) shares dropped after the Trump administration ordered a halt to EDA software sales to China, impacting about 10% of the company's revenue, though sales in the region were already declining. This ban also adds complexity to Synopsys's pending $35 billion acquisition of ANSYS (NASDAQ: ANSS), which still requires Chinese regulatory approval. Despite near-term uncertainty and a moderate ""Hold"" rating from analysts, the company's long-term outlook remains strong due to its indispensable role in chip design and the enduring secular trends in advanced chip development.",https://www.marketbeat.com/logos/articles/med_20250612145532_synopsys-stock-falls-on-china-ban-but-long-term-ou.jpg,MarketBeat,General,MarketBeat,"[{'topic': 'technology', 'relevance_score': '1.000000'}, {'topic': 'earnings', 'relevance_score': '0.916602'}, {'topic': 'financial_markets', 'relevance_score': '0.848472'}, {'topic': 'economy_macro', 'relevance_score': '0.741111'}]",-0.160792,Somewhat-Bearish,"[{'ticker': 'SNPS', 'relevance_score': '1.000000', 'ticker_sentiment_score': '-0.161929', 'ticker_sentiment_label': 'Somewhat-Bearish'}, {'ticker': 'KEY', 'relevance_score': '0.646589', 'ticker_sentiment_score': '0.141414', 'ticker_sentiment_label': 'Neutral'}, {'ticker': 'AMZN', 'relevance_score': '0.580416', 'ticker_sentiment_score': '-0.238238', 'ticker_sentiment_label': 'Somewhat-Bearish'}, {'ticker': 'GOOGL', 'relevance_score': '0.567523', 'ticker_sentiment_score': '-0.220337', 'ticker_sentiment_label': 'Somewhat-Bearish'}]"
Meta investors cheer as Zuckerberg doubles down on AI commitment,https://fortune.com/2025/06/16/meta-investors-stock-zuckerberg-ai/,20250616T052154,"['Ryan Vlastelica', 'Bloomberg']","Meta Platforms Inc. investors are cheering the company's aggressive spending on artificial intelligence, with the stock rallying significantly from its April low after a $14.3 billion investment in Scale AI and a raised capital spending forecast for 2025. Analysts and portfolio managers express confidence that Meta's AI investments will drive revenue growth, improve operational efficiencies, and maintain the company's market leadership. Despite the current rally bringing the stock near its average price target, many still view Meta as a strong buy due to its growth potential at a reasonable valuation.",https://fortune.com/img-assets/wp-content/uploads/2025/06/GettyImages-2173579096_6a5322-e1750106352339.jpg?format=webp&w=1440&q=100,Fortune,General,Fortune,"[{'topic': 'technology', 'relevance_score': '1.000000'}, {'topic': 'financial_markets', 'relevance_score': '0.940602'}, {'topic': 'earnings', 'relevance_score': '0.805347'}]",0.184256,Somewhat-Bullish,"[{'ticker': 'AGRW', 'relevance_score': '0.313724', 'ticker_sentiment_score': '0.013330', 'ticker_sentiment_label': 'Neutral'}, {'ticker': 'META', 'relevance_score': '1.000000', 'ticker_sentiment_score': '0.464361', 'ticker_sentiment_label': 'Bullish'}, {'ticker': 'NVDA', 'relevance_score': '0.647107', 'ticker_sentiment_score': '0.147805', 'ticker_sentiment_label': 'Neutral'}, {'ticker': 'AMZN', 'relevance_score': '0.598086', 'ticker_sentiment_score': '0.139536', 'ticker_sentiment_label': 'Neutral'}]"
Could Amazon Become the Next Great Dividend Stock?,https://247wallst.com/investing/2025/06/16/could-amazon-become-the-next-great-dividend-stock/,20250616T103100,['David Moadel'],"Amazon (NASDAQ:AMZN) is financially capable of paying dividends, as evidenced by its strong first-quarter 2025 results, but the company currently prioritizes growth initiatives over dividend payments. While an Amazon dividend announcement is unlikely in the near future, investors seeking dividend-like income from AMZN might consider the YieldMax AMZN Option Income Strategy ETF (NYSEARCA:AMZY), which offers significant cash distributions through a covered call strategy, though it carries higher risks.",https://247wallst.com/wp-content/uploads/2022/10/imageForEntry4-t98.jpg,24/7 Wall St.,General,24/7 Wall St.,"[{'topic': 'earnings', 'relevance_score': '0.928327'}, {'topic': 'financial_markets', 'relevance_score': '0.840407'}, {'topic': 'finance', 'relevance_score': '0.703942'}, {'topic': 'technology', 'relevance_score': '0.825524'}]",0.050421,Neutral,"[{'ticker': 'AMZY', 'relevance_score': '1.000000', 'ticker_sentiment_score': '0.126434', 'ticker_sentiment_label': 'Neutral'}, {'ticker': 'AMZN', 'relevance_score': '0.953120', 'ticker_sentiment_score': '0.098767', 'ticker_sentiment_label': 'Neutral'}, {'ticker': 'META', 'relevance_score': '0.622482', 'ticker_sentiment_score': '0.103649', 'ticker_sentiment_label': 'Neutral'}, {'ticker': 'GOOG', 'relevance_score': '0.552153', 'ticker_sentiment_score': '0.128853', 'ticker_sentiment_label': 'Neutral'}, {'ticker': 'CEG', 'relevance_score': '0.523306', 'ticker_sentiment_score': '-0.231024', 'ticker_sentiment_label': 'Somewhat-Bearish'}]"
AMD Stock Soars as Piper Sandler Raises Price Target After 'Advancing AI' Event,https://www.investopedia.com/amd-stock-soars-as-piper-sandler-raises-price-target-after-advancing-ai-event-11755402,20250616T132900,['Andrew Kessel'],"Advanced Micro Devices (AMD) shares surged nearly 10% after Piper Sandler raised its price target to $140 from $125 and maintained an ""overweight"" rating, following AMD's ""Advancing AI"" event. The upgrade was driven by the unveiling of the new Helios server rack architecture, which analysts believe is pivotal for AMD Instinct GPUs. Additionally, Bank of America anticipates a future high-profile partnership announcement with Amazon Web Services.",,Investopedia,General,Investopedia,"[{'topic': 'technology', 'relevance_score': '0.902961'}, {'topic': 'financial_markets', 'relevance_score': '0.811639'}, {'topic': 'earnings', 'relevance_score': '0.743733'}]",0.472149,Bullish,"[{'ticker': 'AMD', 'relevance_score': '1.000000', 'ticker_sentiment_score': '0.836099', 'ticker_sentiment_label': 'Bullish'}, {'ticker': 'MSFT', 'relevance_score': '0.608950', 'ticker_sentiment_score': '0.302331', 'ticker_sentiment_label': 'Somewhat-Bullish'}, {'ticker': 'AMZN', 'relevance_score': '0.635342', 'ticker_sentiment_score': '0.327626', 'ticker_sentiment_label': 'Somewhat-Bullish'}]"
Consumer Rebound Boosts Outlook for Discretionary ETFs,https://www.tradingview.com/news/zacks:6512b51ad094b:0-consumer-rebound-boosts-outlook-for-discretionary-etfs/,20250616T161058,[],"Consumer sentiment in the U.S. has improved due to cooling inflation and easing trade tensions, leading to a more optimistic economic outlook. This positive trend is expected to benefit the consumer discretionary sector, prompting investors to consider ETFs such as the Consumer Discretionary Select Sector SPDR Fund (XLY), Vanguard Consumer Discretionary ETF (VCR), and iShares U.S. Consumer Services ETF (IYC). These funds track companies in sectors like retail, hotels, and automobiles, offering exposure to the anticipated increase in household spending.",,TradingView,General,TradingView,"[{'topic': 'economy_monetary', 'relevance_score': '0.802483'}, {'topic': 'economy_macro', 'relevance_score': '0.918589'}, {'topic': 'financial_markets', 'relevance_score': '0.904724'}, {'topic': 'retail_wholesale', 'relevance_score': '0.704532'}]",0.336631,Somewhat-Bullish,"[{'ticker': 'IYC', 'relevance_score': '1.000000', 'ticker_sentiment_score': '0.404383', 'ticker_sentiment_label': 'Bullish'}, {'ticker': 'AMZN', 'relevance_score': '0.624220', 'ticker_sentiment_score': '0.349924', 'ticker_sentiment_label': 'Somewhat-Bullish'}, {'ticker': 'MCD', 'relevance_score': '0.559784', 'ticker_sentiment_score': '0.290502', 'ticker_sentiment_label': 'Somewhat-Bullish'}]"
Meta investors cheer as Zuckerberg doubles down on AI commitment,https://fortune.com/2025/06/16/meta-investors-stock-zuckerberg-ai/?itm_source=parsely-api,20250616T163900,"['Ryan Vlastelica', 'Bloomberg']","Meta Platforms Inc. continues to invest heavily in its artificial intelligence strategy, and investors are responding positively, driving the stock near record highs. The company recently finalized a $14.3 billion investment in Scale AI and raised its 2025 capital spending forecast to $72 billion. Analysts believe Meta's aggressive AI spending will translate into revenue growth and maintain its leadership position, despite the already impressive stock rally.",https://fortune.com/img-assets/wp-content/uploads/2025/06/GettyImages-2173579096_6a5322-e1750106352339.jpg?format=webp&w=1440&q=100,Fortune,General,Fortune,"[{'topic': 'technology', 'relevance_score': '0.949369'}, {'topic': 'financial_markets', 'relevance_score': '0.820100'}, {'topic': 'earnings', 'relevance_score': '0.719566'}]",0.249527,Somewhat-Bullish,"[{'ticker': 'AGRW', 'relevance_score': '0.804464', 'ticker_sentiment_score': '0.334825', 'ticker_sentiment_label': 'Somewhat-Bullish'}, {'ticker': 'META', 'relevance_score': '1.000000', 'ticker_sentiment_score': '0.491057', 'ticker_sentiment_label': 'Bullish'}, {'ticker': 'GOOGL', 'relevance_score': '0.701219', 'ticker_sentiment_score': '-0.201025', 'ticker_sentiment_label': 'Somewhat-Bearish'}, {'ticker': 'AMZN', 'relevance_score': '0.610583', 'ticker_sentiment_score': '0.287641', 'ticker_sentiment_label': 'Somewhat-Bullish'}, {'ticker': 'NVDA', 'relevance_score': '0.570152', 'ticker_sentiment_score': '0.240670', 'ticker_sentiment_label': 'Somewhat-Bullish'}]"
"SK, AWS to build South Korea’s largest, multibillion-dollar AI data center","https://www.kedglobal.com/tech,-media-telecom/newsView/ked202506160002",20250616T171005,['In-Soo Nam'],"SK Group and Amazon Web Services (AWS) are collaborating to build South Korea's largest AI data center, a 103-megawatt facility in Ulsan, equipped with 60,000 GPUs. This multibillion-dollar project, involving various SK subsidiaries and a significant investment from AWS, aims to establish a leading AI hub in Northeast Asia. The strategic location near SK Gas's power plant ensures a reliable energy supply, highlighting the growing competition in the AI computing market despite strong local players.",https://www.kedglobal.com/data/ked/image/2025/06/16/ked202506160001.699x.0.jpg,The Korea Economic Daily Global Edition,General,The Korea Economic Daily Global Edition,"[{'topic': 'technology', 'relevance_score': '0.937836'}, {'topic': 'financial_markets', 'relevance_score': '0.608480'}]",0.291414,Somewhat-Bullish,"[{'ticker': 'SKM', 'relevance_score': '0.343017', 'ticker_sentiment_score': '0.027409', 'ticker_sentiment_label': 'Neutral'}, {'ticker': 'AMZN', 'relevance_score': '0.962459', 'ticker_sentiment_score': '0.477136', 'ticker_sentiment_label': 'Bullish'}, {'ticker': 'NVDA', 'relevance_score': '0.890471', 'ticker_sentiment_score': '0.409231', 'ticker_sentiment_label': 'Bullish'}, {'ticker': 'MSFT', 'relevance_score': '0.611522', 'ticker_sentiment_score': '0.289060', 'ticker_sentiment_label': 'Somewhat-Bullish'}, {'ticker': 'GOOGL', 'relevance_score': '0.555928', 'ticker_sentiment_score': '0.239514', 'ticker_sentiment_label': 'Somewhat-Bullish'}]"
"From Generic to Verticalized: Amdocs Unveils a Standard for Skilled, Trustworthy Telco-Grade AI Agents",https://finance.yahoo.com/news/generic-verticalized-amdocs-unveils-standard-221800939.html,20250616T223221,['Amdocs Management Limited'],"Amdocs has introduced a new standard for telco-grade AI agents, aiming to verticalize AI for the telecommunications industry. This standard, developed in collaboration with Amazon Web Services and NVIDIA, focuses on creating AI agents that are skilled, trustworthy, and autonomous, leveraging telco-specific ontologies, reasoning, and simulation. The initiative seeks to transform customer engagement and network operations for Communication Service Providers (CSPs) by moving beyond generic AI deployments to deeply integrated, industry-native solutions.",https://s.yimg.com/ny/api/res/1.2/NaEWRXIeyT4XC8vXyXodwA--/YXBwaWQ9aGlnaGxhbmRlcjt3PTcwNTtoPTcwNTtjZj13ZWJw/https://media.zenfs.com/en/accesswire.ca/542dfe416db00a58c30ce3a45e412f1c,Yahoo Finance,General,Yahoo Finance,"[{'topic': 'technology', 'relevance_score': '0.920413'}]",0.429215,Bullish,"[{'ticker': 'DOX', 'relevance_score': '1.000000', 'ticker_sentiment_score': '0.483334', 'ticker_sentiment_label': 'Bullish'}, {'ticker': 'NVDA', 'relevance_score': '0.858839', 'ticker_sentiment_score': '0.441062', 'ticker_sentiment_label': 'Bullish'}, {'ticker': 'AMZN', 'relevance_score': '0.706714', 'ticker_sentiment_score': '0.332464', 'ticker_sentiment_label': 'Somewhat-Bullish'}]"
Kennedy Wilson partners with Japanese firm to buy Seattle apartments,https://www.multifamilydive.com/news/kennedy-wilson-foreign-investment-seattle-housing/750829/,20250616T224902,['Leslie Shaver'],"Kennedy Wilson, in partnership with Japanese firms Kenedix Inc. and Hulic Co., Ltd., has acquired ""The Danforth"" apartment building in Seattle for $173 million. The purchase is driven by an increase in return-to-office mandates from major tech companies, which is boosting absorption in West Coast tech hubs. Kennedy Wilson holds a 10% interest in the 265-unit property and will serve as its asset manager, further expanding its portfolio in the Pacific Northwest.",https://imgproxy.divecdn.com/HzkJk0NQ8iuakaPsaplTlBfnqkYirsZk-N07UHt7NCs/g:ce/rs:fill:1200:675:1/Z3M6Ly9kaXZlc2l0ZS1zdG9yYWdlL2RpdmVpbWFnZS8yMDIyMDcwMV9DVENfNDgxNy1IRFItRWRpdC5qcGc=.webp,Multifamily Dive,General,Multifamily Dive,"[{'topic': 'finance', 'relevance_score': '0.632235'}, {'topic': 'real_estate', 'relevance_score': '1.000000'}, {'topic': 'mergers_and_acquisitions', 'relevance_score': '0.820362'}]",0.388482,Bullish,"[{'ticker': 'KW', 'relevance_score': '1.000000', 'ticker_sentiment_score': '0.440822', 'ticker_sentiment_label': 'Bullish'}, {'ticker': 'AMZN', 'relevance_score': '0.617765', 'ticker_sentiment_score': '0.319738', 'ticker_sentiment_label': 'Somewhat-Bullish'}]"
Will autonomous vehicles really slash insurance costs?,https://www.insurancebusinessmag.com/us/news/auto-motor/will-autonomous-vehicles-really-slash-insurance-costs-539226.aspx,20250616T230642,['Matthew Sellers'],"This article examines the complex relationship between the rise of autonomous vehicles (AVs) and the future of auto insurance. While some projections, like Goldman Sachs', suggest a potential 50% drop in per-mile insurance costs by 2040 due to reduced human error, the immediate future presents challenges such as rising repair costs for high-tech vehicles and new liabilities related to software and cyber threats. The article highlights the ongoing struggles with liability, fragmented regulation, and the slow progression towards fully autonomous driving, emphasizing that insurers must adapt their models to new risk taxonomies.","https://cdn-res.keymedia.com/cdn-cgi/image/w=840,h=504,f=auto/https://cdn-res.keymedia.com/cms/images/us/003/0356_638856850477525222.jpg",Insurance Business,General,Insurance Business,"[{'topic': 'energy_transportation', 'relevance_score': '0.801354'}, {'topic': 'technology', 'relevance_score': '0.840820'}, {'topic': 'finance', 'relevance_score': '0.729932'}]",0.085377,Neutral,"[{'ticker': 'PGR', 'relevance_score': '0.881462', 'ticker_sentiment_score': '0.254078', 'ticker_sentiment_label': 'Somewhat-Bullish'}, {'ticker': 'TSLA', 'relevance_score': '0.730784', 'ticker_sentiment_score': '0.035645', 'ticker_sentiment_label': 'Neutral'}, {'ticker': 'GM', 'relevance_score': '0.631450', 'ticker_sentiment_score': '0.044790', 'ticker_sentiment_label': 'Neutral'}, {'ticker': 'AAPL', 'relevance_score': '0.565103', 'ticker_sentiment_score': '0.047155', 'ticker_sentiment_label': 'Neutral'}, {'ticker': 'AMZN', 'relevance_score': '0.553839', 'ticker_sentiment_score': '0.048488', 'ticker_sentiment_label': 'Neutral'}]"
Amazon Ads and Roku Announce Partnership Creating the Largest Authenticated CTV Footprint,https://www.businesswire.com/news/home/20250615384366/en/Amazon-Ads-and-Roku-Announce-Partnership-Creating-the-Largest-Authenticated-CTV-Footprint,20250616T231013,[],"Amazon Ads and Roku have formed an exclusive partnership to create the largest authenticated CTV footprint in the U.S., accessible through Amazon DSP. This collaboration will provide advertisers with logged-in reach to approximately 80 million U.S. Connected TV households, improving ad performance, precision, and measurement. Early tests show the integration can increase unique viewer reach by 40% and reduce ad frequency by nearly 30%, delivering significantly more value for advertisers.",https://mms.businesswire.com/media/20250615384366/en/2498382/4/Roku_X_Amazon.jpg?download=1,Business Wire,General,Business Wire,"[{'topic': 'technology', 'relevance_score': '0.945400'}, {'topic': 'retail_wholesale', 'relevance_score': '0.739274'}, {'topic': 'finance', 'relevance_score': '0.648994'}]",0.292625,Somewhat-Bullish,"[{'ticker': 'ROKU', 'relevance_score': '1.000000', 'ticker_sentiment_score': '0.435350', 'ticker_sentiment_label': 'Bullish'}, {'ticker': 'AMZN', 'relevance_score': '0.931055', 'ticker_sentiment_score': '0.423822', 'ticker_sentiment_label': 'Bullish'}, {'ticker': 'DIS', 'relevance_score': '0.640882', 'ticker_sentiment_score': '0.137858', 'ticker_sentiment_label': 'Neutral'}, {'ticker': 'FOX', 'relevance_score': '0.637752', 'ticker_sentiment_score': '0.116023', 'ticker_sentiment_label': 'Neutral'}]"
Apple supplier Jabil plans $500M venture for AI infrastructure,https://www.freightwaves.com/news/apple-supplier-jabil-plans-500m-venture-to-build-ai-data-centers,20250617T000000,['Noi Mahoney'],"Jabil, an electronics component maker and Apple supplier, is investing $500 million over the next several years to expand its cloud and artificial intelligence data center infrastructure in the Southeastern U.S. This investment includes large-scale production facilities expected to be operational by mid-2026. The move aligns with similar U.S. infrastructure investments by tech giants like Apple, Nvidia, and Foxconn, aimed at strengthening domestic manufacturing and diversifying Jabil's commercial portfolio to meet surging AI infrastructure demand.",,FreightWaves,General,FreightWaves,"[{'topic': 'technology', 'relevance_score': '1.000000'}, {'topic': 'manufacturing', 'relevance_score': '0.923835'}, {'topic': 'economy_macro', 'relevance_score': '0.607654'}]",0.345828,Somewhat-Bullish,"[{'ticker': 'JBL', 'relevance_score': '1.000000', 'ticker_sentiment_score': '0.409628', 'ticker_sentiment_label': 'Bullish'}, {'ticker': 'AAPL', 'relevance_score': '0.731831', 'ticker_sentiment_score': '0.344803', 'ticker_sentiment_label': 'Somewhat-Bullish'}, {'ticker': 'AMZN', 'relevance_score': '0.625591', 'ticker_sentiment_score': '0.283238', 'ticker_sentiment_label': 'Somewhat-Bullish'}, {'ticker': 'UPS', 'relevance_score': '0.594224', 'ticker_sentiment_score': '0.245190', 'ticker_sentiment_label': 'Somewhat-Bullish'}, {'ticker': 'NVDA', 'relevance_score': '0.738344', 'ticker_sentiment_score': '0.380898', 'ticker_sentiment_label': 'Bullish'}]"
"Georgia’s PSC is in the game on data centers, Mississippi’s has been benched",https://magnoliatribune.com/2025/06/17/mississippi-psc-benched/,20250617T223438,['Kelley Williams'],"The article criticizes the Mississippi Public Service Commission (PSC) for being ""benched"" by the state's Governor and Legislature, allowing Entergy Mississippi to build data centers for Amazon with concessions that may lead to significant electricity rate increases for small customers. In contrast, Georgia's PSC has implemented rules to protect residential customers from similar costs associated with data center development. The author warns Mississippi legislators about potential voter backlash due to unchecked rate increases.",https://magnoliatribune.com/wp-content/uploads/2025/06/shutterstock_2539134669.jpg,Magnolia Tribune,General,Magnolia Tribune,"[{'topic': 'energy_transportation', 'relevance_score': '0.938358'}, {'topic': 'economy_fiscal', 'relevance_score': '0.832841'}]",0.140824,Neutral,"[{'ticker': 'ETR', 'relevance_score': '0.900292', 'ticker_sentiment_score': '0.347338', 'ticker_sentiment_label': 'Somewhat-Bullish'}, {'ticker': 'AMZN', 'relevance_score': '0.745856', 'ticker_sentiment_score': '0.124047', 'ticker_sentiment_label': 'Neutral'}, {'ticker': 'SO', 'relevance_score': '0.622709', 'ticker_sentiment_score': '-0.128045', 'ticker_sentiment_label': 'Neutral'}]"
‘매그 7’을 넘어서: 테마 ETF가 AI 투자의 다음 물결을 이끌 수 있을까?,https://kr.benzinga.com/news/usa/stocks/%EB%A7%A4%EA%B7%B8-7%EC%9D%84-%EB%84%98%EC%96%B4%EC%84%9C-%ED%85%8C%EB%A7%88-etf%EA%B0%80-ai-%ED%88%AC%EC%9E%90%EC%9D%98-%EB%8B%A4%EC%9D%8C-%EB%AC%BC%EA%B2%B0%EC%9D%84-%EC%9D%B4%EB%81%8C/,20250618T000000,['Chandrima Sanyal'],"이 기사는 인공지능(AI) 투자의 다음 물결을 이끌 테마 ETF에 대해 다룹니다. 특히, ""매그니피센트 세븐""에만 집중하는 것이 아닌, AI 산업의 변화에 유연하게 대처할 수 있는 새로운 세대의 ETF, 예를 들어 Wedbush ETFMG Global Cloud Technology ETF (NYSE: IVES)의 중요성을 강조합니다. 이 펀드는 AI 혁명의 미래 방향에 맞춰 적응할 수 있는 ""살아있는 프레임워크""를 제공하여 장기적인 집중력을 유지하도록 설계되었습니다.",,Benzinga,General,Benzinga,"[{'topic': 'financial_markets', 'relevance_score': '0.934516'}, {'topic': 'technology', 'relevance_score': '0.827435'}]",0.371657,Bullish,"[{'ticker': 'IVES', 'relevance_score': '1.000000', 'ticker_sentiment_score': '0.538987', 'ticker_sentiment_label': 'Bullish'}, {'ticker': 'NVDA', 'relevance_score': '0.738279', 'ticker_sentiment_score': '0.432386', 'ticker_sentiment_label': 'Bullish'}, {'ticker': 'MSFT', 'relevance_score': '0.638749', 'ticker_sentiment_score': '0.324754', 'ticker_sentiment_label': 'Somewhat-Bullish'}, {'ticker': 'AMZN', 'relevance_score': '0.634634', 'ticker_sentiment_score': '0.200445', 'ticker_sentiment_label': 'Somewhat-Bullish'}]"
Tech Tactically Trimmed: Why I'm Holding MAGS But With Caution,https://seekingalpha.com/article/4795581-tech-tactically-trimmed-why-im-holding-mags-but-with-caution,20250618T005100,['The Alpha Analyst'],"The author remains bullish on big tech long-term but advises caution due to current Magnificent 7 valuations and macro headwinds. While the MAGS ETF offers a unique hybrid structure, its performance can be replicated with a DIY approach. Valuations are stretched for some names, but Microsoft, Google, Apple, and Amazon still show upside potential, leading the author to rate MAGS a Hold, preferring QQQ for now.",https://static.seekingalpha.com/cdn/s3/uploads/getty_images/1300319507/image_1300319507.jpg?io=getty-c-w750,Seeking Alpha,General,Seeking Alpha,"[{'topic': 'financial_markets', 'relevance_score': '0.900031'}, {'topic': 'technology', 'relevance_score': '0.804561'}, {'topic': 'economy_macro', 'relevance_score': '0.703925'}]",0.231007,Somewhat-Bullish,"[{'ticker': 'MAGS', 'relevance_score': '1.000000', 'ticker_sentiment_score': '0.082869', 'ticker_sentiment_label': 'Neutral'}, {'ticker': 'MSFT', 'relevance_score': '0.623619', 'ticker_sentiment_score': '0.296544', 'ticker_sentiment_label': 'Somewhat-Bullish'}, {'ticker': 'GOOG', 'relevance_score': '0.621406', 'ticker_sentiment_score': '0.269316', 'ticker_sentiment_label': 'Somewhat-Bullish'}, {'ticker': 'AAPL', 'relevance_score': '0.640653', 'ticker_sentiment_score': '0.296937', 'ticker_sentiment_label': 'Somewhat-Bullish'}, {'ticker': 'AMZN', 'relevance_score': '0.644276', 'ticker_sentiment_score': '0.292755', 'ticker_sentiment_label': 'Somewhat-Bullish'}]"
Should iShares S&P 500 Value ETF (IVE) Be on Your Investing Radar?,https://www.sharewise.com/us/news_articles/Should_iShares_SP_500_Value_ETF_IVE_Be_on_Your_Investing_Radar_Zacks_20250618_1220,20250618T011026,['Zacks'],"The iShares S&P 500 Value ETF (IVE) offers broad exposure to the Large Cap Value segment of the US equity market, launched in 2000 and managed by Blackrock with over $38 billion in assets. It maintains a low expense ratio of 0.18% and has a Zacks ETF Rank of 2 (Buy), making it a suitable option for investors seeking exposure to large-cap value stocks. The ETF primarily invests in Information Technology, Financials, and Healthcare sectors, with Apple, Microsoft, and Amazon as top holdings, offering diversification and medium risk.",https://www.sharewise.com/assets/news/news6-77ad2291e7adafe6fd78ff371d2695e6533eeb0901b11a84b4b7e52b641d22e4.png,sharewise.com,General,sharewise.com,"[{'topic': 'financial_markets', 'relevance_score': '0.933231'}, {'topic': 'finance', 'relevance_score': '0.818357'}]",0.296033,Somewhat-Bullish,"[{'ticker': 'IVE', 'relevance_score': '1.000000', 'ticker_sentiment_score': '0.335073', 'ticker_sentiment_label': 'Somewhat-Bullish'}, {'ticker': 'AAPL', 'relevance_score': '0.643577', 'ticker_sentiment_score': '0.324797', 'ticker_sentiment_label': 'Somewhat-Bullish'}, {'ticker': 'MSFT', 'relevance_score': '0.643698', 'ticker_sentiment_score': '0.309971', 'ticker_sentiment_label': 'Somewhat-Bullish'}, {'ticker': 'AMZN', 'relevance_score': '0.624871', 'ticker_sentiment_score': '0.202788', 'ticker_sentiment_label': 'Somewhat-Bullish'}]"
"Agentic AI Competition Heats Up. Analyst Sees Meta, Amazon Among Early Winners.",https://www.investors.com/news/technology/meta-stock-amazon-stock-ai-agentic-booking-stock/,20250618T220942,['RYAN DEFFENBAUGH'],"BofA Securities analysts have identified Amazon, Meta Platforms, and Booking Holdings as early beneficiaries in the burgeoning agentic AI market. Agentic AI, which can perform actions online beyond chatbot capabilities, is attracting significant investment from tech companies. This indicates a shift towards more autonomous AI functionalities in the market.",,Investor's Business Daily,General,Investor's Business Daily,"[{'topic': 'technology', 'relevance_score': '0.928007'}, {'topic': 'financial_markets', 'relevance_score': '0.737708'}]",0.407616,Bullish,"[{'ticker': 'BKNG', 'relevance_score': '0.900039', 'ticker_sentiment_score': '0.389605', 'ticker_sentiment_label': 'Bullish'}, {'ticker': 'AMZN', 'relevance_score': '0.902073', 'ticker_sentiment_score': '0.390625', 'ticker_sentiment_label': 'Bullish'}, {'ticker': 'META', 'relevance_score': '0.904040', 'ticker_sentiment_score': '0.381539', 'ticker_sentiment_label': 'Bullish'}, {'ticker': 'MSFT', 'relevance_score': '0.634577', 'ticker_sentiment_score': '0.337328', 'ticker_sentiment_label': 'Somewhat-Bullish'}]"
DAX Trading erklärt: So nutzt du Marktbewegungen gezielt aus,https://www.xtb.com/de/ausbildung/dax-trading,20250618T223112,[],"This article explains DAX Trading, which involves actively trading the German Stock Index (DAX) using derivatives like CFDs and Futures. It details various trading strategies, including technical and fundamental analysis, and styles such as scalping, swing trading, and position trading. The piece highlights the opportunities and risks involved in DAX trading, emphasizing the importance of risk management, and promotes XTB's platform for its competitive spreads, robust tools, and customer support.",https://xas.scdn5.secure.raxcdn.com/build/twigImages/placeholder/tags/2048/indices-4.webp,XTB.com,General,XTB.com,"[{'topic': 'financial_markets', 'relevance_score': '0.945713'}, {'topic': 'finance', 'relevance_score': '0.715112'}]",0.157399,Somewhat-Bullish,"[{'ticker': 'DAX', 'relevance_score': '1.000000', 'ticker_sentiment_score': '0.225646', 'ticker_sentiment_label': 'Somewhat-Bullish'}, {'ticker': 'TSLA', 'relevance_score': '0.636377', 'ticker_sentiment_score': '0.146608', 'ticker_sentiment_label': 'Neutral'}, {'ticker': 'AMZN', 'relevance_score': '0.602111', 'ticker_sentiment_score': '0.113257', 'ticker_sentiment_label': 'Neutral'}, {'ticker': 'AAPL', 'relevance_score': '0.637439', 'ticker_sentiment_score': '0.146209', 'ticker_sentiment_label': 'Neutral'}, {'ticker': 'NFLX', 'relevance_score': '0.619407', 'ticker_sentiment_score': '0.126901', 'ticker_sentiment_label': 'Neutral'}]"
Bear of the Day: PDD Holdings (PDD),https://www.theglobeandmail.com/investing/markets/stocks/JD/pressreleases/32932324/bear-of-the-day-pdd-holdings-pdd/,20250618T230614,['Zacks Investment Research'],"PDD Holdings (PDD), also known as Pinduoduo and Temu, has been designated as a Zacks Rank #5 (Strong Sell) stock due to significant challenges. The company's net profit recently plunged by nearly 50%, missing Zacks Consensus Estimates by 37%, and its profit margins have been cut in half since 2024. These struggles are attributed to ongoing tariff disputes between the US and China, a weak Chinese economy, and intense competition in the e-commerce market.",https://barchart-news-media-prod.aws.barchart.com/SYNDSRC/f6a12482c72a7960a6902639590faa28/108830.jpg%3Fv%3D2049167450,The Globe and Mail,General,The Globe and Mail,"[{'topic': 'earnings', 'relevance_score': '0.946785'}, {'topic': 'financial_markets', 'relevance_score': '0.814046'}, {'topic': 'economy_macro', 'relevance_score': '0.719915'}, {'topic': 'retail_wholesale', 'relevance_score': '0.806228'}]",-0.275364,Somewhat-Bearish,"[{'ticker': 'PDD', 'relevance_score': '1.000000', 'ticker_sentiment_score': '-0.467117', 'ticker_sentiment_label': 'Bearish'}, {'ticker': 'AMZN', 'relevance_score': '0.644003', 'ticker_sentiment_score': '-0.104182', 'ticker_sentiment_label': 'Neutral'}]"
Shutterstock rebrands as it goes all-in on generative AI,https://www.fastcompany.com/91353699/shutterstock-rebrands-as-it-goes-all-in-on-generative-ai,20250618T231744,['Grace Snelling'],"Shutterstock has rebranded with a sleek new look, including an updated logo, typography, and color palette, to reflect its transformation into a creative company focused on generative AI. The company, which now produces advertisements and licenses its data for AI model training, aims to move beyond its traditional stock image identity. This rebrand aligns with its expansion into video and audio, its production arm, and significant generative AI partnerships.","https://images.fastcompany.com/image/upload/f_webp,c_fit,w_1920,q_auto/wp-cms-2/2025/06/p-1-91353699-shutterstock-ai-rebrand.jpg",Fast Company,General,Fast Company,"[{'topic': 'technology', 'relevance_score': '0.849273'}, {'topic': 'earnings', 'relevance_score': '0.825805'}]",0.109579,Neutral,"[{'ticker': 'SSTK', 'relevance_score': '0.344492', 'ticker_sentiment_score': '0.042112', 'ticker_sentiment_label': 'Neutral'}, {'ticker': 'AMZN', 'relevance_score': '0.631933', 'ticker_sentiment_score': '0.248569', 'ticker_sentiment_label': 'Somewhat-Bullish'}]"
4 ETF Areas to Win Amid Slowing Retail Sales in May,https://www.tradingview.com/news/zacks:1534f0f43094b:0-4-etf-areas-to-win-amid-slowing-retail-sales-in-may/,20250619T070942,[],"Retail sales in May declined more than expected, indicating a notable slowdown in consumer spending due to economic uncertainty and tariff anxieties. Despite the overall downturn, certain sectors like online retail, clothing, miscellaneous store retailers, and furniture & home furnishing stores showed growth. Investors can look to specific ETFs and stocks in these winning areas, such as ProShares Online Retail ETF (ONLN), SPDR S&P Retail ETF (XRT), VanEck Retail ETF (RTH), and iShares U.S. Consumer Focused ETF (IEDI).",,TradingView,General,TradingView,"[{'topic': 'retail_wholesale', 'relevance_score': '0.922279'}, {'topic': 'financial_markets', 'relevance_score': '0.818519'}, {'topic': 'economy_macro', 'relevance_score': '0.711551'}]",0.297202,Somewhat-Bullish,"[{'ticker': 'ONLN', 'relevance_score': '0.965625', 'ticker_sentiment_score': '0.307478', 'ticker_sentiment_label': 'Somewhat-Bullish'}, {'ticker': 'AMZN', 'relevance_score': '0.894857', 'ticker_sentiment_score': '0.345351', 'ticker_sentiment_label': 'Somewhat-Bullish'}, {'ticker': 'HD', 'relevance_score': '0.711045', 'ticker_sentiment_score': '0.247273', 'ticker_sentiment_label': 'Somewhat-Bullish'}]"
Amazon orders thousands of employees to relocate to major hubs: report,https://www.proactiveinvestors.com/companies/news/1073285/amazon-orders-thousands-of-employees-to-relocate-to-major-hubs-report-1073285.html,20250619T084500,['Emily Jarvie'],"Amazon is mandating that thousands of its corporate employees relocate to major hubs like Seattle, Arlington, and Washington D.C. to be closer to their managers and teams. Employees are given 30 days to decide whether to relocate and 60 days to either begin the process or resign without severance. This decision follows an earlier return-to-office mandate and comes amid employee concerns about job cuts due to AI advancements.",https://cdn.proactiveinvestors.com/eyJidWNrZXQiOiJwYS1jZG4iLCJrZXkiOiJ1cGxvYWRcL05ld3NcL0ltYWdlXC8yMDI1XzA2XC9FcmljLUJyb2Rlci1WYW4tRHlrZS1TaHV0dGVyc3RvY2suanBnIiwiZWRpdHMiOnsicmVzaXplIjp7IndpZHRoIjoxMjgwLCJoZWlnaHQiOjcyMCwiZml0IjoiY292ZXIifX19,Proactive financial news,General,Proactive financial news,"[{'topic': 'retail_wholesale', 'relevance_score': '0.832397'}, {'topic': 'technology', 'relevance_score': '0.724092'}, {'topic': 'economy_macro', 'relevance_score': '0.615988'}]",-0.260785,Somewhat-Bearish,"[{'ticker': 'AMZN', 'relevance_score': '1.000000', 'ticker_sentiment_score': '-0.255095', 'ticker_sentiment_label': 'Somewhat-Bearish'}]"
"Stumbling Zombies of Hydrogen. Why Plug Power, Ballard Power, and…",https://medium.com/the-future-is-electric/stumbling-zombies-of-hydrogen-871c2f9dec0d,20250619T220940,['Michael Barnard'],"Plug Power faces another existential crisis as its stock trades below the Nasdaq's critical $1 threshold. Despite past rescues and financial maneuvers like a 2011 reverse stock split, the company continues to burn cash at unsustainable rates, casting doubt on its path to profitability. Originally founded on the unfulfilled promise of residential hydrogen fuel cells, Plug Power pivoted to industrial forklifts, but even deals with large clients like Amazon and Walmart failed to establish sustainable profit margins.",,Medium,General,Medium,"[{'topic': 'financial_markets', 'relevance_score': '0.920880'}, {'topic': 'energy_transportation', 'relevance_score': '0.835611'}, {'topic': 'technology', 'relevance_score': '0.738007'}]",-0.20744,Somewhat-Bearish,"[{'ticker': 'BLDP', 'relevance_score': '0.907201', 'ticker_sentiment_score': '-0.739604', 'ticker_sentiment_label': 'Bearish'}, {'ticker': 'AMZN', 'relevance_score': '0.600984', 'ticker_sentiment_score': '0.111117', 'ticker_sentiment_label': 'Neutral'}, {'ticker': 'WMT', 'relevance_score': '0.644316', 'ticker_sentiment_score': '0.124714', 'ticker_sentiment_label': 'Neutral'}]"
VML: AXA’s Group Therapy,https://www.wpp.com/en/featured/work/2025/06/vml-axas-group-therapy,20250619T233258,[],"AXA Group partnered with VML Paris, WPP Media, and Hartbeat to create ""Group Therapy,"" a feature-length ""docu-therapy"" starring Neil Patrick Harris and six comedians. The film, which premiered at the Tribeca Film Festival and launched on Prime Video in April 2025, uses comedy to encourage conversations about mental health and personal sharing. It aims to break traditional awareness approaches by showcasing how vulnerability and connection can lead to healing, positioning itself as the world's first feature-length PSA on mental health.",https://www.wpp.com/-/media/project/wpp/images/featured-work/featured-work-2025/gtmain.jpg?width=1600&height=900,WPP,General,WPP,"[{'topic': 'life_sciences', 'relevance_score': '0.836947'}]",0.291045,Somewhat-Bullish,"[{'ticker': 'WPP', 'relevance_score': '0.300146', 'ticker_sentiment_score': '0.000243', 'ticker_sentiment_label': 'Neutral'}, {'ticker': 'AMZN', 'relevance_score': '0.600920', 'ticker_sentiment_score': '0.386732', 'ticker_sentiment_label': 'Bullish'}, {'ticker': 'META', 'relevance_score': '0.642284', 'ticker_sentiment_score': '0.392293', 'ticker_sentiment_label': 'Bullish'}, {'ticker': 'WBD', 'relevance_score': '0.614841', 'ticker_sentiment_score': '0.410579', 'ticker_sentiment_label': 'Bullish'}]"
"What If You Invested In S&P 500 Excluding Mag 7? Here's How NVDA, AMZN, AAPL And Others Have Performed In The Last Year - Apple (NASDAQ:AAPL), Amazon.com (NASDAQ:AMZN)",https://www.benzinga.com/markets/equities/25/06/46026336/what-if-you-invested-in-sp-500-excluding-mag-7-heres-how-nvda-amzn-aapl-and-others-have-performed-in-the-last-year,20250620T100000,['Rishabh Mishra'],"The S&P 500's growth over the last decade has been almost entirely driven by the ""Magnificent 7"" stocks. A Goldman Sachs study indicates that excluding these seven companies, the remaining 493 S&P 500 stocks showed negligible returns, highlighting the concentrated nature of market gains. Despite their long-term dominance, only Nvidia, Microsoft, and Meta Platforms have outperformed the broader S&P 500 year-to-date in 2025 among the Magnificent 7.",https://cdn.benzinga.com/files/images/story/2025/06/20/Nvidia.jpeg?quality=85&auto=webp&width=850,Benzinga,General,Benzinga,"[{'topic': 'financial_markets', 'relevance_score': '0.914897'}]",0.094018,Neutral,"[{'ticker': 'SPY', 'relevance_score': '1.000000', 'ticker_sentiment_score': '0.089648', 'ticker_sentiment_label': 'Neutral'}, {'ticker': 'AAPL', 'relevance_score': '0.718353', 'ticker_sentiment_score': '0.091255', 'ticker_sentiment_label': 'Neutral'}, {'ticker': 'AMZN', 'relevance_score': '0.736531', 'ticker_sentiment_score': '0.095542', 'ticker_sentiment_label': 'Neutral'}, {'ticker': 'NVDA', 'relevance_score': '0.735003', 'ticker_sentiment_score': '0.059650', 'ticker_sentiment_label': 'Neutral'}, {'ticker': 'MSFT', 'relevance_score': '0.743525', 'ticker_sentiment_score': '0.093403', 'ticker_sentiment_label': 'Neutral'}]"
AMZW Stock Fund Price and Chart — CBOE:AMZW,https://www.tradingview.com/symbols/CBOE-AMZW/,20250620T125155,[],"The Roundhill AMZN WeeklyPay ETF (AMZW) aims to offer weekly income and leveraged exposure (1.2x) to the weekly price performance of Amazon (AMZN) stock. It achieves this through total return swap agreements and direct AMZN common stock investments, while also making weekly distribution payments. However, investors are warned about the increased volatility due to its lack of diversification and leverage, noting that it's not a direct investment in AMZN and could lose all value if AMZN's share price drops significantly.",https://s3-symbol-logo.tradingview.com/roundhmetave-aeoa--big.svg,TradingView,General,TradingView,"[{'topic': 'financial_markets', 'relevance_score': '0.917077'}, {'topic': 'finance', 'relevance_score': '0.806876'}, {'topic': 'retail_wholesale', 'relevance_score': '0.602233'}]",-0.093807,Neutral,"[{'ticker': 'AMZW', 'relevance_score': '1.000000', 'ticker_sentiment_score': '-0.222601', 'ticker_sentiment_label': 'Somewhat-Bearish'}, {'ticker': 'AMZN', 'relevance_score': '0.712867', 'ticker_sentiment_score': '-0.134796', 'ticker_sentiment_label': 'Neutral'}, {'ticker': 'CBOE', 'relevance_score': '0.611286', 'ticker_sentiment_score': '0.118660', 'ticker_sentiment_label': 'Neutral'}]"
Who Will Buy TikTok? And Why it Matters,https://www.morningstar.com/stocks/who-will-buy-tik-tok-why-it-matters,20250620T220629,"['Malik Ahmed Khan', 'CFA']","This article discusses the uncertain future of TikTok in the US, specifically focusing on the mandated divestiture of its US operations due to government concerns over data security and Chinese influence. It explores potential buyers like Microsoft, Amazon, and Oracle, estimating a deal value of over $50 billion and analyzing the implications for investors and competitors if a sale, ban, or prolonged limbo occurs. The article emphasizes that the nature of the buyer is critical due to TikTok's advanced algorithm and market share in social media advertising.",https://cloudfront-us-east-1.images.arcpublishing.com/morningstar/C27RVDHZBBE7RD7Q3KTA2ZSVJQ.jpg,Morningstar,General,Morningstar,"[{'topic': 'mergers_and_acquisitions', 'relevance_score': '1.000000'}, {'topic': 'technology', 'relevance_score': '0.801979'}]",0.194932,Somewhat-Bullish,"[{'ticker': 'APP', 'relevance_score': '0.870513', 'ticker_sentiment_score': '0.124705', 'ticker_sentiment_label': 'Neutral'}, {'ticker': 'MSFT', 'relevance_score': '0.915888', 'ticker_sentiment_score': '0.312205', 'ticker_sentiment_label': 'Somewhat-Bullish'}, {'ticker': 'AMZN', 'relevance_score': '0.912085', 'ticker_sentiment_score': '0.347901', 'ticker_sentiment_label': 'Somewhat-Bullish'}, {'ticker': 'ORCL', 'relevance_score': '0.817768', 'ticker_sentiment_score': '0.089919', 'ticker_sentiment_label': 'Neutral'}, {'ticker': 'GOOGL', 'relevance_score': '0.772114', 'ticker_sentiment_score': '0.077830', 'ticker_sentiment_label': 'Neutral'}]"
"I just reviewed Corsair's latest MMO mouse, but it's changed my work life far more than my ranked position",https://www.gamesradar.com/hardware/gaming-mice/i-just-reviewed-corsairs-latest-mmo-mouse-but-its-changed-my-work-life-far-more-than-my-ranked-position/,20250620T221907,['Tabitha Baker'],"The reviewer tested Corsair's Scimitar Elite Wireless SE MMO mouse and found that despite its strengths as a gaming mouse, its true value lies in its productivity features due to its 12 programmable buttons and Virtual Stream Deck support. While good for slower-paced games, its weight and smaller PTFE feet make it less ideal for competitive FPS games. The mouse is currently on sale, making it a powerful and affordable option for those seeking a versatile device for both work and gaming.",https://cdn.mos.cms.futurecdn.net/utAKU2npTTb5wpThX3pQDd.jpg,GamesRadar+,General,GamesRadar+,"[{'topic': 'technology', 'relevance_score': '0.840324'}]",0.28923,Somewhat-Bullish,"[{'ticker': 'CRSR', 'relevance_score': '1.000000', 'ticker_sentiment_score': '0.415928', 'ticker_sentiment_label': 'Bullish'}, {'ticker': 'AMZN', 'relevance_score': '0.628663', 'ticker_sentiment_score': '0.105744', 'ticker_sentiment_label': 'Neutral'}]"
Are America’s Malls Back? DICK’S Buys Foot Locker,https://lawstreetmedia.com/insights/are-americas-malls-back-dicks-buys-foot-locker/,20250620T223200,['DealPulse'],"DICK'S Sporting Goods, Inc. plans to acquire Foot Locker, Inc. for $2.5 billion, as both companies aim to capitalize on a potential resurgence in mall traffic, particularly among Gen Z. Despite past struggles and the shift to e-commerce, malls are reinventing themselves with entertainment and mixed-use spaces. This acquisition reflects an effort to adapt to changing consumer habits and renewed interest in in-person experiences.",https://lh7-rt.googleusercontent.com/docsz/AD_4nXd6hJYC5ZSQIRo2WCm_vJJ1s3k4gVPSPurzqSPQTAxMhgkNUZ0o6JQ1D9HGEGuMbABSS08OdxQ8iO-bYbMo59Kn8gnXwNa-YqCuLNwOpY7szCMC_yQMsD5FBbwp7k4oKveH_mxOKD1q-XWjU6NPQek?key=ndUIP49vxKXfzJQviG4x5g,Law Street Media,General,Law Street Media,"[{'topic': 'mergers_and_acquisitions', 'relevance_score': '1.000000'}, {'topic': 'retail_wholesale', 'relevance_score': '0.918239'}, {'topic': 'economy_macro', 'relevance_score': '0.612401'}, {'topic': 'finance', 'relevance_score': '0.618253'}]",0.146949,Neutral,"[{'ticker': 'DKS', 'relevance_score': '1.000000', 'ticker_sentiment_score': '0.441160', 'ticker_sentiment_label': 'Bullish'}, {'ticker': 'AMZN', 'relevance_score': '0.612785', 'ticker_sentiment_score': '-0.236310', 'ticker_sentiment_label': 'Somewhat-Bearish'}]"
Author and Creator Eli Rallo Owns Around 500 Books — Which Genre She Reaches for Most (Exclusive),https://people.com/author-and-creator-eli-rallo-interview-exclusive-11758202,20250620T225014,['Carly Tagen-Dye'],"Author and content creator Eli Rallo discusses her love for reading, her extensive book collection of about 500 books, and her partnership with furniture company Lovesac for their PillowSac Chair. She also shares details about her ""Prose Hoes Literary Salon,"" which aims to diversify reading perspectives, and hints at her upcoming essay collection, ""Does Anyone Else Feel This Way?""",https://people.com/thmb/l7JxwUk0u51Wy9sCtxOFRCbc7PE=/1500x0/filters:no_upscale():max_bytes(150000):strip_icc():focal(852x337:854x339)/Eli-Rallo-062025-1-4055e18c24cf4205a923be4e0d49bb4f.jpg,People.com,General,People.com,"[{'topic': 'retail_wholesale', 'relevance_score': '0.728432'}]",0.242085,Somewhat-Bullish,"[{'ticker': 'LOVE', 'relevance_score': '1.000000', 'ticker_sentiment_score': '0.332116', 'ticker_sentiment_label': 'Somewhat-Bullish'}, {'ticker': 'AMZN', 'relevance_score': '0.606861', 'ticker_sentiment_score': '0.101667', 'ticker_sentiment_label': 'Neutral'}]"
This Nasdaq ETF Could Turn $500 Monthly Into $1 Million,https://www.theglobeandmail.com/investing/markets/markets-news/Motley%20Fool/32974435/this-nasdaq-etf-could-turn-500-monthly-into-1-million/,20250620T230837,['Motley Fool'],"The article discusses how consistently investing $500 monthly into the Invesco QQQ ETF (NASDAQ: QQQ), which tracks the Nasdaq-100, could potentially lead to accumulating $1 million. It highlights the ETF's historical returns, driven by its heavy weighting in large-cap tech stocks, and provides a projection of investment growth over various timeframes. The author also advises using QQQ as a supplemental part of a portfolio due to its concentration in the tech sector.",https://barchart-news-media-prod.aws.barchart.com/FC/7b48715b842bedc73072260b44f4e56d/%3Furl%3Dhttps%253a%252f%252fg.foolcdn.com%252feditorial%252fimages%252f821978%252fyoung-businessman-at-work.jpg%26amp%3Bw%3D700,The Globe and Mail,General,The Globe and Mail,"[{'topic': 'financial_markets', 'relevance_score': '0.942518'}, {'topic': 'finance', 'relevance_score': '0.847435'}, {'topic': 'technology', 'relevance_score': '0.742435'}]",0.357944,Bullish,"[{'ticker': 'QQQ', 'relevance_score': '1.000000', 'ticker_sentiment_score': '0.443343', 'ticker_sentiment_label': 'Bullish'}, {'ticker': 'MSFT', 'relevance_score': '0.708892', 'ticker_sentiment_score': '0.348557', 'ticker_sentiment_label': 'Somewhat-Bullish'}, {'ticker': 'NVDA', 'relevance_score': '0.713720', 'ticker_sentiment_score': '0.319196', 'ticker_sentiment_label': 'Somewhat-Bullish'}, {'ticker': 'AAPL', 'relevance_score': '0.717975', 'ticker_sentiment_score': '0.307541', 'ticker_sentiment_label': 'Somewhat-Bullish'}, {'ticker': 'AMZN', 'relevance_score': '0.734851', 'ticker_sentiment_score': '0.308663', 'ticker_sentiment_label': 'Somewhat-Bullish'}]"
"$210.5 Million Construction Financing Secured For 2900 Terrace In Edgewater, Miami",https://floridayimby.com/2025/06/210-5-million-construction-financing-secured-for-2900-terrace-in-edgewater-miami.html,20250621T080000,['Oscar Nunez'],"Oak Row Equities has secured $210.5 million in construction financing for 2900 Terrace, a 38-story luxury multifamily tower in Miami's Edgewater neighborhood. The financing includes a $142.5 million senior loan from Bank OZK and a $68 million mezzanine loan from Canyon Partners Real Estate LLC. Designed by Arquitectonica, the project will feature 324 condo-quality rental units and amenities, with completion expected in late 2027.",https://floridayimby.com/wp-content/uploads/2024/01/MrsdIdA-777x477.jpg,Florida YIMBY,General,Florida YIMBY,"[{'topic': 'real_estate', 'relevance_score': '1.000000'}, {'topic': 'finance', 'relevance_score': '0.836529'}]",0.221357,Somewhat-Bullish,"[{'ticker': 'OZK', 'relevance_score': '0.942499', 'ticker_sentiment_score': '0.338599', 'ticker_sentiment_label': 'Somewhat-Bullish'}, {'ticker': 'AMZN', 'relevance_score': '0.605838', 'ticker_sentiment_score': '0.219676', 'ticker_sentiment_label': 'Somewhat-Bullish'}, {'ticker': 'JPM', 'relevance_score': '0.614058', 'ticker_sentiment_score': '0.138011', 'ticker_sentiment_label': 'Neutral'}, {'ticker': 'MS', 'relevance_score': '0.622394', 'ticker_sentiment_score': '0.131621', 'ticker_sentiment_label': 'Neutral'}]"
"Fred Smith, FedEx Chairman and Founder, Dies at 80",https://www.ttnews.com/articles/fedex-fred-smith-dies,20250622T104400,['Thomas Black'],"Fred Smith, the founder and executive chairman of FedEx, has died at the age of 80. Smith revolutionized the parcel shipping industry by introducing the hub-and-spoke model for overnight delivery, building FedEx into one of the world's largest logistics companies. Despite initial financial struggles and competition, his vision transformed global commerce and the way packages are delivered.",https://www.ttnews.com/sites/default/files/styles/article_full_width_image/public/2025-06/Fred_Smith-1200.jpg,Transport Topics,General,Transport Topics,"[{'topic': 'energy_transportation', 'relevance_score': '0.932956'}, {'topic': 'finance', 'relevance_score': '0.729275'}]",-0.080017,Neutral,"[{'ticker': 'FDX', 'relevance_score': '0.349028', 'ticker_sentiment_score': '0.008821', 'ticker_sentiment_label': 'Neutral'}, {'ticker': 'AMZN', 'relevance_score': '0.609958', 'ticker_sentiment_score': '-0.106849', 'ticker_sentiment_label': 'Neutral'}]"
Six E-commerce Marketing Trends in 2025,https://www.taboola.com/marketing-hub/ecomm-marketing-trends/,20250622T231836,['Christine Cignoli'],"This article identifies six key e-commerce marketing trends for 2025, highlighting the continued importance of personalization, mobile commerce, social commerce, data analytics, SEO, and the rise of re-commerce. It emphasizes that while e-commerce is continuously innovating with technologies like AR and AI, the core goal remains attracting and retaining customers. The piece also provides economic statistics on e-commerce growth and offers insights into how businesses can adapt to these trends for sustained success.",https://www.taboola.com/wp-content/uploads-neo/2025/06/ecomm-marketing-trends-300x200.jpg,Taboola.com,General,Taboola.com,"[{'topic': 'retail_wholesale', 'relevance_score': '0.842180'}, {'topic': 'technology', 'relevance_score': '0.721579'}]",0.365237,Bullish,"[{'ticker': 'TBLA', 'relevance_score': '1.000000', 'ticker_sentiment_score': '0.436844', 'ticker_sentiment_label': 'Bullish'}, {'ticker': 'AMZN', 'relevance_score': '0.608875', 'ticker_sentiment_score': '0.307524', 'ticker_sentiment_label': 'Somewhat-Bullish'}, {'ticker': 'META', 'relevance_score': '0.628870', 'ticker_sentiment_score': '0.333023', 'ticker_sentiment_label': 'Somewhat-Bullish'}]"
News | JBG Smith nabs discounted portfolio for first office purchase outside National Landing in over a decade,https://www.costar.com/article/771704143/jbg-smith-nabs-discounted-portfolio-for-first-office-purchase-outside-national-landing-in-over-a-decade,20250623T081400,['Jonathan Lehrfeld'],"JBG Smith has acquired a three-property office portfolio in Tysons, Northern Virginia, for $42.3 million, marking its first office investment outside National Landing in over a decade. The REIT plans to convert one building to residential use and enhance the other two office buildings, capitalizing on discounted assets and applying its mixed-use redevelopment expertise. This move signals JBG's belief in the long-term potential of the Tysons market despite current high office vacancy rates.",https://www.costar.com/_next/image?url=https%3A%2F%2Fcostar.brightspotcdn.com%2Fdims4%2Fdefault%2Fe7f11bd%2F2147483647%2Fstrip%2Ftrue%2Fcrop%2F5854x3903%2B0%2B0%2Fresize%2F2100x1400!%2Fquality%2F100%2F%3Furl%3Dhttp%253A%252F%252Fcostar-brightspot.s3.us-east-1.amazonaws.com%252Ff1%252Fa6%252Fd46802474f6f942a3fb65a3b351f%252Fprimaryphoto-67.jpg&w=3840&q=75,CoStar,General,CoStar,"[{'topic': 'real_estate', 'relevance_score': '1.000000'}, {'topic': 'mergers_and_acquisitions', 'relevance_score': '0.843765'}]",0.240573,Somewhat-Bullish,"[{'ticker': 'JBGS', 'relevance_score': '1.000000', 'ticker_sentiment_score': '0.411054', 'ticker_sentiment_label': 'Bullish'}, {'ticker': 'CSGP', 'relevance_score': '0.749718', 'ticker_sentiment_score': '0.100745', 'ticker_sentiment_label': 'Neutral'}, {'ticker': 'AMZN', 'relevance_score': '0.625099', 'ticker_sentiment_score': '0.138773', 'ticker_sentiment_label': 'Neutral'}]"
Tesla stock soars following Austin AI robotaxi event,https://www.foxbusiness.com/technology/musk-launches-tesla-ai-robotaxi-austin-flat-fees-under-5,20250623T125500,"['Aislinn Murphy', 'Alexandra Koch']","Tesla officially launched its AI robotaxi service in Austin, Texas, charging a $4.20 flat fee for initial rides. The debut caused Tesla's stock to jump over 10%, highlighting the long-awaited entry into the robotaxi market. The article also details the company's future plans, including the CyberCab sedan and expansion to other cities, and compares Tesla's new service with established players like Waymo and Zoox.",https://a57.foxnews.com/static.foxbusiness.com/foxbusiness.com/content/uploads/2025/06/931/506/tesla-robotaxi-white-road-austin.gif?ve=1&tl=1,Fox Business,General,Fox Business,"[{'topic': 'technology', 'relevance_score': '0.908924'}, {'topic': 'financial_markets', 'relevance_score': '0.808371'}, {'topic': 'energy_transportation', 'relevance_score': '0.735112'}]",0.225907,Somewhat-Bullish,"[{'ticker': 'TSLA', 'relevance_score': '1.000000', 'ticker_sentiment_score': '0.465934', 'ticker_sentiment_label': 'Bullish'}, {'ticker': 'GOOG', 'relevance_score': '0.740421', 'ticker_sentiment_score': '0.138218', 'ticker_sentiment_label': 'Neutral'}, {'ticker': 'AMZN', 'relevance_score': '0.621352', 'ticker_sentiment_score': '0.124170', 'ticker_sentiment_label': 'Neutral'}, {'ticker': 'UBER', 'relevance_score': '0.585512', 'ticker_sentiment_score': '0.101467', 'ticker_sentiment_label': 'Neutral'}]"
Palantir could profit from the Middle East conflict. But here’s why Wall Street thinks its stock is overpriced.,https://www.marketwatch.com/story/palantir-could-profit-from-the-middle-east-conflict-but-heres-why-wall-street-thinks-its-stock-is-overpriced-00d90c5a?gaa_at=eafs&gaa_n=AWEtsqfD_Dib8HfbSfi_huf9BeG4txR7cg4aXAwhgcT27esMiwZPZ2uJ0pnR&gaa_ts=690cc091&gaa_sig=Nz6dRb8uWiwWgr2oAAaWOJWLF5gyQrkCGpcGcOihhS0O826_VaFGDlqF_M2phjEu1l12Y_cdk3l3AGuHFPRdxQ%3D%3D,20250623T164200,['Laila Maidan'],"Palantir Technologies Inc. stands to gain from rising tensions in the Middle East due to its advanced AI technology used in defense and intelligence. Despite the company's strong position for government contracts, many Wall Street analysts believe its stock, PLTR, is currently overpriced. This perspective highlights a disconnect between Palantir's potential for increased revenue from geopolitical events and its perceived valuation on the stock market.",,MarketWatch,General,MarketWatch,"[{'topic': 'financial_markets', 'relevance_score': '0.929312'}, {'topic': 'technology', 'relevance_score': '0.810214'}]",0.022276,Neutral,"[{'ticker': 'PLTR', 'relevance_score': '1.000000', 'ticker_sentiment_score': '0.020356', 'ticker_sentiment_label': 'Neutral'}, {'ticker': 'META', 'relevance_score': '0.569115', 'ticker_sentiment_score': '0.022159', 'ticker_sentiment_label': 'Neutral'}, {'ticker': 'AMZN', 'relevance_score': '0.597805', 'ticker_sentiment_score': '0.049970', 'ticker_sentiment_label': 'Neutral'}]"
JD.com Named to Gartner’s Global Supply Chain Top 25 for Second Consecutive Year,https://jdcorporateblog.com/jd-com-named-to-gartners-global-supply-chain-top-25-for-second-consecutive-year/,20250623T224723,['Yuchuan Wang'],"JD.com has been recognized on Gartner's Supply Chain Top 25 for the second consecutive year, ranking 22nd globally, making it the only Chinese retailer on the list. This achievement highlights the company's significant investment in R&D, advanced technological implementations like autonomous operations and AI in logistics, and its commitment to building a green supply chain. JD.com's focus on efficiency, customer satisfaction with 24-hour delivery for 95% of orders in China, and its sustainable practices were key factors in this prestigious recognition.",https://jdcorporateblog.com/wp-content/uploads/2025/06/Gartner-Top-25.webp,JD Corporate Blog,General,JD Corporate Blog,"[{'topic': 'retail_wholesale', 'relevance_score': '1.000000'}, {'topic': 'technology', 'relevance_score': '0.909674'}, {'topic': 'energy_transportation', 'relevance_score': '0.708794'}]",0.539751,Bullish,"[{'ticker': 'JD', 'relevance_score': '1.000000', 'ticker_sentiment_score': '0.514776', 'ticker_sentiment_label': 'Bullish'}, {'ticker': 'IT', 'relevance_score': '0.892261', 'ticker_sentiment_score': '0.544215', 'ticker_sentiment_label': 'Bullish'}, {'ticker': 'AMZN', 'relevance_score': '0.611489', 'ticker_sentiment_score': '0.546341', 'ticker_sentiment_label': 'Bullish'}, {'ticker': 'AAPL', 'relevance_score': '0.565171', 'ticker_sentiment_score': '0.513768', 'ticker_sentiment_label': 'Bullish'}, {'ticker': 'WMT', 'relevance_score': '0.576144', 'ticker_sentiment_score': '0.507290', 'ticker_sentiment_label': 'Bullish'}]"
Ecommerce earnings recap: What you missed from La-Z-Boy and more,https://www.digitalcommerce360.com/2025/06/23/ecommerce-earnings-recap-what-you-missed-from-la-z-boy-and-more/,20250623T225042,['Brian Warmoth'],"This article summarizes the Q1 2025 and Q4 2025 earnings reports for several major retailers, focusing on their ecommerce performance and how they are addressing macroeconomic challenges like tariffs and inflation. Key insights include La-Z-Boy's struggle with its Joybird brand despite overall sales growth, Kroger's consistent digital sales growth, and various companies' strategies for managing tariffs and focusing on online channels. The report also touches on Amazon's revenue increase, Chewy's Autoship growth, and Home Depot's use of AI to boost online sales.",https://www.digitalcommerce360.com/wp-content/uploads/2016/02/Best_Stars-390x275.jpg,Digital Commerce 360,General,Digital Commerce 360,"[{'topic': 'earnings', 'relevance_score': '0.900122'}, {'topic': 'retail_wholesale', 'relevance_score': '0.802982'}, {'topic': 'economy_macro', 'relevance_score': '0.715958'}]",0.248165,Somewhat-Bullish,"[{'ticker': 'LZB', 'relevance_score': '1.000000', 'ticker_sentiment_score': '-0.241181', 'ticker_sentiment_label': 'Somewhat-Bearish'}, {'ticker': 'KR', 'relevance_score': '0.804773', 'ticker_sentiment_score': '0.274555', 'ticker_sentiment_label': 'Somewhat-Bullish'}, {'ticker': 'HD', 'relevance_score': '0.724929', 'ticker_sentiment_score': '0.349399', 'ticker_sentiment_label': 'Somewhat-Bullish'}, {'ticker': 'AMZN', 'relevance_score': '0.635205', 'ticker_sentiment_score': '0.314520', 'ticker_sentiment_label': 'Somewhat-Bullish'}, {'ticker': 'WMT', 'relevance_score': '0.593854', 'ticker_sentiment_score': '0.372271', 'ticker_sentiment_label': 'Bullish'}]"
E-Commerce Booms in Latin America: Can MercadoLibre Win the Market?,https://www.theglobeandmail.com/investing/markets/stocks/AMZN/pressreleases/33006910/e-commerce-booms-in-latin-america-can-mercadolibre-win-the-market/,20250623T225124,['Zacks Investment Research'],"MercadoLibre (MELI) is capitalizing on the increasing internet adoption in Latin America, strengthening its position as a leading online shopping destination. Despite strong growth and an improved online buying experience, MELI faces intense competition from Amazon (AMZN) and Alibaba (BABA) in the region. The company's financial performance shows solid commerce revenue growth, and while its stock has outperformed industry benchmarks year-to-date, its valuation is higher than the industry average.",https://barchart-news-media-prod.aws.barchart.com/SYNDSRC/f8d014c1f67e27e6b039ba0a965f6b64/109735.jpg%3Fv%3D355242909,The Globe and Mail,General,The Globe and Mail,"[{'topic': 'earnings', 'relevance_score': '0.936832'}, {'topic': 'retail_wholesale', 'relevance_score': '0.825323'}, {'topic': 'financial_markets', 'relevance_score': '0.746814'}, {'topic': 'technology', 'relevance_score': '0.640851'}, {'topic': 'economy_macro', 'relevance_score': '0.642517'}]",0.182583,Somewhat-Bullish,"[{'ticker': 'MELI', 'relevance_score': '1.000000', 'ticker_sentiment_score': '0.425956', 'ticker_sentiment_label': 'Bullish'}, {'ticker': 'AMZN', 'relevance_score': '0.735758', 'ticker_sentiment_score': '-0.120098', 'ticker_sentiment_label': 'Neutral'}]"
World’s Most Expensive Stocks: What Makes Them So Pricey?,https://coinlaw.io/worlds-most-expensive-stocks/,20250623T230425,"['Barry Elad', 'Kathleen Kinder']","This article explores what makes some stocks extraordinarily expensive, like Berkshire Hathaway, Lindt & Sprüngli, and NVR Inc. It explains that a high per-share price doesn't necessarily equate to a high market valuation; rather, it often reflects a company's intentional strategy to avoid stock splits, attract long-term investors, and maintain an exclusive brand image. The piece highlights the top 10 most expensive stocks and advises investors to focus on fundamental value rather than just share price.",https://coinlaw.io/wp-content/uploads/2025/06/featured-worlds-most-expensive-stocks-1100x619.jpg,CoinLaw,General,CoinLaw,"[{'topic': 'financial_markets', 'relevance_score': '0.912135'}, {'topic': 'finance', 'relevance_score': '0.807909'}, {'topic': 'retail_wholesale', 'relevance_score': '0.633438'}, {'topic': 'real_estate', 'relevance_score': '0.624494'}, {'topic': 'technology', 'relevance_score': '0.639387'}]",0.332496,Somewhat-Bullish,"[{'ticker': 'NVR', 'relevance_score': '0.906712', 'ticker_sentiment_score': '0.300816', 'ticker_sentiment_label': 'Somewhat-Bullish'}, {'ticker': 'AMZN', 'relevance_score': '0.729707', 'ticker_sentiment_score': '0.334794', 'ticker_sentiment_label': 'Somewhat-Bullish'}, {'ticker': 'GOOGL', 'relevance_score': '0.701252', 'ticker_sentiment_score': '0.336869', 'ticker_sentiment_label': 'Somewhat-Bullish'}, {'ticker': 'AZO', 'relevance_score': '0.635003', 'ticker_sentiment_score': '0.336726', 'ticker_sentiment_label': 'Somewhat-Bullish'}]"
Inside SharkNinja’s “social-first” marketing strategy,https://www.retailbrew.com/stories/2025/06/23/inside-sharkninja-s-social-first-marketing-strategy,20250623T231632,['Erin Cabrey'],"SharkNinja attributes its significant sales growth to a ""social-first"" marketing strategy, prioritizing social media storytelling alongside product innovation. The company spends 40% of its digital advertising budget on social platforms and quickly adapts content to trending topics. This approach cultivates genuine product advocacy among influencers and consumers, leading to viral product launches and sustained demand for its premium appliances.",,Retail Brew,General,Retail Brew,"[{'topic': 'retail_wholesale', 'relevance_score': '0.947421'}, {'topic': 'earnings', 'relevance_score': '0.818513'}, {'topic': 'technology', 'relevance_score': '0.738232'}]",0.2004,Somewhat-Bullish,"[{'ticker': 'SN', 'relevance_score': '1.000000', 'ticker_sentiment_score': '0.482623', 'ticker_sentiment_label': 'Bullish'}, {'ticker': 'AMZN', 'relevance_score': '0.607363', 'ticker_sentiment_score': '0.109745', 'ticker_sentiment_label': 'Neutral'}, {'ticker': 'BBY', 'relevance_score': '0.584109', 'ticker_sentiment_score': '0.119611', 'ticker_sentiment_label': 'Neutral'}, {'ticker': 'WMT', 'relevance_score': '0.559993', 'ticker_sentiment_score': '0.116502', 'ticker_sentiment_label': 'Neutral'}, {'ticker': 'TGT', 'relevance_score': '0.559554', 'ticker_sentiment_score': '0.113598', 'ticker_sentiment_label': 'Neutral'}]"
Payment Giants Slide on Stablecoin Buzz—Is Now the Time to Buy?,https://www.marketbeat.com/stock-ideas/payment-giants-slide-on-stablecoin-buzzis-now-the-time-to-buy/,20250623T233101,"['Gabriel Osorio-Mazilli', 'Shannon Harms']","The article discusses the recent dip in stock prices for payment giants like Visa, Mastercard, and American Express due to concerns about stablecoins potentially replacing their services. It argues that this sell-off presents a dip-buying opportunity, especially for Visa due to its market share and institutional interest, Mastercard as a ""catch-up"" play, and American Express for its stability with high-quality customers. The author believes fundamentals will ultimately outweigh the short-term stablecoin threat.",https://www.marketbeat.com/logos/articles/med_20250620122034_payment-giants-slide-on-stablecoin-buzzis-now-the.jpg,MarketBeat,General,MarketBeat,"[{'topic': 'blockchain', 'relevance_score': '0.817927'}, {'topic': 'financial_markets', 'relevance_score': '0.934725'}, {'topic': 'finance', 'relevance_score': '0.817414'}, {'topic': 'retail_wholesale', 'relevance_score': '0.616537'}]",0.19753,Somewhat-Bullish,"[{'ticker': 'V', 'relevance_score': '1.000000', 'ticker_sentiment_score': '0.334940', 'ticker_sentiment_label': 'Somewhat-Bullish'}, {'ticker': 'AMZN', 'relevance_score': '0.608795', 'ticker_sentiment_score': '0.103895', 'ticker_sentiment_label': 'Neutral'}, {'ticker': 'MA', 'relevance_score': '0.944676', 'ticker_sentiment_score': '0.278158', 'ticker_sentiment_label': 'Somewhat-Bullish'}, {'ticker': 'AXP', 'relevance_score': '0.847714', 'ticker_sentiment_score': '0.207590', 'ticker_sentiment_label': 'Somewhat-Bullish'}, {'ticker': 'COIN', 'relevance_score': '0.634587', 'ticker_sentiment_score': '0.144825', 'ticker_sentiment_label': 'Neutral'}]"
VUG: Why The Long-Term Case Still Favors Value,https://seekingalpha.com/article/4796677-vug-why-the-long-term-case-still-favors-value,20250623T233206,['M Value Investing Research'],"The article argues that U.S. Large Cap Growth, represented by VUG, has historically underperformed Value in total return and risk-adjusted metrics over the long term. It highlights VUG's concentration in mega-cap tech, leading to increased volatility and drawdown risk. The author recommends reducing VUG exposure in favor of broader or value-oriented ETFs for better long-term investment outcomes.",https://static.seekingalpha.com/cdn/s3/uploads/getty_images/1438309832/image_1438309832.jpg?io=getty-c-w750,Seeking Alpha,General,Seeking Alpha,"[{'topic': 'financial_markets', 'relevance_score': '0.944588'}]",-0.180202,Somewhat-Bearish,"[{'ticker': 'VUG', 'relevance_score': '1.000000', 'ticker_sentiment_score': '-0.360834', 'ticker_sentiment_label': 'Bearish'}, {'ticker': 'AAPL', 'relevance_score': '0.725694', 'ticker_sentiment_score': '-0.125845', 'ticker_sentiment_label': 'Neutral'}, {'ticker': 'MSFT', 'relevance_score': '0.700288', 'ticker_sentiment_score': '-0.102211', 'ticker_sentiment_label': 'Neutral'}, {'ticker': 'AMZN', 'relevance_score': '0.735452', 'ticker_sentiment_score': '-0.146238', 'ticker_sentiment_label': 'Neutral'}, {'ticker': 'NVDA', 'relevance_score': '0.734072', 'ticker_sentiment_score': '-0.143161', 'ticker_sentiment_label': 'Neutral'}]"
IBD Rating Upgrades: PPL Corp Flashes Improved Relative Price Strength,https://www.investors.com/ibd-data-stories/ibd-rating-upgrades-ppl-corp-flashes-improved-relative-price-strength/,20250624T030000,[],"PPL Corp (PPL) saw its Relative Strength (RS) Rating improve from 68 to 71 on Tuesday, indicating improved price performance. This upgrade highlights the utility company's upward momentum in a market where AI is transforming once-sleepy utilities into growth stories. The article also mentions previous upgrades and related news about PPL's strong position in the AI-driven utility sector.",,Investor's Business Daily,General,Investor's Business Daily,"[{'topic': 'financial_markets', 'relevance_score': '0.924261'}, {'topic': 'energy_transportation', 'relevance_score': '0.814729'}, {'topic': 'technology', 'relevance_score': '0.616498'}]",0.379292,Bullish,"[{'ticker': 'PPL', 'relevance_score': '1.000000', 'ticker_sentiment_score': '0.478424', 'ticker_sentiment_label': 'Bullish'}, {'ticker': 'META', 'relevance_score': '0.622733', 'ticker_sentiment_score': '0.309103', 'ticker_sentiment_label': 'Somewhat-Bullish'}, {'ticker': 'AMZN', 'relevance_score': '0.614674', 'ticker_sentiment_score': '0.301573', 'ticker_sentiment_label': 'Somewhat-Bullish'}, {'ticker': 'GOOGL', 'relevance_score': '0.619901', 'ticker_sentiment_score': '0.349269', 'ticker_sentiment_label': 'Somewhat-Bullish'}, {'ticker': 'MSFT', 'relevance_score': '0.647234', 'ticker_sentiment_score': '0.309130', 'ticker_sentiment_label': 'Somewhat-Bullish'}]"
OMNICOM MEDIA GROUP WRAPS CANNES AS THE MOST AWARDED AND INNOVATIVE MEDIA HOLD CO WITH 83 LIONS AND EIGHT GAME-CHANGING PARTNERSHIPS,https://www.prnewswire.com/news-releases/omnicom-media-group-wraps-cannes-as-the-most-awarded-and-innovative-media-hold-co-with-83-lions-and-eight-game-changing-partnerships-302488814.html,20250624T060000,[],"Omnicom Media Group (OMG) concluded the 2025 Cannes Lions International Festival of Creativity as the most awarded media holding company, securing 83 Lions, including 15 golds and two Grand Prixes. Two of its agencies, OMD and PHD, achieved the #1 and #3 spots for Media Network of the Year, with OMD winning this honor for the third time since 2022. OMG also announced eight new partnerships with leading networks, platforms, and retailers aimed at leveraging live content, conversations, and commerce for client growth.",,PR Newswire,General,PR Newswire,"[{'topic': 'retail_wholesale', 'relevance_score': '0.644685'}]",0.324376,Somewhat-Bullish,"[{'ticker': 'OMC', 'relevance_score': '1.000000', 'ticker_sentiment_score': '0.439413', 'ticker_sentiment_label': 'Bullish'}, {'ticker': 'WMT', 'relevance_score': '0.600850', 'ticker_sentiment_score': '0.319454', 'ticker_sentiment_label': 'Somewhat-Bullish'}, {'ticker': 'AMZN', 'relevance_score': '0.622019', 'ticker_sentiment_score': '0.348401', 'ticker_sentiment_label': 'Somewhat-Bullish'}, {'ticker': 'META', 'relevance_score': '0.626925', 'ticker_sentiment_score': '0.304190', 'ticker_sentiment_label': 'Somewhat-Bullish'}, {'ticker': 'GOOGL', 'relevance_score': '0.618453', 'ticker_sentiment_score': '0.310126', 'ticker_sentiment_label': 'Somewhat-Bullish'}]"
Stuttgart Industrial Park achieves Entergy Arkansas ‘Select Site’ Certification,https://www.entergy.com/news/stuttgart-industrial-park-achieves-entergy-arkansas-select-site-certification,20250624T080957,['Entergy Team'],"The Stuttgart Chamber of Commerce, Stuttgart Industrial Development Corporation, and Entergy Arkansas announced the certification of two industrial sites, 154-acres and 62-acres, within the Stuttgart Industrial Park as ""Select Sites."" This certification provides a competitive advantage for economic development, making the sites more appealing for site location searches by consultants and companies. Entergy Arkansas supported this initiative with a grant and will feature the certified sites on the Arkansas Site Selection Center, aiming to attract high-tech, manufacturing, and distribution projects to Stuttgart.",https://www.entergy.com/wp-content/uploads/Stuttgart-Select-Site-2-scaled.jpg,Entergy,General,Entergy,"[{'topic': 'real_estate', 'relevance_score': '0.816678'}, {'topic': 'manufacturing', 'relevance_score': '0.731692'}, {'topic': 'energy_transportation', 'relevance_score': '0.646255'}, {'topic': 'economy_fiscal', 'relevance_score': '0.641743'}]",0.280516,Somewhat-Bullish,"[{'ticker': 'EAI', 'relevance_score': '0.322943', 'ticker_sentiment_score': '0.023155', 'ticker_sentiment_label': 'Neutral'}, {'ticker': 'ETR', 'relevance_score': '0.926318', 'ticker_sentiment_score': '0.400089', 'ticker_sentiment_label': 'Bullish'}, {'ticker': 'AMZN', 'relevance_score': '0.615258', 'ticker_sentiment_score': '0.315843', 'ticker_sentiment_label': 'Somewhat-Bullish'}, {'ticker': 'TSCO', 'relevance_score': '0.647385', 'ticker_sentiment_score': '0.323405', 'ticker_sentiment_label': 'Somewhat-Bullish'}]"
Airbnb CTO Balogh sells $79k in shares,https://www.investing.com/news/insider-trading-news/airbnb-cto-balogh-sells-79k-in-shares-93CH-4109268,20250624T102614,['Investing.com'],"Airbnb CTO Aristotle Balogh sold 600 shares of Class A Common Stock for $79,362 on June 20, 2025. This transaction, executed under a Rule 10b5-1 trading plan, follows a period where Airbnb maintains strong financial health and active share buybacks. The company has a mixed outlook from analysts, with some reiterating ""outperform"" ratings while others have downgraded to ""sell,"" amidst legal disputes and slowing performance indicators.",https://i-invdn-com.investing.com/news/LYNXMPEB310IW_L.jpg,Investing.com,General,Investing.com,"[{'topic': 'financial_markets', 'relevance_score': '0.910542'}, {'topic': 'technology', 'relevance_score': '0.844084'}, {'topic': 'earnings', 'relevance_score': '0.743000'}]",-0.049497,Neutral,"[{'ticker': 'ABNB', 'relevance_score': '1.000000', 'ticker_sentiment_score': '0.040070', 'ticker_sentiment_label': 'Neutral'}, {'ticker': 'JPM', 'relevance_score': '0.574755', 'ticker_sentiment_score': '-0.209056', 'ticker_sentiment_label': 'Somewhat-Bearish'}, {'ticker': 'NVDA', 'relevance_score': '0.570562', 'ticker_sentiment_score': '0.013847', 'ticker_sentiment_label': 'Neutral'}, {'ticker': 'TSLA', 'relevance_score': '0.584422', 'ticker_sentiment_score': '0.009817', 'ticker_sentiment_label': 'Neutral'}, {'ticker': 'AMZN', 'relevance_score': '0.566370', 'ticker_sentiment_score': '0.036347', 'ticker_sentiment_label': 'Neutral'}]"
"Top Stock Reports for Amazon.com, Home Depot & Cisco Systems",https://finance.yahoo.com/news/top-stock-reports-amazon-com-205600251.html,20250624T220606,['Mark Vickery'],"Zacks Investment Research has released new reports on 16 major stocks, including Amazon.com (AMZN), Home Depot (HD), and Cisco Systems (CSCO), highlighting their performance and outlook. The reports emphasize Amazon's growth in Prime and AWS, Home Depot's strategic initiatives despite consumer caution, and Cisco's strength from subscription revenues and Splunk acquisition. The article also touches on smaller companies like United Homes Group and The Eastern Company, detailing their challenges and strategic efforts.",https://s.yimg.com/ny/api/res/1.2/Vzkp4XVd8jRlNQnk3srTjw--/YXBwaWQ9aGlnaGxhbmRlcjt3PTk2MDtoPTYwNTtjZj13ZWJw/https://media.zenfs.com/en/zacks.com/945a4d50e7135044bf59fe323b23990c,Yahoo Finance,General,Yahoo Finance,"[{'topic': 'earnings', 'relevance_score': '0.909195'}, {'topic': 'financial_markets', 'relevance_score': '0.803019'}, {'topic': 'retail_wholesale', 'relevance_score': '0.706671'}, {'topic': 'technology', 'relevance_score': '0.734183'}, {'topic': 'real_estate', 'relevance_score': '0.628972'}]",0.225018,Somewhat-Bullish,"[{'ticker': 'AMZN', 'relevance_score': '0.963073', 'ticker_sentiment_score': '0.293312', 'ticker_sentiment_label': 'Somewhat-Bullish'}, {'ticker': 'HD', 'relevance_score': '0.893339', 'ticker_sentiment_score': '0.113345', 'ticker_sentiment_label': 'Neutral'}, {'ticker': 'CSCO', 'relevance_score': '0.840081', 'ticker_sentiment_score': '0.214251', 'ticker_sentiment_label': 'Somewhat-Bullish'}]"
Nuclear startup Terrestrial Energy inks a deal to use gas as a ‘bridge’ to SMRs,https://www.latitudemedia.com/news/nuclear-startup-terrestrial-energy-inks-a-deal-to-use-gas-as-a-bridge-to-smrs/,20250624T224602,['Alexander C. Kaufman'],"Terrestrial Energy, a nuclear startup, has partnered with Ameresco to utilize natural gas as an interim power source for data centers and industrial plants before transitioning to small modular reactors (SMRs). This strategy aims to address the immediate need for steady electricity for data centers while nuclear SMR technology is still in development and regulatory processes. The deal involves Ameresco exploring about half a dozen projects, positioning gas as a ""bridge"" fuel to future nuclear power, giving Terrestrial Energy a potential edge in the competitive SMR market.",https://i0.wp.com/www.latitudemedia.com/wp-content/uploads/2025/06/Latitude-1920px-32-Image-2025-06-23T234605.852.jpg?fit=1024%2C683&ssl=1,Latitude Media,General,Latitude Media,"[{'topic': 'energy_transportation', 'relevance_score': '0.901503'}, {'topic': 'technology', 'relevance_score': '0.840824'}]",0.223662,Somewhat-Bullish,"[{'ticker': 'IMSR', 'relevance_score': '0.341682', 'ticker_sentiment_score': '0.048168', 'ticker_sentiment_label': 'Neutral'}, {'ticker': 'AMZN', 'relevance_score': '0.641347', 'ticker_sentiment_score': '0.319732', 'ticker_sentiment_label': 'Somewhat-Bullish'}, {'ticker': 'GOOGL', 'relevance_score': '0.612059', 'ticker_sentiment_score': '0.324190', 'ticker_sentiment_label': 'Somewhat-Bullish'}]"
"If You’ve Been Eyeing Le Creuset or Tucci’s Nonstick Pan Set, This Williams Sonoma Sale Is the Moment",https://www.foodandwine.com/williams-sonoma-sales-june-2025-11755693,20250624T233304,['Adam Rothbarth'],"Williams Sonoma is currently hosting a significant sale, offering up to 60% off on top kitchen brands such as Le Creuset, Staub, and Stanley Tucci's GreenPan nonstick sets. Shoppers can find deals on a wide range of kitchen essentials, including cast iron skillets, French ovens, cocktail glasses, and chef's knives. The sale provides an opportunity to purchase high-quality cookware, bakeware, tabletop items, and knives at reduced prices.",https://www.foodandwine.com/thmb/skDi1Rfji7uesXzPlFz8meEFjA=/1500x0/filters:no_upscale():max_bytes(150000):strip_icc()/fw-roundup-williams-sonoma-monthly-deals-tout-ec44e0369f4144c1bf069d4691a41e88.jpg,Food & Wine,General,Food & Wine,"[{'topic': 'retail_wholesale', 'relevance_score': '0.827007'}]",0.34608,Somewhat-Bullish,"[{'ticker': 'WSM', 'relevance_score': '1.000000', 'ticker_sentiment_score': '0.448292', 'ticker_sentiment_label': 'Bullish'}, {'ticker': 'AMZN', 'relevance_score': '0.648967', 'ticker_sentiment_score': '0.211241', 'ticker_sentiment_label': 'Somewhat-Bullish'}]"
Surf Air Mobility’s Soaring Shares: What’s Behind the Jump?,https://stockstotrade.com/news/surf-air-mobility-inc-srfm-news-2025_06_25/,20250625T100200,"['Tim Bohen', 'Ben Sturgill', 'Ellis Hobbs']","Surf Air Mobility Inc. (SRFM) shares jumped over 34% after Palantir Technologies significantly increased its stake and Surf Air Mobility rolled out a new AI-powered software suite, SurfOS. Despite financial challenges like a negative net income and low current ratio, investor optimism is fueled by strategic partnerships and technological advancements aimed at long-term profitability. The company faces the task of balancing innovation dreams with the need for strong financial discipline.",https://content.stockstotrade.com/wp-content/uploads/2025/06/surf-air-mobilitys-sshares-soars-whats-fueling-the-surge.png,StocksToTrade,General,StocksToTrade,"[{'topic': 'financial_markets', 'relevance_score': '0.924984'}, {'topic': 'earnings', 'relevance_score': '0.847595'}, {'topic': 'technology', 'relevance_score': '0.701280'}, {'topic': 'energy_transportation', 'relevance_score': '0.639080'}]",0.213226,Somewhat-Bullish,"[{'ticker': 'SRFM', 'relevance_score': '1.000000', 'ticker_sentiment_score': '0.260588', 'ticker_sentiment_label': 'Somewhat-Bullish'}, {'ticker': 'PLTR', 'relevance_score': '0.825499', 'ticker_sentiment_score': '0.328231', 'ticker_sentiment_label': 'Somewhat-Bullish'}, {'ticker': 'AMZN', 'relevance_score': '0.587382', 'ticker_sentiment_score': '0.033093', 'ticker_sentiment_label': 'Neutral'}]"
"Walmart to test dark stores in Bentonville, Dallas metro",https://talkbusiness.net/2025/06/walmart-to-test-dark-stores-in-bentonville-dallas-metro/,20250625T143000,['Kim Souza'],"Walmart is testing ""dark stores"" (online fulfillment centers not open to the public) in Dallas and Bentonville to enhance online order delivery, particularly for groceries. This initiative follows Walmart's investment in automated micro-fulfillment centers and aims to improve delivery speed and efficiency for its e-commerce business. The strategy is designed to address issues like store aisle congestion and maintain market share, with a goal to deliver to 95% of U.S. shoppers within three hours by year-end.",,Talk Business & Politics,General,Talk Business & Politics,"[{'topic': 'retail_wholesale', 'relevance_score': '0.914339'}, {'topic': 'technology', 'relevance_score': '0.801129'}, {'topic': 'earnings', 'relevance_score': '0.739804'}, {'topic': 'economy_macro', 'relevance_score': '0.624954'}]",0.204237,Somewhat-Bullish,"[{'ticker': 'WMT', 'relevance_score': '1.000000', 'ticker_sentiment_score': '0.466428', 'ticker_sentiment_label': 'Bullish'}, {'ticker': 'AMZN', 'relevance_score': '0.646843', 'ticker_sentiment_score': '0.100163', 'ticker_sentiment_label': 'Neutral'}, {'ticker': 'TGT', 'relevance_score': '0.582226', 'ticker_sentiment_score': '0.099690', 'ticker_sentiment_label': 'Neutral'}]"
"Prime Time For Amazon? JPMorgan Says Your $139 Could Be Worth $1,430",https://www.sahmcapital.com/news/content/prime-time-for-amazon-jpmorgan-says-your-139-could-be-worth-1430-2025-06-25,20250625T200900,['Benzinga News'],"JPMorgan is bullish on Amazon (AMZN) despite a stock drag in 2025, with analyst Doug Anmuth setting a $240 price target, driven by the increasing value of its Prime subscription. The report estimates Prime's annual value at $1,430, over ten times its $139 cost, due to enhanced services and faster fulfillment. A projected Prime price hike in 2026 is expected to boost sales without significant churn, fueled by growing global subscribers.",https://r.sahmcapital.com/fe/hs-sa-web-nuxt-www-alsahm/img/logo.456360b.png,Sahm,General,Sahm,"[{'topic': 'earnings', 'relevance_score': '0.931410'}, {'topic': 'financial_markets', 'relevance_score': '0.835829'}, {'topic': 'retail_wholesale', 'relevance_score': '0.929929'}, {'topic': 'technology', 'relevance_score': '0.823404'}]",0.246872,Somewhat-Bullish,"[{'ticker': 'AMZN', 'relevance_score': '1.000000', 'ticker_sentiment_score': '0.409790', 'ticker_sentiment_label': 'Bullish'}, {'ticker': 'WMT', 'relevance_score': '0.610947', 'ticker_sentiment_score': '0.128677', 'ticker_sentiment_label': 'Neutral'}, {'ticker': 'COST', 'relevance_score': '0.645917', 'ticker_sentiment_score': '0.114177', 'ticker_sentiment_label': 'Neutral'}, {'ticker': 'AAPL', 'relevance_score': '0.603838', 'ticker_sentiment_score': '0.123621', 'ticker_sentiment_label': 'Neutral'}, {'ticker': 'JPM', 'relevance_score': '0.707052', 'ticker_sentiment_score': '0.314420', 'ticker_sentiment_label': 'Somewhat-Bullish'}]"
Costco buys 92 acres in Metro Air Park from Buzz Oates,https://www.bizjournals.com/sacramento/news/2025/06/25/costco-buys-land-metro-air-park.html,20250625T221842,['Ben van der Meer'],"Costco has purchased 92 acres of land in Metro Air Park from Buzz Oates, a major developer in the Sacramento County commercial project. This acquisition follows Costco's filing of development plans last year for a nearly 1 million-square-foot distribution center in the same location. The move signals significant expansion for the retail giant in the region.",https://media.bizj.us/view/img/13006204/costco-metro-air-park*900xx1316-740-143-0.png,The Business Journals,General,The Business Journals,"[{'topic': 'real_estate', 'relevance_score': '1.000000'}, {'topic': 'retail_wholesale', 'relevance_score': '0.836050'}]",0.208318,Somewhat-Bullish,"[{'ticker': 'COST', 'relevance_score': '1.000000', 'ticker_sentiment_score': '0.346224', 'ticker_sentiment_label': 'Somewhat-Bullish'}, {'ticker': 'AMZN', 'relevance_score': '0.626193', 'ticker_sentiment_score': '0.141320', 'ticker_sentiment_label': 'Neutral'}]"
Which Analyst-Favorite Drone Stock Will Come Out on Top?,https://www.marketbeat.com/originals/which-analyst-favorite-drone-stock-will-come-out-on-top/,20250625T223221,"['Nathan Reiff', 'Shannon Harms']","This article examines three drone stocks – Red Cat (RCAT), Unusual Machines (UMAC), and Draganfly (DPRO) – all favored by analysts for their potential in the rapidly growing drone market. It details each company's focus, recent performance, and analyst ratings, highlighting their strengths and challenges in a still-developing industry. The drone market in the U.S. is projected to reach $5.5 billion by 2029, making these specialized firms attractive investment opportunities despite their smaller size compared to giants like Amazon or Boeing.",https://www.marketbeat.com/logos/articles/med_20250624135517_which-analyst-favorite-drone-stock-will-come-out-o.jpg,MarketBeat,General,MarketBeat,"[{'topic': 'technology', 'relevance_score': '0.813645'}, {'topic': 'financial_markets', 'relevance_score': '0.849025'}, {'topic': 'mergers_and_acquisitions', 'relevance_score': '0.729767'}]",-0.033299,Neutral,"[{'ticker': 'DPRO', 'relevance_score': '0.994391', 'ticker_sentiment_score': '-0.190180', 'ticker_sentiment_label': 'Somewhat-Bearish'}, {'ticker': 'AMZN', 'relevance_score': '0.624113', 'ticker_sentiment_score': '0.129469', 'ticker_sentiment_label': 'Neutral'}, {'ticker': 'BA', 'relevance_score': '0.597375', 'ticker_sentiment_score': '0.086067', 'ticker_sentiment_label': 'Neutral'}]"
Apple to expand its footprint in Seattle with office lease,https://tech.hindustantimes.com/tech/news/apple-to-expand-its-footprint-in-seattle-with-office-lease-story-XEmXft8SRQKzrElm4HaMYN.html,20250625T224850,['NOAH BUHAYAR'],"Apple is significantly expanding its presence in Seattle by signing a lease for a 660,000-square-foot office space at 333 Dexter. This move is expected to add an additional 2,000 jobs to the area over the next five years, building upon a previously announced plan to create 1,000 jobs and a new $1 billion campus in Austin, Texas. The expansion highlights Seattle's growing tech influence and talent pool, attracting major technology firms like Google and Facebook as well.",https://images.hindustantimes.com/tech/rf/image_size_960x540/HT/p2/2019/06/25/Pictures/inside-central-customers-station-store-grand-apple_b13bf0f0-9718-11e9-823a-db6d52757f3f.jpg,HT Tech,General,HT Tech,"[{'topic': 'real_estate', 'relevance_score': '0.933810'}, {'topic': 'technology', 'relevance_score': '0.841699'}, {'topic': 'economy_macro', 'relevance_score': '0.634237'}]",0.193269,Somewhat-Bullish,"[{'ticker': 'KRC', 'relevance_score': '1.000000', 'ticker_sentiment_score': '0.344380', 'ticker_sentiment_label': 'Somewhat-Bullish'}, {'ticker': 'AAPL', 'relevance_score': '0.916574', 'ticker_sentiment_score': '0.371668', 'ticker_sentiment_label': 'Bullish'}, {'ticker': 'AMZN', 'relevance_score': '0.638910', 'ticker_sentiment_score': '0.147414', 'ticker_sentiment_label': 'Neutral'}, {'ticker': 'GOOG', 'relevance_score': '0.593902', 'ticker_sentiment_score': '0.133080', 'ticker_sentiment_label': 'Neutral'}, {'ticker': 'META', 'relevance_score': '0.558100', 'ticker_sentiment_score': '0.123859', 'ticker_sentiment_label': 'Neutral'}]"
Asana Names Dan Rogers as Chief Executive Officer,https://investors.asana.com/news-releases/news-release-details/asana-names-dan-rogers-chief-executive-officer/,20250625T230343,[],"Asana, Inc. has announced Dan Rogers as its new Chief Executive Officer, effective July 21, 2025. Rogers, previously CEO of LaunchDarkly, will succeed Asana Co-Founder Dustin Moskovitz, who will transition to Board Chairocusing on product vision and AI initiatives. This leadership change aims to drive Asana's next phase of growth, leveraging Rogers' experience in scaling high-growth technology companies in the evolving AI landscape.",https://investors.asana.com/sites/g/files/knoqqb93451/themes/site/client_site/dist/images/brand-photo-mobile-tasks-outside-man-hands-0261-ESG.jpg,Asana,General,Asana,"[{'topic': 'technology', 'relevance_score': '0.906374'}, {'topic': 'finance', 'relevance_score': '0.747745'}]",0.252834,Somewhat-Bullish,"[{'ticker': 'NOW', 'relevance_score': '0.606893', 'ticker_sentiment_score': '0.334115', 'ticker_sentiment_label': 'Somewhat-Bullish'}, {'ticker': 'AMZN', 'relevance_score': '0.635925', 'ticker_sentiment_score': '0.246800', 'ticker_sentiment_label': 'Somewhat-Bullish'}, {'ticker': 'MSFT', 'relevance_score': '0.604361', 'ticker_sentiment_score': '0.211716', 'ticker_sentiment_label': 'Somewhat-Bullish'}, {'ticker': 'CRM', 'relevance_score': '0.648045', 'ticker_sentiment_score': '0.205488', 'ticker_sentiment_label': 'Somewhat-Bullish'}]"
Navigating Magnificent 7 turbulence,https://www.invesco.com/qqq-etf/en/innovation/navigating-magnificent-7-turbulence.html,20250625T230837,[],"The ""Magnificent 7"" stocks (Apple, Microsoft, Nvidia, Amazon, Alphabet, Meta, and Tesla) have significantly influenced the Invesco QQQ ETF, leading to both substantial gains and amplified volatility. Despite recent turbulence and short-term pullbacks, these companies continue to drive innovation in areas like AI and cloud computing, demonstrating strong earnings growth. QQQ's long-term performance suggests that enduring these concentration-driven swings has historically rewarded patient investors, and the fund's design includes diversification beyond just these top tech firms.",https://www.invesco.com/content/dam/invesco/qqq-etf/en/innovation/navigating-magnificent-7-turbulence/Mag%207_ARTCL-GettyImages-2206685657.jpg,Invesco,General,Invesco,"[{'topic': 'financial_markets', 'relevance_score': '0.914509'}, {'topic': 'technology', 'relevance_score': '0.825538'}, {'topic': 'earnings', 'relevance_score': '0.717393'}]",0.273659,Somewhat-Bullish,"[{'ticker': 'QQQ', 'relevance_score': '1.000000', 'ticker_sentiment_score': '0.259439', 'ticker_sentiment_label': 'Somewhat-Bullish'}, {'ticker': 'AAPL', 'relevance_score': '0.700309', 'ticker_sentiment_score': '0.234298', 'ticker_sentiment_label': 'Somewhat-Bullish'}, {'ticker': 'MSFT', 'relevance_score': '0.668944', 'ticker_sentiment_score': '0.260680', 'ticker_sentiment_label': 'Somewhat-Bullish'}, {'ticker': 'NVDA', 'relevance_score': '0.633062', 'ticker_sentiment_score': '0.250468', 'ticker_sentiment_label': 'Somewhat-Bullish'}, {'ticker': 'AMZN', 'relevance_score': '0.584168', 'ticker_sentiment_score': '0.258267', 'ticker_sentiment_label': 'Somewhat-Bullish'}]"
QVC and HSN launch live TV streaming sales on Philo,https://chainstoreage.com/qvc-and-hsn-launch-live-tv-streaming-sales-philo,20250625T230848,['Dan Berthiaume'],"QVC and HSN have partnered with Philo, a live TV streaming service, to offer their linear channels, bringing live shoppable entertainment to Philo's 1.3 million subscribers. This move is part of QVC Group's broader strategy to expand its livestream shopping content across various customer touchpoints and achieve significant revenue from streaming and social platforms. The collaboration makes QVC and HSN the first and only livestream shopping channels available on Philo, showcasing premier brands and products presented by celebrities and influencers.",https://assets1.chainstoreage.com/images/v/max_width_1440/2023-06/qvc_hsn_roku_336x210_logo.jpg,Chain Store Age,General,Chain Store Age,"[{'topic': 'retail_wholesale', 'relevance_score': '1.000000'}, {'topic': 'technology', 'relevance_score': '0.833007'}]",0.061618,Neutral,"[{'ticker': 'QVCC', 'relevance_score': '0.343171', 'ticker_sentiment_score': '0.029654', 'ticker_sentiment_label': 'Neutral'}, {'ticker': 'AMZN', 'relevance_score': '0.638343', 'ticker_sentiment_score': '0.105211', 'ticker_sentiment_label': 'Neutral'}]"
"Walmart testing ‘dark stores’ to fill online orders, according to report",https://chainstoreage.com/walmart-testing-dark-stores-fill-online-orders-according-report,20250626T000000,['Dan Berthiaume'],"Walmart is reportedly testing ""dark stores"" in the Dallas area and Bentonville, Ark., to expedite online order fulfillment, a strategy similar to one Amazon has employed for years. These dark stores function as micro-distribution centers, stocking popular online items for immediate delivery and are closed to the public. This initiative is part of Walmart's broader efforts to speed up delivery through various technologies and services, including drone delivery, advanced geospatial technology, and same-day pharmacy delivery.",,Chain Store Age,General,Chain Store Age,"[{'topic': 'retail_wholesale', 'relevance_score': '0.915301'}, {'topic': 'technology', 'relevance_score': '0.747137'}]",0.319799,Somewhat-Bullish,"[{'ticker': 'WMT', 'relevance_score': '1.000000', 'ticker_sentiment_score': '0.435833', 'ticker_sentiment_label': 'Bullish'}, {'ticker': 'AMZN', 'relevance_score': '0.743980', 'ticker_sentiment_score': '0.205245', 'ticker_sentiment_label': 'Somewhat-Bullish'}]"
IVE ETF: How It Tracks the S&P 500 Value Index,https://www.ebc.com/forex/ive-etf-how-it-tracks-the-s-and-amp-p--value-index,20250626T000000,[],"The iShares S&P 500 Value ETF (IVE) is a popular choice for investors seeking exposure to large-cap US value stocks. This article explains how IVE tracks the S&P 500 Value Index using a passive, full replication strategy with periodic rebalancing, highlighting its cost-efficiency and diversification benefits. Key features, top holdings, and performance data are provided to assist traders in understanding its role in portfolio construction.",,EBC Financial Group,General,EBC Financial Group,"[{'topic': 'financial_markets', 'relevance_score': '0.945689'}, {'topic': 'finance', 'relevance_score': '0.734374'}]",0.375637,Bullish,"[{'ticker': 'IVE', 'relevance_score': '1.000000', 'ticker_sentiment_score': '0.508591', 'ticker_sentiment_label': 'Bullish'}, {'ticker': 'MSFT', 'relevance_score': '0.747491', 'ticker_sentiment_score': '0.324583', 'ticker_sentiment_label': 'Somewhat-Bullish'}, {'ticker': 'AAPL', 'relevance_score': '0.679809', 'ticker_sentiment_score': '0.323311', 'ticker_sentiment_label': 'Somewhat-Bullish'}, {'ticker': 'AMZN', 'relevance_score': '0.615845', 'ticker_sentiment_score': '0.307524', 'ticker_sentiment_label': 'Somewhat-Bullish'}, {'ticker': 'XOM', 'relevance_score': '0.584815', 'ticker_sentiment_score': '0.262870', 'ticker_sentiment_label': 'Somewhat-Bullish'}]"
Amazon AWS exec leaves company as tech talent race heats up (AMZN:NASDAQ),https://seekingalpha.com/news/4462960-amazon-aws-generative-ai-head-leaves-company-as-tech-talent-race-heats-up,20250626T162100,['Ravikash Bakolia'],"Vasi Philomin, a vice president of generative AI at Amazon AWS, has departed from the company, as reported by Reuters. Amazon confirmed Philomin is no longer an employee. This departure highlights the intensifying competition for tech talent, particularly in the generative AI space.",https://static.seekingalpha.com/cdn/s3/uploads/getty_images/2154886302/image_2154886302.jpg?io=getty-c-w750,Seeking Alpha,General,Seeking Alpha,"[{'topic': 'technology', 'relevance_score': '0.822759'}]",-0.162233,Somewhat-Bearish,"[{'ticker': 'AMZN', 'relevance_score': '0.906361', 'ticker_sentiment_score': '-0.249061', 'ticker_sentiment_label': 'Somewhat-Bearish'}, {'ticker': 'GOOG', 'relevance_score': '0.602843', 'ticker_sentiment_score': '-0.110100', 'ticker_sentiment_label': 'Neutral'}]"
Meta Platforms is nearing new highs on a wave of potential acquisition reports 📈,https://www.xtb.com/int/market-analysis/news-and-research/meta-platforms-is-nearing-new-highs-on-a-wave-of-potential-acquisition-reports,20250626T173500,[],"Meta Platforms is nearing new highs as reports surface about its potential acquisition of PlayAI, an AI startup specializing in voice imitation. This move is seen as part of Meta's broader strategy to lead in artificial intelligence development, following a significant investment in Scale AI and bringing its CEO into Meta's ""superintelligence"" team in mid-June. The company's stock prices are consequently approaching all-time highs as it strives to outpace competitors like Alphabet, Microsoft, and Amazon in the AI race.",,XTB.com,General,XTB.com,"[{'topic': 'mergers_and_acquisitions', 'relevance_score': '0.918048'}, {'topic': 'technology', 'relevance_score': '0.814208'}, {'topic': 'financial_markets', 'relevance_score': '0.700012'}]",0.273435,Somewhat-Bullish,"[{'ticker': 'META', 'relevance_score': '1.000000', 'ticker_sentiment_score': '0.428952', 'ticker_sentiment_label': 'Bullish'}, {'ticker': 'GOOGL', 'relevance_score': '0.705932', 'ticker_sentiment_score': '0.212187', 'ticker_sentiment_label': 'Somewhat-Bullish'}, {'ticker': 'MSFT', 'relevance_score': '0.728667', 'ticker_sentiment_score': '0.227371', 'ticker_sentiment_label': 'Somewhat-Bullish'}, {'ticker': 'AMZN', 'relevance_score': '0.738471', 'ticker_sentiment_score': '0.217848', 'ticker_sentiment_label': 'Somewhat-Bullish'}, {'ticker': 'GOOG', 'relevance_score': '0.639791', 'ticker_sentiment_score': '0.235785', 'ticker_sentiment_label': 'Somewhat-Bullish'}]"
3 Top Fund Managers on What’s Next for the Magnificent 7,https://www.morningstar.com/markets/3-top-fund-managers-whats-next-magnificent-7,20250626T223856,['Bella Albrecht'],"Three top large-growth fund managers discussed the opportunities and risks facing the ""Magnificent Seven"" tech giants at the 2025 Morningstar Investment Conference. They offered insights on Alphabet's regulatory threats, Amazon's successful risk-taking, Apple's AI challenges, Meta's questionable metaverse investments, Microsoft's leading AI revenue, Nvidia's cyclical business risks, and Tesla's potential beyond car manufacturing. The fund managers shared their varying allocations and perspectives on each company's future.",https://morningstar-morningstar-prod.web.arc-cdn.net/resizer/XsYSH_cPIgZ2QmIoot2MUv5aYAw=/2000x2000/author-service-images-prod-us-east-1.publishing.aws.arc.pub/morningstar/a8c4d0a1-24c6-4c96-81d6-7bb13a177a1e.jpg,Morningstar,General,Morningstar,"[{'topic': 'financial_markets', 'relevance_score': '0.942396'}, {'topic': 'technology', 'relevance_score': '0.844980'}, {'topic': 'economy_macro', 'relevance_score': '0.610145'}]",0.142405,Neutral,"[{'ticker': 'GOOGL', 'relevance_score': '0.906288', 'ticker_sentiment_score': '0.338254', 'ticker_sentiment_label': 'Somewhat-Bullish'}, {'ticker': 'AMZN', 'relevance_score': '0.733031', 'ticker_sentiment_score': '0.422629', 'ticker_sentiment_label': 'Bullish'}, {'ticker': 'MSFT', 'relevance_score': '0.614918', 'ticker_sentiment_score': '0.326856', 'ticker_sentiment_label': 'Somewhat-Bullish'}, {'ticker': 'AAPL', 'relevance_score': '0.774142', 'ticker_sentiment_score': '0.001541', 'ticker_sentiment_label': 'Neutral'}, {'ticker': 'META', 'relevance_score': '0.614722', 'ticker_sentiment_score': '-0.422500', 'ticker_sentiment_label': 'Bearish'}]"
"J&J teams with Nvidia, Amazon on fund for AI surgery solutions",https://www.medtechdive.com/news/jnj-nvidia-amazon-fund-ai-surgery-solutions/751693/,20250626T224747,['Nick Paul Taylor'],"Johnson & Johnson has partnered with Nvidia and Amazon Web Services (AWS) to launch the Polyphonic AI Fund for Surgery. This initiative aims to support the development and implementation of artificial intelligence solutions in surgical procedures. J&J is offering grants, mentorship, and access to computing resources to developers focusing on AI model development, data management, and governance in surgery.",https://imgproxy.divecdn.com/hE2QhU4MyPx5bYlvf2LE2lnSehHWX6AI8ScoCn_Lxj0/g:nowe:208:253/c:1738:982/rs:fill:1200:675:1/Z3M6Ly9kaXZlc2l0ZS1zdG9yYWdlL2RpdmVpbWFnZS85MzMxNjUxLWZhY3Rvcnktc2hvdC5qcGc=.webp,MedTech Dive,General,MedTech Dive,"[{'topic': 'life_sciences', 'relevance_score': '1.000000'}, {'topic': 'technology', 'relevance_score': '0.947411'}]",0.317441,Somewhat-Bullish,"[{'ticker': 'JNJ', 'relevance_score': '1.000000', 'ticker_sentiment_score': '0.499639', 'ticker_sentiment_label': 'Bullish'}, {'ticker': 'NVDA', 'relevance_score': '0.891404', 'ticker_sentiment_score': '0.437420', 'ticker_sentiment_label': 'Bullish'}, {'ticker': 'AMZN', 'relevance_score': '0.701845', 'ticker_sentiment_score': '0.396017', 'ticker_sentiment_label': 'Bullish'}, {'ticker': 'GEHC', 'relevance_score': '0.611474', 'ticker_sentiment_score': '0.147468', 'ticker_sentiment_label': 'Neutral'}, {'ticker': 'MDT', 'relevance_score': '0.558841', 'ticker_sentiment_score': '0.108205', 'ticker_sentiment_label': 'Neutral'}]"
Vanguard's Chief Economist Laser Focused on Megatrends and Active Management,https://www.etftrends.com/fixed-income-content-hub/vanguards-chief-economist-laser-focused-megatrends-active-management/,20250626T233208,['Chris Flood'],"Vanguard's chief economist Joe Davis suggests that future investment returns will be largely determined by the interplay between advancements in AI and challenges from negative demographics and rising government debt. In his new book, ""Coming into view: how AI and other megatrends will shape your investments,"" Davis outlines two scenarios and advocates for a ""megatrends-aware"" portfolio that includes a greater allocation to actively managed funds, diverging from Vanguard's traditional passive investing stance. This approach could lead to a significant shift in asset allocation towards active management within Vanguard's vast client base.",https://www.etftrends.com/wp-content/uploads/2026/01/fixedincome_OVERLAY_1600x121-2x.png,ETF Trends,General,ETF Trends,"[{'topic': 'financial_markets', 'relevance_score': '0.920526'}, {'topic': 'economy_macro', 'relevance_score': '0.825862'}, {'topic': 'finance', 'relevance_score': '0.708117'}, {'topic': 'technology', 'relevance_score': '0.644845'}]",0.277467,Somewhat-Bullish,"[{'ticker': 'VUSG', 'relevance_score': '0.333329', 'ticker_sentiment_score': '0.024662', 'ticker_sentiment_label': 'Neutral'}, {'ticker': 'NVDA', 'relevance_score': '0.630196', 'ticker_sentiment_score': '0.391789', 'ticker_sentiment_label': 'Bullish'}, {'ticker': 'AMZN', 'relevance_score': '0.613378', 'ticker_sentiment_score': '0.413936', 'ticker_sentiment_label': 'Bullish'}, {'ticker': 'KKR', 'relevance_score': '0.588104', 'ticker_sentiment_score': '0.264192', 'ticker_sentiment_label': 'Somewhat-Bullish'}]"
Walmart tests dark stores to accelerate delivery,https://www.supplychaindive.com/news/walmart-tests-dark-stores-fulfillment/751628/,20250627T000000,['Kaarin Moore'],"Walmart is piloting dark stores, which are brick-and-mortar locations not open to the public, to fulfill online orders and speed up delivery. The retailer is testing the concept in Dallas with plans for another in Bentonville, Arkansas, as part of its strategy to enhance e-commerce operations and achieve faster delivery times. This initiative follows Walmart U.S. achieving e-commerce profitability in Q1, driven by sales growth and declining net delivery costs.",,Supply Chain Dive,General,Supply Chain Dive,"[{'topic': 'retail_wholesale', 'relevance_score': '0.903486'}, {'topic': 'technology', 'relevance_score': '0.835393'}, {'topic': 'economy_macro', 'relevance_score': '0.732920'}, {'topic': 'finance', 'relevance_score': '0.649761'}]",0.288436,Somewhat-Bullish,"[{'ticker': 'WMT', 'relevance_score': '1.000000', 'ticker_sentiment_score': '0.440695', 'ticker_sentiment_label': 'Bullish'}, {'ticker': 'AMZN', 'relevance_score': '0.713373', 'ticker_sentiment_score': '0.320416', 'ticker_sentiment_label': 'Somewhat-Bullish'}, {'ticker': 'UPS', 'relevance_score': '0.601001', 'ticker_sentiment_score': '0.242637', 'ticker_sentiment_label': 'Somewhat-Bullish'}, {'ticker': 'FDX', 'relevance_score': '0.631146', 'ticker_sentiment_score': '0.213165', 'ticker_sentiment_label': 'Somewhat-Bullish'}]"
Nasdaq 100 ETF hits all-time high: Is Invesco QQQ the ultimate AI bet?,https://www.financialexpress.com/business/investing-abroad-invesco-qqq-nasdaq-100-etf-soars-to-all-time-high-as-tech-stocks-surge-in-2025-3895241/,20250627T165500,['Sunil Dhawan'],"The Invesco QQQ ETF, which tracks the tech-heavy Nasdaq 100 index, has reached an all-time high, closing at $546.22 on June 26th. With technology stocks making up 57.23% of its portfolio and major holdings like Nvidia, Microsoft, and Apple, the QQQ is presented as a strong, risk-adjusted investment for those looking to capitalize on the AI revolution. Its performance highlights significant growth over the last one, three, and five years.",https://images.financialexpressdigital.com/2025/06/NASDAQ-pic-Bloomberg.jpg?w=1600,The Financial Express,General,The Financial Express,"[{'topic': 'financial_markets', 'relevance_score': '0.901998'}, {'topic': 'technology', 'relevance_score': '0.807106'}]",0.403594,Bullish,"[{'ticker': 'QQQ', 'relevance_score': '1.000000', 'ticker_sentiment_score': '0.426888', 'ticker_sentiment_label': 'Bullish'}, {'ticker': 'NVDA', 'relevance_score': '0.891818', 'ticker_sentiment_score': '0.406634', 'ticker_sentiment_label': 'Bullish'}, {'ticker': 'MSFT', 'relevance_score': '0.823717', 'ticker_sentiment_score': '0.445646', 'ticker_sentiment_label': 'Bullish'}, {'ticker': 'AAPL', 'relevance_score': '0.735382', 'ticker_sentiment_score': '0.434978', 'ticker_sentiment_label': 'Bullish'}, {'ticker': 'AMZN', 'relevance_score': '0.652023', 'ticker_sentiment_score': '0.425414', 'ticker_sentiment_label': 'Bullish'}]"
IVES ETF Holdings List — AMEX:IVES,https://www.tradingview.com/symbols/AMEX-IVES/holdings/,20250627T225126,[],"This article provides the current holdings list for the Dan IVES Wedbush AI Revolution ETF (AMEX: IVES) as of February 27, 2026. It details the top holdings including prominent technology companies like Taiwan Semiconductor Manufacturing, Amazon, Apple, Microsoft, and NVIDIA, along with their respective weights, share counts, and market values within the ETF.",https://s3-symbol-logo.tradingview.com/wedbush-series-trust-dan-ives-wedbush-ai-revolution-etf--big.svg,TradingView,General,TradingView,"[{'topic': 'financial_markets', 'relevance_score': '0.912813'}, {'topic': 'technology', 'relevance_score': '0.816609'}]",0.106624,Neutral,"[{'ticker': 'IVES', 'relevance_score': '1.000000', 'ticker_sentiment_score': '0.119458', 'ticker_sentiment_label': 'Neutral'}, {'ticker': 'AMZN', 'relevance_score': '0.940420', 'ticker_sentiment_score': '0.145460', 'ticker_sentiment_label': 'Neutral'}, {'ticker': 'AAPL', 'relevance_score': '0.946684', 'ticker_sentiment_score': '0.137917', 'ticker_sentiment_label': 'Neutral'}, {'ticker': 'MSFT', 'relevance_score': '0.930312', 'ticker_sentiment_score': '0.123657', 'ticker_sentiment_label': 'Neutral'}]"
Unilever to pay $1.5 bln to acquire men’s grooming brand Dr Squatch – FT,https://www.investing.com/news/stock-market-news/unilever-to-pay-15-bln-to-acquire-mens-grooming-brand-dr-squatch--ft-4113956,20250627T232100,['Ayushman Ojha'],"Unilever is set to acquire the U.S.-based men's personal care brand Dr Squatch for $1.5 billion, as reported by the Financial Times. This acquisition aims to expand Unilever's premium personal care offerings globally and aligns with its strategy to pivot towards higher-margin personal care products. Dr Squatch is known for its natural products, direct-to-consumer sales, and successful viral ad campaigns.",https://i-invdn-com.investing.com/news/LYNXMPED1G12D_L.jpg,Investing.com,General,Investing.com,"[{'topic': 'mergers_and_acquisitions', 'relevance_score': '0.946948'}, {'topic': 'retail_wholesale', 'relevance_score': '0.716054'}, {'topic': 'finance', 'relevance_score': '0.641499'}]",0.174306,Somewhat-Bullish,"[{'ticker': 'UL', 'relevance_score': '1.000000', 'ticker_sentiment_score': '0.393236', 'ticker_sentiment_label': 'Bullish'}, {'ticker': 'AMZN', 'relevance_score': '0.728536', 'ticker_sentiment_score': '0.152846', 'ticker_sentiment_label': 'Somewhat-Bullish'}, {'ticker': 'GOOGL', 'relevance_score': '0.633849', 'ticker_sentiment_score': '0.111346', 'ticker_sentiment_label': 'Neutral'}, {'ticker': 'NFLX', 'relevance_score': '0.567336', 'ticker_sentiment_score': '0.093898', 'ticker_sentiment_label': 'Neutral'}]"
My Smartest Growth Stock to Buy Today,https://finviz.com/news/91713/my-smartest-growth-stock-to-buy-today,20250630T041500,['Leo Sun'],"MercadoLibre, a dominant e-commerce and fintech player in Latin America, has shown remarkable growth, turning a $1,000 investment into $89,400 over two decades. Despite trading near all-time highs, the company still has significant room for expansion in Latin America's growing e-commerce and fintech markets, with analysts projecting strong revenue and net income growth driven by its ecosystem expansion, fulfillment network, and AI investments. The stock's current valuation, while seemingly high, is poised for further appreciation as regional challenges dissipate, making it a smart long-term growth investment.",https://g.foolcdn.com/image/?url=https%3A%2F%2Fg.foolcdn.com%2Feditorial%2Fimages%2F823064%2Fwoman-opens-package.jpg&w=700,Finviz,General,Finviz,"[{'topic': 'financial_markets', 'relevance_score': '0.938793'}, {'topic': 'retail_wholesale', 'relevance_score': '0.816564'}, {'topic': 'technology', 'relevance_score': '0.736870'}, {'topic': 'finance', 'relevance_score': '0.650663'}, {'topic': 'economy_macro', 'relevance_score': '0.565266'}]",0.303282,Somewhat-Bullish,"[{'ticker': 'MELI', 'relevance_score': '1.000000', 'ticker_sentiment_score': '0.520115', 'ticker_sentiment_label': 'Bullish'}, {'ticker': 'AMZN', 'relevance_score': '0.607832', 'ticker_sentiment_score': '0.117660', 'ticker_sentiment_label': 'Neutral'}]"
Walmart testing new 'dark stores' that won't be open to the public,https://mynbc15.com/news/nation-world/walmart-testing-new-dark-stores-that-wont-be-open-to-the-public-cincinnati-consumer-amazon-rivalry-best-business-revenue-signage-lacking-alerts-fulfillment-job-opportunities-markets-lucrative-enterprise-fortune-500-elite-production-line-warehouse,20250630T072300,['WKRC'],"Walmart is testing new ""dark stores"" that will operate similarly to traditional Walmart stores but will not be open to the public. These facilities are designed to stock popular online order items to speed up fulfillment and enhance competition with Amazon. Walmart also plans to test smaller distribution centers for customers willing to pay extra for merchandise.",,WPMI,General,WPMI,"[{'topic': 'retail_wholesale', 'relevance_score': '0.901182'}, {'topic': 'technology', 'relevance_score': '0.743370'}]",0.272539,Somewhat-Bullish,"[{'ticker': 'WMT', 'relevance_score': '1.000000', 'ticker_sentiment_score': '0.344089', 'ticker_sentiment_label': 'Somewhat-Bullish'}, {'ticker': 'AMZN', 'relevance_score': '0.713843', 'ticker_sentiment_score': '0.232346', 'ticker_sentiment_label': 'Somewhat-Bullish'}]"
Xockets Sues Amazon for Patent Infringement to Power AI Revolution,https://www.prnewswire.com/news-releases/xockets-sues-amazon-for-patent-infringement-to-power-ai-revolution-302494840.html,20250630T151300,[],"Xockets, Inc. has filed two lawsuits against Amazon.com, Inc. and Amazon Web Services, alleging willful patent infringement related to its advanced Data Processing Units (DPUs). Xockets claims Amazon's Annapurna Labs has brazenly infringed on its DPU innovations, which are crucial for accelerated computing and AI in cloud data centers, leading to hundreds of billions of dollars in benefits for Amazon. The lawsuits seek injunctions to stop the ongoing infringement and monetary damages.",,PR Newswire,General,PR Newswire,"[{'topic': 'technology', 'relevance_score': '1.000000'}]",-0.419343,Bearish,"[{'ticker': 'AMZN', 'relevance_score': '1.000000', 'ticker_sentiment_score': '-0.381439', 'ticker_sentiment_label': 'Bearish'}]"
Chunghwa Telecom to invest in resilience as network threats rise,https://www.lightreading.com/security/chunghwa-telecom-to-invest-in-resilience-as-network-threats-rise,20250630T221733,['Robert Clark'],"Chunghwa Telecom plans to significantly increase investment in network infrastructure to enhance resilience against rising security, climate, and seismic threats. Chairman Chien Chih-cheng highlighted that network resilience is crucial for national defense and social stability. The company is allocating substantial capital for subsea and terrestrial cables, microwave, satellite, and mobile technologies, with specific projects including new submarine cable systems and a sovereign satellite launch.",https://eu-images.contentstack.com/v3/assets/blt23eb5bbc4124baa6/bltd2869ab811e472cd/650df903197fdc0a48551911/A_person_taking_a_photo_with_their_smartphone_in_Taiwan.jpg?width=1280&auto=webp&quality=80&format=jpg&disable=upscale,Light Reading,General,Light Reading,"[{'topic': 'technology', 'relevance_score': '0.943046'}, {'topic': 'economy_macro', 'relevance_score': '0.709543'}, {'topic': 'finance', 'relevance_score': '0.642154'}]",-0.128804,Neutral,"[{'ticker': 'CHT', 'relevance_score': '0.343886', 'ticker_sentiment_score': '0.038102', 'ticker_sentiment_label': 'Neutral'}, {'ticker': 'CMCSA', 'relevance_score': '0.732600', 'ticker_sentiment_score': '-0.121481', 'ticker_sentiment_label': 'Neutral'}, {'ticker': 'AMZN', 'relevance_score': '0.649147', 'ticker_sentiment_score': '-0.100140', 'ticker_sentiment_label': 'Neutral'}, {'ticker': 'VZ', 'relevance_score': '0.605465', 'ticker_sentiment_score': '-0.122025', 'ticker_sentiment_label': 'Neutral'}, {'ticker': 'T', 'relevance_score': '0.611764', 'ticker_sentiment_score': '-0.137944', 'ticker_sentiment_label': 'Neutral'}]"
Kayak and Expedia race to build AI travel agents that turn social posts into itineraries,https://venturebeat.com/ai/kayak-and-expedia-race-to-build-ai-travel-agents-that-turn-social-posts-into-itineraries,20250630T223506,['Emilia David'],"Kayak and Expedia are developing AI-powered travel agents to transform social media inspiration into personalized itineraries. Kayak's AI tool provides a chat-based experience using ChatGPT and other tools for flight and hotel searches, aiming for a fully personalized planning process. Expedia's Trip Matching feature allows users to send Instagram Reels to create itineraries, leveraging its extensive database and balancing user control with AI assistance to simplify complex travel planning.",https://venturebeat.com/_next/image?url=https%3A%2F%2Fimages.ctfassets.net%2Fjdtwqhzvc2n1%2FQLVR70IXrbGOU5WyX6i6y%2Fe76a185840a46e36b7c899a3a8e99378%2FVBTRANSFORM25-0545.jpg%3Fw%3D1000%26q%3D100&w=3840&q=85,VentureBeat,General,VentureBeat,"[{'topic': 'technology', 'relevance_score': '1.000000'}]",0.338658,Somewhat-Bullish,"[{'ticker': 'EXPE', 'relevance_score': '0.997420', 'ticker_sentiment_score': '0.424967', 'ticker_sentiment_label': 'Bullish'}, {'ticker': 'AMZN', 'relevance_score': '0.690255', 'ticker_sentiment_score': '0.239448', 'ticker_sentiment_label': 'Somewhat-Bullish'}, {'ticker': 'ABNB', 'relevance_score': '0.705259', 'ticker_sentiment_score': '0.330375', 'ticker_sentiment_label': 'Somewhat-Bullish'}]"
Is the Era of Big Parcel Carriers Over? Shippers Benefit from Pricing Pressure Surge!,https://www.dcvelocity.com/transportation/trucking/parcel-postal-carriers/shippers-will-gain-as-u-s-parcel-carriers-feel-pricing-pressure,20250630T230558,['DC Velocity Staff'],"A new study by Pitney Bowes indicates that pricing pressure on U.S. parcel shipping providers is increasing due to the rapid growth of alternative carriers and USPS's new low-cost Ground Advantage option. This trend benefits shippers through more competitive pricing and an anticipated disruption in market share, with Amazon Logistics projected to surpass USPS by 2028. The shift suggests a unique opportunity for businesses to leverage competitive rates and diversify their shipping providers.",https://www.dcvelocity.com/media-library/charts-on-parcel-sector-market-share.jpg?id=61129448&width=1440&height=1417&quality=50&coordinates=0%2C23%2C0%2C0,DC Velocity,General,DC Velocity,"[{'topic': 'energy_transportation', 'relevance_score': '0.904531'}, {'topic': 'economy_macro', 'relevance_score': '0.827213'}, {'topic': 'retail_wholesale', 'relevance_score': '0.730071'}]",-0.073812,Neutral,"[{'ticker': 'PBI-P-B', 'relevance_score': '0.340359', 'ticker_sentiment_score': '0.045789', 'ticker_sentiment_label': 'Neutral'}, {'ticker': 'FDX', 'relevance_score': '0.817971', 'ticker_sentiment_score': '-0.409219', 'ticker_sentiment_label': 'Bearish'}, {'ticker': 'UPS', 'relevance_score': '0.815293', 'ticker_sentiment_score': '-0.412509', 'ticker_sentiment_label': 'Bearish'}, {'ticker': 'AMZN', 'relevance_score': '0.716351', 'ticker_sentiment_score': '0.338417', 'ticker_sentiment_label': 'Somewhat-Bullish'}, {'ticker': 'CHRW', 'relevance_score': '0.646440', 'ticker_sentiment_score': '0.217445', 'ticker_sentiment_label': 'Somewhat-Bullish'}]"
Congressional Black Caucus left unimpressed after 'candid' meeting with Target CEO amid sustained boycott,https://thegrio.com/2025/06/30/congressional-black-caucus-meeting-with-target-ceo-boycott/,20250630T231911,['Gerren Keith Gaynor'],"The Congressional Black Caucus (CBC) recently met with Target's CEO to discuss the company's rollback of diversity, equity, and inclusion (DEI) policies amidst an ongoing nationwide boycott. Despite a ""candid"" conversation, the CBC expressed disappointment with Target's explanations, stating they fell short of what their communities deserve. The caucus urged Target to publicly recommit to DEI values, reinstate initiatives, update on financial investments, and disclose workforce and supplier diversity data to regain trust and address the significant financial toll already taken due to the boycott.","https://thegrio.com/cdn-cgi/image/width=1048,height=590,fit=crop,quality=90,gravity=auto,sharpen=1,metadata=none,format=auto,onerror=redirect/wp-content/uploads/2025/06/Untitled-design-8.png",TheGrio,General,TheGrio,"[{'topic': 'retail_wholesale', 'relevance_score': '0.905743'}, {'topic': 'earnings', 'relevance_score': '0.842971'}, {'topic': 'economy_macro', 'relevance_score': '0.623070'}, {'topic': 'finance', 'relevance_score': '0.634682'}]",-0.189312,Somewhat-Bearish,"[{'ticker': 'TGT', 'relevance_score': '1.000000', 'ticker_sentiment_score': '-0.327959', 'ticker_sentiment_label': 'Somewhat-Bearish'}, {'ticker': 'WMT', 'relevance_score': '0.668817', 'ticker_sentiment_score': '-0.224562', 'ticker_sentiment_label': 'Somewhat-Bearish'}, {'ticker': 'MCD', 'relevance_score': '0.601555', 'ticker_sentiment_score': '-0.143373', 'ticker_sentiment_label': 'Neutral'}, {'ticker': 'META', 'relevance_score': '0.605973', 'ticker_sentiment_score': '-0.102240', 'ticker_sentiment_label': 'Neutral'}, {'ticker': 'AMZN', 'relevance_score': '0.567603', 'ticker_sentiment_score': '-0.145642', 'ticker_sentiment_label': 'Neutral'}]"
