title,url,time_published,authors,summary,banner_image,source,category_within_source,source_domain,topics,overall_sentiment_score,overall_sentiment_label,ticker_sentiment
Federal Realty Announces Major Overhaul of Huntington Shopping Center in Long Island,https://newyorkyimby.com/2022/03/federal-realty-announces-major-overhaul-of-huntington-shopping-center-in-long-island.html,20220301T070000,['Sebastian Morris'],"Federal Realty Investment Trust is undertaking a $75 million redevelopment of the Huntington Shopping Center in Dix Hills, Long Island. The overhaul includes building a new Whole Foods Market, enhancing parking, installing public seating, and adding new entrances. Construction is expected to finish by the end of 2024, with other tenants remaining open during the process.",,New York YIMBY,General,New York YIMBY,"[{'topic': 'real_estate', 'relevance_score': '0.904162'}, {'topic': 'retail_wholesale', 'relevance_score': '0.823034'}]",0.306891,Somewhat-Bullish,"[{'ticker': 'FRT-P-C', 'relevance_score': '0.339535', 'ticker_sentiment_score': '0.033129', 'ticker_sentiment_label': 'Neutral'}, {'ticker': 'FRT', 'relevance_score': '1.000000', 'ticker_sentiment_score': '0.469254', 'ticker_sentiment_label': 'Bullish'}, {'ticker': 'AMZN', 'relevance_score': '0.610698', 'ticker_sentiment_score': '0.344558', 'ticker_sentiment_label': 'Somewhat-Bullish'}, {'ticker': 'ULTA', 'relevance_score': '0.611924', 'ticker_sentiment_score': '0.312445', 'ticker_sentiment_label': 'Somewhat-Bullish'}]"
File your taxes on time with H&R Block Deluxe and State for $33,https://www.pcworld.com/article/618389/file-on-time-with-hr-block-deluxe-and-state-for-just-32-89.html,20220301T134222,['Ian Paul'],"Amazon is offering H&R Block Tax Software Deluxe + State 2022 for $32.89, a significant discount from its $45 MSRP. This digital download assists with federal and state income tax filing, covers various income streams and deductions, and includes five free federal e-files. While state e-filing costs extra and is not available in New Hampshire, it remains a valuable tool for timely tax preparation.",https://www.pcworld.com/wp-content/uploads/2025/06/HRBlockDeluxe2021.png?w=1024,PCWorld,General,PCWorld,"[{'topic': 'economy_fiscal', 'relevance_score': '0.949694'}, {'topic': 'retail_wholesale', 'relevance_score': '0.717167'}, {'topic': 'finance', 'relevance_score': '0.610335'}]",0.177991,Somewhat-Bullish,"[{'ticker': 'HRB', 'relevance_score': '1.000000', 'ticker_sentiment_score': '0.204144', 'ticker_sentiment_label': 'Somewhat-Bullish'}, {'ticker': 'AMZN', 'relevance_score': '0.749457', 'ticker_sentiment_score': '0.122113', 'ticker_sentiment_label': 'Neutral'}]"
"At Snap Inc., Making Augmented Reality Work for Fashion",https://www.businessoffashion.com/articles/technology/at-snap-inc-making-augmented-reality-work-for-fashion/,20220301T183656,['BoF Studio'],"Snap Inc. is making significant strides in augmented reality (AR) for the fashion industry, with over 200 million Snapchat users engaging with AR daily. Peter Sellis, VP of Product at Snap Inc., discusses how AR technologies, including virtual try-ons and spatial technology, are evolving to enhance shopping experiences, reduce returns, and increase conversions for brands like Prada, Farfetch, and Gucci. The commercial benefits and future product innovations, such as cloth simulation and 3D asset management, are highlighted as key drivers for investment in AR within fashion.",,The Business of Fashion,General,The Business of Fashion,"[{'topic': 'technology', 'relevance_score': '0.920382'}, {'topic': 'retail_wholesale', 'relevance_score': '0.847283'}]",0.22998,Somewhat-Bullish,"[{'ticker': 'SNAP', 'relevance_score': '1.000000', 'ticker_sentiment_score': '0.491189', 'ticker_sentiment_label': 'Bullish'}, {'ticker': 'AMZN', 'relevance_score': '0.626115', 'ticker_sentiment_score': '0.102989', 'ticker_sentiment_label': 'Neutral'}, {'ticker': 'GOOGL', 'relevance_score': '0.573657', 'ticker_sentiment_score': '0.131926', 'ticker_sentiment_label': 'Neutral'}]"
Seven Must-Visit Food Halls to Inspire a Gastronomic Getaway,https://www.hospitalitynet.org/news/4109206.html,20220302T132501,['Booking.com'],"This article highlights seven must-visit food halls across the globe, from Birmingham, Alabama to Tijuana, Mexico, offering diverse culinary experiences for travelers. It emphasizes the growing popularity of food halls as a way to savor local and international cuisine in a relaxed setting, appealing to 51% of global travelers seeking food and drink experiences on their vacations. Each location includes recommendations for local delicacies, additional activities, and nearby hotel stays to inspire gastronomic getaways.",https://www.hospitalitynet.org/picture/s_153147113/seven-must-visit-food-halls-to-inspire-a-gastronomic-getaway.jpg?t=1664968326,Hospitality Net,General,Hospitality Net,"[{'topic': 'retail_wholesale', 'relevance_score': '0.934325'}, {'topic': 'finance', 'relevance_score': '0.715238'}]",0.386693,Bullish,"[{'ticker': 'BKNG', 'relevance_score': '1.000000', 'ticker_sentiment_score': '0.406666', 'ticker_sentiment_label': 'Bullish'}, {'ticker': 'AMZN', 'relevance_score': '0.620054', 'ticker_sentiment_score': '0.329866', 'ticker_sentiment_label': 'Somewhat-Bullish'}]"
Check Point releases 2022 Cloud Security Report,https://securityjournaluk.com/check-point-releases-2022-cloud-security-report/,20220302T132757,['James Thorpe'],"Check Point Software Technologies Ltd. has released its 2022 Cloud Security Report, highlighting the challenges organizations face in securing cloud infrastructures amidst increasing cloud adoption, a cyber-skills shortage, and a rise in cloud security incidents, primarily due to misconfigurations. The report suggests a growing preference for independent cloud security solutions over cloud vendor security to streamline management across multi-cloud environments. TJ Gonen, VP of Cloud Security at Check Point, emphasizes the need for integrated third-party solutions with unified dashboards to simplify cloud security, reduce misconfiguration risks, and support application development in the cloud.",https://securityjournaluk.com/wp-content/uploads/2022/12/shutterstock_1928964560.jpg,Security Journal UK,General,Security Journal UK,"[{'topic': 'technology', 'relevance_score': '0.903005'}]",0.184697,Somewhat-Bullish,"[{'ticker': 'CHKP', 'relevance_score': '1.000000', 'ticker_sentiment_score': '0.447681', 'ticker_sentiment_label': 'Bullish'}, {'ticker': 'MSFT', 'relevance_score': '0.604834', 'ticker_sentiment_score': '0.136504', 'ticker_sentiment_label': 'Neutral'}, {'ticker': 'AMZN', 'relevance_score': '0.605217', 'ticker_sentiment_score': '0.103008', 'ticker_sentiment_label': 'Neutral'}, {'ticker': 'GOOGL', 'relevance_score': '0.646501', 'ticker_sentiment_score': '0.110061', 'ticker_sentiment_label': 'Neutral'}, {'ticker': 'GOOG', 'relevance_score': '0.622729', 'ticker_sentiment_score': '0.126623', 'ticker_sentiment_label': 'Neutral'}]"
Colgate launches $10 ‘premium’ toothpaste,https://www.newsnationnow.com/us-news/colgate-launches-10-premium-toothpaste/,20220302T132812,['Jeremy Tanner'],"Colgate-Palmolive has launched a new ""premium"" teeth-whitening toothpaste, Optic White Pro Series, retailing for $10 a tube. This move is part of the company's strategy to raise prices on its products. The launch comes amidst rising inflation, which is squeezing American consumers' finances.",https://www.newsnationnow.com/wp-content/uploads/sites/108/2022/03/AP18026687888817.jpg?w=1024&h=632&crop=1,NewsNation,General,NewsNation,"[{'topic': 'retail_wholesale', 'relevance_score': '0.915831'}, {'topic': 'economy_monetary', 'relevance_score': '0.842494'}, {'topic': 'economy_macro', 'relevance_score': '0.708902'}]",0.172817,Somewhat-Bullish,"[{'ticker': 'CL', 'relevance_score': '1.000000', 'ticker_sentiment_score': '0.290216', 'ticker_sentiment_label': 'Somewhat-Bullish'}, {'ticker': 'WMT', 'relevance_score': '0.649204', 'ticker_sentiment_score': '0.118663', 'ticker_sentiment_label': 'Neutral'}, {'ticker': 'DLTR', 'relevance_score': '0.580032', 'ticker_sentiment_score': '0.121881', 'ticker_sentiment_label': 'Neutral'}, {'ticker': 'AMZN', 'relevance_score': '0.545842', 'ticker_sentiment_score': '0.126608', 'ticker_sentiment_label': 'Neutral'}]"
7 E-Commerce Stocks to Buy as Shopify Suffers,https://investorplace.com/2022/03/7-e-commerce-stocks-to-buy-as-shopify-suffers/,20220302T145300,['Tezcan Gecgil'],"Despite a volatile market and a significant drop in high-growth e-commerce stocks like Shopify, the e-commerce industry is projected for substantial growth, with global revenue expected to exceed $7 trillion by 2025. This article identifies seven e-commerce stocks, including Amazon, Etsy, and Target, that offer attractive long-term potential for investors in 2022. Each stock analysis provides financial highlights, market performance, and future outlook, emphasizing their resilience and growth drivers amidst current market headwinds.",https://investorplace.com/wp-content/uploads/2020/04/ecommerce-1-768x432.jpg,InvestorPlace,General,InvestorPlace,"[{'topic': 'earnings', 'relevance_score': '0.925207'}, {'topic': 'financial_markets', 'relevance_score': '0.828294'}, {'topic': 'economy_monetary', 'relevance_score': '0.600591'}, {'topic': 'retail_wholesale', 'relevance_score': '0.907509'}, {'topic': 'technology', 'relevance_score': '0.728605'}]",0.354542,Bullish,"[{'ticker': 'EBIZ', 'relevance_score': '0.914744', 'ticker_sentiment_score': '0.325195', 'ticker_sentiment_label': 'Somewhat-Bullish'}, {'ticker': 'AMZN', 'relevance_score': '0.734404', 'ticker_sentiment_score': '0.408796', 'ticker_sentiment_label': 'Bullish'}]"
"Amazon Closing All Bookstores, Shops to Focus on Grocery Sector",https://www.ttnews.com/articles/amazon-closing-all-bookstores-shops-focus-grocery-sector,20220302T161700,['Spencer Soper'],"Amazon.com Inc. is closing all of its physical bookstores, Amazon 4-Star locations, and mall pop-up kiosks to concentrate its brick-and-mortar efforts on the grocery sector. The company will focus on its Amazon Fresh, Whole Foods Market, Amazon Go, and Amazon Style stores, as well as its Just Walk Out technology. This strategic shift involves the closure of 24 bookstores, 33 Amazon 4-Stars, and nine pop-up kiosks, while Whole Foods Market remains its largest physical presence.",https://www.ttnews.com/sites/default/files/styles/article_full_width_image/public/images/articles/amazon-4-star-1200.jpg,Transport Topics,General,Transport Topics,"[{'topic': 'retail_wholesale', 'relevance_score': '0.931752'}]",0.149932,Neutral,"[{'ticker': 'AMZN', 'relevance_score': '1.000000', 'ticker_sentiment_score': '0.138037', 'ticker_sentiment_label': 'Neutral'}]"
Amazon Closing Bookstores and Shops to Focus on Grocery Sector,https://www.bloomberg.com/news/articles/2022-03-02/amazon-closing-bookstores-and-shops-to-focus-on-grocery-sector,20220302T190200,['Spencer Soper'],"Amazon.com Inc. is closing all of its physical bookstores, ""Amazon 4-Star"" locations, and mall pop-up kiosks to concentrate its brick-and-mortar retail efforts on the grocery sector. The company plans to prioritize Amazon Fresh, Whole Foods Market, Amazon Go, and Amazon Style stores, along with its ""Just Walk Out"" technology. Amazon stated it remains committed to physical retail experiences and will assist affected employees in finding new roles within the company.",https://assets.bwbx.io/images/users/iqjWHBFdfxIU/i9U8dlqtULxk/v0/-1x-1.webp,Bloomberg,General,Bloomberg,"[{'topic': 'retail_wholesale', 'relevance_score': '0.902953'}]",-0.093818,Neutral,"[{'ticker': 'AMZN', 'relevance_score': '1.000000', 'ticker_sentiment_score': '-0.054503', 'ticker_sentiment_label': 'Neutral'}]"
Colgate launches $10 ‘premium’ toothpaste,https://fox56news.com/news/trending/colgate-launches-10-premium-toothpaste/,20220302T201500,"['Jeremy Tanner', 'Nexstar Media Wire']","Colgate-Palmolive is launching a new ""premium"" Optic White Pro Series toothpaste that costs $10 for a 3-ounce tube, featuring 5% hydrogen peroxide to whiten teeth and remove 15 years of stains. This move comes as the company seeks to raise prices amidst rising inflation, following similar price hikes by other major companies like Amazon and Dollar Tree. The introduction of this high-priced product highlights a trend towards premiumization in consumer goods during a period when many Americans are facing financial strain due to inflation.",,FOX 56 News,General,FOX 56 News,"[{'topic': 'retail_wholesale', 'relevance_score': '0.947638'}, {'topic': 'economy_monetary', 'relevance_score': '0.843888'}, {'topic': 'earnings', 'relevance_score': '0.730524'}, {'topic': 'economy_macro', 'relevance_score': '0.626328'}]",0.079068,Neutral,"[{'ticker': 'CL', 'relevance_score': '0.976142', 'ticker_sentiment_score': '0.223783', 'ticker_sentiment_label': 'Somewhat-Bullish'}, {'ticker': 'WMT', 'relevance_score': '0.601170', 'ticker_sentiment_score': '0.110839', 'ticker_sentiment_label': 'Neutral'}, {'ticker': 'AMZN', 'relevance_score': '0.581858', 'ticker_sentiment_score': '-0.052390', 'ticker_sentiment_label': 'Neutral'}, {'ticker': 'DLTR', 'relevance_score': '0.568684', 'ticker_sentiment_score': '0.048987', 'ticker_sentiment_label': 'Neutral'}]"
Amazon to close Green Hills store amid nationwide move,https://www.bizjournals.com/nashville/news/2022/03/03/amazon-books-retail-closing-grocery-focus.html,20220303T132112,['Alex Halverson and Meg Wrather'],"Amazon announced it would close 68 physical retail locations, including its Green Hills Amazon Books store in Nashville, as it shifts its focus toward groceries and fashion. Despite the closures, the company stated it is not abandoning brick-and-mortar sales entirely. This move comes as Amazon opened its first Nashville Amazon Books location in The Mall at Green Hills.",https://media.bizj.us/view/img/11539113/amazon1*900xx4032-2268-0-378.jpg,The Business Journals,General,The Business Journals,"[{'topic': 'retail_wholesale', 'relevance_score': '0.920443'}, {'topic': 'technology', 'relevance_score': '0.847261'}]",-0.340848,Somewhat-Bearish,"[{'ticker': 'AMZN', 'relevance_score': '1.000000', 'ticker_sentiment_score': '-0.316185', 'ticker_sentiment_label': 'Somewhat-Bearish'}]"
DigitalOcean vs Cloudflare — which stock can take advantage of cloud expansion?,https://www.cmcmarkets.com/en-au/opto-partners/digitalocean-vs-cloudflarewhich-stock-can-take-advantage-of-cloud-expansion,20220303T133155,['MyWallSt'],"This article compares DigitalOcean Holdings (DOCN) and Cloudflare (NET), two cloud computing companies, to determine which is the better investment. DigitalOcean serves developers and SMBs, while Cloudflare focuses on web security and content delivery. The analysis concludes that Cloudflare is the less risky and better investment due to its continued large client growth and potential for SMB expansion, despite DigitalOcean's strong performance and hold in the SMB market.",https://assets.cmcmarkets.com/images/CloudMyWallSt03_03.jpg,CMC Markets,General,CMC Markets,"[{'topic': 'earnings', 'relevance_score': '0.937172'}, {'topic': 'technology', 'relevance_score': '0.805482'}, {'topic': 'financial_markets', 'relevance_score': '0.747481'}]",-0.037244,Neutral,"[{'ticker': 'DOCN', 'relevance_score': '0.986744', 'ticker_sentiment_score': '0.256655', 'ticker_sentiment_label': 'Somewhat-Bullish'}, {'ticker': 'CRM', 'relevance_score': '0.698440', 'ticker_sentiment_score': '-0.138461', 'ticker_sentiment_label': 'Neutral'}, {'ticker': 'AMZN', 'relevance_score': '0.648967', 'ticker_sentiment_score': '-0.128248', 'ticker_sentiment_label': 'Neutral'}, {'ticker': 'MSFT', 'relevance_score': '0.631001', 'ticker_sentiment_score': '-0.142740', 'ticker_sentiment_label': 'Neutral'}, {'ticker': 'GOOGL', 'relevance_score': '0.631700', 'ticker_sentiment_score': '-0.126090', 'ticker_sentiment_label': 'Neutral'}]"
Wide Moat Stock Outlook Remains Compelling,https://etfdb.com/tactical-allocation-channel/wide-moat-stock-outlook-remains-compelling/,20220303T173722,['Tom Lydon'],"The article discusses the compelling outlook for wide moat stocks, highlighting their historical outperformance, especially in rising interest rate and high inflation environments. It notes that while the VanEck Vectors Morningstar Wide Moat ETF (MOAT) is outperforming the S&P 500 year-to-date, its performance is impacted by highly valued mega-cap growth stocks, which now present opportunities to buy quality at a discount. The analysis emphasizes that wide economic moats protect companies for extended periods, contributing to long-term outperformance with less volatility.",,ETF Database,General,ETF Database,"[{'topic': 'financial_markets', 'relevance_score': '0.940036'}, {'topic': 'economy_monetary', 'relevance_score': '0.836879'}, {'topic': 'finance', 'relevance_score': '0.730886'}, {'topic': 'economy_macro', 'relevance_score': '0.626649'}]",0.180135,Somewhat-Bullish,"[{'ticker': 'MOAT', 'relevance_score': '1.000000', 'ticker_sentiment_score': '0.335757', 'ticker_sentiment_label': 'Somewhat-Bullish'}, {'ticker': 'MSFT', 'relevance_score': '0.619896', 'ticker_sentiment_score': '0.111691', 'ticker_sentiment_label': 'Neutral'}, {'ticker': 'AMZN', 'relevance_score': '0.634308', 'ticker_sentiment_score': '0.132049', 'ticker_sentiment_label': 'Neutral'}]"
Grupo México de Larrea y Telesites de Slim impulsan cierre ganador de la BMV,https://elceo.com/mercados/wall-street-3-marzo-2022-bmv/,20220303T190645,['Pool CEO'],"The Mexican Stock Exchange (BMV) closed with gains, driven by companies like Grupo México and Telesites, as oil prices receded. In contrast, Wall Street indices ended lower, and oil prices also fell due to investor concerns about inflation, Federal Reserve policy, and the impact of the Russia-Ukraine conflict on commodity markets. The article also details the performance of various companies on both the BMV and Wall Street, as well as the impact on global markets and bond yields.",,EL CEO,General,EL CEO,"[{'topic': 'financial_markets', 'relevance_score': '0.944128'}, {'topic': 'economy_monetary', 'relevance_score': '0.824236'}, {'topic': 'economy_macro', 'relevance_score': '0.747259'}, {'topic': 'energy_transportation', 'relevance_score': '0.745527'}]",-0.130973,Neutral,"[{'ticker': 'VLRS', 'relevance_score': '0.833167', 'ticker_sentiment_score': '-0.519164', 'ticker_sentiment_label': 'Bearish'}, {'ticker': 'KR', 'relevance_score': '0.619362', 'ticker_sentiment_score': '0.348169', 'ticker_sentiment_label': 'Somewhat-Bullish'}, {'ticker': 'BBY', 'relevance_score': '0.642149', 'ticker_sentiment_score': '0.419938', 'ticker_sentiment_label': 'Bullish'}, {'ticker': 'AMZN', 'relevance_score': '0.638636', 'ticker_sentiment_score': '-0.445340', 'ticker_sentiment_label': 'Bearish'}, {'ticker': 'TSLA', 'relevance_score': '0.609616', 'ticker_sentiment_score': '-0.402474', 'ticker_sentiment_label': 'Bearish'}]"
How A Failed Experiment Led To Bubble Wrap,https://www.grunge.com/787774/how-a-failed-experiment-led-to-bubble-wrap/,20220304T094400,['Sarah January'],"Bubble Wrap, a ubiquitous packaging material, was created accidentally in 1957 by Alfred Fielding and Marc Chavannes. Their initial attempt to create textured wallpaper resulted in air bubbles trapped between plastic sheets. After failing to market it as insulation, they founded Sealed Air Corp. in 1960, and their product found its true purpose protecting delicate equipment for IBM, leading to its widespread adoption and the company's success.",,www.grunge.com,General,www.grunge.com,"[{'topic': 'manufacturing', 'relevance_score': '0.725112'}, {'topic': 'technology', 'relevance_score': '0.805489'}, {'topic': 'retail_wholesale', 'relevance_score': '0.647383'}]",0.351682,Bullish,"[{'ticker': 'SEE', 'relevance_score': '1.000000', 'ticker_sentiment_score': '0.540323', 'ticker_sentiment_label': 'Bullish'}, {'ticker': 'IBM', 'relevance_score': '0.706525', 'ticker_sentiment_score': '0.277158', 'ticker_sentiment_label': 'Somewhat-Bullish'}, {'ticker': 'AMZN', 'relevance_score': '0.604541', 'ticker_sentiment_score': '0.302562', 'ticker_sentiment_label': 'Somewhat-Bullish'}]"
How Hyperscale Data Centers are reshaping India’s IT,https://www.sify.com/data-centers/how-hyperscale-data-centers-are-reshaping-indias-it/,20220304T140332,['Abhijit Patil'],"Hyperscale data centers are critical infrastructure for companies like Amazon, Google, and Microsoft, providing dedicated computing resources to handle massive user demands. These facilities are essential for the digital economy, supporting everything from emails to online shopping, and their importance has grown with trends like remote work and emerging technologies such as AI and IoT. India is poised for significant growth in its data center industry, driven by government incentives and an increasing need for robust data storage and processing capabilities, despite environmental concerns related to energy consumption.",https://www.sify.com/wp-content/uploads/2022/05/hyperscale_cloud_data_center_vm3gTIdghabeh-1024x448.jpg,INDOlink,General,INDOlink,"[{'topic': 'technology', 'relevance_score': '0.912275'}]",0.292681,Somewhat-Bullish,"[{'ticker': 'SIFYR', 'relevance_score': '0.805208', 'ticker_sentiment_score': '0.270579', 'ticker_sentiment_label': 'Somewhat-Bullish'}, {'ticker': 'AMZN', 'relevance_score': '0.632555', 'ticker_sentiment_score': '0.349162', 'ticker_sentiment_label': 'Somewhat-Bullish'}, {'ticker': 'GOOGL', 'relevance_score': '0.613724', 'ticker_sentiment_score': '0.324669', 'ticker_sentiment_label': 'Somewhat-Bullish'}, {'ticker': 'MSFT', 'relevance_score': '0.648822', 'ticker_sentiment_score': '0.347203', 'ticker_sentiment_label': 'Somewhat-Bullish'}, {'ticker': 'META', 'relevance_score': '0.624663', 'ticker_sentiment_score': '0.344351', 'ticker_sentiment_label': 'Somewhat-Bullish'}]"
Sonos Roam SL vs Sonos Roam: which Bluetooth speaker will be the best?,https://www.whathifi.com/advice/sonos-roam-sl-vs-sonos-roam-which-bluetooth-speaker-will-be-the-best,20220304T140443,['Tom Bailey'],"This article compares the Sonos Roam SL and the Sonos Roam, two portable Bluetooth speakers from Sonos, to help consumers decide which one best suits their needs. The key difference lies in the Roam having a built-in microphone for voice controls, Auto Trueplay, and Sound Swap, features absent from the more affordable Roam SL. Both speakers share the same design, battery life, and core audio technology, making the choice dependent on budget and the importance of smart features.",https://cdn.mos.cms.futurecdn.net/ay5Emhg7d6wEFcrHgojUHd.jpg,What Hi-Fi?,General,What Hi-Fi?,"[{'topic': 'technology', 'relevance_score': '0.926714'}]",0.172374,Somewhat-Bullish,"[{'ticker': 'SONO', 'relevance_score': '1.000000', 'ticker_sentiment_score': '0.297280', 'ticker_sentiment_label': 'Somewhat-Bullish'}, {'ticker': 'AMZN', 'relevance_score': '0.612234', 'ticker_sentiment_score': '0.148698', 'ticker_sentiment_label': 'Neutral'}, {'ticker': 'GOOGL', 'relevance_score': '0.613574', 'ticker_sentiment_score': '0.103190', 'ticker_sentiment_label': 'Neutral'}, {'ticker': 'AAPL', 'relevance_score': '0.634678', 'ticker_sentiment_score': '0.110395', 'ticker_sentiment_label': 'Neutral'}]"
Cloud management provider Cloocus receives $41 mn in Series B funding,https://www.kedglobal.com/korean-startups/newsView/ked202203070008,20220307T134705,['See-eun Lee'],"Cloud management service provider Cloocus Co. has secured $40.8 million (50 billion won) in Series B funding from SK Inc. C&C as part of a larger 100 billion won round. This investment follows significant funding rounds for other Korean cloud MSPs like Megazone Cloud and Bespin Global. The capital injections reflect a turnaround for Korean MSPs, driven by increased demand for cloud services due to the pandemic and the growing adoption of SaaS and multicloud strategies.",https://www.kedglobal.com/data/ked/image/2022/03/07/ked202203070009.700x.0.jpg,KED Global,General,KED Global,"[{'topic': 'technology', 'relevance_score': '0.923126'}, {'topic': 'finance', 'relevance_score': '0.839031'}]",0.206007,Somewhat-Bullish,"[{'ticker': 'KT', 'relevance_score': '0.945182', 'ticker_sentiment_score': '0.348347', 'ticker_sentiment_label': 'Somewhat-Bullish'}, {'ticker': 'AMZN', 'relevance_score': '0.737307', 'ticker_sentiment_score': '0.212999', 'ticker_sentiment_label': 'Somewhat-Bullish'}, {'ticker': 'MSFT', 'relevance_score': '0.602997', 'ticker_sentiment_score': '0.141397', 'ticker_sentiment_label': 'Neutral'}, {'ticker': 'GOOGL', 'relevance_score': '0.587555', 'ticker_sentiment_score': '0.116970', 'ticker_sentiment_label': 'Neutral'}]"
Your Fenty Beauty Favorites Are Now Available At Ulta Beauty,https://www.elle.com/beauty/a39124423/fenty-beauty-ulta-launch/,20220307T140919,['Tatjana Freund'],"Rihanna's Fenty Beauty line is expanding its retail presence by launching in over 1,300 Ulta Beauty locations, both online and in-store, starting March 6th. This move aims to make the popular beauty brand more accessible to a wider audience, fulfilling Rihanna's vision of global inclusion. Fans can expect a sneak peek of available products on February 28th before the official launch.","https://hips.hearstapps.com/hmg-prod/images/fenty-beauty-killawatt-1646670396.jpg?crop=1.00xw:0.802xh;0,0.0581xh&resize=640:*",ELLE,General,ELLE,"[{'topic': 'retail_wholesale', 'relevance_score': '0.828439'}]",0.304849,Somewhat-Bullish,"[{'ticker': 'ULTA', 'relevance_score': '1.000000', 'ticker_sentiment_score': '0.483398', 'ticker_sentiment_label': 'Bullish'}, {'ticker': 'AMZN', 'relevance_score': '0.649365', 'ticker_sentiment_score': '0.107345', 'ticker_sentiment_label': 'Neutral'}]"
Alphabet’s (GOOGL) Stock Price Has Fallen 12.8% in 2022. Should You Buy It?,https://www.asktraders.com/analysis/alphabets-googl-stock-price-has-fallen-12-8-in-2022-should-you-buy-it/,20220308T134031,['Simon Mugo'],"Alphabet's stock (GOOGL) has dropped 12.8% in 2022, leading many to question if it's a good buying opportunity. Despite plateauing ad revenues, Google is expanding into cloud services and cybersecurity, highlighted by its acquisition of Mandiant. The company is considered attractive at current prices, though antitrust concerns remain a risk.",https://www.asktraders.com/wp-content/uploads/2022/03/Google-stock-price-08-03-2022.jpg,AskTraders.com,General,AskTraders.com,"[{'topic': 'mergers_and_acquisitions', 'relevance_score': '0.806584'}, {'topic': 'financial_markets', 'relevance_score': '0.933296'}, {'topic': 'technology', 'relevance_score': '0.927837'}]",0.163941,Somewhat-Bullish,"[{'ticker': 'GOOGL', 'relevance_score': '1.000000', 'ticker_sentiment_score': '0.260522', 'ticker_sentiment_label': 'Somewhat-Bullish'}, {'ticker': 'AMZN', 'relevance_score': '0.606308', 'ticker_sentiment_score': '0.020206', 'ticker_sentiment_label': 'Neutral'}, {'ticker': 'MSFT', 'relevance_score': '0.645469', 'ticker_sentiment_score': '0.030098', 'ticker_sentiment_label': 'Neutral'}, {'ticker': 'PLTR', 'relevance_score': '0.563573', 'ticker_sentiment_score': '0.201984', 'ticker_sentiment_label': 'Somewhat-Bullish'}, {'ticker': 'UBER', 'relevance_score': '0.576353', 'ticker_sentiment_score': '0.224583', 'ticker_sentiment_label': 'Somewhat-Bullish'}]"
Rivian is sued by shareholder after rolling back electric vehicle price hikes,https://driving.ca/auto-news/industry/rivian-is-sued-by-shareholder-after-rolling-back-electric-vehicle-price-hikes,20220308T140059,"['Jonathan Stempel', 'Reuters']","A shareholder has filed a lawsuit against Rivian Automotive Inc, alleging the company misled investors during its IPO by underpricing its electric vehicles. This alleged mispricing led to swift, unpopular price hikes that were later rolled back. The lawsuit claims these price adjustments tarnished Rivian's reputation and put preorders at risk.",https://smartcdn.gprod.postmedia.digital/driving/wp-content/uploads/2020/10/Rivian-R1T-small.jpg?quality=90&strip=all&w=375&h=211&sig=ZMWT09M8dARXRAUAusTghQ,Driving,General,Driving,"[{'topic': 'ipo', 'relevance_score': '1.000000'}, {'topic': 'financial_markets', 'relevance_score': '0.837606'}, {'topic': 'energy_transportation', 'relevance_score': '0.719759'}]",-0.261925,Somewhat-Bearish,"[{'ticker': 'RIVN', 'relevance_score': '1.000000', 'ticker_sentiment_score': '-0.400108', 'ticker_sentiment_label': 'Bearish'}, {'ticker': 'AMZN', 'relevance_score': '0.623909', 'ticker_sentiment_score': '-0.113370', 'ticker_sentiment_label': 'Neutral'}]"
"Starbucks, Coca-Cola, PepsiCo suspend operations in Russia; Amazon suspends web services sign-ups",https://www.foxbusiness.com/markets/cocacola-starbucks-pepsi-amazon-suspend-operations-sales-russia-ukraine,20220308T140230,['Breck Dumas'],"Coca-Cola, Starbucks, PepsiCo, and Amazon have announced the suspension of their operations in Russia in response to the country's invasion of Ukraine. Coca-Cola stated it was pausing business, while Starbucks is suspending all business activity and closing stores. Amazon Web Services is no longer allowing new sign-ups in Russia or Belarus, emphasizing it does not have infrastructure there and will suspend services for those promoting violence.",,Fox Business,General,Fox Business,"[{'topic': 'retail_wholesale', 'relevance_score': '0.821990'}, {'topic': 'technology', 'relevance_score': '0.746801'}, {'topic': 'financial_markets', 'relevance_score': '0.616554'}, {'topic': 'economy_macro', 'relevance_score': '0.602607'}]",-0.212247,Somewhat-Bearish,"[{'ticker': 'SBUX', 'relevance_score': '1.000000', 'ticker_sentiment_score': '-0.211693', 'ticker_sentiment_label': 'Somewhat-Bearish'}, {'ticker': 'KO', 'relevance_score': '0.933780', 'ticker_sentiment_score': '-0.218133', 'ticker_sentiment_label': 'Somewhat-Bearish'}, {'ticker': 'AMZN', 'relevance_score': '0.826605', 'ticker_sentiment_score': '-0.201493', 'ticker_sentiment_label': 'Somewhat-Bearish'}, {'ticker': 'PEP', 'relevance_score': '0.747254', 'ticker_sentiment_score': '-0.205717', 'ticker_sentiment_label': 'Somewhat-Bearish'}]"
Shipping Fraud Increased Nearly 800% Worldwide in the Past Year,https://newsroom.transunion.com/shipping-fraud-increased-nearly-800-worldwide-in-the-past-year/,20220308T140815,[],"TransUnion's 2022 Global Digital Fraud Trends Report reveals that shipping fraud surged by 780.5% globally year-over-year in 2021, and over 1,500% from 2019 to 2021, making it the fastest-growing type of digital fraud worldwide. This increase is primarily attributed to the continuous growth of e-commerce, with fraudsters targeting areas where consumers are most active. The report also highlights significant increases in other fraud types and identifies industries most affected by digital fraud globally and in the United States, such as gaming, travel and leisure, and financial services.",,TransUnion,General,TransUnion,"[{'topic': 'finance', 'relevance_score': '0.912011'}, {'topic': 'retail_wholesale', 'relevance_score': '0.814801'}, {'topic': 'economy_macro', 'relevance_score': '0.710069'}]",-0.037675,Neutral,"[{'ticker': 'TRU', 'relevance_score': '1.000000', 'ticker_sentiment_score': '-0.105209', 'ticker_sentiment_label': 'Neutral'}, {'ticker': 'AMZN', 'relevance_score': '0.640543', 'ticker_sentiment_score': '0.106219', 'ticker_sentiment_label': 'Neutral'}, {'ticker': 'FDX', 'relevance_score': '0.573941', 'ticker_sentiment_score': '-0.149347', 'ticker_sentiment_label': 'Neutral'}]"
Rivian is sued for allegedly misleading investors about electric vehicle prices,https://www.reuters.com/legal/transactional/rivian-is-sued-by-shareholder-after-rolling-back-electric-vehicle-price-hikes-2022-03-08/,20220308T202200,['Jonathan Stempel'],"Rivian Automotive Inc is facing a class-action lawsuit from a shareholder who claims the company misled investors by initially underpricing its electric vehicles, leading to unpopular price hikes that were later rolled back. The lawsuit alleges Rivian concealed that its R1S SUV and R1T pickup trucks were so underpriced they would require rapid price increases after its November IPO, damaging the company's reputation and risking pre-order cancellations. The plaintiff, Charles Larry Crews, cites the swift rollback of price increases and an apology from CEO R.J. Scaringe as ""futile attempts at damage control.""",https://www.reuters.com/resizer/v2/https%3A%2F%2Fcloudfront-us-east-2.images.arcpublishing.com%2Freuters%2F2YQZ7YQ7HVL47AOU4J2T2E4NXY.JPG?auth=152b1b31522f7403366c89146522c061af4f86d63c224b172a3928e4695e263d&width=900&quality=80,Reuters,General,Reuters,"[{'topic': 'ipo', 'relevance_score': '0.919096'}, {'topic': 'financial_markets', 'relevance_score': '0.831011'}, {'topic': 'economy_monetary', 'relevance_score': '0.613027'}]",-0.269253,Somewhat-Bearish,"[{'ticker': 'RIVN', 'relevance_score': '1.000000', 'ticker_sentiment_score': '-0.437530', 'ticker_sentiment_label': 'Bearish'}, {'ticker': 'GS', 'relevance_score': '0.722381', 'ticker_sentiment_score': '-0.234028', 'ticker_sentiment_label': 'Somewhat-Bearish'}, {'ticker': 'JPM', 'relevance_score': '0.733941', 'ticker_sentiment_score': '-0.216998', 'ticker_sentiment_label': 'Somewhat-Bearish'}, {'ticker': 'MS', 'relevance_score': '0.619354', 'ticker_sentiment_score': '-0.215038', 'ticker_sentiment_label': 'Somewhat-Bearish'}, {'ticker': 'AMZN', 'relevance_score': '0.638213', 'ticker_sentiment_score': '-0.148635', 'ticker_sentiment_label': 'Neutral'}]"
"Amazon announces 20-for-1 stock split, $10 bln share buyback",https://www.reuters.com/business/retail-consumer/amazon-board-approves-20-for-1-stock-split-10-bln-share-buyback-2022-03-09/,20220309T132112,['Reuters'],"Amazon.com Inc. has announced a 20-for-1 stock split and authorized a $10 billion share buyback plan, causing its shares to rise by 7% in extended trading. This marks Amazon's first stock split since 1999, aimed at making shares more accessible to investors and increasing flexibility for employees managing equity. Trading with the new share price will commence on June 6.",https://www.reuters.com/resizer/v2/IKQ6Y4CW6JM2TMS7OD5IQU6OYI.jpg?auth=57549bc4f1819d57669db7bbb4da2b28c69664a3fe5702e8d9cf9ecfc9416a04&width=1920&quality=80,Reuters,General,Reuters,"[{'topic': 'financial_markets', 'relevance_score': '0.931003'}, {'topic': 'retail_wholesale', 'relevance_score': '0.749328'}, {'topic': 'technology', 'relevance_score': '0.810218'}]",0.214958,Somewhat-Bullish,"[{'ticker': 'AMZN', 'relevance_score': '1.000000', 'ticker_sentiment_score': '0.486064', 'ticker_sentiment_label': 'Bullish'}, {'ticker': 'GOOGL', 'relevance_score': '0.620174', 'ticker_sentiment_score': '0.111833', 'ticker_sentiment_label': 'Neutral'}, {'ticker': 'AAPL', 'relevance_score': '0.561553', 'ticker_sentiment_score': '0.140028', 'ticker_sentiment_label': 'Neutral'}, {'ticker': 'TSLA', 'relevance_score': '0.571288', 'ticker_sentiment_score': '0.148358', 'ticker_sentiment_label': 'Neutral'}, {'ticker': 'NVDA', 'relevance_score': '0.584634', 'ticker_sentiment_score': '0.128633', 'ticker_sentiment_label': 'Neutral'}]"
"Amazon announces 20-for-1 stock split, $10 billion buyback",https://www.cnbc.com/2022/03/09/amazon-announces-20-for-1-stock-split-10-billion-buyback.html,20220309T132112,['Annie Palmer'],"Amazon announced its first stock split since 1999, proposing a 20-for-1 split that sent its stock soaring by 6% in extended trading. The company's board also authorized a share buyback program of up to $10 billion. This move follows similar stock splits by other major tech companies like Alphabet, Apple, and Tesla, aiming to make shares more accessible to investors and benefit employees.",https://image.cnbcfm.com/api/v1/image/107028032-16468632561646863253-21905239182-1080pnbcnews.jpg?v=1646863255&w=750&h=422&vtcrop=y,CNBC,General,CNBC,"[{'topic': 'financial_markets', 'relevance_score': '0.947605'}, {'topic': 'technology', 'relevance_score': '0.808685'}, {'topic': 'retail_wholesale', 'relevance_score': '0.727085'}, {'topic': 'finance', 'relevance_score': '0.649621'}]",0.424736,Bullish,"[{'ticker': 'AMZN', 'relevance_score': '1.000000', 'ticker_sentiment_score': '0.417145', 'ticker_sentiment_label': 'Bullish'}]"
Lumen (like the field) is pulling out of Russia. What's next?,https://www.kuow.org/stories/lumen-like-the-field-is-pulling-out-of-russia-what-s-next,20220309T134837,"['Libby Denkmann', 'Sarah Leibovitz']","Lumen, an internet backbone company known for its naming rights to a Seattle sports stadium, is pulling its services out of Russia. This decision, following similar moves by other companies like Cogen, could significantly impact Russia's internet access, potentially leading to slower connectivity and isolation from the global web. An editor from DatacenterDynamics explains that Lumen's role as a major international transit provider means its withdrawal is a substantial move towards disconnecting Russia.",https://kuow-prod.imgix.net/store/6b471fc7e61d9b575af492df072d8a73.jpg?ixlib=rails-4.3.1&fit=clip&crop=faces&auto=format&w=924&h=634,KUOW,General,KUOW,"[{'topic': 'technology', 'relevance_score': '1.000000'}, {'topic': 'economy_macro', 'relevance_score': '0.800104'}]",-0.152064,Somewhat-Bearish,"[{'ticker': 'LUMN', 'relevance_score': '1.000000', 'ticker_sentiment_score': '-0.246501', 'ticker_sentiment_label': 'Somewhat-Bearish'}, {'ticker': 'MSFT', 'relevance_score': '0.604475', 'ticker_sentiment_score': '-0.134849', 'ticker_sentiment_label': 'Neutral'}, {'ticker': 'AMZN', 'relevance_score': '0.632822', 'ticker_sentiment_score': '-0.146004', 'ticker_sentiment_label': 'Neutral'}, {'ticker': 'SBUX', 'relevance_score': '0.638370', 'ticker_sentiment_score': '-0.105430', 'ticker_sentiment_label': 'Neutral'}]"
"Sezzle Answers Call of the Wild by Bringing Buy Now, Pay Later to Sportsman's Guide",https://www.prnewswire.com/news-releases/sezzle-answers-call-of-the-wild-by-bringing-buy-now-pay-later-to-sportsmans-guide-301498406.html,20220309T140307,[],"Sezzle has partnered with Sportsman's Guide to offer flexible ""buy now, pay later"" payment options to its online customers. This partnership introduces a new biweekly interest-free installment plan and powers Sportsman's Guide's existing ""4-Pay Monthly"" product for Club Members, aiming to provide increased buying power and responsible budgeting for outdoor enthusiasts. The collaboration also helps Sportsman's Guide attract Sezzle's Millennial and Gen Z demographics, while Sezzle users benefit from the potential to build credit through Sezzle Up.",,PR Newswire,General,PR Newswire,"[{'topic': 'retail_wholesale', 'relevance_score': '1.000000'}, {'topic': 'finance', 'relevance_score': '0.933517'}]",0.371509,Bullish,"[{'ticker': 'SEZL', 'relevance_score': '1.000000', 'ticker_sentiment_score': '0.408324', 'ticker_sentiment_label': 'Bullish'}, {'ticker': 'AMZN', 'relevance_score': '0.638680', 'ticker_sentiment_score': '0.305979', 'ticker_sentiment_label': 'Somewhat-Bullish'}]"
"UNFI gets Q2 boost from independents, Whole Foods",https://www.supermarketnews.com/finance/unfi-gets-q2-boost-from-independents-whole-foods,20220309T140920,['Russell Redman'],"United Natural Foods Inc. (UNFI) reported record net sales of $7.42 billion for its fiscal second quarter, largely driven by strong performances in its Independent and Supernatural (Whole Foods Market) segments. The company's ""Fuel the Future"" strategy, focusing on customer service, own brands, and fresh categories, is credited for the growth. UNFI also updated its fiscal 2022 guidance, slightly raising its net sales forecast.",https://eu-images.contentstack.com/v3/assets/blt58a1f8f560a1ab0e/blt47478b9234d9a8de/66997f3385bd835957c83587/UNFI_trailer_truck_0_1_1_1_2.png?width=1280&auto=webp&quality=80&format=jpg&disable=upscale,Supermarket News,General,Supermarket News,"[{'topic': 'earnings', 'relevance_score': '0.922636'}, {'topic': 'retail_wholesale', 'relevance_score': '0.802740'}]",0.351769,Bullish,"[{'ticker': 'UNFI', 'relevance_score': '1.000000', 'ticker_sentiment_score': '0.462200', 'ticker_sentiment_label': 'Bullish'}, {'ticker': 'AMZN', 'relevance_score': '0.637916', 'ticker_sentiment_score': '0.282790', 'ticker_sentiment_label': 'Somewhat-Bullish'}]"
Walmart to offer its Walmart Plus service to its workers for free,https://www.reuters.com/business/retail-consumer/walmart-offer-its-walmart-plus-service-its-workers-free-2022-03-08/,20220309T141204,['Siddharth Cavale'],"Walmart announced it will provide its Walmart Plus membership service for free to all part-time and full-time employees in the United States. This move comes as retailers compete for workers in a tight labor market, with Walmart joining other companies offering increased benefits. The Walmart Plus service, which includes free delivery, fuel discounts, and other perks, is seen as a rival to Amazon Prime and could significantly expand its subscriber base by including Walmart's 1.6 million employees.",https://www.reuters.com/resizer/v2/BNJKSGT6X5MIPFJOZB65ZBLCGU.jpg?auth=51186793ebcad91d37539a50b4f9a0428232af5c96fd552a8cde582793111c8e&width=1080&quality=80,Reuters,General,Reuters,"[{'topic': 'retail_wholesale', 'relevance_score': '0.914990'}, {'topic': 'economy_macro', 'relevance_score': '0.705239'}]",0.174099,Somewhat-Bullish,"[{'ticker': 'WMT', 'relevance_score': '0.997567', 'ticker_sentiment_score': '0.321315', 'ticker_sentiment_label': 'Somewhat-Bullish'}, {'ticker': 'TGT', 'relevance_score': '0.703382', 'ticker_sentiment_score': '0.116877', 'ticker_sentiment_label': 'Neutral'}, {'ticker': 'AMZN', 'relevance_score': '0.621067', 'ticker_sentiment_score': '0.063258', 'ticker_sentiment_label': 'Neutral'}]"
"Amazon to split stock for the first time since the dot-com boom, after gains of more than 4,500%",https://www.marketwatch.com/story/amazon-to-split-stock-for-the-first-time-since-the-dot-com-boom-after-gains-of-more-than-4-500-11646862955?gaa_at=eafs&gaa_n=AWEtsqc-VS_6f3K81tlY7mURfR1RCMQAn4FdtIlKw14a_bugOpu2Ly3670NU&gaa_ts=699b0649&gaa_sig=36_joQSaMTP82LaEMn5S2dRS_gkLZgDuLEzxmFiuycoGj3lNKE2F1LZsplEf5fzW2P2N4sDtErl4w66JDp-7WA%3D%3D,20220309T165500,['Jeremy C. Owens'],"Amazon announced its first stock split in over 20 years, a 20-to-1 split, after its shares gained more than 4,500% since its last split in 1999. The company also plans to repurchase $10 billion in shares. This move is contingent on a shareholder vote in May, with the split expected around June 3.",https://images.mktw.net/im-321028?width=1260&height=884,MarketWatch,General,MarketWatch,"[{'topic': 'financial_markets', 'relevance_score': '0.938662'}, {'topic': 'retail_wholesale', 'relevance_score': '0.724407'}, {'topic': 'technology', 'relevance_score': '0.817324'}]",0.427608,Bullish,"[{'ticker': 'AMZN', 'relevance_score': '1.000000', 'ticker_sentiment_score': '0.448029', 'ticker_sentiment_label': 'Bullish'}]"
"Amazon (AMZN) Approves 20-for-1 Stock Split, $10B Buyback",https://www.investopedia.com/amazon-approves-20-for-1-stock-split-usd10b-buyback-5221732,20220310T091300,['Timothy Smith'],"Amazon's board of directors approved a 20-for-1 stock split and a $10 billion share buyback. This marks Amazon's first stock split since 1999 and is intended to make shares more accessible to a broader range of investors and employees. Other major tech companies like Apple, Tesla, and Alphabet have also undertaken stock splits recently.",https://www.investopedia.com/thmb/cNPfyfjn3s1YR2EUduGhYn994r4=/282x188/filters:no_upscale():max_bytes(150000):strip_icc():format(webp)/GettyImages-2259293616-7d2ef99963514a8384138ee22650f025.jpg,Investopedia,General,Investopedia,"[{'topic': 'financial_markets', 'relevance_score': '0.948362'}, {'topic': 'earnings', 'relevance_score': '0.846705'}, {'topic': 'technology', 'relevance_score': '0.742957'}, {'topic': 'retail_wholesale', 'relevance_score': '0.626135'}]",0.37755,Bullish,"[{'ticker': 'AMZN', 'relevance_score': '1.000000', 'ticker_sentiment_score': '0.442362', 'ticker_sentiment_label': 'Bullish'}, {'ticker': 'GOOG', 'relevance_score': '0.626751', 'ticker_sentiment_score': '0.344726', 'ticker_sentiment_label': 'Somewhat-Bullish'}, {'ticker': 'AAPL', 'relevance_score': '0.615743', 'ticker_sentiment_score': '0.307015', 'ticker_sentiment_label': 'Somewhat-Bullish'}, {'ticker': 'TSLA', 'relevance_score': '0.632011', 'ticker_sentiment_score': '0.409732', 'ticker_sentiment_label': 'Bullish'}]"
CrowdStrike’s Crowd-Pleaser; Build-A-Bear’s Blunder; Asana’s Attitude Adjustment,https://banyanhill.com/crowdstrikes-crowd-pleaser-build-bear-asanas-attitude/,20220310T132349,['Joseph Hargett'],"This article discusses the financial performance and market outlook for several companies. CrowdStrike reported impressive earnings and strong guidance, positioning it well in the growing cybersecurity market. Build-A-Bear Workshop issued a cautious 2022 outlook due to inflation, leading to investor concern, while Amazon announced a 20-for-1 stock split, mirroring Alphabet's earlier move. Additionally, Asana reported significant losses despite revenue growth, and PayPal faced a downgrade from BofA Securities due to concerns about the Russia-Ukraine conflict's impact.",https://banyanhill.com/wp-content/uploads/2022/03/Great-Stuff-Main-Image-03-10-2022.png,Banyan Hill Publishing,General,Banyan Hill Publishing,"[{'topic': 'earnings', 'relevance_score': '0.941020'}, {'topic': 'technology', 'relevance_score': '0.818493'}, {'topic': 'financial_markets', 'relevance_score': '0.831687'}, {'topic': 'retail_wholesale', 'relevance_score': '0.629928'}, {'topic': 'economy_macro', 'relevance_score': '0.640434'}]",0.206545,Somewhat-Bullish,"[{'ticker': 'BBW', 'relevance_score': '0.940303', 'ticker_sentiment_score': '0.034487', 'ticker_sentiment_label': 'Neutral'}, {'ticker': 'CRWD', 'relevance_score': '0.970232', 'ticker_sentiment_score': '0.408384', 'ticker_sentiment_label': 'Bullish'}, {'ticker': 'GOOGL', 'relevance_score': '0.703096', 'ticker_sentiment_score': '0.137939', 'ticker_sentiment_label': 'Neutral'}, {'ticker': 'AMZN', 'relevance_score': '0.757834', 'ticker_sentiment_score': '0.279510', 'ticker_sentiment_label': 'Somewhat-Bullish'}]"
Disney ‘Taking Steps to Pause’ All Business in Russia,https://variety.com/2022/film/news/disney-halts-business-russia-1235201223/,20220310T133143,['Rebecca Rubin'],"The Walt Disney Company announced it is ""taking steps to pause"" all other businesses in Russia, beyond its initial halt on new movie releases, due to the ""unprovoked invasion of Ukraine"" and escalating humanitarian crisis. This includes content and product licensing, Disney Cruise Line activities, National Geographic magazine and tours, local content productions, and linear channels. Disney stated that while some activities can be paused immediately, others will take time due to contractual complexities, and staff in Russia will remain employed.",https://variety.com/wp-content/uploads/2021/02/HollywoodLandmarks244317Finals.jpg?w=1000&h=563&crop=1,Variety,General,Variety,"[{'topic': 'economy_macro', 'relevance_score': '0.803051'}, {'topic': 'retail_wholesale', 'relevance_score': '0.700636'}]",-0.204076,Somewhat-Bearish,"[{'ticker': 'DIS', 'relevance_score': '1.000000', 'ticker_sentiment_score': '-0.209540', 'ticker_sentiment_label': 'Somewhat-Bearish'}, {'ticker': 'NFLX', 'relevance_score': '0.719225', 'ticker_sentiment_score': '-0.235722', 'ticker_sentiment_label': 'Somewhat-Bearish'}, {'ticker': 'AMZN', 'relevance_score': '0.627541', 'ticker_sentiment_score': '-0.245948', 'ticker_sentiment_label': 'Somewhat-Bearish'}, {'ticker': 'MSFT', 'relevance_score': '0.618747', 'ticker_sentiment_score': '-0.216736', 'ticker_sentiment_label': 'Somewhat-Bearish'}, {'ticker': 'AAPL', 'relevance_score': '0.643373', 'ticker_sentiment_score': '-0.212080', 'ticker_sentiment_label': 'Somewhat-Bearish'}]"
Amazon announces 20-for-1 stock split,https://www.morningstar.com.au/stocks/amazon-announces-20-for-1-stock-split,20220310T165548,['Ruth Saldanha'],"Amazon announced a 20-for-1 stock split, following similar moves by other major tech companies like Alphabet, Apple, and Tesla. The article explains that a stock split divides existing shares into multiple, smaller-priced shares without changing the overall value of an investor's holdings or the company's market capitalization. Stock splits are often done to increase a stock's liquidity and make it more accessible to a wider range of investors, though in an era of fractional shares, some of the practical impact is diminished.",,Morningstar,General,Morningstar,"[{'topic': 'financial_markets', 'relevance_score': '1.000000'}, {'topic': 'retail_wholesale', 'relevance_score': '0.822645'}, {'topic': 'technology', 'relevance_score': '0.846479'}, {'topic': 'finance', 'relevance_score': '0.714223'}, {'topic': 'earnings', 'relevance_score': '0.633667'}]",0.105557,Neutral,"[{'ticker': 'GOOGL', 'relevance_score': '0.897020', 'ticker_sentiment_score': '0.135592', 'ticker_sentiment_label': 'Neutral'}, {'ticker': 'AMZN', 'relevance_score': '0.948531', 'ticker_sentiment_score': '0.138250', 'ticker_sentiment_label': 'Neutral'}, {'ticker': 'AAPL', 'relevance_score': '0.722127', 'ticker_sentiment_score': '0.118239', 'ticker_sentiment_label': 'Neutral'}, {'ticker': 'TSLA', 'relevance_score': '0.650169', 'ticker_sentiment_score': '0.117538', 'ticker_sentiment_label': 'Neutral'}, {'ticker': 'C', 'relevance_score': '0.581051', 'ticker_sentiment_score': '-0.125094', 'ticker_sentiment_label': 'Neutral'}]"
Hayward Introduces Advanced AquaRite S3 Salt Sanitization System,https://www.poolmagazine.com/news/press-releases/hayward-introduces-advanced-aquarite-s3-salt-sanitization-system/,20220310T165626,['Marianne Trusty'],"Hayward Holdings, Inc. has launched its advanced AquaRite S3 Salt Chlorination System, which offers enhanced pool control and integrates with Hayward’s Omni automation platform for intuitive management. This new system provides an eco-friendly and cost-effective alternative to traditional chlorine sanitization, featuring broad salt concentration compatibility and Hayward TurboCell® technology for easy maintenance. The AquaRite S3 aims to address chlorine shortages and cater to environmentally conscious consumers through pool professionals.",,Pool Magazine,General,Pool Magazine,"[{'topic': 'manufacturing', 'relevance_score': '0.808432'}, {'topic': 'technology', 'relevance_score': '0.803166'}]",0.249934,Somewhat-Bullish,"[{'ticker': 'HAYW', 'relevance_score': '1.000000', 'ticker_sentiment_score': '0.434727', 'ticker_sentiment_label': 'Bullish'}, {'ticker': 'POOL', 'relevance_score': '0.611702', 'ticker_sentiment_score': '0.283305', 'ticker_sentiment_label': 'Somewhat-Bullish'}, {'ticker': 'PNR', 'relevance_score': '0.627640', 'ticker_sentiment_score': '0.116725', 'ticker_sentiment_label': 'Neutral'}, {'ticker': 'AMZN', 'relevance_score': '0.630102', 'ticker_sentiment_score': '0.131711', 'ticker_sentiment_label': 'Neutral'}]"
"Amazon surges as stock split, buyback excite investors",https://www.reuters.com/technology/amazon-surges-stock-split-buyback-excite-investors-2022-03-10/,20220310T210500,['Reuters'],"Amazon's stock surged over 5% after the company announced a 20-for-1 stock split and a $10 billion share buyback, aiming to attract more investors and boost confidence. This move follows a period of lackluster performance for the e-commerce giant, despite its substantial growth since its IPO. The stock split, the first since 1999, and the buyback are seen as psychological boosts and a signal that management views the stock as undervalued.",https://www.reuters.com/resizer/v2/5GESI4YOUNN5PP5TCKQEZSUB6E.jpg?auth=efdf6919c0213bf48495d2926efd16fd148a3edccd2d7e5d03e924b5c5c6aed1&width=1080&quality=80,Reuters,General,Reuters,"[{'topic': 'financial_markets', 'relevance_score': '0.913644'}, {'topic': 'technology', 'relevance_score': '0.819808'}, {'topic': 'retail_wholesale', 'relevance_score': '0.742569'}]",0.306582,Somewhat-Bullish,"[{'ticker': 'AMZN', 'relevance_score': '1.000000', 'ticker_sentiment_score': '0.419593', 'ticker_sentiment_label': 'Bullish'}, {'ticker': 'GOOGL', 'relevance_score': '0.746458', 'ticker_sentiment_score': '0.206080', 'ticker_sentiment_label': 'Somewhat-Bullish'}, {'ticker': 'AAPL', 'relevance_score': '0.627138', 'ticker_sentiment_score': '0.316819', 'ticker_sentiment_label': 'Somewhat-Bullish'}, {'ticker': 'TSLA', 'relevance_score': '0.607509', 'ticker_sentiment_score': '0.339564', 'ticker_sentiment_label': 'Somewhat-Bullish'}]"
"eBay expects revenue growth of up to 6% in 2023, launches digital wallet",https://www.bna.bh/en/news?cms=q8FmFJgiscL2fwIzON1%2BDjxdfGRkB99XDkcdtNCzztQ%3D,20220311T133313,[],"E-commerce company eBay (EBAY.O) anticipates revenue growth of 5% to 6% in fiscal 2023 and introduced its first digital wallet to allow customers to use sales proceeds for purchases or expenses. The company also launched eBay Vault for trading cards and collectibles, despite facing stiff competition from rivals like Amazon and waning online demand. eBay forecasts higher revenue and adjusted profit growth for fiscal 2024.",https://bna-media.s3-eu-west-1.amazonaws.com/Media/Images/News/Business/eBay -25820c08-c666-44cc-9894-6789155e8f4a.jpeg,وكالة أنباء البحرين,General,وكالة أنباء البحرين,"[{'topic': 'earnings', 'relevance_score': '0.904218'}, {'topic': 'retail_wholesale', 'relevance_score': '0.829661'}, {'topic': 'technology', 'relevance_score': '0.723412'}, {'topic': 'financial_markets', 'relevance_score': '0.638879'}, {'topic': 'finance', 'relevance_score': '0.634796'}]",0.027196,Neutral,"[{'ticker': 'EBAY', 'relevance_score': '1.000000', 'ticker_sentiment_score': '0.142644', 'ticker_sentiment_label': 'Neutral'}, {'ticker': 'AMZN', 'relevance_score': '0.732245', 'ticker_sentiment_score': '-0.135511', 'ticker_sentiment_label': 'Neutral'}]"
Goodyear debuts 'last-mile' delivery truck tires,https://www.crainscleveland.com/manufacturing/goodyear-debuts-last-mile-delivery-truck-tires,20220311T134051,[],"Goodyear Tire & Rubber Co. has introduced two new lines of fuel-efficient truck tires, the Fuel Max RSA ULT and Endurance RSA ULT, specifically designed for the growing last-mile delivery sector. These tires cater to both electric and internal combustion engine vehicles, with the Endurance RSA ULT being notably ""Electric Drive Ready"" and designed for higher load capacities. Both lines feature advanced technologies aimed at improving tread life, durability, traction, and fuel efficiency for urban delivery applications.",https://s3-prod.crainscleveland.com/s3fs-public/styles/width_792/public/Goodyeartires_i.jpg,Crain's Cleveland Business,General,Crain's Cleveland Business,"[{'topic': 'energy_transportation', 'relevance_score': '1.000000'}, {'topic': 'manufacturing', 'relevance_score': '0.907035'}, {'topic': 'technology', 'relevance_score': '0.639991'}]",0.315913,Somewhat-Bullish,"[{'ticker': 'GT', 'relevance_score': '1.000000', 'ticker_sentiment_score': '0.443267', 'ticker_sentiment_label': 'Bullish'}, {'ticker': 'AMZN', 'relevance_score': '0.621856', 'ticker_sentiment_score': '0.337780', 'ticker_sentiment_label': 'Somewhat-Bullish'}, {'ticker': 'FDX', 'relevance_score': '0.596531', 'ticker_sentiment_score': '0.277214', 'ticker_sentiment_label': 'Somewhat-Bullish'}, {'ticker': 'UPS', 'relevance_score': '0.561397', 'ticker_sentiment_score': '0.285813', 'ticker_sentiment_label': 'Somewhat-Bullish'}]"
The Climate Pledge announces nearly 100 new signatories,https://www.aboutamazon.co.uk/news/sustainability/the-climate-pledge-announces-nearly-100-new-signatories,20220311T140152,['Amazon staff'],"The Climate Pledge, co-founded by Amazon and Global Optimism, has announced nearly 100 new signatories, bringing the total to over 300 companies committed to reaching net-zero carbon by 2040. These companies, spanning 51 industries and 29 countries, pledge to regularly measure and report greenhouse gas emissions, implement decarbonization strategies, and neutralize remaining emissions. Notable new signatories include Maersk, SAP, Weyerhaeuser, Sunrun, and HARMAN, all actively pursuing significant carbon reduction initiatives.",,About Amazon UK,General,About Amazon UK,"[{'topic': 'retail_wholesale', 'relevance_score': '0.727709'}, {'topic': 'energy_transportation', 'relevance_score': '0.929029'}, {'topic': 'technology', 'relevance_score': '0.708929'}, {'topic': 'manufacturing', 'relevance_score': '0.613768'}]",0.55369,Bullish,"[{'ticker': 'RUN', 'relevance_score': '0.996904', 'ticker_sentiment_score': '0.740923', 'ticker_sentiment_label': 'Bullish'}, {'ticker': 'AMZN', 'relevance_score': '0.929096', 'ticker_sentiment_score': '0.547825', 'ticker_sentiment_label': 'Bullish'}, {'ticker': 'WY', 'relevance_score': '0.740658', 'ticker_sentiment_score': '0.689607', 'ticker_sentiment_label': 'Bullish'}, {'ticker': 'MMM', 'relevance_score': '0.602224', 'ticker_sentiment_score': '0.318883', 'ticker_sentiment_label': 'Somewhat-Bullish'}]"
The Importance of Ink Cartridge Recycling,https://www.hp.com/gb-en/shop/tech-takes/ink-cartridge-recycling,20220311T165708,['Linsey Knerl'],"This article discusses the environmental benefits of recycling ink cartridges, highlighting HP's closed-loop recycling program, Planet Partners. It explains how recycling helps reduce plastic waste, supports communities, and ensures the use of quality OEM products. The article also provides multiple convenient methods for consumers to recycle their used HP ink cartridges.",,HP,General,HP,"[{'topic': 'technology', 'relevance_score': '0.914289'}, {'topic': 'retail_wholesale', 'relevance_score': '0.746713'}, {'topic': 'manufacturing', 'relevance_score': '0.615214'}]",0.243475,Somewhat-Bullish,"[{'ticker': 'HPQ', 'relevance_score': '1.000000', 'ticker_sentiment_score': '0.437156', 'ticker_sentiment_label': 'Bullish'}, {'ticker': 'WMT', 'relevance_score': '0.637915', 'ticker_sentiment_score': '0.224789', 'ticker_sentiment_label': 'Somewhat-Bullish'}, {'ticker': 'BBY', 'relevance_score': '0.635869', 'ticker_sentiment_score': '0.207726', 'ticker_sentiment_label': 'Somewhat-Bullish'}, {'ticker': 'MSFT', 'relevance_score': '0.594188', 'ticker_sentiment_score': '0.114651', 'ticker_sentiment_label': 'Neutral'}, {'ticker': 'AMZN', 'relevance_score': '0.556136', 'ticker_sentiment_score': '0.101070', 'ticker_sentiment_label': 'Neutral'}]"
IonQ to Present Research at American Physical Society (APS) Annual Meeting 2022,https://ionq.com/news/march-11-2022-ionq-to-present-at-march-meeting,20220311T171544,[],"IonQ announced its participation in the American Physical Society (APS) March Meeting 2022, where co-founder and CTO Jungsang Kim will be honored for his pioneering contributions to quantum computing. IonQ researchers will present new advances in quantum chemistry simulations, risk aggregation using quantum generative modeling, and general quantum learning of joint probability distribution functions. The company will also discuss application-oriented performance benchmarks for quantum computing, including its new #AQ single-number benchmark.",,IonQ,General,IonQ,"[{'topic': 'technology', 'relevance_score': '0.946947'}, {'topic': 'finance', 'relevance_score': '0.611323'}, {'topic': 'financial_markets', 'relevance_score': '0.616041'}]",0.324694,Somewhat-Bullish,"[{'ticker': 'IONQ', 'relevance_score': '1.000000', 'ticker_sentiment_score': '0.587999', 'ticker_sentiment_label': 'Bullish'}, {'ticker': 'GE', 'relevance_score': '0.713137', 'ticker_sentiment_score': '0.272346', 'ticker_sentiment_label': 'Somewhat-Bullish'}, {'ticker': 'MSFT', 'relevance_score': '0.615382', 'ticker_sentiment_score': '0.280306', 'ticker_sentiment_label': 'Somewhat-Bullish'}, {'ticker': 'AAPL', 'relevance_score': '0.630857', 'ticker_sentiment_score': '0.282525', 'ticker_sentiment_label': 'Somewhat-Bullish'}, {'ticker': 'AMZN', 'relevance_score': '0.639733', 'ticker_sentiment_score': '0.284299', 'ticker_sentiment_label': 'Somewhat-Bullish'}]"
eBay Ventures Offers Venture Capital To Innovative Founders,https://www.valueaddedresource.net/ebay-venture-capital-investments/,20220313T163617,['Liz Morton'],"eBay Ventures, the venture capital arm of eBay Inc., offers funding and strategic expertise to innovative founders in areas adjacent to eBay's core business. The firm has made its first investment in Norwegian second-hand marketplace Tise, backing it in a $20 million funding round. eBay Ventures aims to support startups that can bring new value, expand business, and provide a competitive advantage, reflecting eBay's ""build, buy, or partner"" strategy.",,Value Added Resource,General,Value Added Resource,"[{'topic': 'mergers_and_acquisitions', 'relevance_score': '0.907417'}, {'topic': 'technology', 'relevance_score': '0.812962'}, {'topic': 'finance', 'relevance_score': '0.736553'}, {'topic': 'retail_wholesale', 'relevance_score': '0.632997'}]",0.036367,Neutral,"[{'ticker': 'EBAY', 'relevance_score': '1.000000', 'ticker_sentiment_score': '0.111291', 'ticker_sentiment_label': 'Neutral'}, {'ticker': 'AMZN', 'relevance_score': '0.691013', 'ticker_sentiment_score': '-0.146119', 'ticker_sentiment_label': 'Neutral'}]"
Four ways companies can find the ‘hidden talent’,https://www.hrdive.com/news/four-ways-companies-can-find-the-hidden-talent/619632/,20220314T140846,['Jennifer Henry'],"Many companies struggle to find talent despite a large pool of ""hidden workers."" This article outlines four strategies for companies to tap into this underserved talent pool. These strategies include implementing ""returnships,"" upskilling current employees, directly collaborating with educational institutions, and removing college degree requirements from job descriptions.",https://imgproxy.divecdn.com/fM3kMYOxPpMQJiQPTtSUDcEkoadXBqeoHu4-m8di2Ew/g:ce/rs:fill:1200:675:1/Z3M6Ly9kaXZlc2l0ZS1zdG9yYWdlL2RpdmVpbWFnZS9HZXR0eUltYWdlcy0xMjg4MDc1MTM4LmpwZw==.webp,HR Dive,General,HR Dive,"[{'topic': 'economy_macro', 'relevance_score': '0.730699'}, {'topic': 'technology', 'relevance_score': '0.808130'}]",0.263284,Somewhat-Bullish,"[{'ticker': 'TWOU', 'relevance_score': '0.929378', 'ticker_sentiment_score': '0.218251', 'ticker_sentiment_label': 'Somewhat-Bullish'}, {'ticker': 'MSFT', 'relevance_score': '0.735431', 'ticker_sentiment_score': '0.321346', 'ticker_sentiment_label': 'Somewhat-Bullish'}, {'ticker': 'AMZN', 'relevance_score': '0.645679', 'ticker_sentiment_score': '0.314621', 'ticker_sentiment_label': 'Somewhat-Bullish'}, {'ticker': 'JPM', 'relevance_score': '0.641486', 'ticker_sentiment_score': '0.246928', 'ticker_sentiment_label': 'Somewhat-Bullish'}, {'ticker': 'NFLX', 'relevance_score': '0.727689', 'ticker_sentiment_score': '0.330738', 'ticker_sentiment_label': 'Somewhat-Bullish'}]"
The 7 Best Wi-Fi Routers for Long Range and Reliability,https://www.makeuseof.com/tag/best-wifi-router-for-long-range/,20220315T070000,['Elvis Shida'],"This article reviews the seven best Wi-Fi routers for extended range and reliable performance, aimed at improving home network coverage and speed. It covers various router types, including mesh systems and gaming routers, highlighting their key features, specifications, pros, and cons. The guide helps users choose a router based on their specific needs, such as coverage area, number of devices, and budget.",https://static0.makeuseofimages.com/wordpress/wp-content/uploads/2022/03/best-long-range-routers.jpg?&fit=crop&w=1600&h=900,MUO,General,MUO,"[{'topic': 'technology', 'relevance_score': '0.938963'}]",0.361717,Bullish,"[{'ticker': 'NTGR', 'relevance_score': '1.000000', 'ticker_sentiment_score': '0.426484', 'ticker_sentiment_label': 'Bullish'}, {'ticker': 'AMZN', 'relevance_score': '0.721741', 'ticker_sentiment_score': '0.332757', 'ticker_sentiment_label': 'Somewhat-Bullish'}]"
How to set up and use Alexa voice commands on your Fossil smartwatch,https://www.pocket-lint.com/smartwatches/news/fossil/160410-how-to-set-up-and-use-alexa-voice-commands-on-fossil-smartwatches/,20220315T093753,['Elyse Betters Picaro'],"Fossil Gen 6 smartwatch owners can now use Amazon Alexa instead of Google Assistant, with support rolling out in spring 2022 for Fossil, Skagen, and Michael Kors devices. This guide details the setup process, which requires linking the Alexa watch app to the Alexa mobile app on an Android phone, and explains how to use Alexa for various commands like playing music, asking questions, controlling smart home devices, and making calls. Alexa responses are displayed on the watch screen rather than being read aloud, and the functionality works alongside Google Assistant.",https://static0.pocketlintimages.com/wordpress/wp-content/uploads/160410-smartwatches-news-how-to-set-up-and-use-alexa-voice-commands-on-your-fossil-smartwatch-image1-687fbzdqct.jpg?&fit=crop&w=1600&h=900,Pocket-lint,General,Pocket-lint,"[{'topic': 'technology', 'relevance_score': '1.000000'}]",0.214324,Somewhat-Bullish,"[{'ticker': 'FOSL', 'relevance_score': '1.000000', 'ticker_sentiment_score': '0.233015', 'ticker_sentiment_label': 'Somewhat-Bullish'}, {'ticker': 'AMZN', 'relevance_score': '0.856021', 'ticker_sentiment_score': '0.230421', 'ticker_sentiment_label': 'Somewhat-Bullish'}, {'ticker': 'GOOG', 'relevance_score': '0.629195', 'ticker_sentiment_score': '0.127175', 'ticker_sentiment_label': 'Neutral'}]"
"Best AirPlay speakers in 2022: Apple, Sonos, Bose, and more",https://appleinsider.com/inside/airplay/best/best-airplay-speakers-in-2022-apple-sonos-bose-and-more,20220315T123900,['Brittany Vincent'],"This article reviews the best AirPlay-compatible speakers available in 2022, featuring top brands like Apple, Sonos, and Bose. It categorizes speakers by their ideal use cases, such as all-around performance, TV integration, portability, and premium audio, helping users choose the best option for their iPhone, iPad, or Apple TV. Each recommendation includes pricing information and highlights key features like AirPlay 2 support, smart assistant integration, and sound quality.",https://photos5.appleinsider.com/gallery/47329-92457-best-airplay-speakers-xl.jpg,AppleInsider,General,AppleInsider,"[{'topic': 'technology', 'relevance_score': '1.000000'}, {'topic': 'retail_wholesale', 'relevance_score': '0.805219'}]",0.283657,Somewhat-Bullish,"[{'ticker': 'SONO', 'relevance_score': '0.986955', 'ticker_sentiment_score': '0.480893', 'ticker_sentiment_label': 'Bullish'}, {'ticker': 'AAPL', 'relevance_score': '0.911015', 'ticker_sentiment_score': '0.423887', 'ticker_sentiment_label': 'Bullish'}, {'ticker': 'BBY', 'relevance_score': '0.636804', 'ticker_sentiment_score': '0.229492', 'ticker_sentiment_label': 'Somewhat-Bullish'}, {'ticker': 'AMZN', 'relevance_score': '0.645450', 'ticker_sentiment_score': '0.087751', 'ticker_sentiment_label': 'Neutral'}]"
"Amazon, Walmart Online Orders Likely Delayed by China Lockdowns",https://www.ttnews.com/articles/amazon-walmart-online-orders-likely-delayed-china-lockdowns,20220315T132112,['Bloomberg News'],"Online orders from platforms like Amazon and Walmart may experience delays due to new COVID-19 lockdowns and restrictions in key manufacturing hubs in China, including Shenzhen and Dongguan. The shutdowns are causing significant disruption to production and delivery of goods, impacting exporters and logistics operations, and further complicating an already challenging period for Chinese sellers on global platforms.",https://www.ttnews.com/sites/default/files/styles/article_full_width_image/public/images/articles/amazon-packages-1.jpg,Transport Topics,General,Transport Topics,"[{'topic': 'retail_wholesale', 'relevance_score': '0.920798'}, {'topic': 'economy_macro', 'relevance_score': '0.835278'}, {'topic': 'manufacturing', 'relevance_score': '0.741456'}, {'topic': 'energy_transportation', 'relevance_score': '0.637875'}]",-0.304823,Somewhat-Bearish,"[{'ticker': 'AMZN', 'relevance_score': '0.922315', 'ticker_sentiment_score': '-0.327835', 'ticker_sentiment_label': 'Somewhat-Bearish'}, {'ticker': 'WMT', 'relevance_score': '0.818128', 'ticker_sentiment_score': '-0.311479', 'ticker_sentiment_label': 'Somewhat-Bearish'}]"
"Fossil Group confirms Alexa app rollout on Gen 6 smartwatches, more features to come",https://www.androidcentral.com/alexa-app-wear-os,20220315T133753,['Derrek Lee'],"Fossil Group has confirmed the rollout of the Amazon Alexa app to its Gen 6 smartwatches, including models from Fossil and Skagen. Users can now access Alexa via a tile or button shortcut for tasks like playing music, checking weather, and controlling smart home devices. While lacking always-listening functionality, Fossil plans to expand the features of both the Alexa tile and app on these newer Wear OS smartwatches.",https://cdn.mos.cms.futurecdn.net/ie5MoYrvup9qGVTRMNmSw4.jpg,Android Central,General,Android Central,"[{'topic': 'technology', 'relevance_score': '1.000000'}]",0.214782,Somewhat-Bullish,"[{'ticker': 'FOSL', 'relevance_score': '1.000000', 'ticker_sentiment_score': '0.298586', 'ticker_sentiment_label': 'Somewhat-Bullish'}, {'ticker': 'AMZN', 'relevance_score': '0.605341', 'ticker_sentiment_score': '0.107827', 'ticker_sentiment_label': 'Neutral'}]"
Goodyear Launches New Last-Mile Delivery Tires,https://www.worktruckonline.com/10163460/goodyear-launches-new-last-mile-delivery-tires,20220315T134051,['Goodyear'],"Goodyear has introduced two new tire lines, the Endurance RSA ULT and Fuel Max RSA ULT, designed for the growing last-mile delivery sector. The Endurance RSA ULT is engineered for higher load capacities of electric commercial vehicles, making it Goodyear's first ""electric drive ready"" tire, while the Fuel Max RSA ULT focuses on balancing traction, fuel efficiency, and mileage for regional pickup and delivery. These new tires aim to meet the demands of e-commerce growth and fleet goals for cost savings and sustainability.",https://fleetimages.bobitstudios.com/upload/work-truck-online/content/product/2022-03/20220315-47edit-goodyear-__-720x516-s.jpg,Work Truck Online,General,Work Truck Online,"[{'topic': 'manufacturing', 'relevance_score': '0.925122'}, {'topic': 'energy_transportation', 'relevance_score': '0.823555'}]",0.198658,Somewhat-Bullish,"[{'ticker': 'GT', 'relevance_score': '1.000000', 'ticker_sentiment_score': '0.487087', 'ticker_sentiment_label': 'Bullish'}, {'ticker': 'CARR', 'relevance_score': '0.627550', 'ticker_sentiment_score': '0.117083', 'ticker_sentiment_label': 'Neutral'}, {'ticker': 'FDX', 'relevance_score': '0.591146', 'ticker_sentiment_score': '0.130616', 'ticker_sentiment_label': 'Neutral'}, {'ticker': 'UPS', 'relevance_score': '0.593244', 'ticker_sentiment_score': '0.125811', 'ticker_sentiment_label': 'Neutral'}, {'ticker': 'AMZN', 'relevance_score': '0.575923', 'ticker_sentiment_score': '0.125357', 'ticker_sentiment_label': 'Neutral'}]"
e-commerce logistics market grew by 19.9% in 2021 | Ti-insight,https://ti-insight.com/briefs/e-commerce-logistics-market-grew-by-19-9-in-2021-says-tis-latest-report/,20220315T164703,['Transport Intelligence'],"The global e-commerce logistics market experienced significant growth of 19.9% in 2021, reaching a value of €441.47bn, despite a slowdown from its 2020 peak. The market is projected to grow at an 11.8% CAGR from 2021-2026, with cross-border e-commerce growing at 10.65%. While Asia Pacific currently leads, North America is forecasted to become the largest e-commerce logistics market by 2026.",,Transport Intelligence,General,Transport Intelligence,"[{'topic': 'economy_macro', 'relevance_score': '0.910232'}, {'topic': 'retail_wholesale', 'relevance_score': '0.880294'}, {'topic': 'energy_transportation', 'relevance_score': '0.745144'}]",0.242054,Somewhat-Bullish,"[{'ticker': 'GLBE', 'relevance_score': '0.307643', 'ticker_sentiment_score': '0.022755', 'ticker_sentiment_label': 'Neutral'}, {'ticker': 'FDX', 'relevance_score': '0.754143', 'ticker_sentiment_score': '0.319898', 'ticker_sentiment_label': 'Somewhat-Bullish'}, {'ticker': 'UPS', 'relevance_score': '0.734463', 'ticker_sentiment_score': '0.284556', 'ticker_sentiment_label': 'Somewhat-Bullish'}, {'ticker': 'AMZN', 'relevance_score': '0.719128', 'ticker_sentiment_score': '0.356540', 'ticker_sentiment_label': 'Bullish'}, {'ticker': 'CHRW', 'relevance_score': '0.622950', 'ticker_sentiment_score': '0.299548', 'ticker_sentiment_label': 'Somewhat-Bullish'}]"
"Goldman Sachs ActiveBeta World Low Vol Plus Equity ETF ETF Price, Holdings, & News (BATS:GLOV)",https://www.marketbeat.com/stocks/BATS/GLOV/,20220315T174019,[],"This article provides details on the Goldman Sachs ActiveBeta World Low Vol Plus Equity ETF (GLOV), including its stock price, key statistics, and holdings. GLOV invests in large- and mid-cap stocks in developed markets, focusing on value, momentum, quality, and low volatility factors. The ETF was launched on March 15, 2022, and is managed by Goldman Sachs.",,MarketBeat,General,MarketBeat,"[{'topic': 'financial_markets', 'relevance_score': '0.909179'}]",0.254765,Somewhat-Bullish,"[{'ticker': 'GSWO', 'relevance_score': '0.342393', 'ticker_sentiment_score': '0.025569', 'ticker_sentiment_label': 'Neutral'}, {'ticker': 'NVDA', 'relevance_score': '0.609096', 'ticker_sentiment_score': '0.304136', 'ticker_sentiment_label': 'Somewhat-Bullish'}, {'ticker': 'AAPL', 'relevance_score': '0.639999', 'ticker_sentiment_score': '0.336418', 'ticker_sentiment_label': 'Somewhat-Bullish'}, {'ticker': 'MSFT', 'relevance_score': '0.644684', 'ticker_sentiment_score': '0.321227', 'ticker_sentiment_label': 'Somewhat-Bullish'}, {'ticker': 'AMZN', 'relevance_score': '0.611231', 'ticker_sentiment_score': '0.349112', 'ticker_sentiment_label': 'Somewhat-Bullish'}]"
"Walmart wants to hire more than 50,000 workers in new business push",https://www.cnbc.com/2022/03/16/walmart-wants-to-hire-more-than-50000-workers-in-new-business-push.html,20220316T102700,['Melissa Repko'],"Walmart plans to hire over 50,000 new employees by the end of April to support its expansion into new business areas like online grocery, advertising, and its third-party marketplace. The new roles will include personal shoppers, delivery drivers, and data scientists. This hiring push comes in a tight labor market where Walmart will compete with other retailers for workers.",https://image.cnbcfm.com/api/v1/image/106472523-1585859874917img_0273r.jpg?v=1585861646&w=60&h=60&ffmt=webp,CNBC,General,CNBC,"[{'topic': 'retail_wholesale', 'relevance_score': '1.000000'}, {'topic': 'economy_macro', 'relevance_score': '0.738205'}, {'topic': 'technology', 'relevance_score': '0.638880'}]",0.019455,Neutral,"[{'ticker': 'WMT', 'relevance_score': '1.000000', 'ticker_sentiment_score': '0.217251', 'ticker_sentiment_label': 'Somewhat-Bullish'}, {'ticker': 'TGT', 'relevance_score': '0.626700', 'ticker_sentiment_score': '-0.104652', 'ticker_sentiment_label': 'Neutral'}, {'ticker': 'AMZN', 'relevance_score': '0.611453', 'ticker_sentiment_score': '-0.103111', 'ticker_sentiment_label': 'Neutral'}]"
Morgan Health joins $23M series B round for Embold Health,https://www.fiercehealthcare.com/finance/morgan-health-joins-23m-series-b-round-embolden-health,20220316T132059,['Paige Minemyer'],"Morgan Health, JPMorgan Chase's healthcare arm, invested $5 million in Embold Health's $23 million Series B funding round. Embold Health is a physician-led data analytics company focused on improving healthcare quality and cost. This investment aligns with Morgan Health's mission to enhance employer healthcare by partnering with innovative organizations and making strategic investments in promising health solutions.",,Fierce Healthcare,General,Fierce Healthcare,"[{'topic': 'finance', 'relevance_score': '0.933522'}, {'topic': 'life_sciences', 'relevance_score': '0.931184'}]",0.113534,Neutral,"[{'ticker': 'AMJB', 'relevance_score': '0.319185', 'ticker_sentiment_score': '0.032156', 'ticker_sentiment_label': 'Neutral'}, {'ticker': 'JPM', 'relevance_score': '1.000000', 'ticker_sentiment_score': '0.408570', 'ticker_sentiment_label': 'Bullish'}, {'ticker': 'AMZN', 'relevance_score': '0.610191', 'ticker_sentiment_score': '-0.104672', 'ticker_sentiment_label': 'Neutral'}]"
"Instacart Unveils Shoppable Recipes, New Product Integrations With TikTok, Tasty, Hearst Magazines And More",https://www.buzzfeed.com/buzzfeedpress/instacart-unveils-shoppable-recipes-new-product,20220316T132636,"['BuzzFeedPress', 'BuzzFeed Staff']","Instacart has launched ""Shoppable Recipes,"" a new feature that allows users to seamlessly purchase ingredients for recipes found on platforms like TikTok and Hearst Magazines' food properties (e.g., Delish). This initiative aims to transform online recipe browsing into immediate action, providing a new avenue for food creators to monetize content and for Instacart's retail partners to reach new customers. The integration leverages Instacart's extensive grocery catalog and AI to enable quick delivery of in-stock items.",https://img.buzzfeed.com/buzzfeed-static/static/2022-03/16/15/asset/73a9528caa11/sub-buzz-2538-1647443464-6.png?downsize=700%3A%2A&output-quality=auto&output-format=auto,BuzzFeed,General,BuzzFeed,"[{'topic': 'retail_wholesale', 'relevance_score': '0.926551'}, {'topic': 'technology', 'relevance_score': '0.840299'}]",0.370203,Bullish,"[{'ticker': 'BZFD', 'relevance_score': '1.000000', 'ticker_sentiment_score': '0.465039', 'ticker_sentiment_label': 'Bullish'}, {'ticker': 'AMZN', 'relevance_score': '0.637951', 'ticker_sentiment_score': '0.305912', 'ticker_sentiment_label': 'Somewhat-Bullish'}, {'ticker': 'GOOGL', 'relevance_score': '0.638856', 'ticker_sentiment_score': '0.348805', 'ticker_sentiment_label': 'Somewhat-Bullish'}, {'ticker': 'WMT', 'relevance_score': '0.620232', 'ticker_sentiment_score': '0.342978', 'ticker_sentiment_label': 'Somewhat-Bullish'}, {'ticker': 'KR', 'relevance_score': '0.639121', 'ticker_sentiment_score': '0.336020', 'ticker_sentiment_label': 'Somewhat-Bullish'}]"
Tradesy online fashion marketplace acquired,https://www.bizjournals.com/bizwomen/news/latest-news/2022/03/tradesy-online-fashion-marketplace-acquired.html,20220316T133500,['Anne Stych'],"The online fashion marketplace Tradesy has been acquired, a move that highlights a shared ambition to accelerate the growth of the circular fashion economy. This acquisition comes as the global market value for secondhand and resale apparel was estimated at $36 billion in 2021.",https://media.bizj.us/view/img/12218544/gettyimages-1327395884*900xx6240-3510-0-325.jpg,The Business Journals,General,The Business Journals,"[{'topic': 'mergers_and_acquisitions', 'relevance_score': '0.902961'}, {'topic': 'retail_wholesale', 'relevance_score': '0.836664'}, {'topic': 'technology', 'relevance_score': '0.618768'}]",0.204904,Somewhat-Bullish,"[{'ticker': 'ETSY', 'relevance_score': '1.000000', 'ticker_sentiment_score': '0.381256', 'ticker_sentiment_label': 'Bullish'}, {'ticker': 'AMZN', 'relevance_score': '0.632061', 'ticker_sentiment_score': '0.127306', 'ticker_sentiment_label': 'Neutral'}, {'ticker': 'EBAY', 'relevance_score': '0.626371', 'ticker_sentiment_score': '0.147979', 'ticker_sentiment_label': 'Neutral'}]"
Top 10 Sites Like QVC [ Best Alternatives To Website Like QVC ],https://vocal.media/styled/top-10-sites-like-qvc-best-alternatives-to-website-like-qvc-nvkfc0ag0,20220316T140004,['Pawan Sharma'],"This article lists the top 10 alternative websites to QVC, highlighting those offering easy payment plans and similar product categories like home furnishings, electronics, beauty, and apparel. It details features of each site, such as payment options, product variety, and user experience, catering to online shoppers looking for flexible purchasing choices.",https://images.unsplash.com/photo-1483985988355-763728e1935b?fit=max&fm=jpg&ixid=MnwzNTY3MHwwfDF8YWxsfHx8fHx8fHx8MTY0NzMxNTg1Ng&ixlib=rb-1.2.1&q=75&w=720&utm_medium=referral&utm_source=vocal.media,vocal.media,General,vocal.media,"[{'topic': 'retail_wholesale', 'relevance_score': '0.926886'}, {'topic': 'finance', 'relevance_score': '0.727199'}]",0.068983,Neutral,"[{'ticker': 'QVCC', 'relevance_score': '0.336098', 'ticker_sentiment_score': '0.034740', 'ticker_sentiment_label': 'Neutral'}, {'ticker': 'AMZN', 'relevance_score': '0.646873', 'ticker_sentiment_score': '0.100626', 'ticker_sentiment_label': 'Neutral'}]"
Electronic Arts Launches MLB Tap Sports™ Baseball 2022,https://www.businesswire.com/news/home/20220316005424/en/Electronic-Arts-Launches-MLB-Tap-Sports-Baseball-2022,20220316T163614,[],"Electronic Arts (NASDAQ: EA) has released MLB Tap Sports Baseball 2022, the latest installment of its free-to-play mobile baseball franchise, featuring Philadelphia Phillies right fielder Bryce Harper as the cover athlete. This release marks the first game from Electronic Arts following its acquisition of Glu Mobile and introduces new features like Champions Tier, Avatar Gear, improved visuals, and a revamped UI. The game is available as a free download worldwide on the App Store, Google Play, and Amazon Appstore, building on the franchise's over 56 million global downloads.",https://mms.businesswire.com/media/20220316005424/en/937989/23/EA_GLU_TSS+2022_Key_Art.jpg,Business Wire,General,Business Wire,"[{'topic': 'technology', 'relevance_score': '1.000000'}, {'topic': 'finance', 'relevance_score': '0.728236'}]",0.372249,Bullish,"[{'ticker': 'EA', 'relevance_score': '1.000000', 'ticker_sentiment_score': '0.431513', 'ticker_sentiment_label': 'Bullish'}, {'ticker': 'AMZN', 'relevance_score': '0.639205', 'ticker_sentiment_score': '0.342469', 'ticker_sentiment_label': 'Somewhat-Bullish'}]"
"Musk’s Starlink Brings Internet to Ukraine, and Attention to a New Space Race",https://www.bloomberg.com/news/articles/2022-03-16/musk-bezos-satellite-companies-target-low-orbit-networks,20220316T200000,"['Bruce Einhorn', 'Ragini Saxena', 'and Thomas Seal']","Elon Musk's Starlink has provided crucial satellite broadband service to Ukraine, particularly as Russian forces target infrastructure. This assistance highlights the growing importance of low-Earth-orbit (LEO) satellites, championed by companies like SpaceX and Amazon, in a new space race for global internet connectivity. These LEO satellites offer a smaller, more affordable alternative to traditional geostationary satellites for delivering internet access.",https://assets.bwbx.io/images/users/iqjWHBFdfxIU/ihdw0dq9F7.8/v1/-1x-1.webp,Bloomberg.com,General,Bloomberg.com,"[{'topic': 'technology', 'relevance_score': '0.845875'}]",0.312175,Somewhat-Bullish,"[{'ticker': 'VSAT', 'relevance_score': '0.332634', 'ticker_sentiment_score': '0.014158', 'ticker_sentiment_label': 'Neutral'}, {'ticker': 'TSLA', 'relevance_score': '0.871540', 'ticker_sentiment_score': '0.736676', 'ticker_sentiment_label': 'Bullish'}, {'ticker': 'AMZN', 'relevance_score': '0.684745', 'ticker_sentiment_score': '0.342793', 'ticker_sentiment_label': 'Somewhat-Bullish'}, {'ticker': 'GOOGL', 'relevance_score': '0.599642', 'ticker_sentiment_score': '0.141522', 'ticker_sentiment_label': 'Neutral'}]"
Amazon closes $8.5bn deal to buy MGM movie studio,https://www.aljazeera.com/economy/2022/3/17/amazon-closes-8-5bn-deal-to-buy-mgm-movie-studio,20220317T132112,['David McLaughlin and Matt Day and Bloomberg'],"Amazon has completed its $8.5 billion acquisition of Metro-Goldwyn-Mayer (MGM) after regulators did not challenge the deal, making it Amazon's largest acquisition since Whole Foods in 2017. MGM's extensive catalog, including the James Bond franchise and 25,000 hours of content, will bolster Amazon's Prime Video and IMDb TV streaming offerings. Despite concerns from some antitrust critics, experts believe a legal challenge against the deal would likely fail as it doesn't significantly alter market competition.",https://www.aljazeera.com/wp-content/uploads/2022/03/MGM.jpg?resize=770%2C513&quality=80,Al Jazeera,General,Al Jazeera,"[{'topic': 'mergers_and_acquisitions', 'relevance_score': '1.000000'}, {'topic': 'technology', 'relevance_score': '0.803431'}, {'topic': 'retail_wholesale', 'relevance_score': '0.744899'}]",0.297438,Somewhat-Bullish,"[{'ticker': 'AMZN', 'relevance_score': '1.000000', 'ticker_sentiment_score': '0.267688', 'ticker_sentiment_label': 'Somewhat-Bullish'}]"
Why banks and NATO are worrying about a future ‘Quantum attack’,https://indianexpress.com/article/technology/science/why-banks-nato-worrying-about-future-quantum-attack-7824031/,20220317T134307,['Parmy Olson'],"The article discusses the growing concern among banks and organizations like NATO about the potential for ""quantum attacks"" as quantum computing technology advances. Andersen Cheng, CEO of Post Quantum, warns that powerful quantum computers capable of cracking current encryption methods may be closer than initially thought, posing a significant threat to critical communications, financial data, and cryptocurrencies. The piece highlights how various nations are investing heavily in quantum technology and the commercial sector is beginning to prepare for this shift.",https://images.indianexpress.com/2022/03/Quantum-computing.jpg?w=1600,The Indian Express,General,The Indian Express,"[{'topic': 'technology', 'relevance_score': '1.000000'}, {'topic': 'finance', 'relevance_score': '0.806947'}, {'topic': 'blockchain', 'relevance_score': '0.705407'}]",0.020925,Neutral,"[{'ticker': 'IBM', 'relevance_score': '0.926347', 'ticker_sentiment_score': '0.207077', 'ticker_sentiment_label': 'Somewhat-Bullish'}, {'ticker': 'GOOGL', 'relevance_score': '0.742943', 'ticker_sentiment_score': '0.102047', 'ticker_sentiment_label': 'Neutral'}, {'ticker': 'HON', 'relevance_score': '0.586383', 'ticker_sentiment_score': '0.143856', 'ticker_sentiment_label': 'Neutral'}, {'ticker': 'AMZN', 'relevance_score': '0.578674', 'ticker_sentiment_score': '-0.244724', 'ticker_sentiment_label': 'Somewhat-Bearish'}, {'ticker': 'META', 'relevance_score': '0.561585', 'ticker_sentiment_score': '-0.248740', 'ticker_sentiment_label': 'Somewhat-Bearish'}]"
"After nearly 2 decades of decline, what’s next for office supplies stores?",https://www.retaildive.com/news/after-nearly-2-decades-of-decline-whats-next-for-office-supplies-stores/620354/,20220317T135445,['Ben Unglesbee'],"The office supplies store sector has been in consistent decline for nearly two decades, largely due to competition from e-commerce and generalist retailers, and the digitization of work. Despite a boom in home office setups during the pandemic, specialized retailers like Staples and Office Depot have not seen a proportional increase in sales, as consumers increasingly turn to online channels and mass merchants. The future of the sector might involve further consolidation, with Staples' recurring bids for ODP (Office Depot's parent company) potentially leading to a single dominant player in a shrinking market.",https://imgproxy.divecdn.com/zlmxIOYvbcTNN7Ye-oZ1jAM_yCZJqgkwa84MPQApTNI/g:ce/rs:fill:1200:675:1/Z3M6Ly9kaXZlc2l0ZS1zdG9yYWdlL2RpdmVpbWFnZS9HZXR0eUltYWdlcy0yMjE2MzI0NzgzLmpwZw==.webp,Retail Dive,General,Retail Dive,"[{'topic': 'retail_wholesale', 'relevance_score': '0.908748'}, {'topic': 'mergers_and_acquisitions', 'relevance_score': '0.813641'}, {'topic': 'economy_macro', 'relevance_score': '0.629520'}]",-0.145508,Neutral,"[{'ticker': 'ODP', 'relevance_score': '1.000000', 'ticker_sentiment_score': '-0.245344', 'ticker_sentiment_label': 'Somewhat-Bearish'}, {'ticker': 'AMZN', 'relevance_score': '0.721861', 'ticker_sentiment_score': '-0.117714', 'ticker_sentiment_label': 'Neutral'}, {'ticker': 'WMT', 'relevance_score': '0.639458', 'ticker_sentiment_score': '-0.115943', 'ticker_sentiment_label': 'Neutral'}, {'ticker': 'TGT', 'relevance_score': '0.618545', 'ticker_sentiment_score': '-0.100532', 'ticker_sentiment_label': 'Neutral'}, {'ticker': 'BBY', 'relevance_score': '0.637746', 'ticker_sentiment_score': '-0.102592', 'ticker_sentiment_label': 'Neutral'}]"
"Berkshire Hathaway shares topped $500,000 each—here's why Warren Buffett says he'll never split the stock",https://www.cnbc.com/2022/03/17/why-warren-buffett-says-berkshire-hathaway-will-never-split-its-stock.html,20220317T144100,['Nicolas Vega'],"Class A shares of Warren Buffett's Berkshire Hathaway recently closed above $500,000 each for the first time, making it the sixth most valuable company in the U.S. Despite calls for a stock split to lower share prices, Buffett has consistently refused, arguing that the high price attracts sophisticated, long-term investors. He believes a split would lead to a less aligned shareholder base and offers no intrinsic value if not tied to company growth.",https://image.cnbcfm.com/api/v1/image/107031751-Alexandra_Lab_Coat.jpg?v=1647469196&w=750&h=422&vtcrop=y,CNBC,General,CNBC,"[{'topic': 'financial_markets', 'relevance_score': '1.000000'}]",0.171906,Somewhat-Bullish,"[{'ticker': 'BRK-B', 'relevance_score': '0.301130', 'ticker_sentiment_score': '0.016951', 'ticker_sentiment_label': 'Neutral'}, {'ticker': 'AMZN', 'relevance_score': '0.645163', 'ticker_sentiment_score': '0.240789', 'ticker_sentiment_label': 'Somewhat-Bullish'}, {'ticker': 'GOOGL', 'relevance_score': '0.637771', 'ticker_sentiment_score': '0.239129', 'ticker_sentiment_label': 'Somewhat-Bullish'}, {'ticker': 'AAPL', 'relevance_score': '0.628804', 'ticker_sentiment_score': '0.240772', 'ticker_sentiment_label': 'Somewhat-Bullish'}, {'ticker': 'TSLA', 'relevance_score': '0.601306', 'ticker_sentiment_score': '0.233740', 'ticker_sentiment_label': 'Somewhat-Bullish'}]"
Starbucks plans to phase out its single-use coffee cups,https://www.bizjournals.com/seattle/news/2022/03/17/starbucks-wants-to-phase-out-its-single-use-cups.html,20220317T182657,['Joey Thompson'],Starbucks is aiming to phase out its single-use coffee cups as part of a larger goal to cut its overall waste in half by 2030. The company is exploring cup-sharing programs as a primary method to achieve this environmental objective.,,The Business Journals,General,The Business Journals,"[{'topic': 'retail_wholesale', 'relevance_score': '0.849677'}]",0.163271,Somewhat-Bullish,"[{'ticker': 'SBUX', 'relevance_score': '1.000000', 'ticker_sentiment_score': '0.243814', 'ticker_sentiment_label': 'Somewhat-Bullish'}, {'ticker': 'TGT', 'relevance_score': '0.647379', 'ticker_sentiment_score': '0.148392', 'ticker_sentiment_label': 'Neutral'}, {'ticker': 'AMZN', 'relevance_score': '0.600749', 'ticker_sentiment_score': '0.138714', 'ticker_sentiment_label': 'Neutral'}]"
"Target embraces solar panels, with California store its first 'net zero' building",https://www.startribune.com/target-embraces-solar-panels-with-california-store-its-first-net-zero-building/600156844,20220317T185700,['Nicole Norfleet'],"Target Corp. has announced its first ""net zero"" store in Vista, California, designed to produce more energy than it consumes. The refurbished store features thousands of solar panels and a carbon dioxide refrigeration system, serving as a model for future sustainability efforts. This initiative is part of Target's broader goal to achieve net zero greenhouse gas emissions by 2040 and source all its electricity from renewable sources by 2030.",,Star Tribune,General,Star Tribune,"[{'topic': 'retail_wholesale', 'relevance_score': '0.940488'}]",0.336141,Somewhat-Bullish,"[{'ticker': 'TGT', 'relevance_score': '0.967687', 'ticker_sentiment_score': '0.496331', 'ticker_sentiment_label': 'Bullish'}, {'ticker': 'WBA', 'relevance_score': '0.615382', 'ticker_sentiment_score': '0.272956', 'ticker_sentiment_label': 'Somewhat-Bullish'}, {'ticker': 'AMZN', 'relevance_score': '0.641624', 'ticker_sentiment_score': '0.304690', 'ticker_sentiment_label': 'Somewhat-Bullish'}, {'ticker': 'AWK', 'relevance_score': '0.580754', 'ticker_sentiment_score': '0.215942', 'ticker_sentiment_label': 'Somewhat-Bullish'}]"
The Impact of Design on the Employee Experience,https://blog.workday.com/en-us/the-impact-of-design-on-the-employee-experience.html,20220317T191611,"['Jeff Gelfuso', 'Workday Staff Writers']","Workday's Chief Design Officer, Jeff Gelfuso, emphasizes the importance of delivering seamless and engaging end-to-end experiences for employees within enterprise software, mirroring consumer software expectations. He discusses how Workday is achieving this through simplification, personalization, connectedness, and data-driven insights. The article highlights key design principles and Workday's initiatives like Engage, Everywhere, and Empower to improve the employee experience.",,Workday Blog,General,Workday Blog,"[{'topic': 'technology', 'relevance_score': '0.904741'}]",0.327023,Somewhat-Bullish,"[{'ticker': 'WDAY', 'relevance_score': '1.000000', 'ticker_sentiment_score': '0.454526', 'ticker_sentiment_label': 'Bullish'}, {'ticker': 'MSFT', 'relevance_score': '0.629503', 'ticker_sentiment_score': '0.317384', 'ticker_sentiment_label': 'Somewhat-Bullish'}, {'ticker': 'AMZN', 'relevance_score': '0.594803', 'ticker_sentiment_score': '0.290685', 'ticker_sentiment_label': 'Somewhat-Bullish'}, {'ticker': 'META', 'relevance_score': '0.598692', 'ticker_sentiment_score': '0.285708', 'ticker_sentiment_label': 'Somewhat-Bullish'}]"
Amazon.com closes deal to buy MGM movie studio,https://www.reuters.com/business/amazoncom-closes-deal-buy-mgm-blog-2022-03-17/,20220317T192700,['Reuters'],"Amazon.com Inc has finalized its $8.5 billion acquisition of MGM, integrating the renowned movie studio known for ""Rocky"" and James Bond into its ecosystem. This move aims to enhance Amazon's Prime streaming service by adding over 4,000 film titles and numerous television shows to better compete with rivals like Netflix and Disney+. The deal closed after clearing regulatory hurdles in both the U.S. and Europe, with Amazon welcoming all MGM employees and leadership.",https://www.reuters.com/resizer/v2/JUVRGBFUABOBPLPX6VKRQDG4AA.jpg?auth=15acd6b6d720fec3a802d59e3a66e5a3d0df5e5772aaf871af90d68267fe7261&width=1920&quality=80,Reuters,General,Reuters,"[{'topic': 'mergers_and_acquisitions', 'relevance_score': '1.000000'}, {'topic': 'retail_wholesale', 'relevance_score': '0.846609'}, {'topic': 'technology', 'relevance_score': '0.746649'}]",0.239833,Somewhat-Bullish,"[{'ticker': 'AMZN', 'relevance_score': '1.000000', 'ticker_sentiment_score': '0.410847', 'ticker_sentiment_label': 'Bullish'}, {'ticker': 'DIS', 'relevance_score': '0.729363', 'ticker_sentiment_score': '0.129096', 'ticker_sentiment_label': 'Neutral'}, {'ticker': 'NFLX', 'relevance_score': '0.649659', 'ticker_sentiment_score': '0.117849', 'ticker_sentiment_label': 'Neutral'}]"
Jury: Employer’s DEI training didn’t conflict with worker’s religious beliefs,https://www.hrdive.com/news/jury-employers-dei-training-didnt-conflict-with-workers-religious-belie/620675/,20220320T133144,['Kate Tornone'],"A federal jury ruled that a born-again Christian employee's religious beliefs did not conflict with his employer's mandatory Diversity, Equity, and Inclusion (DEI) training. The employee, who was later fired, had refused to complete a course question about identifying harassment of a transgender co-worker, claiming a conflict with his beliefs. The jury found that while he had sincerely held beliefs, they did not conflict with the company's employment requirement, highlighting the employer's appropriate response of focusing on workplace behavior rather than personal beliefs.",https://imgproxy.divecdn.com/9OmYJeCeP-CLG8F5nEOm0M9hZqzHHGTGQFKepVKHSGQ/g:ce/rs:fill:1200:675:1/Z3M6Ly9kaXZlc2l0ZS1zdG9yYWdlL2RpdmVpbWFnZS9HZXR0eUltYWdlcy0xMTU1NDg4MDQ3X2NyZWRpdC1SYXdmOF9Db2xsZWN0aW9uLUdldHR5X0ltYWdlc19QbHVzLmpwZw==.webp,HR Dive,General,HR Dive,"[{'topic': 'finance', 'relevance_score': '0.834392'}, {'topic': 'economy_fiscal', 'relevance_score': '0.605969'}]",-0.065153,Neutral,"[{'ticker': 'DLX', 'relevance_score': '1.000000', 'ticker_sentiment_score': '0.142150', 'ticker_sentiment_label': 'Neutral'}, {'ticker': 'AXON', 'relevance_score': '0.625659', 'ticker_sentiment_score': '0.117582', 'ticker_sentiment_label': 'Neutral'}, {'ticker': 'AMZN', 'relevance_score': '0.644651', 'ticker_sentiment_score': '-0.122274', 'ticker_sentiment_label': 'Neutral'}, {'ticker': 'GOOGL', 'relevance_score': '0.603516', 'ticker_sentiment_score': '-0.129836', 'ticker_sentiment_label': 'Neutral'}, {'ticker': 'KO', 'relevance_score': '0.605342', 'ticker_sentiment_score': '-0.102809', 'ticker_sentiment_label': 'Neutral'}]"
Amazon to open new Prince George’s delivery station — built for it from the ground up,https://www.bizjournals.com/washington/news/2022/03/21/amazon-new-station-prince-georges.html,20220321T132112,['Hannah Denham'],"Amazon plans to open a new 130,000-square-foot delivery station in Prince George's County, Maryland, in 2023. This facility will be the e-commerce giant's first delivery station in Greater Washington to be built for it from the ground up. The development signals Amazon's continued expansion of its logistics network in the region.",https://media.bizj.us/view/img/11895416/screen-shot-2020-10-29-at-23921-pm*900xx1287-724-0-120.png,The Business Journals,General,The Business Journals,"[{'topic': 'retail_wholesale', 'relevance_score': '0.919288'}, {'topic': 'real_estate', 'relevance_score': '0.804354'}, {'topic': 'energy_transportation', 'relevance_score': '0.648069'}]",0.300987,Somewhat-Bullish,"[{'ticker': 'AMZN', 'relevance_score': '1.000000', 'ticker_sentiment_score': '0.318757', 'ticker_sentiment_label': 'Somewhat-Bullish'}]"
Kroger: Redefining grocery customers experience,https://technologymagazine.com/company-reports/kroger-redefining-grocery-customers-experience,20220321T134659,['Jessica Gibson'],"Kroger is continuously innovating to enhance the grocery customer experience, from its founding as the nation's first supermarket to its current efforts led by Kroger Labs. The company focuses on rapid, incremental innovations based on customer feedback, leveraging collaborations with partners like Instacart, Bed Bath & Beyond, and Deloitte. Through technology, university partnerships, and a commitment to diverse thinking, Kroger aims to create seamless in-store and digital shopping experiences, driven by high-impact R&D and a culture that empowers associates.",https://assets.bizclikmedia.net/286/50219137b3750c1e00519a83621f2f1e:80e68aeed3bcbf68aa772aec88ea4c95/cov-2255074091-kroger-apr2022v2.jpg,Technology Magazine,General,Technology Magazine,"[{'topic': 'retail_wholesale', 'relevance_score': '1.000000'}, {'topic': 'technology', 'relevance_score': '0.920589'}]",0.304819,Somewhat-Bullish,"[{'ticker': 'KR', 'relevance_score': '1.000000', 'ticker_sentiment_score': '0.492198', 'ticker_sentiment_label': 'Bullish'}, {'ticker': 'AMZN', 'relevance_score': '0.680878', 'ticker_sentiment_score': '0.128050', 'ticker_sentiment_label': 'Neutral'}]"
Is Sonos looking to jump into the streaming video market?,https://www.techhive.com/article/625042/is-sonos-looking-to-jump-into-the-streaming-video-market.html,20220321T140300,['Ben Patterson'],"Sonos, known for its connected audio devices, might be expanding into the streaming video market based on recent job postings. These postings refer to a ""Next Generation Home Theater OS"" and seek candidates with experience in streaming media, suggesting the company could be developing a video streaming device or a soundbar with integrated smart-TV app capabilities. This move would mark a significant step beyond its current audio-focused product line.",https://www.techhive.com/wp-content/uploads/2023/04/Sonos-1.jpeg?quality=50&strip=all&w=1024,TechHive,General,TechHive,"[{'topic': 'technology', 'relevance_score': '0.943300'}]",0.114609,Neutral,"[{'ticker': 'SONO', 'relevance_score': '1.000000', 'ticker_sentiment_score': '0.111195', 'ticker_sentiment_label': 'Neutral'}, {'ticker': 'BBY', 'relevance_score': '0.647140', 'ticker_sentiment_score': '0.139053', 'ticker_sentiment_label': 'Neutral'}, {'ticker': 'AMZN', 'relevance_score': '0.613996', 'ticker_sentiment_score': '0.114262', 'ticker_sentiment_label': 'Neutral'}]"
The BlackBerry veteran who took on Google and won,https://www.theglobeandmail.com/business/rob-magazine/article-the-blackberry-veteran-who-took-on-google-and-won/,20220321T140443,"['Josh O’Kane', 'Sean Silcoff']","Patrick Spence, CEO of Sonos, a veteran of BlackBerry (formerly Research In Motion), successfully led Sonos in a patent infringement lawsuit against Google. The U.S. International Trade Commission ruled in favor of Sonos, affirming that Google infringed on five of Sonos's patents related to smart speaker technology. This victory demonstrates that smaller companies can win intellectual property disputes against large tech giants, emboldening Sonos and potentially setting the stage for future actions against other major players like Amazon.",https://www.theglobeandmail.com/resizer/v2/VBOPUNQSM5HDXNHWLNUCVN3VTA.jpg?auth=70563d4784c387cb7bdeb5f0e4fb05f725d467f50bc6a1960c874c622c6dc272&width=600&quality=80,The Globe and Mail,General,The Globe and Mail,"[{'topic': 'technology', 'relevance_score': '1.000000'}]",0.052421,Neutral,"[{'ticker': 'SONO', 'relevance_score': '1.000000', 'ticker_sentiment_score': '0.517254', 'ticker_sentiment_label': 'Bullish'}, {'ticker': 'GOOGL', 'relevance_score': '0.882671', 'ticker_sentiment_score': '-0.312377', 'ticker_sentiment_label': 'Somewhat-Bearish'}, {'ticker': 'GOOG', 'relevance_score': '0.871112', 'ticker_sentiment_score': '-0.306406', 'ticker_sentiment_label': 'Somewhat-Bearish'}, {'ticker': 'AMZN', 'relevance_score': '0.601744', 'ticker_sentiment_score': '0.229709', 'ticker_sentiment_label': 'Somewhat-Bullish'}, {'ticker': 'AAPL', 'relevance_score': '0.574207', 'ticker_sentiment_score': '0.149188', 'ticker_sentiment_label': 'Neutral'}]"
Amazon union backers see bright future for organizing despite tough odds,https://www.reuters.com/business/retail-consumer/amazon-union-backers-see-bright-future-organizing-despite-tough-odds-2022-03-21/,20220321T183700,['Julia Love and Jeffrey Dastin'],"Amazon workers in Bessemer, Alabama, are in the midst of a new unionization vote, buoyed by a resurgent labor movement despite facing long odds. The previous union election was overturned due to Amazon's interference, and despite a two-to-one margin of victory for Amazon last time, organizers are hopeful a strong showing will encourage further union efforts across Amazon and other companies like Starbucks. Concerns over productivity targets and working conditions, coupled with increased public and governmental approval for unions, are fueling this renewed push for organized labor.",https://www.reuters.com/resizer/v2/KM3WTFUZ2RNFVDVIQ3QMOGREJY.jpg?auth=67ad4c0c63a635d54d1b1742f6d5e0b874b961068711cf48e6f8fa96e24fd50e&width=1080&quality=80,Reuters,General,Reuters,"[{'topic': 'retail_wholesale', 'relevance_score': '0.901824'}, {'topic': 'economy_macro', 'relevance_score': '0.700649'}, {'topic': 'finance', 'relevance_score': '0.645830'}]",-0.203485,Somewhat-Bearish,"[{'ticker': 'AMZN', 'relevance_score': '1.000000', 'ticker_sentiment_score': '-0.239149', 'ticker_sentiment_label': 'Somewhat-Bearish'}]"
Sources: Amazon snaps up more industrial space in Gaston County,https://www.bizjournals.com/charlotte/news/2022/03/22/amazon-gaston-county-gateway-85-lease.html,20220322T132112,['Collin Huguley'],"Amazon has reportedly leased a 286,275-square-foot facility at the Gateway85 industrial park in Gaston County, further expanding its regional industrial footprint. While the park's leasing agent confirmed the lease, the tenant's identity was not disclosed. This move highlights Amazon's rapid growth in the Charlotte industrial market.",https://media.bizj.us/view/img/11335057/amazon-fulfillment-kannapolis-mk040*900xx3964-2230-0-207.jpg,The Business Journals,General,The Business Journals,"[{'topic': 'real_estate', 'relevance_score': '0.910221'}, {'topic': 'retail_wholesale', 'relevance_score': '0.738308'}, {'topic': 'economy_macro', 'relevance_score': '0.611198'}]",0.327745,Somewhat-Bullish,"[{'ticker': 'AMZN', 'relevance_score': '0.931964', 'ticker_sentiment_score': '0.325089', 'ticker_sentiment_label': 'Somewhat-Bullish'}]"
"This World Water Day, We Celebrate a Milestone for Enriching Communities Along Our Supply Chains","https://www.gapinc.com/en-us/articles/2022/03/this-world-water-day,-we-celebrate-a-milestone-for",20220322T133854,['Judy Adler'],"Gap Inc. is celebrating a significant milestone on World Water Day, having empowered 1.5 million people in India to improve their access to water and sanitation through the USAID Gap Inc. Women + Water Alliance. This initiative is part of Gap Inc.'s broader commitment to water stewardship and aims to reach 2 million people by 2023, while also supporting women's empowerment in water-stressed communities where cotton, a high-water-use crop, is grown for their supply chain. The program involves various partners like CARE, WaterAid, Water.org, and ISC, working on different aspects from women's self-efficacy to sustainable farming practices.",,Gap Inc.,General,Gap Inc.,"[{'topic': 'retail_wholesale', 'relevance_score': '0.807589'}]",0.254352,Somewhat-Bullish,"[{'ticker': 'GAP', 'relevance_score': '0.309071', 'ticker_sentiment_score': '0.036717', 'ticker_sentiment_label': 'Neutral'}, {'ticker': 'AMZN', 'relevance_score': '0.621234', 'ticker_sentiment_score': '0.333732', 'ticker_sentiment_label': 'Somewhat-Bullish'}, {'ticker': 'SBUX', 'relevance_score': '0.605931', 'ticker_sentiment_score': '0.334180', 'ticker_sentiment_label': 'Somewhat-Bullish'}, {'ticker': 'ECL', 'relevance_score': '0.612946', 'ticker_sentiment_score': '0.335260', 'ticker_sentiment_label': 'Somewhat-Bullish'}, {'ticker': 'WMT', 'relevance_score': '0.586860', 'ticker_sentiment_score': '0.342277', 'ticker_sentiment_label': 'Somewhat-Bullish'}]"
"MyTheresa Quietly Launched on JD.com, Readies for Marathon in China",https://wwd.com/business-news/retail/mytheresa-launched-jd-readies-marathon-china-1235140132/,20220322T134519,['Tianwei Zhang'],"Luxury e-commerce site MyTheresa has quietly launched on JD.com in China, listing over 2,200 items from 49 brands as part of a cautious ""marathon, not a sprint"" entry into the challenging market. The company aims to test the waters with this soft launch before making any official announcements, as evidenced by only one sale so far, while also leveraging China's increased brand interest in JD.com following Alibaba's antitrust scrutiny. MyTheresa is distinguishing itself by offering European dispatch and a 30-day free return policy, with pricing on JD.com reportedly slightly lower than local Chinese rates due to included duties and import fees.",https://wwd.com/wp-content/uploads/2022/03/截屏2022-03-2222.45.14.png?crop=0px%2C0px%2C2500px%2C1399px&resize=1000%2C563,WWD,General,WWD,"[{'topic': 'retail_wholesale', 'relevance_score': '0.924997'}, {'topic': 'technology', 'relevance_score': '0.801842'}]",0.119895,Neutral,"[{'ticker': 'JD', 'relevance_score': '1.000000', 'ticker_sentiment_score': '0.140369', 'ticker_sentiment_label': 'Neutral'}, {'ticker': 'AMZN', 'relevance_score': '0.627270', 'ticker_sentiment_score': '0.108523', 'ticker_sentiment_label': 'Neutral'}]"
"Nvidia debuts next-generation H100 GPUs, its most powerful chips yet",https://siliconangle.com/2022/03/22/nvidia-debuts-next-generation-h100-gpus-powerful-chips-yet/,20220322T135336,['Mike Wheatley'],"Nvidia has unveiled its next-generation H100 GPUs, built on the new Hopper architecture, which promise an order of magnitude performance improvement over previous models. These chips feature 80 billion transistors, a Transformer Engine for accelerating AI language models, and HBM3 memory. The H100 GPUs are designed for advanced AI workloads, including real-time inference, and will be available to customers and cloud providers in the third quarter.",https://d15shllkswkct0.cloudfront.net/wp-content/blogs.dir/1/files/2022/03/Hopper-Arch-H100-SXM-Image.jpg,SiliconANGLE,General,SiliconANGLE,"[{'topic': 'technology', 'relevance_score': '0.906323'}]",0.580862,Bullish,"[{'ticker': 'NVDA', 'relevance_score': '1.000000', 'ticker_sentiment_score': '0.818579', 'ticker_sentiment_label': 'Bullish'}, {'ticker': 'DELL', 'relevance_score': '0.640112', 'ticker_sentiment_score': '0.503606', 'ticker_sentiment_label': 'Bullish'}, {'ticker': 'HPE', 'relevance_score': '0.635209', 'ticker_sentiment_score': '0.500151', 'ticker_sentiment_label': 'Bullish'}, {'ticker': 'CSCO', 'relevance_score': '0.642470', 'ticker_sentiment_score': '0.529472', 'ticker_sentiment_label': 'Bullish'}, {'ticker': 'AMZN', 'relevance_score': '0.607131', 'ticker_sentiment_score': '0.516776', 'ticker_sentiment_label': 'Bullish'}]"
NVIDIA Announces Availability of Jetson AGX Orin Developer Kit to Advance Robotics and Edge AI,https://nvidianews.nvidia.com/news/nvidia-announces-availability-of-jetson-agx-orin-developer-kit-to-advance-robotics-and-edge-ai,20220322T135336,[],"NVIDIA has announced the availability of its Jetson AGX Orin developer kit, a powerful AI supercomputer designed for advanced robotics, autonomous machines, and edge computing. This new kit offers over eight times the processing power of its predecessor, the Jetson AGX Xavier, while maintaining a compact form factor. NVIDIA expects the Jetson AGX Orin to accelerate the development of next-generation robotics and edge AI products across various industries, supported by a broad ecosystem of partners and customers.",https://s3.amazonaws.com/cms.ipressroom.com/219/files/20222/6238e094b3aed329606715d9_nvidia-jetson-agx-orin/nvidia-jetson-agx-orin_mid.jpg,NVIDIA Newsroom,General,NVIDIA Newsroom,"[{'topic': 'technology', 'relevance_score': '0.933502'}, {'topic': 'manufacturing', 'relevance_score': '0.710028'}, {'topic': 'life_sciences', 'relevance_score': '0.625659'}, {'topic': 'retail_wholesale', 'relevance_score': '0.619298'}]",0.490675,Bullish,"[{'ticker': 'NVDA', 'relevance_score': '1.000000', 'ticker_sentiment_score': '0.868667', 'ticker_sentiment_label': 'Bullish'}, {'ticker': 'MSFT', 'relevance_score': '0.734665', 'ticker_sentiment_score': '0.419288', 'ticker_sentiment_label': 'Bullish'}, {'ticker': 'DE', 'relevance_score': '0.697981', 'ticker_sentiment_score': '0.416023', 'ticker_sentiment_label': 'Bullish'}, {'ticker': 'MDT', 'relevance_score': '0.622346', 'ticker_sentiment_score': '0.364742', 'ticker_sentiment_label': 'Bullish'}, {'ticker': 'AMZN', 'relevance_score': '0.558742', 'ticker_sentiment_score': '0.273001', 'ticker_sentiment_label': 'Somewhat-Bullish'}]"
StarTree brings Apache Pinot real-time database to the cloud,https://www.techtarget.com/searchdatamanagement/news/252514980/StarTree-brings-Apache-Pinot-real-time-database-to-the-cloud,20220322T140833,['Sean Michael Kerner'],"StarTree has launched its cloud service for the Apache Pinot real-time OLAP database, making it easier for organizations to deploy and manage this technology. This service, initially offered with a ""bring your own cloud"" (BYOC) model, allows users to run Pinot in their private cloud while StarTree handles management. Apache Pinot, originally from LinkedIn, is designed for rapid querying of large datasets for analytics and operational dashboards, and StarTree's offering aims to simplify data ingestion and observability.",https://www.techtarget.com/rms/onlineimages/cloud_g1251263502_searchsitetablet_520X173.jpg,TechTarget,General,TechTarget,"[{'topic': 'technology', 'relevance_score': '0.923585'}]",0.106182,Neutral,"[{'ticker': 'TTGT', 'relevance_score': '0.803073', 'ticker_sentiment_score': '0.114886', 'ticker_sentiment_label': 'Neutral'}, {'ticker': 'MSFT', 'relevance_score': '0.648699', 'ticker_sentiment_score': '0.133967', 'ticker_sentiment_label': 'Neutral'}, {'ticker': 'AMZN', 'relevance_score': '0.623532', 'ticker_sentiment_score': '0.132271', 'ticker_sentiment_label': 'Neutral'}]"
"After nearly a decade in the red, Destination XL posts record profit and sales",https://www.retaildive.com/news/after-nearly-a-decade-in-the-red-destination-xl-posts-record-profit-and-sa/620777/,20220322T163210,['Ben Unglesbee'],"Destination XL reported record sales and profits for fiscal 2021, achieving its first positive annual profit since 2012 with net income of $56.7 million and sales exceeding half a billion dollars for the first time. The company also eliminated its long-term debt and revolver, a significant turnaround after nearly a decade of losses and pandemic-induced challenges. This success is attributed to cost-cutting, lease negotiations, and a ""transformative digital strategy"" focused on consumer research and fit expertise.",,Retail Dive,General,Retail Dive,"[{'topic': 'earnings', 'relevance_score': '0.928291'}, {'topic': 'retail_wholesale', 'relevance_score': '0.837497'}]",0.411654,Bullish,"[{'ticker': 'DXLG', 'relevance_score': '1.000000', 'ticker_sentiment_score': '0.875260', 'ticker_sentiment_label': 'Bullish'}, {'ticker': 'AMZN', 'relevance_score': '0.610731', 'ticker_sentiment_score': '-0.144000', 'ticker_sentiment_label': 'Neutral'}]"
Booz Allen makes investment in Wisconsin AI company,https://www.bizjournals.com/washington/news/2022/03/23/booz-allen-hamilton-synthetaic-investment.html,20220323T133204,['Drew Hansen'],"Booz Allen Hamilton has invested in Synthetaic, a Wisconsin-based artificial intelligence company. This move by the McLean IT consulting giant could signal a future acquisition target, according to the article. The investment was reported by the Washington Business Journal.",https://media.bizj.us/view/img/741811/booz-allen-hamilton-1*900xx4608-2592-0-240.jpg,The Business Journals,General,The Business Journals,"[{'topic': 'mergers_and_acquisitions', 'relevance_score': '0.928499'}, {'topic': 'technology', 'relevance_score': '0.824015'}]",-0.317309,Somewhat-Bearish,"[{'ticker': 'DRS', 'relevance_score': '0.740526', 'ticker_sentiment_score': '-0.337933', 'ticker_sentiment_label': 'Somewhat-Bearish'}, {'ticker': 'AMZN', 'relevance_score': '0.633155', 'ticker_sentiment_score': '-0.329671', 'ticker_sentiment_label': 'Somewhat-Bearish'}]"
Nvidia CEO says interested in exploring chip manufacturing with Intel,https://www.reuters.com/business/nvidia-ceo-says-interested-exploring-chip-manufacturing-with-intel-2022-03-23/,20220323T134416,"['Jane Lee', 'David Shepardson and Chavi Mehta']","Nvidia CEO Jensen Huang expressed interest in exploring Intel's chip manufacturing services. Intel, which aims to expand its foundry business, confirmed ongoing discussions with Nvidia. This potential collaboration could be significant for Intel's efforts to attract external chip design companies to its factories.",https://www.reuters.com/resizer/v2/GJSI6L52XJLFJDFZNSI4UYR3QY.jpg?auth=4579a860aefd7f38faebe303b690cd3939225b1e4529c097c4f33d0a0f0391af&width=1920&quality=80,Reuters,General,Reuters,"[{'topic': 'technology', 'relevance_score': '0.907096'}, {'topic': 'manufacturing', 'relevance_score': '0.838995'}]",0.301614,Somewhat-Bullish,"[{'ticker': 'INTC', 'relevance_score': '1.000000', 'ticker_sentiment_score': '0.427536', 'ticker_sentiment_label': 'Bullish'}, {'ticker': 'NVDA', 'relevance_score': '0.926864', 'ticker_sentiment_score': '0.302642', 'ticker_sentiment_label': 'Somewhat-Bullish'}, {'ticker': 'QCOM', 'relevance_score': '0.632386', 'ticker_sentiment_score': '0.244507', 'ticker_sentiment_label': 'Somewhat-Bullish'}, {'ticker': 'AMZN', 'relevance_score': '0.608193', 'ticker_sentiment_score': '0.215746', 'ticker_sentiment_label': 'Somewhat-Bullish'}]"
Amazon continues to expand presence here,https://www.spokanejournal.com/articles/665-amazon-continues-to-expand-presence-here,20220324T132112,['Mike McLean'],"Amazon is significantly expanding its presence in the Spokane area with two major construction projects valued at $56 million. These include a large sorting facility on the West Plains and a last-mile delivery facility in Airway Heights. The new facilities will add hundreds of jobs and are part of Amazon's ongoing development in the region, following the opening of an Air Cargo facility and a fulfillment center last year.",https://www.spokanejournal.com/ext/resources/news/4fc8ca6dc094419c655f93ff74470dc7.webp?t=1696615560&width=791,Spokane Journal of Business,General,Spokane Journal of Business,"[{'topic': 'retail_wholesale', 'relevance_score': '0.918752'}, {'topic': 'real_estate', 'relevance_score': '0.831931'}, {'topic': 'economy_macro', 'relevance_score': '0.619766'}]",0.40297,Bullish,"[{'ticker': 'AMZN', 'relevance_score': '1.000000', 'ticker_sentiment_score': '0.417803', 'ticker_sentiment_label': 'Bullish'}]"
Etsy Sellers Are Protesting New Fees On The Platform,https://www.buzzfeednews.com/article/carolineodonovan/etsy-boycott-strike-fees,20220324T133500,"[""Caroline O'Donovan""]","Thousands of Etsy sellers and customers are protesting a new 30% increase in transaction fees, calling it ""pandemic profiteering"" and planning a strike and customer boycott. Sellers argue that Etsy's new policies prioritize short-term revenue over the interests of its creators and that previous fee hikes did not lead to promised improvements. This latest increase is seen by many long-time sellers as the ""final straw,"" prompting calls for stronger collective action and even helping sellers transition off the platform.",https://img.buzzfeed.com/buzzfeed-static/static/2022-03/24/0/asset/5e11af5d2d31/sub-buzz-931-1648082745-9.png,BuzzFeed News,General,BuzzFeed News,"[{'topic': 'retail_wholesale', 'relevance_score': '0.924067'}, {'topic': 'technology', 'relevance_score': '0.808230'}]",-0.250331,Somewhat-Bearish,"[{'ticker': 'ETSY', 'relevance_score': '1.000000', 'ticker_sentiment_score': '-0.628065', 'ticker_sentiment_label': 'Bearish'}, {'ticker': 'AMZN', 'relevance_score': '0.606788', 'ticker_sentiment_score': '0.107752', 'ticker_sentiment_label': 'Neutral'}]"
Netflix buys another video game studio as it builds out its gaming business. (Published 2022),https://www.nytimes.com/2022/03/24/business/netflix-game-studio.html,20220324T135231,['Kellen Browning'],"Netflix announced it acquired Boss Fight Entertainment, a mobile game developer, marking its third studio purchase as it expands into the video game market. This move is part of Netflix's strategy to differentiate itself by leveraging popular shows for game development and eventually creating original games, aiming for a careful expansion after seeing other tech companies struggle in the gaming industry.",https://static01.nyt.com/images/2020/08/19/reader-center/author-kellen-browning/author-kellen-browning-thumbLarge-v3.png,The New York Times,General,The New York Times,"[{'topic': 'mergers_and_acquisitions', 'relevance_score': '0.916460'}, {'topic': 'technology', 'relevance_score': '0.835273'}]",0.178491,Somewhat-Bullish,"[{'ticker': 'NFLX', 'relevance_score': '1.000000', 'ticker_sentiment_score': '0.288547', 'ticker_sentiment_label': 'Somewhat-Bullish'}, {'ticker': 'MSFT', 'relevance_score': '0.616371', 'ticker_sentiment_score': '0.126772', 'ticker_sentiment_label': 'Neutral'}, {'ticker': 'AMZN', 'relevance_score': '0.645159', 'ticker_sentiment_score': '0.107375', 'ticker_sentiment_label': 'Neutral'}, {'ticker': 'GOOGL', 'relevance_score': '0.620725', 'ticker_sentiment_score': '0.113793', 'ticker_sentiment_label': 'Neutral'}]"
Instacart’s new tech platform lets retailers sell ads on their sites,https://www.marketingdive.com/news/instacarts-new-tech-platform-lets-retailers-sell-ads-on-their-sites/620952/,20220324T162147,['Sara Karlovitch'],"Instacart has launched Instacart Platform, a new suite of digital services for grocers and retailers that includes fulfillment, insights, and advertising options through Carrot Ads. This platform allows retailers to leverage Instacart's ad tech and data insights to monetize their e-commerce properties, with a revenue-sharing model. The move aims to strengthen relationships with retailers and integrate Instacart further into their operations, particularly for mid-sized and smaller grocery retailers.",,Marketing Dive,General,Marketing Dive,"[{'topic': 'retail_wholesale', 'relevance_score': '0.908720'}, {'topic': 'technology', 'relevance_score': '0.837519'}, {'topic': 'ipo', 'relevance_score': '0.706629'}, {'topic': 'finance', 'relevance_score': '0.601650'}]",0.240335,Somewhat-Bullish,"[{'ticker': 'CART', 'relevance_score': '0.970348', 'ticker_sentiment_score': '0.412629', 'ticker_sentiment_label': 'Bullish'}, {'ticker': 'AMZN', 'relevance_score': '0.718116', 'ticker_sentiment_score': '0.116939', 'ticker_sentiment_label': 'Neutral'}, {'ticker': 'WMT', 'relevance_score': '0.668973', 'ticker_sentiment_score': '0.100861', 'ticker_sentiment_label': 'Neutral'}]"
Amazon Stock Rally Erases Losses for the Year,https://www.ttnews.com/articles/amazon-stock-rally-erases-losses-year,20220328T121600,['Ryan Vlastelica'],"Amazon.com Inc. shares rallied, becoming the first megacap tech stock to recover its losses for the year,",https://www.ttnews.com/sites/default/files/styles/article_full_width_image/public/images/articles/amazon-losses-erased-650.jpg,Transport Topics,General,Transport Topics,"[{'topic': 'financial_markets', 'relevance_score': '0.910631'}, {'topic': 'technology', 'relevance_score': '0.808190'}, {'topic': 'earnings', 'relevance_score': '0.707920'}, {'topic': 'retail_wholesale', 'relevance_score': '0.621103'}, {'topic': 'economy_macro', 'relevance_score': '0.603126'}]",0.143589,Neutral,"[{'ticker': 'AMZN', 'relevance_score': '1.000000', 'ticker_sentiment_score': '0.420583', 'ticker_sentiment_label': 'Bullish'}, {'ticker': 'AAPL', 'relevance_score': '0.745402', 'ticker_sentiment_score': '0.282975', 'ticker_sentiment_label': 'Somewhat-Bullish'}, {'ticker': 'GOOGL', 'relevance_score': '0.732791', 'ticker_sentiment_score': '0.285649', 'ticker_sentiment_label': 'Somewhat-Bullish'}, {'ticker': 'MSFT', 'relevance_score': '0.629165', 'ticker_sentiment_score': '0.136722', 'ticker_sentiment_label': 'Neutral'}, {'ticker': 'META', 'relevance_score': '0.717988', 'ticker_sentiment_score': '-0.421266', 'ticker_sentiment_label': 'Bearish'}]"
FedEx Corp. founder Fred Smith will step down as CEO in June,https://www.wbrc.com/2022/03/28/fedex-corp-founder-fred-smith-will-step-down-ceo-june/,20220328T171600,['The Associated Press'],"Fred Smith, founder of FedEx Corp., announced he will step down as CEO on June 1, transitioning to executive chairman. Raj Subramaniam, current president and chief operating officer, will succeed him as CEO and president. Smith founded FedEx in 1973 and oversaw its growth into a global package-delivery giant, while Subramaniam has been with the company since 1991.",,WBRC 6 News,General,WBRC 6 News,"[{'topic': 'earnings', 'relevance_score': '0.817836'}, {'topic': 'economy_macro', 'relevance_score': '0.620866'}, {'topic': 'energy_transportation', 'relevance_score': '0.946617'}, {'topic': 'retail_wholesale', 'relevance_score': '0.742952'}]",0.101369,Neutral,"[{'ticker': 'FDX', 'relevance_score': '1.000000', 'ticker_sentiment_score': '0.226608', 'ticker_sentiment_label': 'Somewhat-Bullish'}, {'ticker': 'UPS', 'relevance_score': '0.613262', 'ticker_sentiment_score': '0.100287', 'ticker_sentiment_label': 'Neutral'}, {'ticker': 'AMZN', 'relevance_score': '0.611652', 'ticker_sentiment_score': '-0.113082', 'ticker_sentiment_label': 'Neutral'}]"
Sea e-commerce unit Shopee to shut India operations,https://www.reuters.com/business/retail-consumer/exclusive-seas-e-commerce-arm-shopee-shut-down-india-operations-statement-2022-03-28/,20220328T172000,['Fanny Potkin and Aditya Kalra'],"Sea Ltd's e-commerce unit, Shopee, is withdrawing from India's retail market just months after launching operations, effective March 29. This follows its exit from France and India's ban on Sea's gaming app ""Free Fire."" The company cited ""global market uncertainties"" and a weak growth outlook, with revenue growth for its e-commerce business expected to halve in 2022.",https://www.reuters.com/resizer/v2/X6OKVRIBE5M2ZDIP5FFZO4EYDY.jpg?auth=15c3e3b2e29de4b45d971fe020d52a68bbf2b94d4a4ab97f3828f8c6653e0afa&width=1080&quality=80,Reuters,General,Reuters,"[{'topic': 'retail_wholesale', 'relevance_score': '1.000000'}, {'topic': 'technology', 'relevance_score': '0.924788'}]",-0.27207,Somewhat-Bearish,"[{'ticker': 'SE', 'relevance_score': '1.000000', 'ticker_sentiment_score': '-0.442607', 'ticker_sentiment_label': 'Bearish'}, {'ticker': 'AMZN', 'relevance_score': '0.649624', 'ticker_sentiment_score': '-0.110852', 'ticker_sentiment_label': 'Neutral'}]"
CEO interview: Silicon Labs’ Matt Johnson on balancing breadth and focus,https://www.eenewseurope.com/en/ceo-interview-silicon-labs-matt-johnson-on-balancing-breadth-and-focus/,20220328T183638,['Peter Clarke'],"Matt Johnson, CEO of Silicon Labs, discusses the company's strategic shift to focus entirely on the IoT market after divesting its infrastructure and automotive businesses. He highlights the importance of offering complete, application- and software-led solutions for diverse wireless technologies in IoT, emphasizing security and continuous integration for cost, performance, and power reduction. Johnson also touches on the company's approach to manufacturing and capital deployment, including M&A and share repurchases.",,eeNews Europe,General,eeNews Europe,"[{'topic': 'mergers_and_acquisitions', 'relevance_score': '0.804762'}, {'topic': 'technology', 'relevance_score': '1.000000'}]",0.328215,Somewhat-Bullish,"[{'ticker': 'SLAB', 'relevance_score': '1.000000', 'ticker_sentiment_score': '0.423143', 'ticker_sentiment_label': 'Bullish'}, {'ticker': 'SWKS', 'relevance_score': '0.884327', 'ticker_sentiment_score': '0.280793', 'ticker_sentiment_label': 'Somewhat-Bullish'}, {'ticker': 'AMZN', 'relevance_score': '0.617439', 'ticker_sentiment_score': '0.323823', 'ticker_sentiment_label': 'Somewhat-Bullish'}, {'ticker': 'GOOGL', 'relevance_score': '0.555670', 'ticker_sentiment_score': '0.325836', 'ticker_sentiment_label': 'Somewhat-Bullish'}]"
AWS for Games,https://www.epam.com/about/newsroom/in-the-news/2022/aws-for-games-helping-developers-create-new-gaming-experiences-with-purpose-built-services-solutions-and-partners,20220329T133422,['Amazon Game Tech Team'],"Amazon Web Services (AWS) has launched ""AWS for Games,"" a new initiative designed to help game developers create and manage gaming experiences by providing purpose-built services, solutions, and partners. This program aligns AWS capabilities across six key areas: Cloud Game Development, Game Servers, Game Security, Live Operations, Game Analytics, and Game AI & ML. The goal is to simplify cloud adoption for game companies, reduce development resources, and accelerate time to market.",https://www.epam.com/content/dam/epam/news_events/events/2026/gdc_festival_of_gaming_2026_1200.jpg.transform/crop_1094_630/image.jpg,EPAM,General,EPAM,"[{'topic': 'technology', 'relevance_score': '1.000000'}]",0.40498,Bullish,"[{'ticker': 'EPAM', 'relevance_score': '1.000000', 'ticker_sentiment_score': '0.459827', 'ticker_sentiment_label': 'Bullish'}, {'ticker': 'AMZN', 'relevance_score': '0.843149', 'ticker_sentiment_score': '0.336094', 'ticker_sentiment_label': 'Somewhat-Bullish'}]"
"Consumers Will Increase Gift Card Purchases in 2022, a Fiserv Study Says",https://www.digitaltransactions.net/consumers-will-increase-gift-card-purchases-in-2022-a-fiserv-study-says/,20220329T164151,['Peter Lucas'],"A Fiserv Inc. study indicates that consumers will increase gift card purchases in 2022, primarily due to inflation, supply-chain shortages, and their perception of gift cards as an appropriate alternative to tangible gifts. The study highlights interest in both physical and digital gift cards, with birthdays being the most popular occasion for giving, and Visa Inc. and American Express Co. cards being the most popular brands. Promotions are also expected to drive gift card sales.",,Digital Transactions,General,Digital Transactions,"[{'topic': 'retail_wholesale', 'relevance_score': '0.841163'}, {'topic': 'economy_macro', 'relevance_score': '0.614216'}]",0.42519,Bullish,"[{'ticker': 'FI', 'relevance_score': '1.000000', 'ticker_sentiment_score': '0.387703', 'ticker_sentiment_label': 'Bullish'}, {'ticker': 'V', 'relevance_score': '0.639747', 'ticker_sentiment_score': '0.420355', 'ticker_sentiment_label': 'Bullish'}, {'ticker': 'AXP', 'relevance_score': '0.626957', 'ticker_sentiment_score': '0.422015', 'ticker_sentiment_label': 'Bullish'}, {'ticker': 'AMZN', 'relevance_score': '0.555572', 'ticker_sentiment_score': '0.408950', 'ticker_sentiment_label': 'Bullish'}, {'ticker': 'EBAY', 'relevance_score': '0.594882', 'ticker_sentiment_score': '0.409596', 'ticker_sentiment_label': 'Bullish'}]"
Global Paper and Paperboard Packaging Market is estimated,https://www.globenewswire.com/news-release/2022/03/30/2412992/0/en/Global-Paper-and-Paperboard-Packaging-Market-is-estimated-to-be-US-298-3-billion-by-2030-with-a-CAGR-of-3-3-during-the-forecast-period-By-PMI.html,20220330T095200,[],"The Global Paper and Paperboard Packaging Market is projected to reach US$ 298.3 billion by 2030, growing at a CAGR of 3.3% from its 2020 valuation of US$ 215.34 billion. This growth is driven by the increasing demand for eco-friendly packaging solutions and the rise of online shopping. Key market players include DS Smith Plc., Amcor Ltd., and International Paper Company.",,GlobeNewswire,General,GlobeNewswire,"[{'topic': 'manufacturing', 'relevance_score': '0.917246'}, {'topic': 'retail_wholesale', 'relevance_score': '0.836015'}, {'topic': 'finance', 'relevance_score': '0.733848'}, {'topic': 'economy_macro', 'relevance_score': '0.614680'}]",0.306229,Somewhat-Bullish,"[{'ticker': 'IP', 'relevance_score': '0.941911', 'ticker_sentiment_score': '0.332048', 'ticker_sentiment_label': 'Somewhat-Bullish'}, {'ticker': 'AMZN', 'relevance_score': '0.646435', 'ticker_sentiment_score': '0.204106', 'ticker_sentiment_label': 'Somewhat-Bullish'}, {'ticker': 'PKG', 'relevance_score': '0.725275', 'ticker_sentiment_score': '0.305436', 'ticker_sentiment_label': 'Somewhat-Bullish'}, {'ticker': 'AMCR', 'relevance_score': '0.722436', 'ticker_sentiment_score': '0.335948', 'ticker_sentiment_label': 'Somewhat-Bullish'}, {'ticker': 'AVB', 'relevance_score': '0.648184', 'ticker_sentiment_score': '0.317306', 'ticker_sentiment_label': 'Somewhat-Bullish'}]"
Doolies' kid snacks help little tummies move,https://www.generalmills.com/news/stories/doolies-kid-snacks-help-little-tummies-move,20220330T133942,['Chelcy Walker'],"Doolies, a new snack brand from General Mills' corporate venture studio G-Works, offers fruit-forward snacks designed to help alleviate occasional constipation in children. Co-founded by parents, the products combine fiber (psyllium husk) and fruits like prunes and pears, aiming for both efficacy and kid appeal with formats such as Fruit Filled Bars and Cashew Fruit & Nut Bites. The brand addresses a common issue, with 30% of U.S. children experiencing occasional constipation, and focuses on creating intuitive, tasty solutions for digestive health.","https://brandsitesplatform-res.cloudinary.com/image/fetch/w_1984,c_scale,q_auto:eco,f_auto,fl_lossy,dpr_1.0,e_sharpen:85/https://assets.brandplatform.generalmills.com%2F-%2Fmedia%2Fproject%2Fgmi%2Fcorporate%2Fcorporate-master%2Fimages%2Fnews-stories%2F2022%2F3%2Fdoolies%2Fdoolies-featured.png%3Fw%3D568%26rev%3D74894d5fe5cc40dcbcbd9266c088931e",General Mills,General,General Mills,"[{'topic': 'retail_wholesale', 'relevance_score': '0.913147'}, {'topic': 'life_sciences', 'relevance_score': '0.801380'}]",0.267435,Somewhat-Bullish,"[{'ticker': 'GIS', 'relevance_score': '0.934333', 'ticker_sentiment_score': '0.419525', 'ticker_sentiment_label': 'Bullish'}, {'ticker': 'AMZN', 'relevance_score': '0.621318', 'ticker_sentiment_score': '0.130958', 'ticker_sentiment_label': 'Neutral'}]"
Palo Alto Networks teams with Amazon to bring next-gen firewall service to AWS,https://siliconangle.com/2022/03/30/palo-alto-networks-teams-amazon-bring-next-gen-firewall-service-aws/,20220330T135621,['Duncan Riley'],"Palo Alto Networks has partnered with Amazon Web Services (AWS) to launch Cloud NGFW for AWS, a next-generation firewall service designed to secure AWS deployments. This managed service shifts operational responsibility to Palo Alto Networks, offering advanced URL filtering, threat prevention, and App-ID for simplified deployment and enhanced security. It integrates with AWS Gateway Load Balancer for high availability and elastic scaling, and with AWS Firewall Manager for consistent policy management.",https://d15shllkswkct0.cloudfront.net/wp-content/blogs.dir/1/files/2022/02/paloaltonetworks.png,SiliconANGLE,General,SiliconANGLE,"[{'topic': 'technology', 'relevance_score': '0.921382'}]",0.406185,Bullish,"[{'ticker': 'PANW', 'relevance_score': '1.000000', 'ticker_sentiment_score': '0.468991', 'ticker_sentiment_label': 'Bullish'}, {'ticker': 'AMZN', 'relevance_score': '0.922692', 'ticker_sentiment_score': '0.302501', 'ticker_sentiment_label': 'Somewhat-Bullish'}]"
IonQ Named As One Of TIME’s 100 Most Influential Companies,https://investors.ionq.com/news/news-details/2022/IonQ-Named-As-One-Of-TIMEs-100-Most-Influential-Companies/default.aspx,20220330T171543,[],"IonQ (NYSE: IONQ), a leader in trapped-ion quantum computing, has been recognized on TIME’s annual TIME100 Most Influential Companies list for its leadership in commercializing quantum computing. The company was included in the ""New Frontiers"" category, acknowledging its extraordinary impact and recent achievements, including the introduction of IonQ Aria, the world's most powerful quantum computer. This recognition follows a year of significant business momentum and technical breakthroughs for IonQ.",,IonQ,General,IonQ,"[{'topic': 'technology', 'relevance_score': '1.000000'}, {'topic': 'earnings', 'relevance_score': '0.834238'}]",0.371993,Bullish,"[{'ticker': 'IONQ', 'relevance_score': '1.000000', 'ticker_sentiment_score': '0.884522', 'ticker_sentiment_label': 'Bullish'}, {'ticker': 'AMZN', 'relevance_score': '0.629901', 'ticker_sentiment_score': '0.203379', 'ticker_sentiment_label': 'Somewhat-Bullish'}, {'ticker': 'MSFT', 'relevance_score': '0.621544', 'ticker_sentiment_score': '0.202149', 'ticker_sentiment_label': 'Somewhat-Bullish'}, {'ticker': 'GOOGL', 'relevance_score': '0.636298', 'ticker_sentiment_score': '0.238595', 'ticker_sentiment_label': 'Somewhat-Bullish'}]"
McDonald’s Linked to Amazon Deforestation in New Report,https://pulitzercenter.org/stories/mcdonalds-linked-amazon-deforestation-new-report,20220330T173629,['Jessica Brice'],A new report by Repórter Brasil links McDonald’s to deforestation and labor abuses in Brazil's Amazon rainforest and Pantanal wetlands. The report alleges that beef from illegally cleared ranches was channeled through farms to hide its origin before reaching slaughterhouses that supply McDonald's. European unions are using this report to pressure McDonald's into disclosing detailed risks in its supply chain under a French vigilance law.,,Pulitzer Center,General,Pulitzer Center,"[{'topic': 'retail_wholesale', 'relevance_score': '0.806782'}]",-0.250466,Somewhat-Bearish,"[{'ticker': 'MCD', 'relevance_score': '1.000000', 'ticker_sentiment_score': '-0.403610', 'ticker_sentiment_label': 'Bearish'}, {'ticker': 'AMZN', 'relevance_score': '0.629190', 'ticker_sentiment_score': '-0.139768', 'ticker_sentiment_label': 'Neutral'}]"
Fruit + Fiber + probiotics: General Mills unveils Doolies snacks for kids,https://www.foodnavigator-usa.com/Article/2022/03/30/Fruit-Fiber-probiotics-General-Mills-unveils-Doolies-snacks-for-kids/,20220330T184800,['Elaine Watson'],"General Mills has launched Doolies, a new line of fruit and fiber-packed snacks formulated with probiotics for young children, aimed at addressing occasional constipation. Developed by General Mills’ G-Works venture studio, Doolies bars and bites contain psyllium husk fiber, inulin, and Kerry’s BC30 probiotic, designed to balance taste appeal and functional benefits for picky eaters. The products are launching on Amazon, with extensive testing conducted to ensure efficacy and palatability for kids.",https://www.foodnavigator-usa.com/var/wrbm_gb_food_pharma/news/img/3/771146/general_mills_doolies_400x225.jpg,FoodNavigator-USA.com,General,FoodNavigator-USA.com,"[{'topic': 'retail_wholesale', 'relevance_score': '0.811610'}]",0.23965,Somewhat-Bullish,"[{'ticker': 'GIS', 'relevance_score': '1.000000', 'ticker_sentiment_score': '0.327434', 'ticker_sentiment_label': 'Somewhat-Bullish'}, {'ticker': 'AMZN', 'relevance_score': '0.614945', 'ticker_sentiment_score': '0.121057', 'ticker_sentiment_label': 'Neutral'}]"
"TForce Logistics Expands in Greater Toronto Area, Opens Fourth Distribution Centre in Hamilton",https://www.dcvelocity.com/articles/54257-tforce-logistics-expands-in-greater-toronto-area-opens-fourth-distribution-centre-in-hamilton,20220330T185604,['DC Velocity Staff'],"TForce Logistics has expanded its presence in the Greater Toronto Area by opening its fourth distribution center in Hamilton, Ontario. This new 8,140 square foot facility aims to increase capacity for eCommerce volumes and meet the rising demand for expedited final-mile delivery services, providing next-day delivery along the Highway 401 corridor from Hamilton to Niagara Falls. The expansion supports both business-to-business and eCommerce consumer deliveries, enhancing TForce Logistics' integrated network in North America.",,DC Velocity,General,DC Velocity,"[{'topic': 'energy_transportation', 'relevance_score': '0.919214'}, {'topic': 'retail_wholesale', 'relevance_score': '0.832563'}, {'topic': 'manufacturing', 'relevance_score': '0.631324'}]",0.379836,Bullish,"[{'ticker': 'TFII', 'relevance_score': '1.000000', 'ticker_sentiment_score': '0.442847', 'ticker_sentiment_label': 'Bullish'}, {'ticker': 'AMZN', 'relevance_score': '0.618726', 'ticker_sentiment_score': '0.325903', 'ticker_sentiment_label': 'Somewhat-Bullish'}]"
Why you need a total experience strategy to drive CX and EX,https://www.techtarget.com/searchcustomerexperience/feature/Why-you-need-a-total-experience-strategy-to-unify-CX-and-EX,20220330T185720,['Beth Stackpole'],"This article discusses the growing importance of a ""total experience"" strategy, which integrates customer experience (CX), employee experience (EX), user experience (UX), and multiexperience (MX). Companies like Lumen Technologies and Fidelity Investments are adopting this approach to enhance both customer satisfaction and employee productivity, recognizing that these aspects are deeply intertwined. The strategy aims to create exponential business value by addressing experiences holistically rather than in silos, despite the current lack of a single, all-encompassing platform.",,TechTarget,General,TechTarget,"[{'topic': 'technology', 'relevance_score': '0.824634'}]",0.24197,Somewhat-Bullish,"[{'ticker': 'TTGT', 'relevance_score': '0.348262', 'ticker_sentiment_score': '0.028046', 'ticker_sentiment_label': 'Neutral'}, {'ticker': 'NOW', 'relevance_score': '0.649663', 'ticker_sentiment_score': '0.309452', 'ticker_sentiment_label': 'Somewhat-Bullish'}, {'ticker': 'IT', 'relevance_score': '0.632859', 'ticker_sentiment_score': '0.319474', 'ticker_sentiment_label': 'Somewhat-Bullish'}, {'ticker': 'DIS', 'relevance_score': '0.630704', 'ticker_sentiment_score': '0.304382', 'ticker_sentiment_label': 'Somewhat-Bullish'}, {'ticker': 'AMZN', 'relevance_score': '0.611949', 'ticker_sentiment_score': '0.321090', 'ticker_sentiment_label': 'Somewhat-Bullish'}]"
Amazon renews Prime credit card tie-up with JPMorgan Chase after flirting with American Express,https://www.cnbc.com/2022/03/31/amazon-prime-amazon-renews-prime-credit-card-pact-with-jpmorgan-after-flirting-with-american-express.html,20220331T132316,['Hugh Son'],"Amazon has renewed its agreement with JPMorgan Chase to issue its flagship Prime rewards credit card, following months of intense negotiations where other financial institutions like American Express and Synchrony also vied for the lucrative partnership. The deal maintains the card's rich 5% rewards rate for Amazon.com and Whole Foods purchases and highlights the significant value these co-brand credit card partnerships hold for issuing banks. This renewal continues a long-standing relationship between Amazon and JPMorgan, dating back to 2002.",,CNBC,General,CNBC,"[{'topic': 'finance', 'relevance_score': '0.912797'}, {'topic': 'retail_wholesale', 'relevance_score': '0.819276'}, {'topic': 'technology', 'relevance_score': '0.722587'}, {'topic': 'mergers_and_acquisitions', 'relevance_score': '0.608320'}]",0.07557,Neutral,"[{'ticker': 'AXP', 'relevance_score': '0.739943', 'ticker_sentiment_score': '-0.188878', 'ticker_sentiment_label': 'Somewhat-Bearish'}, {'ticker': 'JPM', 'relevance_score': '0.956075', 'ticker_sentiment_score': '0.277653', 'ticker_sentiment_label': 'Somewhat-Bullish'}, {'ticker': 'AMZN', 'relevance_score': '0.935125', 'ticker_sentiment_score': '0.236401', 'ticker_sentiment_label': 'Somewhat-Bullish'}, {'ticker': 'V', 'relevance_score': '0.631624', 'ticker_sentiment_score': '0.105227', 'ticker_sentiment_label': 'Neutral'}, {'ticker': 'MA', 'relevance_score': '0.592861', 'ticker_sentiment_score': '-0.099675', 'ticker_sentiment_label': 'Neutral'}]"
The Unintended Consequences of Taxing Unrealized Capital Gains,https://www.usfunds.com/resource/the-unintended-consequences-of-taxing-unrealized-capital-gains/,20220331T134036,['Frank Holmes'],"President Biden's proposed ""Billionaire Minimum Income Tax"" targets households worth over $100 million and would levy a 20% tax on both realized and unrealized capital gains. This article argues that taxing unrealized gains, such as the appreciation of a home not yet sold, could have significant negative consequences, including forcing billionaires like Elon Musk to sell large portions of their company stock, potentially impacting the broader market and 401(k)s. The author contends that the proposal is driven by envy and misunderstands the tax contributions already made by high-income earners.",https://www.usfunds.com/app/uploads/2022/03/consequences-of-taxing-capital-gains.png,USFunds,General,USFunds,"[{'topic': 'economy_fiscal', 'relevance_score': '0.934024'}]",-0.103391,Neutral,"[{'ticker': 'GROW', 'relevance_score': '0.337307', 'ticker_sentiment_score': '0.008760', 'ticker_sentiment_label': 'Neutral'}, {'ticker': 'TSLA', 'relevance_score': '0.954854', 'ticker_sentiment_score': '-0.330396', 'ticker_sentiment_label': 'Somewhat-Bearish'}, {'ticker': 'AMZN', 'relevance_score': '0.743589', 'ticker_sentiment_score': '0.040534', 'ticker_sentiment_label': 'Neutral'}, {'ticker': 'MSFT', 'relevance_score': '0.655740', 'ticker_sentiment_score': '0.014658', 'ticker_sentiment_label': 'Neutral'}]"
"Macy's building N.C. distribution center, 2,800 jobs to come",https://spectrumlocalnews.com/nc/charlotte/news/2022/03/31/macy-s-building-n-c--distribution-center--2-800-jobs-to-come,20220331T134847,['Associated Press'],"Macy's Inc. announced plans to build a $584 million distribution and online order fulfillment center in China Grove, North Carolina. This project is expected to create about 2,800 jobs, with the facility opening in 2024 and handling 30% of Macy's digital supply chain capacity. The company could receive up to $2.3 million in state grants and additional state and local incentives valued at $58 million.",https://s7d2.scene7.com/is/image/TWCNews/0109_ap_macys_generic,Spectrum News,General,Spectrum News,"[{'topic': 'retail_wholesale', 'relevance_score': '0.914281'}, {'topic': 'economy_macro', 'relevance_score': '0.849076'}, {'topic': 'manufacturing', 'relevance_score': '0.741397'}]",0.230047,Somewhat-Bullish,"[{'ticker': 'M', 'relevance_score': '1.000000', 'ticker_sentiment_score': '0.322365', 'ticker_sentiment_label': 'Somewhat-Bullish'}, {'ticker': 'UPS', 'relevance_score': '0.621779', 'ticker_sentiment_score': '0.243222', 'ticker_sentiment_label': 'Somewhat-Bullish'}, {'ticker': 'FDX', 'relevance_score': '0.620611', 'ticker_sentiment_score': '0.241678', 'ticker_sentiment_label': 'Somewhat-Bullish'}, {'ticker': 'AMZN', 'relevance_score': '0.609532', 'ticker_sentiment_score': '0.220016', 'ticker_sentiment_label': 'Somewhat-Bullish'}]"
GameStop Soars on Plans to Extend Rebound With Stock Split,https://www.bloomberg.com/news/articles/2022-03-31/gamestop-shares-surge-on-plans-for-stock-split,20220331T204400,['Molly Schuetz and Bailey Lipschultz'],"GameStop (GME) shares soared by as much as 22% in extended trading following the announcement of plans to propose a stock split to shareholders in the form of a dividend. The company intends to ask for approval to increase its Class A shares from 300 million to 1 billion at its upcoming annual meeting. This move led to a significant jump in the stock price, reaching $203.98 after closing at $166.58.",,Bloomberg.com,General,Bloomberg.com,"[{'topic': 'financial_markets', 'relevance_score': '0.946045'}, {'topic': 'retail_wholesale', 'relevance_score': '0.809248'}]",0.230472,Somewhat-Bullish,"[{'ticker': 'GME', 'relevance_score': '1.000000', 'ticker_sentiment_score': '0.549108', 'ticker_sentiment_label': 'Bullish'}, {'ticker': 'GOOGL', 'relevance_score': '0.637837', 'ticker_sentiment_score': '0.119986', 'ticker_sentiment_label': 'Neutral'}, {'ticker': 'AMZN', 'relevance_score': '0.643046', 'ticker_sentiment_score': '0.130763', 'ticker_sentiment_label': 'Neutral'}, {'ticker': 'TSLA', 'relevance_score': '0.649558', 'ticker_sentiment_score': '0.139065', 'ticker_sentiment_label': 'Neutral'}]"
