title,url,time_published,authors,summary,banner_image,source,category_within_source,source_domain,topics,overall_sentiment_score,overall_sentiment_label,ticker_sentiment
Best Buy $15 minimum wage kicks in for tens of thousands of hourly workers,https://www.foxbusiness.com/money/best-buy-15-dollar-minimum-wage-hourly-workers,20200802T110000,['Lucas Manfredi'],"Best Buy implemented a new $15 minimum wage for its hourly employees in the U.S. beginning August 2, 2020. This represents a 4% pay increase for many workers and follows a period of appreciation pay during the COVID-19 pandemic. The decision comes as Best Buy experienced significant growth in online sales and overall retail sales during the pandemic.",,Fox Business,General,Fox Business,"[{'topic': 'retail_wholesale', 'relevance_score': '0.934099'}, {'topic': 'economy_macro', 'relevance_score': '0.808142'}, {'topic': 'earnings', 'relevance_score': '0.737382'}]",0.1727,Somewhat-Bullish,"[{'ticker': 'BBY', 'relevance_score': '0.959873', 'ticker_sentiment_score': '0.256360', 'ticker_sentiment_label': 'Somewhat-Bullish'}, {'ticker': 'TGT', 'relevance_score': '0.721678', 'ticker_sentiment_score': '0.116021', 'ticker_sentiment_label': 'Neutral'}, {'ticker': 'WMT', 'relevance_score': '0.636507', 'ticker_sentiment_score': '0.145046', 'ticker_sentiment_label': 'Neutral'}, {'ticker': 'AMZN', 'relevance_score': '0.676037', 'ticker_sentiment_score': '0.249004', 'ticker_sentiment_label': 'Somewhat-Bullish'}]"
Goldman Sachs Buys Into E-Commerce Warehouse Play with Dalfen Industrial,https://realtynewsreport.com/goldman-sachs-buys-into-e-commerce-warehouse-play-with-dalfen-industrial/,20200803T061344,['Realty News Report'],"Goldman Sachs Group's merchant banking division has partnered with Dalfen Industrial of Dallas to invest in a $500 million portfolio of 46 last-mile distribution buildings, totaling 6.3 million square feet. These properties are strategically located in major population centers and key logistics corridors, catering to e-commerce tenants with high occupancy rates. The investment highlights the increasing importance of last-mile distribution centers, especially with the surge in e-commerce driven by COVID-19.",,Realty News Report,General,Realty News Report,"[{'topic': 'real_estate', 'relevance_score': '0.904842'}, {'topic': 'finance', 'relevance_score': '0.822048'}, {'topic': 'mergers_and_acquisitions', 'relevance_score': '0.701962'}, {'topic': 'economy_macro', 'relevance_score': '0.649686'}, {'topic': 'retail_wholesale', 'relevance_score': '0.610696'}]",0.189085,Somewhat-Bullish,"[{'ticker': 'CENT', 'relevance_score': '0.327206', 'ticker_sentiment_score': '0.037901', 'ticker_sentiment_label': 'Neutral'}, {'ticker': 'AMZN', 'relevance_score': '0.640061', 'ticker_sentiment_score': '0.336608', 'ticker_sentiment_label': 'Somewhat-Bullish'}]"
Better Buy: Cisco Systems vs. Oracle,https://www.nasdaq.com/articles/better-buy:-cisco-systems-vs.-oracle-2020-08-03,20200803T061614,['Robert Izquierdo'],"This article compares Cisco Systems (CSCO) and Oracle (ORCL), two tech giants that have had to adapt to the advent of cloud computing. It analyzes how each company is navigating the shift to cloud-based solutions and the impact of the coronavirus pandemic on their businesses. The author concludes that Cisco is the better investment due to its transformation to a SaaS model, strong position in networking, diversified products, and higher dividend yield.",https://g.foolcdn.com/image/?url=https%3A%2F%2Fg.foolcdn.com%2Feditorial%2Fimages%2F584677%2Fcloud-computing-getty-6217.jpg&w=700,Nasdaq,General,Nasdaq,"[{'topic': 'earnings', 'relevance_score': '0.918884'}, {'topic': 'financial_markets', 'relevance_score': '0.841366'}, {'topic': 'technology', 'relevance_score': '1.000000'}]",0.089628,Neutral,"[{'ticker': 'CSCO', 'relevance_score': '0.990215', 'ticker_sentiment_score': '0.299787', 'ticker_sentiment_label': 'Somewhat-Bullish'}, {'ticker': 'ORCL', 'relevance_score': '0.881825', 'ticker_sentiment_score': '0.093681', 'ticker_sentiment_label': 'Neutral'}, {'ticker': 'AMZN', 'relevance_score': '0.600688', 'ticker_sentiment_score': '0.031471', 'ticker_sentiment_label': 'Neutral'}, {'ticker': 'IBM', 'relevance_score': '0.559537', 'ticker_sentiment_score': '0.032344', 'ticker_sentiment_label': 'Neutral'}]"
Online payment platform partners with AWS for cloud transformation,https://chainstoreage.com/online-payment-platform-partners-aws-cloud-transformation,20200803T062722,['Dan Berthiaume'],"Global Payments Inc. is collaborating with Amazon Web Services (AWS) to transform its core issuing platform into a secure, cloud-based solution. This multi-year agreement will allow Global Payments to deliver online payment technologies globally, relying on AWS as its preferred cloud provider. The partnership aims to expand the customer base for issuer processing services and explore additional payment product collaborations.",https://assets1.chainstoreage.com/images/v/max_width_1440/2020-08/aws_logo_0.jpg,Chain Store Age,General,Chain Store Age,"[{'topic': 'finance', 'relevance_score': '0.942148'}, {'topic': 'technology', 'relevance_score': '0.847279'}]",0.70362,Bullish,"[{'ticker': 'GPN', 'relevance_score': '1.000000', 'ticker_sentiment_score': '0.823228', 'ticker_sentiment_label': 'Bullish'}, {'ticker': 'AMZN', 'relevance_score': '0.746790', 'ticker_sentiment_score': '0.649774', 'ticker_sentiment_label': 'Bullish'}]"
Google buys $450M stake in ADT to give Nest a new perch,https://www.foxbusiness.com/technology/google-adt-partnering-on-home-security-products,20200803T084400,['Associated Press'],"Google is investing $450 million for a nearly 7% stake in ADT Inc., aiming to expand the reach of its Nest cameras and voice assistant. As part of this partnership, ADT will integrate Nest's internet-connected cameras and Nest Home Hub into its security systems. This deal allows Google to further develop its home management product line and benefit from ADT's extensive customer base.",https://a57.foxnews.com/static.foxbusiness.com/foxbusiness.com/content/uploads/2020/08/931/523/Google-Nest-camera-Getty.jpg?ve=1&tl=1,Fox Business,General,Fox Business,"[{'topic': 'mergers_and_acquisitions', 'relevance_score': '0.944037'}, {'topic': 'technology', 'relevance_score': '0.810540'}, {'topic': 'financial_markets', 'relevance_score': '0.643729'}]",0.175466,Somewhat-Bullish,"[{'ticker': 'ADT', 'relevance_score': '1.000000', 'ticker_sentiment_score': '0.320342', 'ticker_sentiment_label': 'Somewhat-Bullish'}, {'ticker': 'GOOGL', 'relevance_score': '0.911705', 'ticker_sentiment_score': '0.208920', 'ticker_sentiment_label': 'Somewhat-Bullish'}, {'ticker': 'GOOG', 'relevance_score': '0.944255', 'ticker_sentiment_score': '0.209733', 'ticker_sentiment_label': 'Somewhat-Bullish'}, {'ticker': 'AMZN', 'relevance_score': '0.640539', 'ticker_sentiment_score': '0.142984', 'ticker_sentiment_label': 'Neutral'}, {'ticker': 'AAPL', 'relevance_score': '0.618932', 'ticker_sentiment_score': '0.057391', 'ticker_sentiment_label': 'Neutral'}]"
"Rainbow Rangers Toys From Mattel’s Fisher-Price Debuts at Walmart Stores Nationwide, Walmart.com and Amazon",https://finance.yahoo.com/news/rainbow-rangers-toys-mattel-fisher-131500057.html,20200803T131500,[],"Genius Brands International announced the debut of the first 'Rainbow Rangers' toys from Mattel's Fisher-Price, now available at Walmart stores, Walmart.com, and Amazon. The toys feature characters from the hit preschool series, with a comprehensive advertising campaign supporting the launch. Genius Brands is also offering limited-edition lithographs and Certificates of Authenticity to early buyers to celebrate the launch.",https://www.globenewswire.com/NewsRoom/AttachmentNg/37098260-f562-4538-9d5f-20b65287e152,Yahoo Finance,General,Yahoo Finance,"[{'topic': 'retail_wholesale', 'relevance_score': '0.922347'}, {'topic': 'finance', 'relevance_score': '0.720753'}]",0.324512,Somewhat-Bullish,"[{'ticker': 'MAT', 'relevance_score': '1.000000', 'ticker_sentiment_score': '0.330666', 'ticker_sentiment_label': 'Somewhat-Bullish'}, {'ticker': 'WMT', 'relevance_score': '0.941731', 'ticker_sentiment_score': '0.326725', 'ticker_sentiment_label': 'Somewhat-Bullish'}, {'ticker': 'AMZN', 'relevance_score': '0.706201', 'ticker_sentiment_score': '0.322201', 'ticker_sentiment_label': 'Somewhat-Bullish'}]"
'Vital' food brand hatches into Austin's newest publicly traded company,https://austin.culturemap.com/news/innovation/08-03-20-investors-flock-to-stock-of-austins-newest-publicly-traded-company/,20200803T134200,['John Egan'],"Vital Farms, an Austin-based company known for its pasture-raised eggs and butter, successfully completed its initial public offering (IPO), raising $204.6 million. The company's stock debuted on the Nasdaq Stock Market at $22 per share, solidifying its position as a publicly traded entity focused on ethically produced food. Founded in 2007, Vital Farms holds a significant share of the U.S. retail market for pasture-raised eggs and partners with approximately 200 family farms.",,CultureMap Austin,General,CultureMap Austin,"[{'topic': 'ipo', 'relevance_score': '1.000000'}, {'topic': 'retail_wholesale', 'relevance_score': '0.833462'}, {'topic': 'earnings', 'relevance_score': '0.706619'}, {'topic': 'finance', 'relevance_score': '0.602008'}]",0.26834,Somewhat-Bullish,"[{'ticker': 'VITL', 'relevance_score': '1.000000', 'ticker_sentiment_score': '0.414323', 'ticker_sentiment_label': 'Bullish'}, {'ticker': 'WMT', 'relevance_score': '0.613197', 'ticker_sentiment_score': '0.239471', 'ticker_sentiment_label': 'Somewhat-Bullish'}, {'ticker': 'TGT', 'relevance_score': '0.629346', 'ticker_sentiment_score': '0.239830', 'ticker_sentiment_label': 'Somewhat-Bullish'}, {'ticker': 'KR', 'relevance_score': '0.619043', 'ticker_sentiment_score': '0.227585', 'ticker_sentiment_label': 'Somewhat-Bullish'}, {'ticker': 'AMZN', 'relevance_score': '0.570833', 'ticker_sentiment_score': '0.232020', 'ticker_sentiment_label': 'Somewhat-Bullish'}]"
"As pandemic stretches on, retail bankruptcies approach highest number in a decade",https://www.cnbc.com/2020/08/03/with-pandemic-retail-bankruptcies-approach-highest-number-in-a-decade.html,20200803T145000,"['Melissa Repko', 'Lauren Thomas']","Retail bankruptcies in 2020 are on track to be the highest in a decade, with 43 filings so far this year, surpassing the total for the past eight years. Companies like Le Tote (owner of Lord & Taylor) and Tailored Brands (parent of Men's Wearhouse) are among the latest to file due to the pandemic compounding pre-existing financial challenges. The article details several major retail bankruptcies of 2020 and highlights that more filings are expected as the pandemic continues to impact consumer spending and store operations.",https://image.cnbcfm.com/api/v1/image/106472523-1585859874917img_0273r.jpg?v=1585861646&w=60&h=60&ffmt=webp,CNBC,General,CNBC,"[{'topic': 'retail_wholesale', 'relevance_score': '0.940240'}, {'topic': 'economy_macro', 'relevance_score': '0.844170'}, {'topic': 'finance', 'relevance_score': '0.732760'}]",0.104379,Neutral,"[{'ticker': 'SPGI', 'relevance_score': '0.907818', 'ticker_sentiment_score': '0.123535', 'ticker_sentiment_label': 'Neutral'}, {'ticker': 'SPG', 'relevance_score': '0.712484', 'ticker_sentiment_score': '0.131904', 'ticker_sentiment_label': 'Neutral'}, {'ticker': 'AMZN', 'relevance_score': '0.608130', 'ticker_sentiment_score': '0.106127', 'ticker_sentiment_label': 'Neutral'}]"
Tim Cook Says These 3 Words Guide Every Decision at Apple,https://www.inc.com/jason-aten/tim-cook-says-these-3-words-guide-every-decision-at-apple.html,20200803T213718,['JASON ATEN'],"Tim Cook stated that ""privacy, security, and quality"" guide every decision at Apple, especially in its app review process. The article argues that these three words differentiate Apple from its competitors, particularly concerning data privacy and product experience. It emphasizes that these principles provide clarity for Apple's decisions and are foundational to its operations, serving as a lesson for other leaders.",,Inc.com,General,Inc.com,"[{'topic': 'technology', 'relevance_score': '0.901848'}]",0.098168,Neutral,"[{'ticker': 'AAPL', 'relevance_score': '0.972507', 'ticker_sentiment_score': '0.342249', 'ticker_sentiment_label': 'Somewhat-Bullish'}, {'ticker': 'AMZN', 'relevance_score': '0.631223', 'ticker_sentiment_score': '0.020042', 'ticker_sentiment_label': 'Neutral'}, {'ticker': 'META', 'relevance_score': '0.617237', 'ticker_sentiment_score': '0.016293', 'ticker_sentiment_label': 'Neutral'}, {'ticker': 'GOOGL', 'relevance_score': '0.630169', 'ticker_sentiment_score': '0.022657', 'ticker_sentiment_label': 'Neutral'}, {'ticker': 'GOOG', 'relevance_score': '0.645568', 'ticker_sentiment_score': '0.042158', 'ticker_sentiment_label': 'Neutral'}]"
Ivanhoe Mines and Franco-Nevada Look Favorable Ahead of Earnings,https://www.usfunds.com/resource/ivanhoe-mines-and-franco-nevada-look-favorable-ahead-of-earnings/,20200803T222143,['Frank Holmes'],"Ahead of earnings season, Ivanhoe Mines and Franco-Nevada are showing favorable signals, despite overall S&P 500 profit declines and a historic U.S. GDP plunge in Q2 2020 due to COVID-19. Ivanhoe Mines has seen its shares explode over 142% since mid-March, benefiting from rising metal prices and its strategic location in the DRC, while Franco-Nevada, a gold royalty company, has delivered strong performance and reached number eight on the IBD 50 Stock List. The article highlights strong performances from certain tech and metal mining companies during this period, with gold also reaching near all-time highs.",,USFunds,General,USFunds,"[{'topic': 'earnings', 'relevance_score': '0.931275'}, {'topic': 'financial_markets', 'relevance_score': '0.825061'}, {'topic': 'economy_macro', 'relevance_score': '0.714857'}, {'topic': 'retail_wholesale', 'relevance_score': '0.623822'}]",0.394848,Bullish,"[{'ticker': 'FNV', 'relevance_score': '0.928577', 'ticker_sentiment_score': '0.484349', 'ticker_sentiment_label': 'Bullish'}, {'ticker': 'AMZN', 'relevance_score': '0.628709', 'ticker_sentiment_score': '0.344426', 'ticker_sentiment_label': 'Somewhat-Bullish'}]"
Global Payments Joins Forces with AWS to Deliver the Future of Payments,https://www.businesswire.com/news/home/20200803005187/en/Global-Payments-Joins-Forces-with-AWS-to-Deliver-the-Future-of-Payments,20200803T222641,[],"Global Payments Inc. and Amazon Web Services (AWS) have announced a multi-year collaboration to provide a cloud-based issuer processing platform to financial institutions worldwide. Global Payments will leverage AWS as its preferred cloud provider for issuer processing, utilizing AWS services for scalability, compliance, and enhanced customer experiences. This partnership aims to expand Global Payments' customer base, accelerate innovation in payments technology, and address new global markets.",,Business Wire,General,Business Wire,"[{'topic': 'technology', 'relevance_score': '1.000000'}, {'topic': 'finance', 'relevance_score': '0.909909'}]",0.495556,Bullish,"[{'ticker': 'GPN', 'relevance_score': '1.000000', 'ticker_sentiment_score': '0.520890', 'ticker_sentiment_label': 'Bullish'}, {'ticker': 'AMZN', 'relevance_score': '0.888290', 'ticker_sentiment_score': '0.454230', 'ticker_sentiment_label': 'Bullish'}]"
"Rodney McMullen, Chairman and CEO of The Kroger Company",https://www.goldmansachs.com/insights/talks-at-gs/rodney-mcmullen,20200803T224154,[],"Rodney McMullen, CEO of Kroger, discusses the company's response to the COVID-19 pandemic, including the significant acceleration of its online business and the challenges and adjustments made to the food supply chain. He highlights how the pandemic compressed years of digital growth into weeks and raised questions about optimal inventory levels.",,Goldman Sachs,General,Goldman Sachs,"[{'topic': 'retail_wholesale', 'relevance_score': '0.929896'}, {'topic': 'economy_macro', 'relevance_score': '0.845508'}, {'topic': 'technology', 'relevance_score': '0.646668'}, {'topic': 'finance', 'relevance_score': '0.632808'}]",0.385584,Bullish,"[{'ticker': 'KR', 'relevance_score': '1.000000', 'ticker_sentiment_score': '0.417053', 'ticker_sentiment_label': 'Bullish'}, {'ticker': 'AMZN', 'relevance_score': '0.624454', 'ticker_sentiment_score': '0.327610', 'ticker_sentiment_label': 'Somewhat-Bullish'}]"
How is Tractor Supply acing the pandemic?,https://retailwire.com/discussion/how-is-tractor-supply-acing-the-pandemic/,20200803T232700,['Steve Dennis'],"Tractor Supply Company reported strong second-quarter sales and plans to open new stores, attributing its success during the pandemic to long-term innovation, an understanding of physical stores as assets, and a customer-centric ""customer as the channel"" approach. The retailer emphasized key initiatives like an improved e-commerce platform, enhanced mobile shopping, and expanded delivery options, which allowed it to swiftly implement curbside pickup and ship-from-store services. Tractor Supply's success is presented as a case study for other retailers, highlighting the importance of customer segment clarity, integrated customer journeys beyond distinct channels, and a culture of agile experimentation.",https://d1zzm0q0p3sx6c.cloudfront.net/wp-content/uploads/2020/08/trac_sup_blog.jpg,RetailWire,General,RetailWire,"[{'topic': 'retail_wholesale', 'relevance_score': '0.936731'}]",0.394264,Bullish,"[{'ticker': 'TSCO', 'relevance_score': '1.000000', 'ticker_sentiment_score': '0.891601', 'ticker_sentiment_label': 'Bullish'}, {'ticker': 'COST', 'relevance_score': '0.612660', 'ticker_sentiment_score': '0.348241', 'ticker_sentiment_label': 'Somewhat-Bullish'}, {'ticker': 'ULTA', 'relevance_score': '0.590212', 'ticker_sentiment_score': '0.280909', 'ticker_sentiment_label': 'Somewhat-Bullish'}, {'ticker': 'AMZN', 'relevance_score': '0.636868', 'ticker_sentiment_score': '0.140744', 'ticker_sentiment_label': 'Neutral'}]"
Google to buy stake in ADT in home security push for $450 million,https://www.reuters.com/article/technology/google-to-buy-stake-in-adt-in-home-security-push-for-450-million-idUSKBN24Z1AH/,20200804T061500,['Subrat Patnaik'],"Alphabet Inc.'s Google is acquiring a 6.6% stake in ADT Inc. for $450 million to boost its home security presence and drive sales of its Nest devices. This investment gives ADT a high-profile technology partner and access to new resources, while Google gains access to ADT's 6.5 million customers. The companies plan to integrate Google products with ADT's services and co-invest an additional $150 million each in co-marketing, product development, technology, and employee training.",,Reuters,General,Reuters,"[{'topic': 'mergers_and_acquisitions', 'relevance_score': '1.000000'}, {'topic': 'technology', 'relevance_score': '0.924793'}]",0.347024,Somewhat-Bullish,"[{'ticker': 'ADT', 'relevance_score': '0.997105', 'ticker_sentiment_score': '0.728215', 'ticker_sentiment_label': 'Bullish'}, {'ticker': 'GOOGL', 'relevance_score': '0.883290', 'ticker_sentiment_score': '0.344999', 'ticker_sentiment_label': 'Somewhat-Bullish'}, {'ticker': 'GOOG', 'relevance_score': '0.878894', 'ticker_sentiment_score': '0.316499', 'ticker_sentiment_label': 'Somewhat-Bullish'}, {'ticker': 'AMZN', 'relevance_score': '0.606024', 'ticker_sentiment_score': '0.141729', 'ticker_sentiment_label': 'Neutral'}, {'ticker': 'APO', 'relevance_score': '0.572477', 'ticker_sentiment_score': '0.110017', 'ticker_sentiment_label': 'Neutral'}]"
Capital One: What’s in an Empty Wallet?,https://investorplace.com/2020/08/cof-stock-capital-one-whats-in-an-empty-wallet/,20200804T061517,['Dana Blankenhorn'],"Capital One (COF) stock has been significantly impacted by the pandemic, with shares collapsing and only partially recovering. The company reported a net loss of $918 million in Q2, cut its marketing budget, and reduced its dividend by 75%. This financial distress, coupled with a major data breach, reflects the broader challenges faced by banks deeply involved in the credit card business during economic downturns.",https://investorplace.com/wp-content/plugins/lazy-load/images/1x1.trans.gif,InvestorPlace,General,InvestorPlace,"[{'topic': 'finance', 'relevance_score': '0.922667'}, {'topic': 'earnings', 'relevance_score': '0.828834'}, {'topic': 'economy_macro', 'relevance_score': '0.703331'}]",-0.293687,Somewhat-Bearish,"[{'ticker': 'COF', 'relevance_score': '0.992363', 'ticker_sentiment_score': '-0.360923', 'ticker_sentiment_label': 'Bearish'}, {'ticker': 'JPM', 'relevance_score': '0.688843', 'ticker_sentiment_score': '-0.322137', 'ticker_sentiment_label': 'Somewhat-Bearish'}, {'ticker': 'C', 'relevance_score': '0.647807', 'ticker_sentiment_score': '-0.330332', 'ticker_sentiment_label': 'Somewhat-Bearish'}, {'ticker': 'AMZN', 'relevance_score': '0.567223', 'ticker_sentiment_score': '-0.123519', 'ticker_sentiment_label': 'Neutral'}]"
Digital Realty submits plans for large Dulles data center campus,https://www.datacenterdynamics.com/en/news/digital-realty-submits-plans-large-dulles-data-center-campus/,20200804T061821,['Tanwen Dawn-Hiscox'],"Digital Realty has submitted plans for a large data center campus called 'Digital Dulles' in the Dulles International Airport area of Loudoun County, Virginia. The project encompasses several data centers and substations on a 433-acre property acquired in 2018. Construction is contingent on approval from the Army Corps of Engineers and public comments are being sought.",https://media.datacenterdynamics.com/media/images/Digital-Realty-Space-Park.width-358.jpg,Data Center Dynamics,General,Data Center Dynamics,"[{'topic': 'real_estate', 'relevance_score': '0.936126'}, {'topic': 'technology', 'relevance_score': '0.833504'}]",0.166872,Somewhat-Bullish,"[{'ticker': 'DLR-P-J', 'relevance_score': '0.338238', 'ticker_sentiment_score': '0.014885', 'ticker_sentiment_label': 'Neutral'}, {'ticker': 'DLR', 'relevance_score': '0.948839', 'ticker_sentiment_score': '0.335481', 'ticker_sentiment_label': 'Somewhat-Bullish'}, {'ticker': 'AMZN', 'relevance_score': '0.639428', 'ticker_sentiment_score': '0.137204', 'ticker_sentiment_label': 'Neutral'}]"
Introducing Cloudflare Network Interconnect,https://blog.cloudflare.com/cloudflare-network-interconnect/,20200804T064115,['David Tuber'],"Cloudflare announced Cloudflare Network Interconnect (CNI), allowing customers to directly link their branch and HQ locations with Cloudflare's network. This service offers enhanced security, reliability, and performance by bypassing the public internet for connectivity to Cloudflare's full suite of network functions. CNI supports various Cloudflare products like Access, CDN, Magic Transit, and Workers, providing a scalable and flexible solution for secure and optimized network integration globally.",https://cf-assets.www.cloudflare.com/zkvhlag99gkb/5hO1rghTVWwUugLTKUs3nO/83c46999409bf411eac0330ea2874ebe/cloudflare-network-interconnect.png,The Cloudflare Blog,General,The Cloudflare Blog,"[{'topic': 'technology', 'relevance_score': '1.000000'}]",0.362202,Bullish,"[{'ticker': 'NET', 'relevance_score': '1.000000', 'ticker_sentiment_score': '0.869079', 'ticker_sentiment_label': 'Bullish'}, {'ticker': 'EQIX', 'relevance_score': '0.686261', 'ticker_sentiment_score': '0.302860', 'ticker_sentiment_label': 'Somewhat-Bullish'}, {'ticker': 'MSFT', 'relevance_score': '0.558798', 'ticker_sentiment_score': '0.140894', 'ticker_sentiment_label': 'Neutral'}, {'ticker': 'AMZN', 'relevance_score': '0.567355', 'ticker_sentiment_score': '0.128050', 'ticker_sentiment_label': 'Neutral'}]"
Edgewell to Acquire Mass Grooming Brand Cremo,https://wwd.com/beauty-industry-news/beauty-features/feature/edgewell-acquire-grooming-brand-cremo-1203693056/,20200804T085800,['Allison Collins'],"Edgewell Personal Care Co. has announced its acquisition of men's grooming company Cremo for $235 million. This deal aims to bolster Edgewell's men's grooming portfolio, which already includes brands like Jack Black and Bulldog, and capitalize on the fast-growing segments within the market. The acquisition follows Edgewell's previously failed attempt to acquire Harry's and comes as Edgewell reports a 20.6 percent year-over-year decrease in fiscal third-quarter net sales.",,WWD,General,WWD,"[{'topic': 'mergers_and_acquisitions', 'relevance_score': '1.000000'}, {'topic': 'retail_wholesale', 'relevance_score': '0.835960'}, {'topic': 'earnings', 'relevance_score': '0.704267'}]",0.107681,Neutral,"[{'ticker': 'EPC', 'relevance_score': '0.306884', 'ticker_sentiment_score': '0.032264', 'ticker_sentiment_label': 'Neutral'}, {'ticker': 'WMT', 'relevance_score': '0.635746', 'ticker_sentiment_score': '0.114056', 'ticker_sentiment_label': 'Neutral'}, {'ticker': 'TGT', 'relevance_score': '0.638337', 'ticker_sentiment_score': '0.124433', 'ticker_sentiment_label': 'Neutral'}, {'ticker': 'AMZN', 'relevance_score': '0.610091', 'ticker_sentiment_score': '0.101068', 'ticker_sentiment_label': 'Neutral'}]"
Ford Motor Company gets new CEO on October 1st,https://www.michiganpublic.org/auto/2020-08-04/ford-motor-company-gets-new-ceo-on-october-1st,20200804T135900,['Tracy Samilton'],"Jim Hackett is retiring as CEO of Ford Motor Company after three years, with current Chief Operating Officer Jim Farley taking over on October 1st, 2020. Farley aims for a 10% operating margin and acknowledges new competitors like Amazon, Baidu, Tesla, and Apple. He also faces the challenge of reviving Ford's declining car sales in China and navigating the company through the ongoing coronavirus pandemic.",,Michigan Public,General,Michigan Public,"[{'topic': 'energy_transportation', 'relevance_score': '0.934230'}, {'topic': 'manufacturing', 'relevance_score': '0.806266'}, {'topic': 'finance', 'relevance_score': '0.732215'}, {'topic': 'economy_macro', 'relevance_score': '0.612232'}]",0.139441,Neutral,"[{'ticker': 'F', 'relevance_score': '1.000000', 'ticker_sentiment_score': '0.146767', 'ticker_sentiment_label': 'Neutral'}, {'ticker': 'GM', 'relevance_score': '0.643332', 'ticker_sentiment_score': '0.100312', 'ticker_sentiment_label': 'Neutral'}, {'ticker': 'TSLA', 'relevance_score': '0.643825', 'ticker_sentiment_score': '0.144239', 'ticker_sentiment_label': 'Neutral'}, {'ticker': 'AMZN', 'relevance_score': '0.565011', 'ticker_sentiment_score': '0.136220', 'ticker_sentiment_label': 'Neutral'}, {'ticker': 'AAPL', 'relevance_score': '0.559483', 'ticker_sentiment_score': '0.119627', 'ticker_sentiment_label': 'Neutral'}]"
Apple marketing chief Phil Schiller steps down from role,https://www.cnbc.com/2020/08/04/apple-replaces-longtime-marketing-chief-phil-schiller.html,20200804T140500,['Steve Kovach'],"Phil Schiller, Apple's long-serving marketing boss, is stepping down from his role but will remain with the company as an ""Apple Fellow,"" continuing to oversee the App Store and company events. Greg Joswiak, one of Schiller's deputies, will take over as vice president of worldwide marketing. Schiller's transition marks another high-profile executive change at Apple, coming amidst increased scrutiny over the App Store's policies.",,CNBC,General,CNBC,"[{'topic': 'technology', 'relevance_score': '1.000000'}]",0.087024,Neutral,"[{'ticker': 'AAPL', 'relevance_score': '1.000000', 'ticker_sentiment_score': '-0.074752', 'ticker_sentiment_label': 'Neutral'}, {'ticker': 'AMZN', 'relevance_score': '0.614341', 'ticker_sentiment_score': '0.107601', 'ticker_sentiment_label': 'Neutral'}, {'ticker': 'GOOGL', 'relevance_score': '0.562692', 'ticker_sentiment_score': '0.110423', 'ticker_sentiment_label': 'Neutral'}, {'ticker': 'META', 'relevance_score': '0.577128', 'ticker_sentiment_score': '0.131788', 'ticker_sentiment_label': 'Neutral'}]"
Ford CEO Jim Hackett to retire; Chief Operating Officer Jim Farley will take helm,https://www.freep.com/story/money/cars/ford/2020/08/04/jim-hackett-retirement-ford-jim-farley/5580023002/,20200804T221622,['Phoebe Wall Howard'],"Ford Motor Co. CEO Jim Hackett is retiring from his position, effective October 1, 2020, and will be succeeded by Chief Operating Officer Jim Farley. Hackett led the company since May 2017, overseeing a restructuring plan and challenges with product launches and stock value, while Farley is known as a ""car guy"" with a strong background in the auto industry and a focus on flawless product execution and an expanded affordable lineup. The transition comes as Ford faces intense competition and an evolving industry landscape, with many analysts and employees expressing optimism about Farley's leadership.",,Detroit Free Press,General,Detroit Free Press,"[{'topic': 'earnings', 'relevance_score': '0.931070'}, {'topic': 'manufacturing', 'relevance_score': '0.930376'}, {'topic': 'energy_transportation', 'relevance_score': '0.830055'}]",-0.01737,Neutral,"[{'ticker': 'F', 'relevance_score': '1.000000', 'ticker_sentiment_score': '-0.221893', 'ticker_sentiment_label': 'Somewhat-Bearish'}, {'ticker': 'GM', 'relevance_score': '0.635016', 'ticker_sentiment_score': '0.046705', 'ticker_sentiment_label': 'Neutral'}, {'ticker': 'TSLA', 'relevance_score': '0.591069', 'ticker_sentiment_score': '0.068599', 'ticker_sentiment_label': 'Neutral'}, {'ticker': 'AMZN', 'relevance_score': '0.575961', 'ticker_sentiment_score': '0.078817', 'ticker_sentiment_label': 'Neutral'}, {'ticker': 'AAPL', 'relevance_score': '0.553588', 'ticker_sentiment_score': '0.052338', 'ticker_sentiment_label': 'Neutral'}]"
Connectivity with the consumer: The Honest Company’s formula for growth,https://www.mckinsey.com/industries/consumer-packaged-goods/our-insights/connectivity-with-the-consumer-the-honest-companys-formula-for-growth,20200804T222732,"['Greg Kelly', 'Monica Toriello']","Nick Vlahos, CEO of The Honest Company, discusses the company's growth strategy, emphasizing connectivity with consumers and an omnichannel approach. He highlights the importance of responding to evolving consumer behaviors, particularly the demand for ""better-for-you"" and ""clean"" products, and details strategies for innovation, market expansion, and fostering customer loyalty. The article also touches on how Honest adapted its operations during the COVID-19 pandemic.",,McKinsey & Company,General,McKinsey & Company,"[{'topic': 'retail_wholesale', 'relevance_score': '0.911247'}, {'topic': 'finance', 'relevance_score': '0.741441'}]",0.258459,Somewhat-Bullish,"[{'ticker': 'HNST', 'relevance_score': '1.000000', 'ticker_sentiment_score': '0.481697', 'ticker_sentiment_label': 'Bullish'}, {'ticker': 'CLX', 'relevance_score': '0.700546', 'ticker_sentiment_score': '0.141327', 'ticker_sentiment_label': 'Neutral'}, {'ticker': 'TGT', 'relevance_score': '0.615531', 'ticker_sentiment_score': '0.213293', 'ticker_sentiment_label': 'Somewhat-Bullish'}, {'ticker': 'AMZN', 'relevance_score': '0.584928', 'ticker_sentiment_score': '0.174604', 'ticker_sentiment_label': 'Somewhat-Bullish'}]"
"Ford's New CEO Names Amazon, Apple, Tesla, Baidu As Biggest Rivals",https://www.businessinsider.com/fords-next-ceo-names-amazon-apple-tesla-baidu-biggest-rivals-2020-8,20200805T061019,['Mark Matousek'],"Ford's incoming CEO, Jim Farley, has identified tech giants Amazon, Apple, Baidu, and Tesla, alongside Toyota, as the company's primary competitors, shifting focus away from traditional auto rivals like General Motors and Fiat Chrysler. Industry experts agree with Farley's assessment, noting significant investments by Silicon Valley companies in electric and self-driving vehicle technology. This new competitive landscape highlights the evolving nature of the automotive industry, demanding Ford to compete for talent and technological advancement against these innovative firms.",https://i.insider.com/5f29c6665fa9a45198418ff7?width=700,Business Insider,General,Business Insider,"[{'topic': 'energy_transportation', 'relevance_score': '0.923980'}, {'topic': 'technology', 'relevance_score': '0.841486'}, {'topic': 'manufacturing', 'relevance_score': '0.603769'}]",0.134,Neutral,"[{'ticker': 'BIDU', 'relevance_score': '0.882674', 'ticker_sentiment_score': '0.021584', 'ticker_sentiment_label': 'Neutral'}, {'ticker': 'F', 'relevance_score': '1.000000', 'ticker_sentiment_score': '0.228267', 'ticker_sentiment_label': 'Somewhat-Bullish'}, {'ticker': 'AMZN', 'relevance_score': '0.976106', 'ticker_sentiment_score': '0.129683', 'ticker_sentiment_label': 'Neutral'}, {'ticker': 'AAPL', 'relevance_score': '0.943936', 'ticker_sentiment_score': '0.194058', 'ticker_sentiment_label': 'Somewhat-Bullish'}, {'ticker': 'TSLA', 'relevance_score': '0.992266', 'ticker_sentiment_score': '0.103818', 'ticker_sentiment_label': 'Neutral'}]"
MTN seeking to sell stake in Africa’s biggest wireless carrier,https://www.moneyweb.co.za/news/companies-and-deals/mtn-seeking-to-sell-stake-in-africas-biggest-wireless-carrier/,20200805T063333,['Loni Prinsloo'],"MTN Group Ltd. is planning to sell all or part of its $243 million stake in Jumia Technologies AG, an online retailer, to reduce debt and enter new markets. This move is part of MTN's broader strategy to dispose of non-core assets, having already generated R14 billion ($812 million) from previous sales. The company is also considering selling its 29% stake in IHS Towers and plans to bid for a license to enter the Ethiopian telecommunications market.",https://www.moneyweb.co.za/wp-content/uploads/2014/10/MTN-1-2-555x416.jpg,Moneyweb,General,Moneyweb,"[{'topic': 'mergers_and_acquisitions', 'relevance_score': '0.942546'}, {'topic': 'earnings', 'relevance_score': '0.710683'}, {'topic': 'financial_markets', 'relevance_score': '0.647537'}]",0.102627,Neutral,"[{'ticker': 'JMIA', 'relevance_score': '0.318823', 'ticker_sentiment_score': '0.033972', 'ticker_sentiment_label': 'Neutral'}, {'ticker': 'AMZN', 'relevance_score': '0.734128', 'ticker_sentiment_score': '0.125609', 'ticker_sentiment_label': 'Neutral'}, {'ticker': 'AMT', 'relevance_score': '0.630176', 'ticker_sentiment_score': '0.243544', 'ticker_sentiment_label': 'Somewhat-Bullish'}]"
"TTEC Signs Agreement to Acquire VoiceFoundry, Setting the Foundation for Significant Future Growth with Amazon Connect",https://www.prnewswire.com/news-releases/ttec-signs-agreement-to-acquire-voicefoundry-setting-the-foundation-for-significant-future-growth-with-amazon-connect-301107040.html,20200805T065758,[],"TTEC Holdings, Inc. announced an agreement to acquire VoiceFoundry, a global partner of Amazon Web Services, aiming to create an end-to-end CX delivery solution for Amazon Connect. This acquisition integrates Amazon Connect into TTEC's Humanify Cloud CX Ecosystem, offering clients enhanced customer experience applications and API integration. VoiceFoundry's expertise in AI and natural language automation, particularly with Amazon Connect, will expand TTEC Digital's cloud capabilities and client base in various sectors.",https://mma.prnewswire.com/media/127860/TTEC_Logo.jpg?w=300,PR Newswire,General,PR Newswire,"[{'topic': 'mergers_and_acquisitions', 'relevance_score': '1.000000'}, {'topic': 'technology', 'relevance_score': '0.906150'}]",0.508444,Bullish,"[{'ticker': 'TTEC', 'relevance_score': '1.000000', 'ticker_sentiment_score': '0.615113', 'ticker_sentiment_label': 'Bullish'}, {'ticker': 'AMZN', 'relevance_score': '0.884427', 'ticker_sentiment_score': '0.440192', 'ticker_sentiment_label': 'Bullish'}]"
Bezos Sells $3.1 Billion of Amazon Shares After Wealth Jumps,https://www.bloomberg.com/news/articles/2020-08-05/amazon-ceo-bezos-sells-1-42-billion-of-shares-kdhuejv0,20200805T204700,['Jack Pitcher'],"Jeff Bezos sold over $3.1 billion worth of Amazon.com Inc. shares, following an earlier sale of $4.1 billion this year. Despite this, the sale represents a small portion of his overall stake, as his wealth has significantly increased due to the surge in demand for Amazon's e-commerce services during the Covid-19 pandemic. The transactions were disclosed in SEC filings.",https://assets.bwbx.io/images/users/iqjWHBFdfxIU/i94hqnPp7Jgw/v0/-1x-1.webp,Bloomberg.com,General,Bloomberg.com,"[{'topic': 'financial_markets', 'relevance_score': '0.946967'}, {'topic': 'retail_wholesale', 'relevance_score': '0.808518'}, {'topic': 'technology', 'relevance_score': '0.716890'}]",0.13055,Neutral,"[{'ticker': 'AMZN', 'relevance_score': '1.000000', 'ticker_sentiment_score': '0.136793', 'ticker_sentiment_label': 'Neutral'}]"
"Google investment in ADT raises profile, competitive edge — plus data worries",https://www.palmbeachpost.com/story/business/2020/08/05/google-investment-in-adt-raises-profile-competitive-edge-mdash-plus-data-worries/112812906/,20200805T214124,['Susan Salisbury'],"Google's $450 million investment in ADT Inc. will boost ADT's profile and allow it to sell and install Google's smart home devices, enhancing its competitive edge and customer experience. The partnership is expected to benefit ADT through Google's AI and data analytics expertise, although it also raises concerns about data privacy and market consolidation among tech giants.",,The Palm Beach Post,General,The Palm Beach Post,"[{'topic': 'technology', 'relevance_score': '0.818196'}, {'topic': 'mergers_and_acquisitions', 'relevance_score': '0.725127'}]",0.297607,Somewhat-Bullish,"[{'ticker': 'ADT', 'relevance_score': '1.000000', 'ticker_sentiment_score': '0.549181', 'ticker_sentiment_label': 'Bullish'}, {'ticker': 'GOOGL', 'relevance_score': '0.829133', 'ticker_sentiment_score': '0.429006', 'ticker_sentiment_label': 'Bullish'}, {'ticker': 'GOOG', 'relevance_score': '0.846666', 'ticker_sentiment_score': '0.430559', 'ticker_sentiment_label': 'Bullish'}, {'ticker': 'JCI', 'relevance_score': '0.600379', 'ticker_sentiment_score': '0.127331', 'ticker_sentiment_label': 'Neutral'}, {'ticker': 'AMZN', 'relevance_score': '0.642433', 'ticker_sentiment_score': '-0.107828', 'ticker_sentiment_label': 'Neutral'}]"
"EBay, Prova Group partner on sports memorabilia authentication",https://www.retaildive.com/news/ebay-prova-group-partner-on-sports-memorabilia-authentication/582793/,20200805T221113,['Tatiana Walk-Morris'],"EBay has partnered with Pro Football Hall of Famer Emmitt Smith and Prova Group to offer authentication services for sports memorabilia sold on its platform. Sellers can use Prova Group's verification service, receiving a Prova SmarTag linked to a document of authenticity. This partnership aims to combat counterfeit goods and increase buyer confidence in the sports memorabilia market, which has been a challenge for e-commerce platforms.",,Retail Dive,General,Retail Dive,"[{'topic': 'retail_wholesale', 'relevance_score': '0.840739'}, {'topic': 'technology', 'relevance_score': '0.841616'}, {'topic': 'finance', 'relevance_score': '0.602221'}]",0.057437,Neutral,"[{'ticker': 'EBAY', 'relevance_score': '1.000000', 'ticker_sentiment_score': '0.446330', 'ticker_sentiment_label': 'Bullish'}, {'ticker': 'AMZN', 'relevance_score': '0.636495', 'ticker_sentiment_score': '-0.327547', 'ticker_sentiment_label': 'Somewhat-Bearish'}]"
US financial regulator fines Capital One $80 million over data breach,https://cyberscoop.com/capital-one-breach-penalty-occ/,20200806T061517,['Jeff Stone'],The Office of the Comptroller of the Currency (OCC) has fined Capital One $80 million in connection with a 2019 data breach that exposed details of approximately 106 million people. The fine addresses Capital One's failure to establish effective risk assessment processes before migrating to the cloud and not addressing deficiencies in a timely manner. Capital One states it has since invested significant resources to strengthen its cyber defenses.,https://cyberscoop.com/wp-content/uploads/sites/3/2019/07/GettyImages-647507636.jpg?w=900,CyberScoop,General,CyberScoop,"[{'topic': 'finance', 'relevance_score': '0.909782'}, {'topic': 'technology', 'relevance_score': '0.743715'}]",-0.271461,Somewhat-Bearish,"[{'ticker': 'COF', 'relevance_score': '1.000000', 'ticker_sentiment_score': '-0.604212', 'ticker_sentiment_label': 'Bearish'}, {'ticker': 'AMZN', 'relevance_score': '0.640919', 'ticker_sentiment_score': '0.107490', 'ticker_sentiment_label': 'Neutral'}]"
#GapIncVotes: Raise Your Voice + Be Counted!,https://www.gapinc.com/en-us/articles/2020/08/gapincvotes-raise-your-voice-be-counted!,20200806T062542,['Gap Inc.'],"Gap Inc. launched its #GapIncVotes initiative on the anniversary of the Voting Rights Act of 1965, committing to civic engagement and addressing systemic racism. The company will provide educational tools and inspiring stories, as well as offering up to three hours of paid time off for store employees to vote and a no-meetings day for headquarter staff. They encourage employees and customers to register to vote, check mail-in/early voting options, and complete the census.",https://gapinc-prod-a6bndyfubmc5d9ey.z03.azurefd.net/gapmedia/gapcorporatesite/media/images/articles/2020/08/vote_2020_infographic_inline.jpg,Gap Inc.,General,Gap Inc.,"[{'topic': 'retail_wholesale', 'relevance_score': '0.830844'}]",0.091236,Neutral,"[{'ticker': 'GAP', 'relevance_score': '0.328345', 'ticker_sentiment_score': '0.033406', 'ticker_sentiment_label': 'Neutral'}, {'ticker': 'AMZN', 'relevance_score': '0.620515', 'ticker_sentiment_score': '0.126998', 'ticker_sentiment_label': 'Neutral'}, {'ticker': 'SBUX', 'relevance_score': '0.613799', 'ticker_sentiment_score': '0.101450', 'ticker_sentiment_label': 'Neutral'}, {'ticker': 'ECL', 'relevance_score': '0.627846', 'ticker_sentiment_score': '0.121050', 'ticker_sentiment_label': 'Neutral'}]"
Moderna Leverages AWS Cloud Platform to Develop New Class of Vaccines and Therapeutics,https://hitconsultant.net/2020/08/06/moderna-leverages-aws-cloud-platform/,20200806T063945,['Jasmine Pennic'],"Moderna has selected Amazon Web Services (AWS) as its preferred cloud provider for analytics and machine learning workloads to accelerate the development of its mRNA medicines. This partnership allows Moderna to quickly design research experiments, automate laboratory processes, and comply with regulations, leading to the rapid delivery of its COVID-19 vaccine candidate (mRNA-1273) to NIH for trials. By leveraging AWS, Moderna streamlines its drug discovery pipeline and manufacturing, enabling a new class of mRNA-based treatments for various diseases.",https://hitconsultant.net/wp-content/uploads/2020/08/Moderna-1500x642.png,HIT Consultant,General,HIT Consultant,"[{'topic': 'life_sciences', 'relevance_score': '0.939222'}, {'topic': 'technology', 'relevance_score': '0.844206'}, {'topic': 'manufacturing', 'relevance_score': '0.608114'}]",0.808585,Bullish,"[{'ticker': 'MRNA', 'relevance_score': '1.000000', 'ticker_sentiment_score': '0.860399', 'ticker_sentiment_label': 'Bullish'}, {'ticker': 'AMZN', 'relevance_score': '0.717405', 'ticker_sentiment_score': '0.781756', 'ticker_sentiment_label': 'Bullish'}]"
Capital One slapped with $80M fine for 2019 data hack,https://www.foxbusiness.com/economy/fed-takes-action-against-capital-one-for-2019-data-breach,20200806T110900,['Megan Henney'],Capital One has been fined $80 million by the Office of the Comptroller of the Currency over a 2019 data breach that exposed the personal information of over 100 million people. The OCC stated Capital One failed to establish effective risk assessment processes before moving operations to the public cloud and did not correct deficiencies promptly. The bank is now required to enhance cybersecurity defenses and submit a plan to the Federal Reserve outlining these improvements.,http://media.foxbusiness.com/BrightCove/854081161001/201908/2861/854081161001_6068184592001_6068183686001-vs.jpg,Fox Business,General,Fox Business,"[{'topic': 'finance', 'relevance_score': '0.905407'}, {'topic': 'technology', 'relevance_score': '0.730301'}]",-0.189571,Somewhat-Bearish,"[{'ticker': 'COF', 'relevance_score': '0.988093', 'ticker_sentiment_score': '-0.443545', 'ticker_sentiment_label': 'Bearish'}, {'ticker': 'AMZN', 'relevance_score': '0.706389', 'ticker_sentiment_score': '-0.144507', 'ticker_sentiment_label': 'Neutral'}, {'ticker': 'WFC', 'relevance_score': '0.645555', 'ticker_sentiment_score': '0.086775', 'ticker_sentiment_label': 'Neutral'}]"
Capital One to pay $80 million fine after data breach,https://www.reuters.com/article/business/capital-one-to-pay-80-million-fine-after-data-breach-idUSKCN2522D8/,20200806T155700,['Pete Schroeder'],"Capital One Financial Corp will pay an $80 million fine to a U.S. bank regulator following a massive data breach a year ago. The Office of the Comptroller of the Currency (OCC) penalized the bank for failing to adequately identify and manage risk related to moving operations to the cloud. The breach compromised personal information, including approximately 140,000 Social Security numbers and 80,000 linked bank account numbers.",https://www.reuters.com/resizer/v2/https%3A%2F%2Fcloudfront-us-east-2.images.arcpublishing.com%2Freuters%2FOTJ4X5MHWFMHVKP37D3W4O7B34.jpg?auth=4119e7a83d162bc2d86a635032e36691475c400490b4d45ad434f07a0c10d32f&width=640&quality=80&smart=true,Reuters,General,Reuters,"[{'topic': 'finance', 'relevance_score': '0.945430'}, {'topic': 'technology', 'relevance_score': '0.710726'}]",-0.294478,Somewhat-Bearish,"[{'ticker': 'COF', 'relevance_score': '1.000000', 'ticker_sentiment_score': '-0.446178', 'ticker_sentiment_label': 'Bearish'}, {'ticker': 'AMZN', 'relevance_score': '0.601862', 'ticker_sentiment_score': '-0.106160', 'ticker_sentiment_label': 'Neutral'}]"
Capital One to pay $80 million fine for 2019 hack that exposed 100 million accounts,https://www.cbsnews.com/news/capital-one-hack-credit-card-applications-settlement/,20200806T155800,['Stephen Gandel'],Capital One has agreed to pay an $80 million fine to settle federal charges related to a 2019 hack that exposed over 100 million credit card applications. The Office of the Comptroller of the Currency (OCC) found Capital One neglected to protect customer data and failed to establish effective risk assessment processes before migrating operations to the cloud. The company is also required to establish an independent committee to assess and address cybersecurity issues.,,CBS News,General,CBS News,"[{'topic': 'finance', 'relevance_score': '0.912743'}, {'topic': 'technology', 'relevance_score': '0.731932'}]",-0.110775,Neutral,"[{'ticker': 'COF', 'relevance_score': '1.000000', 'ticker_sentiment_score': '-0.342292', 'ticker_sentiment_label': 'Somewhat-Bearish'}, {'ticker': 'AMZN', 'relevance_score': '0.606872', 'ticker_sentiment_score': '0.127410', 'ticker_sentiment_label': 'Neutral'}]"
Thermo Fisher Scientific expands deployment model options for SampleManager LIMS software,https://www.news-medical.net/news/20200806/Thermo-Fisher-Scientific-expands-deployment-model-options-for-SampleManager-LIMS-software.aspx,20200806T232636,[],"Thermo Fisher Scientific has expanded its deployment options for SampleManager LIMS software, now offering end-to-end support in the Amazon Web Services (AWS) Cloud. This new offering aims to significantly reduce the financial and human resource investment for laboratories, while providing secure and scalable access to data for improved decision-making and collaboration. The company emphasizes the robust data security measures in place, including its Corporate Information Security (CIS) program.",,News-Medical,General,News-Medical,"[{'topic': 'technology', 'relevance_score': '0.825483'}, {'topic': 'life_sciences', 'relevance_score': '0.725198'}]",0.421672,Bullish,"[{'ticker': 'TMO', 'relevance_score': '1.000000', 'ticker_sentiment_score': '0.522381', 'ticker_sentiment_label': 'Bullish'}, {'ticker': 'AMZN', 'relevance_score': '0.712184', 'ticker_sentiment_score': '0.322991', 'ticker_sentiment_label': 'Somewhat-Bullish'}]"
Bank OZK Seeks to Foreclose on David Edelstein’s Lincoln Road Buildings,https://therealdeal.com/miami/2020/08/07/bank-ozk-seeks-to-foreclose-on-david-edelsteins-lincoln-road-buildings/,20200807T073000,['Keith Larsen'],"Bank OZK is seeking to foreclose on two Lincoln Road properties owned by developer David Edelstein, looking to collect on the remaining $12.8 million of a loan plus fees and interest. The suit alleges that loan guarantors, including Edelstein's TriStar Capital, have not made a payment since April. The bank's action highlights early commercial foreclosures in South Florida amidst a challenging period for Lincoln Road businesses.",https://static.therealdeal.com/wp-content/uploads/2020/08/1200-Bank-OZK-seeks-to-foreclose-on-David-Edelstein-Lincoln-Road-buildings-2-50x31.jpg,The Real Deal,General,The Real Deal,"[{'topic': 'finance', 'relevance_score': '0.939403'}, {'topic': 'real_estate', 'relevance_score': '0.948427'}]",-0.139691,Neutral,"[{'ticker': 'OZK', 'relevance_score': '1.000000', 'ticker_sentiment_score': '-0.312840', 'ticker_sentiment_label': 'Somewhat-Bearish'}, {'ticker': 'AMZN', 'relevance_score': '0.575801', 'ticker_sentiment_score': '0.049174', 'ticker_sentiment_label': 'Neutral'}, {'ticker': 'AAPL', 'relevance_score': '0.569854', 'ticker_sentiment_score': '0.012783', 'ticker_sentiment_label': 'Neutral'}]"
Capital One Fined $80 Million for 2019 Data Breach Affecting 106 Million Users,https://thehackernews.com/2020/08/capital-one-data-breach.html,20200807T220146,['Swati Khandelwal'],"Capital One has been fined $80 million by the Office of the Comptroller of the Currency (OCC) for its 2019 data breach that exposed the personal information of over 106 million users. The fine was imposed due to Capital One's failure to establish appropriate risk management and security controls before migrating to a public cloud-based service, leading to the breach by a former Amazon Web Services employee. In addition to the monetary penalty, Capital One is required to enhance its cybersecurity defenses and submit a plan to the OCC within 90 days.",,The Hacker News,General,The Hacker News,"[{'topic': 'finance', 'relevance_score': '0.918544'}, {'topic': 'technology', 'relevance_score': '0.802846'}]",-0.341761,Somewhat-Bearish,"[{'ticker': 'COF', 'relevance_score': '1.000000', 'ticker_sentiment_score': '-0.729320', 'ticker_sentiment_label': 'Bearish'}, {'ticker': 'AMZN', 'relevance_score': '0.611682', 'ticker_sentiment_score': '0.135211', 'ticker_sentiment_label': 'Neutral'}]"
Buffett buys back record $5.1 billion in Berkshire stock as coronavirus hits operating earnings,https://www.cnbc.com/2020/08/08/berkshire-hathaway-earnings-q2-2020.html,20200808T061139,['Fred Imbert'],"Berkshire Hathaway repurchased a record $5.1 billion of its own stock in May and June, the largest single buyback period for Warren Buffett's conglomerate. This occurred as operating profits fell 10% in the second quarter due to the coronavirus pandemic impacting businesses like Geico and Precision Castparts, though net earnings surged to $26.3 billion primarily from unrealized gains in public market investments. Buffett warned against focusing solely on these volatile net earnings due to the pandemic's ongoing uncertainties.",https://image.cnbcfm.com/api/v1/image/106432770-1583770139250stock-market_t20_1jvmx9.jpg?v=1583875327&w=750&h=422&vtcrop=y,CNBC,General,CNBC,"[{'topic': 'earnings', 'relevance_score': '0.946867'}, {'topic': 'financial_markets', 'relevance_score': '0.815615'}, {'topic': 'economy_macro', 'relevance_score': '0.709816'}]",0.261629,Somewhat-Bullish,"[{'ticker': 'BRK-A', 'relevance_score': '0.346554', 'ticker_sentiment_score': '0.034915', 'ticker_sentiment_label': 'Neutral'}, {'ticker': 'JPM', 'relevance_score': '0.608554', 'ticker_sentiment_score': '0.334353', 'ticker_sentiment_label': 'Somewhat-Bullish'}, {'ticker': 'AMZN', 'relevance_score': '0.620491', 'ticker_sentiment_score': '0.314496', 'ticker_sentiment_label': 'Somewhat-Bullish'}, {'ticker': 'AAPL', 'relevance_score': '0.714506', 'ticker_sentiment_score': '0.348020', 'ticker_sentiment_label': 'Somewhat-Bullish'}]"
WarnerMedia’s New CEO Says HBO Max Has One Clear Edge Over Netflix,https://www.bloomberg.com/news/articles/2020-08-10/what-s-the-best-streaming-service-jason-kilar-wants-hbo-max-to-defeat-netflix,20200809T064129,['Lucas Shaw'],"WarnerMedia CEO Jason Kilar believes HBO Max has a distinct advantage over competitors like Netflix, focusing on quality content despite lacking an early breakout hit. Kilar, who previously led Hulu, aims to use this strategy to thwart rivals in the streaming landscape. The article notes his past experience at Hulu and Amazon and touches on the historical context of media companies' hesitance to embrace streaming.",https://assets.bwbx.io/images/users/iqjWHBFdfxIU/iIhzql_wUFyE/v1/-1x-1.webp,Bloomberg.com,General,Bloomberg.com,"[{'topic': 'technology', 'relevance_score': '0.829380'}]",0.159171,Somewhat-Bullish,"[{'ticker': 'NFLX', 'relevance_score': '1.000000', 'ticker_sentiment_score': '0.129294', 'ticker_sentiment_label': 'Neutral'}, {'ticker': 'WBD', 'relevance_score': '0.822807', 'ticker_sentiment_score': '0.227344', 'ticker_sentiment_label': 'Somewhat-Bullish'}, {'ticker': 'AMZN', 'relevance_score': '0.645620', 'ticker_sentiment_score': '0.137042', 'ticker_sentiment_label': 'Neutral'}, {'ticker': 'DIS', 'relevance_score': '0.747331', 'ticker_sentiment_score': '0.141961', 'ticker_sentiment_label': 'Neutral'}, {'ticker': 'CMCSA', 'relevance_score': '0.624565', 'ticker_sentiment_score': '0.102727', 'ticker_sentiment_label': 'Neutral'}]"
"WSJ News Exclusive | Amazon and Mall Operator Look at Turning Sears, J.C. Penney Stores Into Fulfillment Centers",https://www.wsj.com/articles/amazon-and-giant-mall-operator-look-at-turning-sears-j-c-penney-stores-into-fulfillment-centers-11596992863?gaa_at=eafs&gaa_n=AWEtsqcq4DHD1VeX5COsrfEu6bBHh5tS0cqRoOKZ1yOW-oKtwzlxcS3ebLIX&gaa_ts=699bfd14&gaa_sig=OJ0dQ427_-a84v0vmaYDW6DZPOln5FFtGCQGY0KFvpK4GrNoWzVQ2ZCbmSvNRPL7R2SHU3ZoS76ms7q-JMm5Og%3D%3D,20200809T065409,"['Esther Fung', 'Sebastian Herrera']","Amazon and Simon Property Group, the largest mall owner in the U.S., are reportedly in discussions to convert vacant Sears and J.C. Penney stores into Amazon fulfillment centers. This move highlights the accelerating convergence of retail and logistics as traditional brick-and-mortar stores face decline. The potential partnership would repurpose large, underutilized commercial real estate for Amazon's distribution needs.",https://images.wsj.net/im-01645260?size=1.5,The Wall Street Journal,General,The Wall Street Journal,"[{'topic': 'real_estate', 'relevance_score': '0.921185'}, {'topic': 'retail_wholesale', 'relevance_score': '0.808379'}, {'topic': 'mergers_and_acquisitions', 'relevance_score': '0.722589'}]",0.018065,Neutral,"[{'ticker': 'SPG', 'relevance_score': '0.903517', 'ticker_sentiment_score': '0.337459', 'ticker_sentiment_label': 'Somewhat-Bullish'}, {'ticker': 'AMZN', 'relevance_score': '0.874502', 'ticker_sentiment_score': '0.296378', 'ticker_sentiment_label': 'Somewhat-Bullish'}, {'ticker': 'BBY', 'relevance_score': '0.623583', 'ticker_sentiment_score': '-0.300361', 'ticker_sentiment_label': 'Somewhat-Bearish'}, {'ticker': 'WMT', 'relevance_score': '0.579807', 'ticker_sentiment_score': '-0.222544', 'ticker_sentiment_label': 'Somewhat-Bearish'}]"
"Amazon and mall owner Simon consider turning Sears, J.C. Penney stores into fulfillment centers",https://www.marketwatch.com/story/amazon-and-mall-owner-simon-consider-turning-sears-jc-penney-stores-into-fulfillment-centers-2020-08-09?gaa_at=eafs&gaa_n=AWEtsqfFPLySp8lLLcF5uJxj-maIi7NuRQMoOLGVDDDfTWNLjI-5plQZAWyF&gaa_ts=6907eaae&gaa_sig=1LnrIXHS-UdjR1-0zckfSjlBUJpBweuyCclXoWfMyktk19Q-WYuCZr1MaGiWxYom1bjKFQVYPWLwR75pUUxGpw%3D%3D,20200809T161200,[],Amazon and Simon Property Group are in discussions to convert former Sears and J.C. Penney department stores into Amazon fulfillment centers. This move would benefit Amazon by speeding up last-mile delivery and provide Simon with a steady tenant for struggling mall spaces. It represents a shift for mall owners willing to repurpose prime retail locations for logistics purposes.,,MarketWatch,General,MarketWatch,"[{'topic': 'retail_wholesale', 'relevance_score': '0.911078'}, {'topic': 'real_estate', 'relevance_score': '0.842877'}, {'topic': 'technology', 'relevance_score': '0.644628'}]",0.372249,Bullish,"[{'ticker': 'SPG', 'relevance_score': '1.000000', 'ticker_sentiment_score': '0.421533', 'ticker_sentiment_label': 'Bullish'}, {'ticker': 'AMZN', 'relevance_score': '0.922083', 'ticker_sentiment_score': '0.347595', 'ticker_sentiment_label': 'Somewhat-Bullish'}]"
Simon Property Group weighs empty mall spaces as Amazon centers,https://www.crainsnewyork.com/real-estate/simon-property-weighs-empty-mall-spaces-amazon-centers,20200810T060700,['Bloomberg'],"Simon Property Group has been in discussions with Amazon to convert vacant mall spaces, previously occupied by anchor tenants like J.C. Penney and Sears, into Amazon fulfillment centers. This move would represent a significant shift for the mall business, potentially involving considerable rent discounts and altering foot traffic patterns, but could help revitalize struggling retail properties. The discussions began before the COVID-19 pandemic, and Amazon has also considered using J.C. Penney locations for its grocery stores.",https://s3-prod.crainsnewyork.com/styles/width_792/s3/363884247.jpg?h=81aee797,Crain's New York Business,General,Crain's New York Business,"[{'topic': 'real_estate', 'relevance_score': '0.908239'}, {'topic': 'retail_wholesale', 'relevance_score': '0.821785'}, {'topic': 'mergers_and_acquisitions', 'relevance_score': '0.713504'}]",0.002676,Neutral,"[{'ticker': 'AMZN', 'relevance_score': '0.327081', 'ticker_sentiment_score': '0.034039', 'ticker_sentiment_label': 'Neutral'}]"
Hasbro pulls Trolls doll from stores due to ‘inappropriately placed’ button,https://globalnews.ca/news/7262832/trollz-dolls-hasbro-button/,20200810T062825,['Chris Jancelewicz'],"Hasbro is removing its Trolls World Tour Giggle and Sing Poppy doll from stores due to public outcry over an ""inappropriately placed"" button. The doll has a sensor located in its crotch area that activates giggling and phrases when pressed, leading to a Change.org petition signed by nearly 500,000 people who found the feature problematic and suggesting it normalizes child molestation. Hasbro stated the feature was designed to react when the doll was seated and apologized, offering replacement dolls to consumers.",https://d21y75miwcfqoq.cloudfront.net/70c8fc80,Global News,General,Global News,"[{'topic': 'retail_wholesale', 'relevance_score': '0.901476'}]",-0.07414,Neutral,"[{'ticker': 'HAS', 'relevance_score': '1.000000', 'ticker_sentiment_score': '-0.292973', 'ticker_sentiment_label': 'Somewhat-Bearish'}, {'ticker': 'WMT', 'relevance_score': '0.718329', 'ticker_sentiment_score': '0.031667', 'ticker_sentiment_label': 'Neutral'}, {'ticker': 'AMZN', 'relevance_score': '0.611961', 'ticker_sentiment_score': '0.028893', 'ticker_sentiment_label': 'Neutral'}, {'ticker': 'TGT', 'relevance_score': '0.633080', 'ticker_sentiment_score': '0.033515', 'ticker_sentiment_label': 'Neutral'}]"
Gartner: IaaS Public Cloud Services Market Grew 37.3% In 2019,https://www.crn.com/news/cloud/gartner-iaas-public-cloud-services-market-grew-37-3-in-2019,20200810T063229,[],"The global infrastructure-as-a-service (IaaS) market for public cloud services saw a 37.3% growth in 2019, reaching $44.5 billion, with Amazon Web Services (AWS) maintaining its lead despite a slight market share decrease. Microsoft Azure and Google Cloud experienced significant growth, while Chinese providers Alibaba Cloud and Tencent also showed strong market expansion. Gartner plans to combine IaaS and PaaS into a new category called Cloud Infrastructure and Platform Services (CIPS) for future reporting to better reflect market realities.",,CRN,General,CRN,"[{'topic': 'technology', 'relevance_score': '0.936783'}, {'topic': 'earnings', 'relevance_score': '0.835464'}]",0.316335,Somewhat-Bullish,"[{'ticker': 'IT', 'relevance_score': '1.000000', 'ticker_sentiment_score': '0.337307', 'ticker_sentiment_label': 'Somewhat-Bullish'}, {'ticker': 'AMZN', 'relevance_score': '0.941299', 'ticker_sentiment_score': '0.341036', 'ticker_sentiment_label': 'Somewhat-Bullish'}, {'ticker': 'MSFT', 'relevance_score': '0.826948', 'ticker_sentiment_score': '0.326059', 'ticker_sentiment_label': 'Somewhat-Bullish'}, {'ticker': 'ORCL', 'relevance_score': '0.620644', 'ticker_sentiment_score': '0.235843', 'ticker_sentiment_label': 'Somewhat-Bullish'}, {'ticker': 'GOOGL', 'relevance_score': '0.705842', 'ticker_sentiment_score': '0.332874', 'ticker_sentiment_label': 'Somewhat-Bullish'}]"
|【2020最新】知的好奇心を刺激するアート(芸術)系アプリのおすすめ5選,https://tokusengai.com/_ct/17374495,20200810T064626,['特選街web編集部'],"This article introduces five recommended art-related apps from 2020 that stimulate intellectual curiosity. It highlights apps like ""DailyArt"" for daily art discovery, ""Ukiyo-e Wallpaper"" for Japanese art backgrounds, ""Magic Poser"" for 3D model drawing references, ""Chirashi Museum"" for event leaflets, and ""Happy Color"" for number-based coloring puzzles. The article details features and benefits of each app, catering to both art education and entertainment.",https://tokusengai.com/assets/images/2020/07/06/66dcaa0cad79c7fc47ab83b2115aca5d9441b7b5_xlarge.jpg,特選街web,General,特選街web,"[{'topic': 'technology', 'relevance_score': '0.822586'}]",0.224118,Somewhat-Bullish,"[{'ticker': 'PLUS', 'relevance_score': '0.818168', 'ticker_sentiment_score': '0.349847', 'ticker_sentiment_label': 'Somewhat-Bullish'}, {'ticker': 'AAPL', 'relevance_score': '0.748889', 'ticker_sentiment_score': '0.229513', 'ticker_sentiment_label': 'Somewhat-Bullish'}, {'ticker': 'GOOGL', 'relevance_score': '0.734307', 'ticker_sentiment_score': '0.244567', 'ticker_sentiment_label': 'Somewhat-Bullish'}, {'ticker': 'AMZN', 'relevance_score': '0.602125', 'ticker_sentiment_score': '0.136045', 'ticker_sentiment_label': 'Neutral'}]"
"With half of its business at retailers like Walmart and Amazon, Wrangler parent Kontoor Brands is ‘winning with the winners’",https://www.marketwatch.com/story/with-half-of-its-business-at-retailers-like-walmart-and-amazon-wrangler-parent-kontoor-brands-is-winning-with-the-winners-2020-08-07?gaa_at=eafs&gaa_n=AWEtsqf-wguL26uehy4wAJvy5kzTqeBFiZUKiQczm_1YFcC5TkOBQiBsovvZ&gaa_ts=6907e159&gaa_sig=5R8q-HOd9PBfAsO582yQM-S-aPVpR6HRvsVaViN5Tj_hbIyLVfOHzHF5SyGEK5Dzj3SBILYx8BmbgntN48b0uA%3D%3D,20200810T072400,[],"Kontoor Brands Inc., parent company to Lee and Wrangler jeans, has seen its shares jump 23% over the past month. Over half of its business is conducted through essential retailers like Walmart, Target, Amazon, and Kohl's, which remained open during COVID-19 lockdowns, allowing the company to continue selling its products. While the stock is down by half for the year to date, its strong retail partnerships are proving beneficial.",,MarketWatch,General,MarketWatch,"[{'topic': 'earnings', 'relevance_score': '0.933435'}, {'topic': 'retail_wholesale', 'relevance_score': '1.000000'}, {'topic': 'financial_markets', 'relevance_score': '0.634032'}, {'topic': 'economy_macro', 'relevance_score': '0.630177'}]",0.224719,Somewhat-Bullish,"[{'ticker': 'KTB', 'relevance_score': '1.000000', 'ticker_sentiment_score': '0.267708', 'ticker_sentiment_label': 'Somewhat-Bullish'}, {'ticker': 'WMT', 'relevance_score': '0.868753', 'ticker_sentiment_score': '0.247406', 'ticker_sentiment_label': 'Somewhat-Bullish'}, {'ticker': 'AMZN', 'relevance_score': '0.764433', 'ticker_sentiment_score': '0.186012', 'ticker_sentiment_label': 'Somewhat-Bullish'}, {'ticker': 'TGT', 'relevance_score': '0.625217', 'ticker_sentiment_score': '0.105368', 'ticker_sentiment_label': 'Neutral'}]"
"With half of its business at retailers like Walmart and Amazon, Wrangler parent Kontoor Brands is ‘winning with the winners’",https://www.marketwatch.com/story/with-half-of-its-business-at-retailers-like-walmart-and-amazon-wrangler-parent-kontoor-brands-is-winning-with-the-winners-2020-08-07?gaa_at=eafs&gaa_n=AWEtsqcGBN29-naCPIQrPRp5aiD4w8Ndre_RVUw979QaHBsriOl2y1wXcvdF&gaa_ts=6907ee49&gaa_sig=wpe7fa45RFk_rRlAzI8YFI5oFdYTYYdxANr_9a4L5Mtl1kqR_E4-OnvM2B5tucBWKeuCkJEC-X3QvZMJx7TRkQ%3D%3D,20200810T072400,[],"Kontoor Brands Inc., parent company of Lee and Wrangler jeans, has seen its shares jump 23% over the past month despite being down by half for the year. The company conducts over half of its business with major retailers like Walmart, Target, Amazon, and Kohl’s. This strategic partnership with essential retailers allowed its products to remain accessible during COVID-19 lockdowns, contributing to its resilience in the market.",,MarketWatch,General,MarketWatch,"[{'topic': 'earnings', 'relevance_score': '0.804624'}, {'topic': 'retail_wholesale', 'relevance_score': '1.000000'}]",0.319412,Somewhat-Bullish,"[{'ticker': 'WMT', 'relevance_score': '1.000000', 'ticker_sentiment_score': '0.312995', 'ticker_sentiment_label': 'Somewhat-Bullish'}, {'ticker': 'AMZN', 'relevance_score': '0.711561', 'ticker_sentiment_score': '0.312182', 'ticker_sentiment_label': 'Somewhat-Bullish'}, {'ticker': 'TGT', 'relevance_score': '0.609139', 'ticker_sentiment_score': '0.302943', 'ticker_sentiment_label': 'Somewhat-Bullish'}]"
Healthcare Supply Chain Management Market May See Big Move |,https://www.openpr.com/news/2107938/healthcare-supply-chain-management-market-may-see-big-move,20200810T090300,[],"The ""Global Healthcare Supply Chain Management Market Size, Status and Forecast 2019-2025"" report by HTF MI evaluates the market, identifying opportunities and risks. It details market trends, drivers, technologies, and investment structures, profiling key players like SAP, Oracle, and McKesson. The study segments the market by product type (Supplier Management Software, Transportation Software, Procurement Software) and applications (Healthcare Providers, Suppliers, Distributors).",https://cdn.open-pr.com/T/8/T810212825_g.jpg,openPR.com,General,openPR.com,"[{'topic': 'finance', 'relevance_score': '1.000000'}, {'topic': 'life_sciences', 'relevance_score': '1.000000'}, {'topic': 'technology', 'relevance_score': '0.744339'}]",0.245017,Somewhat-Bullish,"[{'ticker': 'MCK', 'relevance_score': '0.951830', 'ticker_sentiment_score': '0.309671', 'ticker_sentiment_label': 'Somewhat-Bullish'}, {'ticker': 'ORCL', 'relevance_score': '0.786185', 'ticker_sentiment_score': '0.267013', 'ticker_sentiment_label': 'Somewhat-Bullish'}, {'ticker': 'CRM', 'relevance_score': '0.541234', 'ticker_sentiment_score': '0.224896', 'ticker_sentiment_label': 'Somewhat-Bullish'}, {'ticker': 'AMZN', 'relevance_score': '0.539859', 'ticker_sentiment_score': '0.216918', 'ticker_sentiment_label': 'Somewhat-Bullish'}]"
Simon Property Group and Amazon in Talks on Fulfillment Centers,https://marketrealist.com/p/simon-property-group-amazon/,20200810T090500,['Ambrish Shah'],"Simon Property Group, the largest mall owner, is reportedly in discussions with Amazon to convert vacant retail spaces, including former JCPenney and Sears stores, into Amazon fulfillment centers. This move could benefit Amazon by speeding up last-mile delivery and provide Simon with steady tenants, addressing challenges faced by malls. The article also provides a financial overview of both Simon Property Group and Amazon, including their stock performance, market capitalization, and analyst ratings.",,Market Realist,General,Market Realist,"[{'topic': 'retail_wholesale', 'relevance_score': '0.944578'}, {'topic': 'real_estate', 'relevance_score': '0.868721'}, {'topic': 'financial_markets', 'relevance_score': '0.776787'}, {'topic': 'earnings', 'relevance_score': '0.719077'}]",0.232908,Somewhat-Bullish,"[{'ticker': 'SPG', 'relevance_score': '0.999255', 'ticker_sentiment_score': '0.259192', 'ticker_sentiment_label': 'Somewhat-Bullish'}, {'ticker': 'AMZN', 'relevance_score': '0.899173', 'ticker_sentiment_score': '0.234917', 'ticker_sentiment_label': 'Somewhat-Bullish'}]"
"Mall operator reportedly in talks to bring Amazon fulfillment centers to former J.C. Penney, Sears stores",https://www.lehighvalleylive.com/news/2020/08/jc-penney-sears-stores-reportedly-in-talks-to-possibly-become-amazon-fulfillment-centers.html,20200810T105200,['Pamela Sroka-Holzmann'],"Amazon and Simon Property Group Inc., the largest mall owner in the U.S., reportedly discussed converting former J.C. Penney and Sears stores into Amazon fulfillment centers. These discussions, which began before the pandemic but accelerated due to the decline of malls and e-commerce boom, would allow Amazon to speed up delivery and provide Simon with steady tenants for struggling spaces. While details remain speculative, this move could significantly impact the retail landscape, offering a new purpose for vacant department store properties.",https://www.lehighvalleylive.com/resizer/v2/https%3A%2F%2Fauthor-service-images-prod-us-east-1.publishing.aws.arc.pub%2Fadvancelocal%2F685d8afd-974b-4cd1-8ac4-e8b75f36f1cf.jpeg?auth=67edc19bc342af9b8c9219a8b05e3b37e49bde02dc8328353c47fe490ee6a030&width=180&smart=true&quality=90,lehighvalleylive,General,lehighvalleylive,"[{'topic': 'retail_wholesale', 'relevance_score': '0.916358'}, {'topic': 'real_estate', 'relevance_score': '0.824092'}, {'topic': 'economy_macro', 'relevance_score': '0.647531'}]",0.109225,Neutral,"[{'ticker': 'SPG', 'relevance_score': '1.000000', 'ticker_sentiment_score': '0.303344', 'ticker_sentiment_label': 'Somewhat-Bullish'}, {'ticker': 'AMZN', 'relevance_score': '0.931988', 'ticker_sentiment_score': '0.344647', 'ticker_sentiment_label': 'Somewhat-Bullish'}, {'ticker': 'WMT', 'relevance_score': '0.642447', 'ticker_sentiment_score': '-0.110339', 'ticker_sentiment_label': 'Neutral'}, {'ticker': 'TGT', 'relevance_score': '0.626656', 'ticker_sentiment_score': '-0.122707', 'ticker_sentiment_label': 'Neutral'}]"
Bridgford Foods Hit by Netwalker Ransomware,https://cyble.com/blog/bridgford-foods-allegedly-struck-by-netwalker-ransomware-operators/,20200810T215154,[],"Our researchers identified a leak post in which the Netwalker ransomware operators claimed to have breached Bridgford Foods. The Netwalker group has also shared a few screenshots to support their claim, in which you can spot data folders and data files such as accounting, Amazon, Walmart, marketing-related data, payroll files, payment statements, and bank emails. It seems that the Netwalker ransomware group would tend to publish the company’s sensitive data within 29 days.",,Cyble,General,Cyble,"[{'topic': 'technology', 'relevance_score': '1.000000'}, {'topic': 'manufacturing', 'relevance_score': '0.803017'}, {'topic': 'retail_wholesale', 'relevance_score': '0.707178'}, {'topic': 'finance', 'relevance_score': '0.602790'}]",0.101466,Neutral,"[{'ticker': 'BRID', 'relevance_score': '0.338137', 'ticker_sentiment_score': '0.006931', 'ticker_sentiment_label': 'Neutral'}, {'ticker': 'WMT', 'relevance_score': '0.635752', 'ticker_sentiment_score': '0.103795', 'ticker_sentiment_label': 'Neutral'}, {'ticker': 'AMZN', 'relevance_score': '0.635488', 'ticker_sentiment_score': '0.144077', 'ticker_sentiment_label': 'Neutral'}]"
"Banks and tech giants including JPMorgan and Amazon pledge to hire 100,000 minority and low-income New Yorkers",https://www.cnbc.com/2020/08/10/banks-and-tech-companies-including-jpmorgan-google-and-amazon-form-new-york-jobs-council.html,20200810T220000,['Hugh Son'],"A new organization called the New York Jobs CEO Council, comprising leaders from 27 firms including JPMorgan, IBM, and Amazon, has pledged to hire 100,000 people from low-income Black, Latino, and Asian communities by 2030. The initiative aims to address inequality exacerbated by the coronavirus pandemic, providing entry-level jobs and apprenticeships, with 25,000 specifically for CUNY students. Co-chairs include Jamie Dimon, Arvind Krishna, and Julie Sweet, with support from other tech and finance giants.",https://image.cnbcfm.com/api/v1/image/107312904-1696617763622-IMG_7438fnl2.jpg?v=1696618054&w=60&h=60&ffmt=webp,CNBC,General,CNBC,"[{'topic': 'finance', 'relevance_score': '0.923908'}, {'topic': 'economy_macro', 'relevance_score': '0.834481'}, {'topic': 'technology', 'relevance_score': '0.714845'}]",0.350164,Bullish,"[{'ticker': 'JPM', 'relevance_score': '1.000000', 'ticker_sentiment_score': '0.418527', 'ticker_sentiment_label': 'Bullish'}, {'ticker': 'AMZN', 'relevance_score': '0.726424', 'ticker_sentiment_score': '0.344616', 'ticker_sentiment_label': 'Somewhat-Bullish'}, {'ticker': 'GOOGL', 'relevance_score': '0.638711', 'ticker_sentiment_score': '0.335998', 'ticker_sentiment_label': 'Somewhat-Bullish'}, {'ticker': 'MSFT', 'relevance_score': '0.630958', 'ticker_sentiment_score': '0.326189', 'ticker_sentiment_label': 'Somewhat-Bullish'}, {'ticker': 'ACN', 'relevance_score': '0.629867', 'ticker_sentiment_score': '0.306067', 'ticker_sentiment_label': 'Somewhat-Bullish'}]"
"Antitrust hawks, restaurants want to rein in food delivery apps",https://rollcall.com/2020/08/11/antitrust-hawks-restaurants-want-to-rein-in-food-delivery-apps/,20200811T060000,['Dean DeChiaro'],"An online campaign led by the American Economic Liberties Project is launching to limit the market power of food delivery apps like Grubhub and Uber Eats. The campaign aims to lobby local and state governments to cap fees charged by these apps, which restaurants contend are predatory, especially during the COVID-19 pandemic. Additionally, the campaign seeks Federal Trade Commission investigation into the companies for alleged anti-competitive practices.",,Roll Call,General,Roll Call,"[{'topic': 'mergers_and_acquisitions', 'relevance_score': '0.803603'}, {'topic': 'economy_fiscal', 'relevance_score': '0.920195'}, {'topic': 'retail_wholesale', 'relevance_score': '0.859342'}, {'topic': 'technology', 'relevance_score': '0.711235'}, {'topic': 'economy_macro', 'relevance_score': '0.642444'}]",-0.083515,Neutral,"[{'ticker': 'DASH', 'relevance_score': '0.974749', 'ticker_sentiment_score': '-0.333784', 'ticker_sentiment_label': 'Somewhat-Bearish'}, {'ticker': 'UBER', 'relevance_score': '0.854687', 'ticker_sentiment_score': '-0.291362', 'ticker_sentiment_label': 'Somewhat-Bearish'}, {'ticker': 'GOOGL', 'relevance_score': '0.621595', 'ticker_sentiment_score': '0.099016', 'ticker_sentiment_label': 'Neutral'}, {'ticker': 'AMZN', 'relevance_score': '0.626397', 'ticker_sentiment_score': '0.061138', 'ticker_sentiment_label': 'Neutral'}, {'ticker': 'META', 'relevance_score': '0.613896', 'ticker_sentiment_score': '0.079726', 'ticker_sentiment_label': 'Neutral'}]"
Amazon to open multiple full-size grocery stores in Greater Washington. We've identified where.,https://www.bizjournals.com/washington/news/2020/08/11/amazon-to-open-multiple-full-size-grocery-stores.html,20200811T060700,['Jonathan Capriel'],"Amazon plans to open multiple full-size grocery stores in the Greater Washington area, distinct from its Whole Foods brand. These stores will be approximately 30,000 square feet each. The article, updated on August 12, 2020, indicates Amazon is actively expanding its grocery presence in the D.C. area.",https://media.bizj.us/view/img/11614408/amazon-go-grocery-opens-seattle-08*900xx5178-2914-0-0.jpg,The Business Journals,General,The Business Journals,"[{'topic': 'retail_wholesale', 'relevance_score': '0.949107'}, {'topic': 'real_estate', 'relevance_score': '0.704473'}, {'topic': 'technology', 'relevance_score': '0.635552'}]",0.198464,Somewhat-Bullish,"[{'ticker': 'AMZN', 'relevance_score': '1.000000', 'ticker_sentiment_score': '0.419612', 'ticker_sentiment_label': 'Bullish'}, {'ticker': 'SPG', 'relevance_score': '0.561948', 'ticker_sentiment_score': '-0.061616', 'ticker_sentiment_label': 'Neutral'}]"
Amazon expected to create largest metro Detroit location at former state fairgrounds site,https://www.crainsdetroit.com/real-estate/amazon-expected-create-largest-metro-detroit-location-former-state-fairgrounds-site,20200811T060700,"['Annalise Frank', 'Kirk Pinho']","Amazon is reportedly planning to develop a 3.8 million-square-foot distribution center at the former Michigan state fairgrounds site in Detroit, a project valued at $400 million. This development, which would create 1,200 jobs, is a joint effort by Sterling Group and Hillwood Enterprises LP, who will pay $9 million for the land without city tax breaks. The plan requires Detroit City Council approval and would also include a new $7 million transit center paid for by the developers.",,Crain's Detroit Business,General,Crain's Detroit Business,"[{'topic': 'manufacturing', 'relevance_score': '0.740274'}, {'topic': 'real_estate', 'relevance_score': '1.000000'}, {'topic': 'retail_wholesale', 'relevance_score': '0.942051'}]",0.170822,Somewhat-Bullish,"[{'ticker': 'AMZN', 'relevance_score': '0.988026', 'ticker_sentiment_score': '0.339486', 'ticker_sentiment_label': 'Somewhat-Bullish'}, {'ticker': 'WMT', 'relevance_score': '0.612262', 'ticker_sentiment_score': '0.032607', 'ticker_sentiment_label': 'Neutral'}]"
FuboTV begins streaming some content in 4K with HDR10,https://www.androidcentral.com/fubotv-begins-streaming-some-content-4k-hdr10,20200811T062513,['Phil Nickinson'],"FuboTV has started streaming select content, specifically main broadcasts of the 2018 FIFA World Cup, in 4K resolution with HDR10 support. This feature is initially available on Chromecast and Amazon Fire TV 4K devices, with support for Apple TV and Roku devices coming soon. FuboTV is the first virtual MVPD to launch 4K HDR in beta, requiring users to have compatible 4K HDR TVs, HDMI 2.0/2.2 ports, and sufficient bandwidth.",https://cdn.mos.cms.futurecdn.net/q2SY97d6QFHJotAuR9gZYo.jpg,Android Central,General,Android Central,"[{'topic': 'technology', 'relevance_score': '0.932804'}]",0.198541,Somewhat-Bullish,"[{'ticker': 'FUBO', 'relevance_score': '1.000000', 'ticker_sentiment_score': '0.470392', 'ticker_sentiment_label': 'Bullish'}, {'ticker': 'GOOGL', 'relevance_score': '0.628385', 'ticker_sentiment_score': '0.114250', 'ticker_sentiment_label': 'Neutral'}, {'ticker': 'FOXA', 'relevance_score': '0.616739', 'ticker_sentiment_score': '0.132364', 'ticker_sentiment_label': 'Neutral'}, {'ticker': 'AMZN', 'relevance_score': '0.639203', 'ticker_sentiment_score': '0.117311', 'ticker_sentiment_label': 'Neutral'}, {'ticker': 'AAPL', 'relevance_score': '0.607300', 'ticker_sentiment_score': '0.117390', 'ticker_sentiment_label': 'Neutral'}]"
Jack in the Box Goes All-In on AWS,https://www.businesswire.com/news/home/20200811005054/en/Jack-in-the-Box-Goes-All-In-on-AWS,20200811T063256,[],"Jack in the Box is migrating its entire IT infrastructure to Amazon Web Services (AWS), moving away from on-premises data centers to enhance flexibility, resilience, and operational efficiency across its 2,200+ restaurants. This transition involves utilizing AWS's cloud services, including Amazon RDS and Redshift, for data management, enabling advanced analytics for sales and inventory, and leveraging machine learning for improved customer service and personalized marketing. The move aims to innovate digital experiences, optimize operations, and better adapt to changing business conditions.",https://mms.businesswire.com/media/20200811005054/en/811635/4/AWS_logo_RGB.jpg?download=1,Business Wire,General,Business Wire,"[{'topic': 'technology', 'relevance_score': '1.000000'}, {'topic': 'retail_wholesale', 'relevance_score': '0.814832'}]",0.152108,Somewhat-Bullish,"[{'ticker': 'JACK', 'relevance_score': '1.000000', 'ticker_sentiment_score': '0.497198', 'ticker_sentiment_label': 'Bullish'}, {'ticker': 'AMZN', 'relevance_score': '0.923692', 'ticker_sentiment_score': '0.342811', 'ticker_sentiment_label': 'Somewhat-Bullish'}, {'ticker': 'ORCL', 'relevance_score': '0.636341', 'ticker_sentiment_score': '-0.123396', 'ticker_sentiment_label': 'Neutral'}, {'ticker': 'MSFT', 'relevance_score': '0.585753', 'ticker_sentiment_score': '-0.142703', 'ticker_sentiment_label': 'Neutral'}]"
"PPP likely saved 35 million jobs, says JPMorgan Chase CEO Jamie Dimon",https://www.nbcnews.com/business/economy/ppp-likely-saved-35-million-jobs-says-jpmorgan-chase-ceo-n1236341,20200811T074700,"['Stephanie Ruhle', 'Leticia Miranda', 'Michael Cappetta']","JPMorgan Chase CEO Jamie Dimon estimates that the government's Paycheck Protection Program (PPP) saved between 30 to 35 million jobs by providing loans to small businesses affected by the coronavirus pandemic. Dimon praised the swift action of lawmakers and the administration, but also highlighted the need to extend the program, especially for minority-owned businesses that may not have initially received adequate funds. He also discussed the formation of the New York Jobs CEO Council to address the racial wealth gap and economic inequality, anticipating a delayed economic recession and stressing the importance of safely reopening the economy.","https://media-cldnry.s-nbcnews.com/image/upload/t_focal-760x428,f_auto,q_auto:best/MSNBC/Components/Video/202008/n_ruhle_dimon_200811_1920x1080.jpg",NBC News,General,NBC News,"[{'topic': 'economy_fiscal', 'relevance_score': '1.000000'}, {'topic': 'finance', 'relevance_score': '0.814962'}, {'topic': 'economy_macro', 'relevance_score': '0.822720'}]",0.288013,Somewhat-Bullish,"[{'ticker': 'AMJB', 'relevance_score': '0.300976', 'ticker_sentiment_score': '0.033577', 'ticker_sentiment_label': 'Neutral'}, {'ticker': 'JPM', 'relevance_score': '1.000000', 'ticker_sentiment_score': '0.319199', 'ticker_sentiment_label': 'Somewhat-Bullish'}, {'ticker': 'GOOGL', 'relevance_score': '0.603196', 'ticker_sentiment_score': '0.310883', 'ticker_sentiment_label': 'Somewhat-Bullish'}, {'ticker': 'AMZN', 'relevance_score': '0.638910', 'ticker_sentiment_score': '0.302216', 'ticker_sentiment_label': 'Somewhat-Bullish'}, {'ticker': 'MSFT', 'relevance_score': '0.613637', 'ticker_sentiment_score': '0.346685', 'ticker_sentiment_label': 'Somewhat-Bullish'}]"
Payments giant Stripe poaches General Motors' CFO in its latest high-profile hire,https://www.cnbc.com/2020/08/11/payments-giant-stripe-poaches-general-motors-cfo-in-its-latest-high-profile-hire.html,20200811T101900,"['Yun Li', 'Kate Rooney']","Payments company Stripe has hired General Motors' Chief Financial Officer Dhivya Suryadevara as it expands its executive team amidst a boom in e-commerce. Suryadevara, who led GM through a challenging financial period, will focus on aggressive growth while maintaining fiscal responsibility at Stripe. This move is part of a series of high-profile hires by Stripe, which has seen significant growth, especially during the pandemic, and is currently valued at $36 billion.",,CNBC,General,CNBC,"[{'topic': 'finance', 'relevance_score': '0.907502'}, {'topic': 'technology', 'relevance_score': '0.846498'}, {'topic': 'ipo', 'relevance_score': '0.609197'}]",0.161047,Somewhat-Bullish,"[{'ticker': 'GM', 'relevance_score': '0.964259', 'ticker_sentiment_score': '-0.118110', 'ticker_sentiment_label': 'Neutral'}, {'ticker': 'AMZN', 'relevance_score': '0.705478', 'ticker_sentiment_score': '0.208835', 'ticker_sentiment_label': 'Somewhat-Bullish'}, {'ticker': 'MSFT', 'relevance_score': '0.637987', 'ticker_sentiment_score': '0.218036', 'ticker_sentiment_label': 'Somewhat-Bullish'}, {'ticker': 'CRM', 'relevance_score': '0.631664', 'ticker_sentiment_score': '0.223284', 'ticker_sentiment_label': 'Somewhat-Bullish'}]"
"Hyundai, Aptiv Dub Autonomous Venture ‘Motional,’ Increase Hiring",https://www.ttnews.com/articles/hyundai-aptiv-dub-autonomous-venture-motional-increase-hiring,20200811T121500,"['Gabrielle Coppola', 'Sophia Cai']","Hyundai Motor Group and Aptiv Plc have named their autonomous-driving joint venture ""Motional"" and plan significant expansion. The company aims to increase staffing by 45% to over 1,000 people and have a self-driving car ready for testing by 2022. Motional seeks to sell its software to robotaxi fleets, leveraging Hyundai's backing to compete with tech giants entering the autonomous vehicle space.",https://www.ttnews.com/sites/default/files/styles/article_full_width_image/public/images/articles/hyundai-aptiv.jpg,Transport Topics,General,Transport Topics,"[{'topic': 'technology', 'relevance_score': '0.946819'}, {'topic': 'energy_transportation', 'relevance_score': '0.725469'}]",0.139549,Neutral,"[{'ticker': 'APTV', 'relevance_score': '1.000000', 'ticker_sentiment_score': '0.493523', 'ticker_sentiment_label': 'Bullish'}, {'ticker': 'AMZN', 'relevance_score': '0.614337', 'ticker_sentiment_score': '0.143715', 'ticker_sentiment_label': 'Neutral'}, {'ticker': 'GOOGL', 'relevance_score': '0.581501', 'ticker_sentiment_score': '0.130383', 'ticker_sentiment_label': 'Neutral'}, {'ticker': 'TSLA', 'relevance_score': '0.552006', 'ticker_sentiment_score': '-0.116905', 'ticker_sentiment_label': 'Neutral'}]"
Jack in the Box contains data in the cloud,https://chainstoreage.com/jack-box-contains-data-cloud,20200811T223653,['Dan Berthiaume'],"Jack in the Box has migrated its on-premises data centers to Amazon Web Services (AWS) cloud infrastructure to enhance flexibility, resiliency, and customer experiences. This move allows the company to automate IT administration tasks, reduce costs, and leverage machine learning for deeper customer insights and operational efficiency. The fast-food retailer plans further AWS-based projects, including prediction of store-level customer traffic and optimization of service time and food costs, especially in response to increased mobile app and delivery service use during the COVID-19 pandemic.",,Chain Store Age,General,Chain Store Age,"[{'topic': 'technology', 'relevance_score': '0.915046'}, {'topic': 'retail_wholesale', 'relevance_score': '0.817621'}]",0.357765,Bullish,"[{'ticker': 'JACK', 'relevance_score': '0.981507', 'ticker_sentiment_score': '0.414121', 'ticker_sentiment_label': 'Bullish'}, {'ticker': 'AMZN', 'relevance_score': '0.719332', 'ticker_sentiment_score': '0.311159', 'ticker_sentiment_label': 'Somewhat-Bullish'}]"
"Jamie Dimon of JP Morgan Chase and other CEOs aim to hire 100,000 New Yorkers by 2030",https://www.usatoday.com/story/money/2020/08/11/jobs-jp-morgan-chase-joins-other-employers-goal-hire-100-000/3310303001/,20200811T223715,['Charisse Jones'],"A group of CEOs, led by Jamie Dimon of JPMorgan Chase and the head of Google, formed the New York Jobs CEO Council with the goal of hiring 100,000 disadvantaged New Yorkers or people of color by 2030. This initiative aims to provide training, apprenticeships, and entry-level positions to address economic inequities exacerbated by the COVID-19 crisis, particularly in communities of color. The program, which includes companies like Goldman Sachs and Amazon, also plans to expand beyond entry-level roles and potentially to other cities.",,USA Today,General,USA Today,"[{'topic': 'finance', 'relevance_score': '0.815038'}, {'topic': 'economy_macro', 'relevance_score': '0.725921'}]",0.321657,Somewhat-Bullish,"[{'ticker': 'JPM', 'relevance_score': '1.000000', 'ticker_sentiment_score': '0.428290', 'ticker_sentiment_label': 'Bullish'}, {'ticker': 'GOOG', 'relevance_score': '0.746933', 'ticker_sentiment_score': '0.321845', 'ticker_sentiment_label': 'Somewhat-Bullish'}, {'ticker': 'GS', 'relevance_score': '0.722818', 'ticker_sentiment_score': '0.340460', 'ticker_sentiment_label': 'Somewhat-Bullish'}, {'ticker': 'AMZN', 'relevance_score': '0.616715', 'ticker_sentiment_score': '0.319622', 'ticker_sentiment_label': 'Somewhat-Bullish'}, {'ticker': 'MA', 'relevance_score': '0.602324', 'ticker_sentiment_score': '0.348003', 'ticker_sentiment_label': 'Somewhat-Bullish'}]"
Kroger goes for endless aisles with new marketplace strategy,https://www.grocerydive.com/news/kroger-goes-for-endless-aisles-with-new-marketplace-strategy/583260/,20200811T224154,['Jeff Wells'],"Kroger is expanding its ship-to-home service by launching a marketplace strategy that will initially offer over 50,000 products from third-party sellers, effectively doubling its current online assortment. This initiative focuses on specialty, natural, organic, and international products, as well as general merchandise, aiming to attract high-value shoppers and compete with other major retailers. Kroger has partnered with Mirakl and carefully vetted sellers to ensure product quality and enhance its e-commerce presence by integrating ship-to-home, delivery, and curbside pickup services.",,Grocery Dive,General,Grocery Dive,"[{'topic': 'retail_wholesale', 'relevance_score': '0.922603'}, {'topic': 'technology', 'relevance_score': '0.724139'}]",0.176063,Somewhat-Bullish,"[{'ticker': 'KR', 'relevance_score': '1.000000', 'ticker_sentiment_score': '0.344799', 'ticker_sentiment_label': 'Somewhat-Bullish'}, {'ticker': 'AMZN', 'relevance_score': '0.712841', 'ticker_sentiment_score': '0.111202', 'ticker_sentiment_label': 'Neutral'}, {'ticker': 'WMT', 'relevance_score': '0.634845', 'ticker_sentiment_score': '0.141627', 'ticker_sentiment_label': 'Neutral'}, {'ticker': 'TGT', 'relevance_score': '0.612138', 'ticker_sentiment_score': '0.127768', 'ticker_sentiment_label': 'Neutral'}]"
Macerich posts $27M loss; CEO touts physical retail,https://therealdeal.com/la/2020/08/11/macerich-posts-27m-loss-ceo-says-physical-retail-here-to-stay/,20200811T233500,['Matthew Blake'],"Mall landlord Macerich reported a $26.7 million net income loss in the second quarter of 2020, down significantly from a $13.9 million profit in the same period of 2019, as rent collection proved challenging during pandemic-induced mall closures. Despite acknowledging the financial hit, CEO Thomas O’Hern remained optimistic about physical retail, projecting better performance for the latter half of the year and downplaying the long-term impact of e-commerce. The company faced hurdles with declining rent collections and an acceleration of tenant bankruptcies but maintained that its leasing strategy remained unchanged.",https://static.therealdeal.com/wp-content/uploads/2020/08/macerich-1-50x31.jpg,The Real Deal,General,The Real Deal,"[{'topic': 'earnings', 'relevance_score': '0.936154'}, {'topic': 'real_estate', 'relevance_score': '0.833394'}, {'topic': 'retail_wholesale', 'relevance_score': '0.711731'}, {'topic': 'economy_macro', 'relevance_score': '0.600861'}]",0.089573,Neutral,"[{'ticker': 'MAC', 'relevance_score': '1.000000', 'ticker_sentiment_score': '-0.648963', 'ticker_sentiment_label': 'Bearish'}, {'ticker': 'AMZN', 'relevance_score': '0.708657', 'ticker_sentiment_score': '0.738478', 'ticker_sentiment_label': 'Bullish'}]"
"Amazon Cometh: The 7,000 Units on the Boards Between Pentagon City and Potomac Yard",https://dc.urbanturf.com/articles/blog/the-7000-unit-rundown-between-pentagon-city-and-potomac-yard/17178,20200812T063302,['Nena Perry-Brown'],"This article details the extensive residential development pipeline in the ""National Landing"" area of northern Virginia, including Pentagon City and Potomac Yard, spurred by Amazon's presence. It highlights over 7,000 new residential units across various projects, outlining specific buildings, unit counts, retail components, and affordable housing commitments. The developments aim to transform the area with new housing, commercial spaces, and infrastructure in response to the increased demand.",https://assets.urbanturf.com/dc/images/blog/2019/07/Riverhouse%20Joyce%20Street%20Rendering%20-%20JBG%20SMITH.JPG,UrbanTurf,General,UrbanTurf,"[{'topic': 'real_estate', 'relevance_score': '1.000000'}]",0.299266,Somewhat-Bullish,"[{'ticker': 'JBGS', 'relevance_score': '0.933230', 'ticker_sentiment_score': '0.305311', 'ticker_sentiment_label': 'Somewhat-Bullish'}, {'ticker': 'AMZN', 'relevance_score': '0.744962', 'ticker_sentiment_score': '0.292330', 'ticker_sentiment_label': 'Somewhat-Bullish'}, {'ticker': 'KIM', 'relevance_score': '0.602081', 'ticker_sentiment_score': '0.221285', 'ticker_sentiment_label': 'Somewhat-Bullish'}]"
"Victoria’s Secret, PINK stores in Shrewsbury have permanently closed",https://www.nj.com/business/2020/08/victorias-secret-pink-stores-in-shrewsbury-have-permanently-closed.html,20200812T180000,['Nicolette Accardi'],"The Victoria's Secret and PINK stores in Shrewsbury, New Jersey, have permanently closed as of July 30, 2020. This closure is part of a larger plan by Victoria's Secret parent company, L Brands, to close about 250 stores in the U.S. and Canada in 2020. While 37 Victoria's Secret and 10 PINK stores remain in New Jersey, further closures in the state are uncertain.",https://www.nj.com/resizer/v2/I6HS5WR4RBE3VCMU7BUDHXLMTY.jpg?auth=af0c2ddd86a8d3992908ac6bed509c3bd6e82594076c3b5d4bbe7c7bff2a436f&width=1280&smart=true&quality=90,NJ.com,General,NJ.com,"[{'topic': 'retail_wholesale', 'relevance_score': '1.000000'}, {'topic': 'earnings', 'relevance_score': '0.836750'}]",-0.135166,Neutral,"[{'ticker': 'VSCO', 'relevance_score': '1.000000', 'ticker_sentiment_score': '-0.419500', 'ticker_sentiment_label': 'Bearish'}, {'ticker': 'WMT', 'relevance_score': '0.632950', 'ticker_sentiment_score': '-0.108870', 'ticker_sentiment_label': 'Neutral'}, {'ticker': 'AMZN', 'relevance_score': '0.644547', 'ticker_sentiment_score': '0.104542', 'ticker_sentiment_label': 'Neutral'}]"
Item Detection Camera From: Cognex Corporation,https://www.packworld.com/trends/controls-machine-components/product/21160136/cognex-corporation-item-detection-camera,20200813T061359,[],"Cognex Corporation has introduced the 3D-A1000 Item Detection System, a smart camera designed to identify objects on high-speed sorters. This system utilizes patented 3D Symbolic Light technology for precise 3D and 2D information without an encoder, allowing for quick installation and detailed inspections. It aims to improve the accuracy and speed of sorting systems for retailers.",https://img.packworld.com/files/base/pmmi/all/image/2020/08/3D_A1000_Item_Detection_image.5f34355ca6aef.png?auto=format%2Ccompress&q=70&w=400,Packaging World,General,Packaging World,"[{'topic': 'manufacturing', 'relevance_score': '0.811910'}, {'topic': 'technology', 'relevance_score': '0.843057'}, {'topic': 'retail_wholesale', 'relevance_score': '0.608942'}]",0.288765,Somewhat-Bullish,"[{'ticker': 'CGNX', 'relevance_score': '1.000000', 'ticker_sentiment_score': '0.439107', 'ticker_sentiment_label': 'Bullish'}, {'ticker': 'AMZN', 'relevance_score': '0.631490', 'ticker_sentiment_score': '0.252102', 'ticker_sentiment_label': 'Somewhat-Bullish'}, {'ticker': 'MMM', 'relevance_score': '0.574662', 'ticker_sentiment_score': '0.139715', 'ticker_sentiment_label': 'Neutral'}]"
Departure of GM CFO Dhivya Suryadevara highlights ongoing 'brain drain' problem for auto industry,https://www.cnbc.com/2020/08/13/departure-of-gm-cfo-dhivya-suryadevara-highlights-ongoing-brain-drain-problem-for-auto-industry.html,20200813T063000,['Michael Wayland'],"The departure of GM CFO Dhivya Suryadevara to digital payments company Stripe highlights a growing ""brain drain"" problem for traditional automakers like GM and Ford. As the automotive and tech sectors increasingly collide, these companies struggle with talent acquisition and retention, losing seasoned executives and promising mid-career professionals to tech firms and startups. This trend is exacerbated by a perceived lack of appeal in the automotive industry compared to the innovative allure of the tech sector.",,CNBC,General,CNBC,"[{'topic': 'earnings', 'relevance_score': '0.831214'}, {'topic': 'economy_macro', 'relevance_score': '0.649095'}, {'topic': 'energy_transportation', 'relevance_score': '0.942802'}, {'topic': 'technology', 'relevance_score': '0.702534'}]",-0.16555,Somewhat-Bearish,"[{'ticker': 'GM', 'relevance_score': '1.000000', 'ticker_sentiment_score': '-0.431650', 'ticker_sentiment_label': 'Bearish'}, {'ticker': 'F', 'relevance_score': '0.800338', 'ticker_sentiment_score': '-0.239642', 'ticker_sentiment_label': 'Somewhat-Bearish'}, {'ticker': 'AMZN', 'relevance_score': '0.606745', 'ticker_sentiment_score': '-0.140736', 'ticker_sentiment_label': 'Neutral'}, {'ticker': 'TSLA', 'relevance_score': '0.600853', 'ticker_sentiment_score': '0.249925', 'ticker_sentiment_label': 'Somewhat-Bullish'}]"
"Amazon and Google among big US companies pledging to hire 100,000 people from marginalized New York communities",https://www.weforum.org/stories/2020/08/new-york-companies-hire-workers-low-income-minority/,20200813T063340,['Rosamond Hutt'],"Major US companies including Amazon, Google, and Goldman Sachs have pledged to hire 100,000 people from New York City's low-income and minority communities by 2030. This initiative, called the New York Jobs CEO Council, aims to address racial and economic inequities worsened by COVID-19 by providing entry-level positions, apprenticeships, and on-the-job learning. While the effort is praised as a good start, experts emphasize the need for specific interventions like mentoring programs and performance reviews to ensure career advancement for employees from underrepresented backgrounds beyond entry-level roles.",https://assets.weforum.org/article/image/3rYQ5JdGGqYIyLT59k1lYMYoSqQCFGfGCX92oG2brGU.JPG,The World Economic Forum,General,The World Economic Forum,"[{'topic': 'economy_macro', 'relevance_score': '0.912650'}, {'topic': 'finance', 'relevance_score': '0.727204'}, {'topic': 'technology', 'relevance_score': '0.614298'}]",0.26209,Somewhat-Bullish,"[{'ticker': 'JPM', 'relevance_score': '0.937613', 'ticker_sentiment_score': '0.315371', 'ticker_sentiment_label': 'Somewhat-Bullish'}, {'ticker': 'AMZN', 'relevance_score': '0.856878', 'ticker_sentiment_score': '0.294691', 'ticker_sentiment_label': 'Somewhat-Bullish'}, {'ticker': 'GOOGL', 'relevance_score': '0.801589', 'ticker_sentiment_score': '0.274812', 'ticker_sentiment_label': 'Somewhat-Bullish'}, {'ticker': 'MSFT', 'relevance_score': '0.687652', 'ticker_sentiment_score': '0.223776', 'ticker_sentiment_label': 'Somewhat-Bullish'}, {'ticker': 'BAC', 'relevance_score': '0.579628', 'ticker_sentiment_score': '0.199523', 'ticker_sentiment_label': 'Somewhat-Bullish'}]"
"P&G trials Olay refill pods: ‘Small steps can lead to monumental change’, says exec",https://www.cosmeticsdesign-europe.com/Article/2020/08/13/Proctor-Gamble-trials-refill-pods-for-Olay-skin-care-on-Amazon-in-the-UK/,20200813T064551,['Kacey Culliney'],"Procter & Gamble is launching Olay refill pods for its Regenerist Whip moisturiser on Amazon UK, marking its first European foray after a North American trial. These recyclable pods aim to reduce plastic waste and promote sustainability in beauty. P&G views this initiative as a ""first step"" towards more sustainable packaging and is partnering with Young Women's Trust, donating £5 from each purchase to support young women.",https://www.cosmeticsdesign-europe.com/resizer/v2/QK5LGMHLANJEHIHESHZWZZ7EZE.jpg?auth=222a44456a4a7cbb3b078e98afbead6813272d12a31798444cb2660a07993ff1&smart=true,Cosmetics Design Europe,General,Cosmetics Design Europe,"[{'topic': 'retail_wholesale', 'relevance_score': '0.934361'}]",0.21809,Somewhat-Bullish,"[{'ticker': 'PG', 'relevance_score': '0.975288', 'ticker_sentiment_score': '0.313082', 'ticker_sentiment_label': 'Somewhat-Bullish'}, {'ticker': 'AMZN', 'relevance_score': '0.721979', 'ticker_sentiment_score': '0.207999', 'ticker_sentiment_label': 'Somewhat-Bullish'}, {'ticker': 'TSCO', 'relevance_score': '0.590435', 'ticker_sentiment_score': '0.109285', 'ticker_sentiment_label': 'Neutral'}]"
Sonos Move vs. Bose Portable Smart Speaker: Which should you buy?,https://www.imore.com/sonos-move-vs-bose-portable-smart-speaker,20200813T065403,['Christopher Close'],"This article compares the Sonos Move and Bose Portable Smart Speaker, highlighting their pros, cons, and key features to help consumers choose the best option based on their priorities. The Sonos Move offers Apple Music support and an included charging dock, while the Bose speaker is more portable, lighter, and has a longer battery life at a lower price. Ultimately, the choice depends on whether convenience and Apple Music compatibility (Sonos Move) or portability and price (Bose) are more important to the buyer.",https://cdn.mos.cms.futurecdn.net/fcYHvNjHDjAzoG8pqnPkbC.jpeg,iMore,General,iMore,"[{'topic': 'technology', 'relevance_score': '1.000000'}]",0.262325,Somewhat-Bullish,"[{'ticker': 'SONO', 'relevance_score': '1.000000', 'ticker_sentiment_score': '0.432091', 'ticker_sentiment_label': 'Bullish'}, {'ticker': 'BBY', 'relevance_score': '0.645884', 'ticker_sentiment_score': '0.202108', 'ticker_sentiment_label': 'Somewhat-Bullish'}, {'ticker': 'AMZN', 'relevance_score': '0.637948', 'ticker_sentiment_score': '0.239136', 'ticker_sentiment_label': 'Somewhat-Bullish'}, {'ticker': 'WMT', 'relevance_score': '0.647794', 'ticker_sentiment_score': '0.209480', 'ticker_sentiment_label': 'Somewhat-Bullish'}, {'ticker': 'AAPL', 'relevance_score': '0.703676', 'ticker_sentiment_score': '0.301434', 'ticker_sentiment_label': 'Somewhat-Bullish'}]"
Apple Sells $5.5 Billion of Bonds in Tech Borrowing Boom,https://www.bloomberg.com/news/articles/2020-08-13/apple-joins-the-tech-borrowing-boom-with-second-deal-this-year,20200813T123000,['Molly Smith'],"Apple Inc. has sold $5.5 billion in bonds, joining a trend of tech giants leveraging low borrowing costs. This marks Apple's second bond issuance in a single calendar year since 2017, a strategy also pursued by companies like Amazon and Alphabet. The move highlights the current environment where cash-rich companies are taking advantage of historically low yields to raise capital.",https://assets.bwbx.io/images/users/iqjWHBFdfxIU/iQd2C0GruqM8/v1/-1x-1.webp,Bloomberg.com,General,Bloomberg.com,"[{'topic': 'finance', 'relevance_score': '0.911326'}, {'topic': 'financial_markets', 'relevance_score': '0.831978'}, {'topic': 'technology', 'relevance_score': '0.746157'}, {'topic': 'economy_monetary', 'relevance_score': '0.627660'}, {'topic': 'economy_macro', 'relevance_score': '0.606015'}]",0.199532,Somewhat-Bullish,"[{'ticker': 'AAPL', 'relevance_score': '1.000000', 'ticker_sentiment_score': '0.411161', 'ticker_sentiment_label': 'Bullish'}, {'ticker': 'AMZN', 'relevance_score': '0.621822', 'ticker_sentiment_score': '0.119736', 'ticker_sentiment_label': 'Neutral'}, {'ticker': 'GOOGL', 'relevance_score': '0.604907', 'ticker_sentiment_score': '0.113926', 'ticker_sentiment_label': 'Neutral'}, {'ticker': 'GOOG', 'relevance_score': '0.607814', 'ticker_sentiment_score': '0.115232', 'ticker_sentiment_label': 'Neutral'}]"
"Disney, Netflix Sue Streaming Service for Copyright Infringement",https://news.bloomberglaw.com/ip-law/disney-netflix-sue-streaming-service-for-copyright-infringement,20200813T212900,['Jake Holland'],"Disney, Netflix, and other major media companies have filed a lawsuit against Florida-based Crystal Clear Media, alleging copyright infringement. The lawsuit, filed in a U.S. District Court in California, claims that Crystal Clear Media illegally offers copyrighted movies and television programs online for a fee, including popular titles like ""Frozen II"" and ""The Amazing Spider-Man.""",https://news-api.bloomberglaw.com/v1/resize-image?url=http%3A%2F%2Fbloomberg-bna-brightspot.s3.amazonaws.com%2Fa6%2F6b%2Fe68313a143ed86fbabed8e0fa0ab%2Fnetflix.jpg&width=1240&height=480&fit=cover&crop=3998x1541%2B0%2B400,Bloomberg Law News,General,Bloomberg Law News,"[{'topic': 'technology', 'relevance_score': '0.831448'}]",0.293855,Somewhat-Bullish,"[{'ticker': 'NFLX', 'relevance_score': '1.000000', 'ticker_sentiment_score': '0.336730', 'ticker_sentiment_label': 'Somewhat-Bullish'}, {'ticker': 'DIS', 'relevance_score': '0.920010', 'ticker_sentiment_score': '0.315404', 'ticker_sentiment_label': 'Somewhat-Bullish'}, {'ticker': 'AMZN', 'relevance_score': '0.625567', 'ticker_sentiment_score': '0.211755', 'ticker_sentiment_label': 'Somewhat-Bullish'}, {'ticker': 'WBD', 'relevance_score': '0.642246', 'ticker_sentiment_score': '0.243588', 'ticker_sentiment_label': 'Somewhat-Bullish'}]"
CarParts.com Reports Big Second Quarter,https://labusinessjournal.com/manufacturing/carparts-reports-big-second-quarter/,20200813T230634,['Mediha DiMartino'],"CarParts.com reported a strong second quarter with revenue increasing 61% to $118.9 million and a net income of $1.6 million. CEO Lev Peker attributed this growth to pandemic-related factors, including consumers opting for DIY car repairs and driving personal vehicles more. The company also recently changed its name from U.S. Auto Parts Network Inc. to CarParts.com Inc. to better reflect its identity as a technology company in the auto parts business.",,Los Angeles Business Journal,General,Los Angeles Business Journal,"[{'topic': 'earnings', 'relevance_score': '0.928954'}, {'topic': 'retail_wholesale', 'relevance_score': '0.805934'}, {'topic': 'economy_macro', 'relevance_score': '0.748813'}, {'topic': 'technology', 'relevance_score': '0.606250'}, {'topic': 'energy_transportation', 'relevance_score': '0.616834'}]",0.119176,Neutral,"[{'ticker': 'PRTS', 'relevance_score': '0.950927', 'ticker_sentiment_score': '0.455552', 'ticker_sentiment_label': 'Bullish'}, {'ticker': 'AZO', 'relevance_score': '0.618057', 'ticker_sentiment_score': '-0.194697', 'ticker_sentiment_label': 'Somewhat-Bearish'}, {'ticker': 'ORLY', 'relevance_score': '0.603332', 'ticker_sentiment_score': '-0.178894', 'ticker_sentiment_label': 'Somewhat-Bearish'}, {'ticker': 'EBAY', 'relevance_score': '0.620183', 'ticker_sentiment_score': '0.119995', 'ticker_sentiment_label': 'Neutral'}, {'ticker': 'AMZN', 'relevance_score': '0.637003', 'ticker_sentiment_score': '0.146719', 'ticker_sentiment_label': 'Neutral'}]"
"US retailers take on Amazon, eBay over counterfeit goods",https://gulfnews.com/business/retail/us-retailers-take-on-amazon-ebay-over-counterfeit-goods-1.1597400951802,20200814T141900,['Bloomberg'],"A new coalition formed by major US retailers like Walmart and Target is pushing for legislation to compel e-commerce giants such as Amazon and eBay to better verify third-party sellers and combat counterfeit goods. The ""Buy Safe America Coalition"" supports the INFORM Consumers Act, which would require digital marketplaces to collect and disclose more detailed information about high-volume sellers. This initiative comes amidst growing concerns about fake products online, a problem that has intensified during the pandemic-driven surge in e-commerce, and follows previous calls from lawmakers and the White House for stronger measures.",https://media.assettype.com/gulfnews%2Fimport%2F2011%2F4%2F1%2F1_16a08159a11.786343_1298342414_16a08159a11_large.jpg?w=480&auto=format%2Ccompress&fit=max,Gulf News,General,Gulf News,"[{'topic': 'retail_wholesale', 'relevance_score': '0.929214'}, {'topic': 'economy_fiscal', 'relevance_score': '0.737132'}, {'topic': 'finance', 'relevance_score': '0.607156'}, {'topic': 'technology', 'relevance_score': '0.641524'}]",0.019692,Neutral,"[{'ticker': 'BBY', 'relevance_score': '0.869529', 'ticker_sentiment_score': '0.246343', 'ticker_sentiment_label': 'Somewhat-Bullish'}, {'ticker': 'AMZN', 'relevance_score': '0.986407', 'ticker_sentiment_score': '-0.328804', 'ticker_sentiment_label': 'Somewhat-Bearish'}, {'ticker': 'EBAY', 'relevance_score': '0.952217', 'ticker_sentiment_score': '-0.310530', 'ticker_sentiment_label': 'Somewhat-Bearish'}, {'ticker': 'WMT', 'relevance_score': '0.832956', 'ticker_sentiment_score': '0.258111', 'ticker_sentiment_label': 'Somewhat-Bullish'}, {'ticker': 'TGT', 'relevance_score': '0.806609', 'ticker_sentiment_score': '0.248905', 'ticker_sentiment_label': 'Somewhat-Bullish'}]"
The post-COVID economy,https://www.ib.barclays/our-insights/The-post-COVID-economy.html,20200814T215058,"['Christian Keller', 'Shreya Sodhani', 'Iaroslav Shelepko', 'Brian Tan']","This article examines four key trends that are likely to shape the global economy after the COVID-19 pandemic: the acceleration of de-globalization, the reversal of hypermobility and agglomeration, the acceleration of automation and digitization, and increased demand for green policies. It discusses how the pandemic intensified existing trends and reversed others, impacting trade, travel, urbanization, and technology adoption, with significant macroeconomic implications.",,Barclays Investment Bank,General,Barclays Investment Bank,"[{'topic': 'economy_macro', 'relevance_score': '0.929587'}, {'topic': 'economy_fiscal', 'relevance_score': '0.749478'}]",0.160475,Somewhat-Bullish,"[{'ticker': 'BCS', 'relevance_score': '0.840551', 'ticker_sentiment_score': '0.109647', 'ticker_sentiment_label': 'Neutral'}, {'ticker': 'MSFT', 'relevance_score': '0.607391', 'ticker_sentiment_score': '0.226445', 'ticker_sentiment_label': 'Somewhat-Bullish'}, {'ticker': 'AMZN', 'relevance_score': '0.618861', 'ticker_sentiment_score': '0.212765', 'ticker_sentiment_label': 'Somewhat-Bullish'}, {'ticker': 'HON', 'relevance_score': '0.570129', 'ticker_sentiment_score': '0.190154', 'ticker_sentiment_label': 'Somewhat-Bullish'}, {'ticker': 'IBM', 'relevance_score': '0.569827', 'ticker_sentiment_score': '0.177025', 'ticker_sentiment_label': 'Somewhat-Bullish'}]"
GIB - CGI Inc Latest Stock News & Market Updates,https://www.stocktitan.net/news/GIB/,20200815T042837,[],"This page provides the latest news and insights on CGI Inc. (GIB), a global IT and business consulting firm. It covers company announcements on technology initiatives, government contracts, acquisitions, and regulatory disclosures. Recent updates include CGI's expansion in Atlanta, director election results, Q1 Fiscal 2026 earnings, renewal of its Normal Course Issuer Bid, and strategic collaborations with OpenAI and Google Cloud for advanced AI solutions.",,Stock Titan,General,Stock Titan,"[{'topic': 'earnings', 'relevance_score': '0.926360'}, {'topic': 'mergers_and_acquisitions', 'relevance_score': '0.819378'}, {'topic': 'technology', 'relevance_score': '0.948294'}]",0.150808,Somewhat-Bullish,"[{'ticker': 'GIB', 'relevance_score': '1.000000', 'ticker_sentiment_score': '0.235418', 'ticker_sentiment_label': 'Somewhat-Bullish'}, {'ticker': 'GOOG', 'relevance_score': '0.635161', 'ticker_sentiment_score': '0.127970', 'ticker_sentiment_label': 'Neutral'}, {'ticker': 'GOOGL', 'relevance_score': '0.628916', 'ticker_sentiment_score': '0.145134', 'ticker_sentiment_label': 'Neutral'}, {'ticker': 'MSFT', 'relevance_score': '0.548353', 'ticker_sentiment_score': '0.137432', 'ticker_sentiment_label': 'Neutral'}, {'ticker': 'AMZN', 'relevance_score': '0.530346', 'ticker_sentiment_score': '0.121123', 'ticker_sentiment_label': 'Neutral'}]"
"Macy's closing 100 stores nationwide, locations unknown",https://www.wrtv.com/news/local-news/macys-closing-100-stores-nationwide-locations-unknown,20200815T063710,['Matt McKinney'],"Macy's announced plans to close approximately 100 stores nationwide, representing about 14% of its total locations, by early 2017. The department store chain aims to invest more in online shopping and create a more energized experience in its remaining stores. While specific locations to be closed were not disclosed, Macy's stated that employees affected by the closures would be given opportunities to transfer to other stores if possible.",https://ewscripps.brightspotcdn.com/dims4/default/f0a02a7/2147483647/strip/true/crop/640x360+0+0/resize/1280x720!/quality/90/?url=https%3A%2F%2Fmediaassets.theindychannel.com%2Fphoto%2F2016%2F08%2F11%2FIMG_8647_1470925793057_44120165_ver1.0_640_480.PNG,WRTV,General,WRTV,"[{'topic': 'retail_wholesale', 'relevance_score': '0.924922'}]",-0.095977,Neutral,"[{'ticker': 'M', 'relevance_score': '1.000000', 'ticker_sentiment_score': '-0.307337', 'ticker_sentiment_label': 'Somewhat-Bearish'}, {'ticker': 'AMZN', 'relevance_score': '0.600186', 'ticker_sentiment_score': '0.208811', 'ticker_sentiment_label': 'Somewhat-Bullish'}]"
More than a dozen Massachusetts malls could be transformed as part of deal with Amazon,https://www.masslive.com/business/2020/08/more-than-a-dozen-massachusetts-malls-could-be-transformed-as-part-of-deal-with-amazon.html,20200815T102700,['Catherine Carlock'],"Amazon.com Inc. and mall owner Simon Property Group Inc. are discussing a deal to transform vacant or occupied Sears and JCPenney locations within Simon malls into Amazon distribution hubs. This potential agreement could significantly impact Massachusetts commercial real estate, as Simon owns 14 properties in the state, five of which currently host Sears or JCPenney stores. Amazon is already a major industrial tenant in Greater Boston and continues to expand its distribution and delivery operations in the region.",,MassLive.com,General,MassLive.com,"[{'topic': 'retail_wholesale', 'relevance_score': '0.946507'}, {'topic': 'real_estate', 'relevance_score': '0.825481'}, {'topic': 'technology', 'relevance_score': '0.627242'}, {'topic': 'economy_macro', 'relevance_score': '0.606473'}]",0.281245,Somewhat-Bullish,"[{'ticker': 'AMZN', 'relevance_score': '1.000000', 'ticker_sentiment_score': '0.322471', 'ticker_sentiment_label': 'Somewhat-Bullish'}, {'ticker': 'SPG', 'relevance_score': '0.836460', 'ticker_sentiment_score': '0.286260', 'ticker_sentiment_label': 'Somewhat-Bullish'}]"
"Chewy Founder Ryan Cohen, Who Sold His Company For $3 Billion, Shares His Best Advice",https://www.forbes.com/sites/zackfriedman/2020/08/16/entrepreneur-chewy-founder-ryan-cohen-shares-his-best-advice/,20200816T084000,['Zack Friedman'],"Ryan Cohen, founder of Chewy, shares his entrepreneurial journey, including overcoming 100 investor rejections and successfully building Chewy into a multi-billion dollar online pet retailer. He emphasizes customer obsession, strategic risk-taking, and the timeless advice from his father to prioritize customer happiness over immediate profit.",NULL,Forbes,General,Forbes,"[{'topic': 'retail_wholesale', 'relevance_score': '0.814190'}, {'topic': 'finance', 'relevance_score': '0.741556'}]",0.376429,Bullish,"[{'ticker': 'CHWY', 'relevance_score': '1.000000', 'ticker_sentiment_score': '0.868569', 'ticker_sentiment_label': 'Bullish'}, {'ticker': 'AMZN', 'relevance_score': '0.718994', 'ticker_sentiment_score': '0.149206', 'ticker_sentiment_label': 'Neutral'}, {'ticker': 'HD', 'relevance_score': '0.595104', 'ticker_sentiment_score': '0.122497', 'ticker_sentiment_label': 'Neutral'}]"
Roku Stock In 3 Years: What's Possible?,https://www.forbes.com/sites/greatspeculations/2020/08/17/what-will-roku-look-like-in-2023/,20200817T060000,['Trefis Team'],"This article analyzes Roku's stock potential over the next three years, predicting significant revenue growth and a potential return to profitability by 2022. Driven by an expanding user base and increasing advertising revenue, Roku's market cap could reach $27 billion, representing a 50% stock price increase. The analysis suggests that while the company is currently posting losses, its growth trajectory and P/S multiple make it an attractive investment.",https://imageio.forbes.com/specials-images/imageserve/5f381d655f52bfd04f29a2ee/Brazillian-photographer-Rafael-Henrique-captures-still-life-image-of-Roku-logo-on/960x0.jpg?format=jpg&width=960,Forbes,General,Forbes,"[{'topic': 'earnings', 'relevance_score': '0.922420'}, {'topic': 'financial_markets', 'relevance_score': '0.920601'}, {'topic': 'technology', 'relevance_score': '0.844236'}, {'topic': 'economy_macro', 'relevance_score': '0.633952'}, {'topic': 'retail_wholesale', 'relevance_score': '0.610199'}]",0.169828,Somewhat-Bullish,"[{'ticker': 'ROKU', 'relevance_score': '1.000000', 'ticker_sentiment_score': '0.488532', 'ticker_sentiment_label': 'Bullish'}, {'ticker': 'AMZN', 'relevance_score': '0.649645', 'ticker_sentiment_score': '0.131867', 'ticker_sentiment_label': 'Neutral'}, {'ticker': 'BBY', 'relevance_score': '0.566625', 'ticker_sentiment_score': '0.066435', 'ticker_sentiment_label': 'Neutral'}, {'ticker': 'WMT', 'relevance_score': '0.584293', 'ticker_sentiment_score': '0.065437', 'ticker_sentiment_label': 'Neutral'}]"
Home Depot Doubles Comp. Sale Growth Rate in Q2 Due to Remodeling Amid COVID,https://www.floordaily.net/floorfocus/remodeling-amid-covid-benefits-home-depot-says-wsj,20200817T062836,[],"Home Depot saw its comparable sales double in Q2 2020 due to a surge in home remodeling projects during the COVID-19 pandemic, despite canceling typical spring sales events. The company adapted its business model, moving away from usual growth indicators like GDP and housing data, as customers used stimulus checks and saved money from other activities to fund home improvements. This unexpected boost highlights a shift in consumer behavior and retail dynamics during the pandemic, benefiting major home improvement retailers while other sectors struggled.",https://www.floordaily.net/images/articles/33796/31cabe5f-7728-4bf6-8ead-ccab7193c1e6full.jpg,FloorDaily.net,General,FloorDaily.net,"[{'topic': 'earnings', 'relevance_score': '0.921254'}, {'topic': 'retail_wholesale', 'relevance_score': '0.837498'}, {'topic': 'real_estate', 'relevance_score': '0.642663'}, {'topic': 'economy_macro', 'relevance_score': '0.727468'}]",0.464065,Bullish,"[{'ticker': 'HD', 'relevance_score': '1.000000', 'ticker_sentiment_score': '0.744469', 'ticker_sentiment_label': 'Bullish'}, {'ticker': 'LOW', 'relevance_score': '0.840704', 'ticker_sentiment_score': '0.619345', 'ticker_sentiment_label': 'Bullish'}, {'ticker': 'AMZN', 'relevance_score': '0.606252', 'ticker_sentiment_score': '0.224843', 'ticker_sentiment_label': 'Somewhat-Bullish'}, {'ticker': 'WMT', 'relevance_score': '0.617270', 'ticker_sentiment_score': '0.211096', 'ticker_sentiment_label': 'Somewhat-Bullish'}]"
"JD Logistics opens automated warehouse for bulky items, launches 1-hour delivery",https://www.supplychaindive.com/news/jd-logistics-automated-warehouse-tech-bulky/583616/,20200817T063305,['Emma Cosgrove'],"JD Logistics has expanded its operations by opening a new automated warehouse near Beijing, designed to handle bulky items like appliances and furniture, significantly boosting efficiency. This initiative, alongside a 33.8% increase in Q2 revenue for JD Logistics, highlights the company's continuous investments in technology and infrastructure. Additionally, JD.com launched a one-hour ""Instant Delivery"" service, further solidifying its position in the competitive e-commerce logistics market.",https://imgproxy.divecdn.com/Yq5x_ub7FqJtLrKj9JyNJp0nhCtLoqvwKbaxG7AWsdk/g:ce/rs:fill:1200:675:1/Z3M6Ly9kaXZlc2l0ZS1zdG9yYWdlL2RpdmVpbWFnZS9KRC5qcGVn.webp,Supply Chain Dive,General,Supply Chain Dive,"[{'topic': 'earnings', 'relevance_score': '0.918445'}, {'topic': 'retail_wholesale', 'relevance_score': '0.824052'}, {'topic': 'technology', 'relevance_score': '0.705924'}]",0.243544,Somewhat-Bullish,"[{'ticker': 'JD', 'relevance_score': '1.000000', 'ticker_sentiment_score': '0.410842', 'ticker_sentiment_label': 'Bullish'}, {'ticker': 'FDX', 'relevance_score': '0.568676', 'ticker_sentiment_score': '0.107200', 'ticker_sentiment_label': 'Neutral'}, {'ticker': 'UPS', 'relevance_score': '0.580311', 'ticker_sentiment_score': '0.130238', 'ticker_sentiment_label': 'Neutral'}, {'ticker': 'AMZN', 'relevance_score': '0.618131', 'ticker_sentiment_score': '0.219964', 'ticker_sentiment_label': 'Somewhat-Bullish'}]"
"Nvidia Expands Partner Program With New Incentives, Training",https://www.crn.com/news/channel-programs/nvidia-expands-partner-program-with-new-incentives-training,20200817T064256,[],"Nvidia has enhanced its Partner Network with new incentives, industry-specific training, and improved sales tracking for its growing channel of over 1,500 members. Key additions include a fixed back-end rebate for Elite partners, dedicated market development funds, and an expanded ""AI Champions Club."" The company is also planning future expansions, such as integrating Mellanox and Cumulus Networks' partner programs and introducing a cloud service provider program.",,CRN,General,CRN,"[{'topic': 'technology', 'relevance_score': '0.843665'}]",0.259192,Somewhat-Bullish,"[{'ticker': 'NVDA', 'relevance_score': '1.000000', 'ticker_sentiment_score': '0.464408', 'ticker_sentiment_label': 'Bullish'}, {'ticker': 'AMZN', 'relevance_score': '0.591303', 'ticker_sentiment_score': '0.116289', 'ticker_sentiment_label': 'Neutral'}, {'ticker': 'GOOGL', 'relevance_score': '0.564991', 'ticker_sentiment_score': '0.139891', 'ticker_sentiment_label': 'Neutral'}]"
EY and Procter & Gamble team up on supply chain offering,https://www.consulting.us/news/4721/ey-and-procter-gamble-team-up-on-supply-chain-offering,20200817T064551,[],"EY and Procter & Gamble (P&G) have broadened their alliance to offer supply chain expertise, combining their strengths to help businesses navigate challenges, particularly those exacerbated by the Covid-19 pandemic. This collaboration will address various supply chain processes, including strategy, planning, and distribution, leveraging advanced tools and joint teams. P&G, recognized for its leading supply chain operations, aims to share its successful methodologies with clients through EY to enhance responsiveness, productivity, and cost savings.",https://www.consulting.us/illustrations/news/detail/2020-08-16-143852330-EY-and-Procter-_-Gamble-team-up-on-supply-chain-offering.jpg,Consulting.us,General,Consulting.us,"[{'topic': 'finance', 'relevance_score': '0.638582'}, {'topic': 'manufacturing', 'relevance_score': '0.708954'}, {'topic': 'technology', 'relevance_score': '0.628138'}]",0.257152,Somewhat-Bullish,"[{'ticker': 'PG', 'relevance_score': '1.000000', 'ticker_sentiment_score': '0.337406', 'ticker_sentiment_label': 'Somewhat-Bullish'}, {'ticker': 'AMZN', 'relevance_score': '0.614328', 'ticker_sentiment_score': '0.233176', 'ticker_sentiment_label': 'Somewhat-Bullish'}, {'ticker': 'AAPL', 'relevance_score': '0.638066', 'ticker_sentiment_score': '0.224381', 'ticker_sentiment_label': 'Somewhat-Bullish'}, {'ticker': 'MCD', 'relevance_score': '0.647334', 'ticker_sentiment_score': '0.231112', 'ticker_sentiment_label': 'Somewhat-Bullish'}, {'ticker': 'UNH', 'relevance_score': '0.629412', 'ticker_sentiment_score': '0.241795', 'ticker_sentiment_label': 'Somewhat-Bullish'}]"
Colgate-Palmolive Launches hum by Colgate: The New Smart Electric Toothbrush that Guides Users to Brush Better and Get In Sync with Their Smile,https://www.prnewswire.com/news-releases/colgate-palmolive-launches-hum-by-colgate-the-new-smart-electric-toothbrush-that-guides-users-to-brush-better-and-get-in-sync-with-their-smile-301112736.html,20200817T080300,[],"Colgate-Palmolive has launched hum by Colgate, a new smart electric toothbrush designed to help users improve their brushing habits. The toothbrush features smart sensors that track brushing frequency, duration, and coverage, providing personalized guidance and helping users achieve 50% better brushing efficacy. The accompanying app offers rewards through ""Smile points"" and integrates with the Apple Health app for a holistic wellness experience.",https://www.multivu.com/players/English/8761151-colgate-hum-smart-electric-toothbrush/,PR Newswire,General,PR Newswire,"[{'topic': 'retail_wholesale', 'relevance_score': '0.847508'}, {'topic': 'technology', 'relevance_score': '0.939557'}, {'topic': 'life_sciences', 'relevance_score': '0.742348'}]",0.209229,Somewhat-Bullish,"[{'ticker': 'CL', 'relevance_score': '1.000000', 'ticker_sentiment_score': '0.419751', 'ticker_sentiment_label': 'Bullish'}, {'ticker': 'AAPL', 'relevance_score': '0.742223', 'ticker_sentiment_score': '0.144944', 'ticker_sentiment_label': 'Neutral'}, {'ticker': 'AMZN', 'relevance_score': '0.606660', 'ticker_sentiment_score': '0.104373', 'ticker_sentiment_label': 'Neutral'}, {'ticker': 'WMT', 'relevance_score': '0.640505', 'ticker_sentiment_score': '0.113494', 'ticker_sentiment_label': 'Neutral'}]"
Exclusive: Amazon in talks to invest in cloud services company Rackspace - sources,https://www.reuters.com/article/technology/exclusive-amazon-in-talks-to-invest-in-cloud-services-company-rackspace-sourc-idUSKCN25D1PJ/,20200817T143900,['Greg Roumeliotis and Krystal Hu'],"Amazon.com Inc. is reportedly in preliminary discussions to acquire a minority stake in U.S. cloud services provider Rackspace Technology Inc. This potential investment would strengthen ties between the two companies, as Rackspace already assists businesses in migrating data to Amazon Web Services, Google Cloud, Microsoft Azure, and VMware. Rackspace's shares surged following the news of the possible deal, which would be the second such investment by a major tech company into an Apollo-owned firm this year, following Google's investment in ADT Inc.",https://www.reuters.com/resizer/v2/https%3A%2F%2Farchive-images.prod.global.a201836.reutersmedia.net%2F2020%2F08%2F17%2FLYNXNPEG7G0YM.JPG?auth=85019715634adeecb1378bd6a4ff18ad28cbda8d45272dce7fed7f3739dccbcd&width=1920&quality=80,Reuters,General,Reuters,"[{'topic': 'mergers_and_acquisitions', 'relevance_score': '0.940032'}, {'topic': 'technology', 'relevance_score': '0.807434'}]",0.2599,Somewhat-Bullish,"[{'ticker': 'AMZN', 'relevance_score': '0.912749', 'ticker_sentiment_score': '0.328107', 'ticker_sentiment_label': 'Somewhat-Bullish'}, {'ticker': 'GOOGL', 'relevance_score': '0.649649', 'ticker_sentiment_score': '0.246820', 'ticker_sentiment_label': 'Somewhat-Bullish'}, {'ticker': 'APO', 'relevance_score': '0.827351', 'ticker_sentiment_score': '0.262163', 'ticker_sentiment_label': 'Somewhat-Bullish'}]"
'Project Smile': Is Amazon expanding in St. Louis?,https://www.ksdk.com/article/news/local/business-journal/project-smile-amazon-st-louis/63-6e156a61-0573-41a4-9bc3-45791868ba2e,20200817T151400,['Steph Kukuljan'],"St. Louis-based CRG is developing a 36-acre site in St. Peters, which many in the commercial real estate industry believe will become a last-mile warehouse and distribution facility for Amazon. The project, codenamed ""Project Smile,"" involves a 142,600-square-foot building and parking for 983 delivery vans. While Amazon and CRG have declined to comment, officials at a St. Peters planning and zoning meeting referred to it as a ""delivery station building,"" a term Amazon uses for its last-mile facilities.",https://media.ksdk.com/assets/KSDK/images/a0e06f1b-6df6-4917-bd4f-54efd781c80a/a0e06f1b-6df6-4917-bd4f-54efd781c80a_360x203.jpg,KSDK,General,KSDK,"[{'topic': 'real_estate', 'relevance_score': '1.000000'}, {'topic': 'retail_wholesale', 'relevance_score': '0.949098'}, {'topic': 'technology', 'relevance_score': '0.636719'}]",0.44494,Bullish,"[{'ticker': 'AMZN', 'relevance_score': '1.000000', 'ticker_sentiment_score': '0.406539', 'ticker_sentiment_label': 'Bullish'}]"
"SoftBank builds $1.2 billion Amazon stake; invests in Netflix, Tesla",https://www.reuters.com/article/technology/softbank-builds-12-billion-amazon-stake-invests-in-netflix-tesla-idUSKCN25D1W6/,20200817T154000,['Sam Nussey'],"SoftBank Group Corp has built a $1.2 billion stake in Amazon and also invested in Netflix, Tesla, Microsoft, and Alphabet, marking a strategic shift towards liquid stocks. This move comes as the company expands its investment activities beyond unlisted startups and its Vision Fund, which has recently seen its holdings fall below acquisition prices. The group is leveraging a massive asset sale program to buy shares in these tech giants, whose values are currently rising amidst a tech stock rally.",https://www.reuters.com/resizer/v2/https%3A%2F%2Farchive-images.prod.global.a201836.reutersmedia.net%2F2020%2F08%2F17%2FLYNXNPEG7G124.JPG?auth=61a0314fa87d8128cbb95735a329a86632f6b04aca5cfcc8859bbe0e22eb673f&width=1920&quality=80,Reuters,General,Reuters,"[{'topic': 'financial_markets', 'relevance_score': '0.943135'}, {'topic': 'technology', 'relevance_score': '0.820903'}, {'topic': 'earnings', 'relevance_score': '0.737278'}]",0.145937,Neutral,"[{'ticker': 'NFLX', 'relevance_score': '0.825615', 'ticker_sentiment_score': '0.144268', 'ticker_sentiment_label': 'Neutral'}, {'ticker': 'AMZN', 'relevance_score': '0.917741', 'ticker_sentiment_score': '0.117320', 'ticker_sentiment_label': 'Neutral'}, {'ticker': 'MSFT', 'relevance_score': '0.734422', 'ticker_sentiment_score': '0.136001', 'ticker_sentiment_label': 'Neutral'}, {'ticker': 'GOOGL', 'relevance_score': '0.722733', 'ticker_sentiment_score': '0.145856', 'ticker_sentiment_label': 'Neutral'}, {'ticker': 'NVDA', 'relevance_score': '0.618847', 'ticker_sentiment_score': '0.128563', 'ticker_sentiment_label': 'Neutral'}]"
Northrop Grumman enters solar deal with Dominion Energy,https://virginiabusiness.com/northrop-grumman-enters-solar-deal-with-dominion-energy/,20200817T220638,['Sydney Lake'],"Northrop Grumman has entered into a long-term contract with Dominion Energy to purchase solar energy from the 62.5-megawatt Madison Solar generating facility in Orange County. This agreement will offset 100% of Northrop Grumman’s manufacturing and office operations in Virginia, aligning with the company's commitment to environmental sustainability. Dominion Energy acquired the facility from Cypress Creek Renewables and aims to meet Virginia's clean economy goals by adding substantial solar generating capacity over the next 15 years.",,Virginia Business,General,Virginia Business,"[{'topic': 'energy_transportation', 'relevance_score': '0.918706'}, {'topic': 'manufacturing', 'relevance_score': '0.713342'}]",0.232484,Somewhat-Bullish,"[{'ticker': 'D', 'relevance_score': '1.000000', 'ticker_sentiment_score': '0.347664', 'ticker_sentiment_label': 'Somewhat-Bullish'}, {'ticker': 'NOC', 'relevance_score': '0.905290', 'ticker_sentiment_score': '0.275073', 'ticker_sentiment_label': 'Somewhat-Bullish'}, {'ticker': 'AMZN', 'relevance_score': '0.608036', 'ticker_sentiment_score': '0.122746', 'ticker_sentiment_label': 'Neutral'}]"
The race to quantum advantage,https://www.bvp.com/atlas/the-race-to-quantum-advantage,20200817T230656,"['David Cowan', 'Tomer Diari']","This article discusses the global race toward quantum advantage, highlighting how quantum computing promises to solve currently intractable problems across various industries. It details the fundamental concepts of quantum computing, including qubits and modalities like superconducting and trapped ion qubits, and outlines the technological stack required. The authors emphasize that while significant progress has been made by companies like IBM, Google, and Honeywell, the journey to scalable, error-free quantum computers capable of widespread application is still a marathon.",,Bessemer Venture Partners,General,Bessemer Venture Partners,"[{'topic': 'technology', 'relevance_score': '1.000000'}, {'topic': 'life_sciences', 'relevance_score': '0.737515'}]",0.250074,Somewhat-Bullish,"[{'ticker': 'QCLS', 'relevance_score': '0.330871', 'ticker_sentiment_score': '0.011085', 'ticker_sentiment_label': 'Neutral'}, {'ticker': 'IBM', 'relevance_score': '0.888008', 'ticker_sentiment_score': '0.318738', 'ticker_sentiment_label': 'Somewhat-Bullish'}, {'ticker': 'GOOGL', 'relevance_score': '0.821304', 'ticker_sentiment_score': '0.321313', 'ticker_sentiment_label': 'Somewhat-Bullish'}, {'ticker': 'HON', 'relevance_score': '0.773106', 'ticker_sentiment_score': '0.267773', 'ticker_sentiment_label': 'Somewhat-Bullish'}, {'ticker': 'AMZN', 'relevance_score': '0.614409', 'ticker_sentiment_score': '0.244968', 'ticker_sentiment_label': 'Somewhat-Bullish'}]"
FedEx tacks on peak fees during holiday season,https://www.foxbusiness.com/lifestyle/fedex-holiday-surchages,20200818T032900,['Daniella Genovese'],"FedEx is implementing new peak fees during the upcoming holiday season, charging customers between $1 and $5 per express or ground package. This decision comes as the carrier anticipates a surge in residential deliveries and increased operating costs due to high demand, exacerbated by the ongoing impact of the pandemic. The U.S. Postal Service is also adding similar fees to manage the expected increase in online holiday orders.",https://a57.foxnews.com/static.foxbusiness.com/foxbusiness.com/content/uploads/2020/08/931/523/FEDEx-Getty.jpg?ve=1&tl=1,Fox Business,General,Fox Business,"[{'topic': 'earnings', 'relevance_score': '0.939556'}, {'topic': 'economy_macro', 'relevance_score': '0.702833'}, {'topic': 'energy_transportation', 'relevance_score': '0.944761'}, {'topic': 'retail_wholesale', 'relevance_score': '0.804235'}]",0.160208,Somewhat-Bullish,"[{'ticker': 'FDX', 'relevance_score': '1.000000', 'ticker_sentiment_score': '0.280266', 'ticker_sentiment_label': 'Somewhat-Bullish'}, {'ticker': 'UPS', 'relevance_score': '0.744478', 'ticker_sentiment_score': '0.141742', 'ticker_sentiment_label': 'Neutral'}, {'ticker': 'AMZN', 'relevance_score': '0.649338', 'ticker_sentiment_score': '0.104229', 'ticker_sentiment_label': 'Neutral'}, {'ticker': 'WMT', 'relevance_score': '0.576179', 'ticker_sentiment_score': '0.112683', 'ticker_sentiment_label': 'Neutral'}]"
Amazon postal deal that Trump despises is actually profitable,https://www.detroitnews.com/story/news/nation/2020/08/18/amazon-postal-deal-trump-despises-actually-profitable/5601544002/,20200818T060700,['Ben Brody'],"President Trump has frequently criticized the pricing agreement between Amazon and the U.S. Postal Service, claiming it leads to losses for the USPS. However, the Postal Service and lawmakers maintain that commercial package delivery, including deals with Amazon, FedEx, and UPS, is a lucrative segment, contradicting Trump's assertions. The Amazon deal, while confidential, has been described as profitable for the USPS, especially for ""last mile"" deliveries, and shipping and packages represented the only revenue growth segment for the agency in Q3 2020.",,The Detroit News,General,The Detroit News,"[{'topic': 'retail_wholesale', 'relevance_score': '0.714259'}, {'topic': 'economy_fiscal', 'relevance_score': '0.606461'}]",0.116415,Neutral,"[{'ticker': 'AMZN', 'relevance_score': '1.000000', 'ticker_sentiment_score': '0.106477', 'ticker_sentiment_label': 'Neutral'}, {'ticker': 'FDX', 'relevance_score': '0.632256', 'ticker_sentiment_score': '0.126261', 'ticker_sentiment_label': 'Neutral'}, {'ticker': 'UPS', 'relevance_score': '0.607485', 'ticker_sentiment_score': '0.122319', 'ticker_sentiment_label': 'Neutral'}]"
AWS Announces General Availability of Its Quantum Algorithm Design Service,https://thequantuminsider.com/2020/08/18/aws-announces-general-availability-of-its-quantum-algorithm-design-service/,20200818T064757,['Matt Swayne'],"Amazon Web Services (AWS) has announced the general availability of Amazon Braket, a fully managed service designed to help customers explore and design quantum algorithms. Amazon Braket allows users to test algorithms on simulated quantum computers and then run them on actual quantum processors from providers like D-Wave, IonQ, and Rigetti, using a unified development environment. This service aims to democratize access to quantum computing, helping researchers and businesses develop skills and explore potential applications without needing extensive in-house expertise or managing multiple vendor relationships.",https://www.thequantuminsider.com/wp-content/uploads/2020/08/gwt-cloud-awslogo2-300x249-1.jpg,The Quantum Insider,General,The Quantum Insider,"[{'topic': 'technology', 'relevance_score': '1.000000'}, {'topic': 'life_sciences', 'relevance_score': '0.739624'}, {'topic': 'finance', 'relevance_score': '0.601017'}, {'topic': 'manufacturing', 'relevance_score': '0.609317'}]",0.221753,Somewhat-Bullish,"[{'ticker': 'QBTS', 'relevance_score': '0.346116', 'ticker_sentiment_score': '0.043979', 'ticker_sentiment_label': 'Neutral'}, {'ticker': 'AMZN', 'relevance_score': '1.000000', 'ticker_sentiment_score': '0.433270', 'ticker_sentiment_label': 'Bullish'}, {'ticker': 'AMGN', 'relevance_score': '0.703102', 'ticker_sentiment_score': '0.301196', 'ticker_sentiment_label': 'Somewhat-Bullish'}, {'ticker': 'DHI', 'relevance_score': '0.621749', 'ticker_sentiment_score': '0.234144', 'ticker_sentiment_label': 'Somewhat-Bullish'}, {'ticker': 'IBM', 'relevance_score': '0.619441', 'ticker_sentiment_score': '0.240188', 'ticker_sentiment_label': 'Somewhat-Bullish'}]"
"COVID-19 Update: Amazon to Add 100 Jobs in Detroit, Novi’s Shyft Group Expands EV Production, Used Car and Trade-in Values Spiking During Pandemic, and More",https://www.dbusiness.com/daily-news/covid-19-update-amazon-to-add-100-jobs-in-detroit-novis-shyft-group-expands-ev-production-used-car-and-trade-in-values-spiking-during-pandemic-and-more/,20200818T065230,['Tim Keenan and R.J. King'],"Amazon plans to add over 100 tech and corporate jobs in Detroit, expanding its Tech Hub with new office space. Novi-based Shyft Group is increasing electric vehicle production for parcel delivery, with initial deliveries expected in 2021. Meanwhile, used car and trade-in values are surging due to limited new vehicle inventory and high demand, while shelf-stable and frozen food sales have seen a revitalization during the pandemic.",https://cdn.dbusiness.com/wp-content/uploads/sites/33/2020/08/Update-Chart-from-Bridge-2.png,DBusiness Magazine,General,DBusiness Magazine,"[{'topic': 'economy_macro', 'relevance_score': '0.915874'}, {'topic': 'retail_wholesale', 'relevance_score': '0.725464'}, {'topic': 'manufacturing', 'relevance_score': '0.617611'}, {'topic': 'energy_transportation', 'relevance_score': '0.619154'}]",0.257052,Somewhat-Bullish,"[{'ticker': 'SHYF', 'relevance_score': '1.000000', 'ticker_sentiment_score': '0.476996', 'ticker_sentiment_label': 'Bullish'}, {'ticker': 'AMZN', 'relevance_score': '0.638360', 'ticker_sentiment_score': '0.327197', 'ticker_sentiment_label': 'Somewhat-Bullish'}, {'ticker': 'F', 'relevance_score': '0.602224', 'ticker_sentiment_score': '-0.080712', 'ticker_sentiment_label': 'Neutral'}]"
Report: Amazon looks to acquire stake in San Antonio’s Rackspace Technology,https://www.expressnews.com/business/article/Amazon-and-Rackspace-15490816.php,20200818T070500,['Brandon Lingle'],"Amazon is reportedly in talks to acquire a minority stake in San Antonio cloud-computing company Rackspace Technology Inc., less than two weeks after Rackspace's $703 million initial public offering. This potential investment highlights Amazon's valuation of Rackspace's cloud capabilities and the growing demand for managed services on cloud infrastructure, according to industry analyst Philbert Shih. Rackspace's stock, trading as ""RXT,"" saw a more than 10 percent increase on the news, closing Monday at $18.31.",,San Antonio Express-News,General,San Antonio Express-News,"[{'topic': 'mergers_and_acquisitions', 'relevance_score': '0.903278'}, {'topic': 'ipo', 'relevance_score': '0.835888'}, {'topic': 'technology', 'relevance_score': '0.745995'}]",0.191244,Somewhat-Bullish,"[{'ticker': 'RXT', 'relevance_score': '1.000000', 'ticker_sentiment_score': '0.266587', 'ticker_sentiment_label': 'Somewhat-Bullish'}, {'ticker': 'AMZN', 'relevance_score': '0.949216', 'ticker_sentiment_score': '0.202601', 'ticker_sentiment_label': 'Somewhat-Bullish'}, {'ticker': 'APO', 'relevance_score': '0.630822', 'ticker_sentiment_score': '0.008841', 'ticker_sentiment_label': 'Neutral'}]"
"Wayfair is on S&P’s ‘most vulnerable’ list despite soaring stock, new customer numbers",https://www.marketwatch.com/story/wayfair-is-on-sps-most-vulnerable-list-despite-soaring-stock-new-customer-numbers-2020-08-17?gaa_at=eafs&gaa_n=AWEtsqeHhW9OOcD9rx1KnvqA5fzwagvmoT_YT6AmLpjRECiFebpOutMBH29o&gaa_ts=6907deff&gaa_sig=lIMarZAMAjIbWRyzaK-6WSjvBD6DljPyZNZh1r8Ig_S1U94xiUPa8eWL7ySoL4a-3PKAMG6UFCpMJjJmr7Lctw%3D%3D,20200818T121800,[],"Wayfair Inc. has been included in S&P Global Market Intelligence’s list of ""Most Vulnerable Public American Retailers,"" despite recently reporting significant growth in new customers and soaring sales. As of August 14, S&P estimates Wayfair's one-year probability of default at 18.6% and two-year probability of default at 24%, highlighting financial concerns despite its e-commerce success. Blue Apron and J.Jill are also named on this list.",,MarketWatch,General,MarketWatch,"[{'topic': 'retail_wholesale', 'relevance_score': '0.916964'}, {'topic': 'financial_markets', 'relevance_score': '0.802997'}, {'topic': 'economy_macro', 'relevance_score': '0.714828'}]",0.056467,Neutral,"[{'ticker': 'IBUY', 'relevance_score': '0.344259', 'ticker_sentiment_score': '0.018974', 'ticker_sentiment_label': 'Neutral'}, {'ticker': 'AMZN', 'relevance_score': '0.607408', 'ticker_sentiment_score': '0.102544', 'ticker_sentiment_label': 'Neutral'}]"
Why Kohl’s CEO thinks the retailer can win market share amid the COVID carnage,https://fortune.com/2020/08/18/kohls-earnings-q2-sales-stock-kss-ceo-michelle-gass/,20200818T124200,['Phil Wahba'],"Kohl's CEO Michelle Gass believes the retailer can gain market share despite a 23% sales drop in Q2, leveraging its strong balance sheet and rivals' bankruptcies. The company's strategy includes targeting customers from closed stores, growing partnerships with national brands like Under Armour and Nike, and emphasizing a spacious, uncluttered store environment to address health and safety concerns. However, Kohl's remains vulnerable as an apparel-heavy chain, reporting a Q2 loss while other retailers like Walmart and Home Depot saw strong results.",https://fortune.com/img-assets/wp-content/uploads/2020/08/GettyImages-1228080189.jpg?format=webp&w=1440&q=100,Fortune,General,Fortune,"[{'topic': 'earnings', 'relevance_score': '0.935426'}, {'topic': 'retail_wholesale', 'relevance_score': '0.923546'}, {'topic': 'economy_macro', 'relevance_score': '0.710703'}]",0.219722,Somewhat-Bullish,"[{'ticker': 'KSS', 'relevance_score': '1.000000', 'ticker_sentiment_score': '0.333927', 'ticker_sentiment_label': 'Somewhat-Bullish'}, {'ticker': 'AMZN', 'relevance_score': '0.615640', 'ticker_sentiment_score': '0.138131', 'ticker_sentiment_label': 'Neutral'}]"
Amazon makes it harder for sellers to avoid shipping service,https://www.detroitnews.com/story/business/2020/08/18/amazon-makes-harder-sellers-avoid-shipping-service/3393210001/,20200818T214220,['Spencer Soper'],"Amazon is implementing new shipping performance requirements for third-party sellers, including Saturday deliveries and stricter one- and two-day delivery pledges, making it harder for them to avoid using Amazon's own shipping services. Merchants not meeting these targets risk losing the Prime fast-shipping badge. Critics argue this move has antitrust implications, potentially forcing sellers to use Amazon's more expensive logistics and raise product prices, effectively pushing them into Fulfillment By Amazon.",,The Detroit News,General,The Detroit News,"[{'topic': 'retail_wholesale', 'relevance_score': '0.824539'}, {'topic': 'technology', 'relevance_score': '0.749603'}]",0.06553,Neutral,"[{'ticker': 'AMZN', 'relevance_score': '0.954703', 'ticker_sentiment_score': '-0.121531', 'ticker_sentiment_label': 'Neutral'}, {'ticker': 'UPS', 'relevance_score': '0.739145', 'ticker_sentiment_score': '0.101506', 'ticker_sentiment_label': 'Neutral'}, {'ticker': 'FDX', 'relevance_score': '0.654174', 'ticker_sentiment_score': '0.117051', 'ticker_sentiment_label': 'Neutral'}, {'ticker': 'WMT', 'relevance_score': '0.614675', 'ticker_sentiment_score': '0.142786', 'ticker_sentiment_label': 'Neutral'}]"
Beachbody Super Trainer And Nutrition Expert Autumn Calabrese Refuses To Let Personal Struggles Hold People Back From Success In New Book,https://www.businesswire.com/news/home/20200818005628/en/Beachbody-Super-Trainer-And-Nutrition-Expert-Autumn-Calabrese-Refuses-To-Let-Personal-Struggles-Hold-People-Back-From-Success-In-New-Book,20200818T215147,[],"Beachbody Super Trainer and nutrition expert Autumn Calabrese has released a new book titled ""Lose Weight Like Crazy: Even If You Have A Crazy Life,"" which details her personal journey and breakthrough approach to weight loss. The book shares a 30-day plan, new strategies, recipes, and workouts to help people overcome excuses and achieve their fitness goals by turning setbacks into opportunities. Calabrese shares her own struggles to empower readers to find their strength and make lasting positive changes in their lives.",https://mms.businesswire.com/media/20200818005628/en/814144/23/Autumn_Calabrese_1080x1080_cropped.jpg,Business Wire,General,Business Wire,"[{'topic': 'retail_wholesale', 'relevance_score': '0.749460'}, {'topic': 'life_sciences', 'relevance_score': '0.611077'}]",0.314363,Somewhat-Bullish,"[{'ticker': 'BODI', 'relevance_score': '1.000000', 'ticker_sentiment_score': '0.426404', 'ticker_sentiment_label': 'Bullish'}, {'ticker': 'AMZN', 'relevance_score': '0.637609', 'ticker_sentiment_score': '0.226983', 'ticker_sentiment_label': 'Somewhat-Bullish'}]"
TikTok Competitor BIGO to Relocate Its Hong Kong Servers in Singapore to Escape Crossfire,https://pandaily.com/tiktok-competitor-bigo-to-relocate-its-hong-kong-servers-in-singapore-to-escape-crossfire,20200818T223713,[],"BIGO, a Chinese short video service company backed by JOYY, is relocating its servers from Hong Kong to Singapore to emphasize its independence from its Chinese parent company. This move comes amidst international scrutiny on its competitor TikTok and rising geopolitical tensions that led to BIGO's apps being banned in India. JOYY's financial results for Q2 2020 showed significant growth in overseas users for its products, including Bigo Live and Likee.",,Pandaily,General,Pandaily,"[{'topic': 'earnings', 'relevance_score': '0.905168'}, {'topic': 'technology', 'relevance_score': '0.826931'}]",0.153575,Somewhat-Bullish,"[{'ticker': 'JOYY', 'relevance_score': '1.000000', 'ticker_sentiment_score': '0.308247', 'ticker_sentiment_label': 'Somewhat-Bullish'}, {'ticker': 'MSFT', 'relevance_score': '0.604763', 'ticker_sentiment_score': '0.127635', 'ticker_sentiment_label': 'Neutral'}, {'ticker': 'AMZN', 'relevance_score': '0.573250', 'ticker_sentiment_score': '0.086032', 'ticker_sentiment_label': 'Neutral'}]"
"The Inside Story Of Robinhood’s Billionaire Founders, Option Kid Cowboys And The Wall Street Sharks That Feed On Them",https://www.forbes.com/sites/jeffkauflin/2020/08/19/the-inside-story-of-robinhoods-billionaire-founders-option-kid-cowboys-and-the-wall-street-sharks-that-feed-on-them/,20200819T063000,"['Jeff Kauflin', 'Antoine Gara', 'and Sergei Klebnikov']","This article delves into Robinhood's rapid rise, driven by commission-free trading and a surge of novice investors during the pandemic, and reveals its controversial business model of selling customer order flow to high-frequency trading firms. It explores how this model, while minting billionaire founders, prioritizes profit from sophisticated market makers, potentially at the expense of inexperienced traders. The piece also highlights the platform's challenges, including outages and the tragic death of a user, leading to calls for better regulation and education.",,Forbes,General,Forbes,"[{'topic': 'financial_markets', 'relevance_score': '0.901334'}, {'topic': 'ipo', 'relevance_score': '0.800175'}, {'topic': 'finance', 'relevance_score': '0.745565'}, {'topic': 'economy_macro', 'relevance_score': '0.611154'}, {'topic': 'technology', 'relevance_score': '0.616941'}]",0.046256,Neutral,"[{'ticker': 'HOOD', 'relevance_score': '1.000000', 'ticker_sentiment_score': '-0.231463', 'ticker_sentiment_label': 'Somewhat-Bearish'}, {'ticker': 'AAPL', 'relevance_score': '0.742036', 'ticker_sentiment_score': '0.341087', 'ticker_sentiment_label': 'Somewhat-Bullish'}, {'ticker': 'AMZN', 'relevance_score': '0.626418', 'ticker_sentiment_score': '0.337338', 'ticker_sentiment_label': 'Somewhat-Bullish'}, {'ticker': 'TSLA', 'relevance_score': '0.631524', 'ticker_sentiment_score': '-0.111974', 'ticker_sentiment_label': 'Neutral'}, {'ticker': 'SCHW', 'relevance_score': '0.603710', 'ticker_sentiment_score': '-0.122217', 'ticker_sentiment_label': 'Neutral'}]"
"Nvidia earnings beat expectations, its data center business is bigger than its gaming business for the first time ever",https://www.cnbc.com/2020/08/19/nvidia-nvda-earnings-q2-2021.html,20200819T064256,['Jordan Novet'],"Nvidia reported better-than-expected fiscal second-quarter earnings, with overall revenue up 50% year-over-year. For the first time, its data center business, driven by AI workloads and the Mellanox acquisition, surpassed its gaming unit in revenue. CEO Jensen Huang anticipates a strong second half for gaming, despite declines in professional visualization and automotive segments due to the pandemic.",https://image.cnbcfm.com/api/v1/image/106656906-15970781671597078165-10803908309-1080pnbcnews.jpg?v=1597078166&w=750&h=422&vtcrop=y,CNBC,General,CNBC,"[{'topic': 'earnings', 'relevance_score': '0.916236'}, {'topic': 'technology', 'relevance_score': '0.811132'}, {'topic': 'mergers_and_acquisitions', 'relevance_score': '0.735981'}, {'topic': 'financial_markets', 'relevance_score': '0.609809'}]",0.295484,Somewhat-Bullish,"[{'ticker': 'NVDA', 'relevance_score': '1.000000', 'ticker_sentiment_score': '0.443841', 'ticker_sentiment_label': 'Bullish'}, {'ticker': 'AMZN', 'relevance_score': '0.605498', 'ticker_sentiment_score': '0.104634', 'ticker_sentiment_label': 'Neutral'}]"
Amazon cuts ties with Philadelphia and Pittsburgh-area delivery services; hundreds of jobs affected,https://www.wpxi.com/news/business/amazon-cuts-ties-with-philadelphia-pittsburgh-area-delivery-services-hundreds-jobs-affected/UJBRSZXE6ZAUHL5ZCGYO3F24NU/,20200819T094300,['Kennedy Rose'],"Amazon has cut contracts with several delivery companies in the Philadelphia and Pittsburgh areas, leading to the layoff of more than 600 workers. Companies like Prime EFS, Deliverol, and Courier Distribution Systems were affected, with Courier Distribution Systems alone laying off 64 workers in Sewickley. These job terminations are part of a larger trend affecting delivery companies across Pennsylvania.",,WPXI,General,WPXI,"[{'topic': 'retail_wholesale', 'relevance_score': '0.811443'}, {'topic': 'economy_macro', 'relevance_score': '0.630239'}]",-0.242122,Somewhat-Bearish,"[{'ticker': 'AMZN', 'relevance_score': '0.910027', 'ticker_sentiment_score': '-0.231400', 'ticker_sentiment_label': 'Somewhat-Bearish'}]"
Apple becomes US' first $2T company,https://www.foxbusiness.com/markets/apple-stock-price-2-trillion-company,20200819T104900,['Jonathan Garber'],"Apple Inc. has become the first U.S. company to achieve a $2 trillion market capitalization, with its share price climbing above $467.77. This milestone follows its previous achievement of being the first U.S. company to reach a $1 trillion market cap just over two years prior. The tech giant's market cap soared by 59% this year, joining Saudi Aramco as the only other company globally to reach this valuation.",,Fox Business,General,Fox Business,"[{'topic': 'financial_markets', 'relevance_score': '1.000000'}, {'topic': 'technology', 'relevance_score': '1.000000'}, {'topic': 'earnings', 'relevance_score': '0.905491'}]",0.271823,Somewhat-Bullish,"[{'ticker': 'AAPL', 'relevance_score': '1.000000', 'ticker_sentiment_score': '0.447041', 'ticker_sentiment_label': 'Bullish'}, {'ticker': 'AMZN', 'relevance_score': '0.605913', 'ticker_sentiment_score': '0.248531', 'ticker_sentiment_label': 'Somewhat-Bullish'}, {'ticker': 'MSFT', 'relevance_score': '0.626723', 'ticker_sentiment_score': '0.209402', 'ticker_sentiment_label': 'Somewhat-Bullish'}]"
Apple's $2 trillion value is proof that Tim Cook's services plan worked,https://www.cnbc.com/2020/08/19/apples-2-trillion-value-proof-that-tim-cooks-services-plan-worked.html,20200819T113900,['Kif Leswing'],"Apple reached a $2 trillion valuation, largely symbolic but indicative of CEO Tim Cook's successful pivot towards a services-led business model. Investors are increasingly valuing Apple like a software company, reflected in its rising P-E ratio, as the company diversified its revenue streams beyond hardware. This shift helped Apple double its value in just over two years, despite challenges like App Store criticism and dependence on its existing device base.",,CNBC,General,CNBC,"[{'topic': 'technology', 'relevance_score': '1.000000'}, {'topic': 'earnings', 'relevance_score': '0.904106'}, {'topic': 'financial_markets', 'relevance_score': '0.806647'}, {'topic': 'economy_macro', 'relevance_score': '0.639486'}]",0.298468,Somewhat-Bullish,"[{'ticker': 'AAPL', 'relevance_score': '1.000000', 'ticker_sentiment_score': '0.434152', 'ticker_sentiment_label': 'Bullish'}, {'ticker': 'MSFT', 'relevance_score': '0.624869', 'ticker_sentiment_score': '0.226385', 'ticker_sentiment_label': 'Somewhat-Bullish'}, {'ticker': 'AMZN', 'relevance_score': '0.633203', 'ticker_sentiment_score': '0.235212', 'ticker_sentiment_label': 'Somewhat-Bullish'}]"
Apple Becomes First U.S. Company Worth More Than $2 Trillion,https://www.forbes.com/sites/sergeiklebnikov/2020/08/19/apple-becomes-first-us-company-worth-more-than-2-trillion/,20200819T121500,['Sergei Klebnikov'],"Apple achieved a new financial milestone, becoming the first publicly traded U.S. company to reach a market capitalization of over $2 trillion. This valuation marks a doubling in just two years, driven by a strong stock performance, especially during the pandemic due to work-from-home trends and robust online sales. The company's market cap now surpasses that of other U.S. tech giants and the GDP of several developed countries, with a four-for-one stock split planned to make shares more accessible.",,Forbes,General,Forbes,"[{'topic': 'financial_markets', 'relevance_score': '0.902497'}, {'topic': 'technology', 'relevance_score': '0.817629'}, {'topic': 'earnings', 'relevance_score': '0.742096'}, {'topic': 'economy_macro', 'relevance_score': '0.621042'}]",0.505226,Bullish,"[{'ticker': 'AAPL', 'relevance_score': '1.000000', 'ticker_sentiment_score': '0.862033', 'ticker_sentiment_label': 'Bullish'}, {'ticker': 'MSFT', 'relevance_score': '0.734887', 'ticker_sentiment_score': '0.429281', 'ticker_sentiment_label': 'Bullish'}, {'ticker': 'AMZN', 'relevance_score': '0.655598', 'ticker_sentiment_score': '0.444690', 'ticker_sentiment_label': 'Bullish'}, {'ticker': 'GOOGL', 'relevance_score': '0.636439', 'ticker_sentiment_score': '0.422112', 'ticker_sentiment_label': 'Bullish'}, {'ticker': 'META', 'relevance_score': '0.572562', 'ticker_sentiment_score': '0.429070', 'ticker_sentiment_label': 'Bullish'}]"
Big-Box Retailers’ Profits Surge as Pandemic Marches On (Published 2020),https://www.nytimes.com/2020/08/19/business/coronavirus-walmart-target-home-depot.html,20200819T222718,['Gillian Friedman'],"Walmart, Target, and other big-box retailers experienced a significant surge in profits during the COVID-19 pandemic, driven by their one-stop shopping convenience and e-commerce growth. Target reported its greatest quarterly sales increase in company history, while Walmart doubled its e-commerce sales and Home Depot saw sales rise over 23 percent. This success stands in contrast to many other retail sectors that faced bankruptcies during the same period.",,The New York Times,General,The New York Times,"[{'topic': 'earnings', 'relevance_score': '0.909215'}, {'topic': 'economy_macro', 'relevance_score': '0.701466'}, {'topic': 'retail_wholesale', 'relevance_score': '1.000000'}]",0.382361,Bullish,"[{'ticker': 'HD', 'relevance_score': '1.000000', 'ticker_sentiment_score': '0.433602', 'ticker_sentiment_label': 'Bullish'}, {'ticker': 'WMT', 'relevance_score': '0.910891', 'ticker_sentiment_score': '0.426648', 'ticker_sentiment_label': 'Bullish'}, {'ticker': 'TGT', 'relevance_score': '0.922444', 'ticker_sentiment_score': '0.436973', 'ticker_sentiment_label': 'Bullish'}, {'ticker': 'LOW', 'relevance_score': '0.739940', 'ticker_sentiment_score': '0.348149', 'ticker_sentiment_label': 'Somewhat-Bullish'}, {'ticker': 'AMZN', 'relevance_score': '0.631946', 'ticker_sentiment_score': '0.342866', 'ticker_sentiment_label': 'Somewhat-Bullish'}]"
The Sonos Arc is incredible but check your HDMI ports first,https://www.techadvisor.com/article/721554/sonos-arc-review-2.html,20200820T065403,['Chris Martin'],"The Sonos Arc soundbar offers incredibly spacious sound and Dolby Atmos support, making it one of the best premium soundbars available. However, its high price and reliance on a single HDMI eARC port for optimal performance, potentially limiting connectivity for other devices, are key considerations. Despite these factors, its impressive audio quality and smart features make it a strong contender for those seeking an immersive home audio experience.",https://www.techadvisor.com/wp-content/uploads/2022/06/sonos_arc_soundbar_review.jpg?quality=50&strip=all&w=1024,Tech Advisor,General,Tech Advisor,"[{'topic': 'technology', 'relevance_score': '1.000000'}, {'topic': 'retail_wholesale', 'relevance_score': '0.626312'}]",0.177035,Somewhat-Bullish,"[{'ticker': 'SONO', 'relevance_score': '1.000000', 'ticker_sentiment_score': '0.308042', 'ticker_sentiment_label': 'Somewhat-Bullish'}, {'ticker': 'AMZN', 'relevance_score': '0.628581', 'ticker_sentiment_score': '0.143377', 'ticker_sentiment_label': 'Neutral'}, {'ticker': 'BBY', 'relevance_score': '0.612309', 'ticker_sentiment_score': '0.113804', 'ticker_sentiment_label': 'Neutral'}, {'ticker': 'WMT', 'relevance_score': '0.614486', 'ticker_sentiment_score': '0.146158', 'ticker_sentiment_label': 'Neutral'}]"
Postal Service issues have affected Netflix and Amazon,https://www.marketwatch.com/story/postal-service-issues-have-affected-netflix-and-amazon-2020-08-19?gaa_at=eafs&gaa_n=AWEtsqfTe6JnUwwl5gSUG9k80qwBF8CPjKCcQa4okebFJaVO4dSg9m-x6vag&gaa_ts=699bf207&gaa_sig=cJ-svt2dQi2fKlfpINl-RaFZ5zpp_mZGiAfs59GKscxDEGQHeJdtYE_iqUeSO0WOp_fO8Eywmq1Etj45AhiA_w%3D%3D,20200820T182400,['Jon Swartz'],"The U.S. Postal Service's operational issues have caused isolated delivery delays for Netflix's DVD-by-mail service, which still serves over 2 million subscribers. Amazon's e-commerce deliveries have also faced similar challenges. While these issues have generated concern, particularly regarding the November elections, they are not expected to materially impact Netflix's customer service or sales.",https://ei.marketwatch.com/Multimedia/2020/08/18/Photos/ZH/MW-IM723_slow_m_20200818123454_ZH.jpg?uuid=bebd75c0-e170-11ea-b93a-9c8e992d421e,MarketWatch,General,MarketWatch,"[{'topic': 'retail_wholesale', 'relevance_score': '0.812454'}, {'topic': 'economy_macro', 'relevance_score': '0.605348'}, {'topic': 'energy_transportation', 'relevance_score': '0.712314'}]",0.026012,Neutral,"[{'ticker': 'AMZN', 'relevance_score': '0.930984', 'ticker_sentiment_score': '0.024032', 'ticker_sentiment_label': 'Neutral'}, {'ticker': 'NFLX', 'relevance_score': '0.911855', 'ticker_sentiment_score': '0.048075', 'ticker_sentiment_label': 'Neutral'}]"
Apple is valued at $2 trillion as investor confidence grows,https://www.weforum.org/stories/2020/08/apples-stock-market-value-tops-2-trillion/,20200820T213716,"['Subrat Patnaik', 'Noel Randewich']","Apple Inc. reached a market valuation of over $2 trillion in August 2020, just two years after hitting $1 trillion. This surge is attributed to growing investor confidence in Apple's shift toward services and surprisingly strong quarterly results despite the pandemic, with its stock up 57% year-to-date at the time. The company's market capitalization now rivals the combined value of the S&P 500's 200 smallest companies.",,The World Economic Forum,General,The World Economic Forum,"[{'topic': 'financial_markets', 'relevance_score': '0.923416'}, {'topic': 'earnings', 'relevance_score': '0.810912'}, {'topic': 'technology', 'relevance_score': '0.730031'}, {'topic': 'economy_macro', 'relevance_score': '0.621493'}]",0.373495,Bullish,"[{'ticker': 'AAPL', 'relevance_score': '1.000000', 'ticker_sentiment_score': '0.402968', 'ticker_sentiment_label': 'Bullish'}, {'ticker': 'AMZN', 'relevance_score': '0.618029', 'ticker_sentiment_score': '0.306821', 'ticker_sentiment_label': 'Somewhat-Bullish'}, {'ticker': 'MSFT', 'relevance_score': '0.646408', 'ticker_sentiment_score': '0.312460', 'ticker_sentiment_label': 'Somewhat-Bullish'}]"
"To get skin tones right, Pinterest’s AI went way beyond facial recognition",https://www.fastcompany.com/90541395/to-get-skin-tones-right-pinterests-ai-went-way-beyond-facial-recognition,20200820T230224,['Steven Melendez'],"Pinterest has updated its AI to more accurately detect skin tones in a wider array of images, moving beyond facial recognition. This helps users find more relevant beauty and style tips, and supports features like their augmented-reality Try On tool. The new system avoids biases associated with facial recognition and can analyze images beyond just faces, such as close-ups of body parts or accessories.",,Fast Company,General,Fast Company,"[{'topic': 'technology', 'relevance_score': '0.927361'}, {'topic': 'retail_wholesale', 'relevance_score': '0.601402'}]",0.196765,Somewhat-Bullish,"[{'ticker': 'PINS', 'relevance_score': '1.000000', 'ticker_sentiment_score': '0.456886', 'ticker_sentiment_label': 'Bullish'}, {'ticker': 'GOOG', 'relevance_score': '0.571331', 'ticker_sentiment_score': '0.106880', 'ticker_sentiment_label': 'Neutral'}, {'ticker': 'GOOGL', 'relevance_score': '0.571628', 'ticker_sentiment_score': '0.103887', 'ticker_sentiment_label': 'Neutral'}, {'ticker': 'MSFT', 'relevance_score': '0.581432', 'ticker_sentiment_score': '0.102215', 'ticker_sentiment_label': 'Neutral'}, {'ticker': 'AMZN', 'relevance_score': '0.554938', 'ticker_sentiment_score': '0.107935', 'ticker_sentiment_label': 'Neutral'}]"
Amazon expected to occupy full building at WestPark 85 industrial development,https://www.bizjournals.com/charlotte/news/2020/08/21/amazon-facility-westpark-85.html,20200821T060700,['Ashley Fahey'],"Amazon is anticipated to open a new distribution center within the WestPark 85 industrial development, situated near Charlotte Douglas International Airport. This move suggests further expansion of Amazon's presence in the Charlotte area, following other developments and hirings previously reported.",https://media.bizj.us/view/img/11335057/amazon-fulfillment-kannapolis-mk040*900xx3964-2230-0-207.jpg,The Business Journals,General,The Business Journals,"[{'topic': 'real_estate', 'relevance_score': '0.945437'}, {'topic': 'retail_wholesale', 'relevance_score': '0.838489'}, {'topic': 'manufacturing', 'relevance_score': '0.641725'}]",0.325319,Somewhat-Bullish,"[{'ticker': 'AMZN', 'relevance_score': '1.000000', 'ticker_sentiment_score': '0.330580', 'ticker_sentiment_label': 'Somewhat-Bullish'}]"
Amazon Names Logistics Head Dave Clark New Consumer CEO,https://www.ttnews.com/articles/amazon-names-logistics-head-dave-clark-new-consumer-ceo,20200821T060700,['Matt Day | Bloomberg News'],"Amazon has appointed Dave Clark, previously its logistics chief, as the new CEO of its Worldwide Consumer unit, succeeding Jeff Wilke who plans to retire in Q1 2021. Clark, instrumental in building Amazon's vast logistics network, will now oversee the company's core retail website and its expanding delivery operations. His appointment comes as a surprise given Wilke was considered a potential successor to CEO Jeff Bezos.",https://www.ttnews.com/sites/default/files/styles/article_full_width_image/public/images/articles/amazon-clark-1.jpg,Transport Topics,General,Transport Topics,"[{'topic': 'retail_wholesale', 'relevance_score': '0.943709'}, {'topic': 'technology', 'relevance_score': '0.838482'}]",0.402236,Bullish,"[{'ticker': 'AMZN', 'relevance_score': '1.000000', 'ticker_sentiment_score': '0.448935', 'ticker_sentiment_label': 'Bullish'}]"
BJ’s Wholesale Club rolls out curbside pickup at all locations,https://www.supermarketnews.com/grocery-wholesale-distributors/bj-s-wholesale-club-rolls-out-curbside-pickup-at-all-locations,20200821T061029,['Russell Redman'],"BJ’s Wholesale Club has launched contactless curbside pickup at all 219 of its warehouse clubs across 17 states to enhance COVID-19 safety and customer convenience. The company also expanded its buy-online-pickup-in-club (BOPIC) service to include fresh and frozen foods, with a full rollout expected by the end of October. These initiatives build on BJ's efforts to improve its e-commerce offerings, which contributed significantly to its 24.2% merchandise comparable-sales growth in the second quarter.",https://eu-images.contentstack.com/v3/assets/blt58a1f8f560a1ab0e/blt0bb2afc6105d92d5/6699408089a1c06217b0b722/BJs_curbside_pickup_service_0.jpg?width=1280&auto=webp&quality=80&format=jpg&disable=upscale,Supermarket News,General,Supermarket News,"[{'topic': 'retail_wholesale', 'relevance_score': '0.934323'}, {'topic': 'earnings', 'relevance_score': '0.709288'}, {'topic': 'technology', 'relevance_score': '0.636203'}, {'topic': 'economy_macro', 'relevance_score': '0.603095'}]",0.218698,Somewhat-Bullish,"[{'ticker': 'BJ', 'relevance_score': '1.000000', 'ticker_sentiment_score': '0.495902', 'ticker_sentiment_label': 'Bullish'}, {'ticker': 'AMZN', 'relevance_score': '0.625503', 'ticker_sentiment_score': '0.125950', 'ticker_sentiment_label': 'Neutral'}, {'ticker': 'WMT', 'relevance_score': '0.597528', 'ticker_sentiment_score': '0.125581', 'ticker_sentiment_label': 'Neutral'}]"
Claims asserting Amazon’s algorithms commit direct copyright infringement survive Motion to Dismiss,https://www.nixonpeabody.com/insights/articles/2020/08/21/claims-asserting-amazon-s-algorithms-commit,20200821T214221,[],"A federal district court in Northern California has allowed Williams-Sonoma to proceed with direct copyright infringement claims against Amazon.com, Inc. The case alleges that Amazon's algorithms selected and displayed copyrighted images of Williams-Sonoma's products on product detail pages without human intervention. The court denied Amazon's motion to dismiss, ruling that Williams-Sonoma sufficiently alleged ""volitional conduct"" on Amazon's part, given how its algorithms actively select content for publication.",,Nixon Peabody,General,Nixon Peabody,"[{'topic': 'technology', 'relevance_score': '0.826660'}, {'topic': 'retail_wholesale', 'relevance_score': '0.726609'}]",-0.028908,Neutral,"[{'ticker': 'AMZN', 'relevance_score': '1.000000', 'ticker_sentiment_score': '-0.283647', 'ticker_sentiment_label': 'Somewhat-Bearish'}, {'ticker': 'WSM', 'relevance_score': '0.718368', 'ticker_sentiment_score': '0.214408', 'ticker_sentiment_label': 'Somewhat-Bullish'}]"
Is Amazon teeing up another facility in Charlotte?,https://www.wsoctv.com/news/local/is-amazon-teeing-up-another-facility-charlotte/CECMUVMEVFDEHGQIYMQI7CF3OU/,20200822T033800,['Charlotte Business Journal'],"Amazon.com Inc. is reportedly planning to lease a new 566,800-square-foot industrial warehouse at WestPark 85, near Charlotte Douglas International Airport. This move would add to Amazon's existing distribution and delivery facilities in the Charlotte region, indicating further expansion in the area. The building's groundbreaking occurred in early 2019 as the second phase of the project.",https://cmg-cmg-tv-10030-prod.cdn.arcpublishing.com/resizer/v2/DOSLTETTMFDTPFDQIDMLHIFROI.jpg?smart=true&auth=595429e80bc6dd8c70f25e9460d9cd474c8f58cc10ce1aaeac028220ccccbe04&width=1200&height=675,WSOC TV,General,WSOC TV,"[{'topic': 'real_estate', 'relevance_score': '0.947558'}, {'topic': 'retail_wholesale', 'relevance_score': '0.813098'}, {'topic': 'technology', 'relevance_score': '0.622192'}]",0.303013,Somewhat-Bullish,"[{'ticker': 'AMZN', 'relevance_score': '1.000000', 'ticker_sentiment_score': '0.319138', 'ticker_sentiment_label': 'Somewhat-Bullish'}]"
"Starbucks, Dollar Tree to open soon at Morton Grove’s Sawmill Station, grocery store still unnamed: Village official",https://www.chicagotribune.com/2020/08/22/starbucks-dollar-tree-to-open-soon-at-morton-groves-sawmill-station-grocery-store-still-unnamed-village-official/,20200822T061829,['Jennifer Johnson'],"Starbucks and Dollar Tree are slated to open in early fall at Morton Grove's new Sawmill Station commercial development, according to a village official. The identity of a proposed grocery store at the location remains undisclosed as of August 21, with the development team not yet revealing its name or an opening date. Other businesses like Raising Cane’s, Aspen Dental, Kohl’s, Cooper’s Hawk, LA. Fitness, and Ross are also expected to open in phases at Sawmill Station, which will also include rental apartments.",,Chicago Tribune,General,Chicago Tribune,"[{'topic': 'real_estate', 'relevance_score': '0.927995'}, {'topic': 'retail_wholesale', 'relevance_score': '0.921540'}, {'topic': 'economy_macro', 'relevance_score': '0.633631'}]",0.278313,Somewhat-Bullish,"[{'ticker': 'DLTR', 'relevance_score': '1.000000', 'ticker_sentiment_score': '0.306017', 'ticker_sentiment_label': 'Somewhat-Bullish'}, {'ticker': 'SBUX', 'relevance_score': '0.940801', 'ticker_sentiment_score': '0.332498', 'ticker_sentiment_label': 'Somewhat-Bullish'}, {'ticker': 'AMZN', 'relevance_score': '0.712267', 'ticker_sentiment_score': '0.147991', 'ticker_sentiment_label': 'Neutral'}]"
24 Awesome Chapter Book Series for Kids,https://www.todaysparent.com/family/books/chapter-book-series-for-kids/,20200822T065128,"[""Today's Parent""]","This article lists 24 popular chapter book series for children, ranging from classics to more recent hits. It provides a brief description of each series, target age group, author, and an image of the book cover, making it a useful resource for parents and educators looking for reading recommendations. The selections cover various genres like fantasy, mystery, and humor, ensuring there's something for every young reader.",https://todaysparent.mblycdn.com/tp/resized/2016/06/767x431/chapter-book-series-for-kids-1280x960-featimage.jpg,Today's Parent,General,Today's Parent,"[{'topic': 'retail_wholesale', 'relevance_score': '0.946435'}]",0.304742,Somewhat-Bullish,"[{'ticker': 'SCHL', 'relevance_score': '1.000000', 'ticker_sentiment_score': '0.400665', 'ticker_sentiment_label': 'Bullish'}, {'ticker': 'AMZN', 'relevance_score': '0.700928', 'ticker_sentiment_score': '0.340836', 'ticker_sentiment_label': 'Somewhat-Bullish'}, {'ticker': 'DIS', 'relevance_score': '0.609447', 'ticker_sentiment_score': '0.318753', 'ticker_sentiment_label': 'Somewhat-Bullish'}, {'ticker': 'HAS', 'relevance_score': '0.626294', 'ticker_sentiment_score': '0.203437', 'ticker_sentiment_label': 'Somewhat-Bullish'}]"
"The Supply Side: Kate’s Real Food energy bars now in 1,000 Walmart stores",https://talkbusiness.net/2020/08/the-supply-side-kates-real-food-energy-bars-now-in-1000-walmart-stores/,20200822T095100,['Kim Souza'],"Kate’s Real Food energy bars are now available in approximately 1,000 Walmart stores, a move stemming from a Walmart executive trying the product in Wyoming. The company, founded by Kate Schade, emphasizes certified organic, gluten-free, soy-free, and artificial ingredient-free recipes. This expansion into Walmart provides the small brand with its first national exposure and aligns with Walmart's goal of offering more affordable organic foods.",https://talkbusiness.net/wp-content/uploads/2016/11/newsupplysidenarrow-e1487868242101.jpg,Talk Business & Politics,General,Talk Business & Politics,"[{'topic': 'retail_wholesale', 'relevance_score': '1.000000'}, {'topic': 'manufacturing', 'relevance_score': '0.814514'}]",0.295048,Somewhat-Bullish,"[{'ticker': 'WMT', 'relevance_score': '1.000000', 'ticker_sentiment_score': '0.460862', 'ticker_sentiment_label': 'Bullish'}, {'ticker': 'AMZN', 'relevance_score': '0.613865', 'ticker_sentiment_score': '0.135656', 'ticker_sentiment_label': 'Neutral'}]"
This Retail ETF Strategy Is Crushing it this Year,https://www.etftrends.com/alternatives-content-hub/this-retail-etf-strategy-is-crushing-it-this-year/,20200824T063705,['Tom Lydon'],"The article highlights the success of the ProShares Long Online/Short Stores ETF (CLIX), which has achieved an over 87% year-to-date gain by capitalizing on both the growth of e-commerce and the decline of brick-and-mortar retail. The strategy benefits from increased online sales and widespread store closures and bankruptcies among traditional retailers. Recent data indicate a significant surge in e-commerce sales, underscoring the fund's continued potential.",,ETF Trends,General,ETF Trends,"[{'topic': 'retail_wholesale', 'relevance_score': '0.908210'}, {'topic': 'financial_markets', 'relevance_score': '0.845346'}, {'topic': 'economy_macro', 'relevance_score': '0.631822'}]",0.032158,Neutral,"[{'ticker': 'CLIX', 'relevance_score': '1.000000', 'ticker_sentiment_score': '0.512911', 'ticker_sentiment_label': 'Bullish'}, {'ticker': 'AMZN', 'relevance_score': '0.717373', 'ticker_sentiment_score': '0.328497', 'ticker_sentiment_label': 'Somewhat-Bullish'}, {'ticker': 'BBY', 'relevance_score': '0.645104', 'ticker_sentiment_score': '-0.408552', 'ticker_sentiment_label': 'Bearish'}, {'ticker': 'HD', 'relevance_score': '0.644653', 'ticker_sentiment_score': '-0.434562', 'ticker_sentiment_label': 'Bearish'}]"
Inside Office Depot's Reinvention As a B2B Distributor,https://www.inddist.com/company-expansion-consolidation/blog/21172497/inside-office-depots-reinvention-as-a-b2b-distributor,20200824T225711,['Mike Hockett'],"Office Depot has been actively transforming its business model to prioritize B2B distribution channels over consumer retail for the past three years. Despite challenges from COVID-19, the company continues to invest in its Business Solutions Division and has undergone a holding company reorganization to further ""Maximize B2B"" efforts, as reflected in its evolving self-description and financial performance.",,Industrial Distribution,General,Industrial Distribution,"[{'topic': 'earnings', 'relevance_score': '0.939141'}, {'topic': 'mergers_and_acquisitions', 'relevance_score': '0.812408'}, {'topic': 'retail_wholesale', 'relevance_score': '0.939849'}, {'topic': 'technology', 'relevance_score': '0.648878'}]",0.209413,Somewhat-Bullish,"[{'ticker': 'ODP', 'relevance_score': '1.000000', 'ticker_sentiment_score': '0.281633', 'ticker_sentiment_label': 'Somewhat-Bullish'}, {'ticker': 'AMZN', 'relevance_score': '0.609088', 'ticker_sentiment_score': '0.137364', 'ticker_sentiment_label': 'Neutral'}]"
(08/25/20) Dan Sullivan: Technical Talk from The Chartist,https://www.moneyshow.com/articles/dailyguru-54888/,20200825T061921,['Dan Sullivan'],"Despite high price-to-earnings multiples and near-historic valuations, technical expert Dan Sullivan believes the bull market has further to run, supported by bullish chart patterns and strong AIII sentiment indicators. He notes the significant outperformance of FAANG stocks relative to the S&P 500 and recommends Veeva Systems (VEEV) and DexCom (DXCM) in the medical sector for traders.",https://cdn.moneyshow.com/mscache/spk-images/771266SPK_160x160.jpg?v=2,www.moneyshow.com,General,www.moneyshow.com,"[{'topic': 'financial_markets', 'relevance_score': '0.942135'}, {'topic': 'economy_macro', 'relevance_score': '0.843428'}, {'topic': 'life_sciences', 'relevance_score': '0.742567'}, {'topic': 'technology', 'relevance_score': '0.632982'}]",0.369123,Bullish,"[{'ticker': 'DXCM', 'relevance_score': '1.000000', 'ticker_sentiment_score': '0.409110', 'ticker_sentiment_label': 'Bullish'}, {'ticker': 'GOOGL', 'relevance_score': '0.646212', 'ticker_sentiment_score': '0.318527', 'ticker_sentiment_label': 'Somewhat-Bullish'}, {'ticker': 'AMZN', 'relevance_score': '0.611897', 'ticker_sentiment_score': '0.337973', 'ticker_sentiment_label': 'Somewhat-Bullish'}]"
"Amazon's Audible debuts cheaper, R134-a-month service",https://iol.co.za/technology/mobile-apps/2020-08-25-amazons-audible-debuts-cheaper-r134-a-month-service/,20200825T065418,['Lucas Shaw'],"Amazon's Audible is launching a more affordable service called Audible Plus for $7.95 (R134) a month, aiming to attract podcast listeners and expand beyond audiobooks. This new plan offers over 11,000 titles, including original series from various artists and actors, and is a strategic move to compete with platforms like Spotify in the non-music audio market. The initiative seeks to make Audible a daily destination for listeners with its extensive library, moving beyond its previous credit-based subscription model.",https://iol-prod.appspot.com/image/4174d0fc766ddd70c95be86b7b25b5ed4f28068e=w700,IOL,General,IOL,"[{'topic': 'technology', 'relevance_score': '0.830578'}]",0.165342,Somewhat-Bullish,"[{'ticker': 'SPOT', 'relevance_score': '0.873514', 'ticker_sentiment_score': '0.169987', 'ticker_sentiment_label': 'Somewhat-Bullish'}, {'ticker': 'AMZN', 'relevance_score': '0.977702', 'ticker_sentiment_score': '0.331360', 'ticker_sentiment_label': 'Somewhat-Bullish'}, {'ticker': 'AAPL', 'relevance_score': '0.647376', 'ticker_sentiment_score': '-0.123804', 'ticker_sentiment_label': 'Neutral'}]"
Get a pair of artfully ripped jeans for 25% off at Urban Outfitters,https://www.sfgate.com/shopping/article/BDG-jeans-sale-urban-outfitters-15512954.php,20200825T065908,['Ana Suarez'],"Urban Outfitters is offering 25% off their exclusive BDG denim collection for both men and women, including a wide selection of ripped jeans that are currently on-trend. Non-ripped jean styles are also available in the sale. The discount is automatically applied at checkout, allowing customers to stock up on various BDG jeans, jackets, tees, and accessories.",https://cdn-channels-pixel.ex.co/events/0012000001fxZm9AAE?integrationType=DEFAULT&template=design%2Farticle%2Fplatypus_two_column.tpl,SFGATE,General,SFGATE,"[{'topic': 'retail_wholesale', 'relevance_score': '0.928455'}]",0.188736,Somewhat-Bullish,"[{'ticker': 'URBN', 'relevance_score': '1.000000', 'ticker_sentiment_score': '0.318053', 'ticker_sentiment_label': 'Somewhat-Bullish'}, {'ticker': 'WMT', 'relevance_score': '0.613393', 'ticker_sentiment_score': '0.127968', 'ticker_sentiment_label': 'Neutral'}, {'ticker': 'AMZN', 'relevance_score': '0.607368', 'ticker_sentiment_score': '0.146676', 'ticker_sentiment_label': 'Neutral'}, {'ticker': 'EBAY', 'relevance_score': '0.621486', 'ticker_sentiment_score': '0.129348', 'ticker_sentiment_label': 'Neutral'}]"
B.C.’s back-to-school spending shifts to technology,https://www.biv.com/news/retail-manufacturing/bcs-back-school-spending-shifts-technology-8261367,20200825T080800,['Glen Korstrom'],"The COVID-19 pandemic has drastically altered annual back-to-school shopping in B.C., leading to a significant shift towards technology spending. Retailers are observing increased purchases of computers, tablets, and related accessories, while traditional school supplies like pens and paper, along with apparel, are seeing reduced demand. This shift is driven by the acceleration of online learning, with students needing to upgrade devices for virtual classes.",,Business in Vancouver,General,Business in Vancouver,"[{'topic': 'retail_wholesale', 'relevance_score': '0.903824'}, {'topic': 'technology', 'relevance_score': '0.809083'}, {'topic': 'earnings', 'relevance_score': '0.730400'}, {'topic': 'economy_macro', 'relevance_score': '0.645835'}]",0.236178,Somewhat-Bullish,"[{'ticker': 'BBY', 'relevance_score': '1.000000', 'ticker_sentiment_score': '0.492689', 'ticker_sentiment_label': 'Bullish'}, {'ticker': 'WMT', 'relevance_score': '0.850760', 'ticker_sentiment_score': '-0.143746', 'ticker_sentiment_label': 'Neutral'}, {'ticker': 'AMZN', 'relevance_score': '0.612497', 'ticker_sentiment_score': '0.323162', 'ticker_sentiment_label': 'Somewhat-Bullish'}]"
Etsy CEO says Amazon is trying to 'wipe out its competitors' by backing California consumer protection bill,https://www.cnbc.com/2020/08/25/etsy-amazon-trying-to-squash-competitors-by-backing-california-bill.html,20200825T193900,['Annie Palmer'],"Etsy CEO Josh Silverman argues that Amazon's support for California's AB 3262 consumer protection bill is an anti-competitive tactic designed to burden small businesses with legal costs, effectively eliminating competitors. Amazon maintains it would support the bill if expanded to include all online marketplaces, regardless of their business models. The bill aims to hold online marketplaces liable for defective goods, a notable shift given Amazon's historical stance of being merely a conduit between buyers and sellers.",https://image.cnbcfm.com/api/v1/image/106679571-15984740481598474027-11061967504-1080pnbcnews.jpg?v=1598474048&w=750&h=422&vtcrop=y,CNBC,General,CNBC,"[{'topic': 'retail_wholesale', 'relevance_score': '0.934063'}, {'topic': 'technology', 'relevance_score': '0.810892'}, {'topic': 'finance', 'relevance_score': '0.647836'}, {'topic': 'economy_fiscal', 'relevance_score': '0.600992'}]",-0.30099,Somewhat-Bearish,"[{'ticker': 'ETSY', 'relevance_score': '1.000000', 'ticker_sentiment_score': '-0.322253', 'ticker_sentiment_label': 'Somewhat-Bearish'}, {'ticker': 'AMZN', 'relevance_score': '0.917602', 'ticker_sentiment_score': '-0.403722', 'ticker_sentiment_label': 'Bearish'}, {'ticker': 'EBAY', 'relevance_score': '0.641851', 'ticker_sentiment_score': '-0.224015', 'ticker_sentiment_label': 'Somewhat-Bearish'}]"
TUBI NOW AVAILABLE ON NEW TIVO STREAM 4K DEVICE AND STREAMING ON TIVO+,https://corporate.tubitv.com/press/tubi-now-available-on-new-tivo-stream-4k-device-and-streaming-on-tivo/,20200826T070314,[],"Tubi, a division of FOX Entertainment, has announced that its library of over 23,000 movies and TV shows is now available on the new TiVo Stream 4K device and streaming on the TiVo+ content network. This renewed agreement allows TiVo customers to access Tubi's on-demand content for free, including new titles like Magic Mike XXL and The Family That Preys. The partnership aims to enhance content discovery and expand Tubi's reach across various platforms.",https://corporate.tubitv.com/wp-content/uploads/2020/06/Tubi-Image-e1619809826375.jpg,Tubi,General,Tubi,"[{'topic': 'technology', 'relevance_score': '0.949856'}]",0.27153,Somewhat-Bullish,"[{'ticker': 'XPER', 'relevance_score': '1.000000', 'ticker_sentiment_score': '0.449483', 'ticker_sentiment_label': 'Bullish'}, {'ticker': 'FOXA', 'relevance_score': '0.709514', 'ticker_sentiment_score': '0.315806', 'ticker_sentiment_label': 'Somewhat-Bullish'}, {'ticker': 'CMCSA', 'relevance_score': '0.634633', 'ticker_sentiment_score': '0.209767', 'ticker_sentiment_label': 'Somewhat-Bullish'}, {'ticker': 'AMZN', 'relevance_score': '0.637915', 'ticker_sentiment_score': '0.200747', 'ticker_sentiment_label': 'Somewhat-Bullish'}, {'ticker': 'GOOGL', 'relevance_score': '0.618887', 'ticker_sentiment_score': '0.220953', 'ticker_sentiment_label': 'Somewhat-Bullish'}]"
"Amazon's latest grocery store concept opens, with high-tech carts",https://www.reuters.com/article/technology/amazons-latest-grocery-store-concept-opens-with-high-tech-carts-idUSKBN25N0UT/,20200827T060700,['Jeffrey Dastin'],"Amazon has opened a new Amazon Fresh grocery store in Los Angeles, featuring ""Amazon Dash Carts"" that allow customers to skip checkout lines. This new store concept aims to expand Amazon's physical retail presence and compete with established grocery chains, focusing on national brands and offering lower prices. The technology-driven store also includes counters for web order pick-up/returns and Alexa-enabled stations.",https://www.reuters.com/resizer/v2/https%3A%2F%2Farchive-images.prod.global.a201836.reutersmedia.net%2F2020%2F08%2F27%2FLYNXMPEG7Q0MD.JPG?auth=0d892cb246e4a46352dabde35796ad5dab20c9a9c3c24538887c6af511f8b31c&width=1080&quality=80,Reuters,General,Reuters,"[{'topic': 'retail_wholesale', 'relevance_score': '0.904559'}, {'topic': 'technology', 'relevance_score': '0.827423'}]",0.120786,Neutral,"[{'ticker': 'AMZN', 'relevance_score': '1.000000', 'ticker_sentiment_score': '0.268799', 'ticker_sentiment_label': 'Somewhat-Bullish'}, {'ticker': 'KR', 'relevance_score': '0.655808', 'ticker_sentiment_score': '-0.138839', 'ticker_sentiment_label': 'Neutral'}]"
Cetus: Cryptojacking Worm Targeting Docker Daemons,https://unit42.paloaltonetworks.com/cetus-cryptojacking-worm/,20200827T064455,['Aviv Sasson'],"A new cryptojacking worm named Cetus has been discovered, specifically targeting unsecured Docker daemons to mine Monero. Cetus, created by TeamTnT, disguises itself as legitimate Docker binaries like Portainer and uses Masscan to spread across networks. Palo Alto Networks customers are protected through Prisma Cloud Compute's host compliance protection feature.",https://unit42.paloaltonetworks.com/wp-content/uploads/2026/02/13_Cloud_cybersecurity_research_Overview_1920x900-786x368.jpg,Unit 42,General,Unit 42,"[{'topic': 'technology', 'relevance_score': '0.936219'}, {'topic': 'blockchain', 'relevance_score': '0.834394'}]",0.165226,Somewhat-Bullish,"[{'ticker': 'PANW', 'relevance_score': '0.945240', 'ticker_sentiment_score': '0.321411', 'ticker_sentiment_label': 'Somewhat-Bullish'}, {'ticker': 'AMZN', 'relevance_score': '0.647022', 'ticker_sentiment_score': '0.123427', 'ticker_sentiment_label': 'Neutral'}, {'ticker': 'MSFT', 'relevance_score': '0.603334', 'ticker_sentiment_score': '0.137097', 'ticker_sentiment_label': 'Neutral'}, {'ticker': 'GOOGL', 'relevance_score': '0.624274', 'ticker_sentiment_score': '0.111174', 'ticker_sentiment_label': 'Neutral'}, {'ticker': 'GOOG', 'relevance_score': '0.609153', 'ticker_sentiment_score': '0.105923', 'ticker_sentiment_label': 'Neutral'}]"
"Atlanta developer closes on land, secures $44M construction loan for Home Depot's new Hillsborough warehouse",https://www.bizjournals.com/tampabay/news/2020/08/27/home-depot-warehouse-hillsborough-moving-forward.html,20200827T222717,['Ashley Gurbal Kritzer'],"An Atlanta developer has successfully closed on the land and secured a $44 million construction loan for Home Depot's new warehouse in Hillsborough County, Florida. This development signifies the progress of Home Depot's Gibsonton warehouse project, with the same developer also constructing a warehouse for Amazon in Temple Terrace.",,The Business Journals,General,The Business Journals,"[{'topic': 'real_estate', 'relevance_score': '1.000000'}, {'topic': 'retail_wholesale', 'relevance_score': '0.708690'}]",0.294098,Somewhat-Bullish,"[{'ticker': 'HD', 'relevance_score': '1.000000', 'ticker_sentiment_score': '0.302852', 'ticker_sentiment_label': 'Somewhat-Bullish'}, {'ticker': 'AMZN', 'relevance_score': '0.700770', 'ticker_sentiment_score': '0.231336', 'ticker_sentiment_label': 'Somewhat-Bullish'}]"
It’s Too Soon to Tune Out of QVC,https://www.wsj.com/business/retail/its-too-soon-to-tune-out-of-qvc-11598535181?gaa_at=eafs&gaa_n=AWEtsqeZxxTi9I3xFKyyILgh7wljU4FqhCNuYcDwVec0PIeaIaUjO48RZnhR&gaa_ts=6907e74d&gaa_sig=tUxFTKTQwMeJnB-JUmuQ5xauqF5ZJdfjw4KoOIDkwiIKwSFWf-f5nSKKgJAN59celEeupax8GXjFbQzQa5eu6A%3D%3D,20200827T230708,['Jinjoo Lee'],"Qurate Retail, owner of QVC and HSN, has shown resilience despite challenges in the retail sector. The company successfully grew sales by 10% in the quarter ended June 30, beating estimates, even as many traditional retailers faced bankruptcy. This indicates that while TV-based home shopping may not be a future trend, Qurate is adapting effectively to current market conditions.",,The Wall Street Journal,General,The Wall Street Journal,"[{'topic': 'earnings', 'relevance_score': '0.825136'}, {'topic': 'mergers_and_acquisitions', 'relevance_score': '0.735792'}, {'topic': 'retail_wholesale', 'relevance_score': '0.924746'}]",0.271081,Somewhat-Bullish,"[{'ticker': 'QVCD', 'relevance_score': '1.000000', 'ticker_sentiment_score': '0.389742', 'ticker_sentiment_label': 'Bullish'}, {'ticker': 'AMZN', 'relevance_score': '0.624132', 'ticker_sentiment_score': '0.108747', 'ticker_sentiment_label': 'Neutral'}]"
"Soon, the Kitty Litter Will Come by Electric Truck (Published 2020)",https://www.nytimes.com/2020/08/27/business/electric-delivery-vehicles-ups-fedex-amazon.html,20200827T233145,['Jim Motavalli'],"Major delivery carriers like UPS, FedEx, and Amazon are intensifying their efforts to electrify their vehicle fleets in response to surging delivery demand during the pandemic. This push is driven by concerns about climate change, rising delivery costs, government regulations, and significant advancements in battery technology, which are making electric vehicles more cost-effective. Industry analysts predict a substantial increase in electric delivery van orders as the economics of EVs become more favorable than diesel for short, local delivery operations.",,The New York Times,General,The New York Times,"[{'topic': 'energy_transportation', 'relevance_score': '0.926157'}, {'topic': 'retail_wholesale', 'relevance_score': '0.800968'}, {'topic': 'technology', 'relevance_score': '0.846565'}, {'topic': 'economy_macro', 'relevance_score': '0.731814'}]",0.267291,Somewhat-Bullish,"[{'ticker': 'UPS', 'relevance_score': '1.000000', 'ticker_sentiment_score': '0.331348', 'ticker_sentiment_label': 'Somewhat-Bullish'}, {'ticker': 'FDX', 'relevance_score': '0.722532', 'ticker_sentiment_score': '0.291395', 'ticker_sentiment_label': 'Somewhat-Bullish'}, {'ticker': 'AMZN', 'relevance_score': '0.726705', 'ticker_sentiment_score': '0.243234', 'ticker_sentiment_label': 'Somewhat-Bullish'}, {'ticker': 'PCAR', 'relevance_score': '0.612378', 'ticker_sentiment_score': '0.150176', 'ticker_sentiment_label': 'Somewhat-Bullish'}, {'ticker': 'TSLA', 'relevance_score': '0.598273', 'ticker_sentiment_score': '0.264323', 'ticker_sentiment_label': 'Somewhat-Bullish'}]"
Celsius notches another earnings record,https://www.nutraingredients.com/Article/2020/08/28/Celsius-notches-another-earnings-record/,20200828T061341,['Hank Schultz'],"Celsius Holdings reported record revenue in the second quarter of 2020, reaching $30 million, an 86% increase over the same period in 2019. The company is nearing nationwide distribution in North America and has become the third largest energy drink seller on Amazon. Despite a recent private placement diluting shares, the company is well-capitalized and aims to eliminate outstanding bonds and fund growth opportunities.",https://www.nutraingredients.com/resizer/v2/GLMIPC7LP5N6TPHLSUJW5FQOGA.jpg?auth=35be972b57713a348e0d51b6c35a983545494efd5c9483f932856bf3d9fc1838&smart=true,NutraIngredients.com,General,NutraIngredients.com,"[{'topic': 'earnings', 'relevance_score': '0.912367'}, {'topic': 'retail_wholesale', 'relevance_score': '0.845509'}, {'topic': 'finance', 'relevance_score': '0.601618'}]",0.372616,Bullish,"[{'ticker': 'CELH', 'relevance_score': '1.000000', 'ticker_sentiment_score': '0.523825', 'ticker_sentiment_label': 'Bullish'}, {'ticker': 'AMZN', 'relevance_score': '0.724338', 'ticker_sentiment_score': '0.331825', 'ticker_sentiment_label': 'Somewhat-Bullish'}, {'ticker': 'MNST', 'relevance_score': '0.601803', 'ticker_sentiment_score': '0.333551', 'ticker_sentiment_label': 'Somewhat-Bullish'}]"
Investing basics: what is a stock split?,https://www.morningstar.com.au/personal-finance/investing-basics-what-is-a-stock-split,20200828T063929,['Ruth Saldanha'],"This article explains what a stock split is and how it impacts investors, using recent announcements from Apple and Tesla as examples. It clarifies that while a split increases the number of shares and reduces the per-share price, it does not change the company's fundamental value or an investor's total holdings. The piece also briefly covers the concept of a reverse stock split.",https://www.morningstar.com.au/_ipx/f_webp&q_50&blur_3&s_10x10/https://cloudfront-us-east-1.images.arcpublishing.com/morningstar/JU36M7USTFBLFLOMYA5QMKFPPI.jpg,Morningstar,General,Morningstar,"[{'topic': 'financial_markets', 'relevance_score': '0.932630'}, {'topic': 'finance', 'relevance_score': '0.822958'}]",0.217804,Somewhat-Bullish,"[{'ticker': 'MORN', 'relevance_score': '0.717506', 'ticker_sentiment_score': '0.117930', 'ticker_sentiment_label': 'Neutral'}, {'ticker': 'AAPL', 'relevance_score': '0.909831', 'ticker_sentiment_score': '0.322910', 'ticker_sentiment_label': 'Somewhat-Bullish'}, {'ticker': 'TSLA', 'relevance_score': '0.920736', 'ticker_sentiment_score': '0.311412', 'ticker_sentiment_label': 'Somewhat-Bullish'}, {'ticker': 'AMZN', 'relevance_score': '0.592415', 'ticker_sentiment_score': '0.118186', 'ticker_sentiment_label': 'Neutral'}]"
Amazon's sustainability initiatives: Half empty or half full?,https://www.techtarget.com/searchaws/feature/Amazons-sustainability-initiatives-Half-empty-or-half-full,20200828T065807,['Stan Gibson'],"Amazon's sustainability efforts, including a $2 billion Climate Pledge Fund and investments in renewable energy, are met with mixed reviews regarding their effectiveness and sincerity. While some experts praise the scale of Amazon's initiatives, others, including sustainability ranking firms and environmental activists, criticize the company's overall environmental impact and practices. The article highlights the ongoing tension between profit-driven business models and environmental activism in evaluating corporate sustainability.",,TechTarget,General,TechTarget,"[{'topic': 'retail_wholesale', 'relevance_score': '0.819229'}, {'topic': 'technology', 'relevance_score': '0.802495'}, {'topic': 'finance', 'relevance_score': '0.641589'}, {'topic': 'economy_macro', 'relevance_score': '0.619387'}]",0.085186,Neutral,"[{'ticker': 'TTGT', 'relevance_score': '0.326460', 'ticker_sentiment_score': '0.029007', 'ticker_sentiment_label': 'Neutral'}, {'ticker': 'AMZN', 'relevance_score': '1.000000', 'ticker_sentiment_score': '0.064847', 'ticker_sentiment_label': 'Neutral'}, {'ticker': 'BLK', 'relevance_score': '0.731130', 'ticker_sentiment_score': '0.122208', 'ticker_sentiment_label': 'Neutral'}, {'ticker': 'MSFT', 'relevance_score': '0.611384', 'ticker_sentiment_score': '0.081286', 'ticker_sentiment_label': 'Neutral'}, {'ticker': 'GOOG', 'relevance_score': '0.573568', 'ticker_sentiment_score': '0.063987', 'ticker_sentiment_label': 'Neutral'}]"
FedEx Hiring for Indy Hub,https://www.insideindianabusiness.com/articles/fedex-hiring-for-indy-hub,20200828T115400,[],"FedEx (NYSE: FDX) is hosting a hiring event at its Indianapolis International Airport hub to fill permanent part-time package handling positions. The company is looking to meet ongoing demand for e-commerce shipments, offering starting rates between $18.30-$19.12 per hour, with a night shift premium and comprehensive benefits. Individuals unable to attend the event are encouraged to apply online.",,Inside INdiana Business,General,Inside INdiana Business,"[{'topic': 'retail_wholesale', 'relevance_score': '0.703562'}, {'topic': 'economy_macro', 'relevance_score': '0.624405'}, {'topic': 'energy_transportation', 'relevance_score': '0.836809'}]",0.194748,Somewhat-Bullish,"[{'ticker': 'FDX', 'relevance_score': '1.000000', 'ticker_sentiment_score': '0.287069', 'ticker_sentiment_label': 'Somewhat-Bullish'}, {'ticker': 'AMZN', 'relevance_score': '0.607105', 'ticker_sentiment_score': '0.103470', 'ticker_sentiment_label': 'Neutral'}]"
Exclusive: -Facebook says Apple rejected its attempt to tell users about App Store fees,https://www.reuters.com/business/facebook-says-apple-rejected-its-attempt-tell-users-about-app-store-fees-2020-08-28/,20200828T152300,['Katie Paul and Stephen Nellis'],"Facebook stated that Apple rejected its attempt to inform users about the 30% App Store fee on sales from a new online events feature, citing a rule against ""irrelevant"" information. Facebook had sought a fee waiver from Apple for small businesses using the feature to recover COVID-19 related revenue losses, but Apple declined. This incident aligns Facebook with other developers, like Epic Games, who are criticizing Apple's App Store commissions and facing scrutiny over alleged anti-competitive behavior.",https://www.reuters.com/resizer/v2/RCFFQELKCFNUTM6YCTXYVUIE4Q.jpg?auth=8218bcdc8fe62de2e7d57deaf585780ea2e286f4242de529d30c53f31b9ca32f&width=1920&quality=80,Reuters,General,Reuters,"[{'topic': 'technology', 'relevance_score': '0.944489'}, {'topic': 'retail_wholesale', 'relevance_score': '0.649325'}]",-0.068738,Neutral,"[{'ticker': 'AAPL', 'relevance_score': '1.000000', 'ticker_sentiment_score': '-0.244585', 'ticker_sentiment_label': 'Somewhat-Bearish'}, {'ticker': 'GOOGL', 'relevance_score': '0.704039', 'ticker_sentiment_score': '0.130865', 'ticker_sentiment_label': 'Neutral'}, {'ticker': 'AMZN', 'relevance_score': '0.631291', 'ticker_sentiment_score': '0.041084', 'ticker_sentiment_label': 'Neutral'}]"
"Uh Oh, Here’s Why the Internet Broke Again",https://gizmodo.com/uh-oh-heres-why-the-internet-broke-again-1844898093,20200830T064115,['Alyse Stanley'],"A widespread internet outage on Sunday morning impacting Cloudflare, PlayStation Network, Xbox Live, Amazon, and Hulu was attributed to a single internet service provider, CenturyLink. Cloudflare, which provides online security services, went down after issues with a ""third-party transit provider"" (CenturyLink) caused HTTP 5xx errors across its data centers. CenturyLink confirmed and resolved an IP outage, apologizing for the significant disruption it caused across the U.S. and Western Europe.",https://gizmodo.com/app/uploads/2020/08/aocl4xnsmlj0fsajubha.jpg,Gizmodo,General,Gizmodo,"[{'topic': 'technology', 'relevance_score': '0.814396'}]",-0.134203,Neutral,"[{'ticker': 'NET', 'relevance_score': '0.340002', 'ticker_sentiment_score': '0.043356', 'ticker_sentiment_label': 'Neutral'}, {'ticker': 'AMZN', 'relevance_score': '0.616544', 'ticker_sentiment_score': '-0.192809', 'ticker_sentiment_label': 'Somewhat-Bearish'}]"
"Mark Cuban's Strategy Returned 1,000% on Netflix and 500% on Amazon",https://markets.businessinsider.com/news/stocks/mark-cuban-investing-strategy-returns-netflix-amazon-trading-companies-believes-2020-8-1029541082,20200830T064129,['Emily Graffeo'],"Billionaire investor Mark Cuban revealed his successful buy-and-hold strategy, which yielded a 1,000% return on Netflix and a 500% return on Amazon. Cuban explained that he sticks with companies he believes in and unlike his past self, he no longer actively trades due to increased capital chasing fewer stocks. He also noted that economic uncertainty from the pandemic creates new opportunities for innovation, particularly in the digital sector.",https://i.insider.com/5f47c344db1ed000297143c5?width=700,markets.businessinsider.com,General,markets.businessinsider.com,"[{'topic': 'financial_markets', 'relevance_score': '0.936185'}, {'topic': 'technology', 'relevance_score': '0.837646'}, {'topic': 'economy_monetary', 'relevance_score': '0.649496'}, {'topic': 'finance', 'relevance_score': '0.641895'}]",0.362646,Bullish,"[{'ticker': 'NFLX', 'relevance_score': '1.000000', 'ticker_sentiment_score': '0.472055', 'ticker_sentiment_label': 'Bullish'}, {'ticker': 'AMZN', 'relevance_score': '0.949715', 'ticker_sentiment_score': '0.414050', 'ticker_sentiment_label': 'Bullish'}, {'ticker': 'MSFT', 'relevance_score': '0.585061', 'ticker_sentiment_score': '0.140520', 'ticker_sentiment_label': 'Neutral'}]"
SMB and NFS? Cloud Volumes for AWS Has You Covered,https://www.netapp.com/blog/aws-cvo-blg-smb-and-nfs-cloud-volumes-for-aws-has-you-covered/,20200830T064228,['Trenton Baker'],"This article discusses how NetApp Cloud Volumes Service for AWS simplifies file sharing protocols by supporting NFS, SMB, or both within a single volume creation service. It highlights the benefits of using Cloud Volumes Service for unified file sharing, including migration without refactoring, continuous upgrades, on-demand provisioning, and cost savings compared to using separate services like Amazon EFS and FSx for Windows Server. The service allows users to easily create and manage dual-protocol volumes on AWS.",,NetApp,General,NetApp,"[{'topic': 'technology', 'relevance_score': '0.815245'}]",0.244812,Somewhat-Bullish,"[{'ticker': 'NTAP', 'relevance_score': '1.000000', 'ticker_sentiment_score': '0.447832', 'ticker_sentiment_label': 'Bullish'}, {'ticker': 'AMZN', 'relevance_score': '0.733293', 'ticker_sentiment_score': '0.252817', 'ticker_sentiment_label': 'Somewhat-Bullish'}, {'ticker': 'MSFT', 'relevance_score': '0.618460', 'ticker_sentiment_score': '0.224423', 'ticker_sentiment_label': 'Somewhat-Bullish'}, {'ticker': 'IBM', 'relevance_score': '0.574640', 'ticker_sentiment_score': '0.101089', 'ticker_sentiment_label': 'Neutral'}]"
"Tesla, Apple stock splits pave way for more gains",https://www.foxbusiness.com/markets/tesla-apple-stock-splits-pave-way-more-gains,20200831T061700,['Jonathan Garber'],"Apple and Tesla's recent stock splits may lead to further share price gains by increasing affordability for smaller investors, despite splits not changing a company's overall market capitalization. Historically, major brands have seen an average 33% share price rally within 12 months post-split. While some experts caution about increased volatility and diluted earnings, others predict continued growth for mega-cap tech stocks.",https://a57.foxnews.com/static.foxbusiness.com/foxbusiness.com/content/uploads/2020/08/931/523/Stock-performance-after-splits-2-1.jpg?ve=1&tl=1,Fox Business,General,Fox Business,"[{'topic': 'financial_markets', 'relevance_score': '0.920037'}, {'topic': 'technology', 'relevance_score': '0.842787'}]",0.331898,Somewhat-Bullish,"[{'ticker': 'TSLA', 'relevance_score': '1.000000', 'ticker_sentiment_score': '0.400900', 'ticker_sentiment_label': 'Bullish'}, {'ticker': 'AAPL', 'relevance_score': '0.936211', 'ticker_sentiment_score': '0.328503', 'ticker_sentiment_label': 'Somewhat-Bullish'}, {'ticker': 'AMZN', 'relevance_score': '0.625279', 'ticker_sentiment_score': '0.318489', 'ticker_sentiment_label': 'Somewhat-Bullish'}, {'ticker': 'GOOGL', 'relevance_score': '0.634178', 'ticker_sentiment_score': '0.325305', 'ticker_sentiment_label': 'Somewhat-Bullish'}, {'ticker': 'NFLX', 'relevance_score': '0.641023', 'ticker_sentiment_score': '0.305578', 'ticker_sentiment_label': 'Somewhat-Bullish'}]"
Building smarter products with sensors,https://flex.com/resources/building-smarter-products-with-intelligent-sensor-technologies,20200831T062337,[],"This article discusses how sensors are becoming foundational to building intelligent products across various industries. It highlights key technological trends such as miniaturization, sensor fusion, and low-power silicon that are enhancing sensor performance. The piece emphasizes the importance of integrating these technologies to improve product efficiency, safety, and precision.",https://flex.com/wp-content/uploads/2022/11/building-smarter-products-with-intelligent-sensor-technologies-0.png,Flextronics,General,Flextronics,"[{'topic': 'technology', 'relevance_score': '1.000000'}, {'topic': 'life_sciences', 'relevance_score': '0.749945'}, {'topic': 'manufacturing', 'relevance_score': '0.736663'}]",0.281761,Somewhat-Bullish,"[{'ticker': 'FLEX', 'relevance_score': '1.000000', 'ticker_sentiment_score': '0.459647', 'ticker_sentiment_label': 'Bullish'}, {'ticker': 'MSFT', 'relevance_score': '0.648721', 'ticker_sentiment_score': '0.247652', 'ticker_sentiment_label': 'Somewhat-Bullish'}, {'ticker': 'AMZN', 'relevance_score': '0.628633', 'ticker_sentiment_score': '0.242639', 'ticker_sentiment_label': 'Somewhat-Bullish'}, {'ticker': 'QCOM', 'relevance_score': '0.557914', 'ticker_sentiment_score': '0.244669', 'ticker_sentiment_label': 'Somewhat-Bullish'}, {'ticker': 'GOOG', 'relevance_score': '0.559435', 'ticker_sentiment_score': '0.209217', 'ticker_sentiment_label': 'Somewhat-Bullish'}]"
ANALYSIS - WPP's path out of the pandemic,https://www.adnews.com.au/news/analysis-wpp-s-path-out-of-the-pandemic,20200831T070204,['Chris Pash'],"WPP, the world's largest advertising company, has outlined a strategy for prosperity after what it believes was the economic low point of the pandemic. Despite an 11.5% fall in first-half revenue, WPP announced a dividend to shareholders, signaling confidence in its performance. CEO Mark Read highlighted accelerated digital transformation, the rise of e-commerce, and increased focus on ESG issues as key trends shaping the industry and WPP's future approach.",https://yaffa-cdn.s3.amazonaws.com/adnews/live/images/yafNews/featureImage/path-walking---getty2.jpg,AdNews,General,AdNews,"[{'topic': 'earnings', 'relevance_score': '0.942194'}, {'topic': 'economy_macro', 'relevance_score': '0.816956'}, {'topic': 'finance', 'relevance_score': '0.736632'}, {'topic': 'technology', 'relevance_score': '0.612582'}, {'topic': 'retail_wholesale', 'relevance_score': '0.625910'}]",0.163493,Somewhat-Bullish,"[{'ticker': 'WPP', 'relevance_score': '0.978112', 'ticker_sentiment_score': '0.327979', 'ticker_sentiment_label': 'Somewhat-Bullish'}, {'ticker': 'INTC', 'relevance_score': '0.604309', 'ticker_sentiment_score': '0.122341', 'ticker_sentiment_label': 'Neutral'}, {'ticker': 'PFE', 'relevance_score': '0.649381', 'ticker_sentiment_score': '0.215724', 'ticker_sentiment_label': 'Somewhat-Bullish'}, {'ticker': 'GOOGL', 'relevance_score': '0.567300', 'ticker_sentiment_score': '0.121584', 'ticker_sentiment_label': 'Neutral'}, {'ticker': 'AMZN', 'relevance_score': '0.573281', 'ticker_sentiment_score': '0.107668', 'ticker_sentiment_label': 'Neutral'}]"
Apple and Tesla shares spike after stock splits kick in,https://www.aljazeera.com/economy/2020/8/31/apple-and-tesla-shares-spike-after-stock-splits-kick-in,20200831T213718,['Reuters'],"Apple and Tesla shares surged on Monday after their stock splits took effect, attracting significant investor buying. Apple jumped over 4 percent after its 4-for-1 split, while Tesla rallied 10 percent following its 5-for-1 split, elevating its market capitalization to over $440 billion and showcasing the impact of increased affordability for individual investors. The success of these splits may encourage other companies with high-priced stocks to consider similar moves, as both Silicon Valley companies have strong individual investor followings.",,Al Jazeera,General,Al Jazeera,"[{'topic': 'financial_markets', 'relevance_score': '0.915330'}, {'topic': 'technology', 'relevance_score': '0.803528'}, {'topic': 'earnings', 'relevance_score': '0.715923'}, {'topic': 'energy_transportation', 'relevance_score': '0.619831'}]",0.257559,Somewhat-Bullish,"[{'ticker': 'AAPL', 'relevance_score': '1.000000', 'ticker_sentiment_score': '0.412089', 'ticker_sentiment_label': 'Bullish'}, {'ticker': 'TSLA', 'relevance_score': '0.971808', 'ticker_sentiment_score': '0.427733', 'ticker_sentiment_label': 'Bullish'}, {'ticker': 'AMZN', 'relevance_score': '0.649740', 'ticker_sentiment_score': '0.134859', 'ticker_sentiment_label': 'Neutral'}, {'ticker': 'GOOGL', 'relevance_score': '0.614649', 'ticker_sentiment_score': '0.118759', 'ticker_sentiment_label': 'Neutral'}, {'ticker': 'CMG', 'relevance_score': '0.561188', 'ticker_sentiment_score': '0.131515', 'ticker_sentiment_label': 'Neutral'}]"
Amazon’s Drone Delivery Fleet Hits Milestone With FAA Clearance,https://www.claimsjournal.com/news/national/2020/08/31/299094.htm,20200831T214222,['Alan Levin'],"Amazon Prime Air has received certification from the U.S. Federal Aviation Administration (FAA) to operate as an ""air carrier,"" allowing it to begin commercial drone deliveries under a trial program. This certification signifies the FAA's confidence in Amazon’s drone operating and safety procedures, placing it alongside Wing (Alphabet Inc. subsidiary) and UPS as companies approved for such operations. While this is a significant step, routine drone deliveries are still years away due to the need for further regulatory frameworks regarding autonomous flights, design standards, and a new air-traffic system for low-altitude drones.",,Claims Journal,General,Claims Journal,"[{'topic': 'retail_wholesale', 'relevance_score': '0.801845'}, {'topic': 'technology', 'relevance_score': '1.000000'}, {'topic': 'energy_transportation', 'relevance_score': '0.729994'}]",0.286357,Somewhat-Bullish,"[{'ticker': 'AMZN', 'relevance_score': '0.993695', 'ticker_sentiment_score': '0.399560', 'ticker_sentiment_label': 'Bullish'}, {'ticker': 'UPS', 'relevance_score': '0.748752', 'ticker_sentiment_score': '0.254402', 'ticker_sentiment_label': 'Somewhat-Bullish'}, {'ticker': 'FDX', 'relevance_score': '0.618632', 'ticker_sentiment_score': '0.183166', 'ticker_sentiment_label': 'Somewhat-Bullish'}, {'ticker': 'GOOGL', 'relevance_score': '0.550469', 'ticker_sentiment_score': '0.199723', 'ticker_sentiment_label': 'Somewhat-Bullish'}]"
