title,url,time_published,authors,summary,banner_image,source,category_within_source,source_domain,topics,overall_sentiment_score,overall_sentiment_label,ticker_sentiment
AT&T shareholders vote against approving executive compensation,https://www.reuters.com/business/media-telecom/att-shareholders-vote-against-approving-executive-compensation-2021-04-30/,20210501T015800,['Reuters and Sheila Dang'],"AT&T shareholders have voted against approving executive compensation during the company's annual meeting, with only 49% of votes cast in favor. This advisory vote comes as executive pay packages have grown, and highlights shareholder concerns, particularly regarding the more than $52 million compensation for WarnerMedia CEO Jason Kilar, which was double that of AT&T CEO John Stankey. AT&T's board acknowledged the vote and stated they would consider it to ensure their compensation approach aligns with company principles.",https://www.reuters.com/resizer/v2/HA5KIILECFLANAUJQ4L5OSFOCY.jpg?auth=c71003421d9024e1b1029c70d503699b2a8d70629db40d3e8c69c0ad14aaa33f&width=1080&quality=80,Reuters,General,Reuters,"[{'topic': 'finance', 'relevance_score': '0.731742'}, {'topic': 'technology', 'relevance_score': '0.614947'}]",0.016591,Neutral,"[{'ticker': 'TBC', 'relevance_score': '0.335846', 'ticker_sentiment_score': '0.029303', 'ticker_sentiment_label': 'Neutral'}, {'ticker': 'T', 'relevance_score': '1.000000', 'ticker_sentiment_score': '-0.264564', 'ticker_sentiment_label': 'Somewhat-Bearish'}, {'ticker': 'DIS', 'relevance_score': '0.710739', 'ticker_sentiment_score': '0.122205', 'ticker_sentiment_label': 'Neutral'}, {'ticker': 'NFLX', 'relevance_score': '0.613554', 'ticker_sentiment_score': '0.129598', 'ticker_sentiment_label': 'Neutral'}, {'ticker': 'AMZN', 'relevance_score': '0.607035', 'ticker_sentiment_score': '0.136872', 'ticker_sentiment_label': 'Neutral'}]"
Warren Buffett’s Berkshire Hathaway rebounds from pandemic with $11.7 billion profit,https://www.cnn.com/2021/05/01/investing/berkshire-hathaway-earnings,20210501T090500,['Paul R. La Monica'],"Warren Buffett's Berkshire Hathaway announced a net profit of $11.7 billion in the first quarter of 2021, recovering from a significant loss in early 2020 due to the pandemic. The conglomerate, which owns diverse businesses, saw strong revenue growth as the economy reopened. Despite a massive cash pile of $145.4 billion, Berkshire Hathaway continued significant stock buybacks rather than pursuing large acquisitions, even as its stock performance has lagged the broader market in recent years.",,CNN,General,CNN,"[{'topic': 'earnings', 'relevance_score': '0.921818'}, {'topic': 'financial_markets', 'relevance_score': '0.825130'}, {'topic': 'economy_macro', 'relevance_score': '0.715750'}, {'topic': 'finance', 'relevance_score': '0.608976'}, {'topic': 'retail_wholesale', 'relevance_score': '0.644995'}]",0.096623,Neutral,"[{'ticker': 'BRK-A', 'relevance_score': '0.317375', 'ticker_sentiment_score': '0.036089', 'ticker_sentiment_label': 'Neutral'}, {'ticker': 'AAPL', 'relevance_score': '0.738262', 'ticker_sentiment_score': '0.109511', 'ticker_sentiment_label': 'Neutral'}, {'ticker': 'AMZN', 'relevance_score': '0.629988', 'ticker_sentiment_score': '0.148289', 'ticker_sentiment_label': 'Neutral'}]"
Bracing for a record pool chlorine shortage in summer 2021,https://nypost.com/2021/05/03/bracing-for-a-record-pool-chlorine-shortage-in-summer-2021/,20210503T164900,['Will Feuer'],"Pool owners are facing a record chlorine shortage in summer 2021 due to a pandemic-driven increase in demand and a fire at a major chemical plant. This has led to steep price increases for chlorine tablets, with some retailers advising customers to stock up now or consider alternative sanitization methods like saltwater systems or liquid chlorine. The shortage is impacting corporate earnings and is expected to continue through the peak pool season.",,New York Post,General,New York Post,"[{'topic': 'retail_wholesale', 'relevance_score': '0.913142'}, {'topic': 'economy_macro', 'relevance_score': '0.827746'}, {'topic': 'earnings', 'relevance_score': '0.704565'}]",0.285215,Somewhat-Bullish,"[{'ticker': 'POOL', 'relevance_score': '0.963575', 'ticker_sentiment_score': '0.426138', 'ticker_sentiment_label': 'Bullish'}, {'ticker': 'AMZN', 'relevance_score': '0.725674', 'ticker_sentiment_score': '0.202989', 'ticker_sentiment_label': 'Somewhat-Bullish'}, {'ticker': 'WMT', 'relevance_score': '0.562966', 'ticker_sentiment_score': '0.184102', 'ticker_sentiment_label': 'Somewhat-Bullish'}]"
2021 Tech Titans,https://www.washingtonian.com/2021/05/03/2021-tech-titans/,20210503T193606,['Joseph Guinto'],"This article highlights the 2021 Tech Titans in Washington D.C.'s digital economy, recognizing over 170 influential leaders, innovators, and officials who demonstrated resilience and growth despite the pandemic. It showcases entrepreneurs who launched new companies, secured significant funding, and adapted their businesses, along with key figures in finance, cybersecurity, government, and policy. The piece also acknowledges leaders in the satellite, telecommunications, and defense industries who are shaping the region's tech landscape.",,Washingtonian,General,Washingtonian,"[{'topic': 'technology', 'relevance_score': '0.923378'}, {'topic': 'ipo', 'relevance_score': '0.838005'}, {'topic': 'mergers_and_acquisitions', 'relevance_score': '0.732253'}]",0.278567,Somewhat-Bullish,"[{'ticker': 'APPN', 'relevance_score': '1.000000', 'ticker_sentiment_score': '0.447274', 'ticker_sentiment_label': 'Bullish'}, {'ticker': 'CRM', 'relevance_score': '0.718077', 'ticker_sentiment_score': '0.330738', 'ticker_sentiment_label': 'Somewhat-Bullish'}, {'ticker': 'MSFT', 'relevance_score': '0.644377', 'ticker_sentiment_score': '0.130108', 'ticker_sentiment_label': 'Neutral'}, {'ticker': 'AMZN', 'relevance_score': '0.609887', 'ticker_sentiment_score': '0.332378', 'ticker_sentiment_label': 'Somewhat-Bullish'}]"
Kroger delivery takes to the skies with drone pilot,https://www.grocerydive.com/news/kroger-delivery-takes-to-the-skies-with-drone-pilot/599427/,20210503T203725,['Jeff Wells'],"Kroger is launching a drone delivery pilot program this spring, starting with test flights near a Kroger Marketplace in Centerville, Ohio, and expanding to a Ralphs location in California in the summer. The program will utilize autonomous drones from Drone Express to deliver groceries weighing up to 5 pounds within 15 minutes, directly to consumers' locations within flight range. This initiative follows similar efforts by Amazon and Walmart, as Kroger aims to enhance its online fulfillment ecosystem and compete in the rapidly evolving grocery delivery market.",,Grocery Dive,General,Grocery Dive,"[{'topic': 'retail_wholesale', 'relevance_score': '0.916315'}, {'topic': 'technology', 'relevance_score': '0.831272'}]",0.202528,Somewhat-Bullish,"[{'ticker': 'KR', 'relevance_score': '0.970414', 'ticker_sentiment_score': '0.306929', 'ticker_sentiment_label': 'Somewhat-Bullish'}, {'ticker': 'AMZN', 'relevance_score': '0.700574', 'ticker_sentiment_score': '0.249741', 'ticker_sentiment_label': 'Somewhat-Bullish'}, {'ticker': 'WMT', 'relevance_score': '0.697258', 'ticker_sentiment_score': '0.229828', 'ticker_sentiment_label': 'Somewhat-Bullish'}, {'ticker': 'UPS', 'relevance_score': '0.590234', 'ticker_sentiment_score': '0.108403', 'ticker_sentiment_label': 'Neutral'}, {'ticker': 'FDX', 'relevance_score': '0.585440', 'ticker_sentiment_score': '0.106744', 'ticker_sentiment_label': 'Neutral'}]"
Google to power Virginia data centers with 24/7 clean energy from AES,https://www.utilitydive.com/news/google-to-power-virginia-data-centers-with-247-clean-energy-from-aes/599506/,20210504T192643,['Iulia Gheorghiu'],"AES has signed a 10-year agreement to exclusively supply 24/7 clean energy to three Google data centers in Virginia, utilizing a 500-MW portfolio of resources. This partnership aims to decarbonize Google's operations in the state and sets a precedent for other companies seeking to eliminate carbon from their energy supply. The AES portfolio will require approximately $600 million for its clean energy projects.",,Utility Dive,General,Utility Dive,"[{'topic': 'energy_transportation', 'relevance_score': '1.000000'}, {'topic': 'technology', 'relevance_score': '0.901296'}]",0.185981,Somewhat-Bullish,"[{'ticker': 'AES', 'relevance_score': '1.000000', 'ticker_sentiment_score': '0.422558', 'ticker_sentiment_label': 'Bullish'}, {'ticker': 'GOOGL', 'relevance_score': '0.833484', 'ticker_sentiment_score': '0.310653', 'ticker_sentiment_label': 'Somewhat-Bullish'}, {'ticker': 'GOOG', 'relevance_score': '0.777335', 'ticker_sentiment_score': '0.331446', 'ticker_sentiment_label': 'Somewhat-Bullish'}, {'ticker': 'D', 'relevance_score': '0.604221', 'ticker_sentiment_score': '-0.210651', 'ticker_sentiment_label': 'Somewhat-Bearish'}, {'ticker': 'AMZN', 'relevance_score': '0.557718', 'ticker_sentiment_score': '-0.113933', 'ticker_sentiment_label': 'Neutral'}]"
Boeing is giving Virginia Tech $50 million to help launch new campus,https://www.washingtonpost.com/local/education/boeing-virginia-tech-gift/2021/05/03/dd989b7c-ac28-11eb-acd3-24b44a57093a_story.html,20210504T220603,['Nick Anderson'],"Boeing has pledged a $50 million multiyear donation to Virginia Tech, marking the largest corporate gift in the university's history. This funding is intended to support financial aid and other initiatives for Virginia Tech's new graduate technology campus in Northern Virginia, with a focus on building and diversifying the student body. The investment highlights growing corporate interest in educational projects near major business hubs, such as Amazon's new headquarters.",https://www.washingtonpost.com/wp-apps/imrs.php?src=https://s3.amazonaws.com/arc-authors/washpost/dcf336e5-b847-4227-881d-466345df6592.png&h=196&w=196,The Washington Post,General,The Washington Post,"[{'topic': 'technology', 'relevance_score': '0.818374'}, {'topic': 'economy_macro', 'relevance_score': '0.649180'}]",0.212323,Somewhat-Bullish,"[{'ticker': 'BA', 'relevance_score': '0.962376', 'ticker_sentiment_score': '0.322652', 'ticker_sentiment_label': 'Somewhat-Bullish'}, {'ticker': 'AMZN', 'relevance_score': '0.607483', 'ticker_sentiment_score': '0.108207', 'ticker_sentiment_label': 'Neutral'}]"
"AVODs double down on original programming, content studios at NewFronts",https://www.marketingdive.com/news/avods-double-down-on-original-programming-content-studios-at-newfronts/599505/,20210504T221916,['Chris Kelly'],"Several ad-supported video on demand (AVOD) services, including Tubi, IMDb TV, Crackle Plus, and fuboTV, announced significant investment in original programming and content studios at the IAB NewFronts. This move comes as AVODs experience increased viewership and advertiser interest, driven by changing consumer behavior during the pandemic and a desire for alternatives to subscription-based services. Companies are leveraging these new offerings and enhanced targeting capabilities to attract both viewers and advertisers.",https://imgproxy.divecdn.com/-CJ6REHgZhPnD8nAKHkQgneKfxcphE4TC0uHjYsAIG8/g:nowe:0:414/c:1800:1017/rs:fill:1200:675:1/Z3M6Ly9kaXZlc2l0ZS1zdG9yYWdlL2RpdmVpbWFnZS90dWJpLUJlYXN0LUJlYXN0LWluLVVJLTE1MzZ4ODA0LmpwZw==.webp,Marketing Dive,General,Marketing Dive,"[{'topic': 'technology', 'relevance_score': '0.825842'}]",0.295279,Somewhat-Bullish,"[{'ticker': 'FUBO', 'relevance_score': '0.915571', 'ticker_sentiment_score': '0.304019', 'ticker_sentiment_label': 'Somewhat-Bullish'}, {'ticker': 'FOXA', 'relevance_score': '0.646655', 'ticker_sentiment_score': '0.307279', 'ticker_sentiment_label': 'Somewhat-Bullish'}, {'ticker': 'AMZN', 'relevance_score': '0.615854', 'ticker_sentiment_score': '0.220935', 'ticker_sentiment_label': 'Somewhat-Bullish'}]"
JD Logistics approved for IPO; spinoff could raise $4B,https://www.freightwaves.com/news/jd-logistics-approved-for-ipo-spinoff-could-raise-4b,20210504T222546,['Grace Sharkey'],"JD Logistics, the logistics arm of Chinese e-commerce giant JD.com, has received approval for an initial public offering (IPO) on the Hong Kong Stock Exchange, potentially raising up to $4 billion. This follows JD Health International's successful IPO. Despite significant investments in automation and technology leading to a net loss in 2020, the company aims for profitability through customer expansion, leveraging its extensive warehouse network and advanced logistics capabilities to support JD.com's growth in China's fragmented retail market.","https://freightwaves.b-cdn.net/wp-content/uploads/2021/05/JD1.png?resize=970,546&width=970&height=546",FreightWaves,General,FreightWaves,"[{'topic': 'ipo', 'relevance_score': '1.000000'}, {'topic': 'retail_wholesale', 'relevance_score': '0.843313'}, {'topic': 'technology', 'relevance_score': '0.704994'}, {'topic': 'earnings', 'relevance_score': '0.736905'}]",0.253975,Somewhat-Bullish,"[{'ticker': 'JD', 'relevance_score': '1.000000', 'ticker_sentiment_score': '0.337689', 'ticker_sentiment_label': 'Somewhat-Bullish'}, {'ticker': 'AMZN', 'relevance_score': '0.619281', 'ticker_sentiment_score': '0.212769', 'ticker_sentiment_label': 'Somewhat-Bullish'}]"
"Televisa y TV Azteca se recuperan en publicidad, pero toca impulsar el contenido",https://expansion.mx/empresas/2021/05/04/televisa-tv-azteca-ingresos-publicidad-contenido,20210504T224532,['Zyanya López'],"Televisa and TV Azteca are seeing a recovery in advertising revenue after a challenging 2020, with Televisa's ad income up 28.1% and TV Azteca's up 8% in Q1 2021. However, despite increased viewership during the COVID-19 pandemic, both companies face the challenge of migrating advertising investment to digital platforms and the need to innovate content to retain audiences and compete with streaming services. Experts emphasize that investing in new, high-quality content is crucial for the future of open television.",https://cdn-3.expansion.mx/dims4/default/0ad4e7c/2147483647/strip/true/crop/4465x2977+0+0/resize/1200x800!/format/webp/quality/60/?url=https%3A%2F%2Fcdn-3.expansion.mx%2Fdb%2Fd4%2F4a7a671c49da8870eeb385ca752f%2Ftele.jpg,Expansión,General,Expansión,"[{'topic': 'earnings', 'relevance_score': '0.912928'}, {'topic': 'financial_markets', 'relevance_score': '0.628118'}, {'topic': 'economy_macro', 'relevance_score': '0.632125'}, {'topic': 'mergers_and_acquisitions', 'relevance_score': '0.614741'}]",0.1025,Neutral,"[{'ticker': 'TV', 'relevance_score': '0.966357', 'ticker_sentiment_score': '0.347352', 'ticker_sentiment_label': 'Somewhat-Bullish'}, {'ticker': 'NFLX', 'relevance_score': '0.693506', 'ticker_sentiment_score': '-0.145899', 'ticker_sentiment_label': 'Neutral'}, {'ticker': 'AMZN', 'relevance_score': '0.622945', 'ticker_sentiment_score': '0.055698', 'ticker_sentiment_label': 'Neutral'}, {'ticker': 'DIS', 'relevance_score': '0.583169', 'ticker_sentiment_score': '0.106677', 'ticker_sentiment_label': 'Neutral'}, {'ticker': 'CMCSA', 'relevance_score': '0.589508', 'ticker_sentiment_score': '0.037011', 'ticker_sentiment_label': 'Neutral'}]"
Jessica Alba’s Honest Co. IPO soars on $1.4 billion valuation,https://www.foxbusiness.com/markets/jessica-albas-honest-co-could-valued-over-1-5-billion,20210505T120000,['Jeanette Settembre'],"Jessica Alba's The Honest Company Inc. made its public debut, with its IPO raising over $412 million and valuing the company at $1.4 billion. The stock, trading under the ticker HNST, saw a significant pop of over 40% on its first day. The wellness brand, founded in 2011, offers clean beauty, baby products, and household items, and has expanded its retail presence.",,Fox Business,General,Fox Business,"[{'topic': 'ipo', 'relevance_score': '1.000000'}, {'topic': 'retail_wholesale', 'relevance_score': '0.849342'}, {'topic': 'finance', 'relevance_score': '0.702633'}, {'topic': 'financial_markets', 'relevance_score': '0.615641'}]",0.051967,Neutral,"[{'ticker': 'HNST', 'relevance_score': '0.330808', 'ticker_sentiment_score': '0.026769', 'ticker_sentiment_label': 'Neutral'}, {'ticker': 'AMZN', 'relevance_score': '0.633064', 'ticker_sentiment_score': '0.115002', 'ticker_sentiment_label': 'Neutral'}]"
Drivers don't work for Amazon but company has lots of rules for them,https://www.detroitnews.com/story/business/2021/05/05/drivers-dont-work-amazon-but-company-has-lots-rules-them/4955413001/,20210505T193551,['Josh Eidelson and Matt Day'],"Amazon exerts significant control over its Delivery Service Partners (DSPs) and their drivers, despite not directly employing them, dictating everything from personal grooming to social media posts. This ""fissured"" labor model helps Amazon avoid costs and liabilities, but legal experts warn it could lead to ""joint employer"" or ""vicarious liability"" claims, especially under closer scrutiny in the Biden administration. The company faces ongoing lawsuits regarding wage theft and accountability for accidents, highlighting the controversial nature of its delivery operations.",,The Detroit News,General,The Detroit News,"[{'topic': 'retail_wholesale', 'relevance_score': '0.808785'}, {'topic': 'economy_macro', 'relevance_score': '0.620368'}, {'topic': 'energy_transportation', 'relevance_score': '0.734636'}]",-0.046494,Neutral,"[{'ticker': 'AMZN', 'relevance_score': '1.000000', 'ticker_sentiment_score': '-0.293475', 'ticker_sentiment_label': 'Somewhat-Bearish'}, {'ticker': 'FDX', 'relevance_score': '0.626726', 'ticker_sentiment_score': '0.135824', 'ticker_sentiment_label': 'Neutral'}, {'ticker': 'UPS', 'relevance_score': '0.585251', 'ticker_sentiment_score': '0.082453', 'ticker_sentiment_label': 'Neutral'}]"
"Amazon Work Rules Govern Tweets, Body Odor of Contract Drivers",https://www.bloomberg.com/news/articles/2021-05-05/amazon-work-rules-govern-tweets-body-odor-of-contract-drivers,20210505T220417,['Josh Eidelson and Matt Day'],"Amazon dictates extensive rules for its contract delivery drivers, covering aspects from personal grooming and social media posts to mandatory training and drug testing. These detailed policies, despite drivers being employed by independent partners, raise questions about potential legal and regulatory challenges given the level of control Amazon exerts over these workers. The company's efforts to standardize its vast delivery network could lead to scrutiny over employment classifications.",https://assets.bwbx.io/images/users/iqjWHBFdfxIU/iD2ANkk.nGRU/v0/-1x-1.webp,Bloomberg.com,General,Bloomberg.com,"[{'topic': 'retail_wholesale', 'relevance_score': '0.848506'}, {'topic': 'technology', 'relevance_score': '0.718147'}]",-0.270861,Somewhat-Bearish,"[{'ticker': 'AMZN', 'relevance_score': '1.000000', 'ticker_sentiment_score': '-0.294952', 'ticker_sentiment_label': 'Somewhat-Bearish'}]"
Strategy Analytics: Amazon's Ring Claimed Top Spot in Global Home Security Camera Market in 2020,https://www.businesswire.com/news/home/20210505005395/en/Strategy-Analytics-Amazons-Ring-Claimed-Top-Spot-in-Global-Home-Security-Camera-Market-in-2020,20210505T220454,[],"In 2020, Amazon's Ring successfully doubled its market share and became the leading smart home security camera brand globally, surpassing Arlo and Wyze, according to Strategy Analytics. This growth was attributed to an aggressive expansion of its camera portfolio, particularly spotlight-equipped outdoor and indoor cameras, capitalizing on the brand's strong reputation from its video doorbells. The report also highlights the other top five brands as Arlo, Wyze, Google’s Nest, and Alarm.com, noting a total of 42.5 million cameras shipped to consumers in 2020 by all brands combined.",https://mms.businesswire.com/media/20210505005395/en/876209/4/Figure_1._Chart_-_May_2021_camera_market_share_report.jpg?download=1,Business Wire,General,Business Wire,"[{'topic': 'technology', 'relevance_score': '0.918762'}, {'topic': 'retail_wholesale', 'relevance_score': '0.728566'}]",0.109322,Neutral,"[{'ticker': 'ARLO', 'relevance_score': '0.994488', 'ticker_sentiment_score': '-0.348371', 'ticker_sentiment_label': 'Somewhat-Bearish'}, {'ticker': 'AMZN', 'relevance_score': '0.933724', 'ticker_sentiment_score': '0.431121', 'ticker_sentiment_label': 'Bullish'}, {'ticker': 'GOOGL', 'relevance_score': '0.631420', 'ticker_sentiment_score': '0.137618', 'ticker_sentiment_label': 'Neutral'}]"
The Honest Company Founder Jessica Alba Rings The Bell,https://lsvp.com/stories/the-honest-company-founder-jessica-alba-rings-the-bell/,20210505T222229,['Jeremy Liew'],"Lightspeed Venture Partners celebrates The Honest Company's IPO, reflecting on its journey from a mission-driven startup founded by Jessica Alba in 2011 to a public company. The article highlights the company's initial rapid growth, subsequent challenges, and its return to profitability under CEO Nick Vlahos's leadership. Lightspeed expresses pride in supporting Honest Company's commitment to clean and conscious innovation.",https://miro.medium.com/v2/resize:fit:700/1*FAmPnM8oX7_LYEkTIN72Vw.png,Lightspeed Venture Partners,General,Lightspeed Venture Partners,"[{'topic': 'ipo', 'relevance_score': '1.000000'}, {'topic': 'retail_wholesale', 'relevance_score': '0.831260'}, {'topic': 'finance', 'relevance_score': '0.739193'}]",0.22686,Somewhat-Bullish,"[{'ticker': 'HNST', 'relevance_score': '1.000000', 'ticker_sentiment_score': '0.723789', 'ticker_sentiment_label': 'Bullish'}, {'ticker': 'AMZN', 'relevance_score': '0.624864', 'ticker_sentiment_score': '0.100526', 'ticker_sentiment_label': 'Neutral'}, {'ticker': 'TGT', 'relevance_score': '0.632121', 'ticker_sentiment_score': '0.140899', 'ticker_sentiment_label': 'Neutral'}, {'ticker': 'COST', 'relevance_score': '0.647134', 'ticker_sentiment_score': '0.132989', 'ticker_sentiment_label': 'Neutral'}, {'ticker': 'WMT', 'relevance_score': '0.613272', 'ticker_sentiment_score': '0.107971', 'ticker_sentiment_label': 'Neutral'}]"
"Five Guys, Several New Businesses Coming To North Haven: Freda",https://patch.com/connecticut/northhaven/five-guys-several-new-business-coming-north-haven-freda,20210506T202300,['Vincent Salzo'],"North Haven First Selectman Michael Freda announced that several new businesses, including a Five Guys restaurant, a Starbucks with a drive-thru, and an O’Reilly’s Auto Parts Store, are coming to the town. Additionally, a new Mexican restaurant called Torito, a Hampton Inn, Panera Bread, and Jersey Mike’s Subs are planned for Universal Drive and other locations. These developments are part of an effort to grow the town's grand list and enhance consumer services.",https://patch.com/img/cdn20/users/22791208/20210506/082309/styles/patch_image/public/david-allen-starbucks-coffee-shop-logo-sign-new-york-2017-2___06201809634.jpg,Patch,General,Patch,"[{'topic': 'retail_wholesale', 'relevance_score': '0.843381'}, {'topic': 'real_estate', 'relevance_score': '0.706085'}]",0.343421,Somewhat-Bullish,"[{'ticker': 'ORLY', 'relevance_score': '0.935480', 'ticker_sentiment_score': '0.325245', 'ticker_sentiment_label': 'Somewhat-Bullish'}, {'ticker': 'SBUX', 'relevance_score': '0.833171', 'ticker_sentiment_score': '0.306962', 'ticker_sentiment_label': 'Somewhat-Bullish'}, {'ticker': 'AMZN', 'relevance_score': '0.611214', 'ticker_sentiment_score': '0.342081', 'ticker_sentiment_label': 'Somewhat-Bullish'}, {'ticker': 'MCD', 'relevance_score': '0.620127', 'ticker_sentiment_score': '0.307234', 'ticker_sentiment_label': 'Somewhat-Bullish'}]"
Jessica Alba's Honest Co. surges in Nasdaq debut,https://finance.yahoo.com/news/jessica-albas-honest-cosurges-in-nasdaq-debut-103543981.html,20210506T202737,['Alexis Christoforous'],"Jessica Alba's eco-friendly personal care brand, Honest Co. (HNST), saw its shares surge 44% in its Nasdaq debut, closing at $23 per share and giving the company a market value of about $2.1 billion. CEO Nick Vlahos viewed the successful IPO as validation of the company's mission-driven strategy focused on clean, sustainable, and socially responsible products. Despite its growth in sales to over $300 million in 2020 and narrowing net losses, the company has not yet turned a profit and has previously faced controversial lawsuits regarding its product labeling.",,Yahoo Finance,General,Yahoo Finance,"[{'topic': 'ipo', 'relevance_score': '0.949758'}, {'topic': 'earnings', 'relevance_score': '0.836407'}, {'topic': 'retail_wholesale', 'relevance_score': '0.705915'}]",0.173854,Somewhat-Bullish,"[{'ticker': 'HNST', 'relevance_score': '1.000000', 'ticker_sentiment_score': '0.495325', 'ticker_sentiment_label': 'Bullish'}, {'ticker': 'HON', 'relevance_score': '0.607899', 'ticker_sentiment_score': '0.137181', 'ticker_sentiment_label': 'Neutral'}, {'ticker': 'AMZN', 'relevance_score': '0.641617', 'ticker_sentiment_score': '0.116317', 'ticker_sentiment_label': 'Neutral'}, {'ticker': 'COST', 'relevance_score': '0.617397', 'ticker_sentiment_score': '0.127709', 'ticker_sentiment_label': 'Neutral'}, {'ticker': 'TGT', 'relevance_score': '0.612413', 'ticker_sentiment_score': '0.111508', 'ticker_sentiment_label': 'Neutral'}]"
Iron Mountain joins The Climate Pledge,https://www.aboutamazon.com/news/sustainability/iron-mountain-joins-the-climate-pledge,20210506T203210,['Amazon Staff'],"Iron Mountain has joined The Climate Pledge, committing to achieve net-zero carbon emissions by 2040, a decade ahead of the Paris Agreement's goal. As an information and asset management business, Iron Mountain has already significantly reduced its greenhouse gas emissions and aims for 100% clean power generation for its data centers. This move signifies its dedication to environmental impact reduction and aligns with over 100 other companies in the pledge.",,About Amazon,General,About Amazon,"[{'topic': 'energy_transportation', 'relevance_score': '0.818890'}, {'topic': 'economy_macro', 'relevance_score': '0.603645'}]",0.396859,Bullish,"[{'ticker': 'IRM', 'relevance_score': '1.000000', 'ticker_sentiment_score': '0.414842', 'ticker_sentiment_label': 'Bullish'}, {'ticker': 'AMZN', 'relevance_score': '0.738989', 'ticker_sentiment_score': '0.329883', 'ticker_sentiment_label': 'Somewhat-Bullish'}]"
Wealth Advisors Value Human Interaction and Technology,https://insight.factset.com/wealth-advisors-value-human-interaction-and-technology,20210506T221730,"['Greg King', 'CFA']","Wealth advisors are navigating evolving client expectations, particularly from younger generations who prioritize digital experiences. A FactSet survey highlights that while technology adoption is crucial for efficiency and managing relationships, human interaction remains vital for discussing client goals and market conditions. Advisors are seeking consolidated, intuitive, and integrated platforms to enhance their effectiveness and proactively engage with clients.",https://insight.factset.com/hubfs/Assets/backgrounds/blog-default.png,FactSet Insight,General,FactSet Insight,"[{'topic': 'finance', 'relevance_score': '0.945292'}, {'topic': 'technology', 'relevance_score': '0.805125'}]",0.301728,Somewhat-Bullish,"[{'ticker': 'FDS', 'relevance_score': '1.000000', 'ticker_sentiment_score': '0.416874', 'ticker_sentiment_label': 'Bullish'}, {'ticker': 'AMZN', 'relevance_score': '0.715425', 'ticker_sentiment_score': '0.230097', 'ticker_sentiment_label': 'Somewhat-Bullish'}, {'ticker': 'DASH', 'relevance_score': '0.648062', 'ticker_sentiment_score': '0.242480', 'ticker_sentiment_label': 'Somewhat-Bullish'}]"
Transformers Kingdom Airazor Concept Art by Ken Christiansen,https://tformers.com/transformers-kingdom-airazor-concept-art-by-ken-christiansen/41384/news.html,20210506T222151,['Crimson'],"Ken Christiansen has shared new concept art for the Transformers Kingdom series, specifically featuring Airazor. The artwork includes notes from Christiansen and was commissioned in partnership with Hasbro, Inc. The original art drawings are now available on Hasbro Pulse.",https://i.tformers.com/g/albums/41384/Transformers%20Kingdom%20Airazor%20Concept%20Art%20by%20Ken%20Christiansen%20(1).jpg,Tformers,General,Tformers,"[{'topic': 'retail_wholesale', 'relevance_score': '0.640400'}]",0.1917,Somewhat-Bullish,"[{'ticker': 'HAS', 'relevance_score': '1.000000', 'ticker_sentiment_score': '0.332612', 'ticker_sentiment_label': 'Somewhat-Bullish'}, {'ticker': 'AMZN', 'relevance_score': '0.637079', 'ticker_sentiment_score': '0.132826', 'ticker_sentiment_label': 'Neutral'}, {'ticker': 'WMT', 'relevance_score': '0.648581', 'ticker_sentiment_score': '0.138638', 'ticker_sentiment_label': 'Neutral'}]"
Amazon Sidewalk is About to Strengthen the Finding Power of Your Tiles,https://www.life360.com/blog/sidewalk-strengthening-the-power-of-your-tiles,20210506T222813,[],This short article announces that Amazon Sidewalk will enhance the tracking capabilities of Tile devices. It suggests that users will benefit from a stronger finding network for their Tiles.,,Life360,General,Life360,"[{'topic': 'technology', 'relevance_score': '0.840023'}]",0.159904,Somewhat-Bullish,"[{'ticker': 'LIF', 'relevance_score': '0.335098', 'ticker_sentiment_score': '0.016979', 'ticker_sentiment_label': 'Neutral'}, {'ticker': 'AMZN', 'relevance_score': '0.936582', 'ticker_sentiment_score': '0.307365', 'ticker_sentiment_label': 'Somewhat-Bullish'}]"
"NRG Energy names Houston sole HQ, hires CFO from 'Amazon of South Korea'",https://www.bizjournals.com/houston/news/2021/05/06/nrg-energy-hires-cfo-from-amazon-of-south-korea.html,20210506T223252,['Olivia Pulsinelli'],"NRG Energy has officially designated Houston as its sole headquarters, a shift from its previous dual-headquarters structure shared with Princeton, New Jersey, since 2012. Concurrently, the company has announced the hiring of a new Chief Financial Officer from Coupang, an e-commerce company dubbed the ""Amazon of South Korea."" This move follows NRG's acquisition of Houston-based GenOn and marks a significant step in centralizing its operations in Texas.",https://media.bizj.us/view/img/11174914/mauricio-gutierrez-nrg*900xx7316-4124-0-562.jpg,The Business Journals,General,The Business Journals,"[{'topic': 'mergers_and_acquisitions', 'relevance_score': '0.846470'}, {'topic': 'energy_transportation', 'relevance_score': '0.904492'}]",0.240757,Somewhat-Bullish,"[{'ticker': 'NRG', 'relevance_score': '1.000000', 'ticker_sentiment_score': '0.189111', 'ticker_sentiment_label': 'Somewhat-Bullish'}, {'ticker': 'AMZN', 'relevance_score': '0.639116', 'ticker_sentiment_score': '0.320385', 'ticker_sentiment_label': 'Somewhat-Bullish'}]"
Office Depot parent plans to break up its retail and B2B businesses,https://www.retaildive.com/news/office-depot-parent-plans-to-break-up-its-retail-and-b2b-businesses/599634/,20210506T223359,['Ben Unglesbee'],"Office Depot's parent company plans to separate its retail (ODP) and business-to-business (NewCo) units into two independent, publicly traded companies. This move aims to maximize the strategic focus and financial flexibility of each entity, as their trajectories have diverged over the years, further highlighted by the pandemic's impact on their respective sales. The separation is expected to be completed in the first half of 2022, following similar actions by Staples' parent company.",https://imgproxy.divecdn.com/9_VRRSEmvo9TiFEqzeJ74Oh91Q4yzR1lvWwchQHHnzs/g:nowe:0:37/c:800:452/rs:fill:1200:675:1/Z3M6Ly9kaXZlc2l0ZS1zdG9yYWdlL2RpdmVpbWFnZS9vZmZpY2UtZGVwb3QuanBn.webp,Retail Dive,General,Retail Dive,"[{'topic': 'mergers_and_acquisitions', 'relevance_score': '0.845145'}, {'topic': 'retail_wholesale', 'relevance_score': '0.827656'}, {'topic': 'earnings', 'relevance_score': '0.614556'}]",0.090711,Neutral,"[{'ticker': 'ODP', 'relevance_score': '1.000000', 'ticker_sentiment_score': '0.118790', 'ticker_sentiment_label': 'Neutral'}, {'ticker': 'AMZN', 'relevance_score': '0.612847', 'ticker_sentiment_score': '0.036624', 'ticker_sentiment_label': 'Neutral'}]"
3 Reasons Pinduoduo Stock Fell by More Than 30% in 2021,https://www.fool.com/investing/2021/05/07/3-reasons-pinduoduo-stock-fell-by-more-than-30/,20210507T090500,['Lawrence Nga'],"Pinduoduo's stock fell by over 30% in 2021 due to three main factors: the surprising departure of its founder and chairman Zheng Huang, increased regulatory scrutiny on Chinese tech companies, and a broader market shift away from high-growth tech stocks towards ""reopening"" plays. Despite these short-term challenges, the company's long-term prospects remain strong, with plans to expand customer spending on its platform and grow its agriculture-related gross merchandise value significantly by 2025. New CEO Lei Chen, part of the original team, is expected to continue driving the company's growth.",https://g.foolcdn.com/image/?url=https%3A%2F%2Fg.foolcdn.com%2Feditorial%2Fimages%2F624680%2Fwoman-shrugging-confused-uncertain-square.jpg&w=3840&op=resize,The Motley Fool,General,The Motley Fool,"[{'topic': 'financial_markets', 'relevance_score': '0.905568'}, {'topic': 'technology', 'relevance_score': '0.834838'}, {'topic': 'retail_wholesale', 'relevance_score': '0.747416'}]",-0.090613,Neutral,"[{'ticker': 'PDD', 'relevance_score': '1.000000', 'ticker_sentiment_score': '-0.205506', 'ticker_sentiment_label': 'Somewhat-Bearish'}, {'ticker': 'AMZN', 'relevance_score': '0.612676', 'ticker_sentiment_score': '0.123795', 'ticker_sentiment_label': 'Neutral'}, {'ticker': 'GOOGL', 'relevance_score': '0.626902', 'ticker_sentiment_score': '-0.128601', 'ticker_sentiment_label': 'Neutral'}]"
Help With Vaccination Push Comes From Unexpected Businesses (Published 2021),https://www.nytimes.com/2021/01/23/business/vaccines-microsoft-amazon-starbucks.html,20210507T223106,['Gillian Friedman and Lauren Hirsch'],"Major companies like Microsoft, Starbucks, and Amazon are assisting the government's COVID-19 vaccination efforts by offering logistical support, physical locations, and operational expertise. These companies, despite not being directly in healthcare, are leveraging their vast resources, national footprints, and distribution networks to help with the rollout. This private sector involvement aims to boost the vaccination drive and could enhance the companies' public image and bottom line.",https://static01.nyt.com/images/2021/01/25/business/23companies-vaccine-print/23companies-vaccine-01-articleLarge.jpg?quality=75&auto=webp&disable=upscale,The New York Times,General,The New York Times,"[{'topic': 'life_sciences', 'relevance_score': '0.810408'}, {'topic': 'economy_fiscal', 'relevance_score': '0.727469'}, {'topic': 'technology', 'relevance_score': '0.725632'}]",0.258233,Somewhat-Bullish,"[{'ticker': 'MSFT', 'relevance_score': '0.927914', 'ticker_sentiment_score': '0.346000', 'ticker_sentiment_label': 'Somewhat-Bullish'}, {'ticker': 'AMZN', 'relevance_score': '0.736281', 'ticker_sentiment_score': '0.224817', 'ticker_sentiment_label': 'Somewhat-Bullish'}, {'ticker': 'SBUX', 'relevance_score': '0.714746', 'ticker_sentiment_score': '0.240388', 'ticker_sentiment_label': 'Somewhat-Bullish'}]"
Sanctions-as-a-Service: US Regulators Escalate Sanctions Enforcement Priorities Into the Cloud with SAP Settlement,https://www.arnoldporter.com/en/perspectives/advisories/2021/05/us-regulators-escalate-sanctions-enforcement,20210507T223946,"['John P. Barker', 'John B. Bellinger', 'III', 'Soo-Mi Rhee', 'Baruch Weiss', 'Nicholas L. Townsend', 'Tal R. Machnes', 'Alyssa T. Gerstner', 'Trevor G. Schmitt']","US regulators announced a global resolution with SAP SE following its voluntary disclosure of providing software and cloud-based services to users in Iran, violating export and sanctions regulations. This settlement, involving the Departments of Justice, Commerce, and Treasury, highlights the US government's increased focus on sanctions compliance in the tech sector, particularly regarding cloud-based services and the need for robust screening and access controls. SAP agreed to pay over $8 million in penalties and invested over $27 million in enhancing its compliance programs.",,Arnold & Porter,General,Arnold & Porter,"[{'topic': 'technology', 'relevance_score': '1.000000'}, {'topic': 'finance', 'relevance_score': '0.828013'}]",-0.190924,Somewhat-Bearish,"[{'ticker': 'SAP', 'relevance_score': '1.000000', 'ticker_sentiment_score': '-0.326306', 'ticker_sentiment_label': 'Somewhat-Bearish'}, {'ticker': 'AMZN', 'relevance_score': '0.629844', 'ticker_sentiment_score': '-0.106345', 'ticker_sentiment_label': 'Neutral'}, {'ticker': 'AAPL', 'relevance_score': '0.637819', 'ticker_sentiment_score': '-0.120230', 'ticker_sentiment_label': 'Neutral'}]"
Sectors Disrupted: Breaking E-commerce Out of the Box,https://www.etftrends.com/sectors-disrupted-breaking-e-commerce-out-of-the-box/,20210509T054008,['Max Chen'],"The article discusses investment opportunities in e-commerce, presenting it as an alternative to traditional consumer discretionary or technology investments. It highlights ProShares ETFs like EMTY, CLIX, and ONLN, which allow investors to capitalize on the growth of online retail and the decline of brick-and-mortar stores. A webcast is announced where experts will further discuss these themes and strategies.",,ETF Trends,General,ETF Trends,"[{'topic': 'retail_wholesale', 'relevance_score': '0.913380'}, {'topic': 'technology', 'relevance_score': '0.816104'}, {'topic': 'financial_markets', 'relevance_score': '0.735291'}]",0.372334,Bullish,"[{'ticker': 'ONLN', 'relevance_score': '1.000000', 'ticker_sentiment_score': '0.404683', 'ticker_sentiment_label': 'Bullish'}, {'ticker': 'AMZN', 'relevance_score': '0.623108', 'ticker_sentiment_score': '0.319064', 'ticker_sentiment_label': 'Somewhat-Bullish'}]"
Metro East distribution center to undergo $7M expansion,https://www.ksdk.com/article/news/local/business-journal/metro-east-distribution-center-expansion/63-c2c51bda-7f15-49da-8d60-722d9d4e95ae,20210510T075500,['Erik Siemers'],"TriStar Properties is investing $7 million to expand a distribution center in Edwardsville, Illinois, leased by Phillips 66. The project will add 60,000 square feet to the existing 102,500-square-foot facility within the Gateway Commerce Center. This expansion is expected to increase the building's value to approximately $18 million once completed in October.",https://media.ksdk.com/assets/KSDK/images/25221ea7-cdef-47f4-9151-1fe99cb45fcf/25221ea7-cdef-47f4-9151-1fe99cb45fcf_750x422.jpg,KSDK,General,KSDK,"[{'topic': 'real_estate', 'relevance_score': '0.906019'}, {'topic': 'manufacturing', 'relevance_score': '0.749060'}, {'topic': 'energy_transportation', 'relevance_score': '0.604118'}, {'topic': 'retail_wholesale', 'relevance_score': '0.618402'}]",0.253342,Somewhat-Bullish,"[{'ticker': 'PSX', 'relevance_score': '0.914363', 'ticker_sentiment_score': '0.349108', 'ticker_sentiment_label': 'Somewhat-Bullish'}, {'ticker': 'AMZN', 'relevance_score': '0.620807', 'ticker_sentiment_score': '0.228582', 'ticker_sentiment_label': 'Somewhat-Bullish'}, {'ticker': 'LOW', 'relevance_score': '0.646724', 'ticker_sentiment_score': '0.247634', 'ticker_sentiment_label': 'Somewhat-Bullish'}, {'ticker': 'PG', 'relevance_score': '0.625684', 'ticker_sentiment_score': '0.230717', 'ticker_sentiment_label': 'Somewhat-Bullish'}, {'ticker': 'WBA', 'relevance_score': '0.619963', 'ticker_sentiment_score': '0.214809', 'ticker_sentiment_label': 'Somewhat-Bullish'}]"
Amazon borrows $18.5 billion it doesn’t need in new debt sale,https://www.latimes.com/business/story/2021-05-10/amazon-borrows-18-5-billion-it-doesnt-need-in-new-debt-sale,20210510T180300,['Molly Smith and Matt Day'],"Amazon.com Inc. issued $18.5 billion in new debt, its largest bond sale ever, despite holding $73 billion in cash and cash equivalents. The company is taking advantage of historically low borrowing costs to refinance debt, buy back stock, and fund general corporate purposes, including potential acquisitions and green projects. This move highlights a trend among U.S. investment-grade firms to secure cheap financing for growth and strategic initiatives as the economy rebounds.",,Los Angeles Times,General,Los Angeles Times,"[{'topic': 'finance', 'relevance_score': '0.941822'}, {'topic': 'financial_markets', 'relevance_score': '0.840662'}, {'topic': 'retail_wholesale', 'relevance_score': '0.740300'}, {'topic': 'technology', 'relevance_score': '0.617978'}, {'topic': 'earnings', 'relevance_score': '0.646925'}]",0.20395,Somewhat-Bullish,"[{'ticker': 'AMZN', 'relevance_score': '1.000000', 'ticker_sentiment_score': '0.292823', 'ticker_sentiment_label': 'Somewhat-Bullish'}, {'ticker': 'VZ', 'relevance_score': '0.607714', 'ticker_sentiment_score': '0.120980', 'ticker_sentiment_label': 'Neutral'}]"
"Dealmaker: JBG Smith, J.P. Morgan Global Alternatives Form Joint Venture for Potomac Yard Redevelopment",https://newslink.mba.org/mba-newslinks/2021/may/mba-newslink-monday-may-10-2021/dealmaker-jbg-smith-j-p-morgan-global-alternatives-form-joint-venture-for-potomac-yard-redevelopment/,20210510T222541,[],"JBG Smith and J.P. Morgan Global Alternatives have formed a joint venture to redevelop nearly two million square feet of mixed-use space in Potomac Yard, Alexandria, VA, near Amazon's future HQ2 and Virginia Tech's Innovation Campus. JBG Smith will contribute land and serve as developer, property manager, and leasing agent, expanding its ownership in National Landing. The project includes two multifamily buildings set to begin construction within 12 months, with the entire site accessible via the new Potomac Yard Metro station.",https://newslink.mba.org/wp-content/uploads/2021/05/JBG-Smith-Landbay-F-Map-Overlay-1.jpg?w=1024,MBA Newslink,General,MBA Newslink,"[{'topic': 'real_estate', 'relevance_score': '0.927127'}, {'topic': 'mergers_and_acquisitions', 'relevance_score': '0.803662'}, {'topic': 'finance', 'relevance_score': '0.749990'}]",0.208957,Somewhat-Bullish,"[{'ticker': 'JBGS', 'relevance_score': '0.333743', 'ticker_sentiment_score': '0.044639', 'ticker_sentiment_label': 'Neutral'}, {'ticker': 'JPM', 'relevance_score': '0.607797', 'ticker_sentiment_score': '0.300010', 'ticker_sentiment_label': 'Somewhat-Bullish'}, {'ticker': 'AMZN', 'relevance_score': '0.624298', 'ticker_sentiment_score': '0.345771', 'ticker_sentiment_label': 'Somewhat-Bullish'}]"
MySize debuts virtual fit avatar tool,https://www.retaildive.com/news/mysize-debuts-virtual-fit-avatar-tool/599781/,20210510T223134,['Tatiana Walk-Morris'],"MySize, an e-commerce measurement tech startup, has launched a new avatar feature that allows online shoppers to virtually try on clothes. This tool aims to reduce returns, which have become more common and costly with the surge in e-commerce, by helping customers visualize how garments will fit without sharing personal photos. The company hopes this ""gamification"" will enhance the interactive shopping experience and build customer loyalty.",https://imgproxy.divecdn.com/goNyZqhbah8wUFassbsYI1UCbZuWp4KSDF2vkn_cxNs/g:nowe:0:379/c:1010:570/rs:fill:1200:675:1/Z3M6Ly9kaXZlc2l0ZS1zdG9yYWdlL2RpdmVpbWFnZS9JTUdfMjY5OC5qcGVn.webp,Retail Dive,General,Retail Dive,"[{'topic': 'retail_wholesale', 'relevance_score': '0.815431'}, {'topic': 'technology', 'relevance_score': '0.926774'}]",0.248558,Somewhat-Bullish,"[{'ticker': 'MYSZ', 'relevance_score': '0.946219', 'ticker_sentiment_score': '0.406124', 'ticker_sentiment_label': 'Bullish'}, {'ticker': 'AMZN', 'relevance_score': '0.636051', 'ticker_sentiment_score': '0.138503', 'ticker_sentiment_label': 'Neutral'}]"
GaN IC maker Navitas to go public,https://www.electronicsweekly.com/news/business/gan-ic-maker-navitas-go-public-2021-05/,20210510T223322,['Steve Bush'],"Navitas Semiconductor, a GaN power IC company, is set to go public by merging with Live Oak Acquisition Corp II, a special purpose acquisition company. The transaction values the combined entity at $1.4 billion, enabling Navitas to expand its reach from mobile and consumer markets into more power-intensive applications. Navitas has already shipped integrated circuits to major companies such as Dell, LG, and Amazon.",https://static.electronicsweekly.com/wp-content/uploads/2021/05/07154955/Gene-Sheridan-CEO-founder-Navitas-Semiconductor-300x214.jpg,Electronics Weekly,General,Electronics Weekly,"[{'topic': 'ipo', 'relevance_score': '1.000000'}, {'topic': 'technology', 'relevance_score': '0.933217'}, {'topic': 'mergers_and_acquisitions', 'relevance_score': '0.830265'}]",0.243351,Somewhat-Bullish,"[{'ticker': 'NVTS', 'relevance_score': '1.000000', 'ticker_sentiment_score': '0.453107', 'ticker_sentiment_label': 'Bullish'}, {'ticker': 'DELL', 'relevance_score': '0.729147', 'ticker_sentiment_score': '0.106874', 'ticker_sentiment_label': 'Neutral'}, {'ticker': 'AMZN', 'relevance_score': '0.746331', 'ticker_sentiment_score': '0.134733', 'ticker_sentiment_label': 'Neutral'}]"
"AWS, HPE, Other IT Vendors Back $50B Call For U.S. Chip Production",https://www.crn.com/news/components-peripherals/aws-hpe-other-it-vendors-back-50b-call-for-u-s-chip-production,20210511T222240,[],"A coalition including major IT vendors like AWS, HPE, Apple, and Microsoft is advocating for $50 billion in U.S. government funding for domestic semiconductor manufacturing and research. This initiative, part of the CHIPS for America Act, aims to address the decline in U.S. chip production share and bolster supply chain resiliency. While supporting the funding, the group advised against government intervention in the current chip shortage and urged careful allocation of funds to benefit the entire industry rather than individual companies.",,CRN,General,CRN,"[{'topic': 'technology', 'relevance_score': '0.827094'}, {'topic': 'economy_fiscal', 'relevance_score': '0.711807'}, {'topic': 'manufacturing', 'relevance_score': '0.646490'}]",0.076228,Neutral,"[{'ticker': 'HPE', 'relevance_score': '1.000000', 'ticker_sentiment_score': '-0.140439', 'ticker_sentiment_label': 'Neutral'}, {'ticker': 'AMZN', 'relevance_score': '0.741536', 'ticker_sentiment_score': '0.134788', 'ticker_sentiment_label': 'Neutral'}, {'ticker': 'INTC', 'relevance_score': '0.732333', 'ticker_sentiment_score': '0.113532', 'ticker_sentiment_label': 'Neutral'}, {'ticker': 'AMD', 'relevance_score': '0.745958', 'ticker_sentiment_score': '0.133595', 'ticker_sentiment_label': 'Neutral'}, {'ticker': 'MSFT', 'relevance_score': '0.715804', 'ticker_sentiment_score': '0.114196', 'ticker_sentiment_label': 'Neutral'}]"
Wheels Up Taps Former Amazon and Airbnb Executive Vinayak Hegde as Chief Marketplace Officer,https://www.prnewswire.com/news-releases/wheels-up-taps-former-amazon-and-airbnb-executive-vinayak-hegde-as-chief-marketplace-officer-301288760.html,20210511T224611,[],"Wheels Up, a leading private aviation brand, has appointed Vinayak Hegde, formerly of Amazon and Airbnb, as its Chief Marketplace Officer. In this role, Hegde will be responsible for the strategy and execution of Wheels Up's marketplace initiatives, including revenue, product, technology, business strategy, sales, and member experience. His expertise in scaling consumer internet offerings is expected to help Wheels Up expand its private aviation platform and increase accessibility.",https://mma.prnewswire.com/media/1776408/Wheels_Up_Logo.jpg?w=300,PR Newswire,General,PR Newswire,"[{'topic': 'technology', 'relevance_score': '0.825548'}, {'topic': 'energy_transportation', 'relevance_score': '0.703489'}, {'topic': 'finance', 'relevance_score': '0.622501'}]",0.457171,Bullish,"[{'ticker': 'UP', 'relevance_score': '0.967604', 'ticker_sentiment_score': '0.718811', 'ticker_sentiment_label': 'Bullish'}, {'ticker': 'AMZN', 'relevance_score': '0.609177', 'ticker_sentiment_score': '0.334015', 'ticker_sentiment_label': 'Somewhat-Bullish'}, {'ticker': 'ABNB', 'relevance_score': '0.646154', 'ticker_sentiment_score': '0.325666', 'ticker_sentiment_label': 'Somewhat-Bullish'}]"
Wealthfront Adds Marketing Powerhouse Jaleh Bisharat to Board of Directors,https://www.prnewswire.com/news-releases/wealthfront-adds-marketing-powerhouse-jaleh-bisharat-to-board-of-directors-301289344.html,20210512T110000,[],"Wealthfront announced that marketing executive and entrepreneur Jaleh Bisharat has joined its Board of Directors. Bisharat brings over 30 years of experience with consumer brands like Amazon, Eventbrite, OpenTable, and Upwork, and is also the co-founder and CEO of NakedPoppy. Her expertise will be instrumental in expanding Wealthfront's reach and supporting its technology-driven approach to financial services.",,PR Newswire,General,PR Newswire,"[{'topic': 'finance', 'relevance_score': '0.910877'}, {'topic': 'technology', 'relevance_score': '0.716262'}]",0.332806,Somewhat-Bullish,"[{'ticker': 'WLTH', 'relevance_score': '1.000000', 'ticker_sentiment_score': '0.426178', 'ticker_sentiment_label': 'Bullish'}, {'ticker': 'AMZN', 'relevance_score': '0.639821', 'ticker_sentiment_score': '0.239099', 'ticker_sentiment_label': 'Somewhat-Bullish'}]"
Streaming Giants Are Spending Billions Overseas. Here Comes the Pushback.,https://www.wsj.com/business/media/netflix-disney-amazon-plan-streaming-world-domination-but-meet-resistance-11620818874?gaa_at=eafs&gaa_n=AWEtsqeSZHdYq2q2OnDairF_WuYFXfH1J-LtN1ZWelPerVwhOAN6TJwb0aP_&gaa_ts=699b8772&gaa_sig=wTNy7YubIMjcqgf8XwkUKenlXECfENzukrWpIrSWJ4GhO12WK7f0OTNy0cxLnzoVYZ-O8DAA6AWUO4dgNRhnIg%3D%3D,20210512T223215,['R.T. Watson'],"U.S.-based streaming services like Netflix, Amazon, Disney+, and HBO Max are investing billions in overseas markets to produce local-language content, leading to a boom for local talent and increased competition. However, this global expansion is also generating pushback from established international broadcasters, local lawmakers, and producers who are raising concerns about equal pay and content ownership. This development occurs as Disney+ has boosted its parent company's stock, highlighting the significant impact of streaming in the entertainment industry.",https://images.wsj.net/im-29720985?size=1.5,The Wall Street Journal,General,The Wall Street Journal,"[{'topic': 'retail_wholesale', 'relevance_score': '0.703566'}, {'topic': 'technology', 'relevance_score': '0.833802'}]",0.076754,Neutral,"[{'ticker': 'NFLX', 'relevance_score': '1.000000', 'ticker_sentiment_score': '0.104494', 'ticker_sentiment_label': 'Neutral'}, {'ticker': 'DIS', 'relevance_score': '0.857125', 'ticker_sentiment_score': '0.072729', 'ticker_sentiment_label': 'Neutral'}, {'ticker': 'AMZN', 'relevance_score': '0.723173', 'ticker_sentiment_score': '0.026870', 'ticker_sentiment_label': 'Neutral'}, {'ticker': 'T', 'relevance_score': '0.651277', 'ticker_sentiment_score': '0.084459', 'ticker_sentiment_label': 'Neutral'}]"
Netgear WN3000RP vs Linksys RE6500: which Wi-Fi extender is better?,https://www.t3.com/news/netgear-wn3000rp-vs-linksys-re6500-which-wi-fi-extender-is-better,20210512T223302,['Max Slater-Robins'],"This article compares two Wi-Fi extenders, the Netgear WN3000RP and the Linksys RE6500, to help consumers choose the best option for their needs and budget. It highlights their different features, target markets, and benefits, noting that the Netgear is a more affordable entry-level option, while the Linksys is a high-end device with superior range and speed. The piece concludes by recommending the Netgear for basic signal extension and the Linksys for more demanding users seeking advanced capabilities.",https://cdn.mos.cms.futurecdn.net/CexyrLZk6hqrq2SYWHavkE.jpg,T3,General,T3,"[{'topic': 'technology', 'relevance_score': '0.904615'}]",0.21268,Somewhat-Bullish,"[{'ticker': 'NTGR', 'relevance_score': '1.000000', 'ticker_sentiment_score': '0.133469', 'ticker_sentiment_label': 'Neutral'}, {'ticker': 'AMZN', 'relevance_score': '0.643319', 'ticker_sentiment_score': '0.310202', 'ticker_sentiment_label': 'Somewhat-Bullish'}]"
"To All The Things Lana Condor Has Loved Before, Including Her Favorite Lip Balm",https://www.elle.com/fashion/shopping/a36383922/lana-condor-vera-bradley-interview/,20210512T224727,['Justine Carreon'],"Actress and producer Lana Condor discusses her collaboration with Vera Bradley for their new Recycled Cotton collection, including a limited-edition backpack she designed. She shares insights into her favorite everyday items, from her go-to lip balm and best jeans to unexpected product discoveries and sentimental gifts. The article highlights her personal style and recommendations.","https://hips.hearstapps.com/hmg-prod/images/m21-lana-shot-04-1059a-1621266652.jpg?crop=1.00xw:0.668xh;0,0.0956xh&resize=640:*",ELLE,General,ELLE,"[{'topic': 'retail_wholesale', 'relevance_score': '0.815731'}]",0.312444,Somewhat-Bullish,"[{'ticker': 'VRA', 'relevance_score': '1.000000', 'ticker_sentiment_score': '0.431795', 'ticker_sentiment_label': 'Bullish'}, {'ticker': 'AMZN', 'relevance_score': '0.613393', 'ticker_sentiment_score': '0.339338', 'ticker_sentiment_label': 'Somewhat-Bullish'}, {'ticker': 'NFLX', 'relevance_score': '0.631159', 'ticker_sentiment_score': '0.116385', 'ticker_sentiment_label': 'Neutral'}]"
Safaricom in Talks With U.S. Giant Amazon on Mobile Payments,https://www.bloomberg.com/news/articles/2021-05-13/east-africa-s-biggest-company-posts-first-profit-drop-in-decade,20210513T054700,['Bella J. Genga'],"Safaricom Plc, Kenya's largest company, is in discussions with Amazon.com Inc. to integrate its M-Pesa mobile-money service onto Amazon's e-commerce platform. This move is part of Safaricom's strategy to expand its global reach and recover from its first profit decline in a decade, viewing fintech as a crucial driver for sales. The talks aim to enable M-Pesa payments for online retail purchases.",https://assets.bwbx.io/images/users/iqjWHBFdfxIU/inhFqcv3fA.c/v0/-1x-1.webp,Bloomberg.com,General,Bloomberg.com,"[{'topic': 'finance', 'relevance_score': '0.908610'}, {'topic': 'technology', 'relevance_score': '0.812914'}, {'topic': 'retail_wholesale', 'relevance_score': '0.700548'}]",0.419235,Bullish,"[{'ticker': 'AMZN', 'relevance_score': '1.000000', 'ticker_sentiment_score': '0.443613', 'ticker_sentiment_label': 'Bullish'}]"
"JPMorgan Is America’s Largest Company In 2021, But Amazon Is Rising In The Ranks",https://www.forbes.com/sites/elizahaverstock/2021/05/13/americas-largest-public-companies-2021-jpmorgan-leads-for-third-consecutive-year-amazon-breaks-into-top-10/,20210513T060000,['Eliza Haverstock'],"Despite a pandemic, America's largest companies grew significantly in 2021, with JPMorgan Chase maintaining its position as the largest for the third consecutive year. Meanwhile, Amazon climbed into the top five, reflecting the growing importance of e-commerce, while traditional giants like AT&T and ExxonMobil saw significant drops in rankings. This year's Global 2000 ranking illustrates the resilience and shifts within the U.S. corporate landscape amidst economic volatility.",,Forbes,General,Forbes,"[{'topic': 'earnings', 'relevance_score': '0.908417'}, {'topic': 'finance', 'relevance_score': '0.815580'}, {'topic': 'economy_macro', 'relevance_score': '0.730096'}, {'topic': 'retail_wholesale', 'relevance_score': '0.641151'}, {'topic': 'technology', 'relevance_score': '0.640544'}]",0.382907,Bullish,"[{'ticker': 'JPM', 'relevance_score': '1.000000', 'ticker_sentiment_score': '0.403632', 'ticker_sentiment_label': 'Bullish'}, {'ticker': 'AMZN', 'relevance_score': '0.991829', 'ticker_sentiment_score': '0.436516', 'ticker_sentiment_label': 'Bullish'}, {'ticker': 'BAC', 'relevance_score': '0.759195', 'ticker_sentiment_score': '0.278282', 'ticker_sentiment_label': 'Somewhat-Bullish'}, {'ticker': 'AAPL', 'relevance_score': '0.922277', 'ticker_sentiment_score': '0.340260', 'ticker_sentiment_label': 'Somewhat-Bullish'}]"
"Gunmaker Troy moving to Clarksville with 75 jobs, leaving Massachusetts over ‘changing climate’",https://clarksvillenow.com/local/gunmaker-troy-to-move-headquarters-to-clarksville-with-75-jobs/,20210513T072600,['Chris Smith'],"Firearms manufacturer Troy Industries is relocating its headquarters and manufacturing operations from West Springfield, Massachusetts, to Clarksville, Tennessee. This move, which represents a $7.2 million investment and 75 new jobs, is largely due to the ""changing climate"" for gunmakers in Massachusetts. The company is actively recruiting, focusing on veterans, women, and minorities, and anticipates contributing significantly to Clarksville's economic growth.",https://clarksvillenow.com/wp-content/blogs.dir/43/files/2021/05/Troy-logo-1-1200x768.jpg,Clarksville Now,General,Clarksville Now,"[{'topic': 'manufacturing', 'relevance_score': '0.944781'}, {'topic': 'economy_fiscal', 'relevance_score': '0.728471'}]",0.159433,Somewhat-Bullish,"[{'ticker': 'RGR', 'relevance_score': '0.918534', 'ticker_sentiment_score': '0.147937', 'ticker_sentiment_label': 'Neutral'}, {'ticker': 'SMCI', 'relevance_score': '0.628420', 'ticker_sentiment_score': '0.130146', 'ticker_sentiment_label': 'Neutral'}, {'ticker': 'AMZN', 'relevance_score': '0.612426', 'ticker_sentiment_score': '0.239245', 'ticker_sentiment_label': 'Somewhat-Bullish'}]"
"NHL, Amazon Web Services to debut advanced stats during playoffs",https://www.nhl.com/news/nhl-aws-to-debut-advanced-stats-during-playoffs-324660432,20210513T193551,['NHL Public Relations'],"The NHL and Amazon Web Services (AWS) announced the debut of two new advanced analytics, ""shot analytics"" and ""save analytics,"" during the 2021 Stanley Cup Playoffs. These stats will be displayed as on-screen graphics and data visualizations, providing fans with deeper insights into player and team performance. Leveraging historical NHL data and real-time game activity, these analytics aim to enhance the broadcast viewing experience and offer new perspectives for fans, players, coaches, and broadcasters.",,NHL.com,General,NHL.com,"[{'topic': 'technology', 'relevance_score': '0.920655'}]",0.494419,Bullish,"[{'ticker': 'AMZN', 'relevance_score': '1.000000', 'ticker_sentiment_score': '0.491102', 'ticker_sentiment_label': 'Bullish'}]"
2021 Ford F-150 and Mustang Mach-E Owners: New Features Coming Your Way,https://www.cars.com/articles/2021-ford-f-150-and-mustang-mach-e-owners-new-features-coming-your-way-435837/,20210513T220925,['Brian Normile'],"Ford is rolling out a series of Power-Up software updates for its 2021 F-150 and Mustang Mach-E vehicles equipped with Sync 4. These over-the-air updates include bug fixes for issues like zone lighting and Android Auto connectivity, as well as enhancements to features like Apple CarPlay display and the native navigation system. New functionalities, such as the BlueCruise hands-free driving software and a drawing/gaming feature called Sketch or Notes for the Mach-E, are also being introduced, along with enhanced Amazon Alexa integration.",https://images.cars.com/cldstatic/wp-content/uploads/ford-hybrid-supercrew-limited-2021-01-angle--black--exterior--front.jpg,Cars.com,General,Cars.com,"[{'topic': 'technology', 'relevance_score': '0.830855'}, {'topic': 'energy_transportation', 'relevance_score': '0.926782'}]",0.165613,Somewhat-Bullish,"[{'ticker': 'CARS', 'relevance_score': '0.306100', 'ticker_sentiment_score': '0.027470', 'ticker_sentiment_label': 'Neutral'}, {'ticker': 'F', 'relevance_score': '1.000000', 'ticker_sentiment_score': '0.314999', 'ticker_sentiment_label': 'Somewhat-Bullish'}, {'ticker': 'AMZN', 'relevance_score': '0.645250', 'ticker_sentiment_score': '0.100520', 'ticker_sentiment_label': 'Neutral'}]"
Alexa® Functionality Now Available for FirstEnergy Utility Customers,https://www.firstenergycorp.com/newsroom/news_articles/alexa--functionality-now-available-for-firstenergy-utility-custo.html,20210513T221735,[],"FirstEnergy utility customers can now use Amazon's Alexa-enabled devices to access information about their electric bills. This new functionality provides details such as billing notifications, due dates, payment confirmations, and monthly/yearly billing comparisons at no additional cost. The company plans to add more features like kilowatt-hour usage comparisons and bill payment capabilities in the future.",https://www.firstenergycorp.com/content/dam/newsroom/images/news/Alexa-web.jpg,FirstEnergy,General,FirstEnergy,"[{'topic': 'technology', 'relevance_score': '0.843527'}, {'topic': 'energy_transportation', 'relevance_score': '0.738355'}, {'topic': 'finance', 'relevance_score': '0.618744'}]",0.261404,Somewhat-Bullish,"[{'ticker': 'FE', 'relevance_score': '1.000000', 'ticker_sentiment_score': '0.301766', 'ticker_sentiment_label': 'Somewhat-Bullish'}, {'ticker': 'AMZN', 'relevance_score': '0.624053', 'ticker_sentiment_score': '0.227420', 'ticker_sentiment_label': 'Somewhat-Bullish'}]"
XPO Logistics Increases Hiring Activity in North America to Meet Growing Logistics Demand,https://news.xpo.com/2619/xpo-logistics-increases-hiring-activity-north-america-meet-growing-logistics/,20210513T222143,[],"XPO Logistics is recruiting for over 4,000 jobs across North America to meet the growing demand in its logistics business, driven by automation, outsourcing, and e-commerce. This hiring initiative precedes the planned spin-off of its logistics segment into GXO Logistics, Inc. The company is seeking material handlers, inventory specialists, and robotic maintenance technicians, offering competitive pay and benefits.",https://www.xpo.com/cdn/files/xpo-logo.svg,XPO News,General,XPO News,"[{'topic': 'energy_transportation', 'relevance_score': '0.904954'}, {'topic': 'economy_macro', 'relevance_score': '0.747399'}, {'topic': 'retail_wholesale', 'relevance_score': '0.603299'}, {'topic': 'manufacturing', 'relevance_score': '0.621410'}]",0.311436,Somewhat-Bullish,"[{'ticker': 'GXO', 'relevance_score': '0.864544', 'ticker_sentiment_score': '0.341019', 'ticker_sentiment_label': 'Somewhat-Bullish'}, {'ticker': 'AMZN', 'relevance_score': '0.644928', 'ticker_sentiment_score': '0.313792', 'ticker_sentiment_label': 'Somewhat-Bullish'}, {'ticker': 'FDX', 'relevance_score': '0.580631', 'ticker_sentiment_score': '0.282137', 'ticker_sentiment_label': 'Somewhat-Bullish'}, {'ticker': 'UPS', 'relevance_score': '0.551491', 'ticker_sentiment_score': '0.299391', 'ticker_sentiment_label': 'Somewhat-Bullish'}]"
Transformers Kingdom Dinobot Concept Art by Ken Christiansen,https://tformers.com/transformers-kingdom-dinobot-concept-art-by-ken-christiansen/41446/news.html,20210513T222151,['BaCon'],"Ken Christiansen has revealed new concept art for the Transformers Kingdom Dinobot figure. The art includes detailed drawings of the Dinobot in its robot mode, commissioned in partnership with Hasbro, Inc. These designs are now available for viewing on Hasbro Pulse.",https://i.tformers.com/g/albums/41446/Transformers Kingdom Dinobot Concept Art by Ken Christiansen (1).jpg,Tformers,General,Tformers,"[{'topic': 'retail_wholesale', 'relevance_score': '0.748401'}]",0.245563,Somewhat-Bullish,"[{'ticker': 'HAS', 'relevance_score': '1.000000', 'ticker_sentiment_score': '0.326643', 'ticker_sentiment_label': 'Somewhat-Bullish'}, {'ticker': 'AMZN', 'relevance_score': '0.636161', 'ticker_sentiment_score': '0.231995', 'ticker_sentiment_label': 'Somewhat-Bullish'}, {'ticker': 'WMT', 'relevance_score': '0.634395', 'ticker_sentiment_score': '0.221168', 'ticker_sentiment_label': 'Somewhat-Bullish'}]"
"Polaris Warranty Program Faced Significant Challenges, 13 May 2021",https://www.warrantyweek.com/archive/ww20210513.html,20210513T223549,[],"In 2012, Polaris faced a 34% premium rate increase on its Polaris Protection Plan due to an actuarial review by its third-party administrator. After, Inc. conducted an independent analysis, identifying significant errors in the carrier's methodology, particularly in how premiums were earned versus claims incurred. By presenting these findings, After, Inc. helped Polaris avoid the rate increase and subsequently moved Polaris to a fully in-house warranty company, saving millions and ensuring program stability.",https://www.warrantyweek.com/graphics/header.png,Warranty Week,General,Warranty Week,"[{'topic': 'finance', 'relevance_score': '0.934511'}, {'topic': 'manufacturing', 'relevance_score': '0.709649'}, {'topic': 'earnings', 'relevance_score': '0.741987'}, {'topic': 'economy_macro', 'relevance_score': '0.617039'}]",0.281396,Somewhat-Bullish,"[{'ticker': 'PII', 'relevance_score': '1.000000', 'ticker_sentiment_score': '0.457837', 'ticker_sentiment_label': 'Bullish'}, {'ticker': 'AMZN', 'relevance_score': '0.611419', 'ticker_sentiment_score': '0.120864', 'ticker_sentiment_label': 'Neutral'}]"
Is TiVo done with streaming dongles? Not so fast,https://www.techhive.com/article/579413/is-tivo-done-with-streaming-dongles-not-so-fast.html,20210513T224914,['Jared Newman'],"Despite recent reports suggesting TiVo might be abandoning its streaming dongle business, a company spokesperson states that TiVo will continue to produce new Android TV dongles and improve the existing Stream 4K. The move comes as TiVo's parent company, Xperi, also explores embedding its software directly into smart TVs. The article highlights the potential of TiVo's streaming solution for cord-cutters and the competitive landscape of both streaming devices and smart TV platforms.",https://www.techhive.com/wp-content/uploads/2023/04/tivostream4khero-100842207-orig-2.jpg?quality=50&strip=all&w=1024,TechHive,General,TechHive,"[{'topic': 'technology', 'relevance_score': '0.826414'}]",0.138081,Neutral,"[{'ticker': 'XPER', 'relevance_score': '0.982163', 'ticker_sentiment_score': '0.051519', 'ticker_sentiment_label': 'Neutral'}, {'ticker': 'NFLX', 'relevance_score': '0.711363', 'ticker_sentiment_score': '0.149618', 'ticker_sentiment_label': 'Neutral'}, {'ticker': 'AMZN', 'relevance_score': '0.684656', 'ticker_sentiment_score': '0.129789', 'ticker_sentiment_label': 'Neutral'}, {'ticker': 'AAPL', 'relevance_score': '0.691134', 'ticker_sentiment_score': '0.116891', 'ticker_sentiment_label': 'Neutral'}, {'ticker': 'CMCSA', 'relevance_score': '0.620486', 'ticker_sentiment_score': '0.106127', 'ticker_sentiment_label': 'Neutral'}]"
"Polen Focus Growth Fund Purchased Amazon.com (AMZN), Should You Do the Same?",https://www.insidermonkey.com/blog/polen-focus-growth-fund-purchased-amazon-com-amzn-should-you-do-the-same-943032/,20210514T133300,['Jose Karlo Mari Tottoc'],"Polen Capital's ""Polen Focus Growth"" fund purchased Amazon.com (AMZN) in February 2021, making it 5% of their portfolio, based on increased visibility into the company's free cash flow margins and future earnings growth from AWS and Advertising. The fund, which returned 1.81% in Q1 2021, highlighted Amazon's evolving profit drivers from e-commerce to higher-margin services. Despite past concerns about Amazon's fit with their guardrails, Polen Capital now believes these high-margin segments could drive over 30% annual earnings growth for the next five years.",,Insider Monkey,General,Insider Monkey,"[{'topic': 'financial_markets', 'relevance_score': '0.921620'}, {'topic': 'technology', 'relevance_score': '0.847013'}, {'topic': 'retail_wholesale', 'relevance_score': '0.735146'}, {'topic': 'earnings', 'relevance_score': '0.621738'}]",0.230795,Somewhat-Bullish,"[{'ticker': 'PCLG', 'relevance_score': '0.333605', 'ticker_sentiment_score': '0.007820', 'ticker_sentiment_label': 'Neutral'}, {'ticker': 'AMZN', 'relevance_score': '1.000000', 'ticker_sentiment_score': '0.453229', 'ticker_sentiment_label': 'Bullish'}]"
Amdocs Acquires Sourced to Further Boost Communications Industry’s Move to the Cloud,https://aithority.com/it-and-devops/cloud/amdocs-acquires-sourced-to-further-boost-communications-industrys-move-to-the-cloud/,20210514T221417,['AIT News Desk'],"Amdocs has acquired Sourced Group, a leading global technology consultancy, to enhance its capabilities in helping the communications industry transition to the cloud. This acquisition expands Amdocs’ portfolio of cloud-native products and services, leveraging Sourced’s decade of experience in large-scale cloud transformations for high-end enterprises. The deal, valued at approximately $75 million in cash, is expected to be neutral to Amdocs' non-GAAP diluted earnings per share for fiscal year 2021.",,AiThority,General,AiThority,"[{'topic': 'mergers_and_acquisitions', 'relevance_score': '0.936640'}, {'topic': 'technology', 'relevance_score': '0.812180'}]",0.345157,Somewhat-Bullish,"[{'ticker': 'DOX', 'relevance_score': '1.000000', 'ticker_sentiment_score': '0.463732', 'ticker_sentiment_label': 'Bullish'}, {'ticker': 'AMZN', 'relevance_score': '0.661442', 'ticker_sentiment_score': '0.335593', 'ticker_sentiment_label': 'Somewhat-Bullish'}, {'ticker': 'MSFT', 'relevance_score': '0.681225', 'ticker_sentiment_score': '0.323745', 'ticker_sentiment_label': 'Somewhat-Bullish'}, {'ticker': 'GOOGL', 'relevance_score': '0.652124', 'ticker_sentiment_score': '0.327573', 'ticker_sentiment_label': 'Somewhat-Bullish'}]"
Elasticsearch on AWS: Deploying Your First Managed Cluster,https://www.netapp.com/learn/aws-cvo-blg-elasticsearch-on-aws-deploying-your-first-managed-cluster/,20210516T223308,['Yifat Perry'],"This article explains how to deploy a managed Elasticsearch cluster on Amazon Web Services (AWS) using Amazon's managed Elasticsearch Service (Amazon ES). It covers the key features of Amazon ES, a step-by-step guide to creating a new domain, and methods for ingesting and searching data. Additionally, it addresses how Amazon ES manages various administrative tasks and its compatibility with open-source Elasticsearch APIs.",https://www.netapp.com/media/yifat-perry_tcm19-128537.jpg?v=175149,NetApp,General,NetApp,"[{'topic': 'technology', 'relevance_score': '0.925358'}]",0.188596,Somewhat-Bullish,"[{'ticker': 'NTAP', 'relevance_score': '0.852344', 'ticker_sentiment_score': '0.326852', 'ticker_sentiment_label': 'Somewhat-Bullish'}, {'ticker': 'AMZN', 'relevance_score': '0.977897', 'ticker_sentiment_score': '0.290882', 'ticker_sentiment_label': 'Somewhat-Bullish'}, {'ticker': 'MSFT', 'relevance_score': '0.647149', 'ticker_sentiment_score': '0.133019', 'ticker_sentiment_label': 'Neutral'}, {'ticker': 'GOOGL', 'relevance_score': '0.590850', 'ticker_sentiment_score': '0.146276', 'ticker_sentiment_label': 'Neutral'}]"
"The Business Ethics Leadership Alliance Welcomes New Members, Amazon, Regeneron Pharmaceuticals, and More While Recognizing Companies and Leaders With Exceptional Impact",https://www.newswire.com/news/the-business-ethics-leadership-alliance-welcomes-new-members-amazon-21390133,20210517T210636,[],"The Business Ethics Leadership Alliance (BELA) announced new member companies, including Amazon and Regeneron Pharmaceuticals, significantly expanding its community to over 325 organizations. Ethisphere, BELA's founder, also recognized seven companies and individual leaders with BELA Impact Awards for their exceptional commitment to community engagement, growth, and transformation in ethical business practices. The awards highlight crucial contributions to the compliance and ethics profession amidst ongoing global challenges.",,Newswire.com,General,Newswire.com,"[{'topic': 'life_sciences', 'relevance_score': '0.832756'}, {'topic': 'finance', 'relevance_score': '0.726023'}, {'topic': 'technology', 'relevance_score': '0.634444'}]",0.313183,Somewhat-Bullish,"[{'ticker': 'REGN', 'relevance_score': '0.924339', 'ticker_sentiment_score': '0.300369', 'ticker_sentiment_label': 'Somewhat-Bullish'}, {'ticker': 'AMZN', 'relevance_score': '0.714357', 'ticker_sentiment_score': '0.326753', 'ticker_sentiment_label': 'Somewhat-Bullish'}, {'ticker': 'ETN', 'relevance_score': '0.601128', 'ticker_sentiment_score': '0.325655', 'ticker_sentiment_label': 'Somewhat-Bullish'}, {'ticker': 'JCI', 'relevance_score': '0.614869', 'ticker_sentiment_score': '0.311416', 'ticker_sentiment_label': 'Somewhat-Bullish'}, {'ticker': 'DD', 'relevance_score': '0.599419', 'ticker_sentiment_score': '0.309578', 'ticker_sentiment_label': 'Somewhat-Bullish'}]"
An FAQ on the Matter protocol,https://staceyoniot.com/an-faq-on-the-matter-protocol/,20210517T224112,['Stacey Higginbotham'],"This article provides an FAQ on the Matter protocol, which is a new smart home interoperability standard launched by major tech companies. It explains what Matter and Thread are, how they will affect existing smart home technologies like Zigbee and Z-Wave, and what the implications are for consumers, hardware manufacturers, and professional installers. The article also touches on the potential impact on open-source platforms like Home Assistant.",https://i0.wp.com/staceyoniot.com/wp-content/uploads/2021/05/Matter-Home-Screen.jpg?resize=900%2C575&ssl=1,Stacey on IoT,General,Stacey on IoT,"[{'topic': 'technology', 'relevance_score': '0.918399'}]",0.245857,Somewhat-Bullish,"[{'ticker': 'SLAB', 'relevance_score': '0.932089', 'ticker_sentiment_score': '0.310690', 'ticker_sentiment_label': 'Somewhat-Bullish'}, {'ticker': 'CMCSA', 'relevance_score': '0.635968', 'ticker_sentiment_score': '0.127117', 'ticker_sentiment_label': 'Neutral'}, {'ticker': 'ALLE', 'relevance_score': '0.588352', 'ticker_sentiment_score': '0.144290', 'ticker_sentiment_label': 'Neutral'}, {'ticker': 'AAPL', 'relevance_score': '0.743485', 'ticker_sentiment_score': '0.293990', 'ticker_sentiment_label': 'Somewhat-Bullish'}, {'ticker': 'AMZN', 'relevance_score': '0.741038', 'ticker_sentiment_score': '0.266118', 'ticker_sentiment_label': 'Somewhat-Bullish'}]"
AT&T signing $43B deal to combine media business with Discovery,https://nypost.com/2021/05/17/att-signing-43b-deal-to-combine-media-business-with-discovery/,20210517T224752,['Will Feuer'],"AT&T announced a $43 billion deal to spin off its WarnerMedia content unit and merge it with Discovery, creating a new media giant. This move aims to better compete with streaming services like Netflix and Disney, with current AT&T shareholders retaining 71 percent of the new company. Discovery CEO David Zaslav will lead the combined entity, marking a significant strategic shift for AT&T.",https://nypost.com/wp-content/uploads/sites/2/2021/05/warnermedia-merger-17.jpg?quality=75&strip=all&w=744,New York Post,General,New York Post,"[{'topic': 'mergers_and_acquisitions', 'relevance_score': '0.913532'}, {'topic': 'financial_markets', 'relevance_score': '0.830644'}]",0.221133,Somewhat-Bullish,"[{'ticker': 'WBD', 'relevance_score': '1.000000', 'ticker_sentiment_score': '0.308562', 'ticker_sentiment_label': 'Somewhat-Bullish'}, {'ticker': 'T', 'relevance_score': '0.908108', 'ticker_sentiment_score': '0.319427', 'ticker_sentiment_label': 'Somewhat-Bullish'}, {'ticker': 'NFLX', 'relevance_score': '0.727293', 'ticker_sentiment_score': '0.146507', 'ticker_sentiment_label': 'Neutral'}, {'ticker': 'DIS', 'relevance_score': '0.730876', 'ticker_sentiment_score': '0.116465', 'ticker_sentiment_label': 'Neutral'}, {'ticker': 'AMZN', 'relevance_score': '0.627329', 'ticker_sentiment_score': '0.119923', 'ticker_sentiment_label': 'Neutral'}]"
HPE bets on Europe’s Gaia-X cloud and data services initiative,https://siliconangle.com/2021/05/18/hpe-bets-europes-gaia-x-cloud-data-services-initiative/,20210518T222241,['Mike Wheatley'],"Hewlett Packard Enterprise (HPE) is launching its HPE Solution Framework for Gaia-X, aligning with Europe's initiative to create a unified, data-privacy-protected cloud and data services ecosystem. Gaia-X aims to reduce Europe's reliance on non-European cloud providers by fostering an interoperable data exchange governed by European laws. HPE's framework, built on the HPE Ezmeral Software Platform, will help companies participate in this decentralized environment, emphasizing secure data operations and allowing businesses to maintain ownership and control over their data.",https://d15shllkswkct0.cloudfront.net/wp-content/blogs.dir/1/files/2021/05/GAIA-X.jpg,SiliconANGLE,General,SiliconANGLE,"[{'topic': 'technology', 'relevance_score': '0.949883'}]",0.192877,Somewhat-Bullish,"[{'ticker': 'HPE', 'relevance_score': '1.000000', 'ticker_sentiment_score': '0.429978', 'ticker_sentiment_label': 'Bullish'}, {'ticker': 'AMZN', 'relevance_score': '0.634744', 'ticker_sentiment_score': '0.103460', 'ticker_sentiment_label': 'Neutral'}, {'ticker': 'MSFT', 'relevance_score': '0.610945', 'ticker_sentiment_score': '0.137517', 'ticker_sentiment_label': 'Neutral'}, {'ticker': 'GOOGL', 'relevance_score': '0.627974', 'ticker_sentiment_score': '0.101262', 'ticker_sentiment_label': 'Neutral'}, {'ticker': 'ORCL', 'relevance_score': '0.648880', 'ticker_sentiment_score': '0.104429', 'ticker_sentiment_label': 'Neutral'}]"
Wholesalers are testing out digital marketplaces,https://www.modernretail.co/retailers/wholesalers-are-testing-out-digital-marketplaces/,20210518T224608,['Michael Waters'],"The wholesale sector is increasingly adopting digital marketplace models, with large players like United Natural Foods Inc. launching their own platforms to attract hyperlocal vendors and serve small-to-medium businesses. This shift is driven by the pandemic's impact on traditional trade shows and the development of sophisticated software that can handle the complexities of B2B transactions. The trend suggests a significant movement towards online B2B marketplaces, mirroring the growth seen in consumer-oriented e-commerce.",https://www.modernretail.co/wp-content/uploads/sites/5/2021/05/Faire-product-image-1024x683-1.jpeg?w=1024&h=640&crop=1,Modern Retail,General,Modern Retail,"[{'topic': 'retail_wholesale', 'relevance_score': '0.900814'}, {'topic': 'technology', 'relevance_score': '0.840157'}]",0.269507,Somewhat-Bullish,"[{'ticker': 'UNFI', 'relevance_score': '1.000000', 'ticker_sentiment_score': '0.320288', 'ticker_sentiment_label': 'Somewhat-Bullish'}, {'ticker': 'KR', 'relevance_score': '0.730312', 'ticker_sentiment_score': '0.331931', 'ticker_sentiment_label': 'Somewhat-Bullish'}, {'ticker': 'AMZN', 'relevance_score': '0.745724', 'ticker_sentiment_score': '0.219353', 'ticker_sentiment_label': 'Somewhat-Bullish'}, {'ticker': 'EBAY', 'relevance_score': '0.612399', 'ticker_sentiment_score': '0.127516', 'ticker_sentiment_label': 'Neutral'}, {'ticker': 'WMT', 'relevance_score': '0.611016', 'ticker_sentiment_score': '0.347083', 'ticker_sentiment_label': 'Somewhat-Bullish'}]"
Walmart sales boosted by US stimulus cheques,https://www.aljazeera.com/economy/2021/5/18/walmart-sales-boosted-by-us-stimulus-cheques,20210518T224823,['AP'],"Walmart reported better-than-expected first-quarter results, driven by US government stimulus payments that encouraged shoppers to spend on clothing and home goods. The company raised its annual earnings forecast and observed a 6 percent increase in comparable sales and a 37 percent rise in online sales. CEO Doug McMillon noted a strong desire among customers to return to shopping, contributing to increased transactions and sales in categories like travel items.",https://www.aljazeera.com/wp-content/uploads/2021/05/AP_21132586909982.jpg?resize=770%2C513&quality=80,Al Jazeera,General,Al Jazeera,"[{'topic': 'earnings', 'relevance_score': '0.904114'}, {'topic': 'economy_fiscal', 'relevance_score': '0.709449'}, {'topic': 'retail_wholesale', 'relevance_score': '1.000000'}, {'topic': 'economy_macro', 'relevance_score': '0.723860'}]",0.276136,Somewhat-Bullish,"[{'ticker': 'WMT', 'relevance_score': '1.000000', 'ticker_sentiment_score': '0.502932', 'ticker_sentiment_label': 'Bullish'}, {'ticker': 'AMZN', 'relevance_score': '0.615460', 'ticker_sentiment_score': '0.141025', 'ticker_sentiment_label': 'Neutral'}, {'ticker': 'TGT', 'relevance_score': '0.576572', 'ticker_sentiment_score': '0.104208', 'ticker_sentiment_label': 'Neutral'}]"
Woodside Energy adds actual robots into code pipeline stages,https://www.itnews.com.au/news/woodside-energy-adds-actual-robots-into-code-pipeline-stages-564751,20210519T131800,['Justin Hendry'],"Woodside Energy has detailed its continuous integration and continuous deployment (CI/CD) pipeline for robot code, which involves rigorous testing in labs and staging areas before deployment to remote production sites like its Pluto LNG facility. This methodical approach ensures the robots perform as expected in the field, with the long-term goal of enabling remote operations without human supervision. The company aims for these robots to eventually interact with their environment beyond just monitoring.",https://i.nextmedia.com.au/Utils/ImageResizer.ashx?n=https%3a%2f%2fi.nextmedia.com.au%2fNews%2fWoodside.jpeg&h=420&w=748&c=0&s=0,iTnews,General,iTnews,"[{'topic': 'technology', 'relevance_score': '0.928125'}]",0.268266,Somewhat-Bullish,"[{'ticker': 'WDS', 'relevance_score': '0.922115', 'ticker_sentiment_score': '0.307694', 'ticker_sentiment_label': 'Somewhat-Bullish'}, {'ticker': 'AMZN', 'relevance_score': '0.623536', 'ticker_sentiment_score': '0.203386', 'ticker_sentiment_label': 'Somewhat-Bullish'}]"
Where and how to buy Alphabet (GOOGL) stock,https://finty.com/us/investing/buy-alphabet-stock/,20210519T222056,"['Nikita Sheth', 'Andrew Boyd']","This guide provides a comprehensive overview for newcomers interested in buying Alphabet (GOOGL) stock. It covers essential steps such as choosing a trading platform, funding an account, deciding investment amounts, and differentiating between buying shares or ETFs. The article also explains various order types and the importance of monitoring GOOGL's performance.",,Finty,General,Finty,"[{'topic': 'financial_markets', 'relevance_score': '0.936851'}, {'topic': 'technology', 'relevance_score': '0.834860'}, {'topic': 'finance', 'relevance_score': '0.716353'}]",0.194456,Somewhat-Bullish,"[{'ticker': 'GOOG', 'relevance_score': '0.971529', 'ticker_sentiment_score': '0.259140', 'ticker_sentiment_label': 'Somewhat-Bullish'}, {'ticker': 'GOOGL', 'relevance_score': '0.934090', 'ticker_sentiment_score': '0.271794', 'ticker_sentiment_label': 'Somewhat-Bullish'}, {'ticker': 'AMZN', 'relevance_score': '0.648457', 'ticker_sentiment_score': '0.143958', 'ticker_sentiment_label': 'Neutral'}, {'ticker': 'AAPL', 'relevance_score': '0.614812', 'ticker_sentiment_score': '0.124450', 'ticker_sentiment_label': 'Neutral'}, {'ticker': 'MSFT', 'relevance_score': '0.645695', 'ticker_sentiment_score': '0.113010', 'ticker_sentiment_label': 'Neutral'}]"
JBG SMITH Secures Approval for National Landing Apartments,https://www.multihousingnews.com/jbg-smith-secures-approval-for-national-landing-apartments/,20210519T222541,['Jackson Chen'],"JBG SMITH has received final approvals for two residential projects at 2000 and 2001 S. Bell St. in Arlington, Va.'s National Landing area. These projects will comprise 758 units and 22,000 square feet of retail space across two towers, with construction potentially starting in early 2022. The development is part of a community benefits agreement with Arlington County, including dedicating affordable housing units and contributing to an affordable housing fund.",https://www.multihousingnews.com/wp-content/uploads/sites/57/2021/05/2001-S-Bell.-Image-courtesy-of-JBG-SMITH.jpg,Multifamily Housing News,General,Multifamily Housing News,"[{'topic': 'real_estate', 'relevance_score': '0.946364'}]",0.29321,Somewhat-Bullish,"[{'ticker': 'JBGS', 'relevance_score': '1.000000', 'ticker_sentiment_score': '0.432527', 'ticker_sentiment_label': 'Bullish'}, {'ticker': 'AMZN', 'relevance_score': '0.627621', 'ticker_sentiment_score': '0.317387', 'ticker_sentiment_label': 'Somewhat-Bullish'}, {'ticker': 'EQR', 'relevance_score': '0.631707', 'ticker_sentiment_score': '0.104086', 'ticker_sentiment_label': 'Neutral'}]"
Amazon sets opening date for its first grocery store in D.C. area. More locations poised to follow.,https://www.bizjournals.com/washington/news/2021/05/19/amazon-to-open-first-grocery-store-next-week.html,20210519T222541,['Jonathan Capriel'],"Amazon has announced the opening date for its first grocery store in the D.C. area, located in Franconia, Virginia, at the Festival at Manchester Lakes shopping center. The store is scheduled to open on May 24 and marks the e-commerce giant's first physical grocery presence in the region, with more locations expected to follow. This development was initially reported last August under the codename ""Mendel’s Market.""",https://media.bizj.us/view/img/12006260/unknown-4*900xx3321-1868-340-0.jpg,The Business Journals,General,The Business Journals,"[{'topic': 'retail_wholesale', 'relevance_score': '0.936451'}, {'topic': 'real_estate', 'relevance_score': '0.710076'}, {'topic': 'technology', 'relevance_score': '0.641067'}]",0.198048,Somewhat-Bullish,"[{'ticker': 'JBGS', 'relevance_score': '0.319756', 'ticker_sentiment_score': '0.005551', 'ticker_sentiment_label': 'Neutral'}, {'ticker': 'AMZN', 'relevance_score': '0.962647', 'ticker_sentiment_score': '0.387149', 'ticker_sentiment_label': 'Bullish'}]"
Target Sales Hit $23.8B in Q1,https://tcbmag.com/target-sales-hit-23-8b-in-q1/,20210519T224415,['Dan Niepow'],"Target reported a significant increase in its Q1 2021 sales, reaching $23.8 billion, a 23% rise from the previous year. This growth was largely attributed to an enthusiastic return to in-store shopping by consumers, with same-store sales up 18%. The company's ""stores-as-hubs"" model continued to be effective, fulfilling three-quarters of digital orders and over 95% of same-day services.",https://d5c1j5k5drfk7.cloudfront.net/wp-content/uploads/2020/05/Target-storefront_Richmond-resize-750x450.jpg,Twin Cities Business,General,Twin Cities Business,"[{'topic': 'earnings', 'relevance_score': '0.936759'}, {'topic': 'retail_wholesale', 'relevance_score': '0.830213'}]",0.213887,Somewhat-Bullish,"[{'ticker': 'TGT', 'relevance_score': '1.000000', 'ticker_sentiment_score': '0.431297', 'ticker_sentiment_label': 'Bullish'}, {'ticker': 'WMT', 'relevance_score': '0.718520', 'ticker_sentiment_score': '0.102501', 'ticker_sentiment_label': 'Neutral'}, {'ticker': 'AMZN', 'relevance_score': '0.604134', 'ticker_sentiment_score': '0.126877', 'ticker_sentiment_label': 'Neutral'}]"
"Amazon.com faces five new racial, gender bias lawsuits",https://www.reuters.com/technology/amazoncom-faces-five-new-racial-gender-bias-lawsuits-2021-05-19/,20210519T225800,['Jonathan Stempel'],"Amazon.com Inc. is facing five new lawsuits filed by women in corporate and warehouse management roles, alleging gender bias, racial bias, or both. The lawsuits accuse Amazon of favoring men, allowing workplace denigration, and retaliating against complainants. Amazon denies the accusations and states it does not tolerate discrimination.",https://www.reuters.com/resizer/v2/3N6GQ6PJI5JWLPLOG35W7TNUWY.jpg?auth=efbc7470c8da00cd1dc2146d916ce597a8ff6e626c17a3afae7f81a528bb5a16&width=1920&quality=80,Reuters,General,Reuters,"[{'topic': 'retail_wholesale', 'relevance_score': '0.948254'}, {'topic': 'technology', 'relevance_score': '0.817303'}]",-0.637447,Bearish,"[{'ticker': 'AMZN', 'relevance_score': '1.000000', 'ticker_sentiment_score': '-0.615569', 'ticker_sentiment_label': 'Bearish'}]"
"JPMorgan launching business arm to address cost, quality of employer healthcare",https://www.fiercehealthcare.com/payer/jpmorgan-launching-business-arm-to-address-cost-quality-employer-healthcare,20210520T093900,['Paige Minemyer'],"JPMorgan Chase is launching a new business arm called Morgan Health to address the cost and quality of employer-sponsored healthcare, building on lessons learned from its dissolved Haven venture with Amazon and Berkshire Hathaway. JPMorgan plans to invest $250 million in healthcare solutions, initially focusing on its own employees before aiming to serve as a model for other employers. Morgan Health will partner with healthcare organizations, including CVS Health, to enhance care options and boost health equity.",,Fierce Healthcare,General,Fierce Healthcare,"[{'topic': 'finance', 'relevance_score': '0.912883'}, {'topic': 'life_sciences', 'relevance_score': '0.812037'}, {'topic': 'mergers_and_acquisitions', 'relevance_score': '0.600486'}]",0.308713,Somewhat-Bullish,"[{'ticker': 'JPM', 'relevance_score': '1.000000', 'ticker_sentiment_score': '0.488589', 'ticker_sentiment_label': 'Bullish'}, {'ticker': 'CVS', 'relevance_score': '0.703892', 'ticker_sentiment_score': '0.301911', 'ticker_sentiment_label': 'Somewhat-Bullish'}, {'ticker': 'AMZN', 'relevance_score': '0.638853', 'ticker_sentiment_score': '0.115434', 'ticker_sentiment_label': 'Neutral'}]"
JPMorgan Chase launches new health-care business after winding down Amazon-Berkshire venture,https://www.cnbc.com/2021/05/20/jpmorgan-launches-morgan-health-after-amazon-berkshire-hathaway-venture-collapse.html,20210520T100800,['Hugh Son'],"JPMorgan Chase announced the launch of Morgan Health, a new health-care business aimed at improving medical care quality for its 165,000 U.S. employees and their families. This initiative comes after the disbandment of Haven, a joint venture with Amazon and Berkshire Hathaway. Morgan Health will be led by Dan Mendelson and will have $250 million for venture investments in promising health-care solutions, focusing on direct partnerships with providers and preventative care.",,CNBC,General,CNBC,"[{'topic': 'finance', 'relevance_score': '1.000000'}, {'topic': 'life_sciences', 'relevance_score': '0.947063'}]",0.11941,Neutral,"[{'ticker': 'JPM', 'relevance_score': '1.000000', 'ticker_sentiment_score': '0.345071', 'ticker_sentiment_label': 'Somewhat-Bullish'}, {'ticker': 'AMZN', 'relevance_score': '0.741793', 'ticker_sentiment_score': '-0.242106', 'ticker_sentiment_label': 'Somewhat-Bearish'}, {'ticker': 'CVS', 'relevance_score': '0.605012', 'ticker_sentiment_score': '0.227643', 'ticker_sentiment_label': 'Somewhat-Bullish'}]"
"JPMorgan Chase Launches In-House Healthcare Company, Morgan Health",https://www.pymnts.com/healthcare/2021/jpmorgan-chase-launches-in-house-healthcare-company-morgan-health/,20210520T203643,['PYMNTS'],"JPMorgan Chase has launched its own healthcare company, Morgan Health, after the dissolution of its joint venture with Amazon and Berkshire Hathaway. The new unit will focus on improving medical care for the banking giant's 165,000 employees and their families, with an initial investment of $250 million earmarked for promising healthcare solutions. JPMorgan Chase CEO Jamie Dimon stated the goal is to address long-standing healthcare issues and achieve significant improvements.",,PYMNTS.com,General,PYMNTS.com,"[{'topic': 'life_sciences', 'relevance_score': '0.939596'}, {'topic': 'finance', 'relevance_score': '0.725677'}]",0.000771,Neutral,"[{'ticker': 'JPM', 'relevance_score': '1.000000', 'ticker_sentiment_score': '0.113572', 'ticker_sentiment_label': 'Neutral'}, {'ticker': 'AMZN', 'relevance_score': '0.721451', 'ticker_sentiment_score': '-0.114410', 'ticker_sentiment_label': 'Neutral'}]"
Sprouts accelerates efforts to stand out with unique products,https://www.grocerydive.com/news/sprouts-accelerates-efforts-to-stand-out-with-unique-products/600518/,20210520T211156,['Sam Silverstein'],"Sprouts Farmers Market is intensifying its focus on selling unique, wellness-oriented products not found at other retailers, aiming to differentiate itself and attract ""health enthusiasts."" CEO Jack Sinclair stated that the company is positioning itself as a specialty food business rather than a conventional grocer, which allows it to thrive in its e-commerce operations with higher-margin, attribute-based products. This strategy has led to a significant portion of its inventory being unique compared to competitors, and Sprouts sees opportunities as other retailers like Whole Foods diversify into more conventional offerings.",,Grocery Dive,General,Grocery Dive,"[{'topic': 'retail_wholesale', 'relevance_score': '0.936253'}]",0.133056,Neutral,"[{'ticker': 'SFM', 'relevance_score': '1.000000', 'ticker_sentiment_score': '0.475486', 'ticker_sentiment_label': 'Bullish'}, {'ticker': 'AMZN', 'relevance_score': '0.607479', 'ticker_sentiment_score': '0.133026', 'ticker_sentiment_label': 'Neutral'}, {'ticker': 'KR', 'relevance_score': '0.648966', 'ticker_sentiment_score': '-0.149786', 'ticker_sentiment_label': 'Neutral'}, {'ticker': 'WMT', 'relevance_score': '0.624985', 'ticker_sentiment_score': '-0.105278', 'ticker_sentiment_label': 'Neutral'}]"
"Oracle, office deal flow, remote work all key topics of Williamson Inc. economic development panel",https://www.bizjournals.com/nashville/news/2021/05/20/outlook-williamson-ecd-panel.html,20210520T223429,['Adam Sichko'],"A panel of economic developers organized by Williamson Inc. discussed key trends affecting the area, including rising office deal flow, the competition between Oracle and Amazon, and the impact of remote work. A key takeaway was the challenge and opportunity for states to support companies with remote workers. The discussion also touched upon recent job relocations and local business surveys.",https://media.bizj.us/view/img/12019795/meryl-harris-tnecd*900xx2448-1377-0-128.jpg,The Business Journals,General,The Business Journals,"[{'topic': 'real_estate', 'relevance_score': '1.000000'}, {'topic': 'economy_macro', 'relevance_score': '0.915242'}, {'topic': 'technology', 'relevance_score': '0.827755'}]",0.170009,Somewhat-Bullish,"[{'ticker': 'ORCL', 'relevance_score': '1.000000', 'ticker_sentiment_score': '0.217778', 'ticker_sentiment_label': 'Somewhat-Bullish'}, {'ticker': 'AMZN', 'relevance_score': '0.702310', 'ticker_sentiment_score': '0.102186', 'ticker_sentiment_label': 'Neutral'}]"
Schlumberger Announces Collaboration with AWS to Deploy DELFI Petrotechnical Suite on AWS,https://www.slb.com/news-and-insights/newsroom/press-release/2021/pr-2021-0520-slb-aws-delfi,20210520T224122,[],"Schlumberger announced a collaboration with Amazon Web Services (AWS) to deploy its DELFI* cognitive E&P environment and core petrotechnical applications on the cloud. This partnership will give AWS customers access to Schlumberger's AI-enhanced applications and AWS's high-performance computing infrastructure, enabling faster and better decision-making from subsurface data. The goal is to expand access to the DELFI environment, allowing more customers to leverage advanced digital solutions for improved productivity and performance in the energy sector.",https://www.slb.com/-/media/files/newsroom/press-release/pr-2021-0520-slb-aws-delfi-card.jpg,SLB,General,SLB,"[{'topic': 'technology', 'relevance_score': '1.000000'}, {'topic': 'energy_transportation', 'relevance_score': '0.914112'}]",0.316083,Somewhat-Bullish,"[{'ticker': 'SLB', 'relevance_score': '1.000000', 'ticker_sentiment_score': '0.404853', 'ticker_sentiment_label': 'Bullish'}, {'ticker': 'AMZN', 'relevance_score': '0.717843', 'ticker_sentiment_score': '0.343303', 'ticker_sentiment_label': 'Somewhat-Bullish'}, {'ticker': 'MSFT', 'relevance_score': '0.561740', 'ticker_sentiment_score': '0.235596', 'ticker_sentiment_label': 'Somewhat-Bullish'}]"
JD Logistics IPO plans fail to lift JD.com shares,https://www.cmcmarkets.com/en-gb/opto/jd-logistics-ipo-plans-fail-to-lift-jdcom-shares,20210521T134500,['OPTO'],"Despite its logistics arm, JD Logistics, preparing for a substantial IPO that could raise up to $3.4 billion, JD.com's share price has been on a downward trend since February. The company's stock has underperformed the S&P 500 over the past 12 months and has seen further decline since the IPO's approval. The JD Logistics IPO is viewed as a critical test for investor interest in Chinese tech stocks, a sector that has faced regulatory scrutiny and declining performance in recent months.",https://assets.cmcmarkets.com/images/JD.com2105.jpg,CMC Markets,General,CMC Markets,"[{'topic': 'ipo', 'relevance_score': '1.000000'}, {'topic': 'financial_markets', 'relevance_score': '0.908963'}, {'topic': 'technology', 'relevance_score': '0.846306'}, {'topic': 'economy_macro', 'relevance_score': '0.600672'}]",-0.156508,Somewhat-Bearish,"[{'ticker': 'KWEB', 'relevance_score': '1.000000', 'ticker_sentiment_score': '-0.260939', 'ticker_sentiment_label': 'Somewhat-Bearish'}, {'ticker': 'AMZN', 'relevance_score': '0.718717', 'ticker_sentiment_score': '-0.078487', 'ticker_sentiment_label': 'Neutral'}, {'ticker': 'UPS', 'relevance_score': '0.643465', 'ticker_sentiment_score': '-0.058648', 'ticker_sentiment_label': 'Neutral'}]"
"Amazon shutting down Prime Now, moving two-hour delivery to Amazon app",https://www.usatoday.com/story/money/shopping/2021/05/21/amazon-prime-now-app-moving/5198244001/,20210521T193551,['Brett Molina'],"Amazon is discontinuing its standalone Prime Now app, integrating its two-hour delivery services for essential goods and groceries directly into the main Amazon app and website. This move aims to streamline the shopping experience for customers by offering all of Amazon's services from a single platform. The integration will allow users to shop from Whole Foods and other local stores with expedited delivery.",,USA Today,General,USA Today,"[{'topic': 'retail_wholesale', 'relevance_score': '0.939603'}, {'topic': 'technology', 'relevance_score': '0.830466'}]",0.118481,Neutral,"[{'ticker': 'AMZN', 'relevance_score': '1.000000', 'ticker_sentiment_score': '0.118907', 'ticker_sentiment_label': 'Neutral'}]"
JPMorgan Chase unveils solo healthcare venture,https://www.bankingdive.com/news/jpmorgan-healthcare-morgan-health/600584/,20210521T222614,['Dan Ennis'],"JPMorgan Chase has launched Morgan Health, a new healthcare venture with $250 million to invest in innovations aimed at improving medical care quality, health equity, and cost control for its 165,000 employees and their families. This initiative comes four months after the dissolution of Haven, a joint healthcare venture involving Amazon, Berkshire Hathaway, and JPMorgan. Led by Dan Mendelson, Morgan Health will focus on digital tools, analytics, preventative care for conditions like maternal health, cardiovascular disease, and diabetes, and will collaborate with other organizations rather than building new technologies from scratch.",https://imgproxy.divecdn.com/XgSon6_TTNrC_cNUH2NGvYPTmAvbB9MoHwli-n1EgLI/g:ce/rs:fill:1200:675:1/Z3M6Ly9kaXZlc2l0ZS1zdG9yYWdlL2RpdmVpbWFnZS9HZXR0eUltYWdlcy03OTAxNzMzNi5qcGc=.webp,Banking Dive,General,Banking Dive,"[{'topic': 'finance', 'relevance_score': '0.839810'}, {'topic': 'life_sciences', 'relevance_score': '0.903251'}]",0.127091,Neutral,"[{'ticker': 'JPM-P-D', 'relevance_score': '0.314216', 'ticker_sentiment_score': '0.043316', 'ticker_sentiment_label': 'Neutral'}, {'ticker': 'JPM', 'relevance_score': '1.000000', 'ticker_sentiment_score': '0.280984', 'ticker_sentiment_label': 'Somewhat-Bullish'}, {'ticker': 'AMZN', 'relevance_score': '0.624795', 'ticker_sentiment_score': '0.080898', 'ticker_sentiment_label': 'Neutral'}]"
P&G Earns Seventh Straight Gartner Supply Chain Mastery Award,https://us.pg.com/blogs/pg-earns-gartner-supply-chain-award/,20210522T210213,[],"P&G has received its seventh consecutive Gartner Supply Chain Mastery Award, an achievement that highlights its long-term excellence in supply chain management. This recognition comes despite the extreme disruptions caused by the pandemic, which tested P&G's supply chain significantly. P&G is one of only five companies, including Apple, Amazon, McDonald’s, and Unilever, to be recognized in the elite ""Master"" category, which acknowledges consistent top performance over many years.",,Procter & Gamble,General,Procter & Gamble,"[{'topic': 'manufacturing', 'relevance_score': '0.825987'}, {'topic': 'retail_wholesale', 'relevance_score': '0.741071'}]",0.473487,Bullish,"[{'ticker': 'PG', 'relevance_score': '1.000000', 'ticker_sentiment_score': '0.644554', 'ticker_sentiment_label': 'Bullish'}, {'ticker': 'IT', 'relevance_score': '0.800579', 'ticker_sentiment_score': '0.549902', 'ticker_sentiment_label': 'Bullish'}, {'ticker': 'AAPL', 'relevance_score': '0.729674', 'ticker_sentiment_score': '0.400582', 'ticker_sentiment_label': 'Bullish'}, {'ticker': 'AMZN', 'relevance_score': '0.731185', 'ticker_sentiment_score': '0.414887', 'ticker_sentiment_label': 'Bullish'}, {'ticker': 'MCD', 'relevance_score': '0.714465', 'ticker_sentiment_score': '0.427388', 'ticker_sentiment_label': 'Bullish'}]"
The Curious Case of a Toys ‘R’ Us Killer,https://www.thebulwark.com/p/the-curious-case-of-a-toys-r-us-killer,20210522T213209,['Addison Del Mastro'],"This article traces the unexpected connection between Vornado Realty, a prominent real estate firm, and the demise of Toys 'R' Us, highlighting Vornado's own twisting corporate history. It reveals how Vornado, originally an appliance manufacturer and then a discount retailer (Two Guys), transformed into a real estate giant by leveraging its suburban land holdings. The piece argues that Vornado's trajectory and engagement with Toys 'R' Us exemplify broader, long-term trends of offshoring and financialization within the American economy.",,The Bulwark,General,The Bulwark,"[{'topic': 'mergers_and_acquisitions', 'relevance_score': '0.801345'}, {'topic': 'retail_wholesale', 'relevance_score': '0.906210'}, {'topic': 'real_estate', 'relevance_score': '0.917489'}, {'topic': 'manufacturing', 'relevance_score': '0.708283'}, {'topic': 'economy_macro', 'relevance_score': '0.818671'}]",0.006257,Neutral,"[{'ticker': 'VNO', 'relevance_score': '1.000000', 'ticker_sentiment_score': '-0.138108', 'ticker_sentiment_label': 'Neutral'}, {'ticker': 'AMZN', 'relevance_score': '0.603279', 'ticker_sentiment_score': '0.104165', 'ticker_sentiment_label': 'Neutral'}]"
Amazon nears deal to buy MGM Studios,https://www.foxbusiness.com/media/amazon-nears-deal-to-buy-mgm-studios,20210524T035100,[],"Amazon is reportedly close to acquiring MGM Holdings for nearly $9 billion, marking its second-largest acquisition. The deal would significantly bolster Amazon's streaming service, Prime Video, with MGM's extensive library of classic films and TV shows including the James Bond franchise. This move reflects the increasing consolidation in the media industry driven by the streaming wars.",,Fox Business,General,Fox Business,"[{'topic': 'mergers_and_acquisitions', 'relevance_score': '1.000000'}, {'topic': 'technology', 'relevance_score': '0.822052'}, {'topic': 'retail_wholesale', 'relevance_score': '0.635245'}, {'topic': 'financial_markets', 'relevance_score': '0.626980'}]",0.210628,Somewhat-Bullish,"[{'ticker': 'AMZN', 'relevance_score': '0.993708', 'ticker_sentiment_score': '0.337299', 'ticker_sentiment_label': 'Somewhat-Bullish'}, {'ticker': 'T', 'relevance_score': '0.601762', 'ticker_sentiment_score': '0.143931', 'ticker_sentiment_label': 'Neutral'}, {'ticker': 'WBD', 'relevance_score': '0.587861', 'ticker_sentiment_score': '0.114758', 'ticker_sentiment_label': 'Neutral'}]"
Huge Fort Worth shipping hub changes hands,https://www.dallasnews.com/business/real-estate/2021/05/24/huge-fort-worth-shipping-hub-changes-hands/,20210524T145000,['Steve Brown'],"A large Fort Worth industrial shipping hub, leased to Amazon, has been sold to a real estate investment trust. The Interstate Crossing distribution center, over 1 million square feet, was developed by Hunt Southwest and acquired by a fund organized by San Diego-based Realty Income Corp. This sale reflects the ongoing strong investor interest in warehouse and distribution properties, especially significant in one of the country's largest warehouse building markets.",https://dmn-dallas-news-prod.cdn.arcpublishing.com/resizer/v2/MI6TIIQAV5GWBI6LYEOBIYMJNY.jpg?auth=d74922712a38971aac23b4ee1f6b76710277966db4cb45a1ecdfbc3f4b095e78&quality=80&height=553&width=830&smart=true,Dallas News,General,Dallas News,"[{'topic': 'real_estate', 'relevance_score': '1.000000'}, {'topic': 'retail_wholesale', 'relevance_score': '0.704648'}, {'topic': 'mergers_and_acquisitions', 'relevance_score': '0.730318'}, {'topic': 'economy_macro', 'relevance_score': '0.624713'}]",0.27713,Somewhat-Bullish,"[{'ticker': 'O', 'relevance_score': '1.000000', 'ticker_sentiment_score': '0.383211', 'ticker_sentiment_label': 'Bullish'}, {'ticker': 'AMZN', 'relevance_score': '0.704648', 'ticker_sentiment_score': '0.165707', 'ticker_sentiment_label': 'Somewhat-Bullish'}]"
Amazon deal to acquire MGM movie studio could come Tuesday,https://www.aljazeera.com/economy/2021/5/24/amazon-deal-to-acquire-mgm-movie-studio-could-come-tuesday,20210524T220417,"['Kelly Gilblom', 'Liana Baker', 'Bloomberg']","Amazon is reportedly close to finalizing a deal to acquire Metro-Goldwyn-Mayer (MGM) movie studio as early as Tuesday for nearly $9 billion. This acquisition would significantly bolster Amazon's Prime Video streaming service by adding MGM's extensive library, which includes popular franchises like James Bond, Pink Panther, RoboCop, and Rocky, as well as films like ""The Silence of the Lambs."" The move represents Amazon's largest push into Hollywood and its biggest acquisition since Whole Foods in 2017.",https://www.aljazeera.com/wp-content/uploads/2021/05/371976109.jpg?resize=770%2C513&quality=80,Al Jazeera,General,Al Jazeera,"[{'topic': 'mergers_and_acquisitions', 'relevance_score': '0.946151'}, {'topic': 'retail_wholesale', 'relevance_score': '0.745588'}, {'topic': 'technology', 'relevance_score': '0.627436'}]",0.27439,Somewhat-Bullish,"[{'ticker': 'AMZN', 'relevance_score': '1.000000', 'ticker_sentiment_score': '0.442266', 'ticker_sentiment_label': 'Bullish'}, {'ticker': 'NFLX', 'relevance_score': '0.604012', 'ticker_sentiment_score': '0.139907', 'ticker_sentiment_label': 'Neutral'}]"
Twilio CEO Jeff Lawson reveals how founding StubHub and a skate shop led him to Twilio,https://www.bvp.com/atlas/twilio-ceo-jeff-lawson-reveals-how-founding-stubhub-and-a-skate-shop-led-him-to-twilio,20210524T224551,['Byron Deeter'],"Twilio CEO Jeff Lawson shares his entrepreneurial journey, beginning with a childhood fascination with computers and early ventures like the app Notes4Free and co-founding StubHub. He discusses how his diverse experiences, including even opening a skate shop, eventually led him to found Twilio, driven by a passion for software's ability to iterate and serve customers. Lawson emphasizes key lessons learned such as ruthlessly removing friction for customer attraction, the importance of listening to customers even regarding sales teams, and the responsibility of giving back to society.",https://www.bvp.com/assets/themes/bvp-24/img/clear-post-banner.gif,Bessemer Venture Partners,General,Bessemer Venture Partners,"[{'topic': 'technology', 'relevance_score': '0.803448'}]",0.359408,Bullish,"[{'ticker': 'TWLO', 'relevance_score': '1.000000', 'ticker_sentiment_score': '0.451379', 'ticker_sentiment_label': 'Bullish'}, {'ticker': 'AMZN', 'relevance_score': '0.618893', 'ticker_sentiment_score': '0.285305', 'ticker_sentiment_label': 'Somewhat-Bullish'}]"
Oracle debuts its first Arm-based cloud instances,https://siliconangle.com/2021/05/25/oracle-debuts-first-arm-based-cloud-instances/,20210525T110000,['Mike Wheatley'],"Oracle has launched its first Arm-based cloud instances, OCI Ampere A1 Compute, offering customers more flexibility and high performance at lower costs for general-purpose and cloud-native workloads. This move signifies Oracle's increased investment in the Arm ecosystem, providing a compelling alternative to x86-based instances and competing with rival cloud providers by offering attractive pricing and scaling options. The company is also expanding developer resources and tools to encourage Arm-based application development on its cloud platform, including free tier offerings and a new development stack.",,SiliconANGLE,General,SiliconANGLE,"[{'topic': 'technology', 'relevance_score': '0.903691'}]",0.20173,Somewhat-Bullish,"[{'ticker': 'ORCL', 'relevance_score': '1.000000', 'ticker_sentiment_score': '0.427199', 'ticker_sentiment_label': 'Bullish'}, {'ticker': 'AMZN', 'relevance_score': '0.717943', 'ticker_sentiment_score': '0.112093', 'ticker_sentiment_label': 'Neutral'}, {'ticker': 'MSFT', 'relevance_score': '0.638992', 'ticker_sentiment_score': '0.148995', 'ticker_sentiment_label': 'Neutral'}, {'ticker': 'GOOGL', 'relevance_score': '0.645130', 'ticker_sentiment_score': '0.111710', 'ticker_sentiment_label': 'Neutral'}, {'ticker': 'AMD', 'relevance_score': '0.601201', 'ticker_sentiment_score': '0.205282', 'ticker_sentiment_label': 'Somewhat-Bullish'}]"
Oracle launches Arm-based cloud computing service using Ampere chips,https://www.reuters.com/technology/oracle-launches-arm-based-cloud-computing-service-using-ampere-chips-2021-05-25/,20210525T173900,['Stephen Nellis'],"Oracle Corp has launched a new cloud computing service that utilizes Arm-based data center chips from Ampere Computing, becoming the second major cloud provider after Amazon Web Services to offer such a service. This move aims to provide customers with more value and choice, challenging the long-standing dominance of Intel and AMD in the cloud chip market. Oracle is also promoting initiatives to expand software compatibility with Arm chips.",,Reuters,General,Reuters,"[{'topic': 'technology', 'relevance_score': '0.908135'}]",0.14574,Neutral,"[{'ticker': 'ORCL', 'relevance_score': '1.000000', 'ticker_sentiment_score': '0.491096', 'ticker_sentiment_label': 'Bullish'}, {'ticker': 'AMZN', 'relevance_score': '0.712615', 'ticker_sentiment_score': '0.146404', 'ticker_sentiment_label': 'Neutral'}, {'ticker': 'INTC', 'relevance_score': '0.605548', 'ticker_sentiment_score': '-0.229386', 'ticker_sentiment_label': 'Somewhat-Bearish'}]"
Microsoft teams up with Accenture and Goldman Sachs to create energy efficient software,https://fortune.com/2021/05/25/microsoft-accenture-goldman-sachs-to-develop-green-software-energy-consumption/,20210525T202233,['Dina Bass'],"Microsoft, Accenture, and Goldman Sachs, along with other organizations, are forming the Green Software Foundation to develop and share methods for creating software that produces fewer carbon emissions in data centers. Data centers currently account for about 1% of global electricity demand, projected to rise significantly, prompting the need for ""green software engineering"" skills. The foundation aims to build tools, establish standards for measuring software's climate impact, and provide training for engineers.",,Fortune,General,Fortune,"[{'topic': 'technology', 'relevance_score': '1.000000'}, {'topic': 'energy_transportation', 'relevance_score': '0.714739'}, {'topic': 'finance', 'relevance_score': '0.613614'}]",0.271335,Somewhat-Bullish,"[{'ticker': 'GS', 'relevance_score': '1.000000', 'ticker_sentiment_score': '0.307881', 'ticker_sentiment_label': 'Somewhat-Bullish'}, {'ticker': 'MSFT', 'relevance_score': '1.000000', 'ticker_sentiment_score': '0.308792', 'ticker_sentiment_label': 'Somewhat-Bullish'}, {'ticker': 'ACN', 'relevance_score': '0.925265', 'ticker_sentiment_score': '0.347216', 'ticker_sentiment_label': 'Somewhat-Bullish'}, {'ticker': 'AMZN', 'relevance_score': '0.636551', 'ticker_sentiment_score': '0.235988', 'ticker_sentiment_label': 'Somewhat-Bullish'}, {'ticker': 'GOOGL', 'relevance_score': '0.646206', 'ticker_sentiment_score': '0.242651', 'ticker_sentiment_label': 'Somewhat-Bullish'}]"
App Store Arguments,https://stratechery.com/2021/app-store-arguments/,20210525T220208,['Ben Thompson'],"This article analyzes the legal, pragmatic, duopoly, moral, and anti-steering arguments surrounding Apple's App Store, particularly in light of the Epic Games v. Apple trial. The author suggests that while Apple has a strong legal standing based on Supreme Court precedents, there are valid counterarguments regarding competition, developer relationships, and the overall health of the iOS ecosystem. The piece concludes by suggesting Apple should consider conceding some ground to developers to foster a more open and innovative environment, especially given global regulatory scrutiny.",https://stratechery.com/wp-content/uploads/2025/01/Stratechery-logo-1.svg,Stratechery by Ben Thompson,General,Stratechery by Ben Thompson,"[{'topic': 'technology', 'relevance_score': '0.902649'}]",0.06999,Neutral,"[{'ticker': 'AAPL', 'relevance_score': '1.000000', 'ticker_sentiment_score': '0.110935', 'ticker_sentiment_label': 'Neutral'}, {'ticker': 'GOOGL', 'relevance_score': '0.741685', 'ticker_sentiment_score': '0.069843', 'ticker_sentiment_label': 'Neutral'}, {'ticker': 'AMZN', 'relevance_score': '0.604966', 'ticker_sentiment_score': '0.114714', 'ticker_sentiment_label': 'Neutral'}, {'ticker': 'SBUX', 'relevance_score': '0.596104', 'ticker_sentiment_score': '-0.080495', 'ticker_sentiment_label': 'Neutral'}]"
JPMorgan Chase Launches New Unit to Improve Care Quality for Employees,https://www.aha.org/aha-center-health-innovation-market-scan/2021-05-25-jpmorgan-chase-launches-new-unit-improve-care,20210525T220405,[],"JPMorgan Chase is investing up to $250 million in a new venture called Morgan Health, aiming to improve health outcomes and promote health equity for its employees. This initiative follows the dissolution of its previous Haven collaborative with Amazon and Berkshire Hathaway. Morgan Health plans to collaborate with leading healthcare organizations to develop new models for care improvement, focusing on behavioral health, disease management, and addressing healthcare disparities.",https://www.aha.org/themes/custom/aha/images/aha-brand-full.png,American Hospital Association,General,American Hospital Association,"[{'topic': 'finance', 'relevance_score': '0.705249'}, {'topic': 'life_sciences', 'relevance_score': '0.921091'}]",0.22993,Somewhat-Bullish,"[{'ticker': 'AMJB', 'relevance_score': '0.342576', 'ticker_sentiment_score': '0.015853', 'ticker_sentiment_label': 'Neutral'}, {'ticker': 'JPM', 'relevance_score': '1.000000', 'ticker_sentiment_score': '0.471046', 'ticker_sentiment_label': 'Bullish'}, {'ticker': 'AMZN', 'relevance_score': '0.608052', 'ticker_sentiment_score': '0.109953', 'ticker_sentiment_label': 'Neutral'}]"
"Globe, PLDT say content now important part of business",https://www.bworldonline.com/corporate/2021/05/25/370699/globe-pldt-say-content-now-important-part-of-business/,20210525T223545,['Arjay L. Balinbin'],"Globe Telecom and PLDT view content creation and bundling as a critical component for future growth and customer retention. Globe expects its content business and ""customer-first"" initiatives to drive growth, expanding on existing partnerships and producing original content through Globe Studios. PLDT's Chairman, Manuel V. Pangilinan, emphasizes the need for synergy among media companies within the group to provide converged content, particularly video, and enhance the overall customer experience for wireless users.",https://www.bworldonline.com/wp-content/uploads/2020/12/telcom-tower-third-player-013019.jpg,BusinessWorld - BusinessWorld Online,General,BusinessWorld - BusinessWorld Online,"[{'topic': 'technology', 'relevance_score': '0.806105'}]",0.205511,Somewhat-Bullish,"[{'ticker': 'PHI', 'relevance_score': '0.347778', 'ticker_sentiment_score': '0.017003', 'ticker_sentiment_label': 'Neutral'}, {'ticker': 'CMCSA', 'relevance_score': '0.737624', 'ticker_sentiment_score': '0.345778', 'ticker_sentiment_label': 'Somewhat-Bullish'}, {'ticker': 'NFLX', 'relevance_score': '0.607081', 'ticker_sentiment_score': '0.326990', 'ticker_sentiment_label': 'Somewhat-Bullish'}, {'ticker': 'AMZN', 'relevance_score': '0.606969', 'ticker_sentiment_score': '0.203811', 'ticker_sentiment_label': 'Somewhat-Bullish'}]"
Amazon agrees to buy MGM film studio for $8.45 billion,https://adage.com/article/latest-news/amazon-agrees-buy-mgm-film-studio-845-billion/2339076/,20210526T092300,['By Asa Hiken; By Adrianne Pasquarelli; By E.J. Schultz; By Brian Bonilla; By Parker Herren'],"Amazon has reached an agreement to acquire MGM film studio for $8.45 billion. This acquisition will significantly expand Amazon's content library, bolstering its presence in the entertainment industry and providing a vast catalog for its Prime Video service. The deal highlights the increasing consolidation in the media landscape.",https://adage.com/resizer/v2/WDUD2IVVMJDKPBXZJW7L7BDCVU.jpg?smart=true&auth=4e88d602c05b5e30b8152002410693ebc131dd687ab3a9fef376e64b32676722&width=1000&height=562,Ad Age,General,Ad Age,"[{'topic': 'mergers_and_acquisitions', 'relevance_score': '1.000000'}, {'topic': 'retail_wholesale', 'relevance_score': '0.737806'}, {'topic': 'technology', 'relevance_score': '0.731464'}]",0.42917,Bullish,"[{'ticker': 'AMZN', 'relevance_score': '1.000000', 'ticker_sentiment_score': '0.408841', 'ticker_sentiment_label': 'Bullish'}]"
Amazon buys MGM as D.C. suit charges its monopolistic practices violate antitrust laws,https://www.nbcnews.com/think/opinion/amazon-buys-mgm-d-c-suit-charges-its-monopolistic-practices-ncna1268574,20210526T133200,['Paris Marx'],"Amazon announced its acquisition of MGM for $8.5 billion, capitalizing on the film industry's struggles. This comes as Washington D.C. Attorney General Karl Racine filed an antitrust suit against Amazon, alleging that its contractual terms force third-party sellers to offer products at lower prices on Amazon, thereby harming both sellers and customers through inflated fees and prices. The lawsuit highlights Amazon's significant control over online retail and questions the monopolistic practices of platform companies.",,NBC News,General,NBC News,"[{'topic': 'mergers_and_acquisitions', 'relevance_score': '0.912720'}, {'topic': 'retail_wholesale', 'relevance_score': '0.839199'}, {'topic': 'economy_macro', 'relevance_score': '0.705981'}, {'topic': 'finance', 'relevance_score': '0.606234'}, {'topic': 'technology', 'relevance_score': '0.632487'}]",0.015066,Neutral,"[{'ticker': 'AMZN', 'relevance_score': '0.338792', 'ticker_sentiment_score': '0.037364', 'ticker_sentiment_label': 'Neutral'}]"
"Hedge Fund and Insider Trading News: Carl Icahn, Warren Buffett, Bill Ackman, Ray Dalio, Elliott Management, Assurant Inc. (AIZ), Innoviva Inc (INVA), and More",https://www.insidermonkey.com/blog/hedge-fund-and-insider-trading-news-carl-icahn-warren-buffett-bill-ackman-ray-dalio-elliott-management-assurant-inc-aiz-innoviva-inc-inva-and-more-945206/,20210526T135200,['Insider Monkey Staff'],"This article covers recent news in the hedge fund and insider trading world, featuring prominent investors like Carl Icahn, Bill Ackman, and Elliott Management. Key topics include Carl Icahn's activism, Bill Ackman's SPAC deal and market outlook, Elliott Management's strategy regarding GlaxoSmithKline, and Amazon's acquisition of MGM bolstering hedge fund profits. The article also touches on increasing data demands driving hedge fund operational costs and hedge fund assets reaching a new high of over $4 trillion.",,Insider Monkey,General,Insider Monkey,"[{'topic': 'financial_markets', 'relevance_score': '0.935552'}, {'topic': 'economy_monetary', 'relevance_score': '0.726984'}, {'topic': 'mergers_and_acquisitions', 'relevance_score': '0.807446'}, {'topic': 'life_sciences', 'relevance_score': '0.612263'}]",0.117809,Neutral,"[{'ticker': 'AIZN', 'relevance_score': '0.337919', 'ticker_sentiment_score': '0.003392', 'ticker_sentiment_label': 'Neutral'}, {'ticker': 'AIZ', 'relevance_score': '0.814646', 'ticker_sentiment_score': '-0.126204', 'ticker_sentiment_label': 'Neutral'}, {'ticker': 'AMZN', 'relevance_score': '0.708141', 'ticker_sentiment_score': '0.335166', 'ticker_sentiment_label': 'Somewhat-Bullish'}, {'ticker': 'FE', 'relevance_score': '0.638035', 'ticker_sentiment_score': '0.238230', 'ticker_sentiment_label': 'Somewhat-Bullish'}]"
Amazon's major acquisitions over the years,https://www.reuters.com/technology/amazons-major-acquisitions-over-years-2021-05-26/,20210526T141600,['Reuters'],"Amazon has acquired MGM for $8.45 billion, marking its second-largest acquisition and deepening its push into entertainment. This deal grants Amazon a vast library of films and TV shows for its Prime video streaming service. The article outlines Amazon's significant acquisitions over the past two decades, including Whole Foods Market, Twitch, Ring, and PillPack.",https://www.reuters.com/resizer/v2/MRWJE6GBY5KL7JCVUFF27Q363Q.jpg?auth=0f009a51490a051dbc0399870a745bdf625723ea34be5129b2cd91a10b09ec96&width=1920&quality=80,Reuters,General,Reuters,"[{'topic': 'mergers_and_acquisitions', 'relevance_score': '1.000000'}, {'topic': 'retail_wholesale', 'relevance_score': '0.717430'}, {'topic': 'technology', 'relevance_score': '0.840915'}]",0.380811,Bullish,"[{'ticker': 'AMZN', 'relevance_score': '1.000000', 'ticker_sentiment_score': '0.400514', 'ticker_sentiment_label': 'Bullish'}, {'ticker': 'T', 'relevance_score': '0.632323', 'ticker_sentiment_score': '0.323896', 'ticker_sentiment_label': 'Somewhat-Bullish'}]"
Amazon shareholder meeting: Push to put an hourly worker on board,https://www.aljazeera.com/economy/2021/5/26/amazon-sharehold-meeting-push-to-put-an-hourly-worker-on-board,20210526T193550,['Ben Piven'],"Labour activists are pushing for an hourly worker to join Amazon's board of directors at its shareholder meeting, following a failed union drive. The proposal, backed by Oxfam America and recommended by proxy adviser ISS, aims to elevate employee concerns amidst allegations of monopolistic practices and environmental racism. However, Amazon's board opposes the resolution, and some proxy advisers are concerned about board independence.",https://www.aljazeera.com/wp-content/uploads/2021/05/2021-03-29T194709Z_1113038379_RC2QKM9A5G1W_RTRMADP_3_AMAZON-COM-UNION.JPG?w=770&rand=1672322312,Al Jazeera,General,Al Jazeera,"[{'topic': 'retail_wholesale', 'relevance_score': '0.829176'}, {'topic': 'finance', 'relevance_score': '0.700795'}, {'topic': 'economy_macro', 'relevance_score': '0.643610'}]",0.131353,Neutral,"[{'ticker': 'AMZN', 'relevance_score': '1.000000', 'ticker_sentiment_score': '0.093570', 'ticker_sentiment_label': 'Neutral'}, {'ticker': 'UAL', 'relevance_score': '0.606714', 'ticker_sentiment_score': '0.147818', 'ticker_sentiment_label': 'Neutral'}, {'ticker': 'DAL', 'relevance_score': '0.619093', 'ticker_sentiment_score': '0.112099', 'ticker_sentiment_label': 'Neutral'}]"
Apple Faces Criticism Over Its Cooperation With China,https://www.lawfaremedia.org/article/apple-faces-criticism-over-its-cooperation-china,20210526T220208,"['Abby Lemert', 'Eleanor Runde']","Apple is facing increasing criticism for its cooperation with Chinese laws, which involve sharing consumer data and censoring content, amid a wider technological and economic competition between the U.S. and China. The article also discusses the US Senate's ""Endless Frontier Act"" aimed at countering China's tech advancements, China's efforts to influence Latin American and African telecom markets, and its crackdown on cryptocurrency and its own tech giants.",https://lawfare-assets-new.azureedge.net/assets/images/default-source/article-images/featured_image/6669.jpg?sfvrsn=7e3081ce_0,Lawfare,General,Lawfare,"[{'topic': 'technology', 'relevance_score': '0.949265'}, {'topic': 'economy_fiscal', 'relevance_score': '0.807930'}, {'topic': 'economy_macro', 'relevance_score': '0.729116'}, {'topic': 'blockchain', 'relevance_score': '0.635329'}]",-0.194235,Somewhat-Bearish,"[{'ticker': 'AAPL', 'relevance_score': '1.000000', 'ticker_sentiment_score': '-0.321862', 'ticker_sentiment_label': 'Somewhat-Bearish'}, {'ticker': 'GOOGL', 'relevance_score': '0.738990', 'ticker_sentiment_score': '-0.101261', 'ticker_sentiment_label': 'Neutral'}, {'ticker': 'META', 'relevance_score': '0.635099', 'ticker_sentiment_score': '-0.220178', 'ticker_sentiment_label': 'Somewhat-Bearish'}, {'ticker': 'AMZN', 'relevance_score': '0.591903', 'ticker_sentiment_score': '0.021691', 'ticker_sentiment_label': 'Neutral'}]"
MGM to Be Acquired by Amazon for $8.45 Billion,https://labusinessjournal.com/media/amazon-acquire-mgm-8-billion/,20210526T220417,['Nat Rubio-Licht'],"Amazon announced its acquisition of Beverly Hills-based Metro-Goldwyn-Mayer Studios Inc. for $8.45 billion. This deal gives Amazon access to MGM's extensive library of 4,000 films and 17,000 television shows, aiming to enhance Prime Video's competitive edge against other streaming services. The acquisition, subject to regulatory approval, will allow Amazon to ""reimagine and develop"" MGM's intellectual property for the 21st century.",https://labusinessjournal.com/wp-content/uploads/2021/11/PG01_MGM_1109_MGM_245-N-Beverly_CoStar_1-696x464.jpg,Los Angeles Business Journal,General,Los Angeles Business Journal,"[{'topic': 'mergers_and_acquisitions', 'relevance_score': '1.000000'}, {'topic': 'technology', 'relevance_score': '0.811845'}, {'topic': 'retail_wholesale', 'relevance_score': '0.636624'}]",0.11022,Neutral,"[{'ticker': 'AMZN', 'relevance_score': '1.000000', 'ticker_sentiment_score': '0.492584', 'ticker_sentiment_label': 'Bullish'}, {'ticker': 'NFLX', 'relevance_score': '0.617448', 'ticker_sentiment_score': '-0.135049', 'ticker_sentiment_label': 'Neutral'}, {'ticker': 'DIS', 'relevance_score': '0.628888', 'ticker_sentiment_score': '-0.111268', 'ticker_sentiment_label': 'Neutral'}]"
American Express Sets Up Autonomous Checkout At Barclays Center,https://www.paymentsjournal.com/american-express-sets-up-autonomous-checkout-at-barclays-center/,20210526T220604,['Raymond Pucci'],"American Express has launched an autonomous checkout store at Brooklyn's Barclays Center, home of the New York Nets, to allow cardholders to quickly purchase concessions and merchandise. This initiative, similar to Amazon Go stores, aims to enhance customer experience by reducing wait times and addressing contactless payment preferences heightened by COVID-19. The store tracks items using weight-sensitive shelf sensors, with entry exclusive to Amex cardholders.",,PaymentsJournal,General,PaymentsJournal,"[{'topic': 'retail_wholesale', 'relevance_score': '0.936190'}, {'topic': 'finance', 'relevance_score': '0.838219'}, {'topic': 'technology', 'relevance_score': '0.701667'}]",0.370396,Bullish,"[{'ticker': 'AXP', 'relevance_score': '1.000000', 'ticker_sentiment_score': '0.410813', 'ticker_sentiment_label': 'Bullish'}, {'ticker': 'AMZN', 'relevance_score': '0.606523', 'ticker_sentiment_score': '0.302801', 'ticker_sentiment_label': 'Somewhat-Bullish'}]"
FOS PM: Dick's Crushes Earnings,https://frontofficesports.com/newsletter/fos-pm-dicks-crushes-earnings/,20210526T221401,"['Abigail Gentrup', 'Owen Poindexter', 'Justin Byers']","Dick's Sporting Goods reported record first-quarter earnings, with revenue soaring 119% to $2.92 billion and net income reaching $361.8 million. This surge was attributed to increased interest in golf and a resurgence in team sports, alongside strong performance in outdoor activities and athleisure. Additionally, Amazon acquired MGM Studios for $8.45 billion to expand its media library, and billionaire Joseph Tsai added a Las Vegas lacrosse expansion team to his sports portfolio.",https://frontofficesports.com/wp-content/uploads/2021/05/FOS-PM-5.26-Dicks-Sporting-Goods-1.jpg?quality=100&w=1024,Front Office Sports,General,Front Office Sports,"[{'topic': 'earnings', 'relevance_score': '0.939460'}, {'topic': 'retail_wholesale', 'relevance_score': '0.929404'}, {'topic': 'mergers_and_acquisitions', 'relevance_score': '0.800048'}, {'topic': 'financial_markets', 'relevance_score': '0.648002'}, {'topic': 'technology', 'relevance_score': '0.632393'}]",0.583827,Bullish,"[{'ticker': 'DKS', 'relevance_score': '1.000000', 'ticker_sentiment_score': '0.849597', 'ticker_sentiment_label': 'Bullish'}, {'ticker': 'AMZN', 'relevance_score': '0.935346', 'ticker_sentiment_score': '0.345810', 'ticker_sentiment_label': 'Somewhat-Bullish'}]"
"During Investor Day, Kontoor Details the Benefits of Casting a Wide Net",https://sourcingjournal.com/denim/denim-brands/kontoor-brands-investor-day-scott-baxter-wrangler-lee-hm-digital-281763/,20210526T222715,['Liz Warren'],"Kontoor Brands held its first-ever virtual investor day, outlining strategies for significant revenue and consumer growth for its Lee and Wrangler brands. Despite initial COVID-19 impacts, both brands are bouncing back, with plans for geographic expansion, category extensions, and digital initiatives. The company anticipates substantial e-commerce revenue increases and aims to boost Wrangler's revenue to $1.7 billion and Lee's to $1 billion by 2023 through product elevation, new categories like outdoor wear, and strategic collaborations.",https://sourcingjournal.com/wp-content/uploads/2021/05/leeAlife.jpeg?w=492&h=656&crop=1,Sourcing Journal,General,Sourcing Journal,"[{'topic': 'earnings', 'relevance_score': '0.914844'}, {'topic': 'retail_wholesale', 'relevance_score': '0.847375'}, {'topic': 'finance', 'relevance_score': '0.610774'}]",0.371115,Bullish,"[{'ticker': 'KTB', 'relevance_score': '1.000000', 'ticker_sentiment_score': '0.482698', 'ticker_sentiment_label': 'Bullish'}, {'ticker': 'AMZN', 'relevance_score': '0.617628', 'ticker_sentiment_score': '0.331297', 'ticker_sentiment_label': 'Somewhat-Bullish'}, {'ticker': 'WMT', 'relevance_score': '0.628814', 'ticker_sentiment_score': '0.340060', 'ticker_sentiment_label': 'Somewhat-Bullish'}]"
"Amazon brings James Bond, Rocky to fight Netflix with $8.5 bln MGM buy",https://www.reuters.com/technology/amazon-snaps-up-james-bond-owner-mgm-845-bln-streaming-war-heats-up-2021-05-26/,20210526T223215,['Jeffrey Dastin'],"Amazon is acquiring MGM, the studio behind James Bond and Rocky, for $8.45 billion to expand its content library and compete more effectively with streaming rivals like Netflix and Disney+. This acquisition will bolster Amazon's Prime Video service by adding a vast catalog of films and TV shows, including valuable intellectual property that Amazon plans to reimagine for the 21st century. The deal, Amazon's second-largest after Whole Foods, highlights the ongoing consolidation in the media industry as companies vie for compelling content to attract and retain streaming subscribers.",https://www.reuters.com/resizer/v2/NOZ73O2LYJC4XCBEQFGO43E2YE.JPG?auth=e1ea7860896e25c4a051a969b41f752fa2d5eab3e348ab32c8275b139fc09efb&width=1080&quality=80,Reuters,General,Reuters,"[{'topic': 'mergers_and_acquisitions', 'relevance_score': '0.949550'}, {'topic': 'technology', 'relevance_score': '0.835146'}, {'topic': 'retail_wholesale', 'relevance_score': '0.601854'}]",0.201083,Somewhat-Bullish,"[{'ticker': 'NFLX', 'relevance_score': '0.893596', 'ticker_sentiment_score': '-0.247795', 'ticker_sentiment_label': 'Somewhat-Bearish'}, {'ticker': 'AMZN', 'relevance_score': '0.968757', 'ticker_sentiment_score': '0.425656', 'ticker_sentiment_label': 'Bullish'}, {'ticker': 'DIS', 'relevance_score': '0.742615', 'ticker_sentiment_score': '0.112509', 'ticker_sentiment_label': 'Neutral'}, {'ticker': 'T', 'relevance_score': '0.610673', 'ticker_sentiment_score': '0.291164', 'ticker_sentiment_label': 'Somewhat-Bullish'}, {'ticker': 'WBD', 'relevance_score': '0.622491', 'ticker_sentiment_score': '0.276775', 'ticker_sentiment_label': 'Somewhat-Bullish'}]"
"Sony Pictures Not for Sale, Says CEO Yoshida Kenichiro",https://www.hollywoodreporter.com/business/business-news/sony-pictures-not-for-sale-1234960009/,20210526T224155,['Patrick Brzeski'],"Sony Group CEO Yoshida Kenichiro has stated that Sony Pictures is not for sale and will not be spun off, despite industry speculation fueled by recent mergers and acquisitions like Amazon's purchase of MGM. Sony's strategy involves operating as an independent studio, supplying content to streamers, and leveraging its various entertainment divisions, such as gaming and anime, to create content. The company has secured licensing deals with Netflix and Disney+ and plans to produce more films for direct release on streaming platforms while retaining ownership.",https://www.hollywoodreporter.com/wp-content/uploads/2019/01/kenichiro_yoshida.jpg?w=1296&h=730&crop=1,The Hollywood Reporter,General,The Hollywood Reporter,"[{'topic': 'mergers_and_acquisitions', 'relevance_score': '1.000000'}, {'topic': 'technology', 'relevance_score': '0.821602'}]",0.237109,Somewhat-Bullish,"[{'ticker': 'SONY', 'relevance_score': '1.000000', 'ticker_sentiment_score': '0.341239', 'ticker_sentiment_label': 'Somewhat-Bullish'}, {'ticker': 'AMZN', 'relevance_score': '0.661843', 'ticker_sentiment_score': '0.116751', 'ticker_sentiment_label': 'Neutral'}, {'ticker': 'NFLX', 'relevance_score': '0.642186', 'ticker_sentiment_score': '0.239921', 'ticker_sentiment_label': 'Somewhat-Bullish'}, {'ticker': 'DIS', 'relevance_score': '0.550707', 'ticker_sentiment_score': '0.278896', 'ticker_sentiment_label': 'Somewhat-Bullish'}]"
"Bitcoin and Ethereum are now, decentralized apps are the future",https://fortune.com/2021/05/27/bitcoin-ethereum-crypto-decentralized-apps-daos-coinbase-olaf-carlson-wee/,20210527T110600,['Robert Hackett'],"Olaf Carlson-Wee, founder of Polychain Capital, believes decentralized web applications (DAOs) will be the next major trend in crypto, following the success of Bitcoin, Ethereum, and DeFi. He envisions decentralized versions of popular social media and chat apps owned by communities via crypto tokens, starting with simpler applications like photo hosting or messaging apps before moving to more complex platforms. Carlson-Wee also notes the rapid growth of decentralized exchanges (DEXes) like Uniswap, highlighting their collision course with regulators due to potential money laundering concerns.",https://content.fortune.com/wp-content/uploads/2021/05/image001.png?format=webp&w=1440&q=100,Fortune,General,Fortune,"[{'topic': 'blockchain', 'relevance_score': '0.907371'}, {'topic': 'technology', 'relevance_score': '0.822443'}, {'topic': 'financial_markets', 'relevance_score': '0.600078'}, {'topic': 'finance', 'relevance_score': '0.605223'}, {'topic': 'economy_macro', 'relevance_score': '0.619706'}]",0.098392,Neutral,"[{'ticker': 'COIN', 'relevance_score': '0.955086', 'ticker_sentiment_score': '0.331155', 'ticker_sentiment_label': 'Somewhat-Bullish'}, {'ticker': 'TSLA', 'relevance_score': '0.642463', 'ticker_sentiment_score': '-0.345245', 'ticker_sentiment_label': 'Somewhat-Bearish'}, {'ticker': 'AAPL', 'relevance_score': '0.622450', 'ticker_sentiment_score': '0.108521', 'ticker_sentiment_label': 'Neutral'}, {'ticker': 'CRM', 'relevance_score': '0.582964', 'ticker_sentiment_score': '0.265964', 'ticker_sentiment_label': 'Somewhat-Bullish'}, {'ticker': 'AMZN', 'relevance_score': '0.583273', 'ticker_sentiment_score': '-0.137219', 'ticker_sentiment_label': 'Neutral'}]"
"S&P 500 trading guide: constituents, market hours and h",https://www.forex.com/ie/market-analysis/latest-research/sp-500-trading-guide/,20210527T123700,[],"This guide provides an in-depth look at the S&P 500, a key benchmark for U.S. stock market performance. It covers the index's constituents, listing criteria, calculation methods, factors affecting its price, and average annual returns. The article also details various ways to trade the S&P 500, including CFDs, futures, options, and ETFs, and discusses strategies for shorting the index.",,FOREX.com,General,FOREX.com,"[{'topic': 'financial_markets', 'relevance_score': '0.922270'}, {'topic': 'economy_monetary', 'relevance_score': '0.717007'}, {'topic': 'economy_macro', 'relevance_score': '0.738068'}, {'topic': 'technology', 'relevance_score': '0.623658'}]",0.127407,Neutral,"[{'ticker': 'SNEX', 'relevance_score': '0.601548', 'ticker_sentiment_score': '0.118290', 'ticker_sentiment_label': 'Neutral'}, {'ticker': 'AAPL', 'relevance_score': '0.725699', 'ticker_sentiment_score': '0.139051', 'ticker_sentiment_label': 'Neutral'}, {'ticker': 'MSFT', 'relevance_score': '0.649300', 'ticker_sentiment_score': '0.124481', 'ticker_sentiment_label': 'Neutral'}, {'ticker': 'AMZN', 'relevance_score': '0.604396', 'ticker_sentiment_score': '0.123821', 'ticker_sentiment_label': 'Neutral'}, {'ticker': 'GOOGL', 'relevance_score': '0.607687', 'ticker_sentiment_score': '0.134907', 'ticker_sentiment_label': 'Neutral'}]"
"In Current M&A Moment, Lionsgate A Prime Target As CEO Jon Feltheimer Downplays “Concept Of Scale”",https://deadline.com/2021/05/lionsgate-takeover-target-media-ma-ceo-jon-feltheimer-amazon-mgm-warnermedia-discovery-1234765650/,20210527T155900,['Jill Goldsmith'],"Lionsgate CEO Jon Feltheimer acknowledged the recent media merger deals as a validation of content value but emphasized the company's focus on its own strategy, downplaying the ""concept of scale."" Despite this, Lionsgate is widely considered a prime takeover target due to its valuable library, Starz subscribers, and manageable size, especially following major deals like Amazon's acquisition of MGM. Analysts suggest it could be worth at least $8 billion.",https://deadline.com/wp-content/uploads/2021/05/Lionsgate-logoos.jpg?w=681&h=383&crop=1,Deadline,General,Deadline,"[{'topic': 'mergers_and_acquisitions', 'relevance_score': '1.000000'}, {'topic': 'earnings', 'relevance_score': '0.706490'}, {'topic': 'financial_markets', 'relevance_score': '0.645343'}]",0.344077,Somewhat-Bullish,"[{'ticker': 'LION', 'relevance_score': '1.000000', 'ticker_sentiment_score': '0.412330', 'ticker_sentiment_label': 'Bullish'}, {'ticker': 'AMZN', 'relevance_score': '0.702901', 'ticker_sentiment_score': '0.304832', 'ticker_sentiment_label': 'Somewhat-Bullish'}, {'ticker': 'WBD', 'relevance_score': '0.635489', 'ticker_sentiment_score': '0.229691', 'ticker_sentiment_label': 'Somewhat-Bullish'}]"
How Vimeo went from CollegeHumor side project to a multibillion-dollar company,https://thehustle.co/05272021-vimeo,20210527T213207,['Jacob Cohen'],"Vimeo, once a side project of CollegeHumor, has grown into a multibillion-dollar public software company. Initially acquired by IAC almost by accident, Vimeo pivoted from being a YouTube competitor to building video software for businesses under the leadership of Anjali Sud. The company recently went public with over 200 million users and 1.6 million paying subscribers, generating substantial revenue.",,The Hustle Daily,General,The Hustle Daily,"[{'topic': 'technology', 'relevance_score': '0.920643'}, {'topic': 'ipo', 'relevance_score': '0.819460'}, {'topic': 'earnings', 'relevance_score': '0.729335'}]",0.2758,Somewhat-Bullish,"[{'ticker': 'VMEO', 'relevance_score': '1.000000', 'ticker_sentiment_score': '0.447266', 'ticker_sentiment_label': 'Bullish'}, {'ticker': 'AMZN', 'relevance_score': '0.625619', 'ticker_sentiment_score': '0.304144', 'ticker_sentiment_label': 'Somewhat-Bullish'}, {'ticker': 'INTU', 'relevance_score': '0.600036', 'ticker_sentiment_score': '0.223583', 'ticker_sentiment_label': 'Somewhat-Bullish'}, {'ticker': 'GDDY', 'relevance_score': '0.601818', 'ticker_sentiment_score': '0.215670', 'ticker_sentiment_label': 'Somewhat-Bullish'}, {'ticker': 'CMCSA', 'relevance_score': '0.631105', 'ticker_sentiment_score': '0.131886', 'ticker_sentiment_label': 'Neutral'}]"
"Hundreds of Companies Unite to Oppose Voting Limits, but Others Abstain (Published 2021)",https://www.nytimes.com/2021/04/14/business/ceos-corporate-america-voting-rights.html,20210527T220605,"['David Gelles', 'Andrew Ross Sorkin']","Hundreds of major companies, including Amazon, Google, G.M., and Starbucks, signed a statement opposing ""any discriminatory legislation"" that makes it harder to vote. This initiative, organized by former American Express CEO Kenneth Chenault and Merck CEO Kenneth Frazier, marks the largest show of corporate solidarity against Republican-led efforts to enact new election rules nationwide. The move comes despite calls from senior Republicans for companies to avoid political issues.",https://static01.nyt.com/images/2021/04/14/business/14CEOS-COMBO/14CEOS-COMBO-articleLarge.jpg?quality=75&auto=webp&disable=upscale,The New York Times,General,The New York Times,"[{'topic': 'economy_fiscal', 'relevance_score': '0.909225'}, {'topic': 'economy_macro', 'relevance_score': '0.713396'}]",0.322823,Somewhat-Bullish,"[{'ticker': 'AXP', 'relevance_score': '0.806145', 'ticker_sentiment_score': '0.340623', 'ticker_sentiment_label': 'Somewhat-Bullish'}, {'ticker': 'AMZN', 'relevance_score': '0.918501', 'ticker_sentiment_score': '0.308974', 'ticker_sentiment_label': 'Somewhat-Bullish'}, {'ticker': 'GOOGL', 'relevance_score': '0.927953', 'ticker_sentiment_score': '0.315522', 'ticker_sentiment_label': 'Somewhat-Bullish'}, {'ticker': 'GM', 'relevance_score': '0.921221', 'ticker_sentiment_score': '0.326143', 'ticker_sentiment_label': 'Somewhat-Bullish'}, {'ticker': 'SBUX', 'relevance_score': '0.943573', 'ticker_sentiment_score': '0.301777', 'ticker_sentiment_label': 'Somewhat-Bullish'}]"
Higg launches customer-facing transparency program,https://sustonmagazine.com/higg-index-launches-new-scorecard/,20210527T221122,['SUSTON'],"The Sustainable Apparel Coalition (SAC) and its partner Higg have launched the first phase of a transparency program to share data on the environmental impact of apparel and footwear products, starting with materials. The program introduces the Higg Index Sustainability Profile and Materials seal, utilizing independently reviewed data from the Higg Materials Sustainability Index (MSI). Brands like Norrøna and Salomon are early adopters, with plans to expand the initiative to include manufacturing, corporate responsibility, and social data by early 2023.",https://sustonmagazine.com/wp-content/uploads/2021/05/higg-web.gif,Suston Magazine,General,Suston Magazine,"[{'topic': 'retail_wholesale', 'relevance_score': '0.840878'}, {'topic': 'manufacturing', 'relevance_score': '0.749456'}]",0.25982,Somewhat-Bullish,"[{'ticker': 'COLM', 'relevance_score': '0.848910', 'ticker_sentiment_score': '0.336016', 'ticker_sentiment_label': 'Somewhat-Bullish'}, {'ticker': 'AMZN', 'relevance_score': '0.742024', 'ticker_sentiment_score': '0.274697', 'ticker_sentiment_label': 'Somewhat-Bullish'}, {'ticker': 'HWM', 'relevance_score': '0.643910', 'ticker_sentiment_score': '0.233297', 'ticker_sentiment_label': 'Somewhat-Bullish'}]"
Docker Honeypot Reveals Cryptojacking as Most Common Cloud Threat,https://unit42.paloaltonetworks.com/docker-honeypot/,20210527T223500,['Aviv Sasson'],"Palo Alto Networks' Unit 42 deployed a honeypot mimicking a misconfigured Docker daemon to observe cloud-related threats between March and April 2021. The research found that over 75% of the 850 attacks recorded were cryptojacking, with Kinsing being the most prevalent malware. Attackers exploit misconfigured Docker daemons to gain full control, deploy malicious containers, and often escalate privileges to the host system.",https://unit42.paloaltonetworks.com/wp-content/uploads/2026/02/13_Cloud_cybersecurity_research_Overview_1920x900-786x368.jpg,Unit 42,General,Unit 42,"[{'topic': 'blockchain', 'relevance_score': '0.912757'}, {'topic': 'technology', 'relevance_score': '0.821752'}]",-0.062522,Neutral,"[{'ticker': 'PANW', 'relevance_score': '0.914961', 'ticker_sentiment_score': '0.816144', 'ticker_sentiment_label': 'Bullish'}, {'ticker': 'AMZN', 'relevance_score': '0.621362', 'ticker_sentiment_score': '-0.309063', 'ticker_sentiment_label': 'Somewhat-Bearish'}, {'ticker': 'MSFT', 'relevance_score': '0.571233', 'ticker_sentiment_score': '-0.310396', 'ticker_sentiment_label': 'Somewhat-Bearish'}, {'ticker': 'GOOG', 'relevance_score': '0.555198', 'ticker_sentiment_score': '-0.311712', 'ticker_sentiment_label': 'Somewhat-Bearish'}]"
"Amazon Fresh opens first D.C.-area location. In this full-size grocery store, no cashier is needed.",https://www.bizjournals.com/washington/news/2021/05/27/amazon-fresh-opens-first-dc-area-store.html,20210527T223815,['Daniel J. Sernovitz'],"Amazon has opened its first Amazon Fresh grocery store in the D.C. area, located at the Manchester Lakes shopping center in Franconia. The store offers a cashier-less shopping experience, where Prime customers can use Amazon Dash carts. Shoppers can also use Alexa for in-store assistance.",https://media.bizj.us/view/img/12025171/5e08b249-c562-4966-99f1-ba38c48e5012*900xx2048-1152-0-448.jpg,The Business Journals,General,The Business Journals,"[{'topic': 'retail_wholesale', 'relevance_score': '0.910000'}, {'topic': 'technology', 'relevance_score': '0.847971'}, {'topic': 'real_estate', 'relevance_score': '0.644968'}]",0.245744,Somewhat-Bullish,"[{'ticker': 'REGCO', 'relevance_score': '0.313325', 'ticker_sentiment_score': '0.046883', 'ticker_sentiment_label': 'Neutral'}, {'ticker': 'REG', 'relevance_score': '0.815309', 'ticker_sentiment_score': '0.347005', 'ticker_sentiment_label': 'Somewhat-Bullish'}, {'ticker': 'AMZN', 'relevance_score': '1.000000', 'ticker_sentiment_score': '0.429419', 'ticker_sentiment_label': 'Bullish'}]"
"AR’s role in shopping poised to swell in next 5 years, Publicis and Snap find",https://www.marketingdive.com/news/ars-role-in-shopping-poised-to-swell-in-next-5-years-publicis-and-snap-fi/600839/,20210527T224529,['Natalie Black (Koltun)'],"A new study by Publicis Media, Snap, and Alter Agents indicates that augmented reality (AR) significantly influences consumer shopping habits, especially among Snapchat users who are 56% more likely to use branded AR lenses and increase their likelihood to purchase. The pandemic accelerated AR adoption in shopping, and three out of four respondents believe AR will play a larger role in retail over the next five years. Snap continues to expand its commerce capabilities, integrating AR into new features and partnerships to meet evolving consumer expectations and leverage AR's increasing utility in the shopping journey.",https://imgproxy.divecdn.com/Ie_rELaIo4kRKDOZ449Zl8aICaJJZOG4tfsASy5nw6o/g:nowe:0:42/c:2456:1388/rs:fill:1200:675:1/Z3M6Ly9kaXZlc2l0ZS1zdG9yYWdlL2RpdmVpbWFnZS9ESU9SX0IyN19TTkVBS0VSU19TTkFQQ0hBVF9MRU5TLmpwZw==.webp,Marketing Dive,General,Marketing Dive,"[{'topic': 'retail_wholesale', 'relevance_score': '0.909580'}, {'topic': 'technology', 'relevance_score': '0.826971'}]",0.168595,Somewhat-Bullish,"[{'ticker': 'TTGT', 'relevance_score': '0.330564', 'ticker_sentiment_score': '0.034206', 'ticker_sentiment_label': 'Neutral'}, {'ticker': 'GOOGL', 'relevance_score': '0.624327', 'ticker_sentiment_score': '0.230979', 'ticker_sentiment_label': 'Somewhat-Bullish'}, {'ticker': 'AMZN', 'relevance_score': '0.624891', 'ticker_sentiment_score': '0.301779', 'ticker_sentiment_label': 'Somewhat-Bullish'}]"
Coinbase crypto partner Circle raises $440 million from Fidelity and others,https://fortune.com/2021/05/28/crypto-startup-circle-fidelity-ftx-stablecoin-usdc-coinbase-funding-spac/,20210528T201238,['Robert Hackett'],"Cryptocurrency startup Circle, a Coinbase partner, has successfully raised $440 million in new funding from investors including Fidelity and FTX. This funding round highlights the growing investor appetite for crypto companies, coinciding with Coinbase's market debut and Circle's own plans to go public via a SPAC at a $4 billion valuation. Circle is increasingly focusing on its USD Coin (USDC) stablecoin, which has seen significant growth and adoption for digital payments.",NULL,Fortune,General,Fortune,"[{'topic': 'blockchain', 'relevance_score': '1.000000'}, {'topic': 'finance', 'relevance_score': '0.923911'}, {'topic': 'technology', 'relevance_score': '0.823308'}, {'topic': 'ipo', 'relevance_score': '0.732776'}]",0.289034,Somewhat-Bullish,"[{'ticker': 'FDIG', 'relevance_score': '0.721107', 'ticker_sentiment_score': '0.322783', 'ticker_sentiment_label': 'Somewhat-Bullish'}, {'ticker': 'COIN', 'relevance_score': '0.915678', 'ticker_sentiment_score': '0.337163', 'ticker_sentiment_label': 'Somewhat-Bullish'}, {'ticker': 'AMZN', 'relevance_score': '0.612760', 'ticker_sentiment_score': '0.233599', 'ticker_sentiment_label': 'Somewhat-Bullish'}, {'ticker': 'V', 'relevance_score': '0.600699', 'ticker_sentiment_score': '0.312433', 'ticker_sentiment_label': 'Somewhat-Bullish'}]"
Mountain View self-driving trucking company Aurora Innovation expanding in Dallas area,https://www.bizjournals.com/sanjose/news/2021/05/28/aurora-expanding-dallas.html,20210528T220532,['Brian Womack'],"Aurora Innovation, a self-driving trucking company backed by Amazon and Hyundai, is expanding its operations in the Dallas area to accommodate its growing workforce. This expansion comes less than a year after the company announced its intention to test its self-driving technology in Texas. Aurora Innovation's CEO, Chris Urmson, previously led Google's self-driving car unit.",https://media.bizj.us/view/img/11938560/aurora-innovation-ceo-chris-urmson*900xx3600-2025-0-188.jpg,The Business Journals,General,The Business Journals,"[{'topic': 'technology', 'relevance_score': '0.811929'}, {'topic': 'energy_transportation', 'relevance_score': '0.722882'}]",0.331814,Somewhat-Bullish,"[{'ticker': 'AUR', 'relevance_score': '1.000000', 'ticker_sentiment_score': '0.410740', 'ticker_sentiment_label': 'Bullish'}, {'ticker': 'AMZN', 'relevance_score': '0.603972', 'ticker_sentiment_score': '0.319580', 'ticker_sentiment_label': 'Somewhat-Bullish'}, {'ticker': 'GOOG', 'relevance_score': '0.614262', 'ticker_sentiment_score': '0.301805', 'ticker_sentiment_label': 'Somewhat-Bullish'}, {'ticker': 'GOOGL', 'relevance_score': '0.627938', 'ticker_sentiment_score': '0.312302', 'ticker_sentiment_label': 'Somewhat-Bullish'}]"
How Nvidia plans to own the data center with AI,https://siliconangle.com/2021/05/29/nvidia-plans-data-center-ai/,20210529T143700,['Dave Vellante with David Floyer'],"Nvidia aims to revolutionize enterprise computing by making data centers run 10 times faster at one-tenth the cost, leveraging its strong position in AI architectures. The company plans to disrupt Intel's x86 dominance through Arm-based architectures, integrated chip designs, and a compelling software consumption model. The article highlights Nvidia's strategic moves, financial standing, and the potential impact of its proposed acquisition of Arm Ltd. on the data center market.",,SiliconANGLE,General,SiliconANGLE,"[{'topic': 'mergers_and_acquisitions', 'relevance_score': '0.821310'}, {'topic': 'technology', 'relevance_score': '1.000000'}]",0.158789,Somewhat-Bullish,"[{'ticker': 'NVDA', 'relevance_score': '1.000000', 'ticker_sentiment_score': '0.474006', 'ticker_sentiment_label': 'Bullish'}, {'ticker': 'INTC', 'relevance_score': '0.882353', 'ticker_sentiment_score': '-0.341532', 'ticker_sentiment_label': 'Somewhat-Bearish'}, {'ticker': 'QCOM', 'relevance_score': '0.637665', 'ticker_sentiment_score': '0.124460', 'ticker_sentiment_label': 'Neutral'}, {'ticker': 'AVGO', 'relevance_score': '0.631961', 'ticker_sentiment_score': '0.145296', 'ticker_sentiment_label': 'Neutral'}, {'ticker': 'AMZN', 'relevance_score': '0.595812', 'ticker_sentiment_score': '0.200310', 'ticker_sentiment_label': 'Somewhat-Bullish'}]"
Everything to know about the Huntington Shopping Center renovation plans,https://greaterlongisland.com/everything-to-know-about-the-huntington-shopping-center-renovation-plans/,20210529T221856,['Nicholas Grasso'],"The Huntington Shopping Center is set for a $40 million renovation, which will see much of the existing structure demolished to make way for a new building anchored by a Whole Foods grocery store. The plans include significant landscaping updates, new facades, wider sidewalks, and two potential standalone buildings for restaurants or high-end retail, despite an overall 22% reduction in retail space. While the architectural renderings have been approved, the site plan is still awaiting final approval, and the future of existing tenants remains uncertain, though Nordstrom Rack is confirmed to close.",,Greater Long Island,General,Greater Long Island,"[{'topic': 'real_estate', 'relevance_score': '1.000000'}, {'topic': 'retail_wholesale', 'relevance_score': '0.800864'}]",0.160716,Somewhat-Bullish,"[{'ticker': 'FRT-P-C', 'relevance_score': '0.322329', 'ticker_sentiment_score': '0.049809', 'ticker_sentiment_label': 'Neutral'}, {'ticker': 'FRT', 'relevance_score': '1.000000', 'ticker_sentiment_score': '0.435909', 'ticker_sentiment_label': 'Bullish'}, {'ticker': 'ULTA', 'relevance_score': '0.639877', 'ticker_sentiment_score': '0.123424', 'ticker_sentiment_label': 'Neutral'}, {'ticker': 'AMZN', 'relevance_score': '0.625976', 'ticker_sentiment_score': '0.145838', 'ticker_sentiment_label': 'Neutral'}]"
Fifth Third Bank warns of text scams about online banking,https://www.cincinnati.com/story/news/2021/05/31/fifth-third-bank-warns-text-scams/5279343001/,20210531T201634,['Cameron Knight'],"Fifth Third Bank is warning customers about text message scams claiming a ""temporary hold"" has been placed on their online banking accounts. These texts are fraudulent, and the bank advises caution against clicking links or sharing personal information. Customers should be suspicious of urgent requests for account numbers or Social Security numbers and can call Fifth Third directly if unsure about a message's legitimacy.",,Cincinnati Enquirer,General,Cincinnati Enquirer,"[{'topic': 'finance', 'relevance_score': '0.844492'}]",0.01728,Neutral,"[{'ticker': 'FITB', 'relevance_score': '0.980239', 'ticker_sentiment_score': '-0.126733', 'ticker_sentiment_label': 'Neutral'}, {'ticker': 'AMZN', 'relevance_score': '0.611011', 'ticker_sentiment_score': '0.123726', 'ticker_sentiment_label': 'Neutral'}]"
"Grab, GoTo, and Sea: Who Has the Formula For Superapp Supremacy in Southeast Asia?",https://www.entrepreneur.com/en-au/technology/grab-goto-and-sea-who-has-the-formula-for-superapp/373249,20210531T224017,['Vinnie Lauria'],"This article analyzes the three-way battle for superapp supremacy in Southeast Asia between Grab, GoTo, and Sea Limited. It profiles each company, highlighting their strengths and weaknesses, and scores them across five strategic areas: ridesharing and food delivery, entertainment, ecommerce, payment apps, and founder/CEO leadership. The author concludes that while the race appears even, each company has distinct advantages, with Grab strong in payments and regional expansion, Sea in entertainment and e-commerce, and GoTo's strength lying in Indonesia.",https://assets.entrepreneur.com/images/misc/1622452550_Screenshot_31.jpg,Entrepreneur,General,Entrepreneur,"[{'topic': 'ipo', 'relevance_score': '0.907787'}, {'topic': 'mergers_and_acquisitions', 'relevance_score': '0.810398'}, {'topic': 'technology', 'relevance_score': '1.000000'}, {'topic': 'retail_wholesale', 'relevance_score': '0.740349'}, {'topic': 'finance', 'relevance_score': '0.620218'}]",0.075455,Neutral,"[{'ticker': 'SE', 'relevance_score': '1.000000', 'ticker_sentiment_score': '0.000853', 'ticker_sentiment_label': 'Neutral'}, {'ticker': 'AMZN', 'relevance_score': '0.646424', 'ticker_sentiment_score': '0.136328', 'ticker_sentiment_label': 'Neutral'}]"
