title,url,time_published,authors,summary,banner_image,source,category_within_source,source_domain,topics,overall_sentiment_score,overall_sentiment_label,ticker_sentiment
"Amazon workers in New York City vote to unionize, a first for the company",https://www.pbs.org/newshour/politics/labor-groups-move-closer-to-recognition-for-amazon-unionization-efforts,20220401T105100,"['Haleluya Hadero', ""Anne D'Innocenzio""]","Amazon workers in Staten Island, New York, have successfully voted to unionize, marking the first time a U.S. organizing effort has succeeded at the retail giant. The independent Amazon Labor Union (ALU), comprised of current and former workers, achieved this unexpected victory despite lacking official backing from established unions. This win signals a potential ""tipping point"" for the labor movement, with organizers hoping it emboldens workers at other Amazon facilities to pursue unionization.",https://d3i6fh83elv35t.cloudfront.net/static/2022/04/2022-03-31T231034Z_949278472_RC2WDT9V5CJ9_RTRMADP_3_AMAZON-COM-LABOR-1024x700.jpg,PBS,General,PBS,"[{'topic': 'retail_wholesale', 'relevance_score': '0.932486'}, {'topic': 'economy_macro', 'relevance_score': '0.732520'}]",-0.229328,Somewhat-Bearish,"[{'ticker': 'AMZN', 'relevance_score': '1.000000', 'ticker_sentiment_score': '-0.203200', 'ticker_sentiment_label': 'Somewhat-Bearish'}]"
Amazon workers in Alabama have to wait longer to find out if they won a union,https://fortune.com/2022/04/01/amazon-union-vote-in-bessemer-remains-in-limbo/,20220401T123145,['Colin Lodewick'],"The outcome of the second union election at Amazon's Bessemer, Alabama warehouse remains uncertain as the National Labor Relations Board tabulates votes amidst challenged ballots from both parties. While current results show more ""no"" votes than ""yes,"" a significant number of challenged ballots could still alter the final decision. The low voter turnout is attributed by union supporters to Amazon's anti-union campaign, while Amazon maintains its informational sessions are educational.",https://fortune.com/img-assets/wp-content/uploads/2022/04/GettyImages-1232003507.jpg?format=webp&w=1440&q=100,Fortune,General,Fortune,"[{'topic': 'retail_wholesale', 'relevance_score': '0.802890'}]",-0.239075,Somewhat-Bearish,"[{'ticker': 'AMZN', 'relevance_score': '1.000000', 'ticker_sentiment_score': '-0.313715', 'ticker_sentiment_label': 'Somewhat-Bearish'}, {'ticker': 'SBUX', 'relevance_score': '0.640836', 'ticker_sentiment_score': '-0.138993', 'ticker_sentiment_label': 'Neutral'}]"
Amazon Warehouse May Make Rock Springs its Home,https://www.sweetwaternow.com/amazon-warehouse-may-make-rock-springs-its-home/,20220401T124941,['Stephanie Thompson'],"Amazon officials reportedly announced plans to locate a warehouse in Sweetwater County, specifically in Rock Springs, considering the former Halliburton property. Sweetwater County officials expressed excitement about the potential economic boost and job creation. However, the article ends with an ""APRIL FOOLS!"" revelation, indicating the news was a prank.",https://sweetwaternow.nyc3.cdn.digitaloceanspaces.com/wp-content/uploads/2022/03/HalliburtonWarehouse-1024x538.jpg,SweetwaterNOW,General,SweetwaterNOW,"[{'topic': 'retail_wholesale', 'relevance_score': '0.824889'}, {'topic': 'manufacturing', 'relevance_score': '0.701810'}, {'topic': 'real_estate', 'relevance_score': '0.743139'}, {'topic': 'economy_macro', 'relevance_score': '0.617978'}]",0.007883,Neutral,"[{'ticker': 'HAL', 'relevance_score': '0.811736', 'ticker_sentiment_score': '-0.118851', 'ticker_sentiment_label': 'Neutral'}, {'ticker': 'AMZN', 'relevance_score': '0.924083', 'ticker_sentiment_score': '0.110219', 'ticker_sentiment_label': 'Neutral'}]"
"For kidney transplant recipients, a more accurate and tailored care plan",https://www.illumina.com/company/news-center/feature-articles/for-kidney-transplant-recipients-more-accurate-care-plan.html,20220401T125212,[],"Verici Dx, an immunodiagnostics company, is using AI-driven RNA signatures and Illumina Connected Analytics (ICA) to develop a more accurate and personalized approach to kidney transplant care. Their technology aims to predict the risk of transplant rejection, potentially reducing the need for invasive biopsies and optimizing immunosuppressant regimens. This initiative leverages data from ""The GoCAR study"" and uses Illumina's NextSeq 2000 for transcriptomic analysis.",https://assets.illumina.com/content/dam/illumina-marketing/images/company/featured-articles-v2/saraandpattiverici.png,Illumina,General,Illumina,"[{'topic': 'life_sciences', 'relevance_score': '0.947196'}, {'topic': 'technology', 'relevance_score': '0.842921'}]",0.343626,Somewhat-Bullish,"[{'ticker': 'ILMN', 'relevance_score': '1.000000', 'ticker_sentiment_score': '0.431430', 'ticker_sentiment_label': 'Bullish'}, {'ticker': 'AMZN', 'relevance_score': '0.600403', 'ticker_sentiment_score': '0.233638', 'ticker_sentiment_label': 'Somewhat-Bullish'}]"
"Palo Alto Networks Unveils Cloud NGFW for AWS, a Managed Firewall Service for AWS",https://futurumgroup.com/insights/palo-alto-networks-unveils-cloud-ngfw-for-aws-a-managed-firewall-service-for-aws/,20220401T130244,['Shelly Kramer'],"Palo Alto Networks has launched Cloud NGFW for AWS, a managed firewall service designed to simplify securing AWS deployments. This new offering aims to relieve AWS customers of managing cloud network security infrastructure, a significant benefit given the high demand for tech talent and the increase in cyber incidents. The service provides advanced threat protection capabilities, including stopping known vulnerabilities, malware, and zero-day web threats, while also offering automation for workflows.",https://futurumgroup.com/wp-content/uploads/2022/04/Palo-Alto-Networks-Unveils-Cloud-NGFW-for-AWS-a-Managed-Firewall-Service-for-AWS.jpg,The Futurum Group,General,The Futurum Group,"[{'topic': 'technology', 'relevance_score': '0.914245'}]",0.383474,Bullish,"[{'ticker': 'PANW', 'relevance_score': '1.000000', 'ticker_sentiment_score': '0.417040', 'ticker_sentiment_label': 'Bullish'}, {'ticker': 'AMZN', 'relevance_score': '0.715290', 'ticker_sentiment_score': '0.315607', 'ticker_sentiment_label': 'Somewhat-Bullish'}]"
"CEO Pay Comparisons: Amazon’s Easily Outstrips Macy’s, Urban",https://wwd.com/fashion-news/fashion-scoops/amazon-andy-jassy-macys-jeff-gennette-ceo-pay-urban-1235148656/,20220401T184700,['Evan Clark'],"Amazon CEO Andy Jassy's compensation for 2021 was an ""epic"" $212.7 million, primarily from stock awards, significantly dwarfing the pay of Macy's CEO Jeff Gennette ($12.3 million) and Urban Outfitters CEO Richard Hayne ($1 salary plus bonuses). This stark difference in CEO pay is highlighted as a measure of corporate power, with Jassy's package being notably large for a new CEO and coinciding with a warehouse unionization vote. Meanwhile, Amazon founder Jeff Bezos received a modest salary but significant security costs.",https://wwd.com/wp-content/uploads/2021/07/Andy-Jassy.jpeg?crop=21px%2C162px%2C2811px%2C1576px&resize=1000%2C563,WWD,General,WWD,"[{'topic': 'earnings', 'relevance_score': '0.918179'}, {'topic': 'retail_wholesale', 'relevance_score': '0.816811'}, {'topic': 'finance', 'relevance_score': '0.604207'}]",0.106541,Neutral,"[{'ticker': 'URBN', 'relevance_score': '0.938514', 'ticker_sentiment_score': '-0.139226', 'ticker_sentiment_label': 'Neutral'}, {'ticker': 'AMZN', 'relevance_score': '0.914521', 'ticker_sentiment_score': '0.222376', 'ticker_sentiment_label': 'Somewhat-Bullish'}, {'ticker': 'WMT', 'relevance_score': '0.623353', 'ticker_sentiment_score': '0.134590', 'ticker_sentiment_label': 'Neutral'}]"
Big victory at Amazon gives unions promise - but no end to challenges,https://www.reuters.com/business/big-victory-amazon-gives-unions-promise-no-end-challenges-2022-04-02/,20220402T120200,"['Jeffrey Dastin', 'Danielle Kaye', 'Julia Love']","Amazon workers in New York achieved a historic victory by voting to unionize their Staten Island warehouse, marking the first-ever U.S. union at the company. This win against the nation's second-largest private employer has inspired labor groups, showing that organizing Amazon is possible despite the company's significant anti-union resources. However, challenges remain as Amazon may object to the vote, and securing a contract will be another difficult hurdle for the newly formed Amazon Labor Union.",https://www.reuters.com/resizer/v2/E5UP4KNNTRKW3EFLQDEOBBBXJU.jpg?auth=f568f4b14fb88282505843b3a42ead20db257784a0e31a7b35e2e5f4d5356d33&width=1080&quality=80,Reuters,General,Reuters,"[{'topic': 'retail_wholesale', 'relevance_score': '0.840197'}, {'topic': 'finance', 'relevance_score': '0.600402'}]",-0.218196,Somewhat-Bearish,"[{'ticker': 'AMZN', 'relevance_score': '1.000000', 'ticker_sentiment_score': '-0.300507', 'ticker_sentiment_label': 'Somewhat-Bearish'}, {'ticker': 'SBUX', 'relevance_score': '0.870308', 'ticker_sentiment_score': '-0.145472', 'ticker_sentiment_label': 'Neutral'}]"
New York warehouse workers vote to form first U.S. union at Amazon,https://www.reuters.com/legal/transactional/amazons-ny-union-vote-count-continues-labor-leads-2022-04-01/,20220402T121600,['Doyinsola Oladipo and Nivedita Balu'],"Workers at an Amazon warehouse in Staten Island, New York, successfully voted to form the first union at the company in the United States. The Amazon Labor Union (ALU) secured a majority vote, marking a significant victory for organized labor and labor advocates. Amazon expressed disappointment with the outcome and is evaluating options, including filing objections, while the White House praised the workers' free and fair choice to unionize.",https://www.reuters.com/resizer/v2/DZV4DMTTXZMCJE5G7VER34AKSY.jpg?auth=753b8a80b9b32a6bae7d02fbd531aef7bed02ab67cb78e94fca78e7c055d6eba&width=1080&quality=80,Reuters,General,Reuters,"[{'topic': 'retail_wholesale', 'relevance_score': '0.826639'}, {'topic': 'economy_macro', 'relevance_score': '0.722325'}]",-0.098417,Neutral,"[{'ticker': 'AMZN', 'relevance_score': '1.000000', 'ticker_sentiment_score': '-0.201229', 'ticker_sentiment_label': 'Somewhat-Bearish'}, {'ticker': 'SBUX', 'relevance_score': '0.627486', 'ticker_sentiment_score': '0.139304', 'ticker_sentiment_label': 'Neutral'}, {'ticker': 'WMT', 'relevance_score': '0.645478', 'ticker_sentiment_score': '-0.106499', 'ticker_sentiment_label': 'Neutral'}]"
AOC cheers flagship NYC Starbucks store voting to unionize: 'Another huge victory',https://www.foxbusiness.com/politics/aoc-flagship-nyc-starbucks-store-votes-unionize,20220402T125900,['Timothy Nerozzi'],"Representative Alexandria Ocasio-Cortez celebrated the unionization vote of Starbucks employees at the Reserve Roastery in Manhattan's Chelsea Market. Workers voted 46-36 to join Starbucks Workers United, marking the first flagship Starbucks store to unionize and adding to a growing labor movement within the company. This follows a similar successful unionization effort at an Amazon facility in Staten Island on the same day.",https://cf-images.us-east-1.prod.boltdns.net/v1/static/854081161001/88eee0fc-f633-4272-a2de-42a11e24d171/67da49fa-7014-4f92-80ac-8c6ddd1c52e8/1280x720/match/image.jpg,Fox Business,General,Fox Business,"[{'topic': 'retail_wholesale', 'relevance_score': '0.906034'}, {'topic': 'economy_macro', 'relevance_score': '0.734623'}]",0.148982,Neutral,"[{'ticker': 'SBUX', 'relevance_score': '1.000000', 'ticker_sentiment_score': '0.124220', 'ticker_sentiment_label': 'Neutral'}, {'ticker': 'AMZN', 'relevance_score': '0.638694', 'ticker_sentiment_score': '0.140402', 'ticker_sentiment_label': 'Neutral'}]"
Internet of Things Market Size [2022-2029] Worth USD 2465.26 Billion | Exhibiting a CAGR of 26.4%,https://www.globenewswire.com/news-release/2022/04/04/2415728/0/en/Internet-of-Things-Market-Size-2022-2029-Worth-USD-2465-26-Billion-Exhibiting-a-CAGR-of-26-4.html,20220404T082300,[],"The global Internet of Things (IoT) market is projected to reach USD 2,465.26 billion by 2029, growing at a CAGR of 26.4% from USD 384.70 billion in 2021. This growth is driven by the increasing penetration of smart cities, deployment of vehicle solutions, and strong demand from the healthcare sector. Key players like Amazon Web Services, Intel, and Microsoft are focusing on product rollouts and technological advancements.",,GlobeNewswire,General,GlobeNewswire,"[{'topic': 'technology', 'relevance_score': '1.000000'}, {'topic': 'financial_markets', 'relevance_score': '0.816064'}, {'topic': 'economy_macro', 'relevance_score': '0.749619'}, {'topic': 'mergers_and_acquisitions', 'relevance_score': '0.620877'}, {'topic': 'finance', 'relevance_score': '0.601120'}]",0.339599,Somewhat-Bullish,"[{'ticker': 'PTC', 'relevance_score': '0.818621', 'ticker_sentiment_score': '0.313619', 'ticker_sentiment_label': 'Somewhat-Bullish'}, {'ticker': 'AMZN', 'relevance_score': '0.737726', 'ticker_sentiment_score': '0.328351', 'ticker_sentiment_label': 'Somewhat-Bullish'}, {'ticker': 'INTC', 'relevance_score': '0.712352', 'ticker_sentiment_score': '0.348064', 'ticker_sentiment_label': 'Somewhat-Bullish'}, {'ticker': 'MSFT', 'relevance_score': '0.745239', 'ticker_sentiment_score': '0.331678', 'ticker_sentiment_label': 'Somewhat-Bullish'}, {'ticker': 'IBM', 'relevance_score': '0.649313', 'ticker_sentiment_score': '0.297275', 'ticker_sentiment_label': 'Somewhat-Bullish'}]"
AMD to buy cloud startup Pensando for $1.9 billion in data center push,https://www.reuters.com/technology/amd-buy-cloud-startup-pensando-19-bln-data-center-push-2022-04-04/,20220404T092000,['Reuters'],"Advanced Micro Devices (AMD) announced its acquisition of cloud startup Pensando for $1.9 billion, excluding working capital adjustments, to strengthen its data center offerings. Pensando, founded by former Cisco engineers, provides a programmable processor and software platform used by clients like Goldman Sachs and Microsoft's Azure. This strategic move aims to boost AMD's competitiveness in the rapidly expanding data center chip market against rivals like Intel and Nvidia.",https://www.reuters.com/resizer/v2/WX2VOQNZ6ZJQTFOQMKE234SVEM.jpg?auth=02b0a33f976e74455153dfd9eee183b289356c9277e6525c3555ac97649129e9&width=1920&quality=80,Reuters,General,Reuters,"[{'topic': 'mergers_and_acquisitions', 'relevance_score': '1.000000'}, {'topic': 'technology', 'relevance_score': '0.908044'}]",0.202226,Somewhat-Bullish,"[{'ticker': 'AMD', 'relevance_score': '1.000000', 'ticker_sentiment_score': '0.445474', 'ticker_sentiment_label': 'Bullish'}, {'ticker': 'CSCO', 'relevance_score': '0.734646', 'ticker_sentiment_score': '0.113343', 'ticker_sentiment_label': 'Neutral'}, {'ticker': 'GS', 'relevance_score': '0.649882', 'ticker_sentiment_score': '0.133501', 'ticker_sentiment_label': 'Neutral'}, {'ticker': 'MSFT', 'relevance_score': '0.613950', 'ticker_sentiment_score': '0.136988', 'ticker_sentiment_label': 'Neutral'}, {'ticker': 'AMZN', 'relevance_score': '0.646482', 'ticker_sentiment_score': '0.100743', 'ticker_sentiment_label': 'Neutral'}]"
Corsair One i300 review,https://www.techradar.com/reviews/corsair-one-i300,20220404T123948,['Matt Hanson'],"The Corsair One i300 is a compact and stylish small form factor gaming PC that offers extremely high-end performance with components like the Intel Core i9-12900K and Nvidia GeForce RTX 3080 Ti. While it excels in performance for 4K gaming and also serves as a powerful workstation for content creators, its major drawbacks are its exorbitant price tag ($4,999 / £4,399) and limited upgradeability due to its small chassis. The review concludes that while it's a top-tier machine for those who can afford it and don't plan on tinkering, it's overkill and too expensive for most casual gamers.",https://cdn.mos.cms.futurecdn.net/rzxyARAAyAbiWLpn4RRQjQ.jpg,TechRadar,General,TechRadar,"[{'topic': 'technology', 'relevance_score': '1.000000'}]",0.275429,Somewhat-Bullish,"[{'ticker': 'CRSR', 'relevance_score': '1.000000', 'ticker_sentiment_score': '0.431902', 'ticker_sentiment_label': 'Bullish'}, {'ticker': 'INTC', 'relevance_score': '0.712354', 'ticker_sentiment_score': '0.337834', 'ticker_sentiment_label': 'Somewhat-Bullish'}, {'ticker': 'NVDA', 'relevance_score': '0.737926', 'ticker_sentiment_score': '0.307725', 'ticker_sentiment_label': 'Somewhat-Bullish'}, {'ticker': 'AMZN', 'relevance_score': '0.568221', 'ticker_sentiment_score': '0.141752', 'ticker_sentiment_label': 'Neutral'}, {'ticker': 'WMT', 'relevance_score': '0.596747', 'ticker_sentiment_score': '0.106403', 'ticker_sentiment_label': 'Neutral'}]"
"AMD-Pensando Buy: From AWS Rivalry To Cisco, HPE Links—5 Things To Know",https://www.crn.com/news/components-peripherals/amd-pensando-buy-from-aws-rivalry-to-cisco-hpe-links-5-things-to-know,20220404T123954,[],"AMD is acquiring edge computing startup Pensando for $1.9 billion to enhance its data center offerings and expand its capabilities for cloud, enterprise, and edge customers. Pensando, known for its programmable processor and software stack, boasts a strong market presence, including partnerships with HPE and Oracle, and aims to challenge AWS's cloud technology. This acquisition is expected to accelerate innovation in distributed services and solidify AMD's position in the next generation of data center infrastructure.",,CRN,General,CRN,"[{'topic': 'mergers_and_acquisitions', 'relevance_score': '0.908973'}, {'topic': 'technology', 'relevance_score': '0.801467'}]",0.161867,Somewhat-Bullish,"[{'ticker': 'CSCO', 'relevance_score': '0.864835', 'ticker_sentiment_score': '0.123540', 'ticker_sentiment_label': 'Neutral'}, {'ticker': 'AMD', 'relevance_score': '1.000000', 'ticker_sentiment_score': '0.443235', 'ticker_sentiment_label': 'Bullish'}, {'ticker': 'HPE', 'relevance_score': '0.947376', 'ticker_sentiment_score': '0.346766', 'ticker_sentiment_label': 'Somewhat-Bullish'}, {'ticker': 'AMZN', 'relevance_score': '0.610386', 'ticker_sentiment_score': '-0.235874', 'ticker_sentiment_label': 'Somewhat-Bearish'}, {'ticker': 'ORCL', 'relevance_score': '0.589472', 'ticker_sentiment_score': '0.101003', 'ticker_sentiment_label': 'Neutral'}]"
Why Big Companies Like Tesla and Amazon Are Splitting Stocks,https://money.howstuffworks.com/stock-split.htm,20220404T124844,['Dave Roos'],"This article explains what a stock split is and why major companies like Tesla, Amazon, and Alphabet execute them. It delves into the financial and psychological reasons behind stock splits, such as making shares more accessible to a wider range of investors and signaling positive future performance, despite the total market capitalization remaining unchanged. The piece also discusses the impact of stock splits on retail investors and highlights the strong post-split performance of such stocks.",https://media.hswstatic.com/eyJidWNrZXQiOiJjb250ZW50Lmhzd3N0YXRpYy5jb20iLCJrZXkiOiJnaWZcL3N0b2NrLXNwbGl0LmpwZyIsImVkaXRzIjp7InJlc2l6ZSI6eyJ3aWR0aCI6ODI4fX19,HowStuffWorks,General,HowStuffWorks,"[{'topic': 'financial_markets', 'relevance_score': '0.929184'}, {'topic': 'finance', 'relevance_score': '0.812277'}]",0.347728,Somewhat-Bullish,"[{'ticker': 'GOOGL', 'relevance_score': '0.855069', 'ticker_sentiment_score': '0.326479', 'ticker_sentiment_label': 'Somewhat-Bullish'}, {'ticker': 'AMZN', 'relevance_score': '0.930323', 'ticker_sentiment_score': '0.323023', 'ticker_sentiment_label': 'Somewhat-Bullish'}, {'ticker': 'TSLA', 'relevance_score': '0.944403', 'ticker_sentiment_score': '0.321056', 'ticker_sentiment_label': 'Somewhat-Bullish'}, {'ticker': 'AAPL', 'relevance_score': '0.750471', 'ticker_sentiment_score': '0.330510', 'ticker_sentiment_label': 'Somewhat-Bullish'}]"
Investing in esports in the context of recent events,https://www.grantthornton.cz/en/news/investing-in-esports-in-the-context-of-recent-events/,20220405T000000,['Jan Havelka'],"This article discusses the growth of esports, significant investment it has received, and current challenges due to global events like the COVID-19 pandemic and the Russia-Ukraine conflict. It identifies investment opportunities in publicly traded tech companies, specialized esports firms, and esports-focused ETFs, while also raising questions about future growth amidst potential new pandemics and the integration of NFTs.",,Grant Thornton,General,Grant Thornton,"[{'topic': 'financial_markets', 'relevance_score': '0.836876'}, {'topic': 'technology', 'relevance_score': '0.732541'}]",0.281167,Somewhat-Bullish,"[{'ticker': 'NERD', 'relevance_score': '1.000000', 'ticker_sentiment_score': '0.223135', 'ticker_sentiment_label': 'Somewhat-Bullish'}, {'ticker': 'AMZN', 'relevance_score': '0.739958', 'ticker_sentiment_score': '0.337364', 'ticker_sentiment_label': 'Somewhat-Bullish'}, {'ticker': 'MSFT', 'relevance_score': '0.641598', 'ticker_sentiment_score': '0.334174', 'ticker_sentiment_label': 'Somewhat-Bullish'}, {'ticker': 'NVDA', 'relevance_score': '0.615799', 'ticker_sentiment_score': '0.303445', 'ticker_sentiment_label': 'Somewhat-Bullish'}]"
Oculus VisionTech Launches in AWS Marketplace,https://investingnews.com/oculus-visiontech-launches-in-aws-marketplace/,20220405T123943,['Investing News Network'],"Oculus VisionTech Inc., through its subsidiary ComplyTrust Inc., has launched its Forget-Me-Yes® (FMY) data privacy solution in AWS Marketplace. This makes it easier for companies worldwide to achieve compliance with various data privacy regulations like CCPA, GDPR, and LGPD, particularly for right-of-deletion requests for Salesforce.org data. The cloud-native FMY platform offers a cost-effective, scalable, and secure way to manage data subject access requests through a monthly subscription.",https://investingnews.com/media-library/image.png?id=27864890&width=1200&height=801,Investing News Network,General,Investing News Network,"[{'topic': 'technology', 'relevance_score': '1.000000'}]",0.330584,Somewhat-Bullish,"[{'ticker': 'CRM', 'relevance_score': '0.729830', 'ticker_sentiment_score': '0.333922', 'ticker_sentiment_label': 'Somewhat-Bullish'}, {'ticker': 'AMZN', 'relevance_score': '0.917246', 'ticker_sentiment_score': '0.321206', 'ticker_sentiment_label': 'Somewhat-Bullish'}, {'ticker': 'MSFT', 'relevance_score': '0.621367', 'ticker_sentiment_score': '0.296717', 'ticker_sentiment_label': 'Somewhat-Bullish'}]"
"2 Years Later, FDG and FLV are Soaring",https://etfdb.com/core-strategies-content-hub/2-years-later-fdg-and-flv-are-soaring/,20220405T143854,['James Comtois'],"The American Century Focused Dynamic Growth ETF (FDG) and the American Century Focused Large Cap Value ETF (FLV), two active, semi-transparent ETFs, have seen significant growth two years after their launch. Since their inception on March 31, 2020, FDG and FLV have risen by 88.65% and 56.7% respectively, attracting a combined $296.4 million in net investor capital. FDG focuses on rapid-growth companies, while FLV targets value stocks to achieve long-term returns with minimized volatility.",https://etfdb.com/media/W1siZiIsIjIwMjYvMDQvMTcvOXRoa284MWhlal9Db3JlX1N0cmF0ZWdpZXNfQUNJX21hc3RoZWFkX292ZXJsYXlfbHRfMTYwMHgxMjEucG5nIl1d/Core_Strategies_ACI_masthead_overlay_lt_1600x121.png,ETF Database,General,ETF Database,"[{'topic': 'financial_markets', 'relevance_score': '0.915436'}, {'topic': 'finance', 'relevance_score': '0.841339'}, {'topic': 'technology', 'relevance_score': '0.613135'}]",0.382685,Bullish,"[{'ticker': 'FLV', 'relevance_score': '1.000000', 'ticker_sentiment_score': '0.499327', 'ticker_sentiment_label': 'Bullish'}, {'ticker': 'TSLA', 'relevance_score': '0.605935', 'ticker_sentiment_score': '0.349162', 'ticker_sentiment_label': 'Somewhat-Bullish'}, {'ticker': 'AMZN', 'relevance_score': '0.599245', 'ticker_sentiment_score': '0.336077', 'ticker_sentiment_label': 'Somewhat-Bullish'}]"
WarnerMedia’s CEO departs in advance of Discovery merger,https://www.aljazeera.com/economy/2022/4/5/warnermedias-ceo-departs-ahead-of-discovery-merger,20220405T184647,['Gerry Smith and Bloomberg'],"Jason Kilar is stepping down as CEO of WarnerMedia just days before its merger with Discovery Inc. to form a new media company. His departure paves the way for Discovery CEO David Zaslav to build his own management team at the combined entity. Kilar, who oversaw the launch of HBO Max and made controversial decisions regarding film distribution during the pandemic, expressed pride in his achievements in transforming WarnerMedia into a direct-to-consumer global company.",,Al Jazeera,General,Al Jazeera,"[{'topic': 'mergers_and_acquisitions', 'relevance_score': '0.934092'}, {'topic': 'technology', 'relevance_score': '0.645244'}]",-0.058653,Neutral,"[{'ticker': 'T', 'relevance_score': '0.922210', 'ticker_sentiment_score': '0.013711', 'ticker_sentiment_label': 'Neutral'}, {'ticker': 'WBD', 'relevance_score': '1.000000', 'ticker_sentiment_score': '0.114699', 'ticker_sentiment_label': 'Neutral'}, {'ticker': 'DIS', 'relevance_score': '0.710615', 'ticker_sentiment_score': '-0.122414', 'ticker_sentiment_label': 'Neutral'}, {'ticker': 'NFLX', 'relevance_score': '0.704495', 'ticker_sentiment_score': '-0.106060', 'ticker_sentiment_label': 'Neutral'}, {'ticker': 'AMZN', 'relevance_score': '0.607769', 'ticker_sentiment_score': '0.028773', 'ticker_sentiment_label': 'Neutral'}]"
Global Video Streaming Market to Boost in Coming Years –,https://www.globenewswire.com/news-release/2022/04/06/2417797/0/en/Global-Video-Streaming-Market-to-Boost-in-Coming-Years-Projected-to-Reach-worth-USD-213-1-Billion-in-2028-B-lueWeave-Consulting.html,20220406T110000,['BlueWeave Consulting and Research Pvt Ltd'],"The global video streaming market is projected to reach USD 213.1 Billion by 2028, growing from USD 60.1 Billion in 2021 at a CAGR of 19.9%. This growth is driven by technological advancements like AI and blockchain, widespread smartphone adoption, and the increasing popularity of streaming platforms, especially exacerbated by the COVID-19 pandemic. North America currently dominates the market, but the Asia-Pacific region is expected to show the highest growth rate during the forecast period.",,GlobeNewswire,General,GlobeNewswire,"[{'topic': 'technology', 'relevance_score': '0.925837'}, {'topic': 'finance', 'relevance_score': '0.639408'}]",0.51777,Bullish,"[{'ticker': 'KLTR', 'relevance_score': '0.323171', 'ticker_sentiment_score': '0.042315', 'ticker_sentiment_label': 'Neutral'}, {'ticker': 'AMZN', 'relevance_score': '0.849857', 'ticker_sentiment_score': '0.641090', 'ticker_sentiment_label': 'Bullish'}, {'ticker': 'NFLX', 'relevance_score': '0.846943', 'ticker_sentiment_score': '0.602128', 'ticker_sentiment_label': 'Bullish'}, {'ticker': 'DIS', 'relevance_score': '0.705345', 'ticker_sentiment_score': '0.610497', 'ticker_sentiment_label': 'Bullish'}, {'ticker': 'AKAM', 'relevance_score': '0.609679', 'ticker_sentiment_score': '0.591865', 'ticker_sentiment_label': 'Bullish'}]"
Uber hopes to become the Amazon of travel. Will its latest effort to take on Expedia and Booking.com succeed?,https://fortune.com/2022/04/06/uber-travel-app-booking-flights-hotels-dara-khosrowshahi/,20220406T123508,['Jacob Carpenter'],"Uber is piloting a ""super app"" strategy in the U.K., aiming to allow users to book flights, trains, and buses, with hotel bookings possibly coming next year. This move is part of CEO Dara Khosrowshahi's long-term vision to transform Uber into the ""Amazon of transportation,"" expanding beyond its core ride-sharing and food delivery services. The company plans to partner with existing travel-booking services rather than building its own platform, hoping to leverage its brand recognition and advertising power to compete with established players like Expedia and Booking.com.",https://fortune.com/img-assets/wp-content/uploads/2026/02/GettyImages-2261835380.jpg?format=webp&w=1440&q=100,Fortune,General,Fortune,"[{'topic': 'technology', 'relevance_score': '0.911706'}, {'topic': 'earnings', 'relevance_score': '0.735418'}, {'topic': 'energy_transportation', 'relevance_score': '0.732869'}]",0.254566,Somewhat-Bullish,"[{'ticker': 'BKNG', 'relevance_score': '0.905602', 'ticker_sentiment_score': '0.340229', 'ticker_sentiment_label': 'Somewhat-Bullish'}, {'ticker': 'UBER', 'relevance_score': '0.929218', 'ticker_sentiment_score': '0.265226', 'ticker_sentiment_label': 'Somewhat-Bullish'}, {'ticker': 'EXPE', 'relevance_score': '0.792573', 'ticker_sentiment_score': '0.129241', 'ticker_sentiment_label': 'Neutral'}, {'ticker': 'AMZN', 'relevance_score': '0.655866', 'ticker_sentiment_score': '0.212306', 'ticker_sentiment_label': 'Somewhat-Bullish'}]"
"Piper Sandler Completes 43rd Semi-Annual Generation Z Survey of 7,100 U.S. Teens",https://www.businesswire.com/news/home/20220406005379/en/Piper-Sandler-Completes-43rd-Semi-Annual-Generation-Z-Survey-of-7100-U.S.-Teens,20220406T180707,[],"Piper Sandler's 43rd semi-annual ""Taking Stock With Teens"" survey reveals a 9% increase in overall teen spending, with females leading in fashion and digital shopping. The survey, which gathered insights from 7,100 U.S. teens, highlights shifting brand preferences, social media usage with TikTok surpassing Snapchat, and evolving social/political concerns including Russia's invasion of Ukraine. It also details trends in beauty spending, payment methods, and interest in plant-based meats.",,Business Wire,General,Business Wire,"[{'topic': 'retail_wholesale', 'relevance_score': '0.816781'}, {'topic': 'economy_macro', 'relevance_score': '0.730312'}, {'topic': 'finance', 'relevance_score': '0.644328'}]",0.154557,Somewhat-Bullish,"[{'ticker': 'PIPR', 'relevance_score': '1.000000', 'ticker_sentiment_score': '0.281171', 'ticker_sentiment_label': 'Somewhat-Bullish'}, {'ticker': 'NKE', 'relevance_score': '0.710633', 'ticker_sentiment_score': '0.216195', 'ticker_sentiment_label': 'Somewhat-Bullish'}, {'ticker': 'LULU', 'relevance_score': '0.605068', 'ticker_sentiment_score': '0.248736', 'ticker_sentiment_label': 'Somewhat-Bullish'}, {'ticker': 'AMZN', 'relevance_score': '0.647656', 'ticker_sentiment_score': '-0.144103', 'ticker_sentiment_label': 'Neutral'}]"
"UFC, Formula 1 and WWE could be the next acquisition targets for streaming giants",https://www.cnbc.com/2022/04/07/formula-1-wwe-ufc-potential-acquisition-targets-for-streaming-services.html,20220407T114700,['Alex Sherman'],"Streaming giants like Disney and Netflix may eye sports organizations such as UFC, WWE, and Formula One as acquisition targets. Owning a league could help control rising licensing fees and provide exclusive content, making these global properties attractive despite few being available for sale. WWE, with its aging controlling shareholder, is highlighted as a particularly strong potential takeover candidate.",https://image.cnbcfm.com/api/v1/image/107041332-16490854931649085490-22395298958-1080pnbcnews.jpg?v=1649085492&w=750&h=422&vtcrop=y,CNBC,General,CNBC,"[{'topic': 'mergers_and_acquisitions', 'relevance_score': '0.942700'}, {'topic': 'financial_markets', 'relevance_score': '0.648921'}]",0.278722,Somewhat-Bullish,"[{'ticker': 'FWONA', 'relevance_score': '0.700356', 'ticker_sentiment_score': '0.296922', 'ticker_sentiment_label': 'Somewhat-Bullish'}, {'ticker': 'NFLX', 'relevance_score': '0.931215', 'ticker_sentiment_score': '0.341737', 'ticker_sentiment_label': 'Somewhat-Bullish'}, {'ticker': 'DIS', 'relevance_score': '0.863900', 'ticker_sentiment_score': '0.230638', 'ticker_sentiment_label': 'Somewhat-Bullish'}, {'ticker': 'CMCSA', 'relevance_score': '0.633480', 'ticker_sentiment_score': '0.207892', 'ticker_sentiment_label': 'Somewhat-Bullish'}, {'ticker': 'AMZN', 'relevance_score': '0.660473', 'ticker_sentiment_score': '0.237206', 'ticker_sentiment_label': 'Somewhat-Bullish'}]"
Destination XL Sees $10B Opportunity in ‘Underserved’ Big and Tall Market,https://sourcingjournal.com/topics/retail/dxl-destination-xl-group-mens-wear-ceo-harvey-kanter-peter-stratton-big-tall-338262/,20220407T124230,['Glenn Taylor'],"Destination XL Group CEO Harvey Kanter sees a significant $10 billion opportunity in the ""big and tall"" men's apparel market, which he considers underserved. The company plans to open 50 new stores, convert existing Casual Male stores to the DXL banner, and enhance its digital strategy after achieving profitability and becoming debt-free in 2021. DXL is also ending its wholesale relationship with Amazon to focus on its direct channels and capitalize on the return to formal wear and social gatherings.",https://sourcingjournal.com/wp-content/uploads/2022/04/DXLMensApparel.jpg?w=910&h=511&crop=1,Sourcing Journal,General,Sourcing Journal,"[{'topic': 'retail_wholesale', 'relevance_score': '0.911497'}, {'topic': 'earnings', 'relevance_score': '0.833277'}, {'topic': 'finance', 'relevance_score': '0.726200'}]",-0.104165,Neutral,"[{'ticker': 'DXLG', 'relevance_score': '0.344824', 'ticker_sentiment_score': '0.014267', 'ticker_sentiment_label': 'Neutral'}, {'ticker': 'AMZN', 'relevance_score': '0.607714', 'ticker_sentiment_score': '-0.193123', 'ticker_sentiment_label': 'Somewhat-Bearish'}]"
Is QQQ A Good Buy For Dividend Portfolios? Why There Are Better Choices,https://seekingalpha.com/article/4500253-qqq-good-buy-dividend-portfolios,20220407T130534,['Jonathan Weber'],"The Invesco QQQ Trust, Series 1 ETF (QQQ) has seen strong capital appreciation in recent years, largely due to factors like ultra-loose monetary policy and pandemic tailwinds. However, these factors are unlikely to persist, making QQQ less suitable for income-focused dividend portfolios. The author suggests investors might find better income opportunities by selecting individual stocks.",https://static.seekingalpha.com/cdn/s3/uploads/getty_images/1309624696/image_1309624696.jpg?io=getty-c-w750,Seeking Alpha,General,Seeking Alpha,"[{'topic': 'financial_markets', 'relevance_score': '0.901574'}, {'topic': 'economy_monetary', 'relevance_score': '0.743283'}]",0.162025,Somewhat-Bullish,"[{'ticker': 'QQQ', 'relevance_score': '1.000000', 'ticker_sentiment_score': '-0.443393', 'ticker_sentiment_label': 'Bearish'}, {'ticker': 'AAPL', 'relevance_score': '0.603136', 'ticker_sentiment_score': '0.318140', 'ticker_sentiment_label': 'Somewhat-Bullish'}, {'ticker': 'AMZN', 'relevance_score': '0.640435', 'ticker_sentiment_score': '0.310003', 'ticker_sentiment_label': 'Somewhat-Bullish'}, {'ticker': 'AVGO', 'relevance_score': '0.615240', 'ticker_sentiment_score': '0.311020', 'ticker_sentiment_label': 'Somewhat-Bullish'}, {'ticker': 'CSCO', 'relevance_score': '0.638819', 'ticker_sentiment_score': '0.320905', 'ticker_sentiment_label': 'Somewhat-Bullish'}]"
The Weekly Closeout: Dick's names ambassadors for Calia brand and Walmart sweetens perks for sellers,https://www.retaildive.com/news/the-weekly-closeout-dicks-names-ambassadors-for-calia-brand-and-walmart-s/621788/,20220408T124141,['Retail Dive Staff'],"This weekly retail closeout covers several key developments, including Dick's Sporting Goods naming new ambassadors for its Calia brand after Carrie Underwood's departure, and Walmart enhancing perks for sellers on its marketplace to attract more merchants and compete with Amazon. The article also highlights Skechers' efforts to increase board diversity and a unique partnership between Adidas and Waffle House for a golf shoe.",https://imgproxy.divecdn.com/hL1kHBhXJtetQN6cJX6c4sI3HgUc9DK75-QIScjY0vk/g:nowe:3:92/c:1917:1083/rs:fill:1200:675:1/Z3M6Ly9kaXZlc2l0ZS1zdG9yYWdlL2RpdmVpbWFnZS9pbWFnZTAwM190dVkwRFRMLmpwZw==.webp,Retail Dive,General,Retail Dive,"[{'topic': 'finance', 'relevance_score': '0.634758'}, {'topic': 'retail_wholesale', 'relevance_score': '0.933327'}, {'topic': 'ipo', 'relevance_score': '0.621184'}]",0.207447,Somewhat-Bullish,"[{'ticker': 'DKS', 'relevance_score': '1.000000', 'ticker_sentiment_score': '0.252551', 'ticker_sentiment_label': 'Somewhat-Bullish'}, {'ticker': 'WMT', 'relevance_score': '0.904029', 'ticker_sentiment_score': '0.332817', 'ticker_sentiment_label': 'Somewhat-Bullish'}, {'ticker': 'AMZN', 'relevance_score': '0.711512', 'ticker_sentiment_score': '0.146951', 'ticker_sentiment_label': 'Neutral'}, {'ticker': 'NKE', 'relevance_score': '0.610587', 'ticker_sentiment_score': '0.125892', 'ticker_sentiment_label': 'Neutral'}]"
"Data Analytics Market Size to grow by USD 196.47 Billion | 32% of the market growth will originate from APAC | 17,000+ Technavio Reports",https://www.prnewswire.com/news-releases/data-analytics-market-size-to-grow-by-usd-196-47-billion--32-of-the-market-growth-will-originate-from-apac--17-000-technavio-reports-301521031.html,20220411T051500,[],"The global data analytics market is projected to grow by USD 196.47 billion from 2021 to 2026, accelerating at a CAGR of 13.54%. The services component segment dominated the market in 2021 and will continue to do so. APAC is expected to contribute 32% of the market's growth, with China and India being key markets.",https://www.prnewswire.com/content/dam/newWidget-desktop.png,PR Newswire,General,PR Newswire,"[{'topic': 'technology', 'relevance_score': '1.000000'}]",0.333495,Somewhat-Bullish,"[{'ticker': 'IBM', 'relevance_score': '0.949534', 'ticker_sentiment_score': '0.348228', 'ticker_sentiment_label': 'Somewhat-Bullish'}, {'ticker': 'MSFT', 'relevance_score': '0.729132', 'ticker_sentiment_score': '0.325612', 'ticker_sentiment_label': 'Somewhat-Bullish'}, {'ticker': 'AMZN', 'relevance_score': '0.719400', 'ticker_sentiment_score': '0.317008', 'ticker_sentiment_label': 'Somewhat-Bullish'}, {'ticker': 'ORCL', 'relevance_score': '0.600562', 'ticker_sentiment_score': '0.261051', 'ticker_sentiment_label': 'Somewhat-Bullish'}]"
LIVEONE RECOGNIZED AS ONE OF 'THE BEST ANDROID MUSIC APPS FOR 2022' BY PC MAG,https://www.prnewswire.com/news-releases/liveone-recognized-as-one-of-the-best-android-music-apps-for-2022-by-pc-mag-301522501.html,20220411T070000,[],"LiveOne (Nasdaq: LVO) has been recognized by PC Mag as one of ""The Best Android Music Apps for 2022,"" placing it alongside major streaming services like Amazon Music and Spotify. This marks a continued validation for LiveOne, which PC Mag previously called one of the ""most complete streaming music services"" and awarded its Editors' Choice. The recognition highlights LiveOne's curated channels, smart DJ hosts, and overall slick design as key factors in its appeal.",,PR Newswire,General,PR Newswire,"[{'topic': 'technology', 'relevance_score': '0.849171'}]",0.409636,Bullish,"[{'ticker': 'LVO', 'relevance_score': '1.000000', 'ticker_sentiment_score': '0.894392', 'ticker_sentiment_label': 'Bullish'}, {'ticker': 'AMZN', 'relevance_score': '0.626566', 'ticker_sentiment_score': '0.154392', 'ticker_sentiment_label': 'Somewhat-Bullish'}, {'ticker': 'AAPL', 'relevance_score': '0.609599', 'ticker_sentiment_score': '0.155767', 'ticker_sentiment_label': 'Somewhat-Bullish'}]"
Etsy sellers strike over transaction fee hike,https://www.retaildive.com/news/etsy-sellers-strike-over-transaction-fee-hike/621885/,20220411T124412,['Daphne Howland'],"Thousands of Etsy sellers are protesting a 30% transaction fee hike by suspending their accounts and calling for a boycott. Sellers are demanding an end to the increase, greater transparency from Etsy, and stricter policies against resellers. Etsy maintains the fee increase will allow them to invest more in seller services like marketing and support.",https://imgproxy.divecdn.com/zVo3mW36UGMvPxePG5i5LbAWTkrAlmBHK07i7vlB3Eo/g:nowe:40:387/c:944:533/rs:fill:1200:675:1/Z3M6Ly9kaXZlc2l0ZS1zdG9yYWdlL2RpdmVpbWFnZS9ldHN5X3N0cmlrZTEuanBn.webp,Retail Dive,General,Retail Dive,"[{'topic': 'retail_wholesale', 'relevance_score': '0.809049'}, {'topic': 'finance', 'relevance_score': '0.731090'}, {'topic': 'economy_macro', 'relevance_score': '0.640686'}]",-0.219251,Somewhat-Bearish,"[{'ticker': 'ETSY', 'relevance_score': '1.000000', 'ticker_sentiment_score': '-0.447389', 'ticker_sentiment_label': 'Bearish'}, {'ticker': 'AMZN', 'relevance_score': '0.609407', 'ticker_sentiment_score': '-0.139472', 'ticker_sentiment_label': 'Neutral'}, {'ticker': 'SBUX', 'relevance_score': '0.602009', 'ticker_sentiment_score': '-0.113590', 'ticker_sentiment_label': 'Neutral'}]"
Identity Security Company SailPoint Acquired By Thoma Bravo -,https://www.msspalert.com/news/identity-security-company-sailpoint-acquired-by-thoma-bravo,20220411T130746,['Joe Panettieri'],"Thoma Bravo is set to acquire identity security company SailPoint Technologies for $6.9 billion, a deal that includes a ""go-shop"" period until May 16, 2022, allowing SailPoint to seek alternative bids. This acquisition highlights Thoma Bravo's growing presence in the cybersecurity market, adding another company to its portfolio which already includes Barracuda Networks, Proofpoint, and Sophos. SailPoint, which reported significant revenue growth in Q4 2021, brings its M&A experience and MSP partnerships to the private equity firm, further strengthening its market position.",https://image-optimizer.cyberriskalliance.com/unsafe/1920x0/https://files.cyberriskalliance.com/wp-content/uploads/2023/08/merger-acquisition-buyout-GettyImages-1341394451.jpg,MSSP Alert,General,MSSP Alert,"[{'topic': 'mergers_and_acquisitions', 'relevance_score': '1.000000'}, {'topic': 'technology', 'relevance_score': '0.815889'}, {'topic': 'finance', 'relevance_score': '0.600824'}]",0.235234,Somewhat-Bullish,"[{'ticker': 'SAIL', 'relevance_score': '1.000000', 'ticker_sentiment_score': '0.452701', 'ticker_sentiment_label': 'Bullish'}, {'ticker': 'MSFT', 'relevance_score': '0.614007', 'ticker_sentiment_score': '0.129341', 'ticker_sentiment_label': 'Neutral'}, {'ticker': 'AMZN', 'relevance_score': '0.602317', 'ticker_sentiment_score': '0.107259', 'ticker_sentiment_label': 'Neutral'}]"
Amazon unexpectedly renews employee monitoring debate,https://www.techtarget.com/searchhrsoftware/news/252515811/Amazon-unexpectedly-renews-employee-monitoring-debate,20220411T131348,['Patrick Thibodeau'],"Amazon's consideration of an employee monitoring tool that would block certain words and phrases like ""injustice,"" ""ethics,"" ""living wage,"" and ""robots"" on an internal messaging app has sparked renewed debate about employee monitoring. While Amazon states its intention is to screen offensive or harassing language, critics like Paul Starkman and Andrew Konya argue that such tools risk stifling employee voices and can lead to discontent, higher turnover, and a company missing crucial truths. The article suggests that alternative HR tools exist for gathering authentic employee feedback without resorting to surveillance that could harm company culture and reputation.",https://www.techtarget.com/rms/onlineimages/chatbot_g1132487500_searchsitetablet_520X173.jpg,TechTarget,General,TechTarget,"[{'topic': 'technology', 'relevance_score': '0.841325'}]",-0.129953,Neutral,"[{'ticker': 'TTGT', 'relevance_score': '0.347008', 'ticker_sentiment_score': '0.034979', 'ticker_sentiment_label': 'Neutral'}, {'ticker': 'AMZN', 'relevance_score': '1.000000', 'ticker_sentiment_score': '-0.288783', 'ticker_sentiment_label': 'Somewhat-Bearish'}, {'ticker': 'MSFT', 'relevance_score': '0.606181', 'ticker_sentiment_score': '-0.065676', 'ticker_sentiment_label': 'Neutral'}, {'ticker': 'CRM', 'relevance_score': '0.588128', 'ticker_sentiment_score': '-0.072725', 'ticker_sentiment_label': 'Neutral'}]"
These Black Women Launched An AI-Powered Beauty Tech And Secured Backing From Serena Ventures,https://peopleofcolorintech.com/front/these-black-women-launched-an-ai-powered-beauty-tech-and-have-backing-from-serena-ventures/,20220411T131847,['Abbianca Makoni'],"Parfait, an AI and facial recognition-powered beauty technology, has successfully closed a $5 million Seed funding round led by Upfront Ventures and Serena Ventures. Founded by four Black women with extensive tech backgrounds, Parfait aims to revolutionize the wig market by applying AI to solve problems like AI biases and the fragmented wig buying process for women of color. The funds will be used to enhance production and automate supply chain capabilities to provide personalized experiences for customers in the rapidly growing wig industry.",https://peopleofcolorintech.com/wp-content/uploads/2022/04/image006-1080x635.png,peopleofcolorintech.com,General,peopleofcolorintech.com,"[{'topic': 'technology', 'relevance_score': '1.000000'}, {'topic': 'retail_wholesale', 'relevance_score': '0.848638'}, {'topic': 'finance', 'relevance_score': '0.725025'}]",0.154694,Somewhat-Bullish,"[{'ticker': 'ZD', 'relevance_score': '0.327251', 'ticker_sentiment_score': '0.030460', 'ticker_sentiment_label': 'Neutral'}, {'ticker': 'MSFT', 'relevance_score': '0.630559', 'ticker_sentiment_score': '0.240402', 'ticker_sentiment_label': 'Somewhat-Bullish'}, {'ticker': 'AMZN', 'relevance_score': '0.642910', 'ticker_sentiment_score': '0.245894', 'ticker_sentiment_label': 'Somewhat-Bullish'}, {'ticker': 'GOOGL', 'relevance_score': '0.618382', 'ticker_sentiment_score': '0.209525', 'ticker_sentiment_label': 'Somewhat-Bullish'}]"
The Biggest Reveals from Bitcoin 2022,https://www.usfunds.com/resource/the-biggest-reveals-from-bitcoin-2022/,20220411T165603,['Frank Holmes'],"The Bitcoin 2022 conference in Miami highlighted the early stage of Bitcoin adoption, with comparisons drawn to the internet in 1995. Key announcements included Robinhood rolling out crypto wallets and Lightning Network integration, new jurisdictions like Prospera (Honduras) and Madeira adopting Bitcoin as legal tender, and Strike partnering with major point-of-sale systems like Shopify and McDonald's to facilitate Bitcoin payments. The article emphasizes Bitcoin's potential for mass adoption and its disruptive impact on payment processing.",,U.S. Global Investors,General,U.S. Global Investors,"[{'topic': 'blockchain', 'relevance_score': '1.000000'}, {'topic': 'financial_markets', 'relevance_score': '0.810467'}, {'topic': 'economy_macro', 'relevance_score': '0.705316'}, {'topic': 'finance', 'relevance_score': '0.615059'}, {'topic': 'technology', 'relevance_score': '0.606489'}]",0.214335,Somewhat-Bullish,"[{'ticker': 'GROW', 'relevance_score': '0.304943', 'ticker_sentiment_score': '0.015318', 'ticker_sentiment_label': 'Neutral'}, {'ticker': 'AMZN', 'relevance_score': '0.641953', 'ticker_sentiment_score': '0.302728', 'ticker_sentiment_label': 'Somewhat-Bullish'}, {'ticker': 'AAPL', 'relevance_score': '0.644081', 'ticker_sentiment_score': '0.226695', 'ticker_sentiment_label': 'Somewhat-Bullish'}, {'ticker': 'TSLA', 'relevance_score': '0.600057', 'ticker_sentiment_score': '0.220260', 'ticker_sentiment_label': 'Somewhat-Bullish'}, {'ticker': 'EBAY', 'relevance_score': '0.608957', 'ticker_sentiment_score': '0.335637', 'ticker_sentiment_label': 'Somewhat-Bullish'}]"
"New Peeps 2022 Products: ColourPop, Cold Stone Ice Cream, & More",https://www.elitedaily.com/lifestyle/peeps-2022-collab-colourpop-cold-stone-new-flavors/amp,20220412T123405,['Jillian Giandurco'],"The article highlights new Peeps products for spring 2022, including collaborations with ColourPop for makeup, Cold Stone Creamery for ice cream, and Sally Hansen for nail polish. It also introduces new Peeps flavors like coffee-flavored marshmallow chicks, Sparkly Wild Berry, and Tropical Burst, along with chocolate-dipped varieties. Additionally, Build-A-Bear offers Peeps-inspired plushes and Duncan Hines provides Peeps recipes.",,Elite Daily,General,Elite Daily,"[{'topic': 'retail_wholesale', 'relevance_score': '0.834766'}]",0.183222,Somewhat-Bullish,"[{'ticker': 'BBW', 'relevance_score': '0.937842', 'ticker_sentiment_score': '0.333637', 'ticker_sentiment_label': 'Somewhat-Bullish'}, {'ticker': 'ULTA', 'relevance_score': '0.623533', 'ticker_sentiment_score': '0.204592', 'ticker_sentiment_label': 'Somewhat-Bullish'}, {'ticker': 'AMZN', 'relevance_score': '0.638296', 'ticker_sentiment_score': '0.131929', 'ticker_sentiment_label': 'Neutral'}, {'ticker': 'TGT', 'relevance_score': '0.600634', 'ticker_sentiment_score': '0.118150', 'ticker_sentiment_label': 'Neutral'}, {'ticker': 'WMT', 'relevance_score': '0.634039', 'ticker_sentiment_score': '0.125025', 'ticker_sentiment_label': 'Neutral'}]"
LinkedIn releases 25 best places to work in Nigeria,https://businessday.ng/companies/article/linkedin-releases-25-best-places-to-work-in-nigeria/,20220412T123615,['Daniel Obi'],"LinkedIn has released its 2022 list of the 25 best places to work in Nigeria, selecting companies across various sectors, with financial services dominating the top positions. The ranking, based on unique LinkedIn data, identifies companies offering stability and opportunities for career growth by evaluating factors such as advancement, skills growth, company stability, and diversity. To be eligible, companies needed at least 500 employees, a low attrition rate, and no significant layoffs in 2021.",,Businessday NG,General,Businessday NG,"[{'topic': 'finance', 'relevance_score': '0.803541'}, {'topic': 'economy_macro', 'relevance_score': '0.642353'}]",0.170612,Somewhat-Bullish,"[{'ticker': 'BTI', 'relevance_score': '0.339007', 'ticker_sentiment_score': '0.044553', 'ticker_sentiment_label': 'Neutral'}, {'ticker': 'AMZN', 'relevance_score': '0.611984', 'ticker_sentiment_score': '0.325108', 'ticker_sentiment_label': 'Somewhat-Bullish'}]"
Etsy Sellers Strike as Site Ramps Up to Battle Amazon,https://www.wsj.com/business/retail/etsy-sellers-strike-as-site-ramps-up-to-battle-amazon-11649681740?gaa_at=eafs&gaa_n=AWEtsqccM3Gu0pPQZdFV14dsaR6QYBlxlqb3Wpl-4nAq9J_fQVPsyv7D6QK4&gaa_ts=699afd9f&gaa_sig=fuolDwILuaq1xikHx917hymf7_OnFgmA_B-2sbkES7c1opMgP6lhx1FWWeQIpDkOWdSPzU4sIYoPoIItrSX7rQ%3D%3D,20220412T124412,['Charity L. Scott'],"Etsy sellers are protesting the company's recent fee increases and other changes, with over 20,000 sellers signing a petition against the commission hike from 5% to 6.5%. Some sellers are even temporarily closing their shops in protest, arguing these changes are detrimental to their businesses. Etsy, however, states these investments are necessary to compete with larger e-commerce platforms like Amazon and widen its appeal.",,The Wall Street Journal,General,The Wall Street Journal,"[{'topic': 'retail_wholesale', 'relevance_score': '0.908905'}, {'topic': 'technology', 'relevance_score': '0.713246'}, {'topic': 'economy_macro', 'relevance_score': '0.601553'}]",-0.11126,Neutral,"[{'ticker': 'ETSY', 'relevance_score': '1.000000', 'ticker_sentiment_score': '-0.328649', 'ticker_sentiment_label': 'Somewhat-Bearish'}, {'ticker': 'AMZN', 'relevance_score': '0.711131', 'ticker_sentiment_score': '0.115356', 'ticker_sentiment_label': 'Neutral'}]"
‘This is a serious investment’: More DTC brands are bringing on celebrity co-founders,https://www.modernretail.co/retailers/this-is-a-serious-investment-more-dtc-brands-are-bringing-on-celebrity-co-founders/,20220412T125029,['Gabriela Barkho'],"Direct-to-consumer (DTC) brands are increasingly partnering with celebrities not just for sponsorships, but as genuine co-founders or creative directors, offering them equity and a hands-on role. This trend involves celebrities like Bella Hadid with Kin Euphorics and Dakota Johnson with Maude, who bring significant marketing reach and a perception of authenticity to the brands. These partnerships, often initiated by celebrities themselves, are seen as serious investments that drive wider customer reach, increased sales, and fresh perspectives for brand development.",https://www.modernretail.co/wp-content/uploads/sites/5/2022/04/Bella-Hadid-Jen-Batchelor-Kin-.jpeg?w=1280&h=640&crop=1,Modern Retail,General,Modern Retail,"[{'topic': 'retail_wholesale', 'relevance_score': '0.906795'}, {'topic': 'finance', 'relevance_score': '0.604389'}]",0.506545,Bullish,"[{'ticker': 'HNST', 'relevance_score': '0.834306', 'ticker_sentiment_score': '0.744319', 'ticker_sentiment_label': 'Bullish'}, {'ticker': 'AMZN', 'relevance_score': '0.626197', 'ticker_sentiment_score': '0.329448', 'ticker_sentiment_label': 'Somewhat-Bullish'}]"
Pay-as-you-go MongoDB Atlas now available on Google Cloud,https://siliconangle.com/2022/04/12/pay-go-mongodb-atlas-now-available-google-cloud/,20220412T125724,['Mike Wheatley'],"MongoDB Atlas has launched a new pay-as-you-go offering on Google Cloud, simplifying subscription for developers by charging only for resources used without upfront commitments. This initiative aims to align with modern application development and follows significant revenue growth for MongoDB Atlas, partly attributed to its partnerships with cloud providers. The move also integrates MongoDB Atlas more tightly with Google Cloud services, making data analysis and application development more efficient.",https://d15shllkswkct0.cloudfront.net/wp-content/blogs.dir/1/files/2022/04/Dev-ITTYCHERIA-1.jpg,SiliconANGLE,General,SiliconANGLE,"[{'topic': 'technology', 'relevance_score': '1.000000'}, {'topic': 'earnings', 'relevance_score': '0.815211'}, {'topic': 'finance', 'relevance_score': '0.621960'}]",0.288427,Somewhat-Bullish,"[{'ticker': 'MDB', 'relevance_score': '1.000000', 'ticker_sentiment_score': '0.437183', 'ticker_sentiment_label': 'Bullish'}, {'ticker': 'GOOGL', 'relevance_score': '0.877633', 'ticker_sentiment_score': '0.307412', 'ticker_sentiment_label': 'Somewhat-Bullish'}, {'ticker': 'GOOG', 'relevance_score': '0.874678', 'ticker_sentiment_score': '0.309417', 'ticker_sentiment_label': 'Somewhat-Bullish'}, {'ticker': 'AMZN', 'relevance_score': '0.663683', 'ticker_sentiment_score': '0.221903', 'ticker_sentiment_label': 'Somewhat-Bullish'}, {'ticker': 'EPAM', 'relevance_score': '0.562963', 'ticker_sentiment_score': '0.148085', 'ticker_sentiment_label': 'Neutral'}]"
13 must-have accessories for your new Peloton Guide,https://connectthewatts.com/2022/04/12/peloton-guide-accessories/,20220412T125800,['Colin Jenkins'],"This article lists 13 essential accessories for new Peloton Guide users, including dumbbells, workout mats, heart rate monitors, fans, recovery tools, and supplements. It provides specific product recommendations and explanations for how each item can enhance the Peloton Guide workout experience. The goal is to help users maximize results from their strength training with the Peloton Guide.",https://connectthewatts.com/wp-content/uploads/sites/11/2022/04/Peloton-Guide-Accessories.jpg?quality=82&strip=all&w=1600,Connect The Watts,General,Connect The Watts,"[{'topic': 'retail_wholesale', 'relevance_score': '0.907850'}, {'topic': 'technology', 'relevance_score': '0.849487'}]",0.10001,Neutral,"[{'ticker': 'PTON', 'relevance_score': '1.000000', 'ticker_sentiment_score': '0.292749', 'ticker_sentiment_label': 'Somewhat-Bullish'}, {'ticker': 'AMZN', 'relevance_score': '0.619734', 'ticker_sentiment_score': '0.112724', 'ticker_sentiment_label': 'Neutral'}, {'ticker': 'AAPL', 'relevance_score': '0.718005', 'ticker_sentiment_score': '0.011141', 'ticker_sentiment_label': 'Neutral'}, {'ticker': 'MSFT', 'relevance_score': '0.615641', 'ticker_sentiment_score': '0.025821', 'ticker_sentiment_label': 'Neutral'}]"
Turtle Beach Elite Atlas Aero review,https://www.techradar.com/reviews/turtle-beach-elite-atlas-aero,20220412T131200,['Jacqueline Thomas'],"The Turtle Beach Elite Atlas Aero is a wireless PC gaming headset offering excellent sound quality and unique features like the ProSpecs Glasses Relief system, but it comes with a high price tag and a questionable aesthetic. While it excels in game audio and offers features beneficial for both esports and single-player gamers, its tight fit and outdated software interface detract from its overall appeal. Despite its strengths, the headset's cost makes it a harder sell compared to some competitors.",https://cdn.mos.cms.futurecdn.net/nhikCwufwSSqMdketcqpcL.jpg,TechRadar,General,TechRadar,"[{'topic': 'technology', 'relevance_score': '0.914909'}]",0.079387,Neutral,"[{'ticker': 'TBCH', 'relevance_score': '1.000000', 'ticker_sentiment_score': '-0.087940', 'ticker_sentiment_label': 'Neutral'}, {'ticker': 'AMZN', 'relevance_score': '0.628282', 'ticker_sentiment_score': '0.138740', 'ticker_sentiment_label': 'Neutral'}, {'ticker': 'WMT', 'relevance_score': '0.627530', 'ticker_sentiment_score': '0.115856', 'ticker_sentiment_label': 'Neutral'}]"
Walmart Hires PayPal’s John Rainey as CFO,https://www.ttnews.com/articles/walmart-hires-paypals-john-rainey-cfo,20220412T181600,['Brendan Case and Jenny Surrane'],"Walmart Inc. has named John Rainey, PayPal Holdings Inc.'s Chief Financial Officer, as its new finance chief, effective June 6. Rainey will replace Brett Biggs and his appointment comes as Walmart focuses on developing a financial-technology venture and expanding its paid membership program, Walmart+. He will also address challenges such as inflation, supply chain issues, and rising labor costs.",,Transport Topics,General,Transport Topics,"[{'topic': 'retail_wholesale', 'relevance_score': '0.842053'}, {'topic': 'finance', 'relevance_score': '0.727138'}, {'topic': 'technology', 'relevance_score': '0.613823'}, {'topic': 'economy_macro', 'relevance_score': '0.628685'}]",0.083746,Neutral,"[{'ticker': 'PYPL', 'relevance_score': '1.000000', 'ticker_sentiment_score': '-0.130560', 'ticker_sentiment_label': 'Neutral'}, {'ticker': 'WMT', 'relevance_score': '0.993263', 'ticker_sentiment_score': '0.212137', 'ticker_sentiment_label': 'Somewhat-Bullish'}, {'ticker': 'TGT', 'relevance_score': '0.636763', 'ticker_sentiment_score': '0.137325', 'ticker_sentiment_label': 'Neutral'}, {'ticker': 'COST', 'relevance_score': '0.616289', 'ticker_sentiment_score': '0.116590', 'ticker_sentiment_label': 'Neutral'}, {'ticker': 'AMZN', 'relevance_score': '0.602964', 'ticker_sentiment_score': '0.148426', 'ticker_sentiment_label': 'Neutral'}]"
Stagwell (STGW) Enters Next Chapter of International Expansion with Launch of Stagwell Brazil,https://www.prnewswire.com/news-releases/stagwell-stgw-enters-next-chapter-of-international-expansion-with-launch-of-stagwell-brazil-301524877.html,20220413T083000,[],"Stagwell (NASDAQ: STGW) has launched Stagwell Brazil, a new global office aimed at accelerating the company's growth in Latin America and fostering collaboration among its local agencies and partners. This marks Stagwell's second international office opening in 2022, following Singapore, emphasizing its global expansion strategy. Led by Vinicius Reis, the new office will connect best-in-class services in the region and serve global clients seeking to reach consumers in the Latin American market.",,PR Newswire,General,PR Newswire,"[{'topic': 'mergers_and_acquisitions', 'relevance_score': '0.820697'}, {'topic': 'finance', 'relevance_score': '0.723853'}]",0.306865,Somewhat-Bullish,"[{'ticker': 'STGW', 'relevance_score': '0.992387', 'ticker_sentiment_score': '0.493434', 'ticker_sentiment_label': 'Bullish'}, {'ticker': 'AMZN', 'relevance_score': '0.626788', 'ticker_sentiment_score': '0.117434', 'ticker_sentiment_label': 'Neutral'}]"
"UK gamers prepare for ‘post-console’ future, finds Amdocs",https://capacityglobal.com/news/uk-gamers-prepare-for-post-console-future-finds-amdocs/,20220413T124158,['Natalie Bannerman'],"Amdocs research indicates that UK gamers are increasingly ready for a ""post-console"" future, driven by cloud gaming and 5G connectivity. The study found high enthusiasm for cloud gaming and the metaverse, with many gamers willing to pay more for these services and forgo new hardware purchases. Key priorities for gamers include content quality and the ability to stream from any device, while concerns about the metaverse mainly revolve around its early stage, hardware costs, and internet connection capabilities.",https://capacityglobal.com/wp-content/uploads/2025/09/urlhttp3A2F2Feuromoney-brightspot.s3.amazonaws.com2Fa52F902F0f1167c248d59035af5b47af3fc62Fgaming-virtual-blue-adobestock.jpg,capacityglobal.com,General,capacityglobal.com,"[{'topic': 'technology', 'relevance_score': '0.905459'}]",0.30918,Somewhat-Bullish,"[{'ticker': 'DOX', 'relevance_score': '1.000000', 'ticker_sentiment_score': '0.417703', 'ticker_sentiment_label': 'Bullish'}, {'ticker': 'MSFT', 'relevance_score': '0.701938', 'ticker_sentiment_score': '0.340060', 'ticker_sentiment_label': 'Somewhat-Bullish'}, {'ticker': 'GOOGL', 'relevance_score': '0.623637', 'ticker_sentiment_score': '0.247570', 'ticker_sentiment_label': 'Somewhat-Bullish'}, {'ticker': 'AMZN', 'relevance_score': '0.618573', 'ticker_sentiment_score': '0.229888', 'ticker_sentiment_label': 'Somewhat-Bullish'}]"
"IMDb TV will be renamed Amazon Freevee, says Amazon",https://thenationaldesk.com/news/from-the-desk/imdb-tv-will-be-renamed-amazon-freevee-says-amazon-internet-movie-database-streaming-prime-free-tv-television-shows-binge-watching-bosh-legacy-avod,20220413T181500,['The Associated Press'],"Amazon's free streaming service IMDb TV will be rebranded as Amazon Freevee starting April 27, 2022. The platform will significantly expand its original programming by 70% in 2022, including spin-offs and new movies. This move is part of Amazon's broader strategy to enhance its streaming services, following its acquisition of MGM.",https://thenationaldesk.com/resources/media2/16x9/full/1015/center/80/9afc5b63-cde6-4ff0-8ef6-6bbfc6b113b8-large16x9_AP22103585874435.jpg,The National Desk,General,The National Desk,"[{'topic': 'retail_wholesale', 'relevance_score': '0.939036'}, {'topic': 'technology', 'relevance_score': '0.801754'}, {'topic': 'mergers_and_acquisitions', 'relevance_score': '0.928527'}]",0.093274,Neutral,"[{'ticker': 'AMZN', 'relevance_score': '1.000000', 'ticker_sentiment_score': '0.416691', 'ticker_sentiment_label': 'Bullish'}, {'ticker': 'NFLX', 'relevance_score': '0.609499', 'ticker_sentiment_score': '-0.102330', 'ticker_sentiment_label': 'Neutral'}, {'ticker': 'DIS', 'relevance_score': '0.623302', 'ticker_sentiment_score': '-0.131485', 'ticker_sentiment_label': 'Neutral'}, {'ticker': 'PSKY', 'relevance_score': '0.610266', 'ticker_sentiment_score': '0.115191', 'ticker_sentiment_label': 'Neutral'}]"
Microsoft India appoints Amrita Thapar as its CMO,https://brandequity.economictimes.indiatimes.com/news/the-people-report/microsoft-india-appoints-amrita-thapar-as-its-cmo/90834733,20220414T095000,['BE Staff'],"Microsoft India has appointed Amrita Thapar as its new Chief Marketing Officer. Thapar previously served as India communications lead at Amazon Web Services (AWS) and held a vice president role at Genpact for over 13 years. She brings more than 15 years of experience in marketing and communications to her new role, specializing in brand storytelling, digital operations, and corporate communications.",https://img.etb2bimg.com/files/cp/upload-1716880754-etbrandequity-default.webp,ET BrandEquity,General,ET BrandEquity,"[{'topic': 'technology', 'relevance_score': '0.828422'}]",0.123048,Neutral,"[{'ticker': 'G', 'relevance_score': '0.312422', 'ticker_sentiment_score': '0.029820', 'ticker_sentiment_label': 'Neutral'}, {'ticker': 'MSFT', 'relevance_score': '1.000000', 'ticker_sentiment_score': '0.228160', 'ticker_sentiment_label': 'Somewhat-Bullish'}, {'ticker': 'AMZN', 'relevance_score': '0.701528', 'ticker_sentiment_score': '0.120815', 'ticker_sentiment_label': 'Neutral'}]"
2021 Letter to Shareholders,https://www.aboutamazon.sg/news/company-news/2021-letter-to-shareholders,20220414T123145,['Andy Jassy'],"Andy Jassy's 2021 letter to shareholders highlights Amazon's response to the pandemic, including the significant growth in Consumer revenue and the re-acceleration of AWS. He emphasizes Amazon's culture of ""iterative innovation"" across its fulfillment network, AWS services, and devices, stressing the importance of continuous improvement and a long-term orientation. The letter also touches on Amazon's commitment to employees and sustainability, and includes Jeff Bezos's original 1997 shareholder letter for context on the company's enduring principles.",https://assets.aboutamazon.com/dims4/default/b0906cb/2147483647/strip/true/crop/2500x1407+0+546/resize/1240x698!/quality/90/?url=https%3A%2F%2Famazon-blogs-brightspot.s3.amazonaws.com%2F43%2F73%2Fb77ab1e04b2b8c097c3bebbe1ca2%2Famazon-org-smile-extruded-sq.jpeg,About Amazon Singapore,General,About Amazon Singapore,"[{'topic': 'earnings', 'relevance_score': '0.915400'}, {'topic': 'retail_wholesale', 'relevance_score': '0.831252'}, {'topic': 'technology', 'relevance_score': '0.706483'}, {'topic': 'economy_macro', 'relevance_score': '0.627401'}, {'topic': 'finance', 'relevance_score': '0.605514'}]",0.46114,Bullish,"[{'ticker': 'AMZN', 'relevance_score': '1.000000', 'ticker_sentiment_score': '0.466299', 'ticker_sentiment_label': 'Bullish'}]"
Kroger Is Building a Grocery Ecosystem for the Future,https://progressivegrocer.com/kroger-building-grocery-ecosystem-future,20220414T125503,['Gina Acosta'],"Kroger CEO Rodney McMullen discusses how the company is thriving amidst inflation and supply chain challenges by focusing on customer needs, technology investments, and an emphasis on fresh and private-brand products. The article highlights Kroger's strong financial performance in Q4 2021 and its strategic initiatives, including expanding online pickup and delivery, leveraging robotic warehouses, and investing in ESG efforts, all aimed at building a comprehensive grocery ecosystem for the future.",https://assets1.progressivegrocer.com/images/v/content_hero_1300/files/2022-04/indianapolis_spoke30.kroger.hero_article.jpg,Progressive Grocer,General,Progressive Grocer,"[{'topic': 'retail_wholesale', 'relevance_score': '0.944372'}, {'topic': 'earnings', 'relevance_score': '0.821845'}, {'topic': 'technology', 'relevance_score': '0.717886'}, {'topic': 'economy_monetary', 'relevance_score': '0.644082'}]",0.282233,Somewhat-Bullish,"[{'ticker': 'KR', 'relevance_score': '1.000000', 'ticker_sentiment_score': '0.736001', 'ticker_sentiment_label': 'Bullish'}, {'ticker': 'WMT', 'relevance_score': '0.643204', 'ticker_sentiment_score': '0.115860', 'ticker_sentiment_label': 'Neutral'}, {'ticker': 'TGT', 'relevance_score': '0.614001', 'ticker_sentiment_score': '0.104674', 'ticker_sentiment_label': 'Neutral'}, {'ticker': 'AMZN', 'relevance_score': '0.616658', 'ticker_sentiment_score': '0.139528', 'ticker_sentiment_label': 'Neutral'}]"
L3Harris Will Support ULA In Their Launch Of Amazon’s Kuiper COMSATs,https://news.satnews.com/2022/04/14/l3harris-will-support-ula-in-their-launch-of-amazons-kuiper-comsats/,20220414T125553,[],"L3Harris Technologies has been selected by United Launch Alliance (ULA) to provide critical avionics and communication equipment for Amazon's Project Kuiper commercial satellite launches over a five-year period. ULA will launch the majority of the Project Kuiper constellation. As ULA's primary launch avionics partner since 2017, L3Harris will supply various components and continue its support for ULA's launch services, including for the new Vulcan Centaur rockets.",https://news.satnews.com/wp-content/uploads/2022/12/LKD_SpaceGradeIMU.gif,SatNews Publishers,General,SatNews Publishers,"[{'topic': 'technology', 'relevance_score': '0.812806'}]",0.388593,Bullish,"[{'ticker': 'LHX', 'relevance_score': '1.000000', 'ticker_sentiment_score': '0.449112', 'ticker_sentiment_label': 'Bullish'}, {'ticker': 'AMZN', 'relevance_score': '0.748795', 'ticker_sentiment_score': '0.337906', 'ticker_sentiment_label': 'Somewhat-Bullish'}]"
Lands’ End Brings Size-Inclusive Swimwear to QVC Shows,https://sourcingjournal.com/topics/retail/lands-end-qvc-ecommerce-video-shopping-womens-swimwear-size-inclusive-339546/,20220415T134700,['Glenn Taylor'],"Lands' End is launching an on-air collaboration with QVC to showcase its size-inclusive swimwear for women in sizes 2-32. This initiative follows a successful e-commerce partnership and aims to expand brand awareness and reach new customers through QVC's extensive broadcast and digital platforms. The collaboration aligns with Lands' End's strategy of innovative partnerships and growth in its swimwear business, which is projected to reach a $21.4 billion market value by 2025.",https://sourcingjournal.com/wp-content/uploads/2022/04/LandsEndQVC.jpg?w=910&h=511&crop=1,Sourcing Journal,General,Sourcing Journal,"[{'topic': 'retail_wholesale', 'relevance_score': '1.000000'}, {'topic': 'earnings', 'relevance_score': '0.916428'}]",0.189247,Somewhat-Bullish,"[{'ticker': 'LE', 'relevance_score': '1.000000', 'ticker_sentiment_score': '0.245884', 'ticker_sentiment_label': 'Somewhat-Bullish'}, {'ticker': 'AMZN', 'relevance_score': '0.642685', 'ticker_sentiment_score': '0.148096', 'ticker_sentiment_label': 'Neutral'}]"
Anti-aging technology is coming. Here’s how you can be ready for it,https://www.fastcompany.com/90741008/anti-aging-technology-is-coming-heres-how-you-can-be-ready-for-it,20220415T172658,['Minutes and Peter Diamandis'],"Billionaires like Jeff Bezos are heavily investing in anti-aging technologies, driven by a belief that aging is a treatable disease. Companies like Altos Labs, Calico Labs, and Lineage Cell Therapeutics are pursuing biological reprogramming to reverse cellular aging. The anti-aging industry is projected to grow significantly, reaching over $64 billion by 2026.",,Fast Company,General,Fast Company,"[{'topic': 'technology', 'relevance_score': '0.834803'}, {'topic': 'life_sciences', 'relevance_score': '0.707595'}, {'topic': 'finance', 'relevance_score': '0.618745'}]",0.099986,Neutral,"[{'ticker': 'LCTX', 'relevance_score': '0.820030', 'ticker_sentiment_score': '-0.115143', 'ticker_sentiment_label': 'Neutral'}, {'ticker': 'AMZN', 'relevance_score': '0.734228', 'ticker_sentiment_score': '0.127817', 'ticker_sentiment_label': 'Neutral'}, {'ticker': 'GOOG', 'relevance_score': '0.639350', 'ticker_sentiment_score': '0.106124', 'ticker_sentiment_label': 'Neutral'}, {'ticker': 'BLK', 'relevance_score': '0.618837', 'ticker_sentiment_score': '0.127168', 'ticker_sentiment_label': 'Neutral'}, {'ticker': 'WFC', 'relevance_score': '0.631023', 'ticker_sentiment_score': '0.145346', 'ticker_sentiment_label': 'Neutral'}]"
Lands’ End is doubling down on third-party relationships,https://retailwire.com/discussion/lands-end-is-doubling-down-on-third-party-relationships/,20220415T172700,['George Anderson'],"Lands' End is significantly expanding its third-party partnerships, including an on-air promotion with QVC for women's swimwear and a broader presence in Kohl's stores. This strategy aims to boost brand awareness and sales by attracting new customers with similar demographics to Lands' End's existing base, building on the success seen since its spin-off from Sears. The company plans to add one or two new partnerships in 2022, alongside its existing presence on Amazon.com.",,RetailWire,General,RetailWire,"[{'topic': 'retail_wholesale', 'relevance_score': '0.934488'}]",0.343818,Somewhat-Bullish,"[{'ticker': 'LE', 'relevance_score': '1.000000', 'ticker_sentiment_score': '0.433202', 'ticker_sentiment_label': 'Bullish'}, {'ticker': 'AMZN', 'relevance_score': '0.633579', 'ticker_sentiment_score': '0.224699', 'ticker_sentiment_label': 'Somewhat-Bullish'}]"
Why the Immense Selling Pressure on the SPY ETF Must End,https://investorplace.com/2022/04/why-the-immense-selling-pressure-on-the-spy-etf-must-end/,20220418T115800,['Chris Lau'],"The article discusses why the intense selling pressure on the SPDR S&P 500 ETF Trust (SPY) is likely to subside, presenting a buying opportunity. It attributes recent declines to concerns surrounding major holdings like Microsoft, Amazon, and Tesla, including antitrust reviews, Rivian losses, and Elon Musk's distraction with Twitter. Despite these issues, the author argues that the fundamental strength of the top companies in the S&P 500 remains, and investors should accumulate SPY shares on dips.",https://investorplace.com/wp-content/uploads/2022/04/spy-1600-1-768x432.png,InvestorPlace,General,InvestorPlace,"[{'topic': 'financial_markets', 'relevance_score': '0.927650'}]",-0.173786,Somewhat-Bearish,"[{'ticker': 'SPY', 'relevance_score': '1.000000', 'ticker_sentiment_score': '0.307268', 'ticker_sentiment_label': 'Somewhat-Bullish'}, {'ticker': 'MSFT', 'relevance_score': '0.709122', 'ticker_sentiment_score': '-0.437009', 'ticker_sentiment_label': 'Bearish'}, {'ticker': 'AMZN', 'relevance_score': '0.715777', 'ticker_sentiment_score': '-0.247531', 'ticker_sentiment_label': 'Somewhat-Bearish'}, {'ticker': 'TSLA', 'relevance_score': '0.638657', 'ticker_sentiment_score': '-0.322044', 'ticker_sentiment_label': 'Somewhat-Bearish'}]"
National Landing poised to pass Capital Riverfront as fastest-growing neighborhood,https://wtop.com/business-finance/2022/04/national-landing-poised-to-pass-capital-riverfront-as-fastest-growing-neighborhood/,20220418T125338,['Jeff Clabaugh'],"National Landing, comprising Crystal City, Pentagon City, and Pentagon Row, is projected to surpass Capital Riverfront as the D.C. region's fastest-growing neighborhood within the next decade. Driven by $12 billion in public and private investment, including Amazon's HQ2 and Virginia Tech's Innovation Campus, the area is developing rapidly with new office and residential units, retail spaces, and advanced infrastructure. A study highlights its emergence as a leading innovation district with a balanced mix of jobs and housing.",https://wtop.com/wp-content/uploads/2022/04/nationallanding2-1024x683.jpg,WTOP,General,WTOP,"[{'topic': 'real_estate', 'relevance_score': '1.000000'}, {'topic': 'economy_macro', 'relevance_score': '0.814734'}, {'topic': 'technology', 'relevance_score': '0.608587'}, {'topic': 'retail_wholesale', 'relevance_score': '0.601703'}]",0.187266,Somewhat-Bullish,"[{'ticker': 'JBGS', 'relevance_score': '0.317108', 'ticker_sentiment_score': '0.001849', 'ticker_sentiment_label': 'Neutral'}, {'ticker': 'AMZN', 'relevance_score': '0.960921', 'ticker_sentiment_score': '0.410038', 'ticker_sentiment_label': 'Bullish'}, {'ticker': 'T', 'relevance_score': '0.639752', 'ticker_sentiment_score': '0.233436', 'ticker_sentiment_label': 'Somewhat-Bullish'}, {'ticker': 'CSGP', 'relevance_score': '0.565213', 'ticker_sentiment_score': '0.130848', 'ticker_sentiment_label': 'Neutral'}]"
Richard Liu: the downfall of China’s Jeff Bezos,https://moneyweek.com/investments/stockmarkets/china-stockmarkets/604714/richard-liu-the-downfall-of-chinas-jeff-bezos,20220418T125342,['Jane Lewis'],"Richard Liu, founder of China's second-biggest e-commerce giant JD.com, has stepped down, joining other tech billionaires affected by the Chinese government's crackdown. Liu, who rose from poverty to build JD.com, managed to largely avoid direct hits from the campaign compared to others like Jack Ma, though his company's value has been impacted. He plans to focus on supporting China’s ""common prosperity goals"" by revitalizing rural areas.",https://cdn.mos.cms.futurecdn.net/8QRVZNSH4Hnvyo4urtEcmF.jpg,MoneyWeek,General,MoneyWeek,"[{'topic': 'retail_wholesale', 'relevance_score': '0.910965'}, {'topic': 'technology', 'relevance_score': '0.814640'}, {'topic': 'economy_macro', 'relevance_score': '0.623139'}, {'topic': 'finance', 'relevance_score': '0.603711'}]",-0.103448,Neutral,"[{'ticker': 'JD', 'relevance_score': '1.000000', 'ticker_sentiment_score': '-0.265788', 'ticker_sentiment_label': 'Somewhat-Bearish'}, {'ticker': 'AMZN', 'relevance_score': '0.608388', 'ticker_sentiment_score': '0.079358', 'ticker_sentiment_label': 'Neutral'}]"
Lands’ End partners with QVC to sell swimwear,https://www.retaildive.com/news/lands-end-partners-with-qvc-to-sell-swimwear/622202/,20220418T125534,['Tatiana Walk-Morris'],"Lands’ End has collaborated with QVC to launch a new women’s swimwear line, which was introduced on April 15. This partnership builds on an existing e-commerce relationship between the two companies, with swimwear being a top-performing category for Lands' End and a highly requested brand by QVC viewers. The collection offers a wide range of sizes and marks a strategic move for Lands' End to reach new customers through third-party platforms, as other brands also enter or re-enter the competitive swimwear market.",https://imgproxy.divecdn.com/V4n2ygsOSDT_waIf_yhLkT82mRGGyT-OFRX-AAK_KNs/g:ce/rs:fill:1200:675:1/Z3M6Ly9kaXZlc2l0ZS1zdG9yYWdlL2RpdmVpbWFnZS9RVkNMYW5kc0VuZC5qcGc=.webp,Retail Dive,General,Retail Dive,"[{'topic': 'retail_wholesale', 'relevance_score': '0.931250'}, {'topic': 'technology', 'relevance_score': '0.713378'}]",0.063391,Neutral,"[{'ticker': 'LE', 'relevance_score': '0.322886', 'ticker_sentiment_score': '0.011189', 'ticker_sentiment_label': 'Neutral'}, {'ticker': 'AMZN', 'relevance_score': '0.575541', 'ticker_sentiment_score': '0.108661', 'ticker_sentiment_label': 'Neutral'}]"
CEO Steers Electric Truck Startup Rivian Through Supply Chain Twilight Zone,https://www.ibtimes.com/ceo-steers-electric-truck-startup-rivian-through-supply-chain-twilight-zone-3477374,20220418T130649,['Joseph White'],"Rivian Automotive Inc. CEO R.J. Scaringe is struggling to ramp up electric vehicle production due to semiconductor supply chain issues, with chip suppliers prioritizing established customers over new entrants. The company's stock has plummeted, and it faces pressure from rising raw material costs and skepticism from competitors. Scaringe is actively working to reassure suppliers and aims to secure long-term funding for future expansion plans including a new plant and battery production.",https://d.ibtimes.com/en/full/3413271/rj-scaringe-rivians-35-year-old-ceo-introduces-his-companys-r1t-all-electric-pickup.jpg?w=736&f=5d8165ae3e318a43bef6a0861a72ce9e,International Business Times,General,International Business Times,"[{'topic': 'manufacturing', 'relevance_score': '0.937758'}, {'topic': 'energy_transportation', 'relevance_score': '0.947800'}, {'topic': 'technology', 'relevance_score': '0.833954'}, {'topic': 'ipo', 'relevance_score': '0.703720'}, {'topic': 'economy_macro', 'relevance_score': '0.600372'}]",-0.081047,Neutral,"[{'ticker': 'RIVN', 'relevance_score': '1.000000', 'ticker_sentiment_score': '-0.309354', 'ticker_sentiment_label': 'Somewhat-Bearish'}, {'ticker': 'AMZN', 'relevance_score': '0.618781', 'ticker_sentiment_score': '0.132363', 'ticker_sentiment_label': 'Neutral'}, {'ticker': 'F', 'relevance_score': '0.603940', 'ticker_sentiment_score': '0.149001', 'ticker_sentiment_label': 'Neutral'}, {'ticker': 'TSLA', 'relevance_score': '0.638496', 'ticker_sentiment_score': '-0.126922', 'ticker_sentiment_label': 'Neutral'}]"
RCD Is a Way to Spread Consumer Discretionary Bets,https://etfdb.com/portfolio-strategies-content-hub/rcd-is-a-way-to-spread-consumer-discretionary-bets/,20220419T105133,['Tom Lydon'],"The article discusses the Invesco S&P 500 Equal Weight Consumer Discretionary ETF (RCD) as an alternative for investors seeking broader diversification in the consumer discretionary sector. It highlights how cap-weighted funds in this sector are heavily dominated by Amazon and Tesla, distorting their growth and value profiles. RCD, with its equal-weighting approach, offers a more balanced exposure, benefiting from recoveries in sub-groups like automotive, homebuilders, and travel and leisure.",,ETF Database,General,ETF Database,"[{'topic': 'financial_markets', 'relevance_score': '0.913114'}, {'topic': 'retail_wholesale', 'relevance_score': '0.817346'}, {'topic': 'technology', 'relevance_score': '0.605624'}, {'topic': 'economy_macro', 'relevance_score': '0.624798'}]",-0.086598,Neutral,"[{'ticker': 'RSPD', 'relevance_score': '0.314499', 'ticker_sentiment_score': '0.044750', 'ticker_sentiment_label': 'Neutral'}, {'ticker': 'AMZN', 'relevance_score': '0.862638', 'ticker_sentiment_score': '-0.100715', 'ticker_sentiment_label': 'Neutral'}, {'ticker': 'TSLA', 'relevance_score': '0.848495', 'ticker_sentiment_score': '-0.145827', 'ticker_sentiment_label': 'Neutral'}]"
How an Etsy founder turned ice cream maker feels about the e-commerce giant today,https://www.cnbc.com/2022/04/19/how-etsy-founder-feels-about-the-e-commerce-platform-as-sellers-strike.html,20220419T105200,['Alexis Gebhardt'],"Etsy co-founder Chris Maguire reflects on the e-commerce giant's evolution from its DIY roots, noting a shift towards maximizing sales over its original playful aesthetic. His comments come amidst a sellers' strike triggered by a 30% fee hike, highlighting the tension between Etsy's growth as a public company and its founding ethos. The article also touches on how other sellers and former executives view the company's changes and its position in the modern e-commerce landscape.",,CNBC,General,CNBC,"[{'topic': 'retail_wholesale', 'relevance_score': '1.000000'}, {'topic': 'technology', 'relevance_score': '0.839183'}, {'topic': 'ipo', 'relevance_score': '0.741436'}, {'topic': 'mergers_and_acquisitions', 'relevance_score': '0.632197'}, {'topic': 'earnings', 'relevance_score': '0.611807'}]",-0.141499,Neutral,"[{'ticker': 'ETSY', 'relevance_score': '1.000000', 'ticker_sentiment_score': '-0.181044', 'ticker_sentiment_label': 'Somewhat-Bearish'}, {'ticker': 'AMZN', 'relevance_score': '0.637750', 'ticker_sentiment_score': '-0.142493', 'ticker_sentiment_label': 'Neutral'}]"
LinkedIn was the most exploited brand in phishing attacks last quarter,https://www.techrepublic.com/article/linkedin-most-exploited-brand-phishing/,20220419T123800,['Lance Whitney'],"LinkedIn became the most exploited brand in phishing attacks during Q1 2022, accounting for 52% of all analyzed attempts, a significant jump from 8% in the previous quarter. Cyber threat intelligence provider Check Point Research reported this surge, noting that phishers are increasingly leveraging social networks. The article details examples of these attacks, including spoofed LinkedIn and Maersk emails, and offers tips to avoid falling victim to phishing.",https://assets.techrepublic.com/uploads/2022/04/AdobeStock_308862089_Editorial_Use_Only-scaled-e1650379957684.jpeg,TechRepublic,General,TechRepublic,"[{'topic': 'technology', 'relevance_score': '0.938288'}]",-0.185045,Somewhat-Bearish,"[{'ticker': 'CHKP', 'relevance_score': '1.000000', 'ticker_sentiment_score': '0.423829', 'ticker_sentiment_label': 'Bullish'}, {'ticker': 'MSFT', 'relevance_score': '0.730071', 'ticker_sentiment_score': '-0.306154', 'ticker_sentiment_label': 'Somewhat-Bearish'}, {'ticker': 'GOOGL', 'relevance_score': '0.647076', 'ticker_sentiment_score': '-0.345004', 'ticker_sentiment_label': 'Somewhat-Bearish'}, {'ticker': 'AMZN', 'relevance_score': '0.640969', 'ticker_sentiment_score': '-0.315029', 'ticker_sentiment_label': 'Somewhat-Bearish'}, {'ticker': 'AAPL', 'relevance_score': '0.622196', 'ticker_sentiment_score': '-0.339159', 'ticker_sentiment_label': 'Somewhat-Bearish'}]"
"Netflix Loses 200,000 Subscribers in Q1, Predicts Loss of 2 Million More in Q2",https://variety.com/2022/tv/news/netflix-loses-subscribers-q1-earnings-1235234858/,20220419T130600,['Jennifer Maas'],"Netflix lost 200,000 subscribers in Q1 2022, marking its first subscriber loss in 10 years, and forecasts an additional loss of 2 million in Q2. The company attributes this decline to increased competition, password sharing, and macro factors, leading to a significant drop in its stock price and a reevaluation of future strategies including ad-supported plans and content spending adjustments. Despite beating earnings per share expectations, revenue fell short of analyst forecasts.",,Variety,General,Variety,"[{'topic': 'earnings', 'relevance_score': '0.946638'}, {'topic': 'financial_markets', 'relevance_score': '0.840549'}, {'topic': 'economy_macro', 'relevance_score': '0.747244'}, {'topic': 'technology', 'relevance_score': '0.801060'}]",-0.205496,Somewhat-Bearish,"[{'ticker': 'NFLX', 'relevance_score': '1.000000', 'ticker_sentiment_score': '-0.470697', 'ticker_sentiment_label': 'Bearish'}, {'ticker': 'CMCSA', 'relevance_score': '0.644350', 'ticker_sentiment_score': '-0.148898', 'ticker_sentiment_label': 'Neutral'}, {'ticker': 'AMZN', 'relevance_score': '0.602898', 'ticker_sentiment_score': '-0.110991', 'ticker_sentiment_label': 'Neutral'}, {'ticker': 'DIS', 'relevance_score': '0.609438', 'ticker_sentiment_score': '-0.124540', 'ticker_sentiment_label': 'Neutral'}]"
Spotify review: The most popular music service needs to fix some serious issues,https://www.techhive.com/article/633283/spotify-review.html,20220419T131042,['James Barber'],"This review of Spotify highlights its excellent recommendation algorithm and social features but criticizes its ""unacceptably low streaming quality"" compared to competitors that offer lossless audio. The article notes Spotify's failure to deliver on its promised ""HiFi"" tier and discusses controversies surrounding its royalty payments to artists and investments outside of music. It concludes that while Spotify excels in music discovery, its lagging audio quality and other issues mean many users might find a better listening experience elsewhere.",https://b2c-contenthub.com/wp-content/uploads/2022/04/Daily-Mix-1-playlist-on-Spotify.jpg?quality=50&strip=all&w=1200,TechHive,General,TechHive,"[{'topic': 'technology', 'relevance_score': '0.934710'}]",0.059396,Neutral,"[{'ticker': 'SPOT', 'relevance_score': '0.304934', 'ticker_sentiment_score': '0.035228', 'ticker_sentiment_label': 'Neutral'}, {'ticker': 'AAPL', 'relevance_score': '0.747860', 'ticker_sentiment_score': '0.121973', 'ticker_sentiment_label': 'Neutral'}, {'ticker': 'AMZN', 'relevance_score': '0.648769', 'ticker_sentiment_score': '0.114185', 'ticker_sentiment_label': 'Neutral'}, {'ticker': 'NFLX', 'relevance_score': '0.574954', 'ticker_sentiment_score': '-0.147433', 'ticker_sentiment_label': 'Neutral'}]"
VERB Appoints John Rizzo As SVP,https://www.citybiz.co/article/248282/verb-appoints-john-rizzo-as-svp/,20220419T131529,[],"Verb Technology Company announced the appointment of John Rizzo as SVP of Content and Brand Partnerships for MARKET, its livestream shopping platform. Rizzo brings over two decades of experience from QVC, where he produced more than 30,000 hours of livestream shopping programming and generated over $5 billion in sales. His expertise in direct-to-consumer marketing, creative content development, and strategic partnerships is expected to accelerate the growth of VERB's MARKET platform.",https://www.citybiz.co/wp-content/uploads/2022/04/VERB-1920x1075.png,citybiz,General,citybiz,"[{'topic': 'retail_wholesale', 'relevance_score': '0.941585'}, {'topic': 'technology', 'relevance_score': '0.830541'}]",0.374534,Bullish,"[{'ticker': 'VERB', 'relevance_score': '1.000000', 'ticker_sentiment_score': '0.481978', 'ticker_sentiment_label': 'Bullish'}, {'ticker': 'AMZN', 'relevance_score': '0.648827', 'ticker_sentiment_score': '0.210604', 'ticker_sentiment_label': 'Somewhat-Bullish'}]"
"Why Etsy's latest fee increase has inspired thousands of sellers, including its most marginalized, to strike",https://www.pbs.org/newshour/economy/why-etsys-latest-fee-increase-has-inspired-thousands-of-sellers-including-its-most-marginalized-to-strike,20220419T132600,['Candice Norwood'],"Etsy's recent fee increase, raising transaction fees from 5% to 6.5%, has prompted over 17,000 sellers, many of whom are marginalized individuals relying on the platform for income, to go on strike. Sellers argue that the increased fees, combined with incentives for fast shipping and customer response rates, disproportionately affect small businesses and contradict Etsy's mission of accessibility. The strike highlights broader concerns about the business model of e-commerce platforms and their impact on vulnerable creators.",,PBS,General,PBS,"[{'topic': 'retail_wholesale', 'relevance_score': '0.819433'}, {'topic': 'economy_macro', 'relevance_score': '0.749802'}]",-0.19735,Somewhat-Bearish,"[{'ticker': 'ETSY', 'relevance_score': '1.000000', 'ticker_sentiment_score': '-0.442978', 'ticker_sentiment_label': 'Bearish'}, {'ticker': 'AMZN', 'relevance_score': '0.639803', 'ticker_sentiment_score': '0.125224', 'ticker_sentiment_label': 'Neutral'}]"
Makers of America's No. 1 Selling Chili Brand Launch HORMEL® Plant-Based Chili with Beans,https://www.hormelfoods.com/newsroom/press-releases/makers-of-americas-no-1-selling-chili-brand-launch-hormel-plant-based-chili-with-beans/,20220419T165712,[],"Hormel Foods has launched HORMEL® Plant-Based Chili with Beans, offering a dairy-free, egg-free, gluten-free, and BPA-free option with 22 grams of plant protein per can. This new product aims to cater to plant-curious and plant-committed consumers, expanding the reach of America's No. 1 selling chili brand into the rapidly growing plant-based market. Initially available on Amazon, more retailers are expected to follow, providing a convenient and delicious solution for those seeking plant-based chili.",,Hormel Foods,General,Hormel Foods,"[{'topic': 'retail_wholesale', 'relevance_score': '0.843231'}, {'topic': 'manufacturing', 'relevance_score': '0.702091'}]",0.338167,Somewhat-Bullish,"[{'ticker': 'HRL', 'relevance_score': '0.992612', 'ticker_sentiment_score': '0.467396', 'ticker_sentiment_label': 'Bullish'}, {'ticker': 'AMZN', 'relevance_score': '0.630026', 'ticker_sentiment_score': '0.317916', 'ticker_sentiment_label': 'Somewhat-Bullish'}, {'ticker': 'KHC', 'relevance_score': '0.585580', 'ticker_sentiment_score': '0.224571', 'ticker_sentiment_label': 'Somewhat-Bullish'}]"
IBM Revenue Up 8% on Continued Momentum in Hybrid Cloud Business,https://www.wsj.com/business/earnings/ibm-revenue-up-8-on-continued-momentum-in-hybrid-cloud-business-11650399768?gaa_at=eafs&gaa_n=AWEtsqeK8Bqq563zOUvGgxOPosLknMP6AsmuC5F_4svGYm3wulzRSbAzq9lq&gaa_ts=690792b9&gaa_sig=M-YFXaK5StjnqdD3L1eckYGJdgGuhBXpu_8j3TPm7c2vCmE5me1CcS03zDfl6avAj0OLmYAT2W7D3qpqdsjPqg%3D%3D,20220419T170625,['Maria Armental'],"International Business Machines Corp. reported an 8% revenue increase in the first quarter, surpassing analysts' expectations, driven primarily by strong performance in its hybrid cloud platform. Revenue rose to $14.2 billion from $13.19 billion a year earlier, beating the anticipated $13.78 billion. This growth reflects the continued momentum in IBM's hybrid cloud business, which saw a 14% revenue increase, highlighting its importance in the company's transformation strategy.",,The Wall Street Journal,General,The Wall Street Journal,"[{'topic': 'earnings', 'relevance_score': '0.911500'}, {'topic': 'technology', 'relevance_score': '0.845186'}]",0.364951,Bullish,"[{'ticker': 'IBM', 'relevance_score': '1.000000', 'ticker_sentiment_score': '0.463240', 'ticker_sentiment_label': 'Bullish'}, {'ticker': 'MSFT', 'relevance_score': '0.636048', 'ticker_sentiment_score': '0.321799', 'ticker_sentiment_label': 'Somewhat-Bullish'}, {'ticker': 'AMZN', 'relevance_score': '0.601603', 'ticker_sentiment_score': '0.339606', 'ticker_sentiment_label': 'Somewhat-Bullish'}]"
Netflix Reports Loss of Subscribers for the First Time in a Decade,https://www.globaldata.com/data-insights/technology--media-and-telecom/netflix-reports-loss-of-subscribers-for-the-first-time-in-a-decade/,20220419T174704,[],"Netflix reported a loss of 200,000 subscribers in Q1 2022, marking its first subscriber decline in a decade, and anticipates losing 2 million more in the next quarter. This decline is attributed to rising inflation, increased competition from rivals like Amazon and Disney, and account sharing among users. The news led to a significant drop in Netflix's share price and negatively impacted other entertainment stocks.",,www.globaldata.com,General,www.globaldata.com,"[{'topic': 'earnings', 'relevance_score': '0.910137'}, {'topic': 'economy_macro', 'relevance_score': '0.805137'}, {'topic': 'technology', 'relevance_score': '0.726477'}]",-0.173442,Somewhat-Bearish,"[{'ticker': 'NFLX', 'relevance_score': '1.000000', 'ticker_sentiment_score': '-0.417594', 'ticker_sentiment_label': 'Bearish'}, {'ticker': 'DIS', 'relevance_score': '0.702583', 'ticker_sentiment_score': '-0.210030', 'ticker_sentiment_label': 'Somewhat-Bearish'}, {'ticker': 'AMZN', 'relevance_score': '0.646292', 'ticker_sentiment_score': '0.132319', 'ticker_sentiment_label': 'Neutral'}]"
Latest Oracle Exadata servers ascend to the cloud,https://siliconangle.com/2022/04/20/latest-oracle-exadata-servers-come-cloud/,20220420T080000,['Paul Gillin'],"Oracle has announced the availability of its latest Exadata Cloud Infrastructure X9M appliance in Oracle Cloud Infrastructure, marking the rollout of its newest generation of Exadata processors. This new service, based on AMD microprocessors, offers significant improvements in performance, throughput, and capacity without increased costs, allowing organizations to consolidate various database workloads. Oracle claims superior performance compared to AWS RDS and Azure SQL, with the service designed for scalable deployment both on-premises and across Oracle's expanding global cloud footprint.",,SiliconANGLE,General,SiliconANGLE,"[{'topic': 'technology', 'relevance_score': '0.948904'}]",0.134179,Neutral,"[{'ticker': 'ORCL', 'relevance_score': '1.000000', 'ticker_sentiment_score': '0.874088', 'ticker_sentiment_label': 'Bullish'}, {'ticker': 'AMD', 'relevance_score': '0.724689', 'ticker_sentiment_score': '0.449270', 'ticker_sentiment_label': 'Bullish'}, {'ticker': 'AMZN', 'relevance_score': '0.633659', 'ticker_sentiment_score': '-0.422645', 'ticker_sentiment_label': 'Bearish'}, {'ticker': 'MSFT', 'relevance_score': '0.604307', 'ticker_sentiment_score': '-0.336048', 'ticker_sentiment_label': 'Somewhat-Bearish'}, {'ticker': 'INTC', 'relevance_score': '0.577439', 'ticker_sentiment_score': '0.141297', 'ticker_sentiment_label': 'Neutral'}]"
A Magic Scanning Pen That is Revolutionizing Language Learning: Youdao Dictionary Pen 3 Global Version,https://www.prnewswire.com/news-releases/a-magic-scanning-pen-that-is-revolutionizing-language-learning-youdao-dictionary-pen-3-global-version-301527914.html,20220420T091500,[],"Youdao, a leading AI-learning company, has launched its Dictionary Pen 3 Global Version, an innovative device designed to revolutionize language learning, assist individuals with reading difficulties, and help children learn to read. The pen offers instant multi-line translation, supports various languages including bidirectional English-Chinese and English-Spanish, and features Text-to-Speech technology for dyslexic users. It is available worldwide on Amazon and Youdao's official store.",,PR Newswire,General,PR Newswire,"[{'topic': 'technology', 'relevance_score': '0.949198'}, {'topic': 'retail_wholesale', 'relevance_score': '0.619264'}]",0.15131,Somewhat-Bullish,"[{'ticker': 'DAO', 'relevance_score': '0.325392', 'ticker_sentiment_score': '0.032625', 'ticker_sentiment_label': 'Neutral'}, {'ticker': 'AMZN', 'relevance_score': '0.637265', 'ticker_sentiment_score': '0.340110', 'ticker_sentiment_label': 'Somewhat-Bullish'}]"
17 Power Players Building Blackstone's $280 Billion Real-Estate Empire,https://www.businessinsider.com/blackstone-real-estate-finance-mortgage-leaders-profiles-2022-4,20220420T111500,"['Alex Nicoll', 'Casey Sullivan', 'Daniel Geiger', 'Aaron Weinman', 'Danielle Walker', 'James Rodriguez']","This article profiles 17 influential leaders who are instrumental in building Blackstone's massive $280 billion real-estate empire. It highlights their roles in managing various real estate divisions, overseeing significant deals in logistics, residential, and life sciences, and adapting to a volatile market environment. The piece also details their contributions to major acquisitions and the firm's strategic investments in diverse property sectors.",,Business Insider,General,Business Insider,"[{'topic': 'earnings', 'relevance_score': '0.901123'}, {'topic': 'real_estate', 'relevance_score': '1.000000'}, {'topic': 'finance', 'relevance_score': '0.821207'}, {'topic': 'mergers_and_acquisitions', 'relevance_score': '0.810196'}, {'topic': 'economy_monetary', 'relevance_score': '0.749684'}]",0.466962,Bullish,"[{'ticker': 'BX', 'relevance_score': '1.000000', 'ticker_sentiment_score': '0.519990', 'ticker_sentiment_label': 'Bullish'}, {'ticker': 'HLT', 'relevance_score': '0.616568', 'ticker_sentiment_score': '0.534590', 'ticker_sentiment_label': 'Bullish'}, {'ticker': 'AMZN', 'relevance_score': '0.649502', 'ticker_sentiment_score': '0.302439', 'ticker_sentiment_label': 'Somewhat-Bullish'}]"
"Juan Kindt, BBVA: “Somos expertos en brindar experiencias a nuestros clientes, nuestros beneficios son los mejores del mercado”",https://www.marketingregistrado.com/entrevistas/2022/juan-kindt-bbva-expertos-brindar-experiencias-clientes-beneficios-mejores-mercado-35549/,20220420T123354,[],"BBVA launched ""Puntos BBVA,"" a new benefits program for its credit card customers, allowing them to redeem points for national and international travel and experiences. Juan Kindt, BBVA's Director of Business Development, highlighted the bank's expertise in providing travel benefits and expressed satisfaction with the program's rapid development during the pandemic. He emphasized that the bank aims to attract new customers and reinforce its position as a leading financial services provider through this enhanced offering.",https://www.marketingregistrado.com/img/noticias/big/entrevista-bbva.png,Marketing Registrado,General,Marketing Registrado,"[{'topic': 'finance', 'relevance_score': '0.922373'}]",0.356376,Bullish,"[{'ticker': 'BBAR', 'relevance_score': '1.000000', 'ticker_sentiment_score': '0.619596', 'ticker_sentiment_label': 'Bullish'}, {'ticker': 'AMZN', 'relevance_score': '0.619150', 'ticker_sentiment_score': '0.100431', 'ticker_sentiment_label': 'Neutral'}]"
Beta Technologies Lands Another $375 Million in Venture Funding,https://www.sevendaysvt.com/news/beta-technologies-lands-another-375-million-in-venture-funding-35390560/,20220420T123427,['Derek Brouwer'],"South Burlington aviation startup Beta Technologies has secured an additional $375 million in Series B financing, bringing its total fundraising since May 2021 to over $743 million. This new investment, led by The Rise Fund and Fidelity Management & Research Company, will aid Beta in commercializing its battery-powered ALIA-250 aircraft, constructing manufacturing facilities, and accelerating certification efforts. The company aims to obtain FAA certification by 2024 and begin commercial production, focusing initially on cargo and logistics before expanding to passenger missions.",https://i0.wp.com/www.sevendaysvt.com/wp-content/uploads/2022/04/alia_mtn-scaled.webp?resize=780%2C521&ssl=1,Seven Days Vermont,General,Seven Days Vermont,"[{'topic': 'technology', 'relevance_score': '1.000000'}, {'topic': 'energy_transportation', 'relevance_score': '0.940802'}, {'topic': 'finance', 'relevance_score': '0.834640'}, {'topic': 'manufacturing', 'relevance_score': '0.733100'}]",0.414534,Bullish,"[{'ticker': 'BETA', 'relevance_score': '1.000000', 'ticker_sentiment_score': '0.747121', 'ticker_sentiment_label': 'Bullish'}, {'ticker': 'AMZN', 'relevance_score': '0.624799', 'ticker_sentiment_score': '0.327353', 'ticker_sentiment_label': 'Somewhat-Bullish'}, {'ticker': 'UPS', 'relevance_score': '0.645382', 'ticker_sentiment_score': '0.226089', 'ticker_sentiment_label': 'Somewhat-Bullish'}]"
"Hamilton Beach Brands, Inc. Introduces New Line of Clorox® Brand Air Purifiers",https://www.prnewswire.com/news-releases/hamilton-beach-brands-inc-introduces-new-line-of-clorox-brand-air-purifiers-301528448.html,20220420T123830,[],"Hamilton Beach Brands, Inc. has launched a new line of premium air purifiers under the Clorox® brand name, following a multiyear trademark licensing agreement with The Clorox Company. This initiative expands Hamilton Beach Brands' presence in the home health and wellness market, which saw significant growth during the pandemic. The new Clorox® True HEPA Air Purifiers are designed to improve indoor air quality, capture allergens, and reduce airborne viruses and bacteria, with plans for additional models and smart technology integration.",,PR Newswire,General,PR Newswire,"[{'topic': 'retail_wholesale', 'relevance_score': '0.836403'}, {'topic': 'manufacturing', 'relevance_score': '0.711256'}]",0.199147,Somewhat-Bullish,"[{'ticker': 'CLX', 'relevance_score': '0.929667', 'ticker_sentiment_score': '0.347154', 'ticker_sentiment_label': 'Somewhat-Bullish'}, {'ticker': 'WMT', 'relevance_score': '0.638219', 'ticker_sentiment_score': '0.145785', 'ticker_sentiment_label': 'Neutral'}, {'ticker': 'TGT', 'relevance_score': '0.617438', 'ticker_sentiment_score': '0.130052', 'ticker_sentiment_label': 'Neutral'}, {'ticker': 'AMZN', 'relevance_score': '0.637153', 'ticker_sentiment_score': '0.118934', 'ticker_sentiment_label': 'Neutral'}]"
"Popular fashion brands you can trust on Amazon: Ugg, Champion, and more",https://www.reviewed.com/style/features/amazon-fashion-how-find-brands-you-can-trust,20220420T123900,['Hannah Southwick'],"This article identifies several popular fashion brands with official storefronts on Amazon, ensuring customers can purchase authentic products with confidence. It features brands like Ugg, Champion, Kendra Scott, Columbia Sportswear, and Alo Yoga, highlighting specific product recommendations and advising on the nuances of buying from third-party sellers versus official brand stores. The piece also mentions Amazon Luxury Stores as another avenue for verified designer goods.","https://reviewed-com-res.cloudinary.com/image/fetch/s--aKLodXY9--/b_white,c_limit,cs_srgb,f_auto,fl_progressive.strip_profile,g_center,q_auto,w_972/https://reviewed-production.s3.amazonaws.com/1650467030564/6f95c78d-662f-4b91-b911-610add06f875.jpeg",Reviewed,General,Reviewed,"[{'topic': 'retail_wholesale', 'relevance_score': '0.931078'}]",0.263011,Somewhat-Bullish,"[{'ticker': 'COLM', 'relevance_score': '1.000000', 'ticker_sentiment_score': '0.467122', 'ticker_sentiment_label': 'Bullish'}, {'ticker': 'AMZN', 'relevance_score': '0.909254', 'ticker_sentiment_score': '0.306870', 'ticker_sentiment_label': 'Somewhat-Bullish'}, {'ticker': 'DECK', 'relevance_score': '0.743968', 'ticker_sentiment_score': '0.332511', 'ticker_sentiment_label': 'Somewhat-Bullish'}, {'ticker': 'NKE', 'relevance_score': '0.646489', 'ticker_sentiment_score': '0.130901', 'ticker_sentiment_label': 'Neutral'}, {'ticker': 'RL', 'relevance_score': '0.624026', 'ticker_sentiment_score': '0.117314', 'ticker_sentiment_label': 'Neutral'}]"
Garmin Vivosmart 5 vs 4: a detailed comparison,https://gadgetsandwearables.com/2022/04/20/garmin-vivosmart-5-vs-4/,20220420T124906,['Marko Maslakovic'],"This article provides a detailed comparison between the Garmin Vivosmart 5 and its predecessor, the Vivosmart 4. It highlights key improvements in the Vivosmart 5, such as a larger display, enhanced sleep tracking with Sleep Score, 24/7 blood oxygen monitoring, and new safety features, while noting the loss of the barometric altimeter. The comparison helps potential buyers decide whether to upgrade or purchase the new fitness band.",https://gadgetsandwearables.com/wp-content/uploads/2022/04/F4152345-749E-4BB6-9997-6C32093D3653.jpeg,Gadgets & Wearables,General,Gadgets & Wearables,"[{'topic': 'technology', 'relevance_score': '0.941326'}]",0.211174,Somewhat-Bullish,"[{'ticker': 'GRMN', 'relevance_score': '1.000000', 'ticker_sentiment_score': '0.252733', 'ticker_sentiment_label': 'Somewhat-Bullish'}, {'ticker': 'AMZN', 'relevance_score': '0.630431', 'ticker_sentiment_score': '0.132599', 'ticker_sentiment_label': 'Neutral'}]"
Amazon Europe Unit Paid No Taxes on $55 Billion Sales in 2021,https://www.bloomberg.com/news/articles/2022-04-20/amazon-europe-unit-paid-no-taxes-on-55-billion-sales-in-2021,20220420T132000,['Benoit Berthelot'],"Amazon's main European retail business reported 1.16 billion euros in losses in 2021 on sales of 51.3 billion euros, resulting in no income tax payments. The Luxembourg-based unit, Amazon EU Sarl, also received 1 billion euros in tax credits. This unit oversees e-commerce operations across several European countries.",https://assets.bwbx.io/images/users/iqjWHBFdfxIU/i0UMNR1o8KmA/v0/-1x-1.webp,Bloomberg.com,General,Bloomberg.com,"[{'topic': 'economy_fiscal', 'relevance_score': '0.916423'}, {'topic': 'earnings', 'relevance_score': '0.806667'}, {'topic': 'retail_wholesale', 'relevance_score': '0.713671'}, {'topic': 'finance', 'relevance_score': '0.612793'}]",-0.444079,Bearish,"[{'ticker': 'AMZN', 'relevance_score': '1.000000', 'ticker_sentiment_score': '-0.407801', 'ticker_sentiment_label': 'Bearish'}]"
"Netflix shares slide after it loses 200,000 subscribers",https://www.cbsnews.com/news/netflix-losing-subscribers-stock-drop/,20220420T191100,['CBS/AP'],"Netflix shares plummeted after the company reported losing 200,000 subscribers in the first quarter of 2022, its first subscriber loss in over a decade. The decline was attributed to increased competition, economic headwinds, market saturation, and the withdrawal from Russia, leading to a significant drop in stock price and concerns about future growth. Netflix plans to address the issue by cracking down on password sharing and exploring new revenue streams like video games.",,CBS News,General,CBS News,"[{'topic': 'earnings', 'relevance_score': '0.922825'}, {'topic': 'financial_markets', 'relevance_score': '0.811241'}, {'topic': 'technology', 'relevance_score': '0.735358'}, {'topic': 'economy_macro', 'relevance_score': '0.621424'}]",-0.308466,Somewhat-Bearish,"[{'ticker': 'NFLX', 'relevance_score': '1.000000', 'ticker_sentiment_score': '-0.817636', 'ticker_sentiment_label': 'Bearish'}, {'ticker': 'AMZN', 'relevance_score': '0.686886', 'ticker_sentiment_score': '-0.249308', 'ticker_sentiment_label': 'Somewhat-Bearish'}, {'ticker': 'AAPL', 'relevance_score': '0.696520', 'ticker_sentiment_score': '-0.236408', 'ticker_sentiment_label': 'Somewhat-Bearish'}, {'ticker': 'DIS', 'relevance_score': '0.698944', 'ticker_sentiment_score': '-0.200416', 'ticker_sentiment_label': 'Somewhat-Bearish'}, {'ticker': 'WBD', 'relevance_score': '0.649027', 'ticker_sentiment_score': '0.113469', 'ticker_sentiment_label': 'Neutral'}]"
AT&T: HBO Max has built-in features to mitigate password sharing,https://www.streamtvinsider.com/video/att-hbo-max-has-built-features-mitigate-password-sharing,20220421T121900,['Masha Abarinova'],"AT&T's CEO John Stankey stated that HBO Max includes built-in features to mitigate password sharing, which he termed ""rampant abuse,"" while still being customer-sensitive. This announcement came during the company's Q1 earnings call, where AT&T reported 76.8 million global HBO and HBO Max subscribers. Despite growth in HBO Max usage, AT&T's overall year-over-year earnings declines were attributed to WarnerMedia investments and divestitures.",,StreamTV Insider,General,StreamTV Insider,"[{'topic': 'earnings', 'relevance_score': '0.911243'}, {'topic': 'mergers_and_acquisitions', 'relevance_score': '0.818007'}, {'topic': 'technology', 'relevance_score': '0.742376'}]",0.086823,Neutral,"[{'ticker': 'T', 'relevance_score': '0.955866', 'ticker_sentiment_score': '0.122138', 'ticker_sentiment_label': 'Neutral'}, {'ticker': 'WBD', 'relevance_score': '0.859757', 'ticker_sentiment_score': '0.325576', 'ticker_sentiment_label': 'Somewhat-Bullish'}, {'ticker': 'NFLX', 'relevance_score': '0.709386', 'ticker_sentiment_score': '0.017992', 'ticker_sentiment_label': 'Neutral'}, {'ticker': 'AMZN', 'relevance_score': '0.583370', 'ticker_sentiment_score': '-0.123719', 'ticker_sentiment_label': 'Neutral'}]"
Amazon launches $1B fund to invest in supply chain technology companies,https://siliconangle.com/2022/04/21/amazon-launches-1b-fund-invest-supply-chain-technology-companies/,20220421T123145,['Maria Deutscher'],"Amazon has launched a new $1 billion fund, the Amazon Industrial Innovation Fund, to invest in companies developing supply chain technologies, including warehouse robots. The fund aims to improve worker safety and supply chain efficiency by backing startups from early-stage to more established firms. Amazon has already announced its first five investments, supporting companies focused on wearables, warehouse automation, bipedal robots, and robotic arms.",https://d15shllkswkct0.cloudfront.net/wp-content/blogs.dir/1/files/2022/04/amazon-1-1.png,SiliconANGLE,General,SiliconANGLE,"[{'topic': 'technology', 'relevance_score': '1.000000'}, {'topic': 'retail_wholesale', 'relevance_score': '0.843106'}, {'topic': 'manufacturing', 'relevance_score': '0.701036'}]",0.416335,Bullish,"[{'ticker': 'AMZN', 'relevance_score': '1.000000', 'ticker_sentiment_score': '0.426982', 'ticker_sentiment_label': 'Bullish'}]"
BMW reveals upcoming i7 electric sedan,https://www.cbtnews.com/bmw-reveals-upcoming-i7-electric-sedan/,20220421T123200,['Kimberly Hurley'],"BMW has revealed its new electric i7 sedan, which is the third fully-electric vehicle in its lineup, aiming to compete with Tesla in the EV market. The i7 will join the i4 midsize sedan and iX crossover, featuring an attractive interior with advanced technology, including a 31.3-inch touchscreen ""BMW Theater Screen"" developed with Amazon Fire TV. The base model, priced at $119,300, is expected to offer 536 horsepower, a 0-60 mph time of 4.5 seconds, and a range of around 300 miles.",https://d9s1543upwp3n.cloudfront.net/wp-content/uploads/2023/01/CBT-Logo1.png,CBT News,General,CBT News,"[{'topic': 'energy_transportation', 'relevance_score': '0.928567'}, {'topic': 'manufacturing', 'relevance_score': '0.715857'}, {'topic': 'technology', 'relevance_score': '0.642433'}]",0.167285,Somewhat-Bullish,"[{'ticker': 'AN', 'relevance_score': '0.340054', 'ticker_sentiment_score': '0.004392', 'ticker_sentiment_label': 'Neutral'}, {'ticker': 'AMZN', 'relevance_score': '0.621301', 'ticker_sentiment_score': '0.336454', 'ticker_sentiment_label': 'Somewhat-Bullish'}]"
Christina Seafort Joins AppLovin as Chief People Officer,https://www.businesswire.com/news/home/20220421005333/en/Christina-Seafort-Joins-AppLovin-as-Chief-People-Officer,20220421T123219,[],"AppLovin Corporation has announced that Christina Seafort has joined the company as Chief People Officer (CPO). Seafort brings over 25 years of human resources experience, including her most recent role as Amazon's head of HR/Global Mergers and Acquisitions. She will focus on strengthening AppLovin's people-first approach, fostering inclusivity, and expanding diversity, equity, and inclusion efforts.",https://mms.businesswire.com/media/20220421005333/en/1427658/4/1200x630_New_Chief_People_Officer_hire_Christina.jpg?download=1,Business Wire,General,Business Wire,"[{'topic': 'technology', 'relevance_score': '0.807918'}]",0.226332,Somewhat-Bullish,"[{'ticker': 'APP', 'relevance_score': '1.000000', 'ticker_sentiment_score': '0.305071', 'ticker_sentiment_label': 'Somewhat-Bullish'}, {'ticker': 'AMZN', 'relevance_score': '0.613695', 'ticker_sentiment_score': '0.130414', 'ticker_sentiment_label': 'Neutral'}]"
How airports and airlines are harnessing new technologies to improve operations and CX,https://www.futuretravelexperience.com/2022/04/how-airports-and-airlines-are-harnessing-new-technologies-to-improve-operations-and-cx/,20220421T125634,['Bob Kwik'],"This article highlights how the aviation industry is leveraging new technologies like computer vision, IoT, and cloud-native solutions to enhance operations and customer experience. Examples include United Airlines optimizing ground equipment, Cincinnati/Northern Kentucky International Airport monitoring congestion with AWS Panorama, and Changi Airport Group developing a digital factory for customer-centric apps. Bob Kwik from AWS emphasizes the industry's urgency to adopt technology to improve revenues and passenger satisfaction.",https://www.futuretravelexperience.com/wp-content/uploads/2022/03/Bob-Kwik.jpg,Future Travel Experience,General,Future Travel Experience,"[{'topic': 'technology', 'relevance_score': '1.000000'}, {'topic': 'energy_transportation', 'relevance_score': '0.930759'}]",0.288023,Somewhat-Bullish,"[{'ticker': 'LUV', 'relevance_score': '0.875082', 'ticker_sentiment_score': '0.321313', 'ticker_sentiment_label': 'Somewhat-Bullish'}, {'ticker': 'UAL', 'relevance_score': '0.702763', 'ticker_sentiment_score': '0.347983', 'ticker_sentiment_label': 'Somewhat-Bullish'}, {'ticker': 'AMZN', 'relevance_score': '0.662991', 'ticker_sentiment_score': '0.275954', 'ticker_sentiment_label': 'Somewhat-Bullish'}, {'ticker': 'ACN', 'relevance_score': '0.556529', 'ticker_sentiment_score': '0.212992', 'ticker_sentiment_label': 'Somewhat-Bullish'}]"
George Soros Losing $1.3 Billion on Electric Vehicles,https://capitalresearch.org/article/george-soros-losing-1-3-billion-on-electric-vehicles/,20220421T130649,['Parker Thayer'],"Billionaire investor George Soros is reportedly facing significant losses, approximately $1.3 billion, on his massive investment in electric vehicle manufacturer Rivian Automotive. Despite Soros Fund Management's over $2 billion investment making Rivian nearly one-third of its total assets, the company's stock has plummeted due to production issues, supply chain problems, and rising costs. The article suggests Soros may leverage his political influence and philanthropic network to create a favorable policy environment for Rivian, given his history of using such power to influence markets.",,Capital Research Center,General,Capital Research Center,"[{'topic': 'earnings', 'relevance_score': '0.800951'}, {'topic': 'financial_markets', 'relevance_score': '0.908672'}, {'topic': 'economy_fiscal', 'relevance_score': '0.828520'}, {'topic': 'energy_transportation', 'relevance_score': '0.907983'}, {'topic': 'manufacturing', 'relevance_score': '0.644119'}]",-0.23552,Somewhat-Bearish,"[{'ticker': 'RIVN', 'relevance_score': '1.000000', 'ticker_sentiment_score': '-0.469164', 'ticker_sentiment_label': 'Bearish'}, {'ticker': 'AMZN', 'relevance_score': '0.694700', 'ticker_sentiment_score': '-0.119290', 'ticker_sentiment_label': 'Neutral'}, {'ticker': 'F', 'relevance_score': '0.626506', 'ticker_sentiment_score': '-0.104529', 'ticker_sentiment_label': 'Neutral'}, {'ticker': 'TSLA', 'relevance_score': '0.571688', 'ticker_sentiment_score': '-0.118081', 'ticker_sentiment_label': 'Neutral'}]"
State of Rhode Island,https://www.ibm.com/case-studies/state-of-rhode-island-ibm-consulting,20220421T170625,[],"In response to the COVID-19 pandemic, the State of Rhode Island partnered with IBM Consulting to improve its data processing and analytical capabilities. IBM helped the state build a cloud-based data lake, automate processes, and generate timely, data-driven insights to guide public health policies and communications, especially regarding health equity and vaccine distribution. This collaboration significantly enhanced Rhode Island's ability to respond effectively to the crisis and inform its citizens.",,IBM,General,IBM,"[{'topic': 'life_sciences', 'relevance_score': '1.000000'}, {'topic': 'technology', 'relevance_score': '0.816267'}, {'topic': 'economy_macro', 'relevance_score': '0.704287'}]",0.70507,Bullish,"[{'ticker': 'IBM', 'relevance_score': '1.000000', 'ticker_sentiment_score': '0.846186', 'ticker_sentiment_label': 'Bullish'}, {'ticker': 'CRM', 'relevance_score': '0.643308', 'ticker_sentiment_score': '0.604422', 'ticker_sentiment_label': 'Bullish'}, {'ticker': 'AMZN', 'relevance_score': '0.633812', 'ticker_sentiment_score': '0.610333', 'ticker_sentiment_label': 'Bullish'}]"
Procter & Gamble on scaling AI for enterprise,https://techinformed.com/procter-gamble-on-scaling-ai-for-enterprisex/,20220421T180652,['James Pearce'],"Procter & Gamble's CIO, Vittorio Cretella, highlights four key pillars for scaling AI in enterprise: data, talent, platforms, and trust. P&G utilizes AI across its operations, from inventory monitoring (saving $60m annually) to product innovation and preventative maintenance. The company emphasizes consolidating data into a 10 Petabyte data lake, a balanced internal/external talent strategy, automated platforms for diverse use cases, and fostering trust in AI among middle management.",,TechInformed,General,TechInformed,"[{'topic': 'technology', 'relevance_score': '0.931885'}, {'topic': 'retail_wholesale', 'relevance_score': '0.734079'}, {'topic': 'manufacturing', 'relevance_score': '0.623005'}]",0.367712,Bullish,"[{'ticker': 'PG', 'relevance_score': '1.000000', 'ticker_sentiment_score': '0.493537', 'ticker_sentiment_label': 'Bullish'}, {'ticker': 'AMZN', 'relevance_score': '0.618503', 'ticker_sentiment_score': '0.319896', 'ticker_sentiment_label': 'Somewhat-Bullish'}, {'ticker': 'GOOG', 'relevance_score': '0.630559', 'ticker_sentiment_score': '0.307955', 'ticker_sentiment_label': 'Somewhat-Bullish'}]"
Uncrustables Are Better Than a PB&J You Make Yourself,https://www.eater.com/23034365/uncrustables-peanut-butter-jelly-best-sandwich,20220422T130915,['Amy McCarthy'],"The author argues that Uncrustables are superior to homemade peanut butter and jelly sandwiches due to their convenience and optimized proportions. Despite the simplicity of making a PB&J, the author finds the process annoying, particularly the mess involved. Uncrustables offer a mess-free, nostalgic, and perfectly balanced snack, making them a worthwhile convenience for busy individuals.",https://platform.eater.com/wp-content/uploads/sites/2/chorus/uploads/chorus_asset/file/23404467/shutterstock_565096276.jpg?quality=90&strip=all&crop=0%2C8.3333333333333%2C100%2C83.333333333333&w=2400,Eater,General,Eater,"[{'topic': 'retail_wholesale', 'relevance_score': '0.832585'}]",0.231687,Somewhat-Bullish,"[{'ticker': 'SJM', 'relevance_score': '0.996927', 'ticker_sentiment_score': '0.326713', 'ticker_sentiment_label': 'Somewhat-Bullish'}, {'ticker': 'AMZN', 'relevance_score': '0.612681', 'ticker_sentiment_score': '0.111705', 'ticker_sentiment_label': 'Neutral'}]"
Cloud Architect: The Tech Skill Everyone Wants to Learn?,https://www.dice.com/career-advice/cloud-architect-the-tech-skill-everyone-wants-to-learn,20220422T131424,['Nick Kolakowski'],"Cloud architecture is rapidly becoming the most sought-after tech skill, with a 285% jump in class participation on Udemy. This demand is driven by the widespread adoption of cloud infrastructure by organizations, leading to a significant skills shortage. Cloud architects command a median annual salary of $131,513 and require expertise in AWS, Azure, Google Cloud, and continuous learning of diverse technical and soft skills.",https://www.dice.com/binaries/medium/content/gallery/dice/insights/2021/08/shutterstock_1912951960.jpg,Dice,General,Dice,"[{'topic': 'technology', 'relevance_score': '1.000000'}]",0.253518,Somewhat-Bullish,"[{'ticker': 'UDMY', 'relevance_score': '0.301030', 'ticker_sentiment_score': '0.042007', 'ticker_sentiment_label': 'Neutral'}, {'ticker': 'GOOGL', 'relevance_score': '0.701944', 'ticker_sentiment_score': '0.334414', 'ticker_sentiment_label': 'Somewhat-Bullish'}, {'ticker': 'MSFT', 'relevance_score': '0.706843', 'ticker_sentiment_score': '0.328363', 'ticker_sentiment_label': 'Somewhat-Bullish'}, {'ticker': 'AMZN', 'relevance_score': '0.613081', 'ticker_sentiment_score': '0.322987', 'ticker_sentiment_label': 'Somewhat-Bullish'}]"
Walmart expanding its India sourcing to $10 billion by 2027,https://americanbazaaronline.com/2022/04/22/walmart-expanding-its-india-sourcing-to-10-billion-by-2027-449351/,20220422T180622,['AB Wire'],"Walmart plans to expand its sourcing from India to $10 billion annually by 2027. The company is encouraging Indian manufacturers and trading companies to become cross-border sellers on Walmart Marketplace to reach over 120 million US consumers. Walmart is also providing support and resources to Indian sellers, including dedicated account managers, Walmart Fulfillment Services, and advertising opportunities.",,The American Bazaar,General,The American Bazaar,"[{'topic': 'retail_wholesale', 'relevance_score': '0.933922'}, {'topic': 'economy_macro', 'relevance_score': '0.804311'}, {'topic': 'finance', 'relevance_score': '0.639130'}]",0.315264,Somewhat-Bullish,"[{'ticker': 'PAYO', 'relevance_score': '0.825460', 'ticker_sentiment_score': '0.312333', 'ticker_sentiment_label': 'Somewhat-Bullish'}, {'ticker': 'WMT', 'relevance_score': '1.000000', 'ticker_sentiment_score': '0.488808', 'ticker_sentiment_label': 'Bullish'}, {'ticker': 'AMZN', 'relevance_score': '0.747738', 'ticker_sentiment_score': '0.198591', 'ticker_sentiment_label': 'Somewhat-Bullish'}]"
In Pics | World's top 10 richest women in 2022,https://www.deccanherald.com/archives/in-pics-worlds-top-10-richest-women-in-2022-1103682-1451266,20220424T125637,['DHNS'],"This article lists the top 10 richest women in the world in 2022, according to Forbes. It details their names, affiliations, and net worth, ranging from Abigail Johnson at $21.2 billion to Francoise Bettencourt-Meyers at $74.8 billion. The list includes prominent figures from various industries such as finance, mining, cosmetics, and retail.",https://media.assettype.com/deccanherald%2Fimport%2Fsites%2Fdh%2Ffiles%2Fgallery_images%2F2022%2F04%2F25%2FFrancoise%20Bettencourt%20Meyers.jpg?w=undefined,Deccan Herald,General,Deccan Herald,"[{'topic': 'finance', 'relevance_score': '1.000000'}, {'topic': 'economy_macro', 'relevance_score': '0.838451'}]",0.130341,Neutral,"[{'ticker': 'LVS', 'relevance_score': '0.743574', 'ticker_sentiment_score': '0.137632', 'ticker_sentiment_label': 'Neutral'}, {'ticker': 'WMT', 'relevance_score': '0.642702', 'ticker_sentiment_score': '0.133150', 'ticker_sentiment_label': 'Neutral'}, {'ticker': 'AMZN', 'relevance_score': '0.621656', 'ticker_sentiment_score': '0.112140', 'ticker_sentiment_label': 'Neutral'}]"
Hertz Selects AWS to Accelerate Digital Customer Experience and Sustainable Mobility,https://newsroom.hertz.com/press-releases/press-release-details/hertz-selects-aws-to-accelerate-digital-customer-experience-and-sustainable-mobility/,20220425T080000,[],"Hertz has partnered with Amazon Web Services (AWS) to modernize its customer experience and mobility platform, focusing on enhanced data analytics and vehicle telematics. This collaboration will support Hertz's investment in electric vehicles (EVs) and charging infrastructure, working towards an all-digital, EV-centric rental experience. The move also facilitates a broader cloud migration, aiming to improve fleet management and offer touchless car rental services.",https://mma.prnewswire.com/media/1803016/Amazon_Web_Services.jpg?w=600,Hertz Newsroom,General,Hertz Newsroom,"[{'topic': 'technology', 'relevance_score': '1.000000'}, {'topic': 'energy_transportation', 'relevance_score': '0.809551'}]",0.39655,Bullish,"[{'ticker': 'HTZ', 'relevance_score': '1.000000', 'ticker_sentiment_score': '0.444047', 'ticker_sentiment_label': 'Bullish'}, {'ticker': 'AMZN', 'relevance_score': '0.738696', 'ticker_sentiment_score': '0.324340', 'ticker_sentiment_label': 'Somewhat-Bullish'}]"
"What is Sonos Sound Swap, how does it work and which speakers is it available on?",https://www.pocket-lint.com/speakers/news/sonos/156050-what-is-sonos-sound-swap-how-does-it-work-and-which-speakers-is-it-available-on/,20220425T102300,"[""Britta O'Boyle""]","Sonos Sound Swap is a feature that allows users to transfer music playing on a Sonos Roam portable speaker to the nearest compatible Sonos speaker on the same Wi-Fi network. This function is activated by holding the play/pause button on the Roam and utilizes an inaudible ultrasonic frequency detected by the Roam's microphone to identify the closest speaker. Currently, Sound Swap is exclusive to the Sonos Roam, though it can send music to most other Sonos speakers except for older models like Play:1, Play:3, Port, Connect, Connect:Amp, and Boost due to processing power or frequency control limitations.",https://static0.pocketlintimages.com/wordpress/wp-content/uploads/156050-speakers-news-feature-what-is-sonos-sound-swap-how-does-it-work-and-which-speakers-is-it-available-on-image1-wfzta1agyk.jpg?&fit=crop&w=1600&h=900,Pocket-lint,General,Pocket-lint,"[{'topic': 'technology', 'relevance_score': '1.000000'}]",0.247176,Somewhat-Bullish,"[{'ticker': 'SONO', 'relevance_score': '0.326624', 'ticker_sentiment_score': '0.027124', 'ticker_sentiment_label': 'Neutral'}, {'ticker': 'BBY', 'relevance_score': '0.609133', 'ticker_sentiment_score': '0.324563', 'ticker_sentiment_label': 'Somewhat-Bullish'}, {'ticker': 'AMZN', 'relevance_score': '0.622568', 'ticker_sentiment_score': '0.335156', 'ticker_sentiment_label': 'Somewhat-Bullish'}, {'ticker': 'WMT', 'relevance_score': '0.603934', 'ticker_sentiment_score': '0.309501', 'ticker_sentiment_label': 'Somewhat-Bullish'}]"
Pain relievers recalled over child-safety issue,https://thenationaldesk.com/news/americas-news-now/pain-relievers-recalled-over-child-safety-issue-hempavana-ultra-strength-pain-relief-cream-with-lidocaine-night-turmeric-hand-body-lotion,20220425T115400,['WKRC Staff'],"Telebrands has recalled four of its Hempväna pain relief products due to a child-safety issue. The products, which contain lidocaine, do not have child-resistant packaging as required by the Poison Prevention Packaging Act, posing a poisoning risk to children. Approximately 183,000 units were sold, and while no injuries have been reported, consumers are advised to stop using them and contact Telebrands for disposal information, a refund, or a child-resistant closure.",https://thenationaldesk.com/resources/media2/16x9/full/1015/center/80/7e9b943c-e89e-4286-97c5-5603745186f4-large16x9_AP21336775055162.jpg,The National Desk,General,The National Desk,"[{'topic': 'life_sciences', 'relevance_score': '0.947565'}, {'topic': 'retail_wholesale', 'relevance_score': '0.702596'}]",0.136488,Neutral,"[{'ticker': 'EBAY', 'relevance_score': '0.736252', 'ticker_sentiment_score': '0.136453', 'ticker_sentiment_label': 'Neutral'}, {'ticker': 'AMZN', 'relevance_score': '0.633186', 'ticker_sentiment_score': '0.102961', 'ticker_sentiment_label': 'Neutral'}, {'ticker': 'WMT', 'relevance_score': '0.613847', 'ticker_sentiment_score': '0.139628', 'ticker_sentiment_label': 'Neutral'}, {'ticker': 'CVS', 'relevance_score': '0.615923', 'ticker_sentiment_score': '0.128890', 'ticker_sentiment_label': 'Neutral'}]"
Reliance abandons plans to buy Indian retailer amid challenges,https://www.aljazeera.com/economy/2022/4/25/reliance-abandons-plans-to-buy-indian-retailer-amid-challenges,20220425T123146,['Suvashree Ghosh and Bloomberg'],"Reliance Industries Ltd. has abandoned its plan to acquire certain assets of Future Group, an Indian retailer, after Future Retail Ltd. failed to secure the approval of its secured creditors for the deal. This decision comes after almost two years of legal challenges from Amazon.com Inc., which had contested the takeover. The move potentially concludes a significant battle between Reliance and Amazon for control of India's vast market.",https://www.aljazeera.com/wp-content/uploads/2022/04/386608707.jpg?resize=770%2C513&quality=80,Al Jazeera,General,Al Jazeera,"[{'topic': 'mergers_and_acquisitions', 'relevance_score': '0.916370'}, {'topic': 'retail_wholesale', 'relevance_score': '0.849585'}, {'topic': 'financial_markets', 'relevance_score': '0.619977'}, {'topic': 'finance', 'relevance_score': '0.624501'}]",0.094586,Neutral,"[{'ticker': 'AMZN', 'relevance_score': '0.919679', 'ticker_sentiment_score': '0.208839', 'ticker_sentiment_label': 'Somewhat-Bullish'}, {'ticker': 'WMT', 'relevance_score': '0.620302', 'ticker_sentiment_score': '-0.147357', 'ticker_sentiment_label': 'Neutral'}]"
Ball Aluminum Cup™ Recognized with a 2022 Edison Award for Innovation in Providing Consumers Sustainable Solutions,https://www.ball.com/newswire/article/124122/ball-aluminum-cup-recognized-with-a-2022-edison-award-for-innovation-in-providing,20220425T123348,[],"Ball Corporation's Ball Aluminum Cup™ has been awarded a Gold Edison Award in the Consumer Solutions: Sustainability field for its innovative and sustainable design. The infinitely recyclable cup, made with 90% recycled content, was recognized for its positive impact on the world and its role in offering consumers a more sustainable beverage packaging option. This achievement highlights Ball's commitment to providing circular aluminum packaging solutions.",https://www.ball.com/getattachment/f42ffe4b-1a54-4be9-9440-3de446d8a881/Gradient-Web-Banner_1534x432?lang=en-US&ext=.png,ball.com,General,ball.com,"[{'topic': 'manufacturing', 'relevance_score': '0.943786'}, {'topic': 'retail_wholesale', 'relevance_score': '0.722077'}]",0.527011,Bullish,"[{'ticker': 'BALL', 'relevance_score': '1.000000', 'ticker_sentiment_score': '0.851418', 'ticker_sentiment_label': 'Bullish'}, {'ticker': 'AMZN', 'relevance_score': '0.610899', 'ticker_sentiment_score': '0.219651', 'ticker_sentiment_label': 'Somewhat-Bullish'}]"
Witty & Frank: 5 Successful Examples of Self-Referential Marketing Campaigns,https://www.outbrain.com/blog/witty-frank-5-successful-examples-of-self-referential-marketing-campaigns/,20220425T131221,['Tara Parachuck'],"This article explores self-referential marketing, a strategy that plays on people's natural inclination to focus on themselves, leading to stronger emotional connections with brands. It highlights five successful campaigns from Iberia Airlines, Snapchat (Bitmoji), Munster Donuts, Spotify, and Amazon, demonstrating how personalization, local identity, and user-centric features can enhance engagement and loyalty. The piece also advises marketers to be mindful of consumer boundaries when implementing such personalized approaches.",https://www.outbrain.com/blog/wp-content/uploads/2022/04/OB-Blog-Whats-Marketing-All-About-1200x675-b-1024x576.png,Outbrain,General,Outbrain,"[{'topic': 'finance', 'relevance_score': '0.720881'}, {'topic': 'technology', 'relevance_score': '0.811955'}]",0.214464,Somewhat-Bullish,"[{'ticker': 'TEAD', 'relevance_score': '0.330273', 'ticker_sentiment_score': '0.039624', 'ticker_sentiment_label': 'Neutral'}, {'ticker': 'META', 'relevance_score': '0.705956', 'ticker_sentiment_score': '0.327221', 'ticker_sentiment_label': 'Somewhat-Bullish'}, {'ticker': 'AMZN', 'relevance_score': '0.707963', 'ticker_sentiment_score': '0.309435', 'ticker_sentiment_label': 'Somewhat-Bullish'}]"
Cargill Plans to Deploy Green Ships by 2030,https://gcaptain.com/cargill-plans-to-deploy-green-ships-by-2030/,20220425T131431,['Jack Wittels'],"Cargill Inc., a major commodities trading company, aims to have some of its freight vessels powered by clean marine fuel by 2030. With a fleet of up to 700 leased vessels currently using oil, Cargill's Ocean Transportation business president, Jan Dieleman, is confident in achieving this zero-carbon goal, exploring options like biofuels, ammonia, and methane. The initiative contributes to the broader industry effort to cut shipping emissions, although significant challenges remain in scaling up technology and ensuring fuel supply.",https://gcaptain.com/wp-content/uploads/2021/09/shutterstock_723314995.jpg,gCaptain,General,gCaptain,"[{'topic': 'energy_transportation', 'relevance_score': '0.911735'}, {'topic': 'economy_macro', 'relevance_score': '0.611297'}]",0.307156,Somewhat-Bullish,"[{'ticker': 'UL', 'relevance_score': '0.844415', 'ticker_sentiment_score': '0.321957', 'ticker_sentiment_label': 'Somewhat-Bullish'}, {'ticker': 'AMZN', 'relevance_score': '0.647496', 'ticker_sentiment_score': '0.337674', 'ticker_sentiment_label': 'Somewhat-Bullish'}, {'ticker': 'IBM', 'relevance_score': '0.637554', 'ticker_sentiment_score': '0.304514', 'ticker_sentiment_label': 'Somewhat-Bullish'}]"
Alibaba Group Holding Ltd. ADR underperforms Monday when compared to competitors,https://www.marketwatch.com/story/alibaba-group-holding-ltd-adr-underperforms-monday-when-compared-to-competitors-01650919134-e3bf50341671?gaa_at=eafs&gaa_n=AWEtsqe0dNQjA3XS3EQXJLc-cPBydDyHZlURYxXwIevBUbtySuhsKZOb_zMc&gaa_ts=699afb21&gaa_sig=zKOqN7lLTGoEfvLLkhY8PoRhFK_anxFoOWvht46fSPAusDDGfcXtMwRcv7yqLp9ph86BHyAgaaoSD97lL06k8g%3D%3D,20220425T163800,['Terrence Horan'],"On Monday, Alibaba Group Holding Ltd. ADR (BABA) saw its stock slump by 0.75% to $85.84, underperforming the broader market and several key competitors. This movement occurred despite a positive trading session for the NASDAQ Composite Index and the Dow Jones Industrial Average. The company's ADR closed significantly below its 52-week high, while competitors like Amazon.com Inc. and eBay Inc. posted gains.",https://images.mktw.net/im-220105?width=700&height=466,MarketWatch,General,MarketWatch,"[{'topic': 'financial_markets', 'relevance_score': '0.949307'}, {'topic': 'retail_wholesale', 'relevance_score': '0.725954'}, {'topic': 'technology', 'relevance_score': '0.632897'}]",-0.025114,Neutral,"[{'ticker': 'BABA', 'relevance_score': '1.000000', 'ticker_sentiment_score': '-0.393404', 'ticker_sentiment_label': 'Bearish'}, {'ticker': 'AMZN', 'relevance_score': '0.630445', 'ticker_sentiment_score': '0.184480', 'ticker_sentiment_label': 'Somewhat-Bullish'}, {'ticker': 'EBAY', 'relevance_score': '0.646699', 'ticker_sentiment_score': '0.183565', 'ticker_sentiment_label': 'Somewhat-Bullish'}]"
"EEOC: Employer rescinded job offer based on ADHD meds, violated ADA",https://www.hrdive.com/news/eeoc-employer-rescinded-job-offer-based-on-adhd-meds-violated-ada/622511/,20220425T171547,['Ryan Golden'],"The U.S. Equal Employment Opportunity Commission (EEOC) filed a lawsuit against International Paper Co., alleging a violation of the Americans with Disabilities Act. The company rescinded a job offer to an applicant with ADHD because he tested positive for amphetamines due to prescribed Adderall, despite being informed of the medication. This case highlights the EEOC's stance against discriminating based on legal prescription drug use, even in permissible drug tests, when the medication treats a disability and doesn't affect job performance.",,HR Dive,General,HR Dive,"[{'topic': 'finance', 'relevance_score': '0.825583'}, {'topic': 'life_sciences', 'relevance_score': '0.715131'}]",-0.057725,Neutral,"[{'ticker': 'IP', 'relevance_score': '1.000000', 'ticker_sentiment_score': '-0.218567', 'ticker_sentiment_label': 'Somewhat-Bearish'}, {'ticker': 'AMZN', 'relevance_score': '0.607726', 'ticker_sentiment_score': '0.103835', 'ticker_sentiment_label': 'Neutral'}, {'ticker': 'CVX', 'relevance_score': '0.585538', 'ticker_sentiment_score': '0.001932', 'ticker_sentiment_label': 'Neutral'}]"
Tax Breaks Cushion Tesla’s Texas Landing,https://prospect.org/2022/04/25/tax-breaks-cushion-teslas-texas-landing/,20220425T185711,['Isabelle Gius'],"Tesla received approximately $64 million in state and local tax breaks to build its Giga Texas factory in Austin, sparking debate over the efficacy of such incentives in generating promised economic benefits and jobs. The article highlights concerns that communities often give up more than they gain from these deals, drawing parallels to Tesla's Buffalo factory where job creation targets were not met. Community groups and local residents have raised issues regarding the deal's lack of oversight, potential for wage theft and unsafe conditions, and the challenge of local hiring due to language barriers, leading some local lawmakers to question the wisdom of future incentive deals.",,The American Prospect,General,The American Prospect,"[{'topic': 'economy_fiscal', 'relevance_score': '0.929136'}, {'topic': 'energy_transportation', 'relevance_score': '0.810353'}, {'topic': 'manufacturing', 'relevance_score': '0.719389'}, {'topic': 'economy_macro', 'relevance_score': '0.619609'}]",-0.154931,Somewhat-Bearish,"[{'ticker': 'TSLA', 'relevance_score': '1.000000', 'ticker_sentiment_score': '-0.257603', 'ticker_sentiment_label': 'Somewhat-Bearish'}, {'ticker': 'AMZN', 'relevance_score': '0.624039', 'ticker_sentiment_score': '-0.093890', 'ticker_sentiment_label': 'Neutral'}, {'ticker': 'GOOGL', 'relevance_score': '0.568724', 'ticker_sentiment_score': '-0.050932', 'ticker_sentiment_label': 'Neutral'}]"
JCPenney owners are 'set to offer to buy Kohl's' in deal that could value chain at $8.6 billion,https://www.dailymail.co.uk/news/article-10752331/JCPenney-owners-set-offer-buy-Kohls-deal-value-chain-8-6-billion.html,20220425T230000,['ALEX HAMMER'],"The owners of JCPenney, Simon Property and Brookfield Asset Management, are reportedly offering to buy rival retailer Kohl's for $8.6 billion ($68 a share). This potential acquisition comes two years after JCPenney itself filed for bankruptcy and closed nearly a third of its stores. The plan is to maintain both brands while streamlining operations and cutting costs by about $1 billion over three years, with a single management team initially overseeing both companies.",https://i.dailymail.co.uk/1s/2022/04/25/22/57038913-10752331-image-a-38_1650923397575.jpg,Daily Mail,General,Daily Mail,"[{'topic': 'mergers_and_acquisitions', 'relevance_score': '0.925588'}, {'topic': 'retail_wholesale', 'relevance_score': '0.820161'}, {'topic': 'financial_markets', 'relevance_score': '0.606278'}, {'topic': 'economy_macro', 'relevance_score': '0.603457'}]",0.1588,Somewhat-Bullish,"[{'ticker': 'SPG', 'relevance_score': '0.918403', 'ticker_sentiment_score': '0.390420', 'ticker_sentiment_label': 'Bullish'}, {'ticker': 'AMZN', 'relevance_score': '0.631350', 'ticker_sentiment_score': '-0.144800', 'ticker_sentiment_label': 'Neutral'}]"
"Funds That Buy Like Buffett, 2022",https://www.morningstar.com/funds/funds-that-buy-like-buffett-2022,20220426T122947,['David Kathman'],"This article identifies mutual funds that invest similarly to Warren Buffett's Berkshire Hathaway. It highlights funds that hold a high percentage of the same stocks as Buffett's portfolio, with a particular focus on Apple. The piece also discusses the investment strategies of these funds and their performance.",https://cloudfront-us-east-1.images.arcpublishing.com/morningstar/NSJLU32JFZZNYWR66OM3CAE5N4.jpg,Morningstar,General,Morningstar,"[{'topic': 'finance', 'relevance_score': '1.000000'}, {'topic': 'financial_markets', 'relevance_score': '0.921905'}]",0.068722,Neutral,"[{'ticker': 'ABBV', 'relevance_score': '0.644723', 'ticker_sentiment_score': '-0.118239', 'ticker_sentiment_label': 'Neutral'}, {'ticker': 'MSFT', 'relevance_score': '0.647403', 'ticker_sentiment_score': '0.109211', 'ticker_sentiment_label': 'Neutral'}, {'ticker': 'AAPL', 'relevance_score': '0.922193', 'ticker_sentiment_score': '0.222674', 'ticker_sentiment_label': 'Somewhat-Bullish'}, {'ticker': 'MRK', 'relevance_score': '0.648888', 'ticker_sentiment_score': '-0.144939', 'ticker_sentiment_label': 'Neutral'}, {'ticker': 'AMZN', 'relevance_score': '0.626679', 'ticker_sentiment_score': '0.129756', 'ticker_sentiment_label': 'Neutral'}]"
CELSIUS Sparkling Strawberry Lemonade,https://www.bevindustry.com/articles/94960-celsius-sparkling-strawberry-lemonade,20220426T123738,[],"CELSIUS Energy Drink has launched a new Sparkling Strawberry Lemonade flavor, just in time for warmer weather. This carbonated beverage is made with clinically proven ingredients and aims to provide a summery pick-me-up. It is available for purchase online through Amazon.com and the company's website.",https://www.bevindustry.com/ext/resources/2022/04/20/CELSIUS_StrawberryLemonade.webp?t=1651432207,Beverage Industry,General,Beverage Industry,"[{'topic': 'retail_wholesale', 'relevance_score': '0.816700'}]",0.266259,Somewhat-Bullish,"[{'ticker': 'CELH', 'relevance_score': '1.000000', 'ticker_sentiment_score': '0.439262', 'ticker_sentiment_label': 'Bullish'}, {'ticker': 'AMZN', 'relevance_score': '0.626933', 'ticker_sentiment_score': '0.108003', 'ticker_sentiment_label': 'Neutral'}]"
The Trusted Yelp ‘Elite’ Reviewers Who Sell Their Reviews for Cash,https://www.vice.com/en/article/buy-yelp-elite-reviews/,20220426T131836,['Joseph Cox'],"An investigation has revealed that some Yelp Elite members, who are designated as more trustworthy reviewers, are selling their positive reviews for cash. Former federal investigator Kay Dean uncovered instances where Elite members posted fake reviews for businesses like Regenics, receiving payment from third parties. This practice undermines Yelp's system of trust and distorts the marketplace, benefiting businesses that pay for reviews over those that don't, although Yelp states that only a small percentage of Elite reviewers have been tied to such activities and the company actively investigates and removes fraudulent accounts.",,VICE,General,VICE,"[{'topic': 'retail_wholesale', 'relevance_score': '0.830498'}, {'topic': 'technology', 'relevance_score': '0.728965'}]",-0.304084,Somewhat-Bearish,"[{'ticker': 'YELP', 'relevance_score': '1.000000', 'ticker_sentiment_score': '-0.412846', 'ticker_sentiment_label': 'Bearish'}, {'ticker': 'AMZN', 'relevance_score': '0.613749', 'ticker_sentiment_score': '-0.215130', 'ticker_sentiment_label': 'Somewhat-Bearish'}, {'ticker': 'META', 'relevance_score': '0.622510', 'ticker_sentiment_score': '-0.207638', 'ticker_sentiment_label': 'Somewhat-Bearish'}]"
Marcelo Affonso and Rebecca Weekly: why we joined Cloudflare,https://blog.cloudflare.com/marcelo-affonso-and-rebecca-weekly-why-we-joined-cloudflare/,20220426T174657,"['Marcelo Affonso', 'Rebecca Weekly']","This article features Marcelo Affonso (VP of Infrastructure Operations) and Rebecca Weekly (VP of Hardware Systems) discussing their reasons for joining Cloudflare. They share their professional journeys, highlight Cloudflare's mission to build a better Internet through security, speed, and privacy, and express excitement about expanding Cloudflare's global infrastructure and hardware innovation in a ""new golden age of computer architecture.""",,The Cloudflare Blog,General,The Cloudflare Blog,"[{'topic': 'technology', 'relevance_score': '0.918388'}]",0.510802,Bullish,"[{'ticker': 'NET', 'relevance_score': '1.000000', 'ticker_sentiment_score': '0.890585', 'ticker_sentiment_label': 'Bullish'}, {'ticker': 'AMZN', 'relevance_score': '0.644925', 'ticker_sentiment_score': '0.120381', 'ticker_sentiment_label': 'Neutral'}]"
Does a Musk-owned Twitter dim Tesla’s star?,https://www.eenews.net/articles/does-a-musk-owned-twitter-dim-teslas-star/,20220427T071100,['David Ferris'],"Elon Musk's bid to buy Twitter has raised concerns about its potential impact on Tesla's reputation and future. Observers question whether this acquisition distracts Musk from Tesla's core mission and if the controversies surrounding Twitter could negatively affect the automaker's brand and stock performance. While some see potential for new alliances and free speech advocacy, others worry about conflicts of interest and potential harm to customer perception and privacy.",,E&E News by POLITICO,General,E&E News by POLITICO,"[{'topic': 'mergers_and_acquisitions', 'relevance_score': '0.808211'}, {'topic': 'technology', 'relevance_score': '0.808651'}, {'topic': 'energy_transportation', 'relevance_score': '0.739285'}]",-0.055823,Neutral,"[{'ticker': 'TSLA', 'relevance_score': '1.000000', 'ticker_sentiment_score': '-0.263495', 'ticker_sentiment_label': 'Somewhat-Bearish'}, {'ticker': 'AMZN', 'relevance_score': '0.603213', 'ticker_sentiment_score': '0.079390', 'ticker_sentiment_label': 'Neutral'}, {'ticker': 'GOOGL', 'relevance_score': '0.581655', 'ticker_sentiment_score': '0.074143', 'ticker_sentiment_label': 'Neutral'}]"
Amazon Signs Deal to Bring One Championship MMA Fights to Prime,https://www.bloomberg.com/news/articles/2022-04-27/amazon-amzn-brings-one-championship-mma-fights-to-prime-video,20220427T123146,['Kim Bhasin'],"Amazon has secured a five-year deal with One Championship to exclusively stream mixed martial arts fights on Prime Video in the U.S. and Canada. The agreement will bring at least 12 live prime-time events annually, marking Amazon's continued expansion into live sports content. Financial terms of the deal were not disclosed.",https://assets.bwbx.io/images/users/iqjWHBFdfxIU/ilyWHAjEkPfI/v1/-1x-1.webp,Bloomberg,General,Bloomberg,"[{'topic': 'retail_wholesale', 'relevance_score': '0.748943'}, {'topic': 'technology', 'relevance_score': '0.838913'}]",0.405062,Bullish,"[{'ticker': 'AMZN', 'relevance_score': '1.000000', 'ticker_sentiment_score': '0.412718', 'ticker_sentiment_label': 'Bullish'}]"
Amazon Freight now offers money back through American Express,https://www.freightwaves.com/news/amazon-freight-now-offers-money-back-through-american-express,20220427T123336,['Jack Daleo'],"Amazon Freight has partnered with American Express to offer cash back to freight brokers and forwarders. Eligible Amazon Business American Express cardholders can receive 3% back per load, while Amazon Business Prime American Express card members can earn 5% back on shipments booked through Amazon Freight. This initiative aims to provide cost savings in the freight industry, a sector Amazon has increasingly made its mark in despite initial skepticism from carriers and brokers.","https://freightwaves.b-cdn.net/wp-content/uploads/2022/04/112421-631.jpg?resize=970,546&width=970&height=546",FreightWaves,General,FreightWaves,"[{'topic': 'retail_wholesale', 'relevance_score': '0.843416'}, {'topic': 'energy_transportation', 'relevance_score': '0.940381'}, {'topic': 'finance', 'relevance_score': '0.748158'}]",0.237921,Somewhat-Bullish,"[{'ticker': 'AXP', 'relevance_score': '1.000000', 'ticker_sentiment_score': '0.404003', 'ticker_sentiment_label': 'Bullish'}, {'ticker': 'AMZN', 'relevance_score': '0.937911', 'ticker_sentiment_score': '0.307780', 'ticker_sentiment_label': 'Somewhat-Bullish'}, {'ticker': 'UPS', 'relevance_score': '0.611577', 'ticker_sentiment_score': '0.104010', 'ticker_sentiment_label': 'Neutral'}, {'ticker': 'FDX', 'relevance_score': '0.633092', 'ticker_sentiment_score': '0.100971', 'ticker_sentiment_label': 'Neutral'}]"
The winners and losers in Chicagoland's grocery wars,https://www.axios.com/local/chicago/2022/04/27/the-winners-and-losers-in-chicagolands-grocery-wars,20220427T123911,['Monica Eng'],"Despite the rise of various grocery store formats, Jewel remains the market leader in Chicagoland's grocery sector. The analysis highlights that while mainstream stores like Jewel still dominate, specialty and discount grocers are also strong contenders. In 2021, Chicagoland's grocery sales hit $24.5 billion, with households spending 4.5% of their income on food and drink for the home.",https://datawrapper.dwcdn.net/L3irn/full.png,Axios,General,Axios,"[{'topic': 'retail_wholesale', 'relevance_score': '0.836949'}, {'topic': 'economy_macro', 'relevance_score': '0.640431'}]",0.114398,Neutral,"[{'ticker': 'COST', 'relevance_score': '0.311783', 'ticker_sentiment_score': '0.000607', 'ticker_sentiment_label': 'Neutral'}, {'ticker': 'WMT', 'relevance_score': '0.715133', 'ticker_sentiment_score': '0.133458', 'ticker_sentiment_label': 'Neutral'}, {'ticker': 'TGT', 'relevance_score': '0.646119', 'ticker_sentiment_score': '0.141869', 'ticker_sentiment_label': 'Neutral'}, {'ticker': 'KR', 'relevance_score': '0.621436', 'ticker_sentiment_score': '0.137896', 'ticker_sentiment_label': 'Neutral'}, {'ticker': 'AMZN', 'relevance_score': '0.609127', 'ticker_sentiment_score': '0.149119', 'ticker_sentiment_label': 'Neutral'}]"
Equinix Q1 2022: xScale Quarterly Leasing Activity Drops to Zero,https://dgtlinfra.com/equinix-q1-2022-xscale-leasing-activity/,20220427T124353,['Mary Zhang'],"Equinix reported its Q1 2022 earnings, showing a 10% year-over-year revenue increase but also a significant halt in leasing activity for its hyperscale xScale facilities. The company provided financial guidance for 2022, continued its global data center expansion, and outlined recent acquisitions and joint ventures, while noting that no new xScale capacity was leased in the quarter.",https://dgtlinfra.com/wp-content/uploads/2022/04/Equinix-xScale-Joint-Venture-Projects-Q1-2022-931x1024.jpg,Dgtl Infra,General,Dgtl Infra,"[{'topic': 'earnings', 'relevance_score': '1.000000'}, {'topic': 'technology', 'relevance_score': '0.806036'}, {'topic': 'mergers_and_acquisitions', 'relevance_score': '0.728803'}, {'topic': 'real_estate', 'relevance_score': '0.638271'}, {'topic': 'finance', 'relevance_score': '0.627209'}]",0.141949,Neutral,"[{'ticker': 'EQIX', 'relevance_score': '1.000000', 'ticker_sentiment_score': '0.128134', 'ticker_sentiment_label': 'Neutral'}, {'ticker': 'NDAQ', 'relevance_score': '0.644700', 'ticker_sentiment_score': '-0.104213', 'ticker_sentiment_label': 'Neutral'}, {'ticker': 'MSFT', 'relevance_score': '0.606683', 'ticker_sentiment_score': '0.231603', 'ticker_sentiment_label': 'Somewhat-Bullish'}, {'ticker': 'CRM', 'relevance_score': '0.634261', 'ticker_sentiment_score': '0.211143', 'ticker_sentiment_label': 'Somewhat-Bullish'}, {'ticker': 'AMZN', 'relevance_score': '0.601776', 'ticker_sentiment_score': '0.219654', 'ticker_sentiment_label': 'Somewhat-Bullish'}]"
"Why AWS, Microsoft, Google, Visa Are Setting Base In Kenya",https://cioafrica.co/why-aws-microsoft-google-visa-are-setting-base-in-kenya/,20220427T190624,['Steve Mbego'],"Major tech companies like Amazon Web Services, Microsoft, Google, and Visa are establishing operations in Kenya due to its growing economy and increasing client demand for cloud computing services. Kenya's strategic location as East Africa's largest economy and a hub for Fortune 500 companies makes it an attractive market for expansion. This move is driven by the need to meet local data residency requirements and capitalize on the burgeoning African cloud computing industry.",,CIO Africa,General,CIO Africa,"[{'topic': 'economy_macro', 'relevance_score': '0.829968'}, {'topic': 'technology', 'relevance_score': '1.000000'}, {'topic': 'finance', 'relevance_score': '0.716904'}]",0.367682,Bullish,"[{'ticker': 'V', 'relevance_score': '1.000000', 'ticker_sentiment_score': '0.449927', 'ticker_sentiment_label': 'Bullish'}, {'ticker': 'AMZN', 'relevance_score': '0.851758', 'ticker_sentiment_score': '0.318593', 'ticker_sentiment_label': 'Somewhat-Bullish'}, {'ticker': 'MSFT', 'relevance_score': '0.840210', 'ticker_sentiment_score': '0.300021', 'ticker_sentiment_label': 'Somewhat-Bullish'}, {'ticker': 'GOOG', 'relevance_score': '0.803055', 'ticker_sentiment_score': '0.302673', 'ticker_sentiment_label': 'Somewhat-Bullish'}, {'ticker': 'GOOGL', 'relevance_score': '0.799743', 'ticker_sentiment_score': '0.337399', 'ticker_sentiment_label': 'Somewhat-Bullish'}]"
Amazon Just Quietly Added What Might Be Its Single Most Important Feature Yet,https://www.inc.com/jason-aten/amazon-may-have-just-quietly-added-its-single-most-important-feature.html,20220428T123145,['JASON ATEN'],"Amazon has launched ""Buy With Prime,"" a new feature that allows online retailers to offer Prime shipping and payment benefits directly on their own websites. This move is presented as potentially more significant than Amazon's original Prime membership, extending its fulfillment advantages beyond its own platform. The feature aims to simplify purchases for customers while also benefiting Amazon by increasing the utility and reach of its Prime service.","https://img-cdn.inc.com/image/upload/f_webp,c_fit,w_1920,q_auto/images/panoramic/getty_1065011338_wecre6.jpg",Inc.com,General,Inc.com,"[{'topic': 'retail_wholesale', 'relevance_score': '0.908824'}, {'topic': 'technology', 'relevance_score': '0.842865'}, {'topic': 'finance', 'relevance_score': '0.635408'}]",0.44991,Bullish,"[{'ticker': 'AMZN', 'relevance_score': '1.000000', 'ticker_sentiment_score': '0.402947', 'ticker_sentiment_label': 'Bullish'}]"
Amazon Q1 2022 Earnings Report Recap,https://www.investopedia.com/amazon-q1-fy2022-earnings-report-recap-5270247,20220428T123145,['Nathan Reiff'],"Amazon (AMZN) reported mixed results for Q1 2022, missing EPS predictions significantly with a -$7.56 loss per share, the first net loss in at least four years, primarily due to a $7.6 billion valuation loss from its investment in Rivian. However, the company matched revenue forecasts and saw its high-margin Amazon Web Services (AWS) business surpass analyst expectations, growing 37% year-over-year to $18.4 billion and accounting for the majority of Amazon's operating income. Following the announcement, Amazon's stock dropped over 9% in after-hours trading and has underperformed the S&P 500 over the past year.",,Investopedia,General,Investopedia,"[{'topic': 'earnings', 'relevance_score': '0.905781'}, {'topic': 'technology', 'relevance_score': '0.816803'}, {'topic': 'financial_markets', 'relevance_score': '0.707914'}, {'topic': 'retail_wholesale', 'relevance_score': '0.619271'}]",0.045898,Neutral,"[{'ticker': 'AMZN', 'relevance_score': '0.316617', 'ticker_sentiment_score': '0.036739', 'ticker_sentiment_label': 'Neutral'}]"
"In India, a new platform to curb the powers of Amazon, Flipkart",https://www.aljazeera.com/economy/2022/4/28/this-indian-billionaire-is-working-to-curb-the-powers-of-amazon,20220428T123146,['Saritha Rai and Bloomberg'],"Indian tech billionaire Nandan Nilekani is collaborating with the government to launch the Open Network for Digital Commerce (ONDC), a platform designed to empower small merchants and challenge the dominance of Amazon and Walmart-owned Flipkart in India's retail market. ONDC aims to create an accessible online ecosystem where traders and consumers can transact freely, thereby leveling the playing field for millions of small businesses. This initiative seeks to prevent small Indian businesses from being marginalized by large e-commerce players, similar to how the Aadhar biometric ID system and UPI transformed digital payments.",https://www.aljazeera.com/wp-content/uploads/2022/04/386668561.jpg?resize=770%2C513&quality=80,Al Jazeera,General,Al Jazeera,"[{'topic': 'retail_wholesale', 'relevance_score': '0.914576'}, {'topic': 'technology', 'relevance_score': '0.825951'}, {'topic': 'economy_fiscal', 'relevance_score': '0.649855'}, {'topic': 'finance', 'relevance_score': '0.645409'}, {'topic': 'economy_macro', 'relevance_score': '0.602004'}]",0.032769,Neutral,"[{'ticker': 'AMZN', 'relevance_score': '0.335226', 'ticker_sentiment_score': '0.040550', 'ticker_sentiment_label': 'Neutral'}]"
Ansys simulation software to be used in CU Boulder graduate program,https://www.bizjournals.com/pittsburgh/news/2022/04/28/ansys-tech-used-cu-boulder-graduate-program.html,20220428T123209,['Jordyn Hronec'],"Ansys Inc., an engineering simulation software company based in Pittsburgh, is partnering with the University of Colorado Boulder. Their software will be integrated into the university's new Professional Master’s Program in High-Speed Digital Engineering. This collaboration aims to provide students with advanced simulation tools relevant to their field.",https://media.bizj.us/view/img/12199573/ansys-0001*900xx2121-1195-0-218.jpg,The Business Journals,General,The Business Journals,"[{'topic': 'technology', 'relevance_score': '0.849240'}]",0.350824,Bullish,"[{'ticker': 'ANSS', 'relevance_score': '1.000000', 'ticker_sentiment_score': '0.405598', 'ticker_sentiment_label': 'Bullish'}, {'ticker': 'AMD', 'relevance_score': '0.707055', 'ticker_sentiment_score': '0.343286', 'ticker_sentiment_label': 'Somewhat-Bullish'}, {'ticker': 'MSFT', 'relevance_score': '0.603695', 'ticker_sentiment_score': '0.347845', 'ticker_sentiment_label': 'Somewhat-Bullish'}, {'ticker': 'AMZN', 'relevance_score': '0.609621', 'ticker_sentiment_score': '0.311738', 'ticker_sentiment_label': 'Somewhat-Bullish'}]"
Apple sees bigger supply problems after strong start to year,https://www.reuters.com/technology/apple-beats-sales-estimates-with-big-bumps-iphones-services-2022-04-28/,20220429T100200,"['Paresh Dave', 'Nivedita Balu']","Apple Inc. anticipates significant supply chain disruptions in the upcoming fiscal quarter, primarily due to COVID-19 lockdowns in China and ongoing chip shortages, which are expected to reduce sales by $4 billion to $8 billion. Despite reporting record profits and sales for its fiscal second quarter, the company's shares dropped following the glum outlook. The war in Ukraine and slowing growth in services also contribute to the forecast difficulties, although demand for iPhones has remained strong.",https://www.reuters.com/resizer/v2/MWG2II5FBJOWZJMS2ZJRD3QFCI.jpg?auth=68e72e5234652cf124a050461291078307b6df3bbc01ad4e2d3ba8767f48db44&width=1080&quality=80,Reuters,General,Reuters,"[{'topic': 'earnings', 'relevance_score': '0.906031'}, {'topic': 'technology', 'relevance_score': '0.821877'}, {'topic': 'economy_macro', 'relevance_score': '0.717682'}, {'topic': 'financial_markets', 'relevance_score': '0.606930'}, {'topic': 'retail_wholesale', 'relevance_score': '0.621943'}]",-0.290465,Somewhat-Bearish,"[{'ticker': 'AAPL', 'relevance_score': '0.978351', 'ticker_sentiment_score': '-0.337635', 'ticker_sentiment_label': 'Somewhat-Bearish'}, {'ticker': 'AMZN', 'relevance_score': '0.679658', 'ticker_sentiment_score': '-0.284361', 'ticker_sentiment_label': 'Somewhat-Bearish'}, {'ticker': 'INTC', 'relevance_score': '0.618138', 'ticker_sentiment_score': '-0.346106', 'ticker_sentiment_label': 'Somewhat-Bearish'}, {'ticker': 'NFLX', 'relevance_score': '0.581309', 'ticker_sentiment_score': '-0.237506', 'ticker_sentiment_label': 'Somewhat-Bearish'}]"
Victoria’s Secret Opens Beauty Shop on Amazon,https://www.retailtouchpoints.com/topics/digital-commerce/victorias-secret-opens-beauty-shop-on-amazon,20220429T103400,['Nicole Silberstein'],"Victoria’s Secret & Co. has launched a beauty shop on Amazon, offering nearly 120 Victoria’s Secret Beauty and PINK Beauty products. This move is a strategic expansion for the newly independent company, driven by customer demand to meet consumers where they already shop. Brands are increasingly utilizing third-party marketplaces like Amazon to enhance convenience and reach.",,Retail TouchPoints,General,Retail TouchPoints,"[{'topic': 'retail_wholesale', 'relevance_score': '0.934092'}, {'topic': 'technology', 'relevance_score': '0.640481'}]",0.246289,Somewhat-Bullish,"[{'ticker': 'VSCO', 'relevance_score': '1.000000', 'ticker_sentiment_score': '0.322667', 'ticker_sentiment_label': 'Somewhat-Bullish'}, {'ticker': 'AMZN', 'relevance_score': '0.927690', 'ticker_sentiment_score': '0.202392', 'ticker_sentiment_label': 'Somewhat-Bullish'}, {'ticker': 'WMT', 'relevance_score': '0.630454', 'ticker_sentiment_score': '0.108885', 'ticker_sentiment_label': 'Neutral'}]"
Nasdaq 100 Index: Tech Stocks Lose $1.8 Trillion in a Month Thanks to Fed,https://www.bloomberg.com/news/articles/2022-04-29/fed-casts-long-shadow-over-1-8-trillion-stock-rout-tech-watch,20220429T104600,['Subrat Patnaik and Matt Turner'],"Tech investors have experienced the worst start to the year in two decades, with the Nasdaq 100 Index losing over $1.8 trillion in value in April alone. This decline is attributed to a tumultuous earnings season, fears of an economic slowdown, and aggressive expectations regarding the Federal Reserve's rate-hike trajectory, with another hike anticipated next week. Investors are bracing for continued volatility in the market.",,Bloomberg.com,General,Bloomberg.com,"[{'topic': 'earnings', 'relevance_score': '0.819340'}, {'topic': 'financial_markets', 'relevance_score': '0.939424'}, {'topic': 'economy_monetary', 'relevance_score': '1.000000'}, {'topic': 'economy_macro', 'relevance_score': '0.901367'}, {'topic': 'technology', 'relevance_score': '0.842727'}]",-0.32724,Somewhat-Bearish,"[{'ticker': 'QB', 'relevance_score': '0.302074', 'ticker_sentiment_score': '0.010769', 'ticker_sentiment_label': 'Neutral'}, {'ticker': 'AAPL', 'relevance_score': '0.743314', 'ticker_sentiment_score': '-0.432154', 'ticker_sentiment_label': 'Bearish'}, {'ticker': 'AMZN', 'relevance_score': '0.716374', 'ticker_sentiment_score': '-0.428791', 'ticker_sentiment_label': 'Bearish'}, {'ticker': 'GOOGL', 'relevance_score': '0.749130', 'ticker_sentiment_score': '-0.402529', 'ticker_sentiment_label': 'Bearish'}, {'ticker': 'MSFT', 'relevance_score': '0.731758', 'ticker_sentiment_score': '-0.441847', 'ticker_sentiment_label': 'Bearish'}]"
Amazon’s biggest drop since 2006 caps dismal month for tech,https://www.aljazeera.com/economy/2022/4/29/amazon-sees-shares-tumble-in-biggest-intraday-drop-in-a-decade,20220429T123145,['Ryan Vlastelica and Bloomberg'],"Amazon.com Inc. shares experienced their largest one-day drop since 2006, sinking 14% and erasing $206.2 billion from its market value, following a disappointing outlook. This slump contributed to a dismal April for major tech companies like Apple, Microsoft, Amazon, Alphabet, and Tesla, which collectively lost a trillion dollars in market value due to tumultuous earnings, rising costs, and concerns over Federal Reserve policy. The Nasdaq 100 Index also saw its biggest one-month decline since October 2008.",https://www.aljazeera.com/wp-content/uploads/2022/04/amazon-2.jpg?resize=770%2C513&quality=80,Al Jazeera,General,Al Jazeera,"[{'topic': 'financial_markets', 'relevance_score': '0.917929'}, {'topic': 'earnings', 'relevance_score': '0.917833'}, {'topic': 'technology', 'relevance_score': '0.815701'}, {'topic': 'economy_monetary', 'relevance_score': '0.744144'}, {'topic': 'economy_macro', 'relevance_score': '0.617072'}]",-0.424144,Bearish,"[{'ticker': 'AMZN', 'relevance_score': '1.000000', 'ticker_sentiment_score': '-0.635454', 'ticker_sentiment_label': 'Bearish'}, {'ticker': 'META', 'relevance_score': '0.722660', 'ticker_sentiment_score': '-0.416161', 'ticker_sentiment_label': 'Bearish'}, {'ticker': 'GOOGL', 'relevance_score': '0.600367', 'ticker_sentiment_score': '-0.403419', 'ticker_sentiment_label': 'Bearish'}, {'ticker': 'AAPL', 'relevance_score': '0.627698', 'ticker_sentiment_score': '-0.342081', 'ticker_sentiment_label': 'Somewhat-Bearish'}, {'ticker': 'MSFT', 'relevance_score': '0.633177', 'ticker_sentiment_score': '-0.294390', 'ticker_sentiment_label': 'Somewhat-Bearish'}]"
Amazon results and outlook fall short as fuel costs soar,https://www.aljazeera.com/economy/2022/4/29/amazon-results-and-outlook-fall-short-as-fuel-costs-soar,20220429T123146,['Reuters'],"Amazon reported a disappointing quarter and outlook due to higher operating costs for warehouses and package delivery, leading to a 9 percent drop in shares after hours. Despite a long-running surge in sales during the COVID-19 pandemic, the e-commerce giant faces increased expenses from higher pay, its first US unionization, and soaring fuel prices. The company expects to lose as much as $1 billion in operating income this quarter, down from $7.7 billion last year, though its Amazon Web Services unit saw significant revenue growth.",https://www.aljazeera.com/wp-content/uploads/2022/02/amazon-2.jpg?resize=770%2C513&quality=80,Al Jazeera,General,Al Jazeera,"[{'topic': 'earnings', 'relevance_score': '0.922635'}, {'topic': 'economy_monetary', 'relevance_score': '0.838901'}, {'topic': 'economy_macro', 'relevance_score': '0.842892'}, {'topic': 'retail_wholesale', 'relevance_score': '0.942393'}, {'topic': 'technology', 'relevance_score': '0.842883'}]",-0.277837,Somewhat-Bearish,"[{'ticker': 'AMZN', 'relevance_score': '1.000000', 'ticker_sentiment_score': '-0.441736', 'ticker_sentiment_label': 'Bearish'}, {'ticker': 'UPS', 'relevance_score': '0.617542', 'ticker_sentiment_score': '-0.151216', 'ticker_sentiment_label': 'Somewhat-Bearish'}]"
"Toronto, Montreal data centre markets grow, but face challenges",https://renx.ca/toronto-montreal-data-centre-markets-grow-but-face-challenges,20220429T124027,['Steve McLean'],"Toronto and Montreal are experiencing significant growth in their data center markets but face challenges, primarily the scarcity of available land for expansion. While Toronto is the largest Canadian market with high absorption rates, its extremely low industrial vacancy and escalating land prices make new entry difficult. Montreal benefits from cheaper, sustainable power but grapples with power constraints from Hydro-Québec and some companies' reluctance due to language or legal reasons.",https://squall.nyc3.digitaloceanspaces.com/media/2022/04/CW_Randolph-Borron400.jpeg,RENX,General,RENX,"[{'topic': 'real_estate', 'relevance_score': '0.926085'}, {'topic': 'technology', 'relevance_score': '0.849436'}, {'topic': 'economy_macro', 'relevance_score': '0.605375'}, {'topic': 'energy_transportation', 'relevance_score': '0.649664'}]",0.240638,Somewhat-Bullish,"[{'ticker': 'CWK', 'relevance_score': '0.319532', 'ticker_sentiment_score': '0.028073', 'ticker_sentiment_label': 'Neutral'}, {'ticker': 'DLR', 'relevance_score': '0.702986', 'ticker_sentiment_score': '0.347774', 'ticker_sentiment_label': 'Somewhat-Bullish'}, {'ticker': 'EQIX', 'relevance_score': '0.743035', 'ticker_sentiment_score': '0.300920', 'ticker_sentiment_label': 'Somewhat-Bullish'}, {'ticker': 'AMZN', 'relevance_score': '0.620380', 'ticker_sentiment_score': '0.338987', 'ticker_sentiment_label': 'Somewhat-Bullish'}, {'ticker': 'MSFT', 'relevance_score': '0.605988', 'ticker_sentiment_score': '0.308731', 'ticker_sentiment_label': 'Somewhat-Bullish'}]"
"Amazon, Intel shares fall on results, forecasts",https://www.foxbusiness.com/markets/intel-amazon-shares-fall,20220429T125247,['Ken Martin'],"Shares of Amazon (AMZN) and Intel (INTC) both experienced significant declines in premarket trading after reporting disappointing quarterly results and issuing forecasts below Wall Street expectations. Amazon posted its first quarterly loss since 2015, largely due to a write-down of its investment in Rivian Automotive and increased costs from inflation, while Intel's forecast was impacted by weak PC demand and supply-chain uncertainties. Both companies anticipate further challenges in the coming quarter.",https://static.foxbusiness.com/foxbusiness.com/content/uploads/2022/04/AmaznIntel-2split.jpg,Fox Business,General,Fox Business,"[{'topic': 'earnings', 'relevance_score': '0.914356'}, {'topic': 'financial_markets', 'relevance_score': '0.802652'}, {'topic': 'economy_macro', 'relevance_score': '0.725832'}, {'topic': 'retail_wholesale', 'relevance_score': '0.629538'}, {'topic': 'technology', 'relevance_score': '0.830045'}]",-0.209609,Somewhat-Bearish,"[{'ticker': 'INTC', 'relevance_score': '1.000000', 'ticker_sentiment_score': '-0.408317', 'ticker_sentiment_label': 'Bearish'}, {'ticker': 'AMZN', 'relevance_score': '0.999760', 'ticker_sentiment_score': '-0.436185', 'ticker_sentiment_label': 'Bearish'}, {'ticker': 'F', 'relevance_score': '0.635077', 'ticker_sentiment_score': '-0.234067', 'ticker_sentiment_label': 'Somewhat-Bearish'}, {'ticker': 'WMT', 'relevance_score': '0.640781', 'ticker_sentiment_score': '0.232191', 'ticker_sentiment_label': 'Somewhat-Bullish'}]"
QVC and HSN Celebrate 10th Annual Beauty with Benefits Event to Support Cancer and Careers,https://www.prnewswire.com/news-releases/qvc-and-hsn-celebrate-10th-annual-beauty-with-benefits-event-to-support-cancer-and-careers-301535996.html,20220429T130544,[],"QVC and HSN are celebrating the 10th annual Beauty with Benefits livestream shopping event to support Cancer and Careers, a non-profit providing workplace assistance for cancer survivors. Over the past decade, the event has generated more than $14 million. This year's campaign features celebrity makeup artist Mally Roncal as the PSA spokesperson and includes over 50 leading beauty brands, with at least 70% of the purchase price of donated merchandise benefiting the charity.",https://mma.prnewswire.com/media/1807485/2022_Promo_HSN_QVC.mp4?p=medium,PR Newswire,General,PR Newswire,"[{'topic': 'retail_wholesale', 'relevance_score': '0.915810'}, {'topic': 'life_sciences', 'relevance_score': '0.725040'}, {'topic': 'finance', 'relevance_score': '0.615759'}]",0.090566,Neutral,"[{'ticker': 'QVCD', 'relevance_score': '0.313010', 'ticker_sentiment_score': '0.028671', 'ticker_sentiment_label': 'Neutral'}, {'ticker': 'NFLX', 'relevance_score': '0.624179', 'ticker_sentiment_score': '0.142662', 'ticker_sentiment_label': 'Neutral'}, {'ticker': 'AMZN', 'relevance_score': '0.606448', 'ticker_sentiment_score': '0.119690', 'ticker_sentiment_label': 'Neutral'}]"
"Sonos is now part of the Matter smart home alliance, joining Amazon, Apple and Google",https://www.whathifi.com/news/sonos-is-now-part-of-the-matter-smart-home-alliance-joining-amazon-apple-and-google,20220429T131003,['Mary Stone'],"Sonos has joined the Connectivity Standards Alliance (CSA), the group behind the Matter smart home standard, which aims to create a unified protocol for interoperability between smart home devices from various manufacturers. While Sonos has a history of protecting its intellectual property, the company stated its commitment to ensuring its products integrate seamlessly with other smart home solutions. Although its involvement is in early stages, this move signals Sonos's interest in the growing smart home ecosystem, potentially influencing future product developments.",https://cdn.mos.cms.futurecdn.net/k7Vf5sL6K9HXBq49tXWz4D.jpg,What Hi-Fi?,General,What Hi-Fi?,"[{'topic': 'technology', 'relevance_score': '1.000000'}]",0.256407,Somewhat-Bullish,"[{'ticker': 'SONO', 'relevance_score': '1.000000', 'ticker_sentiment_score': '0.330208', 'ticker_sentiment_label': 'Somewhat-Bullish'}, {'ticker': 'AMZN', 'relevance_score': '0.726127', 'ticker_sentiment_score': '0.221294', 'ticker_sentiment_label': 'Somewhat-Bullish'}, {'ticker': 'AAPL', 'relevance_score': '0.738875', 'ticker_sentiment_score': '0.227889', 'ticker_sentiment_label': 'Somewhat-Bullish'}, {'ticker': 'GOOGL', 'relevance_score': '0.722169', 'ticker_sentiment_score': '0.232243', 'ticker_sentiment_label': 'Somewhat-Bullish'}]"
Boom to gloom: Cathie Wood’s Ark headed for its worst-ever month,https://www.aljazeera.com/economy/2022/4/29/boom-to-gloom-cathie-woods-ark-headed-for-its-worst-ever-month,20220429T131212,['Thyagaraju Adinarayan and Sam Potter and Bloomberg'],"Cathie Wood's flagship ARK Innovation fund is set for its worst-ever month, with a 26% decline in April, bringing its total drop to nearly 70% from its 2021 peak. This downturn reflects a significant shift from its pandemic-era success, as key holdings like Zoom and Teladoc Health have tumbled. Despite the poor performance, Wood maintains confidence in her long-term strategy and top holdings, even as the fund's outperformance against the S&P 500 has diminished.",https://www.aljazeera.com/wp-content/uploads/2022/04/cathiewood.jpg?resize=770%2C513&quality=80,Al Jazeera,General,Al Jazeera,"[{'topic': 'financial_markets', 'relevance_score': '1.000000'}, {'topic': 'finance', 'relevance_score': '0.720181'}, {'topic': 'life_sciences', 'relevance_score': '0.621347'}, {'topic': 'technology', 'relevance_score': '0.637279'}]",-0.231439,Somewhat-Bearish,"[{'ticker': 'TDOC', 'relevance_score': '1.000000', 'ticker_sentiment_score': '-0.610722', 'ticker_sentiment_label': 'Bearish'}, {'ticker': 'TSLA', 'relevance_score': '0.734937', 'ticker_sentiment_score': '-0.219877', 'ticker_sentiment_label': 'Somewhat-Bearish'}, {'ticker': 'AMZN', 'relevance_score': '0.601783', 'ticker_sentiment_score': '0.247622', 'ticker_sentiment_label': 'Somewhat-Bullish'}]"
Tesla’s Ambitions in India Will Test Elon Musk’s Commitment to ‘Free Speech’,https://time.com/6172259/elon-musk-twitter-india-tesla-free-speech/,20220429T131342,['Billy Perrigo and Suprakash Majumdar'],"Elon Musk's acquisition of Twitter could provide the Indian government with leverage to curb critics due to Tesla's business aspirations in the country. Tesla is currently lobbying the Modi government for reduced import taxes, creating a potential conflict of interest between Musk's stated commitment to free speech on Twitter and his business goals. Critics worry this could lead to increased online suppression of dissent, particularly affecting marginalized groups in India.",,TIME,General,TIME,"[{'topic': 'technology', 'relevance_score': '0.835993'}]",-0.08713,Neutral,"[{'ticker': 'TSLA', 'relevance_score': '1.000000', 'ticker_sentiment_score': '-0.226605', 'ticker_sentiment_label': 'Somewhat-Bearish'}, {'ticker': 'AMZN', 'relevance_score': '0.636663', 'ticker_sentiment_score': '0.028937', 'ticker_sentiment_label': 'Neutral'}, {'ticker': 'META', 'relevance_score': '0.603250', 'ticker_sentiment_score': '0.095965', 'ticker_sentiment_label': 'Neutral'}]"
Victoria’s Secret and Pink open Amazon storefront to stoke beauty sales,https://www.retaildive.com/news/victorias-secret-and-pink-open-amazon-storefront-to-stoke-beauty-sales/622936/,20220429T131622,['Daphne Howland'],"Victoria's Secret and its Pink brand have launched Amazon storefronts to sell their beauty products, making about 120 items eligible for Prime delivery. This move is aimed at capitalizing on strong beauty sales, which significantly contributed to the company's recent revenue growth, and meeting customer demand for purchasing these products on Amazon. The decision highlights a trend where direct-to-consumer brands, especially larger ones, are increasingly utilizing third-party channels to expand their reach.",https://imgproxy.divecdn.com/tbEqxfRga_Xlw-L9KAJKpa_EAhraESZPdQbE8A8MPtw/g:nowe:1583:592/c:5175:2924/rs:fill:1200:675:1/Z3M6Ly9kaXZlc2l0ZS1zdG9yYWdlL2RpdmVpbWFnZS8yMm_hcHJpbF9yZXRhaWwtMTcuanBn.webp,Retail Dive,General,Retail Dive,"[{'topic': 'retail_wholesale', 'relevance_score': '0.908933'}, {'topic': 'earnings', 'relevance_score': '0.728382'}, {'topic': 'economy_macro', 'relevance_score': '0.633850'}]",0.160702,Somewhat-Bullish,"[{'ticker': 'VSCO', 'relevance_score': '0.308535', 'ticker_sentiment_score': '0.007960', 'ticker_sentiment_label': 'Neutral'}, {'ticker': 'AMZN', 'relevance_score': '0.987214', 'ticker_sentiment_score': '0.388968', 'ticker_sentiment_label': 'Bullish'}, {'ticker': 'ULTA', 'relevance_score': '0.737149', 'ticker_sentiment_score': '0.112718', 'ticker_sentiment_label': 'Neutral'}, {'ticker': 'TGT', 'relevance_score': '0.609796', 'ticker_sentiment_score': '0.124295', 'ticker_sentiment_label': 'Neutral'}]"
Victoria's Secret is taking its beauty business to Amazon in its first-ever wholesale test,https://www.cnbc.com/2022/04/29/victorias-secret-takes-beauty-business-to-amazon-in-wholesale-test.html,20220429T131623,['Lauren Thomas'],"Victoria's Secret is launching its beauty business on Amazon, marking its first major wholesale partnership with another retailer. Approximately 120 beauty products, including fragrances and lotions, will be available on a dedicated Victoria's Secret ""storefront"" on Amazon. This move aims to expand the brand's reach, fight against third-party sellers, and potentially grow its beauty business, which currently accounts for about 15% of its North American revenue.",https://image.cnbcfm.com/api/v1/image/107052803-16511437295ED2-REQ-042822-WEX-Widlizt.jpg?v=1651143729&w=750&h=422&vtcrop=y,CNBC,General,CNBC,"[{'topic': 'retail_wholesale', 'relevance_score': '1.000000'}, {'topic': 'finance', 'relevance_score': '0.724181'}]",0.191112,Somewhat-Bullish,"[{'ticker': 'VSCO', 'relevance_score': '1.000000', 'ticker_sentiment_score': '0.329645', 'ticker_sentiment_label': 'Somewhat-Bullish'}, {'ticker': 'AMZN', 'relevance_score': '0.910712', 'ticker_sentiment_score': '0.203607', 'ticker_sentiment_label': 'Somewhat-Bullish'}, {'ticker': 'NKE', 'relevance_score': '0.630115', 'ticker_sentiment_score': '0.112267', 'ticker_sentiment_label': 'Neutral'}, {'ticker': 'RL', 'relevance_score': '0.618273', 'ticker_sentiment_score': '0.128687', 'ticker_sentiment_label': 'Neutral'}]"
Victoria’s Secret Starts Selling Its Beauty Line on Amazon,https://www.businessoffashion.com/news/retail/victorias-secret-starts-selling-its-beauty-line-on-amazon/,20220429T131623,['Chavie Lieber'],"Victoria's Secret has launched an Amazon storefront to sell approximately 120 products from its in-house beauty line, VS Beauty, and its Pink brand. This marks the apparel company's first wholesale partnership, reflecting a strategic shift after its spin-off from L Brands, especially since 40 percent of its beauty sales already occur online. The brand aims to tap into the existing demand for its beauty products on the e-commerce platform, with beauty sales accounting for 15 percent of its total U.S. revenue.",https://img.businessoffashion.com/resizer/v2/XF6SOBOSOZBMRD7RSEAZQWLKTE.jpg?auth=620aa03aaa93331f99336ae701fd644477c0ecdc86b944af3083ca09ed5ea8b1&width=1440,The Business of Fashion,General,The Business of Fashion,"[{'topic': 'retail_wholesale', 'relevance_score': '0.948496'}, {'topic': 'finance', 'relevance_score': '0.604132'}]",0.127494,Neutral,"[{'ticker': 'VSCO', 'relevance_score': '0.341602', 'ticker_sentiment_score': '0.038872', 'ticker_sentiment_label': 'Neutral'}, {'ticker': 'AMZN', 'relevance_score': '0.969711', 'ticker_sentiment_score': '0.267269', 'ticker_sentiment_label': 'Somewhat-Bullish'}]"
Victoria’s Secret and PINK Beauty Add 120 Products to Amazon Store,https://www.pymnts.com/news/retail/2022/victorias-secret-and-pink-beauty-add-120-products-to-amazon-store/,20220429T131623,['PYMNTS'],"Victoria’s Secret & Co has expanded its product offerings by adding approximately 120 Victoria’s Secret Beauty and PINK Beauty products to its Amazon store. This move aims to meet customer demand and broaden reach beyond traditional retail and eCommerce channels. The Amazon store will feature a variety of fragrances, mists, lotions, and body care items from both Victoria's Secret and PINK brands.",https://www.pymnts.com/wp-content/uploads/2022/04/Victorias-Secret-Pink.jpg?w=768,PYMNTS.com,General,PYMNTS.com,"[{'topic': 'retail_wholesale', 'relevance_score': '0.905994'}, {'topic': 'technology', 'relevance_score': '0.600888'}]",0.168367,Somewhat-Bullish,"[{'ticker': 'VSCO', 'relevance_score': '0.337712', 'ticker_sentiment_score': '0.018576', 'ticker_sentiment_label': 'Neutral'}, {'ticker': 'AMZN', 'relevance_score': '0.867479', 'ticker_sentiment_score': '0.298227', 'ticker_sentiment_label': 'Somewhat-Bullish'}]"
Top 10 Growth Stocks by Market Capitalization,https://insights.masterworks.com/finance/top-10-growth-stocks-by-market-capitalization/,20220429T165704,['Masterworks'],"This article defines growth stocks and explains how they differ from other investment types, highlighting their potential for capital appreciation and typical reinvestment strategies. It then presents a list of the top 10 large-cap growth stocks as of April 2022, detailing their market capitalization, forward P/E ratio, dividend status, and specific growth drivers for each company. The article also touches on general market performance of growth stocks and factors influencing their volatility.",,Masterworks,General,Masterworks,"[{'topic': 'financial_markets', 'relevance_score': '0.933283'}, {'topic': 'earnings', 'relevance_score': '0.800465'}, {'topic': 'technology', 'relevance_score': '0.713357'}, {'topic': 'economy_macro', 'relevance_score': '0.624933'}, {'topic': 'life_sciences', 'relevance_score': '0.624086'}]",0.269996,Somewhat-Bullish,"[{'ticker': 'HP', 'relevance_score': '0.725934', 'ticker_sentiment_score': '0.196861', 'ticker_sentiment_label': 'Somewhat-Bullish'}, {'ticker': 'AAPL', 'relevance_score': '1.000000', 'ticker_sentiment_score': '0.438858', 'ticker_sentiment_label': 'Bullish'}, {'ticker': 'MSFT', 'relevance_score': '0.908216', 'ticker_sentiment_score': '0.349699', 'ticker_sentiment_label': 'Somewhat-Bullish'}, {'ticker': 'GOOGL', 'relevance_score': '0.848958', 'ticker_sentiment_score': '0.285903', 'ticker_sentiment_label': 'Somewhat-Bullish'}, {'ticker': 'AMZN', 'relevance_score': '0.801050', 'ticker_sentiment_score': '0.237684', 'ticker_sentiment_label': 'Somewhat-Bullish'}]"
