title,url,time_published,authors,summary,banner_image,source,category_within_source,source_domain,topics,overall_sentiment_score,overall_sentiment_label,ticker_sentiment
Glass Sands wind farm goes online in southern Oklahoma,https://www.okenergytoday.com/2021/12/glass-sands-wind-farm-goes-online-in-southern-oklahoma/,20211201T164122,[],"Southern Power has announced that its 118-megawatt Glass Sands Wind Facility in Murray County, Oklahoma, is now operational. This marks Southern Power's fifth wind facility in Oklahoma and its 15th overall, contributing to the company's expanding clean energy portfolio. The electricity and renewable energy credits from the 28 Vestas wind turbines will be sold to Amazon under a power purchase agreement.",https://w3.windfair.net/uploads/notice/preview/37424/vestas_sunset_s.jpg,Oklahoma Energy Today,General,Oklahoma Energy Today,"[{'topic': 'energy_transportation', 'relevance_score': '0.946468'}, {'topic': 'manufacturing', 'relevance_score': '0.709428'}, {'topic': 'finance', 'relevance_score': '0.600324'}]",0.326482,Somewhat-Bullish,"[{'ticker': 'SO', 'relevance_score': '1.000000', 'ticker_sentiment_score': '0.432932', 'ticker_sentiment_label': 'Bullish'}, {'ticker': 'AMZN', 'relevance_score': '0.726155', 'ticker_sentiment_score': '0.301773', 'ticker_sentiment_label': 'Somewhat-Bullish'}, {'ticker': 'CEG', 'relevance_score': '0.649177', 'ticker_sentiment_score': '0.256568', 'ticker_sentiment_label': 'Somewhat-Bullish'}, {'ticker': 'NEE', 'relevance_score': '0.565712', 'ticker_sentiment_score': '0.216161', 'ticker_sentiment_label': 'Somewhat-Bullish'}]"
"Meta Selects AWS as Key, Long-Term Strategic Cloud Provider",https://www.businesswire.com/news/home/20211201005108/en/Meta-Selects-AWS-as-Key-Long-Term-Strategic-Cloud-Provider,20211201T193552,[],"Meta has deepened its relationship with Amazon Web Services (AWS) as a strategic cloud provider, leveraging AWS's infrastructure for research and development, third-party collaborations, and operational efficiency. The companies will also work together to optimize PyTorch performance on AWS, facilitating faster and easier development, training, deploying, and operating of AI/ML models for enterprises. This collaboration aims to help organizations bring large-scale deep learning models from research to production more efficiently on AWS.",,Business Wire,General,Business Wire,"[{'topic': 'technology', 'relevance_score': '0.920216'}, {'topic': 'finance', 'relevance_score': '0.640861'}]",0.435382,Bullish,"[{'ticker': 'AMZN', 'relevance_score': '1.000000', 'ticker_sentiment_score': '0.442495', 'ticker_sentiment_label': 'Bullish'}, {'ticker': 'META', 'relevance_score': '0.854343', 'ticker_sentiment_score': '0.444924', 'ticker_sentiment_label': 'Bullish'}]"
The FAANG Market Is Fading,https://www.morningstar.com/stocks/faang-market-is-fading,20211201T202216,"['Lauren Solberg', 'Tom Lauricella']","The article discusses the fading hyper-concentration of stock market returns from a handful of large technology stocks, particularly the FAANGs, in 2021 compared to 2020. This shift suggests a healthier market dynamic with less risk for index funds and more opportunities for stock-pickers. While large stocks still contribute significantly, their overall impact on market returns has decreased, resembling a more traditional market distribution.",,Morningstar,General,Morningstar,"[{'topic': 'financial_markets', 'relevance_score': '0.949231'}, {'topic': 'economy_macro', 'relevance_score': '0.818563'}, {'topic': 'technology', 'relevance_score': '0.647022'}]",0.096653,Neutral,"[{'ticker': 'GOOG', 'relevance_score': '0.866192', 'ticker_sentiment_score': '0.089121', 'ticker_sentiment_label': 'Neutral'}, {'ticker': 'TSLA', 'relevance_score': '0.909258', 'ticker_sentiment_score': '0.084318', 'ticker_sentiment_label': 'Neutral'}, {'ticker': 'NFLX', 'relevance_score': '0.816038', 'ticker_sentiment_score': '0.050929', 'ticker_sentiment_label': 'Neutral'}, {'ticker': 'MSFT', 'relevance_score': '0.783419', 'ticker_sentiment_score': '0.138169', 'ticker_sentiment_label': 'Neutral'}, {'ticker': 'AMZN', 'relevance_score': '0.711919', 'ticker_sentiment_score': '0.142182', 'ticker_sentiment_label': 'Neutral'}]"
The curious case of the Ubiquiti employee-whistleblower-hacker,https://thenextweb.com/news/ubiquiti-ex-employee-hacker-whistlblower-ransom,20211202T121100,['Ivan Mehta'],"This article details the peculiar case of Nikolas Sharp, a former Ubiquiti employee who allegedly hacked the company's systems, stole data, and demanded a $2 million ransom in Bitcoin. After being exposed due to an IP logging error during the hack, Sharp reportedly attempted to cover his tracks by reaching out to news organizations as a whistleblower, claiming Ubiquiti downplayed the breach's severity. Sharp faces charges including hacking, wire fraud, and extortion, carrying a potential sentence of up to 37 years in prison.",https://img-cdn.tnwcdn.com/image?fit=1280%2C720&url=https%3A%2F%2Fcdn0.tnwcdn.com%2Fwp-content%2Fblogs.dir%2F1%2Ffiles%2F2021%2F12%2Fubiquiti.jpg&signature=e5cb389950c84c1154fa20748210d24a,TNW | The heart of tech,General,TNW | The heart of tech,"[{'topic': 'technology', 'relevance_score': '1.000000'}]",-0.268905,Somewhat-Bearish,"[{'ticker': 'UI', 'relevance_score': '1.000000', 'ticker_sentiment_score': '-0.618317', 'ticker_sentiment_label': 'Bearish'}, {'ticker': 'AMZN', 'relevance_score': '0.624449', 'ticker_sentiment_score': '-0.131777', 'ticker_sentiment_label': 'Neutral'}, {'ticker': 'NKE', 'relevance_score': '0.619656', 'ticker_sentiment_score': '-0.145132', 'ticker_sentiment_label': 'Neutral'}]"
"What Stocks Are in QQQ? Rebound Likely, Good Long-Term Pick",https://marketrealist.com/p/what-stocks-are-in-qqq/,20211202T150600,['Rachel Curry'],"The Invesco QQQ Trust Series 1 ETF, which tracks the Nasdaq 100, is a tech-heavy fund that experienced a nosedive following the omicron variant news and inflation concerns in December 2021. Despite this slump, the article suggests that QQQ is likely to recover due to its diverse holdings and past performance, making it a potentially smart long-term investment. The article details the top 20 holdings and the industry breakdown of the ETF.",,Market Realist,General,Market Realist,"[{'topic': 'financial_markets', 'relevance_score': '0.916976'}, {'topic': 'technology', 'relevance_score': '0.834686'}, {'topic': 'economy_monetary', 'relevance_score': '0.613660'}, {'topic': 'retail_wholesale', 'relevance_score': '0.645672'}]",0.264473,Somewhat-Bullish,"[{'ticker': 'GOOG', 'relevance_score': '0.897872', 'ticker_sentiment_score': '0.258676', 'ticker_sentiment_label': 'Somewhat-Bullish'}, {'ticker': 'MSFT', 'relevance_score': '0.845131', 'ticker_sentiment_score': '0.253290', 'ticker_sentiment_label': 'Somewhat-Bullish'}, {'ticker': 'AAPL', 'relevance_score': '0.829759', 'ticker_sentiment_score': '0.263253', 'ticker_sentiment_label': 'Somewhat-Bullish'}, {'ticker': 'AMZN', 'relevance_score': '0.760213', 'ticker_sentiment_score': '0.293364', 'ticker_sentiment_label': 'Somewhat-Bullish'}]"
ProShares CEO Sapir Named on 2021 Bloomberg 50 List,https://etfdb.com/crypto-content-hub/proshares-ceo-sapir-named-on-2021-bloomberg-50-list/,20211202T160341,['Karrie Gordon'],"ProShares CEO Michael L. Sapir has been recognized on the 2021 Bloomberg 50 list for his contributions to the business world, particularly for leading the launch of the ProShares Bitcoin Strategy ETF (BITO). BITO became the fastest ETF to reach $1 billion in assets under management in just two days. This achievement highlights ProShares' ongoing innovation in the ETF space under Sapir's leadership, including previously launching the first leveraged and inverse ETFs and the first pet care industry ETF in the U.S.",,ETF Database,General,ETF Database,"[{'topic': 'blockchain', 'relevance_score': '0.812825'}, {'topic': 'financial_markets', 'relevance_score': '0.939955'}, {'topic': 'finance', 'relevance_score': '0.811630'}]",0.235169,Somewhat-Bullish,"[{'ticker': 'BITO', 'relevance_score': '1.000000', 'ticker_sentiment_score': '0.424846', 'ticker_sentiment_label': 'Bullish'}, {'ticker': 'AMZN', 'relevance_score': '0.704785', 'ticker_sentiment_score': '0.148833', 'ticker_sentiment_label': 'Neutral'}, {'ticker': 'CVS', 'relevance_score': '0.705827', 'ticker_sentiment_score': '0.130350', 'ticker_sentiment_label': 'Neutral'}]"
Salesforce uses new infrastructure architecture Hyperforce to help government manage pandemic scaling needs,https://siliconangle.com/2021/12/02/salesforce-uses-new-infrastructure-architecture-hyperforce-to-help-government-manage-pandemic-scaling-needs-reinvent/,20211202T160859,['Alice Gillin'],"Salesforce has introduced Hyperforce, a new infrastructure architecture designed to help governmental bodies manage the rapidly scaling digital demands brought on by the pandemic. This architecture allows for flexible scaling and deployment in new regions, crucial for efforts like COVID tracing, testing, and vaccine management. Salesforce's Government Cloud Plus offering, which is FedRAMP and HIPAA compliant, streamlines security and protocol adherence for public sector clients.",https://d15shllkswkct0.cloudfront.net/wp-content/blogs.dir/1/files/2021/11/Adilson-Jardim-AWS-reInvent-2021.jpg,SiliconANGLE,General,SiliconANGLE,"[{'topic': 'technology', 'relevance_score': '0.941273'}]",0.370279,Bullish,"[{'ticker': 'CRM', 'relevance_score': '1.000000', 'ticker_sentiment_score': '0.423865', 'ticker_sentiment_label': 'Bullish'}, {'ticker': 'AMZN', 'relevance_score': '0.713238', 'ticker_sentiment_score': '0.336725', 'ticker_sentiment_label': 'Somewhat-Bullish'}]"
Adopt a data-centric approach to cyber security,https://dxc.com/us/en/insights/perspectives/article/adopt-a-data-centric-approach-to-cyber-security,20211202T200700,['DXC Technology Insights'],"This article emphasizes the need for organizations to shift from traditional perimeter-based security to a data-centric approach for cybersecurity. It highlights the importance of discovering and classifying data, implementing a layered security framework, and balancing security with usability. The article also discusses the advantages of cloud-native architectures and emerging AI-based tools for enhancing data protection against evolving cyber threats.",,DXC Technology,General,DXC Technology,"[{'topic': 'technology', 'relevance_score': '0.949085'}]",0.147121,Neutral,"[{'ticker': 'DXC', 'relevance_score': '1.000000', 'ticker_sentiment_score': '0.282282', 'ticker_sentiment_label': 'Somewhat-Bullish'}, {'ticker': 'MSFT', 'relevance_score': '0.611945', 'ticker_sentiment_score': '0.121275', 'ticker_sentiment_label': 'Neutral'}, {'ticker': 'AMZN', 'relevance_score': '0.649496', 'ticker_sentiment_score': '0.114256', 'ticker_sentiment_label': 'Neutral'}, {'ticker': 'GOOGL', 'relevance_score': '0.604446', 'ticker_sentiment_score': '0.108708', 'ticker_sentiment_label': 'Neutral'}, {'ticker': 'IBM', 'relevance_score': '0.588815', 'ticker_sentiment_score': '0.133106', 'ticker_sentiment_label': 'Neutral'}]"
Problems at Redwire (RDW),https://thebearcave.substack.com/p/problems-at-redwire-rdw,20211202T210633,['Edwin Dorsey'],"Redwire (NYSE: RDW), a space equipment manufacturer, went public through a SPAC merger at a $620 million valuation, despite acquiring its underlying companies for approximately $150 million. The author highlights concerns about aggressive SPAC projections, questionable metrics like a largely cancellable backlog, and an inability to file its first 10-Q, suggesting the company is overvalued.",,The Bear Cave | Edwin Dorsey,General,The Bear Cave | Edwin Dorsey,"[{'topic': 'mergers_and_acquisitions', 'relevance_score': '0.929639'}, {'topic': 'financial_markets', 'relevance_score': '0.842319'}, {'topic': 'ipo', 'relevance_score': '0.716906'}]",-0.128979,Neutral,"[{'ticker': 'RDW', 'relevance_score': '1.000000', 'ticker_sentiment_score': '-0.603301', 'ticker_sentiment_label': 'Bearish'}, {'ticker': 'AMZN', 'relevance_score': '0.621359', 'ticker_sentiment_score': '-0.117816', 'ticker_sentiment_label': 'Neutral'}, {'ticker': 'BA', 'relevance_score': '0.628238', 'ticker_sentiment_score': '0.126056', 'ticker_sentiment_label': 'Neutral'}, {'ticker': 'LMT', 'relevance_score': '0.642033', 'ticker_sentiment_score': '0.121680', 'ticker_sentiment_label': 'Neutral'}]"
"Market Expert: Fall For Quality, Not Just Tech",https://etfdb.com/multi-asset-content-hub/market-expert-fall-for-quality-not-just-tech/,20211203T130909,['Ben Hernandez'],"An article discussing the importance of balancing tech investments with high-quality stocks. It highlights Mark Mahaney's ""dislocated high-quality"" (DHQ) investment tenet and introduces the FlexShares US Quality Low Volatility Index Fund (QLV) as a suitable option for investors seeking quality and reduced volatility.",NULL,ETF Database,General,ETF Database,"[{'topic': 'financial_markets', 'relevance_score': '0.911673'}, {'topic': 'technology', 'relevance_score': '0.812245'}]",0.188921,Somewhat-Bullish,"[{'ticker': 'QLV', 'relevance_score': '1.000000', 'ticker_sentiment_score': '0.466620', 'ticker_sentiment_label': 'Bullish'}, {'ticker': 'AAPL', 'relevance_score': '0.711075', 'ticker_sentiment_score': '0.100033', 'ticker_sentiment_label': 'Neutral'}, {'ticker': 'AMZN', 'relevance_score': '0.724112', 'ticker_sentiment_score': '0.115672', 'ticker_sentiment_label': 'Neutral'}, {'ticker': 'MSFT', 'relevance_score': '0.702051', 'ticker_sentiment_score': '0.132880', 'ticker_sentiment_label': 'Neutral'}, {'ticker': 'NTRS', 'relevance_score': '0.610295', 'ticker_sentiment_score': '0.107213', 'ticker_sentiment_label': 'Neutral'}]"
"Netflix, Disney Sue Streaming Sites for Copyright Infringement",https://news.bloomberglaw.com/ip-law/netflix-others-sue-streaming-sites-for-copyright-infringement,20211203T154400,['Samantha Handler'],"Netflix, Disney, and several other major entertainment companies have filed a lawsuit against two streaming sites, AllAccessTV (AATV) and Quality Restreams, alleging copyright infringement. The companies claim that these sites are illegally selling access to their copyrighted movies and television programs without permission. The lawsuit was filed in the U.S. District Court for the Central District of California and includes plaintiffs such as Universal Studios, Paramount Pictures, Amazon, Apple, and Warner Bros.",https://news-api.bloomberglaw.com/v1/resize-image?url=http%3A%2F%2Fbloomberg-bna-brightspot.s3.amazonaws.com%2F15%2F54%2F0bf012654c8386cdd0ca655529b7%2Fnetflix-gabby-jones.jpg&width=1240&height=480&fit=cover,Bloomberg Law News,General,Bloomberg Law News,"[{'topic': 'technology', 'relevance_score': '0.813686'}]",0.053221,Neutral,"[{'ticker': 'NFLX', 'relevance_score': '1.000000', 'ticker_sentiment_score': '-0.213351', 'ticker_sentiment_label': 'Somewhat-Bearish'}, {'ticker': 'DIS', 'relevance_score': '0.907732', 'ticker_sentiment_score': '0.108755', 'ticker_sentiment_label': 'Neutral'}, {'ticker': 'AMZN', 'relevance_score': '0.778544', 'ticker_sentiment_score': '0.101014', 'ticker_sentiment_label': 'Neutral'}, {'ticker': 'AAPL', 'relevance_score': '0.726975', 'ticker_sentiment_score': '0.140418', 'ticker_sentiment_label': 'Neutral'}, {'ticker': 'WBD', 'relevance_score': '0.611875', 'ticker_sentiment_score': '0.143985', 'ticker_sentiment_label': 'Neutral'}]"
Is there a new food market opening across South Florida? What to know about Sprouts,https://www.miamiherald.com/news/business/article256308242.html,20211203T155300,['Howard Cohen'],"Sprouts Farmers Market is rapidly expanding its presence across Florida, with several new stores opening in late 2021 and early 2022, including locations in Dania Beach, Boynton Beach, West Palm Beach, West Kendall, and Oakland Park. The Phoenix-based chain, which focuses on fresh produce and health-conscious products, aims to grow its Florida footprint to 31 stores by January, supported by a new Orlando distribution center and local produce buyers. Sprouts emphasizes unique healthy products, bulk goods, and a distinct shopping experience, and its expansion puts it in direct competition with established Florida grocers like Publix.",,Miami Herald,General,Miami Herald,"[{'topic': 'retail_wholesale', 'relevance_score': '0.903853'}]",0.095906,Neutral,"[{'ticker': 'SFM', 'relevance_score': '0.327487', 'ticker_sentiment_score': '0.018451', 'ticker_sentiment_label': 'Neutral'}, {'ticker': 'WMT', 'relevance_score': '0.623526', 'ticker_sentiment_score': '0.117517', 'ticker_sentiment_label': 'Neutral'}, {'ticker': 'KR', 'relevance_score': '0.633773', 'ticker_sentiment_score': '0.164039', 'ticker_sentiment_label': 'Somewhat-Bullish'}, {'ticker': 'TGT', 'relevance_score': '0.623922', 'ticker_sentiment_score': '0.112313', 'ticker_sentiment_label': 'Neutral'}, {'ticker': 'AMZN', 'relevance_score': '0.560521', 'ticker_sentiment_score': '0.073385', 'ticker_sentiment_label': 'Neutral'}]"
HP Envy 7640 review,https://www.techradar.com/reviews/pc-mac/peripherals/printers-and-scanners/printers/hp-envy-7640-1285498/review,20211203T162044,['Kane Fulton'],"The HP Envy 7640 is an affordable all-in-one color printer designed for home or small office use, featuring easy setup, Wi-Fi Direct, and compatibility with HP's Instant Ink service. While it offers a good range of features like dual paper trays and automatic two-sided printing, its print quality is only average, especially for photos, and it suffered from occasional paper jams during testing. The review concludes that it's a practical choice for general printing tasks but not recommended for those prioritizing high-quality photo output.",https://cdn.mos.cms.futurecdn.net/d6e264d94460079439c3aed7732f55de.jpg,TechRadar,General,TechRadar,"[{'topic': 'technology', 'relevance_score': '1.000000'}]",0.185795,Somewhat-Bullish,"[{'ticker': 'HPQ', 'relevance_score': '1.000000', 'ticker_sentiment_score': '-0.138496', 'ticker_sentiment_label': 'Neutral'}, {'ticker': 'WMT', 'relevance_score': '0.631946', 'ticker_sentiment_score': '0.346378', 'ticker_sentiment_label': 'Somewhat-Bullish'}, {'ticker': 'AMZN', 'relevance_score': '0.610707', 'ticker_sentiment_score': '0.304864', 'ticker_sentiment_label': 'Somewhat-Bullish'}]"
Deloitte buys Oracle Cloud specialist BIAS Corporation,https://www.consulting.us/news/6934/deloitte-buys-oracle-cloud-specialist-bias-corporation,20211203T205657,[],"Deloitte US has acquired BIAS Corporation, an IT consultancy specializing in Oracle Cloud Infrastructure (OCI), to enhance its cloud migration capabilities. BIAS, founded in 2000, has over 350 employees and was recognized as an Oracle Global and North American Partner of the Year. This acquisition addresses the increasing demand for cloud services and follows Deloitte's fiscal year 2021 revenue growth to over $50 billion.",,Consulting.us,General,Consulting.us,"[{'topic': 'mergers_and_acquisitions', 'relevance_score': '1.000000'}, {'topic': 'technology', 'relevance_score': '0.802957'}, {'topic': 'finance', 'relevance_score': '0.602517'}]",0.138929,Neutral,"[{'ticker': 'ORCL', 'relevance_score': '0.970466', 'ticker_sentiment_score': '0.292104', 'ticker_sentiment_label': 'Somewhat-Bullish'}, {'ticker': 'IBM', 'relevance_score': '0.625391', 'ticker_sentiment_score': '0.144824', 'ticker_sentiment_label': 'Neutral'}, {'ticker': 'MSFT', 'relevance_score': '0.612316', 'ticker_sentiment_score': '0.098116', 'ticker_sentiment_label': 'Neutral'}, {'ticker': 'AMZN', 'relevance_score': '0.622847', 'ticker_sentiment_score': '0.050509', 'ticker_sentiment_label': 'Neutral'}, {'ticker': 'GOOGL', 'relevance_score': '0.631790', 'ticker_sentiment_score': '0.094371', 'ticker_sentiment_label': 'Neutral'}]"
"Market Expert: Fall For Quality, Not Just Tech",https://etfdb.com/multi-asset-channel/market-expert-fall-for-quality-not-just-tech/,20211203T210614,['Ben Hernandez'],"A market expert suggests investors prioritize high-quality stocks over solely focusing on big tech names. Mark Mahaney of Evercore ISI advocates for investing in ""dislocated high-quality"" companies with large total addressable markets and strong innovation, rather than just trading tech stocks. The article highlights the FlexShares US Quality Low Volatility Index Fund (QLV) as an example of an ETF that focuses on quality while managing volatility.",,ETF Database,General,ETF Database,"[{'topic': 'financial_markets', 'relevance_score': '1.000000'}, {'topic': 'technology', 'relevance_score': '0.821791'}, {'topic': 'finance', 'relevance_score': '0.739860'}]",0.10254,Neutral,"[{'ticker': 'QDF', 'relevance_score': '0.340083', 'ticker_sentiment_score': '0.030676', 'ticker_sentiment_label': 'Neutral'}, {'ticker': 'AAPL', 'relevance_score': '0.738806', 'ticker_sentiment_score': '0.130520', 'ticker_sentiment_label': 'Neutral'}, {'ticker': 'AMZN', 'relevance_score': '0.714120', 'ticker_sentiment_score': '0.117441', 'ticker_sentiment_label': 'Neutral'}, {'ticker': 'MSFT', 'relevance_score': '0.729768', 'ticker_sentiment_score': '0.113973', 'ticker_sentiment_label': 'Neutral'}, {'ticker': 'NTRS', 'relevance_score': '0.601411', 'ticker_sentiment_score': '0.207191', 'ticker_sentiment_label': 'Somewhat-Bullish'}]"
Great Outdoors Group and Sportsman’s Warehouse Holdings Cancel Merger Plans,https://www.pymnts.com/news/retail/2021/great-outdoors-group-sportsmans-warehouse-cancel-merger-plans/,20211203T211719,['PYMNTS'],"Great Outdoors Group, LLC and Sportsman’s Warehouse Holdings, Inc. have canceled their proposed $785 million merger following an 11-month investigation by the Federal Trade Commission (FTC). The FTC's Bureau of Competition Director, Holly Vedova, stated that the merger would have harmed consumers through increased prices, reduced product offerings, and diminished quality and service. Both companies specialize in outdoor sporting goods, and the FTC found that their competition benefited customers in at least two dozen local markets across the U.S.",,PYMNTS.com,General,PYMNTS.com,"[{'topic': 'mergers_and_acquisitions', 'relevance_score': '1.000000'}, {'topic': 'retail_wholesale', 'relevance_score': '0.806561'}]",-0.178909,Somewhat-Bearish,"[{'ticker': 'SPWH', 'relevance_score': '1.000000', 'ticker_sentiment_score': '-0.630040', 'ticker_sentiment_label': 'Bearish'}, {'ticker': 'NKE', 'relevance_score': '0.608164', 'ticker_sentiment_score': '0.511332', 'ticker_sentiment_label': 'Bullish'}, {'ticker': 'AMZN', 'relevance_score': '0.618786', 'ticker_sentiment_score': '-0.329378', 'ticker_sentiment_label': 'Somewhat-Bearish'}, {'ticker': 'WMT', 'relevance_score': '0.603989', 'ticker_sentiment_score': '-0.315348', 'ticker_sentiment_label': 'Somewhat-Bearish'}]"
Postmates spin-off Serve Robotics raises $13M to grow its sidewalk delivery fleet,https://venturebeat.com/technology/postmates-spin-off-serve-robotics-raises-13m-to-grow-its-sidewalk-delivery-fleet,20211206T164007,['Kyle Wiggers'],"Serve Robotics, a spin-off from Postmates, has successfully raised $13 million in an expanded seed funding round with significant participation from Uber, Delivery Hero, and 7-Eleven's venture arm. This capital injection will allow Serve Robotics to expand its commercial operations, grow its team, and further develop its technology platform. The company aims to deploy its sidewalk delivery robots in every major U.S. city within the next two to three years, building on its existing record of tens of thousands of deliveries in Los Angeles and San Francisco.",https://venturebeat.com/_next/image?url=https%3A%2F%2Folk2kzr7lpbpdtkx.public.blob.vercel-storage.com%2Fwp-content%2Fuploads%2F2021%2F12%2Fserve-robotics-1-scaled-1.jpeg%3Fw%3D1000%26q%3D100&w=3840&q=85,Venturebeat,General,Venturebeat,"[{'topic': 'technology', 'relevance_score': '0.926350'}, {'topic': 'retail_wholesale', 'relevance_score': '0.836612'}, {'topic': 'finance', 'relevance_score': '0.702859'}, {'topic': 'energy_transportation', 'relevance_score': '0.610611'}]",0.170449,Somewhat-Bullish,"[{'ticker': 'SERV', 'relevance_score': '0.337064', 'ticker_sentiment_score': '0.014892', 'ticker_sentiment_label': 'Neutral'}, {'ticker': 'UBER', 'relevance_score': '0.818058', 'ticker_sentiment_score': '0.336937', 'ticker_sentiment_label': 'Somewhat-Bullish'}, {'ticker': 'FDX', 'relevance_score': '0.645728', 'ticker_sentiment_score': '0.210816', 'ticker_sentiment_label': 'Somewhat-Bullish'}, {'ticker': 'AMZN', 'relevance_score': '0.639393', 'ticker_sentiment_score': '0.244014', 'ticker_sentiment_label': 'Somewhat-Bullish'}, {'ticker': 'CAT', 'relevance_score': '0.620158', 'ticker_sentiment_score': '0.144581', 'ticker_sentiment_label': 'Neutral'}]"
The Future Of Energy: Using Digital Twins As A Strategic Asset At GE Digital,https://www.forbes.com/sites/amazonwebservices/2021/12/07/the-future-of-energy-using-digital-twins-as-a-strategic-asset-at-ge-digital/,20211207T141100,['Amazon Web Services'],"GE Digital is leveraging digital twins and machine learning on AWS to help customers in the industrial sector optimize operations, reduce maintenance costs, and achieve sustainability goals. This approach enables remote monitoring, predictive insights, and streamlined workflows, significantly improving efficiency and reducing carbon emissions. The company emphasizes the importance of simplifying complexity, fostering collaboration among digital twins, and securing executive buy-in for successful digital transformation.",,Forbes,General,Forbes,"[{'topic': 'technology', 'relevance_score': '1.000000'}, {'topic': 'manufacturing', 'relevance_score': '0.908452'}, {'topic': 'energy_transportation', 'relevance_score': '0.931653'}]",0.395697,Bullish,"[{'ticker': 'GE', 'relevance_score': '1.000000', 'ticker_sentiment_score': '0.455914', 'ticker_sentiment_label': 'Bullish'}, {'ticker': 'AMZN', 'relevance_score': '0.749384', 'ticker_sentiment_score': '0.320436', 'ticker_sentiment_label': 'Somewhat-Bullish'}, {'ticker': 'XEL', 'relevance_score': '0.618535', 'ticker_sentiment_score': '0.312915', 'ticker_sentiment_label': 'Somewhat-Bullish'}]"
US-Based Equinix Acquires Nigerian Digital Infrastructure Firm MainOne for $320m,https://www.arise.tv/us-based-equinix-acquires-nigerian-digital-infrastructure-firm-mainone-for-320m/,20211207T142700,['AriseNews'],"US-based Equinix Inc. is acquiring Nigerian digital infrastructure firm MainOne Cable Co Ltd. for $320 million, marking Equinix's first entry into the African market. MainOne, founded by Funke Opeke, operates three data centers with a fourth under construction, alongside plans for a sub-sea cable connecting Portugal to several West African nations. This acquisition positions Equinix to capitalize on the rapidly growing demand for data use and storage capacity in Africa, while providing MainOne with crucial capital and network access for its expansion.",,Arise News,General,Arise News,"[{'topic': 'mergers_and_acquisitions', 'relevance_score': '1.000000'}, {'topic': 'technology', 'relevance_score': '0.831373'}]",0.224587,Somewhat-Bullish,"[{'ticker': 'EQIX', 'relevance_score': '1.000000', 'ticker_sentiment_score': '0.402684', 'ticker_sentiment_label': 'Bullish'}, {'ticker': 'AMZN', 'relevance_score': '0.634960', 'ticker_sentiment_score': '0.139460', 'ticker_sentiment_label': 'Neutral'}, {'ticker': 'GOOGL', 'relevance_score': '0.625377', 'ticker_sentiment_score': '0.113718', 'ticker_sentiment_label': 'Neutral'}]"
"5 Free Resources for Tech Learning Include AWS, Coursera, More",https://www.dice.com/career-advice/6-free-resources-for-tech-learning-include-aws-coursera-more,20211207T160826,['Brian T. Horowitz'],"This article highlights five free resources for individuals looking to enhance their tech skills: Amazon Web Services (AWS), Coursera, Microsoft Learn, NPower, and Per Scholas. It advises technologists to have clear goals when choosing a program, distinguishing between learning new skills and securing a new job. The resources offer various learning styles, from self-paced online courses to intensive bootcamps, and some provide industry-recognized credentials.",https://www.dice.com/binaries/medium/content/gallery/dice/insights/2021/05/shutterstock_1827070304.jpg,Dice,General,Dice,"[{'topic': 'technology', 'relevance_score': '0.902593'}]",0.345503,Somewhat-Bullish,"[{'ticker': 'COUR', 'relevance_score': '1.000000', 'ticker_sentiment_score': '0.321751', 'ticker_sentiment_label': 'Somewhat-Bullish'}, {'ticker': 'AMZN', 'relevance_score': '0.847598', 'ticker_sentiment_score': '0.305320', 'ticker_sentiment_label': 'Somewhat-Bullish'}, {'ticker': 'MSFT', 'relevance_score': '0.718378', 'ticker_sentiment_score': '0.334464', 'ticker_sentiment_label': 'Somewhat-Bullish'}, {'ticker': 'IBM', 'relevance_score': '0.638516', 'ticker_sentiment_score': '0.344510', 'ticker_sentiment_label': 'Somewhat-Bullish'}]"
DXC partners with AWS to bring personalized cloud solutions to the enterprise,https://siliconangle.com/2021/12/07/dxc-partners-aws-bring-personalized-cloud-solutions-enterprise-reinvent/,20211207T161204,['Alice Gillin'],"DXC Technology Co. and Amazon Web Services Inc. have partnered to offer personalized cloud transformation solutions for businesses. This collaboration, highlighted during AWS re:Invent, focuses on guiding companies from existing data centers to cloud adoption through DXC's ""Cloud Right"" strategy. The approach emphasizes tailoring solutions to individual customer needs, resulting in significant operational cost reductions for clients, such as a leading insurance company that saw a 30% budget decrease.",https://d15shllkswkct0.cloudfront.net/wp-content/blogs.dir/1/files/2021/12/Giorgio-Vanzini-AWS-reInvent-2021.jpeg,SiliconANGLE,General,SiliconANGLE,"[{'topic': 'technology', 'relevance_score': '0.927848'}]",0.374611,Bullish,"[{'ticker': 'DXC', 'relevance_score': '1.000000', 'ticker_sentiment_score': '0.432433', 'ticker_sentiment_label': 'Bullish'}, {'ticker': 'AMZN', 'relevance_score': '0.701386', 'ticker_sentiment_score': '0.341978', 'ticker_sentiment_label': 'Somewhat-Bullish'}]"
Amazon Web Services outage brings some delivery operations to a standstill,https://www.cnbc.com/2021/12/07/amazon-web-services-outage-causes-issues-at-disney-netflix-coinbase.html,20211207T162800,['Annie Palmer'],"An Amazon Web Services (AWS) outage on Tuesday affected various websites and services, including Disney+, Netflix, and Coinbase, as well as critical internal Amazon tools like its Flex and AtoZ apps. The outage, which primarily impacted the AWS US-East-1 region, also brought some Amazon delivery operations to a standstill, causing significant disruptions during the crucial ""peak season"" for holiday shoppers. While many underlying issues were mitigated by Tuesday evening, some services continued to experience problems.",https://image.cnbcfm.com/api/v1/image/106198914-157185168879320191011-img_3215.jpg?v=1571851773&w=60&h=60&ffmt=webp,CNBC,General,CNBC,"[{'topic': 'retail_wholesale', 'relevance_score': '0.937161'}, {'topic': 'technology', 'relevance_score': '1.000000'}, {'topic': 'finance', 'relevance_score': '0.630219'}, {'topic': 'economy_macro', 'relevance_score': '0.619089'}]",-0.213107,Somewhat-Bearish,"[{'ticker': 'NFLX', 'relevance_score': '0.836855', 'ticker_sentiment_score': '-0.217172', 'ticker_sentiment_label': 'Somewhat-Bearish'}, {'ticker': 'AMZN', 'relevance_score': '1.000000', 'ticker_sentiment_score': '-0.208041', 'ticker_sentiment_label': 'Somewhat-Bearish'}, {'ticker': 'DIS', 'relevance_score': '0.733269', 'ticker_sentiment_score': '-0.203973', 'ticker_sentiment_label': 'Somewhat-Bearish'}, {'ticker': 'COIN', 'relevance_score': '0.642481', 'ticker_sentiment_score': '-0.202571', 'ticker_sentiment_label': 'Somewhat-Bearish'}]"
"Major Outage Strikes Amazon Web Services ; Netflix, Venmo, Instacart Among Many Affected Sites",https://www.cbsnews.com/sanfrancisco/news/amazon-web-services-aws-outage-netflix-instacart-venmo-roku/,20211207T163103,[],"A major Amazon Web Services (AWS) outage on December 7, 2021, disrupted numerous popular sites and services, including Netflix, Venmo, and Instacart, and even affected Amazon's own delivery operations. The six-hour disruption, primarily in the eastern U.S., highlighted the growing reliance on centralized cloud services and the cascading impact when they fail, leaving customers and students without access to essential online platforms. Experts noted that such outages are becoming more common due to the centralization and automation of the internet, contrasting with its original design for decentralization.",https://assets2.cbsnewsstatic.com/hub/i/r/2024/01/24/c70ec096-27ab-4997-bb2d-05cb10186a33/thumbnail/1200x630/f8a9f82152431b8dea5fa289c1ace699/gettyimages-563546273.jpg#,CBS News,General,CBS News,"[{'topic': 'technology', 'relevance_score': '0.937782'}, {'topic': 'economy_macro', 'relevance_score': '0.740241'}]",0.089438,Neutral,"[{'ticker': 'NFLX', 'relevance_score': '0.892866', 'ticker_sentiment_score': '-0.215372', 'ticker_sentiment_label': 'Somewhat-Bearish'}, {'ticker': 'AMZN', 'relevance_score': '0.907258', 'ticker_sentiment_score': '0.298227', 'ticker_sentiment_label': 'Somewhat-Bullish'}, {'ticker': 'LUV', 'relevance_score': '0.602272', 'ticker_sentiment_score': '0.131137', 'ticker_sentiment_label': 'Neutral'}, {'ticker': 'DAL', 'relevance_score': '0.616596', 'ticker_sentiment_score': '0.129894', 'ticker_sentiment_label': 'Neutral'}, {'ticker': 'MSFT', 'relevance_score': '0.565757', 'ticker_sentiment_score': '0.082211', 'ticker_sentiment_label': 'Neutral'}]"
How 2U Is Helping Nestlé Purina Increase the Diversity of Its Tech Talent Pool,https://2u.com/newsroom/how-2u-is-helping-nestle-purina-increase-the-diversity-of-its-tech-talent-pool/,20211207T164555,['Bannon Puckett'],"Nestlé Purina has partnered with 2U through its Project Opportunity initiative to diversify its tech talent pool by tapping into underserved communities such as military veterans and women. The partnership helps Nestlé Purina find tech professionals with skills in areas like machine learning and data analysis, while also providing career readiness and opportunities to boot camp students. This collaboration aims to foster a more inclusive workforce and benefit from a wider range of ideas and strengths.",https://2u.com/static/956d9bb7b3f167193e528b5719f2cfc3/aaf8f/Nestle.max-2880x1800.png,2U,General,2U,"[{'topic': 'retail_wholesale', 'relevance_score': '0.716262'}, {'topic': 'technology', 'relevance_score': '0.804688'}, {'topic': 'manufacturing', 'relevance_score': '0.641029'}]",0.201317,Somewhat-Bullish,"[{'ticker': 'TWOU', 'relevance_score': '1.000000', 'ticker_sentiment_score': '0.440713', 'ticker_sentiment_label': 'Bullish'}, {'ticker': 'WMT', 'relevance_score': '0.619386', 'ticker_sentiment_score': '0.115424', 'ticker_sentiment_label': 'Neutral'}, {'ticker': 'AMZN', 'relevance_score': '0.609727', 'ticker_sentiment_score': '0.132150', 'ticker_sentiment_label': 'Neutral'}, {'ticker': 'TGT', 'relevance_score': '0.626142', 'ticker_sentiment_score': '0.101336', 'ticker_sentiment_label': 'Neutral'}]"
"Amazon’s Prime Video, apps down for thousands of users",https://www.aljazeera.com/economy/2021/12/7/amazons-prime-video-apps-down-for-thousands-of-users,20211207T193549,['Reuters'],"Amazon’s Prime Video and other services, including applications using Amazon Web Services (AWS), experienced significant outages for thousands of users in the United States. The company attributed the disruption to network devices and an application programming interface (API), which also affected its ability to provide timely updates. Other services like Ring security cameras, Chime, and iRobot were also impacted, highlighting the widespread dependency on AWS infrastructure.",https://www.aljazeera.com/economy/2021/12/7/amazons-prime-video-apps-down-for-thousands-of-users,Al Jazeera,General,Al Jazeera,"[{'topic': 'technology', 'relevance_score': '0.926578'}]",-0.407119,Bearish,"[{'ticker': 'AMZN', 'relevance_score': '1.000000', 'ticker_sentiment_score': '-0.403788', 'ticker_sentiment_label': 'Bearish'}]"
"Amazon Cloud Outage Hits Major Websites, Streaming Apps",https://www.voanews.com/a/amazon-cloud-outage-hits-major-websites-streaming-apps-/6343865.html,20211207T202500,['Reuters'],"A major Amazon cloud services outage impacted several prominent websites and streaming apps, including Netflix, Disney+, Robinhood, and Amazon's own e-commerce site, as consumers were shopping for Christmas. Amazon attributed the disruption to network devices and application programming interface issues, with many services beginning to recover later in the day. This incident follows a similar widespread outage earlier in the year that affected numerous major websites.",,VOA - Voice of America English News,General,VOA - Voice of America English News,"[{'topic': 'technology', 'relevance_score': '0.904788'}, {'topic': 'retail_wholesale', 'relevance_score': '0.617374'}]",0.036011,Neutral,"[{'ticker': 'AMZN', 'relevance_score': '0.331851', 'ticker_sentiment_score': '0.022791', 'ticker_sentiment_label': 'Neutral'}]"
"Ingram Micro Acquires Brlink, Strengthening Its Partner Ecosystem with New Managed Services",https://www.businesswire.com/news/home/20211207005465/en/Ingram-Micro-Acquires-Brlink-Strengthening-Its-Partner-Ecosystem-with-New-Managed-Services,20211207T203148,[],"Ingram Micro has acquired BRLink, a leading managed services provider in Brazil, to enhance its cloud services portfolio and strengthen its partner ecosystem. This acquisition positions Ingram Micro as the sole distributor in Brazil capable of offering complete cloud migration services, leveraging BRLink's expertise in managed services, data analysis, and artificial intelligence. BRLink will continue to operate as a business unit within Ingram Micro Brazil, led by its founder Rafael Marangoni, supporting Ingram Micro's growth in the rapidly expanding Latin American cloud market.",,Business Wire,General,Business Wire,"[{'topic': 'mergers_and_acquisitions', 'relevance_score': '0.933337'}, {'topic': 'technology', 'relevance_score': '0.817053'}]",0.335829,Somewhat-Bullish,"[{'ticker': 'INGM', 'relevance_score': '0.950753', 'ticker_sentiment_score': '0.488554', 'ticker_sentiment_label': 'Bullish'}, {'ticker': 'AMZN', 'relevance_score': '0.639956', 'ticker_sentiment_score': '0.304822', 'ticker_sentiment_label': 'Somewhat-Bullish'}, {'ticker': 'GOOGL', 'relevance_score': '0.552758', 'ticker_sentiment_score': '0.284842', 'ticker_sentiment_label': 'Somewhat-Bullish'}]"
Zscaler Extends its Proven Zero Trust Exchange Platform to Deliver Zero Trust for Workloads,https://www.globenewswire.com/news-release/2021/12/08/2348002/0/en/Zscaler-Extends-its-Proven-Zero-Trust-Exchange-Platform-to-Deliver-Zero-Trust-for-Workloads.html,20211208T030100,[],"Zscaler announced the general availability of its new Workload Communications solution, extending Zero Trust security to workloads and applications in public clouds. This solution aims to simplify multi-cloud workload connectivity, eliminate attack surfaces, and enhance application performance by moving away from traditional VPNs and firewalls. It provides Zero Trust for cloud workloads across cloud-to-internet, cloud-to-cloud, cloud-to-data center, and intra-cloud communications.",https://www.globenewswire.com/NewsRoom/AttachmentNg/5abb33a2-92f0-4f2f-a512-e5fc04445084,GlobeNewswire,General,GlobeNewswire,"[{'topic': 'technology', 'relevance_score': '1.000000'}]",0.366856,Bullish,"[{'ticker': 'ZS', 'relevance_score': '1.000000', 'ticker_sentiment_score': '0.516557', 'ticker_sentiment_label': 'Bullish'}, {'ticker': 'AMZN', 'relevance_score': '0.712656', 'ticker_sentiment_score': '0.305322', 'ticker_sentiment_label': 'Somewhat-Bullish'}, {'ticker': 'MSFT', 'relevance_score': '0.616003', 'ticker_sentiment_score': '0.289544', 'ticker_sentiment_label': 'Somewhat-Bullish'}]"
How much control should Apple have over your iPhone and the App Store?,https://www.vox.com/recode/22821277/apple-iphone-antitrust-app-store-privacy,20211208T103000,['Sara Morrison'],"Apple is facing increasing scrutiny over its tight control of the App Store, which critics call a monopoly due to its exclusive app distribution, mandatory commissions, and content restrictions. While Apple argues these measures ensure user security and privacy, lawmakers and regulators worldwide are pushing for changes to increase competition, potentially leading to more app choices and lower prices for consumers, but also raising concerns about security. Despite some minor concessions, Apple largely maintains its stance, suggesting significant shifts may only occur if forced by new legislation or legal challenges.",https://platform.vox.com/wp-content/uploads/sites/2/chorus/uploads/chorus_asset/file/23068618/apple_final.jpg?quality=90&strip=all&crop=5%2C0%2C90%2C100&w=2400,Vox,General,Vox,"[{'topic': 'technology', 'relevance_score': '1.000000'}]",-0.116212,Neutral,"[{'ticker': 'AAPL', 'relevance_score': '1.000000', 'ticker_sentiment_score': '-0.216632', 'ticker_sentiment_label': 'Somewhat-Bearish'}, {'ticker': 'AMZN', 'relevance_score': '0.632200', 'ticker_sentiment_score': '-0.138077', 'ticker_sentiment_label': 'Neutral'}, {'ticker': 'MSFT', 'relevance_score': '0.626467', 'ticker_sentiment_score': '-0.146490', 'ticker_sentiment_label': 'Neutral'}, {'ticker': 'GOOGL', 'relevance_score': '0.631964', 'ticker_sentiment_score': '-0.122920', 'ticker_sentiment_label': 'Neutral'}, {'ticker': 'NFLX', 'relevance_score': '0.629560', 'ticker_sentiment_score': '0.130583', 'ticker_sentiment_label': 'Neutral'}]"
B2C E-commerce Market May Set a New Epic Growth Story |,https://www.openpr.com/news/2489894/b2c-e-commerce-market-may-set-a-new-epic-growth-story,20211208T115300,['AMA Research & Media LLP'],"A new research publication by Advance Market Analytics titled ""B2C E-commerce Market Insights, to 2026"" forecasts significant growth for the B2C e-commerce market, driven by increasing disposable income, global per capita income, and expanding internet penetration. Key players in this evolving market include Alibaba, Amazon, eBay, and Apple. The report details market trends, opportunities, drivers, and challenges, segmenting the market by type, application, brand, and product across various regions.",https://cdn.open-pr.com/U/c/Uc08700236_g.jpg,openPR.com,General,openPR.com,"[{'topic': 'retail_wholesale', 'relevance_score': '0.928348'}, {'topic': 'technology', 'relevance_score': '0.849769'}, {'topic': 'economy_macro', 'relevance_score': '0.736776'}]",0.445381,Bullish,"[{'ticker': 'EBAY', 'relevance_score': '1.000000', 'ticker_sentiment_score': '0.436442', 'ticker_sentiment_label': 'Bullish'}, {'ticker': 'AMZN', 'relevance_score': '0.940963', 'ticker_sentiment_score': '0.424183', 'ticker_sentiment_label': 'Bullish'}, {'ticker': 'WMT', 'relevance_score': '0.702277', 'ticker_sentiment_score': '0.410259', 'ticker_sentiment_label': 'Bullish'}, {'ticker': 'AAPL', 'relevance_score': '0.605897', 'ticker_sentiment_score': '0.424833', 'ticker_sentiment_label': 'Bullish'}]"
FAA makes its ruling on the height of Amazon’s Helix tower at HQ2,https://www.bizjournals.com/washington/news/2021/12/08/amazon-helix-penplace-faa-hq2.html,20211208T162353,['Hannah Denham'],"The Federal Aviation Administration (FAA) has concluded its review of Amazon's proposed 355-foot-tall Helix building at its HQ2 PenPlace site. The FAA's decision follows an almost eight-month review process regarding the height of the unique conical structure. Arlington officials have previously expressed desires for more green elements in Amazon's PenPlace development, and there was earlier concern from airports authority regarding the Helix's height.",https://media.bizj.us/view/img/12133416/penplace-helix*900xx1622-912-0-19.png,The Business Journals,General,The Business Journals,"[{'topic': 'real_estate', 'relevance_score': '0.917389'}, {'topic': 'technology', 'relevance_score': '0.719538'}, {'topic': 'finance', 'relevance_score': '0.634278'}]",0.028648,Neutral,"[{'ticker': 'JBGS', 'relevance_score': '0.348654', 'ticker_sentiment_score': '0.022888', 'ticker_sentiment_label': 'Neutral'}, {'ticker': 'AMZN', 'relevance_score': '1.000000', 'ticker_sentiment_score': '0.014853', 'ticker_sentiment_label': 'Neutral'}]"
Sonos now supports Dolby Atmos and 24-bit hi-res audio on Amazon Music,https://www.whathifi.com/news/sonos-now-supports-amazon-musics-dolby-atmos-and-24-bit-hi-res-tracks,20211208T164141,['Becky Roberts'],"Sonos has expanded its audio support to include Amazon Music Unlimited's hi-res and Dolby Atmos music. This allows Amazon Music subscribers to stream ""Ultra HD"" (24-bit) tracks and Dolby Atmos content on compatible Sonos devices. While Amazon offers up to 24-bit/192kHz, Sonos devices will stream up to 24-bit/48kHz, with broader compatibility for hi-res than for Dolby Atmos which is limited to the Beam Gen 2 and Arc.",https://cdn.mos.cms.futurecdn.net/MRDA758MZexeMeiae8FRhP-840-80.jpg,What Hi-Fi?,General,What Hi-Fi?,"[{'topic': 'technology', 'relevance_score': '1.000000'}]",0.282269,Somewhat-Bullish,"[{'ticker': 'SONO', 'relevance_score': '1.000000', 'ticker_sentiment_score': '0.404188', 'ticker_sentiment_label': 'Bullish'}, {'ticker': 'AMZN', 'relevance_score': '0.741624', 'ticker_sentiment_score': '0.313082', 'ticker_sentiment_label': 'Somewhat-Bullish'}, {'ticker': 'AAPL', 'relevance_score': '0.617314', 'ticker_sentiment_score': '0.117965', 'ticker_sentiment_label': 'Neutral'}]"
SparrowHawk’s 255 Logistics Center in St. Louis now fully leased,https://rejournals.com/sparrowhawks-255-logistics-center-in-st-louis-now-fully-leased/,20211208T164305,[],"SparrowHawk LLC has announced that its 502,800-square-foot 255 Logistics Center in St. Louis is now fully leased after securing two significant transactions. The latest lease is with a large e-commerce firm for 202,300 square feet, while Sensient Technologies Corporation leased the remaining 300,481 square feet for relocation and expansion. These deals are among the largest industrial transactions in the St. Louis metro area for 2021.",https://rejournals.com/wp-content/uploads/255-St.-Louis.jpg,REJournals,General,REJournals,"[{'topic': 'real_estate', 'relevance_score': '0.931133'}, {'topic': 'manufacturing', 'relevance_score': '0.718100'}, {'topic': 'retail_wholesale', 'relevance_score': '0.630231'}]",0.331827,Somewhat-Bullish,"[{'ticker': 'SXT', 'relevance_score': '0.913735', 'ticker_sentiment_score': '0.341691', 'ticker_sentiment_label': 'Somewhat-Bullish'}, {'ticker': 'AMZN', 'relevance_score': '0.626058', 'ticker_sentiment_score': '0.308551', 'ticker_sentiment_label': 'Somewhat-Bullish'}]"
NFL's Raiders use analytics to engage new customer base,https://www.techtarget.com/searchbusinessanalytics/news/252510684/NFLs-Raiders-use-analytics-to-engage-new-customer-base,20211208T164532,['Eric Avidon'],"The NFL's Las Vegas Raiders modernized their analytics stack to understand and engage a new customer base after moving from Oakland. They partnered with Data Clymer to build a cloud-based system using Salesforce, Matillion, Snowflake, and Tableau to process and analyze customer data. This new system allows the Raiders to rapidly gain insights, develop targeted marketing campaigns, and maximize diverse revenue opportunities from their new stadium in Las Vegas, which operates as a tourist destination.",https://www.techtarget.com/visuals/searchBusinessAnalytics/data_analytics/businessanalytics_article_013_searchsitetablet_520X173.jpg,TechTarget,General,TechTarget,"[{'topic': 'technology', 'relevance_score': '0.838960'}]",0.15206,Somewhat-Bullish,"[{'ticker': 'TTGT', 'relevance_score': '0.938388', 'ticker_sentiment_score': '0.254580', 'ticker_sentiment_label': 'Somewhat-Bullish'}, {'ticker': 'CRM', 'relevance_score': '0.708302', 'ticker_sentiment_score': '0.312673', 'ticker_sentiment_label': 'Somewhat-Bullish'}, {'ticker': 'NOW', 'relevance_score': '0.648084', 'ticker_sentiment_score': '-0.113586', 'ticker_sentiment_label': 'Neutral'}, {'ticker': 'AMZN', 'relevance_score': '0.603733', 'ticker_sentiment_score': '0.333096', 'ticker_sentiment_label': 'Somewhat-Bullish'}, {'ticker': 'MSFT', 'relevance_score': '0.582612', 'ticker_sentiment_score': '-0.052612', 'ticker_sentiment_label': 'Neutral'}]"
Tecnoglass stock plummets as short-seller alleges cartel connections,https://nypost.com/2021/12/09/tecnoglass-stock-tanks-as-short-seller-alleges-cartel-connections/,20211209T133100,['Will Feuer'],"Tecnoglass stock plummeted over 40% after Hindenburg Research, a short-seller, accused the Colombia-based glassmaker of having ties to the infamous Cali cartel and operating on fraudulent figures. The report details past allegations against the company's founders, Jose and Christian Daes, including involvement with weapon smuggling, cocaine trafficking, and money laundering for the cartel, as well as alleged non-disclosure of related-party transactions. Hindenburg Research, which has taken a bet against the stock, suspects a significant portion of Tecnoglass' revenue is faked.",,New York Post,General,New York Post,"[{'topic': 'financial_markets', 'relevance_score': '0.930161'}, {'topic': 'real_estate', 'relevance_score': '0.711067'}]",-0.116019,Neutral,"[{'ticker': 'TGLS', 'relevance_score': '1.000000', 'ticker_sentiment_score': '-0.723559', 'ticker_sentiment_label': 'Bearish'}, {'ticker': 'AMZN', 'relevance_score': '0.635122', 'ticker_sentiment_score': '0.514898', 'ticker_sentiment_label': 'Bullish'}]"
Vita Coco duo launch non-HFSS cereal brand Surreal,https://www.thegrocer.co.uk/news/vita-coco-duo-launch-non-hfss-cereal-brand-surreal/662725.article,20211209T160809,['Daniel Woolfson'],"Two former Vita Coco executives, Kit Gammell and Jac Chetland, have launched a new non-HFSS (high in fat, sugar, and salt) cereal brand called Surreal. The brand offers four sugar-free, high-protein, low-carb flavors and aims to disrupt the traditional cereal market by being nutritionally relevant for adults while retaining the fun of childhood cereals. Surreal has attracted significant investors and plans a sampling campaign before launching on Amazon and DTC channels in January.",https://dmrqkbkq8el9i.cloudfront.net/Pictures/480xany/1/4/4/252144_957untitledsession0204_466610_crop.jpg,The Grocer,General,The Grocer,"[{'topic': 'retail_wholesale', 'relevance_score': '0.844661'}, {'topic': 'finance', 'relevance_score': '0.615654'}]",0.124648,Neutral,"[{'ticker': 'COCO', 'relevance_score': '0.307847', 'ticker_sentiment_score': '0.021085', 'ticker_sentiment_label': 'Neutral'}, {'ticker': 'AMZN', 'relevance_score': '0.618900', 'ticker_sentiment_score': '0.221217', 'ticker_sentiment_label': 'Somewhat-Bullish'}]"
Kroger and Ocado to build automated e-commerce site in North Carolina,https://www.grocerydive.com/news/kroger-and-ocado-to-build-automated-e-commerce-site-in-north-carolina/611245/,20211209T203727,['Sam Silverstein'],"Kroger plans to build a 200,000-square-foot automated customer fulfillment center (CFC) in Concord, North Carolina, in partnership with Ocado. This facility is expected to open within two years, create up to 700 jobs, and use unmanned vehicles to efficiently process grocery orders. The new CFC will enhance Kroger's e-commerce agility and capitalize on incentives from North Carolina, including a potential $2.3 million reimbursement.",,Grocery Dive,General,Grocery Dive,"[{'topic': 'retail_wholesale', 'relevance_score': '1.000000'}, {'topic': 'technology', 'relevance_score': '0.823678'}, {'topic': 'economy_fiscal', 'relevance_score': '0.641310'}]",0.183049,Somewhat-Bullish,"[{'ticker': 'KR', 'relevance_score': '1.000000', 'ticker_sentiment_score': '0.300723', 'ticker_sentiment_label': 'Somewhat-Bullish'}, {'ticker': 'AMZN', 'relevance_score': '0.632452', 'ticker_sentiment_score': '0.134109', 'ticker_sentiment_label': 'Neutral'}, {'ticker': 'WMT', 'relevance_score': '0.576664', 'ticker_sentiment_score': '0.013784', 'ticker_sentiment_label': 'Neutral'}]"
10 Gym Bags That Have Shoe Compartments Built Right In,https://www.popsugar.co.uk/fitness/gym-bags-with-shoe-compartments-48644200,20211210T015000,['Kalea Martín'],"This article highlights the convenience of gym bags with dedicated shoe compartments, preventing dirty shoes from mixing with clean clothes. It features a curated list of 10 such bags, ranging from duffels to backpacks, with options for various budgets and needs. Each bag is described with its key features, pricing, and where to purchase it.",https://media1.popsugar-assets.com/files/thumbor/39bjWmT37Jo7NDZDEUwws2dfCdA=/0x0:1836x1950/fit-in/792x841/filters:format_auto():upscale()/2021/12/09/088/n/1922729/a72022a661b2a857644be8.33696775_.jpg,Popsugar UK,General,Popsugar UK,"[{'topic': 'retail_wholesale', 'relevance_score': '0.847434'}]",0.27623,Somewhat-Bullish,"[{'ticker': 'UAA', 'relevance_score': '0.880988', 'ticker_sentiment_score': '0.341114', 'ticker_sentiment_label': 'Somewhat-Bullish'}, {'ticker': 'NKE', 'relevance_score': '0.608598', 'ticker_sentiment_score': '0.328853', 'ticker_sentiment_label': 'Somewhat-Bullish'}, {'ticker': 'LULU', 'relevance_score': '0.648079', 'ticker_sentiment_score': '0.306473', 'ticker_sentiment_label': 'Somewhat-Bullish'}, {'ticker': 'AMZN', 'relevance_score': '0.590447', 'ticker_sentiment_score': '0.127743', 'ticker_sentiment_label': 'Neutral'}]"
"Starbucks workers vote to unionize at Buffalo, New York, store",https://www.reuters.com/business/starbucks-loses-bid-stave-off-labor-union-buffalo-new-york-2021-12-09/,20211210T024800,['Hilary Russ and Lindsay DeDario'],"Starbucks employees at one store in Buffalo, New York, have voted to join a union, marking the coffee chain's first unionized company-owned location in the U.S. This outcome, though involving a small number of workers, is seen as symbolically significant and could encourage further unionization efforts across other Starbucks cafes and companies like Amazon. A second store rejected unionization, and a third store's results are still pending review.",https://www.reuters.com/resizer/v2/https%3A%2F%2Fcloudfront-us-east-2.images.arcpublishing.com%2Freuters%2FMSJ5TCRZ5FPBVD3P4M572T7Z6M.jpg?auth=9f57895e69e7f53580436d9361665a5dfb06cd66099fe634731c6a7e0fcac0e5&width=960&height=540&quality=80&smart=true,Reuters,General,Reuters,"[{'topic': 'retail_wholesale', 'relevance_score': '0.816898'}, {'topic': 'economy_macro', 'relevance_score': '0.724772'}]",-0.196289,Somewhat-Bearish,"[{'ticker': 'SBUX', 'relevance_score': '1.000000', 'ticker_sentiment_score': '-0.204045', 'ticker_sentiment_label': 'Somewhat-Bearish'}, {'ticker': 'AMZN', 'relevance_score': '0.627055', 'ticker_sentiment_score': '-0.115681', 'ticker_sentiment_label': 'Neutral'}]"
America’s Largest Retail Union Calls on CEOs for Action on Omicron and Winter COVID Surge to Protect Essential Workers and Customers,https://www.ufcw.org/press-releases/americas-largest-retail-union-calls-on-ceos-for-action-on-omicron-and-winter-covid-surge-to-protect-essential-workers-and-customers/,20211210T160245,[],"The United Food and Commercial Workers (UFCW), America's largest retail and food union, has urged top U.S. retail and grocery CEOs to take immediate action to protect employees and customers against the Omicron variant and the winter COVID surge. The union's letter highlighted increased worker deaths and infections, proposing five key measures for companies to implement. These measures include promoting mask-wearing, providing free PPE, re-establishing social distancing, supporting worker vaccinations with paid leave, and implementing inflation wage protection.",https://www.ufcw.org/wp-content/blogs.dir/61/files/2021/06/SRC_0719-scaled-768x0-c-default.jpg,The United Food & Commercial Workers International Union,General,The United Food & Commercial Workers International Union,"[{'topic': 'retail_wholesale', 'relevance_score': '0.944589'}, {'topic': 'economy_monetary', 'relevance_score': '0.719708'}]",0.074384,Neutral,"[{'ticker': 'BBY', 'relevance_score': '0.968328', 'ticker_sentiment_score': '-0.140036', 'ticker_sentiment_label': 'Neutral'}, {'ticker': 'AMZN', 'relevance_score': '0.830298', 'ticker_sentiment_score': '0.137265', 'ticker_sentiment_label': 'Neutral'}, {'ticker': 'WMT', 'relevance_score': '0.794888', 'ticker_sentiment_score': '0.146144', 'ticker_sentiment_label': 'Neutral'}, {'ticker': 'KR', 'relevance_score': '0.711969', 'ticker_sentiment_score': '0.133288', 'ticker_sentiment_label': 'Neutral'}, {'ticker': 'CVS', 'relevance_score': '0.668187', 'ticker_sentiment_score': '0.140097', 'ticker_sentiment_label': 'Neutral'}]"
"Starbucks can afford 'decent wage with decent benefits,' says Sanders as N.Y. store unionizes",https://www.benefitscanada.com/benefits/health-benefits/starbucks-can-afford-decent-wage-with-decent-benefits-says-sanders-as-n-y-store-unionizes/,20211210T163920,['The Associated Press'],"Workers at a Starbucks store in Buffalo, N.Y., voted to unionize on Thursday, marking a first for the 50-year-old coffee chain in the U.S. This development signals a potential resurgence of the labour movement, with Senator Bernie Sanders advocating for better wages and benefits for Starbucks employees, citing the CEO's substantial compensation. The vote's certification is pending any objections, but it represents a symbolic victory for labour, potentially influencing other Starbucks locations and fast-food chains.",https://www.benefitscanada.com/wp-content/uploads/sites/7/2020/08/115968228_Starbucks_123RF.jpg,Benefits Canada.com,General,Benefits Canada.com,"[{'topic': 'retail_wholesale', 'relevance_score': '0.902412'}, {'topic': 'economy_macro', 'relevance_score': '0.742166'}, {'topic': 'finance', 'relevance_score': '0.602127'}]",-0.190261,Somewhat-Bearish,"[{'ticker': 'SBUX', 'relevance_score': '1.000000', 'ticker_sentiment_score': '-0.222156', 'ticker_sentiment_label': 'Somewhat-Bearish'}, {'ticker': 'AMZN', 'relevance_score': '0.630196', 'ticker_sentiment_score': '-0.103687', 'ticker_sentiment_label': 'Neutral'}]"
Apache Log4j Vulnerability - Check Point Blog,https://blog.checkpoint.com/security/protecting-against-cve-2021-44228-apache-log4j2-versions-2-14-1/,20211211T160718,['Check Point Research Team'],"This article from Check Point Research details the critical Log4j vulnerability (CVE-2021-44228), a remote code execution exploit impacting a vast number of Java-based applications globally. It explains the nature of the vulnerability, the rapid evolution of exploit variations, and the immediate protective measures offered by Check Point's Infinity Platform. The piece also confirms that Check Point's own architecture is not affected and provides guidance on mitigation and continued support.",https://blog.checkpoint.com/wp-content/uploads/2021/12/Social_1200x628.jpg,Check Point Blog,General,Check Point Blog,"[{'topic': 'technology', 'relevance_score': '1.000000'}]",0.243531,Somewhat-Bullish,"[{'ticker': 'CHKP', 'relevance_score': '1.000000', 'ticker_sentiment_score': '0.433739', 'ticker_sentiment_label': 'Bullish'}, {'ticker': 'AMZN', 'relevance_score': '0.626312', 'ticker_sentiment_score': '0.100658', 'ticker_sentiment_label': 'Neutral'}, {'ticker': 'MSFT', 'relevance_score': '0.646036', 'ticker_sentiment_score': '0.105316', 'ticker_sentiment_label': 'Neutral'}, {'ticker': 'IBM', 'relevance_score': '0.604439', 'ticker_sentiment_score': '0.146180', 'ticker_sentiment_label': 'Neutral'}, {'ticker': 'CRWD', 'relevance_score': '0.722037', 'ticker_sentiment_score': '0.306296', 'ticker_sentiment_label': 'Somewhat-Bullish'}]"
"Six dead, no hope of more survivors after tornadoes destroy Amazon warehouse",https://www.reuters.com/world/us/injuries-reported-after-roof-collapse-amazon-warehouse-illinois-ap-2021-12-11/,20211212T023500,['Richa Naidu'],"Six Amazon workers were confirmed dead after a series of tornadoes caused a warehouse near St. Louis to collapse. Authorities have shifted from rescue to recovery efforts, with little hope of finding more survivors. The company and Illinois' governor have pledged support, while the incident highlights safety concerns during severe weather.",https://www.reuters.com/resizer/v2/https%3A%2F%2Fcloudfront-us-east-2.images.arcpublishing.com%2Freuters%2FVJ4F7PF6O5JITJ6A3X3A24B7BY.jpg?auth=d9f48ac8af945d8b9d313e2f0ee9035f2d4f20bf2dbfc1736142750b691a6104&width=800&quality=85&smart=true,Reuters,General,Reuters,"[{'topic': 'retail_wholesale', 'relevance_score': '0.849635'}]",-0.439009,Bearish,"[{'ticker': 'AMZN', 'relevance_score': '1.000000', 'ticker_sentiment_score': '-0.448543', 'ticker_sentiment_label': 'Bearish'}]"
"Healthcare Triangle (HCTI) Acquires DevCool, an Electronic",https://www.globenewswire.com/news-release/2021/12/13/2350754/0/en/Healthcare-Triangle-HCTI-Acquires-DevCool-an-Electronic-Health-Record-EHR-Focused-Healthcare-IT-and-Managed-Services-Company.html,20211213T080000,[],"Healthcare Triangle (HCTI) announced the acquisition of DevCool, an EHR-focused healthcare IT and managed services company, a move expected to add approximately $20 million in revenues. This acquisition aims to strengthen HCTI's leadership in healthcare IT by improving patient care, reducing IT costs, and accelerating EHR deployments, especially for cloud hosting. The combined entity plans to leverage cloud technologies to enhance clinical, operational, and financial performance for healthcare providers and integrate DevCool’s client base with HCTI’s SaaS platforms.",,GlobeNewswire,General,GlobeNewswire,"[{'topic': 'mergers_and_acquisitions', 'relevance_score': '1.000000'}, {'topic': 'life_sciences', 'relevance_score': '0.941844'}, {'topic': 'technology', 'relevance_score': '0.831374'}]",0.434854,Bullish,"[{'ticker': 'HCTI', 'relevance_score': '1.000000', 'ticker_sentiment_score': '0.888250', 'ticker_sentiment_label': 'Bullish'}, {'ticker': 'AMZN', 'relevance_score': '0.648091', 'ticker_sentiment_score': '0.348421', 'ticker_sentiment_label': 'Somewhat-Bullish'}, {'ticker': 'GOOG', 'relevance_score': '0.634996', 'ticker_sentiment_score': '0.306279', 'ticker_sentiment_label': 'Somewhat-Bullish'}, {'ticker': 'MSFT', 'relevance_score': '0.606986', 'ticker_sentiment_score': '0.349941', 'ticker_sentiment_label': 'Somewhat-Bullish'}, {'ticker': 'UNH', 'relevance_score': '0.562847', 'ticker_sentiment_score': '0.267450', 'ticker_sentiment_label': 'Somewhat-Bullish'}]"
Harley to take EV unit public via SPAC deal as valuations soar,https://www.reuters.com/business/autos-transportation/harleys-electric-motorcycle-division-go-public-via-17-bln-spac-deal-2021-12-13/,20211213T091100,['By Reuters'],"Harley-Davidson's electric-motorcycle division, LiveWire, will go public through a merger with a blank-check firm, AEA-Bridges Impact Corp., in a deal valued at $1.77 billion. This move aims to attract younger customers and capitalize on the soaring valuations of electric-vehicle makers. Harley-Davidson will retain a 74% stake in LiveWire, which is expected to list on the New York Stock Exchange.",https://www.reuters.com/resizer/v2/3CLFRQWIZBJZHM2TPCSUL4OCNU.jpg?auth=9794f9214866d13e11a479b829f17ba2a8af7110fc960858b0d8c309a7c123ae&width=1920&quality=80,Reuters,General,Reuters,"[{'topic': 'ipo', 'relevance_score': '0.927517'}, {'topic': 'mergers_and_acquisitions', 'relevance_score': '0.905496'}, {'topic': 'energy_transportation', 'relevance_score': '0.838588'}]",0.213289,Somewhat-Bullish,"[{'ticker': 'HOG', 'relevance_score': '1.000000', 'ticker_sentiment_score': '0.306226', 'ticker_sentiment_label': 'Somewhat-Bullish'}, {'ticker': 'F', 'relevance_score': '0.737759', 'ticker_sentiment_score': '0.244246', 'ticker_sentiment_label': 'Somewhat-Bullish'}, {'ticker': 'GM', 'relevance_score': '0.646795', 'ticker_sentiment_score': '0.120053', 'ticker_sentiment_label': 'Neutral'}, {'ticker': 'AMZN', 'relevance_score': '0.624291', 'ticker_sentiment_score': '0.110175', 'ticker_sentiment_label': 'Neutral'}]"
"ZeroAvia Raises Further $35 Million for Zero-Emission Flight Technology, Taking Total Raised to $115 Million",https://zeroavia.com/zeroavia-raises-further-35-million-for-zero-emission-flight-technology-taking-total-raised-to-115-million/,20211213T155930,[],"ZeroAvia has successfully raised an additional $35 million, bringing its total investment to $115 million. This funding round includes new investors like Alaska Airlines and United Airlines, alongside existing backers such as Amazon’s Climate Pledge Fund and Breakthrough Energy Ventures. The capital will accelerate the development of ZeroAvia’s 2-5MW zero-emission powertrain system, targeting regional aircraft by 2026 and regional jets by 2028, as the company moves closer to commercializing its hydrogen-electric technology.",https://zeroavia.com/wp-content/uploads/2023/03/United-ZA-web_webp-1.webp,ZeroAvia,General,ZeroAvia,"[{'topic': 'energy_transportation', 'relevance_score': '1.000000'}, {'topic': 'technology', 'relevance_score': '0.846982'}]",0.262244,Somewhat-Bullish,"[{'ticker': 'ALK', 'relevance_score': '0.325693', 'ticker_sentiment_score': '0.043274', 'ticker_sentiment_label': 'Neutral'}, {'ticker': 'UAL', 'relevance_score': '0.854054', 'ticker_sentiment_score': '0.448737', 'ticker_sentiment_label': 'Bullish'}, {'ticker': 'AMZN', 'relevance_score': '0.720165', 'ticker_sentiment_score': '0.305331', 'ticker_sentiment_label': 'Somewhat-Bullish'}]"
10 Technology Vendors Affected By The Log4j Vulnerability,https://www.crn.com/slide-shows/security/10-technology-vendors-affected-by-the-log4j-vulnerability,20211213T163025,[],"The critical Log4j vulnerability has impacted numerous technology vendors, including prominent names like Cisco, IBM, VMware, and MSP-focused companies such as ConnectWise and N-able. This zero-day exploit allows attackers to execute arbitrary code due to vulnerable Java logging package Log4j, prompting vendors to rapidly develop patches and workarounds, though some fixes may not be available until early 2022. Several companies, including Amazon Web Services, Broadcom, Fortinet, HCL, and Okta, have issued advisories and remediation steps for their affected products, warning customers to update or implement temporary mitigations.",,CRN Magazine,General,CRN Magazine,"[{'topic': 'technology', 'relevance_score': '1.000000'}]",-0.201373,Somewhat-Bearish,"[{'ticker': 'NABL', 'relevance_score': '0.929642', 'ticker_sentiment_score': '-0.229661', 'ticker_sentiment_label': 'Somewhat-Bearish'}, {'ticker': 'AVGO', 'relevance_score': '0.826550', 'ticker_sentiment_score': '-0.244123', 'ticker_sentiment_label': 'Somewhat-Bearish'}, {'ticker': 'CSCO', 'relevance_score': '0.813845', 'ticker_sentiment_score': '-0.236567', 'ticker_sentiment_label': 'Somewhat-Bearish'}, {'ticker': 'IBM', 'relevance_score': '0.801363', 'ticker_sentiment_score': '-0.220366', 'ticker_sentiment_label': 'Somewhat-Bearish'}, {'ticker': 'AMZN', 'relevance_score': '0.719983', 'ticker_sentiment_score': '-0.127601', 'ticker_sentiment_label': 'Neutral'}]"
Ollie’s Bargain Outlet Holdings Appoints Mario Sampson SVP of Supply Chain,https://www.citybiz.co/article/189000/ollies-bargain-outlet-holdings-appoints-mario-sampson-svp-of-supply-chain/,20211213T163250,[],"Ollie's Bargain Outlet Holdings, Inc. announced the appointment of Mario Sampson as Senior Vice President of Supply Chain, reporting to Eric van der Valk. Sampson will oversee domestic and international transportation, logistics, and distribution centers, bringing extensive experience from previous roles at Unique Industries, Macy's, Amazon, and Target. CEO John Swygert highlighted Sampson's strong leadership and proven track record in driving process enhancements, anticipating his contributions to the company's long-term growth.",https://www.citybiz.co/wp-content/uploads/2021/12/Mario-Sampson.jpg,citybiz,General,citybiz,"[{'topic': 'retail_wholesale', 'relevance_score': '0.833113'}, {'topic': 'finance', 'relevance_score': '0.749609'}]",0.2359,Somewhat-Bullish,"[{'ticker': 'OLLI', 'relevance_score': '1.000000', 'ticker_sentiment_score': '0.486274', 'ticker_sentiment_label': 'Bullish'}, {'ticker': 'AMZN', 'relevance_score': '0.646785', 'ticker_sentiment_score': '0.147297', 'ticker_sentiment_label': 'Neutral'}, {'ticker': 'TGT', 'relevance_score': '0.625694', 'ticker_sentiment_score': '0.109092', 'ticker_sentiment_label': 'Neutral'}]"
29 Things You Should Never Buy at Walmart,https://247wallst.com/special-report/2021/12/13/29-things-you-should-never-buy-at-walmart-2/,20211213T164907,['247patrick'],"Walmart, a retail giant known for its aggressive pursuit of low prices, might not always be the best option for certain purchases due to quality issues or better deals elsewhere. This article identifies 29 items, ranging from electronics and appliances to groceries and personal care products, that consumers might be better off buying from other retailers. The recommendations are based on research from various consumer-focused publications, emphasizing that ""you get what you pay for.""",https://247wallst.com/wp-content/uploads/2021/04/imageForEntry31-6HZ.jpg,24/7 Wall St.,General,24/7 Wall St.,"[{'topic': 'retail_wholesale', 'relevance_score': '1.000000'}]",-0.099038,Neutral,"[{'ticker': 'WMT', 'relevance_score': '1.000000', 'ticker_sentiment_score': '-0.247353', 'ticker_sentiment_label': 'Somewhat-Bearish'}, {'ticker': 'AMZN', 'relevance_score': '0.640854', 'ticker_sentiment_score': '0.123255', 'ticker_sentiment_label': 'Neutral'}]"
Opting for a gift with a personal touch this holiday Christmas? Make sure to order now,https://www.usatoday.com/story/money/shopping/2021/12/13/personalized-handmade-gifts-popular-make-sure-plan-ahead/8835372002/,20211213T201157,['Morgan Hines'],"Personalized and handmade gifts are popular choices for the holidays, but shoppers need to order them well in advance due to longer creation and shipping times. Companies like Etsy and Framebridge recommend early shopping, though they also offer options for last-minute gift-givers such as ""Ready to Ship"" items or quick-ship frames. Delivery times can vary significantly depending on the customization required for the item.",,USA Today,General,USA Today,"[{'topic': 'retail_wholesale', 'relevance_score': '0.811291'}]",0.141172,Neutral,"[{'ticker': 'ETSY', 'relevance_score': '0.982571', 'ticker_sentiment_score': '0.314218', 'ticker_sentiment_label': 'Somewhat-Bullish'}, {'ticker': 'AMZN', 'relevance_score': '0.699736', 'ticker_sentiment_score': '-0.123062', 'ticker_sentiment_label': 'Neutral'}]"
Mesa Airlines adding freighter for DHL service as cargo ambitions grow,https://www.freightwaves.com/news/mesa-airlines-adding-freighter-for-dhl-service-as-cargo-ambitions-grow,20211213T204633,['Eric Kulisch'],"Mesa Airlines is expanding its cargo operations for DHL Express by adding another narrowbody freighter to its fleet in early 2022, following a fiscal fourth-quarter loss of $7.5 million. The regional passenger airline aims to grow its cargo fleet to eight to ten jets to improve efficiency and profitability, leveraging the increasing demand for e-commerce shipping. Mesa is also venturing into European cargo service and drone delivery to further diversify its business.",https://www.freightwaves.com/wp-content/uploads/2021/12/Mesa-737-400-freighter-12-13-21-e1639433123512.jpg,FreightWaves,General,FreightWaves,"[{'topic': 'earnings', 'relevance_score': '0.942801'}, {'topic': 'energy_transportation', 'relevance_score': '0.822323'}]",0.217567,Somewhat-Bullish,"[{'ticker': 'MESA', 'relevance_score': '1.000000', 'ticker_sentiment_score': '0.189711', 'ticker_sentiment_label': 'Somewhat-Bullish'}, {'ticker': 'UAL', 'relevance_score': '0.631787', 'ticker_sentiment_score': '0.102865', 'ticker_sentiment_label': 'Neutral'}, {'ticker': 'AMZN', 'relevance_score': '0.618007', 'ticker_sentiment_score': '0.300853', 'ticker_sentiment_label': 'Somewhat-Bullish'}]"
U.S. opens probe into Amazon warehouse fatal collapse in Illinois,https://www.reuters.com/world/us/investigation-into-amazoncom-illinois-building-collapse-opened-labor-official-2021-12-13/,20211214T091500,['Richa Naidu'],"The U.S. Occupational Safety and Health Administration (OSHA) has launched an investigation into the collapse of an Amazon.com Inc warehouse in Edwardsville, Illinois, which resulted in six worker fatalities after a devastating tornado. OSHA has six months to complete its probe, issue citations, and propose penalties if workplace safety violations are found. Amazon has pledged full cooperation with the investigation, as officials also examine the building's structural integrity prior to the disaster.",,Reuters,General,Reuters,"[{'topic': 'retail_wholesale', 'relevance_score': '0.843381'}, {'topic': 'manufacturing', 'relevance_score': '0.638218'}]",-0.409427,Bearish,"[{'ticker': 'AMZN', 'relevance_score': '1.000000', 'ticker_sentiment_score': '-0.420157', 'ticker_sentiment_label': 'Bearish'}]"
"Motley Fool Global Opportunities ETF ETF Price, Holdings, & News (BATS:TMFG)",https://www.marketbeat.com/stocks/BATS/TMFG/,20211214T101023,[],"The Motley Fool Global Opportunities ETF (TMFG) invests in global companies with quality growth characteristics, selected based on qualitative and quantitative factors. The ETF, launched on June 17, 2014, is actively managed by Motley Fool and has assets under management of $354.63 million. Key holdings include Alphabet, Amazon.com, and Taiwan Semiconductor Manufacturing.",https://www.marketbeat.com/img/logos/thumbnail/motley-fool-global-opportunities-etf-logo.png?s=thumb&v=20220816151745,MarketBeat,General,MarketBeat,"[{'topic': 'financial_markets', 'relevance_score': '0.909080'}, {'topic': 'finance', 'relevance_score': '0.845316'}]",0.328688,Somewhat-Bullish,"[{'ticker': 'TMFG', 'relevance_score': '1.000000', 'ticker_sentiment_score': '0.348749', 'ticker_sentiment_label': 'Somewhat-Bullish'}, {'ticker': 'GOOG', 'relevance_score': '0.621527', 'ticker_sentiment_score': '0.306283', 'ticker_sentiment_label': 'Somewhat-Bullish'}, {'ticker': 'AMZN', 'relevance_score': '0.590314', 'ticker_sentiment_score': '0.314453', 'ticker_sentiment_label': 'Somewhat-Bullish'}]"
Dick’s Sporting Goods launches omnichannel ‘buy now pay later’ payment,https://chainstoreage.com/dicks-sporting-goods-launches-omnichannel-buy-now-pay-later-payment,20211214T161105,['Dan Berthiaume'],"Dick's Sporting Goods has partnered with Afterpay to offer customers a ""buy now, pay later"" (BNPL) option for both in-store and online purchases. This allows shoppers to divide payments into four interest-free installments, a growing trend especially popular among younger consumers. The move makes Dick's Sporting Goods part of an expanding list of major retailers adopting BNPL services.",https://assets1.chainstoreage.com/images/v/max_width_1440/2021-12/Dicks_Sporting.jpg,Chain Store Age,General,Chain Store Age,"[{'topic': 'retail_wholesale', 'relevance_score': '0.944300'}, {'topic': 'finance', 'relevance_score': '0.847569'}, {'topic': 'technology', 'relevance_score': '0.721324'}, {'topic': 'economy_macro', 'relevance_score': '0.640332'}]",0.290898,Somewhat-Bullish,"[{'ticker': 'DKS', 'relevance_score': '1.000000', 'ticker_sentiment_score': '0.422261', 'ticker_sentiment_label': 'Bullish'}, {'ticker': 'XYZ', 'relevance_score': '0.844007', 'ticker_sentiment_score': '0.301038', 'ticker_sentiment_label': 'Somewhat-Bullish'}, {'ticker': 'AMZN', 'relevance_score': '0.615097', 'ticker_sentiment_score': '0.221404', 'ticker_sentiment_label': 'Somewhat-Bullish'}, {'ticker': 'CVS', 'relevance_score': '0.615336', 'ticker_sentiment_score': '0.218023', 'ticker_sentiment_label': 'Somewhat-Bullish'}, {'ticker': 'KR', 'relevance_score': '0.607350', 'ticker_sentiment_score': '0.248830', 'ticker_sentiment_label': 'Somewhat-Bullish'}]"
Kroger taps longtime H-E-B veteran to lead Houston division,https://www.grocerydive.com/news/kroger-taps-longtime-h-e-b-veteran-to-lead-houston-division/611474/,20211214T162539,['Jeff Wells'],"Kroger has appointed Laura Gump as president of its Houston division, leveraging her three decades of experience at Texas-based H-E-B and a previous role at Lowe's. Gump, who joined Kroger's Houston division in 2020, takes the helm amidst intense market competition from Walmart and H-E-B, and ongoing union negotiations with employees who recently authorized a strike. Her leadership will be critical in navigating these challenges in the Texas market, where she also serves as president of Women's Edge and on the board of the Boys and Girls Clubs of Greater Houston.",https://imgproxy.divecdn.com/cImy9_25RQM-Iju-fQ7qG9CDAQQSr2uTFuRziUhAnrA/g:ce/rs:fill:1200:675:1/Z3M6Ly9kaXZlc2l0ZS1zdG9yYWdlL2RpdmVpbWFnZS9HZXR0eUltYWdlcy04MTk0NTc3NS5qcGc=.webp,Grocery Dive,General,Grocery Dive,"[{'topic': 'retail_wholesale', 'relevance_score': '0.930671'}, {'topic': 'finance', 'relevance_score': '0.629298'}]",0.14548,Neutral,"[{'ticker': 'KR', 'relevance_score': '1.000000', 'ticker_sentiment_score': '0.130507', 'ticker_sentiment_label': 'Neutral'}, {'ticker': 'WMT', 'relevance_score': '0.713508', 'ticker_sentiment_score': '0.115048', 'ticker_sentiment_label': 'Neutral'}, {'ticker': 'AMZN', 'relevance_score': '0.605838', 'ticker_sentiment_score': '0.124835', 'ticker_sentiment_label': 'Neutral'}, {'ticker': 'LOW', 'relevance_score': '0.598664', 'ticker_sentiment_score': '0.126833', 'ticker_sentiment_label': 'Neutral'}]"
L Catterton Asia leads Series B investment round in Nebula Brands,https://www.globalcosmeticsnews.com/l-catterton-asia-leads-series-b-investment-round-in-nebula-brands/,20211214T210839,['Georgina Caldwell'],"Nebula Brands, a Chinese aggregator of third-party Amazon vendors, has successfully closed a US$50 million Series B funding round led by L Catterton Asia. This investment will enable Nebula Brands to capitalize on the rapid growth of Chinese third-party Amazon vendors and expand its operations. The company aims to help vendors evolve into international brands and strengthen their operations.",https://www.globalcosmeticsnews.com/wp-content/uploads/2021/12/nebula-brands-logo.jpg,Global Cosmetics News,General,Global Cosmetics News,"[{'topic': 'finance', 'relevance_score': '1.000000'}, {'topic': 'technology', 'relevance_score': '0.836645'}, {'topic': 'mergers_and_acquisitions', 'relevance_score': '0.733804'}, {'topic': 'retail_wholesale', 'relevance_score': '0.608313'}]",0.189181,Somewhat-Bullish,"[{'ticker': 'LCAA', 'relevance_score': '0.341202', 'ticker_sentiment_score': '0.041263', 'ticker_sentiment_label': 'Neutral'}, {'ticker': 'AMZN', 'relevance_score': '0.639411', 'ticker_sentiment_score': '0.307132', 'ticker_sentiment_label': 'Somewhat-Bullish'}]"
Cathie Wood’s ARK Invest Buys Over 1.5 Million Shares of Allogene,https://247wallst.com/investing/2021/12/15/cathie-woods-ark-invest-buys-over-1-5-million-shares-of-allogene/,20211215T074000,['Chris Lange'],"Cathie Wood's ARK Genomic Revolution ETF (ARKG) recently purchased over 1.5 million shares of Allogene Therapeutics Inc. (ALLO), valued at approximately $22.6 million. This acquisition occurred as the ETF experienced a more than 1% dip in Tuesday's session and a roughly 37% decline over the past year. The article details this and other transactions made by various ARK Invest ETFs on Tuesday.",https://247wallst.com/wp-content/uploads/2019/01/imageforentry2-xic.jpg,24/7 Wall St.,General,24/7 Wall St.,"[{'topic': 'financial_markets', 'relevance_score': '0.909281'}, {'topic': 'life_sciences', 'relevance_score': '0.831492'}, {'topic': 'finance', 'relevance_score': '0.740901'}, {'topic': 'technology', 'relevance_score': '0.639199'}]",0.140251,Neutral,"[{'ticker': 'ALLO', 'relevance_score': '1.000000', 'ticker_sentiment_score': '0.163759', 'ticker_sentiment_label': 'Somewhat-Bullish'}, {'ticker': 'PFE', 'relevance_score': '0.611527', 'ticker_sentiment_score': '0.117501', 'ticker_sentiment_label': 'Neutral'}, {'ticker': 'REGN', 'relevance_score': '0.619259', 'ticker_sentiment_score': '0.137825', 'ticker_sentiment_label': 'Neutral'}, {'ticker': 'AMZN', 'relevance_score': '0.575491', 'ticker_sentiment_score': '0.116836', 'ticker_sentiment_label': 'Neutral'}]"
Before the Billions: The First Jobs of Some of the Richest Men in the World,https://moneywise.com/life/entertainment/first-jobs-of-billionaires,20211215T160447,['Aileen Ormoc'],"This article explores the humble beginnings of some of the world's wealthiest individuals, highlighting their first jobs before achieving billionaire status. It details the early career paths of 15 billionaires, from Travis Kalanick selling knives door-to-door to Jeff Bezos working as a McDonald's fry cook, demonstrating that even the richest people started with ordinary or unconventional jobs. The piece also includes advice on how readers can work towards boosting their own net worth.",https://media1.moneywise.com/a/19214/first-jobs-of-billionaires_hero_1800x800_v20211109155603.jpg,moneywise.com,General,moneywise.com,"[{'topic': 'finance', 'relevance_score': '0.803327'}, {'topic': 'economy_macro', 'relevance_score': '0.704065'}, {'topic': 'technology', 'relevance_score': '0.647230'}]",0.27297,Somewhat-Bullish,"[{'ticker': 'BRK-A', 'relevance_score': '0.310486', 'ticker_sentiment_score': '0.020018', 'ticker_sentiment_label': 'Neutral'}, {'ticker': 'UBER', 'relevance_score': '0.751205', 'ticker_sentiment_score': '0.349852', 'ticker_sentiment_label': 'Somewhat-Bullish'}, {'ticker': 'META', 'relevance_score': '0.729932', 'ticker_sentiment_score': '0.355316', 'ticker_sentiment_label': 'Bullish'}, {'ticker': 'MSFT', 'relevance_score': '0.638791', 'ticker_sentiment_score': '0.351623', 'ticker_sentiment_label': 'Bullish'}, {'ticker': 'AMZN', 'relevance_score': '0.662432', 'ticker_sentiment_score': '0.341239', 'ticker_sentiment_label': 'Somewhat-Bullish'}]"
T-Mobile announces $20 an hour minimum wage for all employees,https://abc7.com/post/tmobile-minimum-wage-20-per-hour-mike-sievert/11341124/,20211215T164448,[],"T-Mobile has announced a new minimum wage of $20 an hour for all full-time and part-time employees, effective nationwide. CEO Mike Sievert stated this move is about ""inclusion"" and ensuring all employees earn a competitive wage. This decision follows similar wage hikes by other major retailers to attract and retain workers.",https://cdn.abcotvs.com/dip/images/11174732_102721-kabc-5pm-costco-minimum-wage-vid.jpg?w=608,ABC7 Los Angeles,General,ABC7 Los Angeles,"[{'topic': 'retail_wholesale', 'relevance_score': '0.845427'}, {'topic': 'economy_macro', 'relevance_score': '0.731891'}]",0.225355,Somewhat-Bullish,"[{'ticker': 'TMUS', 'relevance_score': '1.000000', 'ticker_sentiment_score': '0.432381', 'ticker_sentiment_label': 'Bullish'}, {'ticker': 'COST', 'relevance_score': '0.729215', 'ticker_sentiment_score': '0.222496', 'ticker_sentiment_label': 'Somewhat-Bullish'}, {'ticker': 'AMZN', 'relevance_score': '0.607639', 'ticker_sentiment_score': '0.121637', 'ticker_sentiment_label': 'Neutral'}, {'ticker': 'TGT', 'relevance_score': '0.646886', 'ticker_sentiment_score': '0.127682', 'ticker_sentiment_label': 'Neutral'}, {'ticker': 'BBY', 'relevance_score': '0.647067', 'ticker_sentiment_score': '0.137725', 'ticker_sentiment_label': 'Neutral'}]"
Ryder grows warehouse presence near ports with $480M Whiplash deal,https://www.supplychaindive.com/news/ryder-strengthens-port-market-warehouse-presence-whiplash-deal/611532/,20211215T210621,['Max Garland'],"Ryder is acquiring e-commerce and omnichannel fulfillment provider Whiplash for $480 million, a move that will significantly expand Ryder's warehouse footprint near key port and gateway markets. The acquisition will add 19 distribution centers totaling nearly 7 million square feet and is expected to improve Ryder's transit times, enabling deliveries to 100% of the U.S. within two days and 60% within one day. This deal follows Ryder's recent acquisition of Midwest Warehouse & Distribution System, further solidifying its presence in strategic logistics hubs.",NULL,Supply Chain Dive,General,Supply Chain Dive,"[{'topic': 'mergers_and_acquisitions', 'relevance_score': '1.000000'}, {'topic': 'retail_wholesale', 'relevance_score': '0.838662'}, {'topic': 'manufacturing', 'relevance_score': '0.735294'}, {'topic': 'energy_transportation', 'relevance_score': '0.612737'}]",0.280671,Somewhat-Bullish,"[{'ticker': 'R', 'relevance_score': '1.000000', 'ticker_sentiment_score': '0.420571', 'ticker_sentiment_label': 'Bullish'}, {'ticker': 'AMZN', 'relevance_score': '0.609756', 'ticker_sentiment_score': '0.334869', 'ticker_sentiment_label': 'Somewhat-Bullish'}, {'ticker': 'FDX', 'relevance_score': '0.642599', 'ticker_sentiment_score': '0.239160', 'ticker_sentiment_label': 'Somewhat-Bullish'}, {'ticker': 'UPS', 'relevance_score': '0.620632', 'ticker_sentiment_score': '0.201696', 'ticker_sentiment_label': 'Somewhat-Bullish'}]"
Western Auto Museum is a step back in time,https://www.capegazette.com/article/western-auto-museum-step-back-time/232178,20211216T155753,['Ron MacArthur'],"The newly established Western Auto Museum in Georgetown, Delaware, showcases the lifelong collection of Maurice Sanger, a former Western Auto store owner. The museum, located at the Nutter Marvel Carriage Museum, offers a nostalgic look at the retail chain which provided auto supplies, hardware, and various household goods before the rise of modern superstores. It features thousands of items, including rare Western Flyer merchandise, vintage auto parts, toys, and historical documents.",https://www.capegazette.com/sites/capegazette/files/2021/12/field/image/DSC_8607.jpg,Cape Gazette,General,Cape Gazette,"[{'topic': 'retail_wholesale', 'relevance_score': '0.838063'}]",-0.106691,Neutral,"[{'ticker': 'AAP', 'relevance_score': '0.837447', 'ticker_sentiment_score': '-0.128395', 'ticker_sentiment_label': 'Neutral'}, {'ticker': 'WMT', 'relevance_score': '0.607101', 'ticker_sentiment_score': '-0.110223', 'ticker_sentiment_label': 'Neutral'}, {'ticker': 'AMZN', 'relevance_score': '0.643482', 'ticker_sentiment_score': '-0.125624', 'ticker_sentiment_label': 'Neutral'}, {'ticker': 'LOW', 'relevance_score': '0.608872', 'ticker_sentiment_score': '-0.139612', 'ticker_sentiment_label': 'Neutral'}, {'ticker': 'HD', 'relevance_score': '0.639748', 'ticker_sentiment_score': '-0.142481', 'ticker_sentiment_label': 'Neutral'}]"
Large Bellevue property sells for $78M to major biotech developer,https://www.bizjournals.com/seattle/news/2021/12/16/alexandria-buys-large-bellevue-property.html,20211216T160048,['Marc Stiles'],"Alexandria Real Estate Equities has purchased a significant property in Bellevue for $77.5 million from Pine Forest Properties Inc. This acquisition marks a continued trend of investment in Bellevue, coinciding with Amazon's expansion in the area. Pine Forest Properties Inc. had previously planned a master-planned project for the site, including residential and office buildings.",https://media.bizj.us/view/img/10752839/screen-shot-2018-01-05-at-122050-pm*900xx1464-824-28-0.png,The Business Journals,General,The Business Journals,"[{'topic': 'real_estate', 'relevance_score': '0.931367'}, {'topic': 'life_sciences', 'relevance_score': '0.738009'}, {'topic': 'finance', 'relevance_score': '0.623800'}]",0.229051,Somewhat-Bullish,"[{'ticker': 'ARE', 'relevance_score': '1.000000', 'ticker_sentiment_score': '0.328573', 'ticker_sentiment_label': 'Somewhat-Bullish'}, {'ticker': 'AMZN', 'relevance_score': '0.629864', 'ticker_sentiment_score': '0.106700', 'ticker_sentiment_label': 'Neutral'}]"
Chipotle Unveils Its First Digital Kitchen Restaurant to Fulfill Orders for Pick Up and Delivery,https://restauranttechnologynews.com/2021/12/chipotle-unveils-its-first-digital-kitchen-restaurant-to-fulfill-orders-for-pick-up-and-delivery/,20211216T160754,['RTN Staff'],"Chipotle is launching its first Chipotlane Digital Kitchen restaurant in Cuyahoga Falls, Ohio, designed specifically for digital orders with no dining room. This new smaller prototype features a Chipotlane drive-thru and a walk-up window for efficient pickup, reflecting Chipotle's strategy to expand its successful Chipotlane format and enhance its growing digital business. The company continues to invest in technology, including autonomous delivery vehicles, to increase access and convenience for guests.",https://restauranttechnologynews.com/wp-content/uploads/2021/12/Chipotle2_1639602514933-HR-678x381.jpg,Restaurant Technology News,General,Restaurant Technology News,"[{'topic': 'retail_wholesale', 'relevance_score': '0.931197'}, {'topic': 'technology', 'relevance_score': '0.834500'}]",0.27344,Somewhat-Bullish,"[{'ticker': 'CMG', 'relevance_score': '0.958487', 'ticker_sentiment_score': '0.496650', 'ticker_sentiment_label': 'Bullish'}, {'ticker': 'AMZN', 'relevance_score': '0.610422', 'ticker_sentiment_score': '0.215796', 'ticker_sentiment_label': 'Somewhat-Bullish'}, {'ticker': 'DASH', 'relevance_score': '0.563543', 'ticker_sentiment_score': '0.101960', 'ticker_sentiment_label': 'Neutral'}]"
Ford CFO John Lawler Draws on His Operations Experience,https://www.wsj.com/articles/ford-cfo-john-lawler-draws-on-his-operations-experience-11639657802?gaa_at=eafs&gaa_n=AWEtsqfBM6Go4eDIJDpdxdJBumpzDaNhCfPTyVRWN4gRr9HTJxBtHhzHQ6OH&gaa_ts=699b2ee3&gaa_sig=wdmTAyUzQqdvgv3d1YfoP_w2bkCOhpyYf9nhAlpovTbs3M537Ot3vchIve0-oRosFtyKBiMFDWGN-3f5JzG6dg%3D%3D,20211216T161425,['Nina Trentmann'],"John Lawler, who has been with Ford for over three decades, took on the role of CFO last year. His extensive tenure at the company is seen as beneficial for navigating Ford's transformation, especially concerning the shift to electric vehicles and developing new revenue streams. This article examines how Lawler's operational experience is helping Ford address upcoming challenges in the automotive industry.",https://images.wsj.net/im-386007,The Wall Street Journal,General,The Wall Street Journal,"[{'topic': 'manufacturing', 'relevance_score': '0.806969'}, {'topic': 'energy_transportation', 'relevance_score': '0.749987'}]",0.105291,Neutral,"[{'ticker': 'F', 'relevance_score': '1.000000', 'ticker_sentiment_score': '0.235770', 'ticker_sentiment_label': 'Somewhat-Bullish'}, {'ticker': 'GM', 'relevance_score': '0.725862', 'ticker_sentiment_score': '0.121089', 'ticker_sentiment_label': 'Neutral'}, {'ticker': 'AMZN', 'relevance_score': '0.580569', 'ticker_sentiment_score': '0.005803', 'ticker_sentiment_label': 'Neutral'}]"
Kohl’s Announces Extended Store Hours and 40% off Last-Minute Holiday Gifts,https://corporate.kohls.com/news/kohls-announces-extended-store-hours-and-40-off-last-minute-holiday-gifts,20211216T162545,['Emily Hartmann'],"Kohl's is offering extended store hours and a 40% off promotion on last-minute holiday gifts from December 17-19, with additional deals available through Christmas Eve. The retail giant is also providing convenient services like free Drive Up and In Store Pick Up, along with Kohl's Cash incentives and free shipping options to help customers complete their holiday shopping. Stores will be open until midnight for a majority of the days leading up to Christmas, closing at 6:00 p.m. on Christmas Eve.",https://images.squarespace-cdn.com/content/v1/64027b95e98f20265f6f7323/a44317d4-eab4-4887-ab30-e51c93dd16d8/corp+deals+3x2.jpg,Kohl's Corporate,General,Kohl's Corporate,"[{'topic': 'retail_wholesale', 'relevance_score': '1.000000'}]",0.298028,Somewhat-Bullish,"[{'ticker': 'KSS', 'relevance_score': '1.000000', 'ticker_sentiment_score': '0.547906', 'ticker_sentiment_label': 'Bullish'}, {'ticker': 'BBY', 'relevance_score': '0.629790', 'ticker_sentiment_score': '0.288980', 'ticker_sentiment_label': 'Somewhat-Bullish'}, {'ticker': 'TGT', 'relevance_score': '0.647678', 'ticker_sentiment_score': '0.290081', 'ticker_sentiment_label': 'Somewhat-Bullish'}, {'ticker': 'WMT', 'relevance_score': '0.631116', 'ticker_sentiment_score': '0.270153', 'ticker_sentiment_label': 'Somewhat-Bullish'}, {'ticker': 'AMZN', 'relevance_score': '0.616141', 'ticker_sentiment_score': '0.222624', 'ticker_sentiment_label': 'Somewhat-Bullish'}]"
Silicon Labs Launches 3D Experience: The Smartest Home On The Block,https://www.multivu.com/players/English/8817551-silicon-labs-launches-3d-experience-smartest-home-on-the-block/,20211216T164055,[],"Silicon Labs has introduced a new 3D virtual smart home platform designed to showcase interactive smart home solutions, various wireless protocols, and ecosystem connections. The experience allows users to explore different use cases like home security, home automation, and health within virtual rooms such as the front door, kitchen, bathroom, and office. This platform aims to demonstrate how Silicon Labs' technology enables more convenient, secure, and energy-efficient smart homes and will evolve with new integrations and partnerships.",,MultiVu,General,MultiVu,"[{'topic': 'technology', 'relevance_score': '1.000000'}]",0.33679,Somewhat-Bullish,"[{'ticker': 'SLAB', 'relevance_score': '0.961749', 'ticker_sentiment_score': '0.450194', 'ticker_sentiment_label': 'Bullish'}, {'ticker': 'AMZN', 'relevance_score': '0.646351', 'ticker_sentiment_score': '0.244951', 'ticker_sentiment_label': 'Somewhat-Bullish'}]"
"Sonos One review: still one of the best smart speakers, and an ideal multi-room starter",https://www.t3.com/reviews/sonos-one-review,20211216T164141,"['Duncan Bell', 'Matthew Bolton']","The Sonos One remains a top-tier smart speaker, offering excellent sound quality and versatile smart assistant integration with both Alexa and Google Assistant years after its debut. Despite minor drawbacks like less powerful microphones and no Bluetooth, its multi-room capabilities and wide streaming support make it an ideal choice for a platform-neutral audio experience. It stands out in its price range as a stellar starting point for a multi-room speaker system.",https://cdn.mos.cms.futurecdn.net/UTC959xZZLnQKgJX6e5ZAQ.jpg,T3,General,T3,"[{'topic': 'technology', 'relevance_score': '0.904161'}]",0.275561,Somewhat-Bullish,"[{'ticker': 'SONO', 'relevance_score': '1.000000', 'ticker_sentiment_score': '0.409777', 'ticker_sentiment_label': 'Bullish'}, {'ticker': 'AMZN', 'relevance_score': '0.630210', 'ticker_sentiment_score': '0.115556', 'ticker_sentiment_label': 'Neutral'}, {'ticker': 'AAPL', 'relevance_score': '0.714589', 'ticker_sentiment_score': '0.335927', 'ticker_sentiment_label': 'Somewhat-Bullish'}]"
"Nike, Etsy’s mobile apps were ‘climbers’ this holiday season: report",https://www.retaildive.com/news/nike-etsys-mobile-apps-were-climbers-this-holiday-season-report/611627/,20211216T193606,['Tatiana Walk-Morris'],"A new report by Digital Turbine indicates that while Amazon, Walmart, and Target continue to dominate app downloads, Nike, Etsy, Poshmark, and Fetch Rewards were identified as ""climbers"" with above-average install intent this holiday season. This trend reflects consumers' increasing reliance on mobile apps for shopping, a behavior further accelerated by the COVID-19 pandemic. Retailers are responding by enhancing mobile app features to streamline the shopping experience.",,Retail Dive,General,Retail Dive,"[{'topic': 'retail_wholesale', 'relevance_score': '1.000000'}, {'topic': 'technology', 'relevance_score': '0.938411'}]",0.173139,Somewhat-Bullish,"[{'ticker': 'APPS', 'relevance_score': '0.323192', 'ticker_sentiment_score': '0.048634', 'ticker_sentiment_label': 'Neutral'}, {'ticker': 'NKE', 'relevance_score': '0.837302', 'ticker_sentiment_score': '0.315704', 'ticker_sentiment_label': 'Somewhat-Bullish'}, {'ticker': 'AMZN', 'relevance_score': '0.748950', 'ticker_sentiment_score': '0.290942', 'ticker_sentiment_label': 'Somewhat-Bullish'}, {'ticker': 'WMT', 'relevance_score': '0.663101', 'ticker_sentiment_score': '0.222493', 'ticker_sentiment_label': 'Somewhat-Bullish'}, {'ticker': 'EBAY', 'relevance_score': '0.582064', 'ticker_sentiment_score': '-0.143957', 'ticker_sentiment_label': 'Neutral'}]"
Governor Kemp Welcomes Rivian for Single-Largest Economic Development Project in State History,https://georgia.org/press-release/governor-kemp-welcomes-rivian-single-largest-economic-development-project-state,20211216T210649,[],"Governor Brian P. Kemp announced that Rivian Inc. will invest $5 billion to build an electric adventure vehicle manufacturing plant in Georgia, creating approximately 7,500 jobs. This project, located at the East Atlanta Megasite, represents the single-largest economic development project in the state's history and aims to produce up to 400,000 vehicles annually. The facility, set to begin production in 2024, will also support Rivian's research and development programs and contribute to the expansion of the U.S. electric vehicle industry.",,Georgia Department of Economic Development,General,Georgia Department of Economic Development,"[{'topic': 'manufacturing', 'relevance_score': '0.911309'}, {'topic': 'energy_transportation', 'relevance_score': '0.847660'}, {'topic': 'economy_fiscal', 'relevance_score': '0.723590'}, {'topic': 'economy_macro', 'relevance_score': '0.627772'}]",0.358821,Bullish,"[{'ticker': 'RIVN', 'relevance_score': '1.000000', 'ticker_sentiment_score': '0.855432', 'ticker_sentiment_label': 'Bullish'}, {'ticker': 'AMZN', 'relevance_score': '0.648413', 'ticker_sentiment_score': '0.276245', 'ticker_sentiment_label': 'Somewhat-Bullish'}, {'ticker': 'GM', 'relevance_score': '0.557396', 'ticker_sentiment_score': '0.205052', 'ticker_sentiment_label': 'Somewhat-Bullish'}, {'ticker': 'F', 'relevance_score': '0.562867', 'ticker_sentiment_score': '0.213144', 'ticker_sentiment_label': 'Somewhat-Bullish'}, {'ticker': 'TSLA', 'relevance_score': '0.581408', 'ticker_sentiment_score': '0.201599', 'ticker_sentiment_label': 'Somewhat-Bullish'}]"
Oracle in talks to buy Cerner - WSJ,https://www.reuters.com/markets/deals/oracle-talks-buy-cerner-wsj-2021-12-16/,20211217T125600,['Reuters'],"Oracle is reportedly in talks to acquire electronic medical records company Cerner for an estimated $30 billion, according to the Wall Street Journal. This potential acquisition would be Oracle's largest ever, significantly boosting its presence in the healthcare sector and providing valuable health data for its AI-based cloud services. Both companies have yet to comment on the reported deal.",https://www.reuters.com/resizer/v2/LMDX5M35XNIW3A22N4G65R6V4A.JPG?auth=4d4f82875153c30a47f45778a48b30d32f5d7cf14e7724227c7d425c28a9eaed&width=960&quality=80,Reuters,General,Reuters,"[{'topic': 'mergers_and_acquisitions', 'relevance_score': '1.000000'}, {'topic': 'technology', 'relevance_score': '0.818407'}, {'topic': 'life_sciences', 'relevance_score': '0.748192'}]",0.051036,Neutral,"[{'ticker': 'ORCL', 'relevance_score': '1.000000', 'ticker_sentiment_score': '0.322618', 'ticker_sentiment_label': 'Somewhat-Bullish'}, {'ticker': 'AMZN', 'relevance_score': '0.713514', 'ticker_sentiment_score': '-0.121027', 'ticker_sentiment_label': 'Neutral'}, {'ticker': 'IBM', 'relevance_score': '0.641973', 'ticker_sentiment_score': '-0.104113', 'ticker_sentiment_label': 'Neutral'}]"
ASX BNPL shares tumble today amid US probe,https://www.fool.com.au/2021/12/17/asx-bnpl-shares-tumble-today-amid-us-probe/,20211217T155852,['Brendon Lau'],"ASX Buy Now, Pay Later (BNPL) shares, including Afterpay and Zip Co, experienced a significant drop following the launch of a US investigation into the sector by the Consumer Financial Protection Bureau (CFPB). The CFPB issued orders to five BNPL companies, including Afterpay, Zip, Affirm, PayPal, and Klarna, to assess the need for better regulation and consumer protection within the rapidly growing industry. Concerns highlighted by the CFPB include the accumulation of debt, regulatory arbitrage, and data harvesting practices.",https://www.fool.com.au/wp-content/uploads/2021/10/GettyImages-179165401-1-1200x675.jpg,The Motley Fool Australia,General,The Motley Fool Australia,"[{'topic': 'financial_markets', 'relevance_score': '0.910795'}, {'topic': 'finance', 'relevance_score': '0.807113'}, {'topic': 'retail_wholesale', 'relevance_score': '0.710864'}, {'topic': 'economy_macro', 'relevance_score': '0.640979'}]",-0.20911,Somewhat-Bearish,"[{'ticker': 'AFRM', 'relevance_score': '0.968314', 'ticker_sentiment_score': '-0.424496', 'ticker_sentiment_label': 'Bearish'}, {'ticker': 'PYPL', 'relevance_score': '0.853973', 'ticker_sentiment_score': '-0.237466', 'ticker_sentiment_label': 'Somewhat-Bearish'}, {'ticker': 'AMZN', 'relevance_score': '0.609630', 'ticker_sentiment_score': '0.100535', 'ticker_sentiment_label': 'Neutral'}]"
Should you invest in Google?,https://drwealth.com/should-you-invest-in-google/,20211217T161850,['Zhi Rong Tan'],"This article analyzes Alphabet (Google) as a potential investment, highlighting its market dominance in search, strong financial performance, and diversified segments including Google Services, Google Cloud, and ""Other Bets"" (moonshots). It discusses the company's profitability, challenges like competition and the rise of the Metaverse, and valuation metrics, concluding that while Alphabet has strong fundamentals, investors should monitor its growth trajectory and margins. The article also explains the different share classes (GOOGL and GOOG).",,Dr Wealth,General,Dr Wealth,"[{'topic': 'earnings', 'relevance_score': '0.811221'}, {'topic': 'financial_markets', 'relevance_score': '0.913194'}, {'topic': 'technology', 'relevance_score': '1.000000'}]",0.351736,Bullish,"[{'ticker': 'GOOG', 'relevance_score': '1.000000', 'ticker_sentiment_score': '0.452816', 'ticker_sentiment_label': 'Bullish'}, {'ticker': 'GOOGL', 'relevance_score': '0.875479', 'ticker_sentiment_score': '0.450408', 'ticker_sentiment_label': 'Bullish'}, {'ticker': 'MSFT', 'relevance_score': '0.720712', 'ticker_sentiment_score': '0.320163', 'ticker_sentiment_label': 'Somewhat-Bullish'}, {'ticker': 'AMZN', 'relevance_score': '0.695246', 'ticker_sentiment_score': '0.286573', 'ticker_sentiment_label': 'Somewhat-Bullish'}, {'ticker': 'NFLX', 'relevance_score': '0.636161', 'ticker_sentiment_score': '0.236102', 'ticker_sentiment_label': 'Somewhat-Bullish'}]"
"Verizon, T-Mobile Shun Public Clouds for Network Infrastructure",https://www.sdxcentral.com/news/verizon-t-mobile-shun-public-clouds-for-network-infrastructure/,20211217T164448,['Matt Kapko'],"Verizon and T-Mobile are opting against using public clouds for their core network functions, choosing instead to rely on private, in-house cloud platforms. This strategy is driven by the need for extreme reliability and security for critical services, a stance reinforced by recent Amazon Web Services outages. In contrast, AT&T is moving its 5G core and network workloads entirely to Microsoft Azure.",,SDxCentral,General,SDxCentral,"[{'topic': 'technology', 'relevance_score': '0.937037'}]",-0.023946,Neutral,"[{'ticker': 'TMUS', 'relevance_score': '1.000000', 'ticker_sentiment_score': '0.274396', 'ticker_sentiment_label': 'Somewhat-Bullish'}, {'ticker': 'VZ', 'relevance_score': '0.928284', 'ticker_sentiment_score': '0.235809', 'ticker_sentiment_label': 'Somewhat-Bullish'}, {'ticker': 'AMZN', 'relevance_score': '0.748333', 'ticker_sentiment_score': '-0.215774', 'ticker_sentiment_label': 'Somewhat-Bearish'}, {'ticker': 'T', 'relevance_score': '0.713416', 'ticker_sentiment_score': '-0.217743', 'ticker_sentiment_label': 'Somewhat-Bearish'}, {'ticker': 'MSFT', 'relevance_score': '0.640547', 'ticker_sentiment_score': '-0.134360', 'ticker_sentiment_label': 'Neutral'}]"
Find Out Where Every ‘Spider-Man’ Movie is Streaming – Either for Free or Rental,https://www.justjared.com/2021/12/17/find-out-where-every-spider-man-movie-is-streaming-either-for-free-or-rental/,20211217T185100,['JJ Staff'],"This article lists where to stream every 'Spider-Man' movie, including those starring Tobey Maguire, Andrew Garfield, and Tom Holland. It details which subscription services offer the films for free and where they can be rented, noting that ""Spider-Man: No Way Home"" was only in theaters at the time of publication. The piece also explains why Spider-Man movies are not all on Disney+ with the rest of the Marvel Cinematic Universe.",https://cdn01.justjared.com/wp-content/uploads/headlines/2021/12/spider-man-end-credits-post.jpg,Just Jared,General,Just Jared,"[{'topic': 'retail_wholesale', 'relevance_score': '0.726389'}, {'topic': 'technology', 'relevance_score': '0.847830'}]",0.128875,Neutral,"[{'ticker': 'FUBO', 'relevance_score': '1.000000', 'ticker_sentiment_score': '0.127427', 'ticker_sentiment_label': 'Neutral'}, {'ticker': 'CMCSA', 'relevance_score': '0.728105', 'ticker_sentiment_score': '0.115189', 'ticker_sentiment_label': 'Neutral'}, {'ticker': 'AMZN', 'relevance_score': '0.645635', 'ticker_sentiment_score': '0.123108', 'ticker_sentiment_label': 'Neutral'}, {'ticker': 'AAPL', 'relevance_score': '0.639619', 'ticker_sentiment_score': '0.147797', 'ticker_sentiment_label': 'Neutral'}, {'ticker': 'NFLX', 'relevance_score': '0.631323', 'ticker_sentiment_score': '0.131500', 'ticker_sentiment_label': 'Neutral'}]"
United Natural Foods’ Legal Chief Exits After Job Scope Narrowed,https://news.bloomberglaw.com/business-and-practice/united-natural-foods-legal-chief-exits-after-job-scope-narrowed,20211217T230300,['Brian Baxter'],"United Natural Foods Inc. (UNFI) announced the departure of its top lawyer, Jill Sutton, after narrowing her job responsibilities. Sutton's duties were redistributed to other departments to streamline the organizational structure, leading to a mutual agreement for her exit. UNFI acknowledged Sutton's contributions since joining in 2018.",https://news-api.bloomberglaw.com/v1/resize-image?url=http%3A%2F%2Fbloomberg-bna-brightspot.s3.amazonaws.com%2F36%2F3f%2Ff2c0299945a0bcb2a3c1647f151d%2Fnatural-foods.jpg&width=1240&height=480&fit=cover&crop=4000x1542%2B0%2B158,Bloomberg Law News,General,Bloomberg Law News,"[{'topic': 'retail_wholesale', 'relevance_score': '0.839266'}, {'topic': 'finance', 'relevance_score': '0.716880'}]",-0.037935,Neutral,"[{'ticker': 'UNFI', 'relevance_score': '1.000000', 'ticker_sentiment_score': '-0.209248', 'ticker_sentiment_label': 'Somewhat-Bearish'}, {'ticker': 'AMZN', 'relevance_score': '0.628317', 'ticker_sentiment_score': '0.118096', 'ticker_sentiment_label': 'Neutral'}, {'ticker': 'F', 'relevance_score': '0.592720', 'ticker_sentiment_score': '0.058449', 'ticker_sentiment_label': 'Neutral'}]"
1 Dead in Fire at Sprawling QVC Distribution Center (Published 2021),https://www.nytimes.com/2021/12/18/us/fire-qvc-north-carolina.html,20211218T163655,['Maria Cramer'],"A massive fire at a QVC distribution center in Rocky Mount, N.C., resulted in one death and damaged up to 75% of the 1.2 million-square-foot facility. Approximately 300 employees were present when the fire began, and the victim, initially unaccounted for, was later found deceased inside the building. The incident is under investigation, and its impact on the local economy, where QVC is a major employer, is a significant concern.",https://static01.nyt.com/images/2021/12/18/multimedia/18xp-QVC-fire-01/18xp-QVC-fire-01-videoSixteenByNine1050.jpg?auto=webp&quality=30&disable=upscale&format=pjpg,The New York Times,General,The New York Times,"[{'topic': 'retail_wholesale', 'relevance_score': '0.938147'}, {'topic': 'manufacturing', 'relevance_score': '0.720146'}]",-0.37611,Bearish,"[{'ticker': 'QVCGP', 'relevance_score': '1.000000', 'ticker_sentiment_score': '-0.600111', 'ticker_sentiment_label': 'Bearish'}, {'ticker': 'AMZN', 'relevance_score': '0.605269', 'ticker_sentiment_score': '-0.122801', 'ticker_sentiment_label': 'Neutral'}]"
"You could be a landlord for Amazon, FedEx and Walmart with these REITs that net up to a 4.4% yield — you can even collect on a monthly basis",https://finance.yahoo.com/news/could-landlord-amazon-fedex-walmart-180000530.html,20211218T211731,['Jing Pan'],"The article discusses the investment opportunity in Real Estate Investment Trusts (REITs) that act as landlords for major companies like Amazon, FedEx, and Walmart, offering attractive dividend yields. It highlights STAG Industrial, which rents to Amazon and pays monthly dividends, and Realty Income, which has a diverse portfolio including Walmart and FedEx and boasts a long history of monthly dividend increases. The author also suggests looking into alternative assets for diversification beyond the stock market.",,Yahoo Finance,General,Yahoo Finance,"[{'topic': 'real_estate', 'relevance_score': '1.000000'}, {'topic': 'finance', 'relevance_score': '0.805801'}, {'topic': 'financial_markets', 'relevance_score': '0.722750'}, {'topic': 'retail_wholesale', 'relevance_score': '0.620384'}]",0.302394,Somewhat-Bullish,"[{'ticker': 'STAG', 'relevance_score': '0.923521', 'ticker_sentiment_score': '0.416612', 'ticker_sentiment_label': 'Bullish'}, {'ticker': 'O', 'relevance_score': '0.829650', 'ticker_sentiment_score': '0.405169', 'ticker_sentiment_label': 'Bullish'}, {'ticker': 'WMT', 'relevance_score': '0.620360', 'ticker_sentiment_score': '0.290073', 'ticker_sentiment_label': 'Somewhat-Bullish'}, {'ticker': 'FDX', 'relevance_score': '0.595031', 'ticker_sentiment_score': '0.240947', 'ticker_sentiment_label': 'Somewhat-Bullish'}, {'ticker': 'AMZN', 'relevance_score': '0.596519', 'ticker_sentiment_score': '0.206674', 'ticker_sentiment_label': 'Somewhat-Bullish'}]"
A unicorn in South Burlington: Kyle Clark and BETA Technologies,https://vermontbiz.com/news/2021/december/19/unicorn-south-burlington-kyle-clark-and-beta-technologies,20211219T105100,['Joyce Marcel'],"This article profiles Kyle Clark, CEO of BETA Technologies, an electric flight pioneer based in South Burlington, Vermont. Clark, a Harvard graduate and former professional hockey player, has developed electric vertical takeoff and landing (eVTOL) aircraft, initially focusing on cargo and medical deliveries. The company has raised $400 million, is valued at $1.4 billion, and is building a 355,000-square-foot assembly site, with customers including the US Department of Defense, UPS, and United Therapeutics.",https://vermontbiz.com/sites/default/files/kyle_clark_beta_8003218-copy-2_2021_c.jpg,Vermont Business Magazine,General,Vermont Business Magazine,"[{'topic': 'technology', 'relevance_score': '1.000000'}, {'topic': 'energy_transportation', 'relevance_score': '0.935944'}, {'topic': 'finance', 'relevance_score': '0.740447'}, {'topic': 'manufacturing', 'relevance_score': '0.604382'}]",0.182394,Somewhat-Bullish,"[{'ticker': 'BETA', 'relevance_score': '0.316039', 'ticker_sentiment_score': '0.021456', 'ticker_sentiment_label': 'Neutral'}, {'ticker': 'UPS', 'relevance_score': '0.747702', 'ticker_sentiment_score': '0.315467', 'ticker_sentiment_label': 'Somewhat-Bullish'}, {'ticker': 'AMZN', 'relevance_score': '0.618374', 'ticker_sentiment_score': '0.273434', 'ticker_sentiment_label': 'Somewhat-Bullish'}, {'ticker': 'TSLA', 'relevance_score': '0.609707', 'ticker_sentiment_score': '0.313167', 'ticker_sentiment_label': 'Somewhat-Bullish'}, {'ticker': 'BA', 'relevance_score': '0.570522', 'ticker_sentiment_score': '-0.132786', 'ticker_sentiment_label': 'Neutral'}]"
Rivian to Invest in Single-Largest Economic Development Project in Georgia History,https://allongeorgia.com/georgia-business/rivian-to-invest-in-single-largest-economic-development-project-in-georgia-history/,20211219T163809,['AllOnGeorgia'],"Rivian announced a $5 billion investment in Georgia to construct a carbon-conscious campus for manufacturing electric adventure vehicles, creating approximately 7,500 jobs. This will be the single-largest economic development project in the state's history, with production slated to begin in 2024 and an annual capacity of up to 400,000 vehicles. The project highlights Georgia's focus on electric mobility and sustainable development, leveraging its logistics, workforce, and infrastructure.",https://static.allongeorgia.com/wp-content/uploads/2021/12/rivian-ga.jpg,AllOnGeorgia,General,AllOnGeorgia,"[{'topic': 'manufacturing', 'relevance_score': '0.921806'}, {'topic': 'energy_transportation', 'relevance_score': '0.844530'}, {'topic': 'economy_macro', 'relevance_score': '0.643305'}]",0.587028,Bullish,"[{'ticker': 'RIVN', 'relevance_score': '1.000000', 'ticker_sentiment_score': '0.831855', 'ticker_sentiment_label': 'Bullish'}, {'ticker': 'AMZN', 'relevance_score': '0.630623', 'ticker_sentiment_score': '0.334087', 'ticker_sentiment_label': 'Somewhat-Bullish'}]"
Apple Should Make a Giant iPad as Its Smart Home Portal,https://www.bloomberg.com/news/newsletters/2021-12-19/apple-aapl-should-sell-bigger-ipad-for-smart-home-amazon-echo-show-15-review-kxdm6h21,20211219T190000,['Mark Gurman'],"After testing Amazon's new Echo Show 15, the author suggests Apple Inc. (AAPL) should develop a larger iPad to serve as a smart home hub. This move would enhance Apple's presence in the smart home market and diversify the utility of its iPad line. The article also touches on other Apple-related news, including COVID-19 disruptions and internal company changes.",https://assets.bwbx.io/images/users/iqjWHBFdfxIU/iqjWHBFdfxIU/-1x-1.jpg,Bloomberg.com,General,Bloomberg.com,"[{'topic': 'technology', 'relevance_score': '0.925204'}, {'topic': 'retail_wholesale', 'relevance_score': '0.639065'}]",0.176603,Somewhat-Bullish,"[{'ticker': 'AAPL', 'relevance_score': '0.909127', 'ticker_sentiment_score': '0.279771', 'ticker_sentiment_label': 'Somewhat-Bullish'}, {'ticker': 'AMZN', 'relevance_score': '0.703869', 'ticker_sentiment_score': '0.077418', 'ticker_sentiment_label': 'Neutral'}]"
"At Waters, a digital workplace strategy pays off amid crisis",https://www.cio.com/article/193265/at-waters-a-digital-workplace-strategy-pays-off-amid-crisis.html,20211219T213232,['Clint Boulton'],"Waters Corp. CIO Brook Colangelo's decision to migrate the company to cloud-based productivity and collaboration software before the coronavirus pandemic proved prescient, enabling its 7,000 employees to stay connected and secure while working from home. This digital workplace strategy, supported by a modified Spotify ""squad"" model, improved the employee experience and allowed the company to handle an increased volume of online engagements and Microsoft Teams usage during the crisis. Colangelo emphasizes thinking like a platform leader, adopting a growth mindset, and obsessing over user adoption for a successful digital workplace.",,www.cio.com,General,www.cio.com,"[{'topic': 'technology', 'relevance_score': '0.832519'}, {'topic': 'life_sciences', 'relevance_score': '0.706327'}]",0.372225,Bullish,"[{'ticker': 'WAT', 'relevance_score': '1.000000', 'ticker_sentiment_score': '0.542073', 'ticker_sentiment_label': 'Bullish'}, {'ticker': 'MSFT', 'relevance_score': '0.742200', 'ticker_sentiment_score': '0.333425', 'ticker_sentiment_label': 'Somewhat-Bullish'}, {'ticker': 'AMZN', 'relevance_score': '0.629019', 'ticker_sentiment_score': '0.317397', 'ticker_sentiment_label': 'Somewhat-Bullish'}, {'ticker': 'IT', 'relevance_score': '0.620399', 'ticker_sentiment_score': '0.233779', 'ticker_sentiment_label': 'Somewhat-Bullish'}]"
Amazon silenced criticism of Xi to do business in China: Report,https://www.aljazeera.com/economy/2021/12/20/amazon-silenced-criticism-of-xi-to-do-business-in-china-report,20211220T000000,['Vlad Savov and Bloomberg'],"A Reuters report alleges that Amazon.com Inc. quieted criticism of President Xi Jinping's book on its Chinese platform to maintain business in China. This involved scrubbing negative ratings and reviews for ""The Governance of China"" following requests from Beijing. This situation mirrors cases of other US companies like Apple and contrasts with others like Yahoo! and LinkedIn that have exited the Chinese market due to a challenging business environment.",https://www.aljazeera.com/wp-content/uploads/2021/12/323381665.jpeg?resize=770%2C513,Al Jazeera,General,Al Jazeera,"[{'topic': 'technology', 'relevance_score': '0.824778'}, {'topic': 'economy_macro', 'relevance_score': '0.618625'}, {'topic': 'retail_wholesale', 'relevance_score': '0.611888'}]",-0.173219,Somewhat-Bearish,"[{'ticker': 'AMZN', 'relevance_score': '1.000000', 'ticker_sentiment_score': '-0.253433', 'ticker_sentiment_label': 'Somewhat-Bearish'}, {'ticker': 'AAPL', 'relevance_score': '0.703705', 'ticker_sentiment_score': '-0.126261', 'ticker_sentiment_label': 'Neutral'}, {'ticker': 'MSFT', 'relevance_score': '0.634584', 'ticker_sentiment_score': '-0.114682', 'ticker_sentiment_label': 'Neutral'}]"
5 things to know about Oracle after $28.3 billion acquisition of Kansas City’s Cerner,https://www.kansascity.com/news/business/article256681142.html,20211220T130000,['Kevin Hardy'],"Oracle has announced a $28.3 billion acquisition of Cerner Corp., Kansas City's largest private employer, marking one of the year's biggest deals. This move signifies Oracle's growing push into the healthcare industry, following similar expansions by other tech giants. The acquisition brings together Oracle, an $280 billion company with 133,000 employees globally, and Cerner, valued at $23 billion with 28,000 employees worldwide, notably 13,000 in Kansas City.",,Kansas City Star,General,Kansas City Star,"[{'topic': 'mergers_and_acquisitions', 'relevance_score': '0.932037'}, {'topic': 'technology', 'relevance_score': '0.802213'}, {'topic': 'life_sciences', 'relevance_score': '0.742659'}, {'topic': 'earnings', 'relevance_score': '0.633157'}]",0.17681,Somewhat-Bullish,"[{'ticker': 'ORCL', 'relevance_score': '1.000000', 'ticker_sentiment_score': '0.496154', 'ticker_sentiment_label': 'Bullish'}, {'ticker': 'MSFT', 'relevance_score': '0.604116', 'ticker_sentiment_score': '0.118302', 'ticker_sentiment_label': 'Neutral'}, {'ticker': 'AMZN', 'relevance_score': '0.622158', 'ticker_sentiment_score': '0.137397', 'ticker_sentiment_label': 'Neutral'}, {'ticker': 'AAPL', 'relevance_score': '0.601039', 'ticker_sentiment_score': '0.147465', 'ticker_sentiment_label': 'Neutral'}, {'ticker': 'GOOGL', 'relevance_score': '0.648524', 'ticker_sentiment_score': '0.141422', 'ticker_sentiment_label': 'Neutral'}]"
Oracle to acquire Cerner in $28.3B deal,https://www.foxbusiness.com/markets/oracle-acquire-cerner-billions-all-cash-deal,20211220T141000,['Lucas Manfredi'],"Oracle announced its acquisition of medical record technology provider Cerner in an all-cash deal valued at $28.3 billion, or $95 per share. This strategic move aims to expand Oracle's presence in the healthcare sector and boost its cloud business globally, with the transaction expected to close in 2022. Oracle CEO Safra Catz anticipates the deal will be a significant revenue growth engine, while chairman Larry Ellison highlighted the potential to reduce administrative burdens for medical professionals and improve patient care.",,Fox Business,General,Fox Business,"[{'topic': 'mergers_and_acquisitions', 'relevance_score': '1.000000'}, {'topic': 'technology', 'relevance_score': '0.828001'}, {'topic': 'life_sciences', 'relevance_score': '0.726977'}, {'topic': 'earnings', 'relevance_score': '0.724038'}, {'topic': 'financial_markets', 'relevance_score': '0.607649'}]",0.206836,Somewhat-Bullish,"[{'ticker': 'ORCL', 'relevance_score': '1.000000', 'ticker_sentiment_score': '0.440074', 'ticker_sentiment_label': 'Bullish'}, {'ticker': 'MSFT', 'relevance_score': '0.632042', 'ticker_sentiment_score': '0.128437', 'ticker_sentiment_label': 'Neutral'}, {'ticker': 'AMZN', 'relevance_score': '0.621649', 'ticker_sentiment_score': '0.131679', 'ticker_sentiment_label': 'Neutral'}]"
Radnor-based renewable energy pioneer is sold to Fortune 500 company,https://www.inquirer.com/business/community-energy-solar-radnor-aes-renewable-clean-energy-20211220.html,20211220T163900,['Andrew Maykuth'],"Community Energy Inc., a Radnor-based renewable energy pioneer, has sold its solar energy development business, Community Energy Solar LLC, to AES Corp., an international energy company. This acquisition will increase AES's renewable project pipeline by about a third to 40 GW and allow Community Energy to accelerate its growth in response to increasing demand for solar energy. Community Energy's leadership will maintain a presence in Radnor while also exploring new climate technology ventures.",,Inquirer.com,General,Inquirer.com,"[{'topic': 'mergers_and_acquisitions', 'relevance_score': '1.000000'}, {'topic': 'energy_transportation', 'relevance_score': '0.948707'}, {'topic': 'finance', 'relevance_score': '0.721182'}]",0.375899,Bullish,"[{'ticker': 'AES', 'relevance_score': '1.000000', 'ticker_sentiment_score': '0.457632', 'ticker_sentiment_label': 'Bullish'}, {'ticker': 'AMZN', 'relevance_score': '0.606527', 'ticker_sentiment_score': '0.317517', 'ticker_sentiment_label': 'Somewhat-Bullish'}, {'ticker': 'GOOG', 'relevance_score': '0.569279', 'ticker_sentiment_score': '0.334490', 'ticker_sentiment_label': 'Somewhat-Bullish'}]"
Sony Pictures Consumer Products Expands Global Merchandise Program Ahead of Cobra Kai Season 4 Debut for Fans to Create Show-Themed New Year’s Eve Celebrations,https://licensinginternational.org/news/sony-pictures-consumer-products-expands-global-merchandise-program-ahead-of-cobra-kai-season-4-debut-for-fans-to-create-show-themed-new-years-eve-celebrations/,20211220T164141,[],"Sony Pictures Consumer Products (SPCP) is significantly expanding its global merchandise program for ""Cobra Kai"" in anticipation of the show's fourth season debut on December 31st. The extensive product line, covering apparel, toys, collectibles, home goods, and more, is available internationally and includes new collaborations with HERO Beverage Co. and Champion Athleticwear. Fans can find show-themed items to support their favorite dojos, just in time for New Year's Eve watch parties.",https://licensinginternational.org/wp-content/uploads/2021/12/cobra-sized.jpg,Licensing International,General,Licensing International,"[{'topic': 'retail_wholesale', 'relevance_score': '0.842710'}, {'topic': 'finance', 'relevance_score': '0.614800'}]",0.284848,Somewhat-Bullish,"[{'ticker': 'SONY', 'relevance_score': '1.000000', 'ticker_sentiment_score': '0.408971', 'ticker_sentiment_label': 'Bullish'}, {'ticker': 'HAS', 'relevance_score': '0.643526', 'ticker_sentiment_score': '0.340133', 'ticker_sentiment_label': 'Somewhat-Bullish'}, {'ticker': 'WMT', 'relevance_score': '0.745926', 'ticker_sentiment_score': '0.245775', 'ticker_sentiment_label': 'Somewhat-Bullish'}, {'ticker': 'AMZN', 'relevance_score': '0.635652', 'ticker_sentiment_score': '0.214757', 'ticker_sentiment_label': 'Somewhat-Bullish'}]"
Oracle to buy Cerner for $28.3 bln in healthcare sector push,https://www.reuters.com/markets/us/oracle-buy-cerner-28-bln-2021-12-20/,20211220T174100,['Chavi Mehta'],"Oracle announced its acquisition of Cerner for $28.3 billion, marking its largest deal ever and a significant push into the healthcare sector. This acquisition gives Oracle access to a vast amount of healthcare data, which it plans to leverage for its AI-based cloud services and to migrate Cerner's software to its own cloud platform. The deal is expected to close in 2022 and contribute to Oracle's revenue growth and earnings.",https://www.reuters.com/resizer/v2/https%3A%2F%2Fcloudfront-us-east-2.images.arcpublishing.com%2Freuters%2F2U33F53VOFNDTD3K5S2QG3Z4NM.jpg?auth=d947238a2e1d711b151ac34b5c7774d00465ac23788734ed2adc74b096f4f2ab&width=960&quality=80,Reuters,General,Reuters,"[{'topic': 'mergers_and_acquisitions', 'relevance_score': '1.000000'}, {'topic': 'life_sciences', 'relevance_score': '0.942630'}, {'topic': 'technology', 'relevance_score': '0.839809'}, {'topic': 'earnings', 'relevance_score': '0.726019'}]",0.225014,Somewhat-Bullish,"[{'ticker': 'ORCL', 'relevance_score': '1.000000', 'ticker_sentiment_score': '0.486458', 'ticker_sentiment_label': 'Bullish'}, {'ticker': 'AMZN', 'relevance_score': '0.601924', 'ticker_sentiment_score': '-0.127715', 'ticker_sentiment_label': 'Neutral'}, {'ticker': 'MSFT', 'relevance_score': '0.620174', 'ticker_sentiment_score': '0.295422', 'ticker_sentiment_label': 'Somewhat-Bullish'}]"
Amazon.com Inc: Report on Aligning Retirement Plan Options with Company Climate Goals,https://www.asyousow.org/resolutions/2021/12/10-amazon-report-on-aligning-retirement-plan-options-with-company-climate-goals,20211220T193549,['As You Sow'],"A shareholder resolution requests Amazon's Board to review its retirement plan options to ensure alignment with the company's climate action goals. The resolution highlights that Amazon's 401(k) plan, including its default option, invests heavily in fossil fuel and deforestation-risk companies, contradicting Amazon's net-zero carbon pledges. It suggests providing more sustainable investment options for employees to mitigate reputational risk and cognitive dissonance.",,As You Sow,General,As You Sow,"[{'topic': 'retail_wholesale', 'relevance_score': '0.702995'}, {'topic': 'finance', 'relevance_score': '0.822994'}, {'topic': 'economy_macro', 'relevance_score': '0.638385'}, {'topic': 'energy_transportation', 'relevance_score': '0.741320'}]",-0.293851,Somewhat-Bearish,"[{'ticker': 'AMZN', 'relevance_score': '0.980872', 'ticker_sentiment_score': '-0.283492', 'ticker_sentiment_label': 'Somewhat-Bearish'}]"
"Amazon plans major expansion in Austin, to hire 2,000 workers",https://www.statesman.com/story/business/2021/12/21/amazon-plans-major-expansion-austin-hire-2-000-workers/8974104002/,20211221T160013,['Lori Hawkins'],"Amazon announced a significant expansion in Austin, planning to create over 2,000 corporate and tech jobs in the coming years. To support this growth, the e-commerce giant has leased 330,000 square feet of office space at the Domain, with the new facility expected to open in early 2024. This expansion is part of Amazon's broader national growth strategy and reflects Austin's continued attractiveness to major tech companies.",https://cdn-channels-pixel.ex.co/events/0012000001fxZm9AAE?integrationType=DEFAULT&template=design%2Farticle%2Fplatypus_two_column.tpl,Austin American-Statesman,General,Austin American-Statesman,"[{'topic': 'retail_wholesale', 'relevance_score': '0.906427'}, {'topic': 'technology', 'relevance_score': '0.808862'}, {'topic': 'economy_macro', 'relevance_score': '0.726463'}, {'topic': 'real_estate', 'relevance_score': '0.718341'}]",0.031546,Neutral,"[{'ticker': 'AMZN', 'relevance_score': '0.344494', 'ticker_sentiment_score': '0.031963', 'ticker_sentiment_label': 'Neutral'}]"
Oracle Cerner Acquisition Opens the Door for Deeper Inroads into the Healthcare Data Business,https://futurumgroup.com/insights/oracle-cerner-acquisition-opens-the-door-for-deeper-inroads-into-the-healthcare-data-business/,20211221T205658,['Shelly Kramer'],"Oracle has announced its acquisition of Cerner Corp for $28.3 billion, marking its largest deal to date and signifying a major push into the healthcare data business. This strategic move aims to solidify Oracle's presence in the cloud and healthcare sectors, leveraging Cerner's electronic medical records expertise and addressing the rising demand for cloud-based healthcare solutions. The acquisition is viewed as a power move that allows Oracle to compete more effectively with other tech giants in the cloud arena while enabling Cerner to continue its transformation and growth.",,The Futurum Group,General,The Futurum Group,"[{'topic': 'mergers_and_acquisitions', 'relevance_score': '1.000000'}, {'topic': 'life_sciences', 'relevance_score': '0.917923'}, {'topic': 'technology', 'relevance_score': '0.848120'}]",0.181156,Somewhat-Bullish,"[{'ticker': 'ORCL', 'relevance_score': '0.958556', 'ticker_sentiment_score': '0.479185', 'ticker_sentiment_label': 'Bullish'}, {'ticker': 'MSFT', 'relevance_score': '0.622884', 'ticker_sentiment_score': '0.137607', 'ticker_sentiment_label': 'Neutral'}, {'ticker': 'GOOG', 'relevance_score': '0.601448', 'ticker_sentiment_score': '0.072828', 'ticker_sentiment_label': 'Neutral'}, {'ticker': 'AMZN', 'relevance_score': '0.570023', 'ticker_sentiment_score': '0.062421', 'ticker_sentiment_label': 'Neutral'}]"
BD Announces New Distribution and Retail Partners for BD Veritor™ At-Home COVID-19 Test,https://www.prnewswire.com/news-releases/bd-announces-new-distribution-and-retail-partners-for-bd-veritor-at-home-covid-19-test-301449588.html,20211222T065000,[],"BD (Becton, Dickinson and Company) announced new distribution and retail partners for its BD Veritor™ At-Home COVID-19 Test, making it available through Everly Health and Southeastern Grocers (Winn-Dixie, Harveys Supermarket, and Fresco y Más). The test utilizes a smartphone camera and app for result interpretation and is among the few at-home tests to automate reporting to public health agencies. This expansion aims to enhance access to reliable at-home COVID-19 testing.",,PR Newswire,General,PR Newswire,"[{'topic': 'life_sciences', 'relevance_score': '1.000000'}, {'topic': 'retail_wholesale', 'relevance_score': '0.914517'}]",0.348283,Somewhat-Bullish,"[{'ticker': 'BDX', 'relevance_score': '1.000000', 'ticker_sentiment_score': '0.449885', 'ticker_sentiment_label': 'Bullish'}, {'ticker': 'AMZN', 'relevance_score': '0.628202', 'ticker_sentiment_score': '0.227441', 'ticker_sentiment_label': 'Somewhat-Bullish'}]"
"Sony, Zee finalise merger even as courtroom feud continues",https://www.aljazeera.com/economy/2021/12/22/sony-zee-finalise-merger-even-as-courtroom-feud-continues,20211222T163104,['News Agencies or NULL'],"Sony's India unit and local rival Zee Entertainment have finalized a merger deal to combine their television channels, film assets, and streaming platforms. This alliance aims to compete with major streaming players like Netflix and Disney in India and will create the country's largest media entity, with Sony holding the majority stake. The merger proceeds despite an ongoing courtroom battle between Zee's founders and its largest shareholder, Invesco, over the company's management and leadership.",https://www.aljazeera.com/wp-content/uploads/2021/12/382320463.jpg?resize=770%2C513&quality=80,Al Jazeera,General,Al Jazeera,"[{'topic': 'mergers_and_acquisitions', 'relevance_score': '1.000000'}, {'topic': 'financial_markets', 'relevance_score': '0.835800'}, {'topic': 'technology', 'relevance_score': '0.646278'}]",0.050671,Neutral,"[{'ticker': 'NFLX', 'relevance_score': '0.646787', 'ticker_sentiment_score': '0.118636', 'ticker_sentiment_label': 'Neutral'}, {'ticker': 'DIS', 'relevance_score': '0.725506', 'ticker_sentiment_score': '0.139058', 'ticker_sentiment_label': 'Neutral'}, {'ticker': 'AMZN', 'relevance_score': '0.621251', 'ticker_sentiment_score': '0.110219', 'ticker_sentiment_label': 'Neutral'}, {'ticker': 'IVZ', 'relevance_score': '0.808326', 'ticker_sentiment_score': '-0.282104', 'ticker_sentiment_label': 'Somewhat-Bearish'}, {'ticker': 'JPM', 'relevance_score': '0.638590', 'ticker_sentiment_score': '0.048663', 'ticker_sentiment_label': 'Neutral'}]"
P&G shampoo recall is only the latest for benzene in spray products,https://www.cbsnews.com/news/benzene-body-sprays-recall-shampoo-conditioner-proctor-gamble/,20211222T163437,['Kate Gibson'],"Procter & Gamble has issued a recall for aerosol dry shampoo and conditioner spray products due to the presence of benzene, a known carcinogen. This recall affects several brands including Aussie, Herbal Essences, Pantene, and Waterless, and is part of a larger trend of benzene contamination in various spray products, such as sunscreens and hand sanitizers. P&G states that exposure to the detected levels of benzene in their products is not expected to cause adverse health consequences, and they are offering reimbursement for recalled items.",https://assets2.cbsnewsstatic.com/hub/i/r/2021/12/20/7d0fb707-641b-4005-b85f-f72d851db05b/thumbnail/620x280/3292c5e333765158ec78b298287c9c27/pnfamily-dryshdrycnfinal.jpg#,CBS News,General,CBS News,"[{'topic': 'retail_wholesale', 'relevance_score': '0.839296'}, {'topic': 'life_sciences', 'relevance_score': '0.748175'}]",-0.230493,Somewhat-Bearish,"[{'ticker': 'PG', 'relevance_score': '1.000000', 'ticker_sentiment_score': '-0.426889', 'ticker_sentiment_label': 'Bearish'}, {'ticker': 'JNJ', 'relevance_score': '0.722817', 'ticker_sentiment_score': '-0.272504', 'ticker_sentiment_label': 'Somewhat-Bearish'}, {'ticker': 'AMZN', 'relevance_score': '0.637568', 'ticker_sentiment_score': '0.005787', 'ticker_sentiment_label': 'Neutral'}, {'ticker': 'KMB', 'relevance_score': '0.588969', 'ticker_sentiment_score': '-0.120330', 'ticker_sentiment_label': 'Neutral'}]"
Amazon Cloud Unit Draws Antitrust Scrutiny From Khan’s FTC,https://www.bloomberg.com/news/articles/2021-12-22/amazon-cloud-unit-draws-fresh-antitrust-scrutiny-from-khan-s-ftc,20211222T183600,"['David McLaughlin', 'Dina Bass', 'Naomi Nix']","The U.S. Federal Trade Commission, led by Lina Khan, is actively pursuing an antitrust investigation into Amazon.com Inc.'s cloud computing business, Amazon Web Services (AWS). This probe, which originated under Khan's predecessor, shows increased scrutiny of the online retailer's various operations. Federal investigators have reportedly contacted several companies as part of this ongoing inquiry.",https://assets.bwbx.io/images/users/iqjWHBFdfxIU/iItsTfm2vhdk/v0/-1x-1.webp,Bloomberg.com,General,Bloomberg.com,"[{'topic': 'technology', 'relevance_score': '0.806538'}]",0.012959,Neutral,"[{'ticker': 'AMZN', 'relevance_score': '0.319469', 'ticker_sentiment_score': '0.025726', 'ticker_sentiment_label': 'Neutral'}]"
Amazon warehouse workers in New York City refile union petition,https://www.aljazeera.com/economy/2021/12/22/amazonwarehouse-workers-in-new-york-city-refile-union-petition,20211222T193552,['Michael Tobin and Bloomberg'],"Amazon warehouse workers in New York City have refiled a petition to unionize four facilities on Staten Island after gathering enough signatures. This move follows a previous failed attempt and comes amid a broader U.S. labor movement, including successful unionization efforts at Starbucks. The group is demanding the reinstatement of hazard pay and the permanent ability for employees to keep their phones on the job.",,Al Jazeera,General,Al Jazeera,"[{'topic': 'retail_wholesale', 'relevance_score': '0.825150'}, {'topic': 'economy_macro', 'relevance_score': '0.712144'}]",-0.165761,Somewhat-Bearish,"[{'ticker': 'AMZN', 'relevance_score': '1.000000', 'ticker_sentiment_score': '-0.209712', 'ticker_sentiment_label': 'Somewhat-Bearish'}, {'ticker': 'SBUX', 'relevance_score': '0.610575', 'ticker_sentiment_score': '-0.118933', 'ticker_sentiment_label': 'Neutral'}]"
Gildan Activewear Acquires Yarn Supplier for $168 Million,https://sourcingjournal.com/topics/raw-materials/gildan-activewear-frontier-yarns-basics-acquisition-168-million-sanford-320155/,20211223T094000,['Glenn Taylor'],"Gildan Activewear has acquired Frontier Yarns for $168 million in an all-cash deal, expanding its East Coast U.S. manufacturing operation and further internalizing yarn production. This acquisition strengthens Gildan's vertically integrated supply chain and supports its textile capacity expansion plans in Central America and the Caribbean, leveraging Frontier Yarns' existing role as a key supplier. The deal comes as Gildan generated significant free cash flow and strong sales, demonstrating the success of its ""Back to Basics"" plan.",,Sourcing Journal,General,Sourcing Journal,"[{'topic': 'mergers_and_acquisitions', 'relevance_score': '1.000000'}, {'topic': 'manufacturing', 'relevance_score': '0.915482'}, {'topic': 'retail_wholesale', 'relevance_score': '0.823482'}, {'topic': 'earnings', 'relevance_score': '0.715668'}]",0.294233,Somewhat-Bullish,"[{'ticker': 'GIL', 'relevance_score': '1.000000', 'ticker_sentiment_score': '0.860992', 'ticker_sentiment_label': 'Bullish'}, {'ticker': 'UNP', 'relevance_score': '0.611098', 'ticker_sentiment_score': '0.146132', 'ticker_sentiment_label': 'Neutral'}, {'ticker': 'NSC', 'relevance_score': '0.564663', 'ticker_sentiment_score': '0.136537', 'ticker_sentiment_label': 'Neutral'}, {'ticker': 'AMZN', 'relevance_score': '0.586135', 'ticker_sentiment_score': '0.109229', 'ticker_sentiment_label': 'Neutral'}]"
Capital One to pay $190M settlement in data breach linked to Seattle woman,https://www.seattletimes.com/business/capital-one-to-pay-190m-settlement-in-data-breach-linked-to-seattle-woman/,20211223T141600,['The Seattle Times Staff & News services'],"Capital One has agreed to a $190 million settlement for a class-action lawsuit filed by customers affected by a 2019 data breach. The breach involved data from approximately 100 million people and was reportedly carried out by a former Amazon Web Services employee from Seattle. The settlement aims to resolve all claims from the lawsuit, though Capital One and AWS deny liability.",,The Seattle Times,General,The Seattle Times,"[{'topic': 'finance', 'relevance_score': '1.000000'}, {'topic': 'technology', 'relevance_score': '0.813027'}]",-0.159073,Somewhat-Bearish,"[{'ticker': 'COF', 'relevance_score': '1.000000', 'ticker_sentiment_score': '-0.211681', 'ticker_sentiment_label': 'Somewhat-Bearish'}, {'ticker': 'AMZN', 'relevance_score': '0.710940', 'ticker_sentiment_score': '-0.116245', 'ticker_sentiment_label': 'Neutral'}]"
Amazon workers in the US now face fewer hurdles to organise,https://www.aljazeera.com/economy/2021/12/23/bbamazon-workers-in-the-us-now-face-fewer-hurdles-to-organise,20211223T160014,"['Michael Tobin', 'Spencer Soper', 'Bloomberg']","Amazon has reached a settlement with the U.S. National Labor Relations Board, requiring the company to inform past and current workers of their rights and to not interfere with labor organizing on company property after hours. This agreement is expected to significantly ease the process for Amazon employees to organize against their employer, addressing practices previously used by Amazon to hinder such efforts. The settlement coincides with increased labor activity at Amazon facilities nationwide, including a union-organizing effort in New York City.",https://www.aljazeera.com/wp-content/uploads/2021/12/amazon-2.jpg?resize=770%2C513&quality=80,Al Jazeera,General,Al Jazeera,"[{'topic': 'retail_wholesale', 'relevance_score': '0.804296'}, {'topic': 'economy_macro', 'relevance_score': '0.715890'}]",0.01004,Neutral,"[{'ticker': 'AMZN', 'relevance_score': '0.315846', 'ticker_sentiment_score': '0.048853', 'ticker_sentiment_label': 'Neutral'}]"
Takeda and AWS accelerate COVID-19 research push,https://www.cio.com/article/190966/takeda-and-aws-accelerate-covid-19-research-push.html,20211223T164314,['Clint Boulton'],"Takeda Pharmaceutical is partnering with Amazon Web Services (AWS) and Accenture to accelerate its digital transformation, moving 80% of its applications to the public cloud over the next five years. This collaboration aims to boost Takeda's R&D pipeline for drug discovery, including therapies for COVID-19, and enable faster data sharing among pharmaceutical companies for clinical trials. The initiative is also addressing internal needs by improving plasma collection capacity and developing employee return-to-work applications.",https://www.cio.com/wp-content/uploads/2023/05/science-and-medical-research-163310144-100265569-orig-1.jpg?quality=50&strip=all&w=1024,CIO,General,CIO,"[{'topic': 'life_sciences', 'relevance_score': '0.908573'}, {'topic': 'technology', 'relevance_score': '0.829198'}]",0.372527,Bullish,"[{'ticker': 'TAK', 'relevance_score': '1.000000', 'ticker_sentiment_score': '0.422946', 'ticker_sentiment_label': 'Bullish'}, {'ticker': 'AMZN', 'relevance_score': '0.706517', 'ticker_sentiment_score': '0.316575', 'ticker_sentiment_label': 'Somewhat-Bullish'}, {'ticker': 'ACN', 'relevance_score': '0.647464', 'ticker_sentiment_score': '0.320398', 'ticker_sentiment_label': 'Somewhat-Bullish'}]"
Capital One (COF) Settles Class-Action Cyber Lawsuit for $190 Million,https://www.bloomberg.com/news/articles/2021-12-23/capital-one-agrees-to-190-million-settlement-in-cyber-lawsuit,20211223T165100,['Jennifer Surane'],Capital One Financial Corp. has agreed to pay $190 million to settle a class-action lawsuit following a cyberattack that exposed customer personal information. The settlement is intended to cover 98 million Americans whose data was compromised. Capital One stated it has fully reserved for the settlement amount.,,Bloomberg.com,General,Bloomberg.com,"[{'topic': 'finance', 'relevance_score': '0.941633'}, {'topic': 'technology', 'relevance_score': '0.629642'}]",-0.145331,Neutral,"[{'ticker': 'COF', 'relevance_score': '1.000000', 'ticker_sentiment_score': '-0.401486', 'ticker_sentiment_label': 'Bearish'}, {'ticker': 'AMZN', 'relevance_score': '0.638417', 'ticker_sentiment_score': '0.137531', 'ticker_sentiment_label': 'Neutral'}]"
"32% of Growth to Originate from APAC for Data Analytics Market|Evolving Opportunities with Amazon Web Services Inc., International Business Machines Corp. & Microsoft Corp. |17000+ Technavio Reports",https://www.prnewswire.com/news-releases/32-of-growth-to-originate-from-apac-for-data-analytics-marketevolving-opportunities-with-amazon-web-services-inc-international-business-machines-corp--microsoft-corp-17000-technavio-reports-301450425.html,20211224T020000,[],"The data analytics market is projected to grow by USD 196.47 billion from 2021 to 2026, with a CAGR of 13.54%. A significant 32% of this growth is expected to come from the APAC region, particularly from China and India. The market's expansion is driven by the extensive use of modern technology in company operations, though challenges like integrating data from various sources may temper growth.",https://www.prnewswire.com/content/dam/newWidget-desktop.png,PR Newswire,General,PR Newswire,"[{'topic': 'technology', 'relevance_score': '0.932681'}, {'topic': 'financial_markets', 'relevance_score': '0.820362'}]",0.329083,Somewhat-Bullish,"[{'ticker': 'IBM', 'relevance_score': '0.957728', 'ticker_sentiment_score': '0.309855', 'ticker_sentiment_label': 'Somewhat-Bullish'}, {'ticker': 'AMZN', 'relevance_score': '0.711171', 'ticker_sentiment_score': '0.319151', 'ticker_sentiment_label': 'Somewhat-Bullish'}, {'ticker': 'MSFT', 'relevance_score': '0.694640', 'ticker_sentiment_score': '0.313484', 'ticker_sentiment_label': 'Somewhat-Bullish'}, {'ticker': 'ORCL', 'relevance_score': '0.613410', 'ticker_sentiment_score': '0.347232', 'ticker_sentiment_label': 'Somewhat-Bullish'}]"
Don’t Buy BABA. It’s Not What You Think,https://www.etftrends.com/dont-buy-baba-its-not-what-you-think/,20211224T203733,['Thompson Clark'],"This article warns investors against buying Chinese stocks, particularly Alibaba (BABA), due to inherent structural risks. The author explains that US investors buying shares of Chinese companies like BABA are often acquiring shares of Cayman Islands-based holding companies, not direct equity in the Chinese operating entity, which offers minimal shareholder protection. The piece cites examples like DiDi Global Inc. (DIDI) and RLX Technology Inc. (RLX) to illustrate the significant risks involved with these investments.",,ETF Trends,General,ETF Trends,"[{'topic': 'financial_markets', 'relevance_score': '0.942283'}]",0.152306,Somewhat-Bullish,"[{'ticker': 'KWEB', 'relevance_score': '0.922301', 'ticker_sentiment_score': '0.301806', 'ticker_sentiment_label': 'Somewhat-Bullish'}, {'ticker': 'AMZN', 'relevance_score': '0.704185', 'ticker_sentiment_score': '0.044459', 'ticker_sentiment_label': 'Neutral'}]"
How Holiday Gift Waste Impacts the Environment,https://www.discovermagazine.com/how-holiday-gift-waste-impacts-the-environment-43163,20211226T010000,['Erica Sweeney'],"This article discusses the significant environmental impact of unwanted holiday gifts, from increased landfill waste to the carbon footprint of returns. It highlights that household waste increases by about 25% during the holidays and emphasizes the importance of donating or repurposing items. The piece also suggests rethinking gifting strategies, such as giving experiences or charity donations, to reduce environmental harm.",https://cdn.discovermagazine.com/assets/image/47195/shutterstock_1499789279-xs.jpg,Discover Magazine,General,Discover Magazine,"[{'topic': 'retail_wholesale', 'relevance_score': '0.922145'}, {'topic': 'economy_macro', 'relevance_score': '0.838148'}, {'topic': 'finance', 'relevance_score': '0.642473'}]",-0.08699,Neutral,"[{'ticker': 'RSG', 'relevance_score': '1.000000', 'ticker_sentiment_score': '0.340238', 'ticker_sentiment_label': 'Somewhat-Bullish'}, {'ticker': 'WMT', 'relevance_score': '0.644490', 'ticker_sentiment_score': '-0.105838', 'ticker_sentiment_label': 'Neutral'}, {'ticker': 'AMZN', 'relevance_score': '0.609291', 'ticker_sentiment_score': '-0.119990', 'ticker_sentiment_label': 'Neutral'}, {'ticker': 'FDX', 'relevance_score': '0.608799', 'ticker_sentiment_score': '-0.222217', 'ticker_sentiment_label': 'Somewhat-Bearish'}, {'ticker': 'UPS', 'relevance_score': '0.603656', 'ticker_sentiment_score': '-0.226910', 'ticker_sentiment_label': 'Somewhat-Bearish'}]"
"Movano Ring health tracker to debut at CES 2022, with plans to compete on price",https://www.cnet.com/tech/mobile/movano-ring-health-tracker-to-debut-at-ces-2022-with-plans-to-compete-on-price/,20211227T162909,['Mike Sorrentino'],"The Movano Ring health tracker is set to debut at CES 2022, aiming to compete on price with existing fitness tracking rivals like the Oura Ring. Movano plans to offer comprehensive fitness tracking, including activity, sleep, heart rate, respiration, temperature, and blood oxygen, with future aspirations for glucose monitoring and cuffless blood pressure. The company is designing the device with women primarily in mind and hopes to conduct a beta release in the second half of 2022, pending FDA clearance for vital sign monitoring.",https://www.cnet.com/a/img/resize/f2bb98164daf2adee9c0b04ccb42c0a2c0edf53d/hub/2021/12/27/2f9d34ef-5be1-4c98-b403-62154a28d16b/disc-gold.png?auto=webp&fit=crop&height=675&width=1200,CNET,General,CNET,"[{'topic': 'technology', 'relevance_score': '0.849046'}]",0.216437,Somewhat-Bullish,"[{'ticker': 'MOVE', 'relevance_score': '1.000000', 'ticker_sentiment_score': '0.308840', 'ticker_sentiment_label': 'Somewhat-Bullish'}, {'ticker': 'AMZN', 'relevance_score': '0.606340', 'ticker_sentiment_score': '0.118348', 'ticker_sentiment_label': 'Neutral'}, {'ticker': 'GRMN', 'relevance_score': '0.635594', 'ticker_sentiment_score': '0.141914', 'ticker_sentiment_label': 'Neutral'}]"
The definitive ranking of streaming services as we head into 2022,https://www.fastcompany.com/90706006/definitive-ranking-streaming-services-2022-hbomax-amazon-prime-netflix-disney-plus,20211227T163103,['Nicole LaPorte'],"This article ranks the top streaming services as of late 2021, evaluating their performance and strategies during the ""streaming wars."" HBO Max emerged as a strong contender due to its day-and-date movie releases and popular original series, while Amazon Prime Video expanded its focus with major event films and Netflix saw a resurgence with global hits like ""Squid Game."" Apple TV+ demonstrated growth with acclaimed originals, though Disney Plus and Hulu faced challenges related to content strategy and corporate interests, respectively.","https://images.fastcompany.com/image/upload/f_webp,c_fit,w_1920,q_auto/wp-cms/uploads/2021/12/p-1-definitive-ranking-streaming-services-2022-hbomax-amazon-prime-netflix-disney-plus.jpg",Fast Company,General,Fast Company,"[{'topic': 'technology', 'relevance_score': '0.948519'}]",0.223581,Somewhat-Bullish,"[{'ticker': 'NFLX', 'relevance_score': '1.000000', 'ticker_sentiment_score': '0.275250', 'ticker_sentiment_label': 'Somewhat-Bullish'}, {'ticker': 'AMZN', 'relevance_score': '0.918494', 'ticker_sentiment_score': '0.255298', 'ticker_sentiment_label': 'Somewhat-Bullish'}, {'ticker': 'WBD', 'relevance_score': '0.836203', 'ticker_sentiment_score': '0.234489', 'ticker_sentiment_label': 'Somewhat-Bullish'}, {'ticker': 'AAPL', 'relevance_score': '0.739761', 'ticker_sentiment_score': '0.220357', 'ticker_sentiment_label': 'Somewhat-Bullish'}, {'ticker': 'DIS', 'relevance_score': '0.702563', 'ticker_sentiment_score': '0.071584', 'ticker_sentiment_label': 'Neutral'}]"
Dollar General Plans $140M Distribution Center in North Little Rock,https://www.arkansasbusiness.com/article/dollar-general-eyes-140m-distribution-center-in-north-little-rock/,20211228T053200,['Scott Carroll'],"Dollar General is planning to construct a $140 million distribution center in North Little Rock, Arkansas, near an Amazon fulfillment center. The facility will be a ""fresh market"" design with cold storage, creating an initial 300 jobs and potentially up to 600 with competitive wages and benefits. The city council has approved a resolution to partner on the project, including a 65% tax abatement, with construction expected to start in early 2022.",https://arkansasbusiness.wppcdn.com/wp-content/uploads/2021/12/dollar-general-920x615.jpg,Arkansas Business,General,Arkansas Business,"[{'topic': 'real_estate', 'relevance_score': '0.828657'}, {'topic': 'retail_wholesale', 'relevance_score': '0.811100'}, {'topic': 'economy_fiscal', 'relevance_score': '0.622108'}]",0.349431,Somewhat-Bullish,"[{'ticker': 'DG', 'relevance_score': '1.000000', 'ticker_sentiment_score': '0.410594', 'ticker_sentiment_label': 'Bullish'}, {'ticker': 'AMZN', 'relevance_score': '0.618714', 'ticker_sentiment_score': '0.234343', 'ticker_sentiment_label': 'Somewhat-Bullish'}]"
New Oriental Education Officially Enters Live Commerce Industry,https://pandaily.com/new-oriental-education-officially-enters-live-commerce-industry/,20211228T161225,[],"New Oriental Education has officially entered the live commerce industry. This move signals a significant pivot for the education company into the e-commerce sector, likely in response to recent regulatory changes affecting the education industry.",,Pandaily,General,Pandaily,"[{'topic': 'retail_wholesale', 'relevance_score': '0.935928'}, {'topic': 'finance', 'relevance_score': '0.609854'}]",0.264167,Somewhat-Bullish,"[{'ticker': 'EDU', 'relevance_score': '1.000000', 'ticker_sentiment_score': '0.332132', 'ticker_sentiment_label': 'Somewhat-Bullish'}, {'ticker': 'AMZN', 'relevance_score': '0.638421', 'ticker_sentiment_score': '0.208642', 'ticker_sentiment_label': 'Somewhat-Bullish'}]"
P&G cancels live appearances at CES tech show amid COVID-19 concerns,https://www.cincinnati.com/story/news/2021/12/28/p-g-host-virtual-tech-show-avoid-person-showing-ces/9032569002/,20211228T163437,['Randy Tucker'],"Procter & Gamble has announced it is canceling its live appearances at the upcoming CES tech show in Las Vegas due to rising concerns over the coronavirus' omicron variant. Instead of a physical presence, P&G will host an all-virtual event on its pglifelab.com website, prioritizing the health and well-being of its employees and partners. This decision follows similar moves by other major companies like Amazon and Meta, despite CES's plans to continue the in-person event from January 5-8.","https://www.gannett-cdn.com/presto/2021/12/22/USAT/2a04e41a-a012-453d-8092-31aef8f76363-XXX_ces_day_3217.jpg?crop=4936,3702,x0,y0?width=320&height=240",Cincinnati Enquirer,General,Cincinnati Enquirer,"[{'topic': 'retail_wholesale', 'relevance_score': '0.744572'}, {'topic': 'technology', 'relevance_score': '0.801880'}]",-0.201792,Somewhat-Bearish,"[{'ticker': 'PG', 'relevance_score': '1.000000', 'ticker_sentiment_score': '-0.241435', 'ticker_sentiment_label': 'Somewhat-Bearish'}, {'ticker': 'AMZN', 'relevance_score': '0.709887', 'ticker_sentiment_score': '-0.206516', 'ticker_sentiment_label': 'Somewhat-Bearish'}, {'ticker': 'META', 'relevance_score': '0.744254', 'ticker_sentiment_score': '-0.246894', 'ticker_sentiment_label': 'Somewhat-Bearish'}, {'ticker': 'T', 'relevance_score': '0.728953', 'ticker_sentiment_score': '-0.239428', 'ticker_sentiment_label': 'Somewhat-Bearish'}, {'ticker': 'INTC', 'relevance_score': '0.708434', 'ticker_sentiment_score': '-0.243293', 'ticker_sentiment_label': 'Somewhat-Bearish'}]"
"Amazon added four Kansas City area locations in 2021, creating hundreds of jobs",https://fox4kc.com/business/amazon-added-four-kansas-city-area-locations-in-2021-creating-hundreds-of-jobs/,20211229T190200,['Thomas Friestad - Kansas City Business Journal'],"Amazon expanded its presence in the Kansas City metro area by opening four new facilities in 2021, creating nearly 2,300 jobs. The new locations include a 1.08-million-square-foot fulfillment center, a 112,000 square-foot last-mile delivery station, and two additional last-mile delivery stations in Lenexa and Blue Springs. These expansions significantly bolster Amazon's employment within the region.",https://fox4kc.com/wp-content/uploads/sites/16/2021/04/d0ab79320d894543bb16c98ece2f3190.jpg?w=2560&h=1440&crop=1,FOX4KC.com,General,FOX4KC.com,"[{'topic': 'retail_wholesale', 'relevance_score': '0.822797'}, {'topic': 'economy_macro', 'relevance_score': '0.735631'}, {'topic': 'real_estate', 'relevance_score': '0.707117'}]",0.490985,Bullish,"[{'ticker': 'AMZN', 'relevance_score': '1.000000', 'ticker_sentiment_score': '0.457025', 'ticker_sentiment_label': 'Bullish'}]"
"Amazon adds four locations, thousands of employees in KC area in 2021",https://www.bizjournals.com/kansascity/news/2021/12/29/amazon-warehouse-industrial-riverside-lenexa-kck.html,20211229T193551,['Thomas Friestad'],"Amazon significantly expanded its presence in the Kansas City area in 2021, opening four new locations. This growth included a 1.08 million-square-foot fulfillment center in Kansas City, Kansas, adding thousands of employees to its local workforce. The expansion positions Amazon as one of the largest employers in the region.",,The Business Journals,General,The Business Journals,"[{'topic': 'retail_wholesale', 'relevance_score': '0.813926'}, {'topic': 'real_estate', 'relevance_score': '0.706332'}, {'topic': 'economy_macro', 'relevance_score': '0.638471'}]",0.417265,Bullish,"[{'ticker': 'AMZN', 'relevance_score': '1.000000', 'ticker_sentiment_score': '0.449483', 'ticker_sentiment_label': 'Bullish'}]"
Google Cloud Pricing: The Complete Guide,https://www.netapp.com/blog/gcp-cvo-blg-google-cloud-pricing-the-complete-guide/,20211230T163151,['Yifat Perry'],"This comprehensive guide details the pricing models for Google Cloud Platform services, including compute, storage, networking, SQL, and serverless options. It covers pay-as-you-go, long-term commitments, and free tier options, highlighting various pricing factors and potential cost-saving strategies. The article also touches upon NetApp Cloud Volumes ONTAP as a solution for optimizing Google Cloud costs through storage efficiencies.",https://www.netapp.com/media/yifat-perry_tcm19-128537.jpg?v=175149,NetApp,General,NetApp,"[{'topic': 'technology', 'relevance_score': '1.000000'}]",0.142498,Neutral,"[{'ticker': 'NTAP', 'relevance_score': '0.867236', 'ticker_sentiment_score': '0.257581', 'ticker_sentiment_label': 'Somewhat-Bullish'}, {'ticker': 'GOOG', 'relevance_score': '0.935065', 'ticker_sentiment_score': '0.109346', 'ticker_sentiment_label': 'Neutral'}, {'ticker': 'GOOGL', 'relevance_score': '0.945307', 'ticker_sentiment_score': '0.114721', 'ticker_sentiment_label': 'Neutral'}, {'ticker': 'AMZN', 'relevance_score': '0.619096', 'ticker_sentiment_score': '0.108342', 'ticker_sentiment_label': 'Neutral'}, {'ticker': 'MSFT', 'relevance_score': '0.638902', 'ticker_sentiment_score': '0.104087', 'ticker_sentiment_label': 'Neutral'}]"
