title,url,time_published,authors,summary,banner_image,source,category_within_source,source_domain,topics,overall_sentiment_score,overall_sentiment_label,ticker_sentiment
A hint of what's to come for dying malls: Phoenix mall owner sells out as property is rezoned for other uses,https://www.cnbc.com/2021/04/01/macerich-sale-of-arizona-mall-hints-at-whats-to-come-for-dying-malls.html,20210401T120600,['Lauren Thomas'],"Macerich, a mall owner, sold a majority stake in its Paradise Valley Mall in Phoenix for $100 million to real estate developer RED Development. The 92-acre site will be converted into a mixed-use community with homes, offices, and retail, reflecting a broader trend of repurposing struggling malls as online shopping increases. Macerich president Ed Coppola stated the decision made sense for the company as the retail landscape continues to evolve.",https://image.cnbcfm.com/api/v1/image/106849454-clean-Malls-thumb-jpg?v=1614888563&w=750&h=422&vtcrop=y,CNBC,General,CNBC,"[{'topic': 'real_estate', 'relevance_score': '0.938277'}, {'topic': 'retail_wholesale', 'relevance_score': '0.826733'}, {'topic': 'financial_markets', 'relevance_score': '0.604690'}, {'topic': 'economy_macro', 'relevance_score': '0.610302'}]",0.202415,Somewhat-Bullish,"[{'ticker': 'MAC', 'relevance_score': '1.000000', 'ticker_sentiment_score': '0.255476', 'ticker_sentiment_label': 'Somewhat-Bullish'}, {'ticker': 'AMZN', 'relevance_score': '0.640633', 'ticker_sentiment_score': '0.120607', 'ticker_sentiment_label': 'Neutral'}]"
Kroger maps its new digital ‘ecosystem’,https://www.grocerydive.com/news/kroger-maps-its-new-digital-ecosystem/597693/,20210401T203725,['Jeff Wells'],"Kroger plans to double its online sales to over $20 billion by the end of 2023, leveraging its Ocado automated customer fulfillment centers and expanding into new markets like Florida. The company aims to improve digital margins through technology, process improvements, and alternative profit streams, despite initial investor skepticism. Kroger is also focusing on enhancing its fresh assortment, private label offerings, and new meal options to drive market share.",,Grocery Dive,General,Grocery Dive,"[{'topic': 'retail_wholesale', 'relevance_score': '0.915550'}, {'topic': 'earnings', 'relevance_score': '0.836634'}, {'topic': 'mergers_and_acquisitions', 'relevance_score': '0.601092'}, {'topic': 'technology', 'relevance_score': '0.631514'}]",0.000333,Neutral,"[{'ticker': 'KR', 'relevance_score': '0.964633', 'ticker_sentiment_score': '-0.109835', 'ticker_sentiment_label': 'Neutral'}, {'ticker': 'WMT', 'relevance_score': '0.695253', 'ticker_sentiment_score': '-0.139306', 'ticker_sentiment_label': 'Neutral'}, {'ticker': 'AMZN', 'relevance_score': '0.609852', 'ticker_sentiment_score': '0.147467', 'ticker_sentiment_label': 'Neutral'}, {'ticker': 'COST', 'relevance_score': '0.579213', 'ticker_sentiment_score': '0.062834', 'ticker_sentiment_label': 'Neutral'}, {'ticker': 'TGT', 'relevance_score': '0.576870', 'ticker_sentiment_score': '0.068015', 'ticker_sentiment_label': 'Neutral'}]"
Rexford doubles 2021 acquisitions with 5 more industrial properties,https://www.bizjournals.com/losangeles/news/2021/04/01/rexford-industrial-doubles-2021-acquisitions.html,20210401T210640,['Annlee Ellingson'],"Rexford Industrial adds 5 more industrial properties to its portfolio, signaling a busy 2021 following a high-acquisition year in 2020. This move continues Rexford's strategy of expanding its industrial real estate holdings.",,The Business Journals,General,The Business Journals,"[{'topic': 'real_estate', 'relevance_score': '0.933583'}, {'topic': 'mergers_and_acquisitions', 'relevance_score': '0.847172'}, {'topic': 'manufacturing', 'relevance_score': '0.624331'}]",0.345069,Somewhat-Bullish,"[{'ticker': 'REXR', 'relevance_score': '0.943810', 'ticker_sentiment_score': '0.319339', 'ticker_sentiment_label': 'Somewhat-Bullish'}, {'ticker': 'AMZN', 'relevance_score': '0.625335', 'ticker_sentiment_score': '0.324576', 'ticker_sentiment_label': 'Somewhat-Bullish'}]"
Why Sea Limited Stock Is Still a Buy Right Now,https://moneymorning.com/2021/04/01/why-sea-limited-stock-is-still-a-buy-right-now/,20210401T211149,['Alex Kagin'],"Despite a recent tech sell-off, Sea Limited (NYSE: SE) is presented as a strong buying opportunity due to its rapid revenue growth, particularly in its e-commerce and gaming divisions, and the strong performance of its digital payment business, Sea Money. The article argues that the company was unfairly impacted by the broader tech market correction and is poised for continued growth, expanding into new regions like Latin America.",NULL,MoneyMorning.com,General,MoneyMorning.com,"[{'topic': 'financial_markets', 'relevance_score': '0.932238'}, {'topic': 'technology', 'relevance_score': '0.837840'}, {'topic': 'retail_wholesale', 'relevance_score': '0.745485'}]",0.162419,Somewhat-Bullish,"[{'ticker': 'SE', 'relevance_score': '1.000000', 'ticker_sentiment_score': '0.421842', 'ticker_sentiment_label': 'Bullish'}, {'ticker': 'TSLA', 'relevance_score': '0.727818', 'ticker_sentiment_score': '-0.293070', 'ticker_sentiment_label': 'Somewhat-Bearish'}, {'ticker': 'AMZN', 'relevance_score': '0.605141', 'ticker_sentiment_score': '0.205941', 'ticker_sentiment_label': 'Somewhat-Bullish'}]"
KKR Buys Seattle Building Leased to Amazon for $580 Million,https://www.bloomberg.com/news/articles/2021-04-01/kkr-buys-seattle-building-leased-to-amazon-for-580-million,20210401T231520,"['John Gittelsohn', 'Noah Buhayar']","KKR & Co. has acquired a redeveloped former department store in downtown Seattle for $580 million. The building, located at 300 Pine St., has been converted into offices and is leased to Amazon.com Inc.",,Bloomberg.com,General,Bloomberg.com,"[{'topic': 'mergers_and_acquisitions', 'relevance_score': '0.849939'}, {'topic': 'real_estate', 'relevance_score': '0.917135'}, {'topic': 'finance', 'relevance_score': '0.702641'}]",0.261506,Somewhat-Bullish,"[{'ticker': 'KKR', 'relevance_score': '1.000000', 'ticker_sentiment_score': '0.360552', 'ticker_sentiment_label': 'Bullish'}, {'ticker': 'AMZN', 'relevance_score': '0.702697', 'ticker_sentiment_score': '0.147212', 'ticker_sentiment_label': 'Neutral'}]"
Amazon Sued for Allegedly Failing to Adequately Pay Overtime Wage,https://lawstreetmedia.com/news/tech/amazon-sued-for-allegedly-failing-to-adequately-pay-overtime-wage/,20210402T225218,['Kirsten Errick'],"Amazon.com Inc., Amazon Logistics Inc., Amazon.com Services Inc., and JARS TD Inc. are being sued by plaintiff Timothy Coleman for alleged violations of the Fair Labor Standards Act (FLSA). Coleman claims that Amazon failed to adequately pay him overtime wages despite him regularly working over 40 hours per week as a delivery driver. The lawsuit argues that Amazon exerted significant control over JARS TD Inc. and its drivers, making Amazon a de facto employer responsible for FLSA compliance.",https://lawstreetmedia.com/wp-content/uploads/2020/05/iStock-1207127338-1024x683.jpg,Law Street Media,General,Law Street Media,"[{'topic': 'retail_wholesale', 'relevance_score': '0.731269'}, {'topic': 'technology', 'relevance_score': '0.830833'}]",-0.628915,Bearish,"[{'ticker': 'AMZN', 'relevance_score': '1.000000', 'ticker_sentiment_score': '-0.605812', 'ticker_sentiment_label': 'Bearish'}]"
Pennsylvania’s first green hydrogen plant planned for Lancaster County,https://stateimpact.npr.org/pennsylvania/2021/04/02/pennsylvanias-first-green-hydrogen-plant-planned-for-lancaster-county/,20210402T232449,['Rachel McDevitt'],"A clean fuel company, Plug Power, plans to construct Pennsylvania's first green hydrogen plant in southern Lancaster County, utilizing power from the Holtwood Dam and water from the Susquehanna River. The facility, expected to be operational by late 2022, will produce 15 metric tons of liquid hydrogen daily for use in heavy-duty trucks and other industrial applications. This project aims to contribute to emissions reduction goals and position Pennsylvania as a leader in hydrogen production, alongside other initiatives nationwide.",https://www.witf.io/wp-content/uploads/2021/04/PlugPower.jpg,NPR,General,NPR,"[{'topic': 'energy_transportation', 'relevance_score': '0.930751'}, {'topic': 'economy_macro', 'relevance_score': '0.619418'}]",0.270151,Somewhat-Bullish,"[{'ticker': 'PLUG', 'relevance_score': '1.000000', 'ticker_sentiment_score': '0.419573', 'ticker_sentiment_label': 'Bullish'}, {'ticker': 'AMZN', 'relevance_score': '0.626726', 'ticker_sentiment_score': '0.201839', 'ticker_sentiment_label': 'Somewhat-Bullish'}, {'ticker': 'WMT', 'relevance_score': '0.640497', 'ticker_sentiment_score': '0.220945', 'ticker_sentiment_label': 'Somewhat-Bullish'}]"
Virgil’s Handcrafted Dr. Better,https://www.bevindustry.com/articles/93984-virgils-handcrafted-dr-better,20210402T232718,[],"Virgil's, a brand of Reed's Inc., has announced the return of its limited-edition Virgil’s Handcrafted Dr. Better soda. This all-natural soda features premium ingredients like tart cherry, sweet raspberry, and spicy cinnamon, and now includes caffeine. It is available exclusively online through the Virgil’s Store and Amazon.",https://www.bevindustry.com/ext/resources/2021/New-Products/Virgils_DrBetter_900.webp?t=1616602665,Beverage Industry,General,Beverage Industry,"[{'topic': 'retail_wholesale', 'relevance_score': '0.917771'}]",0.365098,Bullish,"[{'ticker': 'REEDD', 'relevance_score': '1.000000', 'ticker_sentiment_score': '0.475433', 'ticker_sentiment_label': 'Bullish'}, {'ticker': 'AMZN', 'relevance_score': '0.626632', 'ticker_sentiment_score': '0.225917', 'ticker_sentiment_label': 'Somewhat-Bullish'}]"
Amazon finally acknowledges delivery driver bathroom problem,https://www.marketwatch.com/story/amazon-finally-acknowledges-delivery-driver-bathroom-problem-11617468575?gaa_at=eafs&gaa_n=AWEtsqfizwf5pDtIn_1H83Wk4vEQBRgNfxCbaraRQOe9b5Q-CjuIXCt2lsUT&gaa_ts=699b8c23&gaa_sig=kAFpmzt0mBSV2fQzBAqlVLcg6sfpPP5K9bfKo7-_KxepZASBk_Ct8UwDsAk3gAlI0LRFMy998OQhpN3gUPf9gw%3D%3D,20210403T124900,[],"Amazon has publicly acknowledged that its delivery drivers face challenges accessing restrooms, confirming that reports of drivers urinating in bottles or publicly are likely true. The company's statement addresses a long-standing issue for its delivery workforce.",https://images.mktw.net/im-320176?width=1260&height=840,MarketWatch,General,MarketWatch,"[{'topic': 'retail_wholesale', 'relevance_score': '0.905716'}, {'topic': 'technology', 'relevance_score': '0.839279'}]",-0.205181,Somewhat-Bearish,"[{'ticker': 'AMZN', 'relevance_score': '1.000000', 'ticker_sentiment_score': '-0.238581', 'ticker_sentiment_label': 'Somewhat-Bearish'}]"
New Fabs Crop Up Globally in 2021 as Chip Crisis Continues,https://www.allaboutcircuits.com/news/new-fabs-crop-globally-in-2021-chip-crisis-continues/,20210404T230842,['Luke James'],"Amidst the ongoing global chip crisis affecting various industries, several major semiconductor manufacturers are announcing significant expansion plans. Intel is investing $20 billion in two new fabs in Arizona and launching Intel Foundry Services, while GlobalFoundries is committing $1.4 billion to boost its global production capacity. SK Hynix has also received approval to build a massive $106.35 billion fab complex in South Korea, primarily for DRAM production.",https://www.allaboutcircuits.com/uploads/articles/Fab_42.jpg,All About Circuits,General,All About Circuits,"[{'topic': 'technology', 'relevance_score': '0.900138'}, {'topic': 'manufacturing', 'relevance_score': '0.822001'}]",0.189414,Somewhat-Bullish,"[{'ticker': 'GFS', 'relevance_score': '0.316065', 'ticker_sentiment_score': '0.023796', 'ticker_sentiment_label': 'Neutral'}, {'ticker': 'INTC', 'relevance_score': '1.000000', 'ticker_sentiment_score': '0.474110', 'ticker_sentiment_label': 'Bullish'}, {'ticker': 'AMZN', 'relevance_score': '0.617598', 'ticker_sentiment_score': '0.121318', 'ticker_sentiment_label': 'Neutral'}, {'ticker': 'GOOGL', 'relevance_score': '0.616012', 'ticker_sentiment_score': '0.144431', 'ticker_sentiment_label': 'Neutral'}, {'ticker': 'MSFT', 'relevance_score': '0.633443', 'ticker_sentiment_score': '0.105839', 'ticker_sentiment_label': 'Neutral'}]"
SunOpta to open new Eden Prairie headquarters as it eyes growth,https://www.startribune.com/sunopta-to-open-new-eden-prairie-headquarters-as-it-eyes-growth/600042471,20210405T203500,['Kristen Leigh Painter'],"SunOpta is opening a new 65,000-square-foot headquarters in Eden Prairie, which will include expanded office and R&D space. This move signifies a new chapter for the company after a ""transformational"" year in 2020, during which it sold its organic commodities business for $389 million and focused on plant-based food ingredients. The company is now in a strong financial position and plans significant capital investments and potential acquisitions in alternative dairy.",,Star Tribune,General,Star Tribune,"[{'topic': 'earnings', 'relevance_score': '0.922118'}, {'topic': 'real_estate', 'relevance_score': '0.731051'}, {'topic': 'manufacturing', 'relevance_score': '0.617204'}, {'topic': 'retail_wholesale', 'relevance_score': '0.623327'}]",0.274013,Somewhat-Bullish,"[{'ticker': 'STKL', 'relevance_score': '1.000000', 'ticker_sentiment_score': '0.459857', 'ticker_sentiment_label': 'Bullish'}, {'ticker': 'SBUX', 'relevance_score': '0.615174', 'ticker_sentiment_score': '0.293476', 'ticker_sentiment_label': 'Somewhat-Bullish'}, {'ticker': 'AMZN', 'relevance_score': '0.613375', 'ticker_sentiment_score': '0.247002', 'ticker_sentiment_label': 'Somewhat-Bullish'}, {'ticker': 'WMT', 'relevance_score': '0.584290', 'ticker_sentiment_score': '0.240853', 'ticker_sentiment_label': 'Somewhat-Bullish'}, {'ticker': 'KR', 'relevance_score': '0.552583', 'ticker_sentiment_score': '0.235650', 'ticker_sentiment_label': 'Somewhat-Bullish'}]"
Amazon broke US law by firing employee activists: Labour board,https://www.aljazeera.com/economy/2021/4/5/amazon-broke-us-law-by-firing-employee-activists-labour-board,20210405T225217,['Matt Day and Bloomberg'],"The National Labor Relations Board's prosecutors found that Amazon.com Inc. violated labor law by firing two prominent internal critics, Emily Cunningham and Maren Costa, last year. The pair were terminated after raising concerns about Amazon’s treatment of warehouse workers during the pandemic and for advocating for climate change initiatives and better working conditions. The NLRB plans to file a complaint if Amazon does not settle, asserting that their dismissals were protected under laws for employees who advocate for workplace changes.",https://www.aljazeera.com/wp-content/uploads/2021/02/amazon-1.jpg?resize=770%2C513&quality=80,Al Jazeera,General,Al Jazeera,"[{'topic': 'retail_wholesale', 'relevance_score': '0.848608'}]",-0.380986,Bearish,"[{'ticker': 'AMZN', 'relevance_score': '1.000000', 'ticker_sentiment_score': '-0.361891', 'ticker_sentiment_label': 'Bearish'}]"
How This Company Launched an Emergency Online Summer Camp,https://time.com/5935054/synchrony-summer-camp/,20210406T140300,['Emily Barone'],"Synchrony Financial, a consumer finance firm, launched an emergency online summer camp for employees' children in response to childcare challenges during the COVID-19 pandemic. The program, which quickly expanded to include an after-school tutoring component, helped boost employee morale and productivity by offering diverse virtual activities and externship opportunities, demonstrating the company's agile approach to problem-solving.",,Time Magazine,General,Time Magazine,"[{'topic': 'finance', 'relevance_score': '0.808884'}]",0.224915,Somewhat-Bullish,"[{'ticker': 'SYF', 'relevance_score': '1.000000', 'ticker_sentiment_score': '0.441664', 'ticker_sentiment_label': 'Bullish'}, {'ticker': 'AMZN', 'relevance_score': '0.646610', 'ticker_sentiment_score': '0.148717', 'ticker_sentiment_label': 'Neutral'}, {'ticker': 'LOW', 'relevance_score': '0.623459', 'ticker_sentiment_score': '0.120824', 'ticker_sentiment_label': 'Neutral'}, {'ticker': 'TJX', 'relevance_score': '0.648768', 'ticker_sentiment_score': '0.111727', 'ticker_sentiment_label': 'Neutral'}]"
"Airbus Ventures Commends Quantum Computing Leader, IonQ, Inc., on Upcoming Public Debut",https://www.businesswire.com/news/home/20210406005388/en/Airbus-Ventures-Commends-Quantum-Computing-Leader-IonQ-Inc.-on-Upcoming-Public-Debut,20210406T203159,[],"Airbus Ventures congratulates IonQ, Inc. on its upcoming merger with dMY Technology Group, Inc. III, which will make IonQ the world’s first publicly traded pure-play quantum computing hardware and software company. Airbus Ventures, a key investor, supports IonQ's scalable roadmap towards developing modular quantum computers and addressing complex challenges in various industrial sectors, including aerospace and green energy. IonQ aims for broad quantum advantage by 2025.",,Business Wire,General,Business Wire,"[{'topic': 'mergers_and_acquisitions', 'relevance_score': '0.935958'}, {'topic': 'technology', 'relevance_score': '0.803587'}, {'topic': 'ipo', 'relevance_score': '0.716099'}]",0.270969,Somewhat-Bullish,"[{'ticker': 'IONQ', 'relevance_score': '1.000000', 'ticker_sentiment_score': '0.414695', 'ticker_sentiment_label': 'Bullish'}, {'ticker': 'AMZN', 'relevance_score': '0.635407', 'ticker_sentiment_score': '0.200726', 'ticker_sentiment_label': 'Somewhat-Bullish'}, {'ticker': 'MSFT', 'relevance_score': '0.601012', 'ticker_sentiment_score': '0.234418', 'ticker_sentiment_label': 'Somewhat-Bullish'}]"
First Look: The New Sonos Roam Speaker Is Versatile but Pricey | Reviews by Wirecutter,https://www.nytimes.com/wirecutter/reviews/sonos-roam-review/,20210406T211703,['Elissa Sanci'],"The article provides a first look at the new Sonos Roam speaker, highlighting its versatility as a portable Bluetooth speaker, a smart speaker with voice activation, and an integrated part of a Sonos multiroom system. While impressed by its sound quality and portability, the review notes its high price ($170) and short battery life as potential drawbacks. The Sonos Roam is presented as an ideal entry point for those looking to start a multiroom speaker system.",,The New York Times,General,The New York Times,"[{'topic': 'technology', 'relevance_score': '0.940701'}]",0.144874,Neutral,"[{'ticker': 'SONO', 'relevance_score': '1.000000', 'ticker_sentiment_score': '0.221908', 'ticker_sentiment_label': 'Somewhat-Bullish'}, {'ticker': 'AMZN', 'relevance_score': '0.627368', 'ticker_sentiment_score': '0.144153', 'ticker_sentiment_label': 'Neutral'}, {'ticker': 'GOOGL', 'relevance_score': '0.580396', 'ticker_sentiment_score': '0.120612', 'ticker_sentiment_label': 'Neutral'}]"
Gap designs fulfillment system to prioritize ‘most valuable’ customers,https://www.supplychaindive.com/news/gap-tiered-fulfillment-customer-loyalty/597669/,20210406T230809,['A.B. Brown'],"Gap Inc. is developing a tiered delivery fulfillment system to prioritize its ""most valuable lifetime"" customers, categorizing delivery speeds into gold, silver, and bronze. This strategy aims to optimize delivery speed based on customer loyalty while managing fulfillment costs effectively. The company's online sales grew significantly last year, reaching over $6 billion, leading to continued investment in digital and distribution center capacity.",https://imgproxy.divecdn.com/sVTlSs-QXPjbiAYU6i0FfQjb2mtLDSB8JLl_UfrGELc/g:ce/rs:fill:1200:675:1/Z3M6Ly9kaXZlc2l0ZS1zdG9yYWdlL2RpdmVpbWFnZS9JTUctNDY4My5qcGc=.webp,Supply Chain Dive,General,Supply Chain Dive,"[{'topic': 'retail_wholesale', 'relevance_score': '0.945826'}, {'topic': 'earnings', 'relevance_score': '0.802389'}]",0.12471,Neutral,"[{'ticker': 'GAP', 'relevance_score': '0.331458', 'ticker_sentiment_score': '0.004048', 'ticker_sentiment_label': 'Neutral'}, {'ticker': 'NKE', 'relevance_score': '0.612243', 'ticker_sentiment_score': '0.107853', 'ticker_sentiment_label': 'Neutral'}, {'ticker': 'TGT', 'relevance_score': '0.620987', 'ticker_sentiment_score': '0.226252', 'ticker_sentiment_label': 'Somewhat-Bullish'}, {'ticker': 'AMZN', 'relevance_score': '0.624516', 'ticker_sentiment_score': '0.134145', 'ticker_sentiment_label': 'Neutral'}, {'ticker': 'UPS', 'relevance_score': '0.615652', 'ticker_sentiment_score': '0.104036', 'ticker_sentiment_label': 'Neutral'}]"
Gelsinger Leads Emboldened Intel With Ice Lake Launch,https://www.nextplatform.com/2021/04/06/gelsinger-leads-emboldened-intel-with-ice-lake-launch/,20210406T231309,['Jeffrey Burt'],"Intel's new CEO, Pat Gelsinger, has launched the 3rd Gen Xeon Scalable processors, ""Ice Lake,"" aimed at reasserting the company's dominance in the server chip market. These new chips feature integrated AI acceleration and security capabilities, backed by strong support from OEMs and public cloud providers. Gelsinger also outlined his ""IDM 2.0"" strategy, including a $20 billion plan to expand manufacturing fabs and the re-establishment of a major annual event, Intel On, to showcase the company's capabilities.",https://www.nextplatform.com/wp-content/uploads/2021/04/Intel-Gelsinger-1030x438.png,The Next Platform,General,The Next Platform,"[{'topic': 'technology', 'relevance_score': '0.944255'}, {'topic': 'manufacturing', 'relevance_score': '0.746654'}]",0.1469,Neutral,"[{'ticker': 'INTC', 'relevance_score': '1.000000', 'ticker_sentiment_score': '0.209800', 'ticker_sentiment_label': 'Somewhat-Bullish'}, {'ticker': 'AMD', 'relevance_score': '0.708061', 'ticker_sentiment_score': '0.110411', 'ticker_sentiment_label': 'Neutral'}, {'ticker': 'MSFT', 'relevance_score': '0.572552', 'ticker_sentiment_score': '0.118647', 'ticker_sentiment_label': 'Neutral'}, {'ticker': 'AMZN', 'relevance_score': '0.599920', 'ticker_sentiment_score': '0.116534', 'ticker_sentiment_label': 'Neutral'}]"
Florida Octogenarian Becomes A Billionaire After Investing In Celsius Energy Drink,https://www.forbes.com/sites/hanktucker/2021/04/07/florida-octogenarian-becomes-a-billionaire-after-investing-in-celsius-energy-drink/,20210407T063000,['Hank Tucker'],"Carl DeSantis, an 81-year-old Florida entrepreneur, has become a billionaire after his 31% stake in Celsius Holdings surged to $1.2 billion. He initially invested in the sugar-free energy drink about 15 years ago, enduring delisting and years of losses before the stock soared almost 1,000% in 2020. DeSantis, who previously sold his Rexall Sundown company for $1.8 billion, remained committed to Celsius, guiding it through a turnaround with a new CEO and marketing strategy focused on fitness.",,Forbes,General,Forbes,"[{'topic': 'earnings', 'relevance_score': '0.925832'}, {'topic': 'retail_wholesale', 'relevance_score': '0.842875'}, {'topic': 'finance', 'relevance_score': '0.736369'}]",0.375838,Bullish,"[{'ticker': 'CELH', 'relevance_score': '1.000000', 'ticker_sentiment_score': '0.860470', 'ticker_sentiment_label': 'Bullish'}, {'ticker': 'AMZN', 'relevance_score': '0.642413', 'ticker_sentiment_score': '0.243611', 'ticker_sentiment_label': 'Somewhat-Bullish'}, {'ticker': 'WMT', 'relevance_score': '0.610749', 'ticker_sentiment_score': '0.246402', 'ticker_sentiment_label': 'Somewhat-Bullish'}, {'ticker': 'TGT', 'relevance_score': '0.606141', 'ticker_sentiment_score': '0.244284', 'ticker_sentiment_label': 'Somewhat-Bullish'}]"
Targeting Overseas Tax Shelters (Published 2021),https://www.nytimes.com/2021/04/07/podcasts/the-daily/tax-scheme-bristol-myers-irs-janet-yellen.html,20210407T100007,['Michael Barbaro; Jesse Drucker'],"This article discusses how Bristol Myers Squibb used offshore tax shelters in Ireland and other locations to avoid paying an estimated $1.4 billion in U.S. federal income taxes. The Biden administration plans to crack down on these practices by proposing a global minimum corporate tax rate of 21% to fund infrastructure projects. The article explores the history of such tax avoidance schemes, the motivations behind them, and the challenges the Biden administration faces in implementing its new tax policies.",,The New York Times,General,The New York Times,"[{'topic': 'economy_fiscal', 'relevance_score': '1.000000'}, {'topic': 'finance', 'relevance_score': '0.817160'}, {'topic': 'life_sciences', 'relevance_score': '0.744300'}]",-0.185112,Somewhat-Bearish,"[{'ticker': 'BMY', 'relevance_score': '0.978257', 'ticker_sentiment_score': '-0.340017', 'ticker_sentiment_label': 'Somewhat-Bearish'}, {'ticker': 'PFE', 'relevance_score': '0.693761', 'ticker_sentiment_score': '-0.143055', 'ticker_sentiment_label': 'Neutral'}, {'ticker': 'MRK', 'relevance_score': '0.657200', 'ticker_sentiment_score': '-0.136729', 'ticker_sentiment_label': 'Neutral'}, {'ticker': 'AMZN', 'relevance_score': '0.647465', 'ticker_sentiment_score': '-0.133703', 'ticker_sentiment_label': 'Neutral'}, {'ticker': 'AAPL', 'relevance_score': '0.634389', 'ticker_sentiment_score': '-0.123028', 'ticker_sentiment_label': 'Neutral'}]"
"Intel unveils highest performing data-center processors, made with Israel team",https://www.timesofisrael.com/intel-unveils-highest-performing-data-center-processors-made-with-israel-team/,20210407T132200,['Shoshanna Solomon'],"Intel has launched its new Ice Lake Server processors, which are optimized for cloud and high-end computing and promise 46% higher performance than the previous generation. These processors, developed in Haifa and produced in Kiryat Gat, Israel, include built-in AI capabilities, encryption, and cybersecurity features. All major cloud service providers, including Google, Microsoft, Amazon, and Dell, plan to offer services powered by these new Intel processors in 2021.",,The Times of Israel,General,The Times of Israel,"[{'topic': 'technology', 'relevance_score': '1.000000'}, {'topic': 'manufacturing', 'relevance_score': '0.805962'}, {'topic': 'mergers_and_acquisitions', 'relevance_score': '0.601382'}]",0.332012,Somewhat-Bullish,"[{'ticker': 'INTC', 'relevance_score': '1.000000', 'ticker_sentiment_score': '0.462873', 'ticker_sentiment_label': 'Bullish'}, {'ticker': 'GOOG', 'relevance_score': '0.620042', 'ticker_sentiment_score': '0.341720', 'ticker_sentiment_label': 'Somewhat-Bullish'}, {'ticker': 'MSFT', 'relevance_score': '0.644063', 'ticker_sentiment_score': '0.345700', 'ticker_sentiment_label': 'Somewhat-Bullish'}, {'ticker': 'AMZN', 'relevance_score': '0.615545', 'ticker_sentiment_score': '0.319200', 'ticker_sentiment_label': 'Somewhat-Bullish'}, {'ticker': 'DELL', 'relevance_score': '0.625667', 'ticker_sentiment_score': '0.301992', 'ticker_sentiment_label': 'Somewhat-Bullish'}]"
JPMorgan Chase CEO Jamie Dimon: Fintech is an 'enormous competitive' threat to banks,https://www.cnbc.com/2021/04/07/jpmorgan-chase-ceo-jamie-dimon-why-fintech-is-a-big-threat-to-banks.html,20210407T145800,['Taylor Locke'],"JPMorgan Chase CEO Jamie Dimon has identified fintech companies, including Big Tech firms like Amazon and Apple, as a significant competitive threat to traditional banks. He notes that fintechs are rapidly developing user-friendly digital banking products across loans, payments, and investing, leading to banks playing a smaller role in the financial system. Dimon warns of emerging issues like shadow banking and cryptocurrency regulation, advocating for government oversight to create a level playing field for all financial institutions.",https://image.cnbcfm.com/api/v1/image/105610460-1544123196551img_2362.jpg?v=1554384128&w=750&h=422&vtcrop=y,CNBC,General,CNBC,"[{'topic': 'finance', 'relevance_score': '0.900182'}, {'topic': 'blockchain', 'relevance_score': '0.746810'}, {'topic': 'technology', 'relevance_score': '0.620532'}]",0.045836,Neutral,"[{'ticker': 'AMJB', 'relevance_score': '0.337515', 'ticker_sentiment_score': '0.049040', 'ticker_sentiment_label': 'Neutral'}, {'ticker': 'JPM', 'relevance_score': '1.000000', 'ticker_sentiment_score': '-0.171746', 'ticker_sentiment_label': 'Somewhat-Bearish'}, {'ticker': 'AMZN', 'relevance_score': '0.632205', 'ticker_sentiment_score': '0.132963', 'ticker_sentiment_label': 'Neutral'}, {'ticker': 'AAPL', 'relevance_score': '0.602879', 'ticker_sentiment_score': '0.134099', 'ticker_sentiment_label': 'Neutral'}, {'ticker': 'WMT', 'relevance_score': '0.604726', 'ticker_sentiment_score': '0.115746', 'ticker_sentiment_label': 'Neutral'}]"
"Celsius Holdings (NASDAQ:CELH): From $5 to $50 Per Share in 12 Months, Can it Go to $500?",https://www.twst.com/news/celsius-holdings-nasdaqcelh-from-5-to-50-per-share-in-12-months-can-it-go-to-500/,20210407T195640,"['John Fieldly', 'Cameron Donahue']","This article details an interview with Celsius Holdings (NASDAQ:CELH) CEO John Fieldly and Investor Relations contact Cameron Donahue. They discuss the company's significant growth from $5 to $50 per share in 12 months, attributing success to shifting from an ""emotional selling story"" to a ""financial selling story"" based on strong scan data and velocity. The executives highlight distribution expansion, particularly into convenience channels and through a national DSD network, and a broad demographic appeal as key drivers for future success.",,The Wall Street Transcript,General,The Wall Street Transcript,"[{'topic': 'earnings', 'relevance_score': '0.931738'}, {'topic': 'retail_wholesale', 'relevance_score': '0.842224'}, {'topic': 'financial_markets', 'relevance_score': '0.742388'}]",0.323356,Somewhat-Bullish,"[{'ticker': 'CELH', 'relevance_score': '1.000000', 'ticker_sentiment_score': '0.476040', 'ticker_sentiment_label': 'Bullish'}, {'ticker': 'AMZN', 'relevance_score': '0.623475', 'ticker_sentiment_score': '0.219137', 'ticker_sentiment_label': 'Somewhat-Bullish'}, {'ticker': 'TGT', 'relevance_score': '0.640852', 'ticker_sentiment_score': '0.311091', 'ticker_sentiment_label': 'Somewhat-Bullish'}, {'ticker': 'CVS', 'relevance_score': '0.648354', 'ticker_sentiment_score': '0.302364', 'ticker_sentiment_label': 'Somewhat-Bullish'}, {'ticker': 'CSCO', 'relevance_score': '0.555548', 'ticker_sentiment_score': '0.245100', 'ticker_sentiment_label': 'Somewhat-Bullish'}]"
JPMorgan’s Chief Sees a Boom Coming (Published 2021),https://www.nytimes.com/2021/04/07/business/dealbook/jamie-dimon-jpmorgan-chase-letter.html,20210407T203644,['Andrew Ross Sorkin Jason Karaian Sarah Kessler Michael J. de la Merced Lauren Hirsch and Ephrat Livni'],"JPMorgan CEO Jamie Dimon predicts a potential economic boom extending into 2023 driven by excess savings, deficit spending, infrastructure plans, and vaccine-induced euphoria, though he warns of potential inflation and aggressive interest rate hikes. He also addresses concerns about the growing influence of shadow banking and big tech in finance, China's perception of American decline, and the complexities of addressing climate change. Dimon's annual letter also touched on remote work reducing office space needs, cybersecurity spending, and specific tax loopholes he believes should be closed.",,The New York Times,General,The New York Times,"[{'topic': 'economy_macro', 'relevance_score': '0.904015'}, {'topic': 'finance', 'relevance_score': '0.804144'}, {'topic': 'economy_monetary', 'relevance_score': '0.739443'}, {'topic': 'financial_markets', 'relevance_score': '0.606660'}]",0.326765,Somewhat-Bullish,"[{'ticker': 'JPM', 'relevance_score': '1.000000', 'ticker_sentiment_score': '0.428540', 'ticker_sentiment_label': 'Bullish'}, {'ticker': 'AMZN', 'relevance_score': '0.605927', 'ticker_sentiment_score': '0.321750', 'ticker_sentiment_label': 'Somewhat-Bullish'}, {'ticker': 'AAPL', 'relevance_score': '0.631030', 'ticker_sentiment_score': '0.330889', 'ticker_sentiment_label': 'Somewhat-Bullish'}, {'ticker': 'GOOGL', 'relevance_score': '0.634983', 'ticker_sentiment_score': '0.323230', 'ticker_sentiment_label': 'Somewhat-Bullish'}]"
Amazon's Growth at National Landing Has JBG SMITH in a Prime Position,https://www.reit.com/news/reit-magazine/march-april-2021/amazons-growth-national-landing-has-jbg-smith-prime-position,20210407T231406,['Sarah Borchersen-Keto'],"JBG SMITH CEO Matt Kelly discusses the company's strategic alignment with Amazon's growth at National Landing, focusing on the development of a tech-enhanced neighborhood. The article covers the progress of Amazon's HQ2, the importance of placemaking and digital infrastructure like 5G, and JBG SMITH's commitment to affordable housing and diversifying its asset portfolio. Kelly emphasizes the firm's ambition to transform National Landing into a leading live-work destination and address housing equity in the region.",https://www.reit.com/sites/default/files/media-images/REIT-MKelly-JBGSmith-37-980.jpg,Nareit,General,Nareit,"[{'topic': 'real_estate', 'relevance_score': '0.923590'}, {'topic': 'retail_wholesale', 'relevance_score': '0.636551'}, {'topic': 'technology', 'relevance_score': '0.634518'}, {'topic': 'economy_macro', 'relevance_score': '0.648202'}]",0.361981,Bullish,"[{'ticker': 'JBGS', 'relevance_score': '1.000000', 'ticker_sentiment_score': '0.403863', 'ticker_sentiment_label': 'Bullish'}, {'ticker': 'AMZN', 'relevance_score': '0.737966', 'ticker_sentiment_score': '0.300138', 'ticker_sentiment_label': 'Somewhat-Bullish'}]"
The tech billionaire who is putting women first,https://www.bbc.com/news/technology-56662100,20210407T231947,['Jane Wakefield'],"Whitney Wolfe Herd, founder of dating app Bumble, has become the world's youngest self-made female billionaire, ringing the Nasdaq bell with her baby on her hip. Having previously been a co-founder of Tinder before a sexual harassment case, she created Bumble with the premise that women initiate conversations in heterosexual matches, emphasizing a ""kinder, more accountable"" online space. Wolfe Herd, who owns an 11.6% stake in Bumble and also heads Badoo, has been notably open about her past experiences and is an advocate for a more respectful online environment, with Bumble actively working against issues like body shaming.",https://ichef.bbci.co.uk/news/480/cpsprodpb/1542E/production/_117868078_mediaitem117868077.jpg.webp,BBC,General,BBC,"[{'topic': 'ipo', 'relevance_score': '0.928702'}, {'topic': 'technology', 'relevance_score': '0.841779'}]",-0.144566,Neutral,"[{'ticker': 'MTCH', 'relevance_score': '0.834545', 'ticker_sentiment_score': '-0.223488', 'ticker_sentiment_label': 'Somewhat-Bearish'}, {'ticker': 'AMZN', 'relevance_score': '0.629888', 'ticker_sentiment_score': '-0.106902', 'ticker_sentiment_label': 'Neutral'}, {'ticker': 'WMT', 'relevance_score': '0.627914', 'ticker_sentiment_score': '-0.124749', 'ticker_sentiment_label': 'Neutral'}]"
微弱電流で鼻づまりを解消するデバイス、FDA承認｜Beyond Health｜ビヨンドヘルス,https://project.nikkeibp.co.jp/behealth/atcl/news/world/00051/,20210407T233337,['大石 有美'],米Tivic Health Systems社が開発したバイオエレクトロニクス健康デバイス「ClearUP Sinus Pain Relief」が、アレルギーやインフルエンザ、風邪による鼻づまりに対してもFDAの承認を取得しました。このデバイスは微弱電流を使用し、薬を使わずに副鼻腔の痛みや鼻づまりを緩和する携帯型機器で、臨床研究では鼻づまりの改善効果が示されています。現在、米国および海外で特許申請が進められており、既にCEマークも取得済みで、190カ国以上での販売が期待されています。,"https://cdn-project.nikkeibp.co.jp/behealth/atcl/news/world/00051/world_kanban.jpg?__scale=w:700,h:467&_sh=0b406202c0",日経BP,General,日経BP,"[{'topic': 'life_sciences', 'relevance_score': '0.935679'}, {'topic': 'technology', 'relevance_score': '0.809446'}]",0.395046,Bullish,"[{'ticker': 'TIVC', 'relevance_score': '1.000000', 'ticker_sentiment_score': '0.893018', 'ticker_sentiment_label': 'Bullish'}, {'ticker': 'BBY', 'relevance_score': '0.568773', 'ticker_sentiment_score': '0.221931', 'ticker_sentiment_label': 'Somewhat-Bullish'}, {'ticker': 'WMT', 'relevance_score': '0.578125', 'ticker_sentiment_score': '0.205117', 'ticker_sentiment_label': 'Somewhat-Bullish'}, {'ticker': 'AMZN', 'relevance_score': '0.553254', 'ticker_sentiment_score': '0.230978', 'ticker_sentiment_label': 'Somewhat-Bullish'}]"
"AB InBev, Werner Enterprises to test Embark driverless truck technology",https://www.cnbc.com/2021/04/08/ab-inbev-werner-enterprises-to-test-embark-autonomous-trucks.html,20210408T094500,['Lora Kolodny'],"Start-up Embark is partnering with major companies like AB InBev and Werner Enterprises to test and integrate its autonomous trucking technology within the ground freight industry. Embark, which has raised $117 million, aims to license its driverless systems to cargo haulers, focusing on making jobs safer and meeting e-commerce demands. The system, compatible with major truck manufacturers, targets long-haul ""middle miles"" to improve driver quality of life by allowing them more local routes.",https://image.cnbcfm.com/api/v1/image/105849916-1555109664360embarkself-drivingsemitruck.mp4.00_00_20_04.still002.jpg?v=1555109765&w=750&h=422&vtcrop=y,CNBC,General,CNBC,"[{'topic': 'technology', 'relevance_score': '1.000000'}, {'topic': 'energy_transportation', 'relevance_score': '0.816574'}, {'topic': 'retail_wholesale', 'relevance_score': '0.616611'}]",0.261722,Somewhat-Bullish,"[{'ticker': 'WERN', 'relevance_score': '0.934725', 'ticker_sentiment_score': '0.301075', 'ticker_sentiment_label': 'Somewhat-Bullish'}, {'ticker': 'AMZN', 'relevance_score': '0.637832', 'ticker_sentiment_score': '0.220657', 'ticker_sentiment_label': 'Somewhat-Bullish'}]"
Genworth Financial terminates merger deal with Chinese company,https://wset.com/news/local/genworth-financial-terminates-merger-deal-with-chinese-company-china-oceanwide-holdings-group-lynchburg-richmond-virginia,20210408T121700,['Elizabeth Thomas'],"Genworth Financial has terminated its $2.7 billion merger agreement with China Oceanwide Holdings Group, a deal that had been in the works for over four years. The decision was made due to numerous delays, primarily caused by state and federal insurance regulators, and will allow Genworth to pursue its revised strategic plan, including a potential partial initial public offering of its U.S. business. The company, which employs thousands in Virginia, expressed disappointment but emphasized the need for clarity regarding its future ownership.",https://wset.com/resources/media/3330f0aa-bca9-440a-a01a-f27eef5e0605-large16x9_genworth.PNG?1617898631066,WSET,General,WSET,"[{'topic': 'mergers_and_acquisitions', 'relevance_score': '0.949571'}, {'topic': 'ipo', 'relevance_score': '0.740703'}, {'topic': 'finance', 'relevance_score': '0.629340'}]",-0.234852,Somewhat-Bearish,"[{'ticker': 'GNW', 'relevance_score': '1.000000', 'ticker_sentiment_score': '-0.531240', 'ticker_sentiment_label': 'Bearish'}, {'ticker': 'AMZN', 'relevance_score': '0.619349', 'ticker_sentiment_score': '0.126986', 'ticker_sentiment_label': 'Neutral'}]"
Target to spend more than $2B in Black-owned businesses by 2025,https://www.foxbusiness.com/retail/target-to-spend-more-than-2b-in-black-owned-businesses-by-2025,20210408T124100,['Lucas Manfredi'],"Target has announced a commitment to invest over $2 billion in Black-owned businesses by 2025, which includes supporting various enterprises from marketing agencies to construction companies. The initiative also features the ""Forward Founders"" program, offering expertise and workshops to help Black entrepreneurs develop products and expand their retail presence. This move is part of Target's broader efforts toward social justice and racial equity, including increasing Black team member representation and supporting programs to dismantle systemic racism.",https://a57.foxnews.com/cf-images.us-east-1.prod.boltdns.net/v1/static/694940094001/21194322-329e-4f59-a681-f92f9963b8ab/0c27b721-8c84-4992-808e-052143ed38ca/1280x720/match/320/180/image.jpg?pubId=854081161001?ve=1&tl=1,Fox Business,General,Fox Business,"[{'topic': 'retail_wholesale', 'relevance_score': '0.949111'}, {'topic': 'economy_macro', 'relevance_score': '0.603807'}]",0.180116,Somewhat-Bullish,"[{'ticker': 'TGT', 'relevance_score': '1.000000', 'ticker_sentiment_score': '0.432103', 'ticker_sentiment_label': 'Bullish'}, {'ticker': 'AMZN', 'relevance_score': '0.627467', 'ticker_sentiment_score': '0.108444', 'ticker_sentiment_label': 'Neutral'}, {'ticker': 'WMT', 'relevance_score': '0.631907', 'ticker_sentiment_score': '-0.126011', 'ticker_sentiment_label': 'Neutral'}]"
Best Buy launches new $200 membership program with free device installation to fight Amazon,https://6abc.com/post/best-buy-annual-membership-program-free-device-installations-concierge-service-tech-support/10497153/,20210408T225426,"['Nathaniel Meyersohn', 'CNN Business']","Best Buy is launching a new $199.99 annual membership program called ""Best Buy Beta"" which includes free device installations, tech support, free shipping, extended returns, and exclusive sales. This initiative aims to retain customers in the competitive electronics market and generate recurring revenue, similar to Amazon Prime and Walmart+. The program will pilot in about 60 stores across six states and is expected to eventually replace Best Buy's existing Total Tech Support program.",,6abc Philadelphia,General,6abc Philadelphia,"[{'topic': 'retail_wholesale', 'relevance_score': '0.917747'}, {'topic': 'technology', 'relevance_score': '0.800331'}, {'topic': 'earnings', 'relevance_score': '0.739031'}, {'topic': 'economy_macro', 'relevance_score': '0.624100'}]",0.134796,Neutral,"[{'ticker': 'BBY', 'relevance_score': '1.000000', 'ticker_sentiment_score': '0.277284', 'ticker_sentiment_label': 'Somewhat-Bullish'}, {'ticker': 'AMZN', 'relevance_score': '0.741331', 'ticker_sentiment_score': '0.091157', 'ticker_sentiment_label': 'Neutral'}, {'ticker': 'WMT', 'relevance_score': '0.619706', 'ticker_sentiment_score': '0.063424', 'ticker_sentiment_label': 'Neutral'}]"
Amazon Adding More Than 700 CNG Trucks,https://tanktransport.com/2021/04/amazon-adding-more-than-700-cng-trucks/,20210408T225904,['TankTransport'],"Amazon is expanding its fleet with over 700 compressed natural gas (CNG) trucks to reduce emissions. These new Class 6 and Class 8 trucks will utilize engines supplied by Cummins Westport, a joint venture focused on natural gas engine technology. This move aligns with the trucking sector's increasing shift towards cleaner fuels to meet climate goals, especially given the spike in delivery activity due to COVID-19.",https://9bfe0c42.delivery.rocketcdn.me/wp-content/uploads/2019/07/Amazon-Prime-BigRig.jpg,Tank Transport,General,Tank Transport,"[{'topic': 'energy_transportation', 'relevance_score': '0.916252'}, {'topic': 'retail_wholesale', 'relevance_score': '0.823121'}, {'topic': 'manufacturing', 'relevance_score': '0.637512'}]",0.267158,Somewhat-Bullish,"[{'ticker': 'CMI', 'relevance_score': '0.932919', 'ticker_sentiment_score': '0.308862', 'ticker_sentiment_label': 'Somewhat-Bullish'}, {'ticker': 'AMZN', 'relevance_score': '0.820034', 'ticker_sentiment_score': '0.205311', 'ticker_sentiment_label': 'Somewhat-Bullish'}]"
Corsair K70 RGB TKL Review: Little Wonder,https://www.tomshardware.com/reviews/corsair-k70-rgb-tkl-gaming-keyboard,20210408T230011,"['Natasha ""Zombaekillz"" Zinda']","The Corsair K70 RGB TKL is lauded as a powerful, compact gaming keyboard, praised for its durable build, premium keycaps, and useful media controls. While its 8,000 Hz polling rate's benefit wasn't immediately apparent to the reviewer, the keyboard's overall quality and features, including per-key RGB customization and a tournament switch, justify its $140 price tag for competitive gamers. Its TKL form factor and responsive Cherry MX switches contribute to an enhanced gaming experience by reducing hand fatigue and providing ample mouse space.",https://cdn.mos.cms.futurecdn.net/RjAtd6FBZKSWJ8eUbYjMvD.jpg,Tom's Hardware,General,Tom's Hardware,"[{'topic': 'technology', 'relevance_score': '0.913984'}]",0.214954,Somewhat-Bullish,"[{'ticker': 'CRSR', 'relevance_score': '0.940250', 'ticker_sentiment_score': '0.429019', 'ticker_sentiment_label': 'Bullish'}, {'ticker': 'BBY', 'relevance_score': '0.612555', 'ticker_sentiment_score': '0.122973', 'ticker_sentiment_label': 'Neutral'}, {'ticker': 'AMZN', 'relevance_score': '0.619544', 'ticker_sentiment_score': '0.113294', 'ticker_sentiment_label': 'Neutral'}, {'ticker': 'WMT', 'relevance_score': '0.602515', 'ticker_sentiment_score': '0.142788', 'ticker_sentiment_label': 'Neutral'}]"
El Paso businessman Paul Foster drops on Forbes' latest billionaires list,https://www.elpasotimes.com/story/money/2021/04/08/el-paso-businessman-paul-foster-drops-in-forbes-billionaires-list/7143311002/,20210408T231919,['Vic Kolenc'],"El Paso businessman Paul Foster dropped to No. 1,833 on Forbes' latest list of the world's billionaires, despite his net worth increasing from $1.4 billion in 2020 to $1.7 billion in 2021. He remains the only El Pasoan on the list, which is topped by Jeff Bezos and Elon Musk. Foster's wealth primarily comes from the sale of Western Refining and his subsequent ventures in real estate development, construction, oil and gas, and sports team ownership.",,El Paso Times,General,El Paso Times,"[{'topic': 'real_estate', 'relevance_score': '0.709657'}, {'topic': 'energy_transportation', 'relevance_score': '0.718969'}]",-0.048984,Neutral,"[{'ticker': 'MPC', 'relevance_score': '0.805922', 'ticker_sentiment_score': '0.134975', 'ticker_sentiment_label': 'Neutral'}, {'ticker': 'AMZN', 'relevance_score': '0.612816', 'ticker_sentiment_score': '-0.128712', 'ticker_sentiment_label': 'Neutral'}, {'ticker': 'TSLA', 'relevance_score': '0.603359', 'ticker_sentiment_score': '-0.126657', 'ticker_sentiment_label': 'Neutral'}]"
"Ubiquiti Promised Premium, Secure Routers; Then They Were Hacked",https://www.lifewire.com/ubiquiti-promised-premium-secure-routers-then-they-were-hacked-5121136,20210408T233522,['Matthew S. Smith'],"Ubiquiti, a company specializing in networking hardware, experienced a security breach that compromised customer data. The incident highlights the risks associated with cloud-based hardware that forces users to create online accounts, a trend also seen with products from Amazon and Google. Security experts suggest that locally controlled hardware is a more secure alternative, as it offers users more control over their data and privacy.",https://www.lifewire.com/thmb/n6VOJErNPy-81e2kE4-1Iq7SCCU=/1500x0/filters:no_upscale():max_bytes(150000):strip_icc()/ubiquitidreammachine-d5a2a762e8ab4ed1837be0295b2c6301.jpg,Lifewire,General,Lifewire,"[{'topic': 'technology', 'relevance_score': '0.907153'}]",-0.126279,Neutral,"[{'ticker': 'UI', 'relevance_score': '0.347129', 'ticker_sentiment_score': '0.013110', 'ticker_sentiment_label': 'Neutral'}, {'ticker': 'AMZN', 'relevance_score': '0.617207', 'ticker_sentiment_score': '-0.161760', 'ticker_sentiment_label': 'Somewhat-Bearish'}, {'ticker': 'GOOGL', 'relevance_score': '0.639042', 'ticker_sentiment_score': '-0.174368', 'ticker_sentiment_label': 'Somewhat-Bearish'}]"
UNFI launches its digital marketplace,https://www.grocerydive.com/news/unfi-launches-its-digital-marketplace/598046/,20210408T233528,['Jeff Wells'],"United Natural Foods, Inc. (UNFI) has launched its new digital marketplace, Community Marketplace, to expand its product assortment beyond core items. This platform, engineered by Mirakl and accessible via UNFI’s Easy Options site, focuses on offering ""hyperlocal"" products from emerging brands to small and medium-sized retailers. The initiative aims to meet growing online demand and align with the ""endless aisles"" strategies adopted by other major grocers like Kroger and Albertsons.",https://imgproxy.divecdn.com/IcFVlIDuJNdd77kcOM3KoXY1GgXGmNOAAiwZ5DIw9Ig/g:ce/rs:fill:1200:675:1/Z3M6Ly9kaXZlc2l0ZS1zdG9yYWdlL2RpdmVpbWFnZS9TY3JlZW5fU2hvdF8yMDIxLTA0LTA4X2F0XzYuMjcuMTRfQU0ucG5n.webp,Grocery Dive,General,Grocery Dive,"[{'topic': 'retail_wholesale', 'relevance_score': '0.939809'}, {'topic': 'technology', 'relevance_score': '0.800068'}, {'topic': 'earnings', 'relevance_score': '0.727818'}]",0.314198,Somewhat-Bullish,"[{'ticker': 'UNFI', 'relevance_score': '1.000000', 'ticker_sentiment_score': '0.433719', 'ticker_sentiment_label': 'Bullish'}, {'ticker': 'KR', 'relevance_score': '0.613747', 'ticker_sentiment_score': '0.307437', 'ticker_sentiment_label': 'Somewhat-Bullish'}, {'ticker': 'AMZN', 'relevance_score': '0.620843', 'ticker_sentiment_score': '0.213216', 'ticker_sentiment_label': 'Somewhat-Bullish'}]"
"Three Philadelphians make Forbes' 2021 billionaire's list: Victoria Mars, Brian Roberts and Richard Hayne",https://www.phillyvoice.com/three-philadelphians-made-forbes-billionaire-list/,20210408T233539,['Hannah Kanik'],"Forbes has released its 2021 World's Billionaires List, revealing that despite global economic turmoil caused by the pandemic, the world's wealthiest individuals have become 86% richer. Three Philadelphians, Victoria Mars, Brian Roberts, and Richard Hayne, made the list, representing major companies like Mars Inc., Comcast, and Urban Outfitters. The list grew significantly this year, adding 660 new billionaires, including a record number of women.",https://media.phillyvoice.com/media/images/040821-philly-billionaires.2e16d0ba.fill-735x490.jpg,PhillyVoice,General,PhillyVoice,"[{'topic': 'economy_macro', 'relevance_score': '0.915385'}, {'topic': 'finance', 'relevance_score': '0.837065'}, {'topic': 'retail_wholesale', 'relevance_score': '0.726848'}]",0.255331,Somewhat-Bullish,"[{'ticker': 'URBN', 'relevance_score': '1.000000', 'ticker_sentiment_score': '0.325560', 'ticker_sentiment_label': 'Somewhat-Bullish'}, {'ticker': 'CMCSA', 'relevance_score': '0.800309', 'ticker_sentiment_score': '0.298838', 'ticker_sentiment_label': 'Somewhat-Bullish'}, {'ticker': 'AMZN', 'relevance_score': '0.749632', 'ticker_sentiment_score': '0.334461', 'ticker_sentiment_label': 'Somewhat-Bullish'}, {'ticker': 'MSFT', 'relevance_score': '0.644176', 'ticker_sentiment_score': '0.303341', 'ticker_sentiment_label': 'Somewhat-Bullish'}, {'ticker': 'KO', 'relevance_score': '0.566910', 'ticker_sentiment_score': '-0.118487', 'ticker_sentiment_label': 'Neutral'}]"
Betting on Small Companies Yielded Big Returns (Published 2021),https://www.nytimes.com/2021/04/09/business/mutfund/betting-on-small-companies-yielded-big-returns.html,20210409T000000,['Tim Gray'],"This article highlights how three small-cap value funds achieved significant returns in the first quarter of 2021 by taking on higher risks. Fund managers from Kinetics Small-Cap Opportunities, Hartford Small-Cap Value, and American Century Small-Cap Value discuss their investment strategies, which include concentrated holdings, focus on free cash flow, and identifying undervalued companies in various sectors. The funds' performance significantly outpaced the S&P 500, demonstrating the potential rewards of small-cap value investing.",,The New York Times,General,The New York Times,"[{'topic': 'financial_markets', 'relevance_score': '0.910513'}, {'topic': 'earnings', 'relevance_score': '0.835431'}, {'topic': 'finance', 'relevance_score': '0.749752'}]",0.477055,Bullish,"[{'ticker': 'TPL', 'relevance_score': '0.986096', 'ticker_sentiment_score': '0.790452', 'ticker_sentiment_label': 'Bullish'}, {'ticker': 'AMZN', 'relevance_score': '0.632660', 'ticker_sentiment_score': '0.349162', 'ticker_sentiment_label': 'Somewhat-Bullish'}, {'ticker': 'TSLA', 'relevance_score': '0.570381', 'ticker_sentiment_score': '0.262485', 'ticker_sentiment_label': 'Somewhat-Bullish'}]"
Amazon will open delivery center in former Haldex facility in Blue Springs,https://www.bizjournals.com/kansascity/news/2021/04/09/amazon-blue-springs-delivery-center-haldex.html,20210409T225218,['Thomas Friestad'],"Amazon will open its ninth Kansas City-area facility, a 70,000-square-foot delivery center, in late 2021. The new center will be located in the former Haldex Brake Products Corp. building in Blue Springs. This expansion marks another significant investment by Amazon in the Kansas City metropolitan area.",https://media.bizj.us/view/img/11986892/amazon-stoughton-13*900xx6197-3486-0-238.jpg,The Business Journals,General,The Business Journals,"[{'topic': 'retail_wholesale', 'relevance_score': '0.803212'}, {'topic': 'real_estate', 'relevance_score': '0.746088'}, {'topic': 'manufacturing', 'relevance_score': '0.604013'}]",0.47234,Bullish,"[{'ticker': 'AMZN', 'relevance_score': '1.000000', 'ticker_sentiment_score': '0.480622', 'ticker_sentiment_label': 'Bullish'}]"
"QVC complex in West Hempfield sold for $15M; future tenant could create up to 1,000 jobs",https://lancasteronline.com/business/local_business/qvc-complex-in-west-hempfield-sold-for-15m-future-tenant-could-create-up-to-1/article_4148c742-9977-11eb-8a5c-77de8ff23484.html,20210410T210621,['TIM MEKEEL | Staff Writer'],"A New York-based real estate investment firm, Saadia Group, has purchased the QVC distribution center in West Hempfield for $15.5 million. Saadia Group is negotiating a lease with an unidentified tenant expected to create 300 to 1,000 jobs, largely replacing the 1,100 jobs lost due to QVC's wind-down. The tenant is slated to begin operations by the end of the year in the 765,000-square-foot complex.",NULL,LancasterOnline,General,LancasterOnline,"[{'topic': 'real_estate', 'relevance_score': '1.000000'}, {'topic': 'retail_wholesale', 'relevance_score': '0.934960'}, {'topic': 'mergers_and_acquisitions', 'relevance_score': '0.829551'}]",-0.115137,Neutral,"[{'ticker': 'QVCGA', 'relevance_score': '1.000000', 'ticker_sentiment_score': '-0.432401', 'ticker_sentiment_label': 'Bearish'}, {'ticker': 'AMZN', 'relevance_score': '0.711996', 'ticker_sentiment_score': '0.104330', 'ticker_sentiment_label': 'Neutral'}, {'ticker': 'HD', 'relevance_score': '0.614624', 'ticker_sentiment_score': '0.146580', 'ticker_sentiment_label': 'Neutral'}]"
"Flash deal: 50% off H&R Block tax software for Mac, Windows",https://appleinsider.com/articles/21/04/11/flash-deal-50-off-hr-block-tax-software-for-mac-windows,20210411T020400,['Christine McKee'],"B&H Photo is offering 50% off H&R Block 2020 Deluxe + State tax software for Mac and Windows for 24 hours. The deal reduces the price from $44.95 to $22.49, significantly cheaper than Amazon or H&R Block's own pricing. This flash sale comes as the federal tax deadline was extended to May 17, providing an opportunity for those still needing to complete their taxes.",https://photos5.appleinsider.com/gallery/41313-80114-hr-block-deal-zone-copy-xl.jpg,AppleInsider,General,AppleInsider,"[{'topic': 'economy_fiscal', 'relevance_score': '0.908344'}, {'topic': 'retail_wholesale', 'relevance_score': '0.738480'}, {'topic': 'technology', 'relevance_score': '0.811982'}]",0.23594,Somewhat-Bullish,"[{'ticker': 'HRB', 'relevance_score': '0.944642', 'ticker_sentiment_score': '0.334540', 'ticker_sentiment_label': 'Somewhat-Bullish'}, {'ticker': 'AMZN', 'relevance_score': '0.635046', 'ticker_sentiment_score': '0.110593', 'ticker_sentiment_label': 'Neutral'}]"
Garmin co-founder Min Kao lands on Forbes’ top billionaires list once again,https://fox4kc.com/news/garmin-co-founder-min-kao-lands-on-forbes-top-billionaires-list-once-again/,20210412T050300,['Ellen Cagle - Kansas City Business Journal'],"Garmin Ltd. co-founder and Executive Chairman Min Kao was once again included in Forbes' list of top billionaires for 2021, with a net worth of $4.5 billion. Despite his net worth increasing by $1 billion, his ranking on the list fell from 538 last year to 638. Forbes calculates net worths using stock prices and exchange rates from March 5 for its annual list.",https://fox4kc.com/wp-content/uploads/sites/16/2020/08/garmin.jpg?w=1920&h=1080&crop=1,FOX4KC.com,General,FOX4KC.com,"[{'topic': 'finance', 'relevance_score': '0.809363'}]",0.131479,Neutral,"[{'ticker': 'GRMN', 'relevance_score': '0.945140', 'ticker_sentiment_score': '0.144573', 'ticker_sentiment_label': 'Neutral'}, {'ticker': 'AMZN', 'relevance_score': '0.613664', 'ticker_sentiment_score': '0.101838', 'ticker_sentiment_label': 'Neutral'}]"
"Nvidia announces Omniverse Enterprise suite for real-time, photorealistic graphics design",https://siliconangle.com/2021/04/12/nvidia-announces-omniverse-enterprise-suite-photo-realistic-graphics-design-real-time/,20210412T120000,"['Mike Wheatley', 'Robert Hof']","Nvidia introduced Omniverse Enterprise, a new suite designed for real-time collaborative 3D design and graphics rendering. This platform enables geographically dispersed teams to work together on complex projects, leveraging photorealistic rendering and real-time ray tracing. Key components include Omniverse Nucleus, Connectors for third-party apps, and Nvidia's own Create and View applications, with companies like BMW Group and Ericsson already using it for digital twin creation and 5G network simulation.",,SiliconANGLE,General,SiliconANGLE,"[{'topic': 'technology', 'relevance_score': '1.000000'}]",0.236142,Somewhat-Bullish,"[{'ticker': 'NVDA', 'relevance_score': '1.000000', 'ticker_sentiment_score': '0.424990', 'ticker_sentiment_label': 'Bullish'}, {'ticker': 'AMZN', 'relevance_score': '0.616678', 'ticker_sentiment_score': '0.109544', 'ticker_sentiment_label': 'Neutral'}, {'ticker': 'MSFT', 'relevance_score': '0.645095', 'ticker_sentiment_score': '0.141190', 'ticker_sentiment_label': 'Neutral'}]"
Nvidia to directly challenge Intel with Arm-based 'Grace' server chip,https://www.reuters.com/technology/nvidia-directly-challenge-intel-with-arm-based-grace-server-chip-2021-04-12/,20210412T173100,['Reuters and Stephen Nellis'],"Nvidia Corp announced its plan to develop an Arm-based server processor chip called ""Grace,"" directly challenging Intel in the data center market. This move intensifies competition with Intel and adds complexity to the antitrust review of Nvidia's $40 billion acquisition of Arm. The new server chip, expected in 2023, is designed for artificial intelligence algorithms, further solidifying Nvidia's focus on AI computing.",https://www.reuters.com/resizer/v2/https%3A%2F%2Fcloudfront-us-east-2.images.arcpublishing.com%2Freuters%2FBXFKDXXQWNP4RBYBDB73Y23T5M.jpg?auth=d28d022b72458e0be2cbff501099ee063dcd2f3dbf5b13aa421e427d11756592&width=1200&height=628&format=jpeg&quality=85&smart=true,Reuters,General,Reuters,"[{'topic': 'technology', 'relevance_score': '0.939115'}, {'topic': 'mergers_and_acquisitions', 'relevance_score': '0.804421'}]",0.10974,Neutral,"[{'ticker': 'INTC', 'relevance_score': '0.921583', 'ticker_sentiment_score': '-0.324006', 'ticker_sentiment_label': 'Somewhat-Bearish'}, {'ticker': 'NVDA', 'relevance_score': '0.851421', 'ticker_sentiment_score': '0.328016', 'ticker_sentiment_label': 'Somewhat-Bullish'}, {'ticker': 'AMD', 'relevance_score': '0.642495', 'ticker_sentiment_score': '0.124704', 'ticker_sentiment_label': 'Neutral'}, {'ticker': 'AMZN', 'relevance_score': '0.552566', 'ticker_sentiment_score': '0.180960', 'ticker_sentiment_label': 'Somewhat-Bullish'}]"
Domino's Enlists Robots to Help Deliver Pizza in Houston,https://people.com/food/dominos-enlists-robots-deliver-pizza/,20210412T182300,['Glenn Garner'],"Domino's is launching autonomous pizza delivery in Houston, partnering with Nuro, a self-driving delivery company. Select customers in the Woodland Heights area can have their pizza delivered by the Nuro R2 robot, the first autonomous, passengerless on-road delivery vehicle approved by the Department of Transportation. This initiative aims to help Domino's learn how customers interact with the robots and how autonomous delivery impacts store operations.",NULL,People.com,General,People.com,"[{'topic': 'retail_wholesale', 'relevance_score': '0.821499'}, {'topic': 'technology', 'relevance_score': '0.801047'}, {'topic': 'energy_transportation', 'relevance_score': '0.748868'}]",0.231763,Somewhat-Bullish,"[{'ticker': 'DPZ', 'relevance_score': '0.953356', 'ticker_sentiment_score': '0.410369', 'ticker_sentiment_label': 'Bullish'}, {'ticker': 'UBER', 'relevance_score': '0.645617', 'ticker_sentiment_score': '0.232278', 'ticker_sentiment_label': 'Somewhat-Bullish'}, {'ticker': 'AMZN', 'relevance_score': '0.580929', 'ticker_sentiment_score': '0.118230', 'ticker_sentiment_label': 'Neutral'}, {'ticker': 'DASH', 'relevance_score': '0.592862', 'ticker_sentiment_score': '0.101662', 'ticker_sentiment_label': 'Neutral'}]"
MMIT Payer Portrait: UnitedHealthcare,https://aishealth.mmitnetwork.com/blogs/spotlight-on-market-access/mmit-payer-portrait-unitedhealthcare,20210412T212750,['AIS Health'],"UnitedHealthcare (UHC) is the largest health insurer in the U.S., significantly expanding its presence across various markets, including Medicare Advantage. Its pharmacy benefits are managed by OptumRx, which has driven industry-wide integration through acquisitions like Diplomat Specialty Pharmacy and DivvyDose. UHC's planned acquisition of Change Healthcare faces regulatory scrutiny due to antitrust concerns raised by the American Hospital Association.",,AIS Health,General,AIS Health,"[{'topic': 'life_sciences', 'relevance_score': '0.919417'}, {'topic': 'mergers_and_acquisitions', 'relevance_score': '0.812729'}, {'topic': 'finance', 'relevance_score': '0.714074'}, {'topic': 'earnings', 'relevance_score': '0.648030'}]",0.179158,Somewhat-Bullish,"[{'ticker': 'UNH', 'relevance_score': '1.000000', 'ticker_sentiment_score': '0.272290', 'ticker_sentiment_label': 'Somewhat-Bullish'}, {'ticker': 'AMZN', 'relevance_score': '0.622575', 'ticker_sentiment_score': '0.108975', 'ticker_sentiment_label': 'Neutral'}, {'ticker': 'CVS', 'relevance_score': '0.608152', 'ticker_sentiment_score': '0.130312', 'ticker_sentiment_label': 'Neutral'}, {'ticker': 'CI', 'relevance_score': '0.647682', 'ticker_sentiment_score': '0.145212', 'ticker_sentiment_label': 'Neutral'}]"
"Impact Shares NAACP Minority Empowerment ETF (NACP) Stock Price, Quote, News & History",https://www.benzinga.com/quote/NACP,20210412T214816,[],"This article provides detailed financial information, news, and historical data for the Impact Shares NAACP Minority Empowerment ETF (NACP). It includes key statistics like AUM, dividend, volume, and P/E ratio, along with recent news and a FAQ section covering how to buy, competitors, and dividend information. The ETF focuses on investing in large and mid-capitalization companies that empower minorities, aiming for similar risk and return characteristics to the Morningstar US Large-Mid Cap Index.",https://image-util.benzinga.com/api/v2/logos/file/image/1722388/mark_composite_light__629c4e9f3ca4c5e5590b88b7c916f5bb.png?height=60&max_width=&width=60&x-bz-cred=sb~wxmlEtLqp6f7KBc6jCo3DSlLWfPXI5GMePhdDugklRxger05o7NmWrSQuIixtRl44ULyN5Rpw1LzI7Y1um5O1ve-nfDxoD5hth8xNT2UbY1mQi82Bmhrd7j019MbGYYxHy8cnp0YijGsvzmErFPxSo9-W-Ux&x-bz-exp=1776981014&x-bz-security-isin=&x-bz-security-symbol=NACP&x-bz-signature=feacaa0a1f7c31e76a0896399cfc925e37d50645d05564b36f76187a662fbd6e,Benzinga,General,Benzinga,"[{'topic': 'financial_markets', 'relevance_score': '0.934918'}, {'topic': 'finance', 'relevance_score': '0.811708'}, {'topic': 'technology', 'relevance_score': '0.730768'}]",0.106365,Neutral,"[{'ticker': 'NACP', 'relevance_score': '1.000000', 'ticker_sentiment_score': '0.109714', 'ticker_sentiment_label': 'Neutral'}, {'ticker': 'AMD', 'relevance_score': '0.745043', 'ticker_sentiment_score': '-0.216146', 'ticker_sentiment_label': 'Somewhat-Bearish'}, {'ticker': 'NVDA', 'relevance_score': '0.612677', 'ticker_sentiment_score': '0.334363', 'ticker_sentiment_label': 'Somewhat-Bullish'}, {'ticker': 'MSFT', 'relevance_score': '0.604526', 'ticker_sentiment_score': '0.109749', 'ticker_sentiment_label': 'Neutral'}, {'ticker': 'AMZN', 'relevance_score': '0.609648', 'ticker_sentiment_score': '0.133138', 'ticker_sentiment_label': 'Neutral'}]"
"Amazon confirms plans for three Charlotte-area locations, including one fulfillment center over 1 million square feet",https://www.bizjournals.com/charlotte/news/2021/04/12/amazon-confirms-plans-three-new-location-pineville.html,20210412T225218,['Collin Huguley'],Amazon has announced plans for three new facilities in the Charlotte area: a fulfillment center in Pineville and two delivery stations in Charlotte. These projects are expected to create hundreds of jobs and will collectively span over 1.3 million square feet. The Pineville fulfillment center will be part of the new 288-acre Carolina Logistics Park.,https://media.bizj.us/view/img/11695361/front-corner-zoomed-in*900xx3200-1800-0-1.jpg,The Business Journals,General,The Business Journals,"[{'topic': 'retail_wholesale', 'relevance_score': '0.941823'}, {'topic': 'real_estate', 'relevance_score': '0.824863'}, {'topic': 'manufacturing', 'relevance_score': '0.622953'}]",0.446041,Bullish,"[{'ticker': 'AMZN', 'relevance_score': '1.000000', 'ticker_sentiment_score': '0.405369', 'ticker_sentiment_label': 'Bullish'}]"
Guide to Budget Rental Car's Fastbreak Program,https://www.nerdwallet.com/travel/learn/budget-rental-car-fastbreak-program-guide,20210412T225723,"['Sally French', 'Kevin Berry']","Budget Rent a Car's Fastbreak program is a free loyalty program that offers benefits like faster reservations, expedited car returns, and access to unique promotions and discounts. While it doesn't offer free rentals directly, members can earn rewards coupons (Budget Bucks) and accumulate points or miles with airline and hotel loyalty programs. The article also provides other tips for maximizing discounts on Budget rentals, such as using specific credit cards, linking an Amazon account, and comparing prices through third-party services like Costco Travel.",https://www.nerdwallet.com/tachyon/2021/03/GettyImages-933172926.jpg?resize=1920%2C1152,NerdWallet,General,NerdWallet,"[{'topic': 'finance', 'relevance_score': '0.810689'}, {'topic': 'economy_macro', 'relevance_score': '0.602167'}, {'topic': 'energy_transportation', 'relevance_score': '0.730953'}]",0.218368,Somewhat-Bullish,"[{'ticker': 'CAR', 'relevance_score': '1.000000', 'ticker_sentiment_score': '0.186858', 'ticker_sentiment_label': 'Somewhat-Bullish'}, {'ticker': 'AMZN', 'relevance_score': '0.617910', 'ticker_sentiment_score': '0.315387', 'ticker_sentiment_label': 'Somewhat-Bullish'}, {'ticker': 'COST', 'relevance_score': '0.645273', 'ticker_sentiment_score': '0.284806', 'ticker_sentiment_label': 'Somewhat-Bullish'}, {'ticker': 'UAL', 'relevance_score': '0.570863', 'ticker_sentiment_score': '0.109363', 'ticker_sentiment_label': 'Neutral'}, {'ticker': 'LUV', 'relevance_score': '0.568091', 'ticker_sentiment_score': '0.135811', 'ticker_sentiment_label': 'Neutral'}]"
"Aldi, Costco Among World's Most Reputable Companies",https://progressivegrocer.com/aldi-costco-among-worlds-most-reputable-companies,20210412T225932,['Gina Acosta'],"Aldi and Costco have been recognized among the top 100 most reputable companies globally by RepTrak, making their first appearance on the list. The annual ranking, based on a survey of over 68,000 respondents, highlights the increasing importance of ESG initiatives and overall high reputation scores, especially in a challenging year. RepTrak's findings also show differences in perception across generations, with Millennials being the most positive and Gen Z the most skeptical.",https://assets1.progressivegrocer.com/images/v/max_width_1440/files/2021-04/IMG_0158.JPG,Progressive Grocer,General,Progressive Grocer,"[{'topic': 'retail_wholesale', 'relevance_score': '0.926718'}]",0.319037,Somewhat-Bullish,"[{'ticker': 'COST', 'relevance_score': '0.976955', 'ticker_sentiment_score': '0.402120', 'ticker_sentiment_label': 'Bullish'}, {'ticker': 'AMZN', 'relevance_score': '0.715959', 'ticker_sentiment_score': '0.349222', 'ticker_sentiment_label': 'Somewhat-Bullish'}, {'ticker': 'BMY', 'relevance_score': '0.611918', 'ticker_sentiment_score': '0.334345', 'ticker_sentiment_label': 'Somewhat-Bullish'}, {'ticker': 'LLY', 'relevance_score': '0.607612', 'ticker_sentiment_score': '0.312150', 'ticker_sentiment_label': 'Somewhat-Bullish'}, {'ticker': 'CSCO', 'relevance_score': '0.583225', 'ticker_sentiment_score': '0.263331', 'ticker_sentiment_label': 'Somewhat-Bullish'}]"
Sarasota's Earth's Ally brings organic products to home gardeners,https://www.heraldtribune.com/story/business/2021/04/12/sarasotas-earths-ally-brings-organic-products-home-gardeners/4799016001/,20210412T225952,['Vicki Dean'],"Earth's Ally, a Sarasota-based company founded in 2018, offers organic gardening products for home gardeners, initially sourcing solutions used by large organic farms. The company, led by CEO Scott Allshouse, has developed its own nontoxic weed killer and other plant care products, emphasizing safety for pollinators, pets, and children. Earth's Ally recently secured a nationwide distribution deal with Lowe's and aims to combat the misconception that natural products are ineffective.",https://www.heraldtribune.com/gcdn/presto/2021/03/17/NSHT/c77b8dce-f022-4f23-a0e8-78bbc1bce552-FLSAR-041921-BW_COVERSTORY_001.jpg?width=300&height=450&fit=crop&format=pjpg&auto=webp,Sarasota Herald-Tribune,General,Sarasota Herald-Tribune,"[{'topic': 'retail_wholesale', 'relevance_score': '0.843720'}, {'topic': 'life_sciences', 'relevance_score': '0.633796'}]",0.297048,Somewhat-Bullish,"[{'ticker': 'CPB', 'relevance_score': '0.603326', 'ticker_sentiment_score': '0.118373', 'ticker_sentiment_label': 'Neutral'}, {'ticker': 'LOW', 'relevance_score': '0.804060', 'ticker_sentiment_score': '0.409795', 'ticker_sentiment_label': 'Bullish'}, {'ticker': 'HD', 'relevance_score': '0.708474', 'ticker_sentiment_score': '0.332977', 'ticker_sentiment_label': 'Somewhat-Bullish'}, {'ticker': 'AMZN', 'relevance_score': '0.642658', 'ticker_sentiment_score': '0.248104', 'ticker_sentiment_label': 'Somewhat-Bullish'}]"
HP OfficeJet Pro 9015e All-in-One Printer Review,https://www.pcmag.com/reviews/hp-officejet-pro-9015e-all-in-one-printer,20210412T231116,['William Harrel'],"The HP OfficeJet Pro 9015e All-in-One Printer is an Editors' Choice award recipient, lauded for its excellent output quality, fast printing speeds, and competitive running costs, especially when paired with HP's Instant Ink program. Designed for light to medium-duty use in small offices, its main drawback is a single paper input source. The printer offers a feature-rich experience, including an auto-duplexing ADF and diverse connectivity options, making it a strong value proposition for budget-conscious small offices despite its minor flaws.",https://zdbb.net/l/z0WVjCBSEeGLoxIxOQVEwQ/,PCMag,General,PCMag,"[{'topic': 'technology', 'relevance_score': '1.000000'}]",0.219365,Somewhat-Bullish,"[{'ticker': 'HPQ', 'relevance_score': '0.937336', 'ticker_sentiment_score': '0.325811', 'ticker_sentiment_label': 'Somewhat-Bullish'}, {'ticker': 'AMZN', 'relevance_score': '0.626991', 'ticker_sentiment_score': '0.111059', 'ticker_sentiment_label': 'Neutral'}]"
The Biggest E-Commerce Players From China,https://www.statista.com/chart/22519/biggest-b2c-e-commerce-platforms-china/,20210412T231415,['Katharina Buchholz'],"This article identifies the biggest e-commerce players in China, highlighting Alibaba's dominant position through Taobao and Tmall in terms of global merchandise volumes. JD.com is noted as Alibaba's closest domestic competitor, known for its drone delivery efforts. While Alibaba's newer global platform, AliExpress, exists, its sales do not match those of its regional Chinese platforms.",https://cdn.statcdn.com/Infographic/images/normal/22519.jpeg,Statista,General,Statista,"[{'topic': 'retail_wholesale', 'relevance_score': '0.937136'}, {'topic': 'technology', 'relevance_score': '0.833064'}, {'topic': 'economy_macro', 'relevance_score': '0.609671'}]",0.129534,Neutral,"[{'ticker': 'JD', 'relevance_score': '0.993595', 'ticker_sentiment_score': '0.200513', 'ticker_sentiment_label': 'Somewhat-Bullish'}, {'ticker': 'AMZN', 'relevance_score': '0.716864', 'ticker_sentiment_score': '0.144477', 'ticker_sentiment_label': 'Neutral'}, {'ticker': 'COST', 'relevance_score': '0.564814', 'ticker_sentiment_score': '0.099172', 'ticker_sentiment_label': 'Neutral'}]"
In Depth: Can China Overtake U.S. to Become World’s Top Consumer?,https://www.caixinglobal.com/2021-04-13/in-depth-can-china-overtake-us-to-become-worlds-top-consumer-101690571.html,20210413T160900,['Guo Yingzhe'],"China is rapidly closing the gap with the U.S. to become the world's largest consumer market, driven by its large population and economic growth projections. While it leads in some categories like cars and smartphones, China still lags in overall household consumption, particularly in services and per capita spending. Achieving top consumer status depends on increasing household income, addressing income inequality, reducing high precautionary savings, and making housing more affordable.",https://img.caixin.com/2021-04-13/1618303323555915.jpg,Caixin Global,General,Caixin Global,"[{'topic': 'economy_macro', 'relevance_score': '1.000000'}, {'topic': 'retail_wholesale', 'relevance_score': '0.938647'}, {'topic': 'economy_fiscal', 'relevance_score': '0.831566'}, {'topic': 'real_estate', 'relevance_score': '0.735453'}, {'topic': 'finance', 'relevance_score': '0.602904'}]",0.178864,Somewhat-Bullish,"[{'ticker': 'JD', 'relevance_score': '0.854227', 'ticker_sentiment_score': '0.289988', 'ticker_sentiment_label': 'Somewhat-Bullish'}, {'ticker': 'AMZN', 'relevance_score': '0.649594', 'ticker_sentiment_score': '0.122753', 'ticker_sentiment_label': 'Neutral'}, {'ticker': 'WMT', 'relevance_score': '0.597238', 'ticker_sentiment_score': '0.140403', 'ticker_sentiment_label': 'Neutral'}]"
"Daytona area's Hyatt Brown, Jim France make Forbes billionaires list",https://www.news-journalonline.com/story/business/2021/04/13/two-daytona-beach-make-forbes-2021-billionaires-list/7155307002/,20210413T195150,['Clayton Park'],"Forbes' 2021 billionaires list includes two prominent figures from Daytona Beach: J. Hyatt Brown, chairman of Brown & Brown Inc., with an estimated net worth of $2 billion, and Jim France, chairman and CEO of NASCAR, valued at $1.8 billion. The article details their business achievements, philanthropic efforts, and how their wealth has evolved over time, noting their contributions to the local community. It also touches on Jeff Bezos retaining the top spot globally and Florida's overall representation on the list.",,Daytona Beach News-Journal,General,Daytona Beach News-Journal,"[{'topic': 'finance', 'relevance_score': '1.000000'}, {'topic': 'economy_macro', 'relevance_score': '0.703901'}]",0.370086,Bullish,"[{'ticker': 'BRO', 'relevance_score': '1.000000', 'ticker_sentiment_score': '0.411933', 'ticker_sentiment_label': 'Bullish'}, {'ticker': 'AMZN', 'relevance_score': '0.608745', 'ticker_sentiment_score': '0.301289', 'ticker_sentiment_label': 'Somewhat-Bullish'}]"
Manager Question of the Month: How Active Fund Managers Cope With Index Concentration,https://www.morningstar.com/funds/manager-question-month-how-active-fund-managers-cope-with-index-concentration,20210413T202216,['Linda Abu Mushrefova'],"This article discusses the challenges active fund managers face due to increasing index concentration, particularly in U.S. large-cap growth benchmarks dominated by a few technology companies. It explores how managers adapt their strategies, including considering a switch from diversified to nondiversified funds, and the trade-offs involved in maintaining performance against highly concentrated indexes while adhering to SEC diversification rules. The piece highlights various approaches taken by investment firms like T. Rowe Price and Wellington Management.",,Morningstar,General,Morningstar,"[{'topic': 'financial_markets', 'relevance_score': '0.947348'}]",0.123175,Neutral,"[{'ticker': 'GOOG', 'relevance_score': '0.819469', 'ticker_sentiment_score': '0.146012', 'ticker_sentiment_label': 'Neutral'}, {'ticker': 'GOOGL', 'relevance_score': '0.834864', 'ticker_sentiment_score': '0.148777', 'ticker_sentiment_label': 'Neutral'}, {'ticker': 'AAPL', 'relevance_score': '0.749060', 'ticker_sentiment_score': '0.104997', 'ticker_sentiment_label': 'Neutral'}, {'ticker': 'MSFT', 'relevance_score': '0.722505', 'ticker_sentiment_score': '0.121250', 'ticker_sentiment_label': 'Neutral'}, {'ticker': 'AMZN', 'relevance_score': '0.742061', 'ticker_sentiment_score': '0.003591', 'ticker_sentiment_label': 'Neutral'}]"
The Fastest-Growing Sport Might Surprise You,https://banyanhill.com/the-fastest-growing-sport-esport-surge/,20210413T202723,['Steve Fernandez'],"Esports are rapidly growing, attracting a massive global viewership and disrupting traditional sports. Despite its significant growth and investment from companies like Amazon (who bought Twitch for $970 million in 2014), the esports market is still early in its development, valued at $1.1 billion in 2021. Investors can gain exposure to this industry through ETFs like the Global X Video Games & Esports ETF (Nasdaq: HERO).",,Banyan Hill Publishing,General,Banyan Hill Publishing,"[{'topic': 'technology', 'relevance_score': '0.807021'}]",0.350223,Bullish,"[{'ticker': 'HERO', 'relevance_score': '1.000000', 'ticker_sentiment_score': '0.528239', 'ticker_sentiment_label': 'Bullish'}, {'ticker': 'AMZN', 'relevance_score': '0.747339', 'ticker_sentiment_score': '0.304634', 'ticker_sentiment_label': 'Somewhat-Bullish'}, {'ticker': 'GOOGL', 'relevance_score': '0.608611', 'ticker_sentiment_score': '0.205899', 'ticker_sentiment_label': 'Somewhat-Bullish'}]"
"Swvl’s co-founder and former CTO Ahmed Sabbah launches Telda, a Venmo-like app for Gen Z in Egypt",https://www.menabytes.com/telda-launch/,20210413T212140,['Zubair Naeem Paracha'],"Ahmed Sabbah, co-founder and former CTO of Swvl, has launched Telda, a fintech app aimed at Gen Z in Egypt, similar to Venmo. Telda offers digital accounts with a free Mastercard-powered card for online and in-store payments, cash withdrawals, and facilitates easy money transfers between users. The app has partnered with a local bank to operate in Egypt and plans to expand to Saudi Arabia soon.",,MENAbytes,General,MENAbytes,"[{'topic': 'finance', 'relevance_score': '1.000000'}, {'topic': 'technology', 'relevance_score': '0.805072'}]",0.137149,Neutral,"[{'ticker': 'SWVL', 'relevance_score': '1.000000', 'ticker_sentiment_score': '0.101078', 'ticker_sentiment_label': 'Neutral'}, {'ticker': 'AMZN', 'relevance_score': '0.632057', 'ticker_sentiment_score': '0.108460', 'ticker_sentiment_label': 'Neutral'}, {'ticker': 'META', 'relevance_score': '0.621563', 'ticker_sentiment_score': '0.109402', 'ticker_sentiment_label': 'Neutral'}, {'ticker': 'UBER', 'relevance_score': '0.739225', 'ticker_sentiment_score': '0.143462', 'ticker_sentiment_label': 'Neutral'}, {'ticker': 'MA', 'relevance_score': '0.710233', 'ticker_sentiment_score': '0.125789', 'ticker_sentiment_label': 'Neutral'}]"
Data processing units accelerate infrastructure performance,https://www.techtarget.com/searchdatacenter/feature/Data-processing-units-accelerate-infrastructure-performance,20210413T212710,['Daniel Robinson'],"Data processing units (DPUs) are emerging as a critical technology in data centers, offloading networking and communication tasks from CPUs to enhance infrastructure performance. This article explains how DPUs work, highlights key vendors like Fungible, Nvidia, AWS, and Nebulon, and discusses their role in software-defined infrastructure and future enterprise adoption.",,TechTarget,General,TechTarget,"[{'topic': 'technology', 'relevance_score': '0.907551'}]",0.188869,Somewhat-Bullish,"[{'ticker': 'TTGT', 'relevance_score': '0.304399', 'ticker_sentiment_score': '0.029900', 'ticker_sentiment_label': 'Neutral'}, {'ticker': 'NVDA', 'relevance_score': '0.887498', 'ticker_sentiment_score': '0.417807', 'ticker_sentiment_label': 'Bullish'}, {'ticker': 'INTC', 'relevance_score': '0.631203', 'ticker_sentiment_score': '0.194315', 'ticker_sentiment_label': 'Somewhat-Bullish'}, {'ticker': 'MSFT', 'relevance_score': '0.610492', 'ticker_sentiment_score': '0.123840', 'ticker_sentiment_label': 'Neutral'}, {'ticker': 'AMZN', 'relevance_score': '0.624890', 'ticker_sentiment_score': '0.125444', 'ticker_sentiment_label': 'Neutral'}]"
"For Two Vanguard ETFs, the Growth vs. Value Battle Roars On",https://www.etftrends.com/smart-beta-channel/vanguard-etfs-growth-value-battle-roars-on/,20210413T213156,['Ben Hernandez'],"The article highlights the ongoing ""growth vs. value"" debate by comparing two Vanguard ETFs: VUG (Growth) and VTV (Value). While VTV has shown stronger short-term performance with a significant year-to-date gain, VUG has historically outperformed VTV over longer periods, driven by its heavy tech holdings. The piece discusses the investment approaches and expense ratios of both funds.",,ETF Trends,General,ETF Trends,"[{'topic': 'financial_markets', 'relevance_score': '0.944478'}, {'topic': 'earnings', 'relevance_score': '0.727014'}]",0.202903,Somewhat-Bullish,"[{'ticker': 'VFVA', 'relevance_score': '0.302744', 'ticker_sentiment_score': '0.030659', 'ticker_sentiment_label': 'Neutral'}, {'ticker': 'AMZN', 'relevance_score': '0.643645', 'ticker_sentiment_score': '0.321719', 'ticker_sentiment_label': 'Somewhat-Bullish'}, {'ticker': 'AAPL', 'relevance_score': '0.642403', 'ticker_sentiment_score': '0.345134', 'ticker_sentiment_label': 'Somewhat-Bullish'}]"
"Getlabs, an at-home medical labs company, launches with a $3 million raise",https://techcrunch.com/2021/04/13/2137488/,20210413T230144,['Marcella McCarthy'],"Getlabs, a company offering at-home blood-drawing services, has secured $3 million in seed funding led by PivotNorth Capital. The company aims to eliminate the inconvenience of traditional lab visits, as 70% of medical decisions rely on lab results, but 30% of patients skip them due to inconvenience. The funding will support expansion into Phoenix, Philadelphia, and Dallas, with plans to partner with telemedicine services for a fully at-home healthcare experience.",https://techcrunch.com/wp-content/uploads/2021/04/unnamed.jpg?w=1024,TechCrunch,General,TechCrunch,"[{'topic': 'life_sciences', 'relevance_score': '0.919058'}, {'topic': 'finance', 'relevance_score': '0.743827'}, {'topic': 'technology', 'relevance_score': '0.714832'}]",0.240159,Somewhat-Bullish,"[{'ticker': 'DGX', 'relevance_score': '0.837521', 'ticker_sentiment_score': '0.200128', 'ticker_sentiment_label': 'Somewhat-Bullish'}, {'ticker': 'LH', 'relevance_score': '0.709923', 'ticker_sentiment_score': '0.236658', 'ticker_sentiment_label': 'Somewhat-Bullish'}, {'ticker': 'AMZN', 'relevance_score': '0.615830', 'ticker_sentiment_score': '0.247075', 'ticker_sentiment_label': 'Somewhat-Bullish'}]"
"Blue Nile Adds Chief Operating Officer, Other Execs",https://www.jckonline.com/editorial-article/blue-nile-chief-operating-officer/,20210413T230523,['Rob Bates'],"Blue Nile has announced several new executive appointments, including Jason Moss as Chief Operating Officer, Ben Abitbol as Senior Vice President of Supply Chain, and Anita Natarajan as Senior Vice President of International. The company also appointed Dominique Bourgault as Chief Financial Officer and Camille Cleveland as Senior Vice President and General Counsel in March 2020. These hires reflect Blue Nile's focus on strengthening its leadership team and expanding its global reach, particularly in China.",https://www.jckonline.com/wp-content/uploads/2021/04/Jason-Moss.jpg,JCK Magazine,General,JCK Magazine,"[{'topic': 'retail_wholesale', 'relevance_score': '0.805200'}]",0.080661,Neutral,"[{'ticker': 'EXPE', 'relevance_score': '0.323335', 'ticker_sentiment_score': '0.009015', 'ticker_sentiment_label': 'Neutral'}, {'ticker': 'AMZN', 'relevance_score': '0.564337', 'ticker_sentiment_score': '0.105349', 'ticker_sentiment_label': 'Neutral'}, {'ticker': 'UBER', 'relevance_score': '0.586988', 'ticker_sentiment_score': '0.145803', 'ticker_sentiment_label': 'Neutral'}]"
LGI Homes Opens Single-Family Home Sales at Pony Lake near Tacoma,https://builderonline.com/land/development/lgi-homes-opens-single-family-home-sales-at-pony-lake-near-tacoma_o,20210413T231631,['Mary Salmonsen'],"LGI Homes has launched sales for 39 new single-family homes at Pony Lake in Puyallup, Washington, near Tacoma. These homes, starting in the low $500,000s, offer various floor plans from 1,500 to 2,400 square feet with modern upgrades and convenient access to major employers and freeways. The community also features on-site amenities and views of Mount Rainier.",https://www.builderonline.com/wp-content/uploads/sites/2/2021/lgi-homes-washington-pony-lake-2197-henry-a-sch10.jpg?w=600,Builder Magazine,General,Builder Magazine,"[{'topic': 'real_estate', 'relevance_score': '0.900824'}, {'topic': 'economy_macro', 'relevance_score': '0.646679'}]",0.311844,Somewhat-Bullish,"[{'ticker': 'LGIH', 'relevance_score': '1.000000', 'ticker_sentiment_score': '0.441645', 'ticker_sentiment_label': 'Bullish'}, {'ticker': 'AMZN', 'relevance_score': '0.601114', 'ticker_sentiment_score': '0.239915', 'ticker_sentiment_label': 'Somewhat-Bullish'}, {'ticker': 'BA', 'relevance_score': '0.610640', 'ticker_sentiment_score': '0.204943', 'ticker_sentiment_label': 'Somewhat-Bullish'}]"
Dell announces long-awaited spinoff of VMware in $9B deal,https://siliconangle.com/2021/04/14/dell-announces-long-awaited-spinoff-vmware-9b-deal/,20210414T180934,['Robert Hof'],"Dell Technologies Inc. announced the long-expected spinoff of VMware Inc., its majority-owned computing virtualization company, in a deal set to create two standalone companies. The move, aimed at simplifying capital structures and unlocking shareholder value, will see VMware distribute a cash dividend of $11.5 billion to $12 billion, with $9.3 billion to $9.7 billion going to Dell to help pay down debt. While the two companies will remain commercially linked, analysts believe the separation will boost stock prices and allow both entities to pursue independent growth opportunities.",https://d15shllkswkct0.cloudfront.net/wp-content/blogs.dir/1/files/2021/04/dellvmware-800x442.png,SiliconANGLE,General,SiliconANGLE,"[{'topic': 'mergers_and_acquisitions', 'relevance_score': '0.900751'}, {'topic': 'financial_markets', 'relevance_score': '0.812735'}, {'topic': 'technology', 'relevance_score': '0.703658'}]",0.208579,Somewhat-Bullish,"[{'ticker': 'VMW', 'relevance_score': '1.000000', 'ticker_sentiment_score': '0.346143', 'ticker_sentiment_label': 'Somewhat-Bullish'}, {'ticker': 'DELL', 'relevance_score': '1.000000', 'ticker_sentiment_score': '0.446051', 'ticker_sentiment_label': 'Bullish'}, {'ticker': 'INTC', 'relevance_score': '0.615856', 'ticker_sentiment_score': '0.143659', 'ticker_sentiment_label': 'Neutral'}, {'ticker': 'AMZN', 'relevance_score': '0.632588', 'ticker_sentiment_score': '0.139703', 'ticker_sentiment_label': 'Neutral'}, {'ticker': 'MSFT', 'relevance_score': '0.607999', 'ticker_sentiment_score': '0.101788', 'ticker_sentiment_label': 'Neutral'}]"
Kroger Delivery Introduces America's First Customer Fulfillment Center,https://ir.kroger.com/news/news-details/2021/Kroger-Delivery-Introduces-Americas-First-Customer-Fulfillment-Center/default.aspx,20210414T203724,[],"Kroger is launching America's first Customer Fulfillment Center (CFC) in Monroe, OH, powered by Ocado Group's technology, to transform grocery e-commerce. This initiative leverages вертикал integration, machine learning, and robotics to offer affordable, fast delivery of fresh food, building on Kroger's digital business growth. The partnership with Ocado aims to expand Kroger's reach and provide seamless fulfillment capabilities across the U.S.",,Kroger,General,Kroger,"[{'topic': 'retail_wholesale', 'relevance_score': '1.000000'}, {'topic': 'technology', 'relevance_score': '0.820623'}]",0.290385,Somewhat-Bullish,"[{'ticker': 'KR', 'relevance_score': '1.000000', 'ticker_sentiment_score': '0.479480', 'ticker_sentiment_label': 'Bullish'}, {'ticker': 'WMT', 'relevance_score': '0.649252', 'ticker_sentiment_score': '0.222217', 'ticker_sentiment_label': 'Somewhat-Bullish'}, {'ticker': 'AMZN', 'relevance_score': '0.635375', 'ticker_sentiment_score': '0.216406', 'ticker_sentiment_label': 'Somewhat-Bullish'}]"
SK Telecom to split into mobile and non-mobile units,https://www.kedglobal.com/group-restructuring/newsView/ked202104140010,20210414T214507,"['Han-gyeol Seon', 'Min-jun Suh', 'Jin-seong Kim']","SK Telecom will split into two entities: a surviving unit focused on mobile, AI, and digital infrastructure, and a new investment firm overseeing non-telecom businesses like semiconductor, e-commerce, and mobility. This spin-off aims to boost the company's valuation, simplify its structure for increased investment in growth areas, and comply with upcoming revisions to the Fair Trade Act. The new entity will also be responsible for the IPOs of several affiliates, including SK Hynix, 11Street, ADT Caps, and T Map Mobility.",,KED Global,General,KED Global,"[{'topic': 'ipo', 'relevance_score': '0.946209'}, {'topic': 'mergers_and_acquisitions', 'relevance_score': '0.823910'}, {'topic': 'technology', 'relevance_score': '0.729361'}, {'topic': 'finance', 'relevance_score': '0.631937'}]",0.210564,Somewhat-Bullish,"[{'ticker': 'SKM', 'relevance_score': '1.000000', 'ticker_sentiment_score': '0.310242', 'ticker_sentiment_label': 'Somewhat-Bullish'}, {'ticker': 'AMZN', 'relevance_score': '0.632884', 'ticker_sentiment_score': '0.134231', 'ticker_sentiment_label': 'Neutral'}]"
Exclusive: Amazon leases part of a new Santa Clara office building,https://www.bizjournals.com/sanjose/news/2021/04/14/amazon-web-services-santa-clara-lease-office.html,20210414T225217,['Matthew Niksa'],"Amazon has leased a portion of a new six-story office building in Santa Clara for its consumer division and AWS cloud unit. The building is part of the Thirty75 Tech project, which offers close to 260,000 square feet of Class A office space. This move follows Amazon's prior adjustments in its Bay Area real estate, including AWS retaining employees in East Palo Alto despite some space shedding.",https://media.bizj.us/view/img/11995357/img-3030*900xx4032-2265-0-259.jpg,The Business Journals,General,The Business Journals,"[{'topic': 'real_estate', 'relevance_score': '1.000000'}, {'topic': 'technology', 'relevance_score': '0.837745'}, {'topic': 'retail_wholesale', 'relevance_score': '0.749566'}]",0.206823,Somewhat-Bullish,"[{'ticker': 'AMZN', 'relevance_score': '1.000000', 'ticker_sentiment_score': '0.245718', 'ticker_sentiment_label': 'Somewhat-Bullish'}]"
Inside Kroger's big bet on growing home delivery this spring,https://www.cincinnati.com/story/money/2021/04/14/kroger-makes-big-commitment-growing-home-delivery-business/4730733001/,20210414T231537,['Alexander Coolidge'],"Kroger announced a major expansion of its grocery home delivery service with the opening of its first automated customer fulfillment center in Monroe, Ohio, part of a plan to build 20 such centers nationwide. These facilities, powered by robots, aim to provide a more reliable, consistent, and potentially less expensive service for customers, enhancing Kroger's digital shopping presence which more than doubled in 2020. The company anticipates these centers will increase job opportunities and further integrate home delivery into customer shopping habits alongside traditional in-store visits.",,Cincinnati Enquirer,General,Cincinnati Enquirer,"[{'topic': 'retail_wholesale', 'relevance_score': '1.000000'}, {'topic': 'technology', 'relevance_score': '0.828945'}]",0.167999,Somewhat-Bullish,"[{'ticker': 'KR', 'relevance_score': '1.000000', 'ticker_sentiment_score': '0.435220', 'ticker_sentiment_label': 'Bullish'}, {'ticker': 'EBAY', 'relevance_score': '0.632879', 'ticker_sentiment_score': '0.044710', 'ticker_sentiment_label': 'Neutral'}, {'ticker': 'AMZN', 'relevance_score': '0.644270', 'ticker_sentiment_score': '0.028579', 'ticker_sentiment_label': 'Neutral'}]"
Amazon plans delivery station in Airway Heights,https://www.spokanejournal.com/articles/1258-amazon-plans-delivery-station-in-airway-heights,20210415T142000,['Kevin Blocker'],"Amazon.com Inc. plans to open a new delivery station in Airway Heights, following the cancellation of a previous project in North Spokane. The company anticipates creating hundreds of full- and part-time jobs, paying at least $15 an hour, along with additional driving opportunities. This new facility will be located in a 187,000-square-foot warehouse and represents a $15 million tenant improvement investment.",,Spokane Journal of Business,General,Spokane Journal of Business,"[{'topic': 'retail_wholesale', 'relevance_score': '0.931871'}, {'topic': 'real_estate', 'relevance_score': '0.846608'}, {'topic': 'economy_macro', 'relevance_score': '0.707215'}]",0.225112,Somewhat-Bullish,"[{'ticker': 'AMZN', 'relevance_score': '0.991598', 'ticker_sentiment_score': '0.302411', 'ticker_sentiment_label': 'Somewhat-Bullish'}, {'ticker': 'LOW', 'relevance_score': '0.617984', 'ticker_sentiment_score': '0.120867', 'ticker_sentiment_label': 'Neutral'}, {'ticker': 'FDX', 'relevance_score': '0.591713', 'ticker_sentiment_score': '0.213769', 'ticker_sentiment_label': 'Somewhat-Bullish'}]"
2020 Letter to Shareholders,https://www.aboutamazon.com/news/company-news/2020-letter-to-shareholders,20210415T193550,['Jeff Bezos'],"Jeff Bezos reflects on Amazon's growth since 1997, detailing the immense value created for shareholders, employees, third-party sellers, and customers in 2020, totaling $301 billion. He outlines new commitments for Amazon to become ""Earth’s Best Employer"" and ""Earth’s Safest Place to Work,"" and discusses the company's aggressive climate change initiatives, including The Climate Pledge. Bezos concludes his final annual shareholder letter as CEO by emphasizing the importance of maintaining distinctiveness and embracing the continuous effort required for innovation and progress.",,About Amazon,General,About Amazon,"[{'topic': 'earnings', 'relevance_score': '0.934493'}, {'topic': 'retail_wholesale', 'relevance_score': '0.810838'}, {'topic': 'technology', 'relevance_score': '0.720486'}, {'topic': 'economy_macro', 'relevance_score': '0.609922'}, {'topic': 'finance', 'relevance_score': '0.620040'}]",0.430244,Bullish,"[{'ticker': 'AMZN', 'relevance_score': '1.000000', 'ticker_sentiment_score': '0.892729', 'ticker_sentiment_label': 'Bullish'}, {'ticker': 'MSFT', 'relevance_score': '0.643537', 'ticker_sentiment_score': '0.307981', 'ticker_sentiment_label': 'Somewhat-Bullish'}, {'ticker': 'BBY', 'relevance_score': '0.574576', 'ticker_sentiment_score': '0.256225', 'ticker_sentiment_label': 'Somewhat-Bullish'}, {'ticker': 'IBM', 'relevance_score': '0.587661', 'ticker_sentiment_score': '0.280979', 'ticker_sentiment_label': 'Somewhat-Bullish'}]"
Emails arrive from state with $79 payments from Equifax settlement,https://www.wrtv.com/news/wrtv-investigates/emails-arrive-from-state-with-79-payments-from-equifax-settlement,20210415T200722,['Kara Kenney'],"The Indiana Attorney General's office is alerting consumers that emails offering $79 payments from the Equifax settlement are legitimate for those who opted for electronic restitution. These payments are being distributed in batches to over 236,000 current and former Indiana residents who filed eligible claims. Consumers who did not sign up for the settlement but receive such emails should exercise caution before clicking links.",,WRTV,General,WRTV,"[{'topic': 'finance', 'relevance_score': '0.810892'}, {'topic': 'economy_macro', 'relevance_score': '0.618737'}]",-0.057623,Neutral,"[{'ticker': 'EFX', 'relevance_score': '1.000000', 'ticker_sentiment_score': '-0.234643', 'ticker_sentiment_label': 'Somewhat-Bearish'}, {'ticker': 'AMZN', 'relevance_score': '0.647352', 'ticker_sentiment_score': '0.116879', 'ticker_sentiment_label': 'Neutral'}]"
Kroger’s new Ocado centers are powerful. But can they deliver?,https://www.grocerydive.com/news/krogers-new-ocado-centers-are-powerful-but-can-they-deliver/598475/,20210415T203726,['Jeff Wells'],"Kroger has officially launched its Ocado-powered automated customer fulfillment centers, highlighting their advanced robotics and AI for order fulfillment. While these centers promise efficiency and cost savings for online grocery, questions remain about their ability to meet growing same-day delivery demands and compete in markets where Kroger has a limited physical presence. The company is making a significant investment in this digital ecosystem to transform its operations and capture a larger share of the rapidly expanding online grocery market.",,Grocery Dive,General,Grocery Dive,"[{'topic': 'retail_wholesale', 'relevance_score': '0.846492'}, {'topic': 'technology', 'relevance_score': '0.709641'}]",0.109045,Neutral,"[{'ticker': 'KR', 'relevance_score': '1.000000', 'ticker_sentiment_score': '0.126105', 'ticker_sentiment_label': 'Neutral'}, {'ticker': 'AMZN', 'relevance_score': '0.630651', 'ticker_sentiment_score': '0.124065', 'ticker_sentiment_label': 'Neutral'}, {'ticker': 'WMT', 'relevance_score': '0.628351', 'ticker_sentiment_score': '0.106434', 'ticker_sentiment_label': 'Neutral'}]"
New F1 Insights Powered by AWS Will Help FORMULA 1 Fans Make Sense of Split-Second Decisions on the Track,https://www.businesswire.com/news/home/20210415005326/en/New-F1-Insights-Powered-by-AWS-Will-Help-FORMULA-1-Fans-Make-Sense-of-Split-Second-Decisions-on-the-Track,20210415T230756,[],"Amazon Web Services (AWS) and FORMULA 1 (F1) are introducing six new F1 Insights powered by AWS for the 2021 racing season, bringing the total to 18 AWS-powered stats. These real-time racing statistics, displayed as on-screen graphics, utilize machine learning and over 1.1 million data points per second from each car to enhance the fan experience by providing deeper understanding of driver and team strategies and performance. The first new stat, Braking Performance, will debut at the GRAND PRIX in Italy, offering insights into drivers' braking styles and their impact on cornering.",https://mms.businesswire.com/media/20210415005326/en/871693/5/1280.jpg,Business Wire,General,Business Wire,"[{'topic': 'technology', 'relevance_score': '0.929593'}, {'topic': 'energy_transportation', 'relevance_score': '0.721672'}]",0.366824,Bullish,"[{'ticker': 'FWONA', 'relevance_score': '1.000000', 'ticker_sentiment_score': '0.404992', 'ticker_sentiment_label': 'Bullish'}, {'ticker': 'AMZN', 'relevance_score': '0.872327', 'ticker_sentiment_score': '0.303721', 'ticker_sentiment_label': 'Somewhat-Bullish'}]"
Never run out of printer ink again with HP’s Instant Ink,https://eftm.com/2021/04/never-run-out-of-printer-ink-again-with-hps-instant-ink-208768,20210415T231116,['Scott Plowman'],"HP has launched its Instant Ink subscription service in Australia, aiming to prevent users from running out of printer ink unexpectedly. The service automatically ships ink to customers when supplies are low, offering flexible monthly plans based on page usage and savings of up to 50% on ink costs. To promote the launch, HP has partnered with Manu Feildel for a social media contest encouraging Australians to share family recipes.",https://cdn.eftm.com/wp-content/uploads/2021/04/20181130_HP_InstantInk_01_Doorstep_0045-NEW-BOX_LS.jpg,EFTM,General,EFTM,"[{'topic': 'retail_wholesale', 'relevance_score': '0.629391'}, {'topic': 'technology', 'relevance_score': '1.000000'}]",0.311477,Somewhat-Bullish,"[{'ticker': 'HPQ', 'relevance_score': '1.000000', 'ticker_sentiment_score': '0.426040', 'ticker_sentiment_label': 'Bullish'}, {'ticker': 'AMZN', 'relevance_score': '0.600551', 'ticker_sentiment_score': '0.209515', 'ticker_sentiment_label': 'Somewhat-Bullish'}]"
"100k Club: Digital news subscriptions top 23m, Press Gazette research finds",https://pressgazette.co.uk/news/digital-news-subscriptions-ranking-100k-club/,20210415T231619,['William Turvill'],"Press Gazette's latest 100k Club ranking reveals that English-language publishers now collectively boast over 23 million digital news subscriptions. This growth is driven by 28 outlets with 100,000 or more digital-only subscribers, led by The New York Times, Washington Post, and Wall Street Journal. The research also highlights that these publishers could generate over $6 billion annually in digital subscription revenues if all subscribers paid full-rate costs.",https://pressgazette.co.uk/wp-content/uploads/sites/7/2021/04/Screen-Shot-2021-04-13-at-15.56.04.png,Press Gazette,General,Press Gazette,"[{'topic': 'finance', 'relevance_score': '0.942830'}, {'topic': 'technology', 'relevance_score': '0.727706'}]",0.166985,Somewhat-Bullish,"[{'ticker': 'LEE', 'relevance_score': '0.900940', 'ticker_sentiment_score': '0.221786', 'ticker_sentiment_label': 'Somewhat-Bullish'}, {'ticker': 'NWS', 'relevance_score': '0.882456', 'ticker_sentiment_score': '0.245522', 'ticker_sentiment_label': 'Somewhat-Bullish'}, {'ticker': 'NWSA', 'relevance_score': '0.877946', 'ticker_sentiment_score': '0.238233', 'ticker_sentiment_label': 'Somewhat-Bullish'}, {'ticker': 'AMZN', 'relevance_score': '0.614837', 'ticker_sentiment_score': '0.112227', 'ticker_sentiment_label': 'Neutral'}, {'ticker': 'CMCSA', 'relevance_score': '0.577273', 'ticker_sentiment_score': '0.113846', 'ticker_sentiment_label': 'Neutral'}]"
Rackspace Technology Defines a New Category in Cloud Services,https://varindia.com/news/rackspace-technology-defines-a-new-category-in-cloud-services,20210415T232831,['VARINDIA'],"Rackspace Technology (NASDAQ: RXT) has launched Rackspace Elastic Engineering, a new service model designed to help customers build and operate modern cloud environments. This new approach shifts from traditional fixed-scope managed services to providing flexible, modern, cloud-native engineering services through dedicated ""Pods"" of architects and engineers. Rackspace Elastic Engineering aims to support customers in their cloud-native transformations and DevOps-focused operating models across AWS, Microsoft Azure, and Google Cloud Platform.",https://varindia.com/storage/news/uploads/2018/02/607822660eadc.jpg,varindia.com,General,varindia.com,"[{'topic': 'technology', 'relevance_score': '0.917501'}]",0.302959,Somewhat-Bullish,"[{'ticker': 'RXT', 'relevance_score': '1.000000', 'ticker_sentiment_score': '0.471896', 'ticker_sentiment_label': 'Bullish'}, {'ticker': 'AMZN', 'relevance_score': '0.625310', 'ticker_sentiment_score': '0.296296', 'ticker_sentiment_label': 'Somewhat-Bullish'}, {'ticker': 'MSFT', 'relevance_score': '0.613640', 'ticker_sentiment_score': '0.252124', 'ticker_sentiment_label': 'Somewhat-Bullish'}, {'ticker': 'GOOGL', 'relevance_score': '0.600409', 'ticker_sentiment_score': '0.295144', 'ticker_sentiment_label': 'Somewhat-Bullish'}]"
Wipro clocks its best quarterly results in a decade in Q4 FY21,https://m.economictimes.com/tech/information-tech/wipro-clocks-its-best-quarterly-results-in-a-decade-in-q4-fy21/articleshow/82094265.cms,20210416T065419,['ET Bureau'],"Wipro announced its best fourth-quarter results in nearly a decade, with profit and revenue increasing by 27% and 3.4% respectively, driven by significant deal wins. The IT major forecasted a 2-4% growth for the quarter ending June, signaling a potential double-digit expansion, and won over $1.4 billion in deals including a potential $1 billion large deal. Despite rising attrition rates, Wipro plans to invest in talent, including hiring over 18,000 freshers, to sustain its growth momentum.","https://img.etimg.com/thumb/width-650,height-488,imgsize-287519,resizemode-75,msid-82094259/tech/information-tech/wipro-clocks-its-best-quarterly-results-in-a-decade-in-q4-fy21/wipro.jpg",The Economic Times,General,The Economic Times,"[{'topic': 'earnings', 'relevance_score': '1.000000'}, {'topic': 'technology', 'relevance_score': '0.843276'}]",0.427089,Bullish,"[{'ticker': 'WIT', 'relevance_score': '1.000000', 'ticker_sentiment_score': '0.895656', 'ticker_sentiment_label': 'Bullish'}, {'ticker': 'MSFT', 'relevance_score': '0.591168', 'ticker_sentiment_score': '0.258711', 'ticker_sentiment_label': 'Somewhat-Bullish'}, {'ticker': 'AMZN', 'relevance_score': '0.593633', 'ticker_sentiment_score': '0.266206', 'ticker_sentiment_label': 'Somewhat-Bullish'}, {'ticker': 'GOOGL', 'relevance_score': '0.555602', 'ticker_sentiment_score': '0.282970', 'ticker_sentiment_label': 'Somewhat-Bullish'}]"
Amazon plans furniture assembly service to catch Wayfair,https://www.detroitnews.com/story/business/2021/04/16/amazon-plans-furniture-assembly-service-catch-wayfair/7252330002/,20210416T193552,['Spencer Soper'],"Amazon.com Inc. is testing a new premium service offering immediate furniture and appliance assembly upon delivery, aiming to better compete with rivals like Wayfair, Best Buy, Home Depot, and Lowe’s. This service, anticipated to launch in Virginia and two other markets, would involve drivers assembling items, removing packaging, and handling immediate returns for dissatisfied customers. The initiative seeks to make delivery of large items more convenient and efficient, building on the increased online sales of furniture and housewares observed during the pandemic, although Amazon has struggled to match Wayfair's dominance in the online home-goods market.",,The Detroit News,General,The Detroit News,"[{'topic': 'retail_wholesale', 'relevance_score': '0.944726'}, {'topic': 'technology', 'relevance_score': '0.837294'}]",0.16243,Somewhat-Bullish,"[{'ticker': 'AMZN', 'relevance_score': '1.000000', 'ticker_sentiment_score': '0.223261', 'ticker_sentiment_label': 'Somewhat-Bullish'}, {'ticker': 'BBY', 'relevance_score': '0.706128', 'ticker_sentiment_score': '0.114743', 'ticker_sentiment_label': 'Neutral'}, {'ticker': 'HD', 'relevance_score': '0.706543', 'ticker_sentiment_score': '0.118371', 'ticker_sentiment_label': 'Neutral'}, {'ticker': 'LOW', 'relevance_score': '0.740010', 'ticker_sentiment_score': '0.100933', 'ticker_sentiment_label': 'Neutral'}]"
"Oracle plans to bring 8,500 jobs, $1.2 billion campus to Nashville",https://www.theladders.com/career-advice/oracle-plans-to-bring-8500-jobs-1-2-billion-campus-to-nashville,20210416T205658,['Kyle Schnitzer'],"Oracle Corporation plans to invest $1.2 billion in Nashville, bringing 8,500 jobs with an average salary of $110,000 to the city. This development would be the largest in Tennessee's history, involving significant public infrastructure contributions from Oracle without burdening taxpayers. The new campus will transform Nashville's East Bank, creating a major technology hub.",,Ladders,General,Ladders,"[{'topic': 'real_estate', 'relevance_score': '0.707476'}, {'topic': 'technology', 'relevance_score': '1.000000'}, {'topic': 'economy_fiscal', 'relevance_score': '0.830105'}, {'topic': 'economy_macro', 'relevance_score': '0.610910'}]",0.259682,Somewhat-Bullish,"[{'ticker': 'ORCL', 'relevance_score': '1.000000', 'ticker_sentiment_score': '0.472637', 'ticker_sentiment_label': 'Bullish'}, {'ticker': 'AMZN', 'relevance_score': '0.611379', 'ticker_sentiment_score': '0.102026', 'ticker_sentiment_label': 'Neutral'}, {'ticker': 'TSLA', 'relevance_score': '0.629620', 'ticker_sentiment_score': '0.122039', 'ticker_sentiment_label': 'Neutral'}]"
Map: How Countries’ Stock Markets Stack Up on ESG Practices and Carbon Risk,https://www.morningstar.com/sustainable-investing/map-how-countries-stock-markets-stack-up-esg-practices-carbon-risk,20210416T212817,['Valerio Baselli'],"This article examines global stock markets' performance on ESG practices and carbon risk, based on the Morningstar Sustainability Atlas. It highlights that European countries, especially the Netherlands, lead in sustainability scores, while emerging markets generally lag. The report also identifies countries with the lowest carbon risk, such as Switzerland and the U.S., contrasting them with high-risk nations like Russia due to their energy sector exposure.",,Morningstar,General,Morningstar,"[{'topic': 'financial_markets', 'relevance_score': '0.916496'}, {'topic': 'economy_macro', 'relevance_score': '0.805224'}, {'topic': 'finance', 'relevance_score': '0.721125'}]",0.02752,Neutral,"[{'ticker': 'V', 'relevance_score': '0.894819', 'ticker_sentiment_score': '0.215324', 'ticker_sentiment_label': 'Somewhat-Bullish'}, {'ticker': 'MSFT', 'relevance_score': '0.818774', 'ticker_sentiment_score': '0.180427', 'ticker_sentiment_label': 'Somewhat-Bullish'}, {'ticker': 'JNJ', 'relevance_score': '0.647423', 'ticker_sentiment_score': '-0.205753', 'ticker_sentiment_label': 'Somewhat-Bearish'}, {'ticker': 'AMZN', 'relevance_score': '0.616234', 'ticker_sentiment_score': '-0.201506', 'ticker_sentiment_label': 'Somewhat-Bearish'}]"
Zscaler Acquires Trustdome for Cloud Security Posture Management Boost -,https://www.msspalert.com/news/zscaler-acquires-trustdome-for-cspm,20210416T213710,['Joe Panettieri'],"Zscaler is acquiring Trustdome to enhance its cloud security posture management (CSPM) capabilities, aiming to help MSSPs, MSPs, and customers mitigate security risks across major cloud platforms. Trustdome's Cloud Infrastructure Entitlement Management (CIEM) platform will strengthen Zscaler's existing CSPM offerings by providing granular governance over data, applications, and services in public cloud environments. This acquisition comes amidst booming demand for CSPM solutions, with market revenues projected to reach $9 billion by 2026.",,MSSP Alert,General,MSSP Alert,"[{'topic': 'mergers_and_acquisitions', 'relevance_score': '0.927146'}, {'topic': 'technology', 'relevance_score': '0.842587'}]",0.210299,Somewhat-Bullish,"[{'ticker': 'ZS', 'relevance_score': '1.000000', 'ticker_sentiment_score': '0.468895', 'ticker_sentiment_label': 'Bullish'}, {'ticker': 'PANW', 'relevance_score': '0.601656', 'ticker_sentiment_score': '0.139329', 'ticker_sentiment_label': 'Neutral'}, {'ticker': 'MSFT', 'relevance_score': '0.576386', 'ticker_sentiment_score': '0.110511', 'ticker_sentiment_label': 'Neutral'}, {'ticker': 'AMZN', 'relevance_score': '0.561019', 'ticker_sentiment_score': '0.143635', 'ticker_sentiment_label': 'Neutral'}, {'ticker': 'GOOGL', 'relevance_score': '0.599606', 'ticker_sentiment_score': '0.101526', 'ticker_sentiment_label': 'Neutral'}]"
Elon Musk’s SpaceX wins $2.9-billion NASA contract for moon spacecraft,https://www.theglobeandmail.com/business/international-business/article-elon-musks-spacex-wins-29-billion-nasa-contract-for-moon-spacecraft/,20210416T232117,"['Hyunjoo Jin', 'Raphael Satter and Munsif Vengattil']","NASA has awarded Elon Musk's SpaceX a $2.9 billion contract to develop a spacecraft for returning astronauts to the moon as early as 2024, bypassing competitors like Jeff Bezos' Blue Origin. This contract is part of NASA's Artemis program, aiming for a sustained lunar presence and eventually missions to Mars. SpaceX will need to conduct a test flight before human missions, deepening its collaboration with NASA.",https://www.theglobeandmail.com/resizer/v2/SOUGTEITO5NJVKZFAOVJCVQQVA.jpg?auth=77c86d9af04f2e46ca6566aecc4b76afc7b4e104cee16f09bbc49ed4f4b2686f&width=600&quality=80,The Globe and Mail,General,The Globe and Mail,"[{'topic': 'technology', 'relevance_score': '0.947182'}, {'topic': 'finance', 'relevance_score': '0.721340'}]",-0.045674,Neutral,"[{'ticker': 'NOC', 'relevance_score': '0.607563', 'ticker_sentiment_score': '-0.147927', 'ticker_sentiment_label': 'Neutral'}, {'ticker': 'LDOS', 'relevance_score': '0.633231', 'ticker_sentiment_score': '-0.140795', 'ticker_sentiment_label': 'Neutral'}, {'ticker': 'LMT', 'relevance_score': '0.601286', 'ticker_sentiment_score': '-0.120219', 'ticker_sentiment_label': 'Neutral'}, {'ticker': 'AMZN', 'relevance_score': '0.728989', 'ticker_sentiment_score': '-0.240214', 'ticker_sentiment_label': 'Somewhat-Bearish'}, {'ticker': 'TSLA', 'relevance_score': '0.826574', 'ticker_sentiment_score': '0.302576', 'ticker_sentiment_label': 'Somewhat-Bullish'}]"
El behind the scenes Televisa-Univision,https://dplnews.com/el-behind-the-scenes-televisa-univision/,20210416T233439,['Lourdes Mendoza'],"Televisa and Univision announced a multi-million dollar agreement to create the largest Spanish-language content company globally, focusing on the Spanish-speaking streaming market. The deal, valued at $4.8 billion for Televisa, involves international partners like Google and SoftBank, and made Televisa the largest shareholder with 45% of the shares. The announcement led to a significant 22-25% stock increase for Televisa and garnered positive public and governmental attention, highlighting the potential for content production in Spanish.",https://dplnews.com/wp-content/uploads/2023/06/dpl-logo.png,DPL News,General,DPL News,"[{'topic': 'mergers_and_acquisitions', 'relevance_score': '1.000000'}, {'topic': 'technology', 'relevance_score': '0.844554'}]",0.087437,Neutral,"[{'ticker': 'TV', 'relevance_score': '0.303851', 'ticker_sentiment_score': '0.031030', 'ticker_sentiment_label': 'Neutral'}, {'ticker': 'GOOGL', 'relevance_score': '0.725721', 'ticker_sentiment_score': '0.325006', 'ticker_sentiment_label': 'Somewhat-Bullish'}, {'ticker': 'AMZN', 'relevance_score': '0.607684', 'ticker_sentiment_score': '0.139011', 'ticker_sentiment_label': 'Neutral'}, {'ticker': 'NFLX', 'relevance_score': '0.807360', 'ticker_sentiment_score': '-0.224954', 'ticker_sentiment_label': 'Somewhat-Bearish'}]"
An A.I.-Powered ETF? Look No Further than 'AMOM',https://www.etftrends.com/smart-beta-content-hub/ai-powered-etf-look-no-further-than-amom/,20210418T102745,['Ben Hernandez'],"The QRAFT AI Enhanced U.S. Large Cap Momentum ETF (AMOM) uses artificial intelligence to identify U.S. large-cap stocks with strong momentum, aiming for long-term capital appreciation. It actively selects holdings based on their potential for maximum return, offering investors exposure to the momentum factor. Amazon was noted as its largest holding at the time of writing, highlighting the fund's diversified approach beyond just big tech.",https://www.etftrends.com/wp-content/uploads/2021/04/Under-The-Hood-of-This-ETF-Is-an-AI-Powered-Methodology-1.png,ETF Trends,General,ETF Trends,"[{'topic': 'financial_markets', 'relevance_score': '0.949955'}, {'topic': 'technology', 'relevance_score': '0.820403'}, {'topic': 'earnings', 'relevance_score': '0.719048'}, {'topic': 'retail_wholesale', 'relevance_score': '0.610437'}]",0.360673,Bullish,"[{'ticker': 'AMOM', 'relevance_score': '1.000000', 'ticker_sentiment_score': '0.404273', 'ticker_sentiment_label': 'Bullish'}, {'ticker': 'AMZN', 'relevance_score': '0.736873', 'ticker_sentiment_score': '0.345176', 'ticker_sentiment_label': 'Somewhat-Bullish'}]"
An A.I.-Powered ETF? Look No Further than 'AMOM',https://www.etftrends.com/smart-beta-channel/ai-powered-etf-look-no-further-than-amom/,20210418T190905,['Ben Hernandez'],"The QRAFT AI Enhanced U.S. Large Cap Momentum ETF (AMOM) uses artificial intelligence to identify and invest in large-cap U.S. stocks exhibiting strong momentum. This actively managed ETF aims for long-term capital appreciation by selecting companies based on their momentum's potential impact on performance. Its top holding currently includes Amazon, highlighting its diversified sector approach.",https://www.etftrends.com/wp-content/uploads/2021/04/Under-The-Hood-of-This-ETF-Is-an-AI-Powered-Methodology-1.png,ETF Trends,General,ETF Trends,"[{'topic': 'financial_markets', 'relevance_score': '0.937937'}, {'topic': 'technology', 'relevance_score': '0.837264'}, {'topic': 'earnings', 'relevance_score': '0.706787'}, {'topic': 'finance', 'relevance_score': '0.600565'}, {'topic': 'retail_wholesale', 'relevance_score': '0.626608'}]",0.468319,Bullish,"[{'ticker': 'AMOM', 'relevance_score': '1.000000', 'ticker_sentiment_score': '0.517411', 'ticker_sentiment_label': 'Bullish'}, {'ticker': 'AMZN', 'relevance_score': '0.731082', 'ticker_sentiment_score': '0.431392', 'ticker_sentiment_label': 'Bullish'}]"
Microsoft to invest $1 bln in Malaysia to set up data centres - Malaysian PM,https://www.reuters.com/technology/microsoft-invest-1-bln-malaysia-set-up-data-centres-malaysian-pm-2021-04-19/,20210419T072600,['Reuters'],"Microsoft Corporation announced a $1 billion investment over the next five years in Malaysia to establish its first ""datacentre region"" in the country. This initiative is part of a new partnership program with the Malaysian government and local companies, aiming to boost the nation's digital economy and provide digital skills training for up to a million Malaysians. The investment follows Malaysia's efforts to attract foreign direct investments after a significant decline last year.",https://www.reuters.com/resizer/v2/L63OES473VO2ZHKKABV277W3BM.JPG?auth=4d4f8fb2c421008064a3eb3dd0f38b006839352e008d752dd35c464c8d28c30d&width=960&quality=80,Reuters,General,Reuters,"[{'topic': 'technology', 'relevance_score': '0.917578'}, {'topic': 'economy_macro', 'relevance_score': '0.727263'}]",0.347378,Somewhat-Bullish,"[{'ticker': 'MSFT', 'relevance_score': '1.000000', 'ticker_sentiment_score': '0.437290', 'ticker_sentiment_label': 'Bullish'}, {'ticker': 'GOOGL', 'relevance_score': '0.744602', 'ticker_sentiment_score': '0.312254', 'ticker_sentiment_label': 'Somewhat-Bullish'}, {'ticker': 'AMZN', 'relevance_score': '0.647992', 'ticker_sentiment_score': '0.306302', 'ticker_sentiment_label': 'Somewhat-Bullish'}]"
Are FYC Billboards DOA? Studios Pull Back on Outdoor Marketing Amid Pandemic,https://www.hollywoodreporter.com/business/business-news/are-fyc-billboards-doa-studios-pull-back-on-outdoor-marketing-amid-pandemic-4165486/,20210419T093000,['Katie Kilkenny'],"Studios significantly reduced their ""For Your Consideration"" (FYC) billboard advertising in Los Angeles during the early part of 2021 due to the pandemic, as Oscar voters were no longer commuting or attending in-person screenings. While out-of-home advertising for the cinema sector saw a 90 percent drop in 2020, the FYC market for billboards began recovering near the end of the awards season, with a projected return to full swing for Emmy season, partly driven by sustained investment from streaming companies. The pandemic also shifted billboard placement strategies, with advertisers becoming more open to suburban locations to target executives and talent in their homes.",,The Hollywood Reporter,General,The Hollywood Reporter,"[{'topic': 'financial_markets', 'relevance_score': '0.637413'}, {'topic': 'economy_macro', 'relevance_score': '0.642778'}, {'topic': 'retail_wholesale', 'relevance_score': '0.644914'}]",0.216744,Somewhat-Bullish,"[{'ticker': 'OUT', 'relevance_score': '0.875509', 'ticker_sentiment_score': '0.292134', 'ticker_sentiment_label': 'Somewhat-Bullish'}, {'ticker': 'WBD', 'relevance_score': '0.600083', 'ticker_sentiment_score': '0.046128', 'ticker_sentiment_label': 'Neutral'}, {'ticker': 'NFLX', 'relevance_score': '0.722765', 'ticker_sentiment_score': '0.324968', 'ticker_sentiment_label': 'Somewhat-Bullish'}, {'ticker': 'AMZN', 'relevance_score': '0.651731', 'ticker_sentiment_score': '0.304075', 'ticker_sentiment_label': 'Somewhat-Bullish'}, {'ticker': 'DIS', 'relevance_score': '0.589889', 'ticker_sentiment_score': '0.244815', 'ticker_sentiment_label': 'Somewhat-Bullish'}]"
Clean Energy Fuels Partners with Amazon for Renewable Natural Gas,https://www.streetwisereports.com/article/2021/04/19/clean-energy-fuels-partners-with-amazon-for-renewable-natural-gas.html,20210419T195721,[],"Clean Energy Fuels Corp. announced a fuel supply and investment agreement with Amazon for low and negative carbon renewable natural gas (RNG). The deal involves supplying RNG to Amazon facilities in 15 states at 27 existing Clean Energy fueling stations, with an expansion to 19 new or upgraded stations by the end of 2021. Amazon also received warrants to purchase up to 53.14 million shares of Clean Energy Fuels common stock, with initial vesting tied to the fuel supply agreement and remaining warrants contingent on future fuel purchases up to $500 million.",,Streetwise Reports,General,Streetwise Reports,"[{'topic': 'energy_transportation', 'relevance_score': '0.948352'}]",0.353229,Bullish,"[{'ticker': 'CLNE', 'relevance_score': '1.000000', 'ticker_sentiment_score': '0.465724', 'ticker_sentiment_label': 'Bullish'}, {'ticker': 'AMZN', 'relevance_score': '0.733024', 'ticker_sentiment_score': '0.272471', 'ticker_sentiment_label': 'Somewhat-Bullish'}]"
Clean Energy Fuels inks supply deal with Amazon,https://lngprime.com/americas/clean-energy-fuels-inks-supply-deal-with-amazon/17721/,20210419T225847,['LNG Prime Staff'],"Clean Energy Fuels has announced a new deal to supply renewable natural gas (RNG) to Amazon, expanding its network of RNG fueling stations across 15 states. The agreement also includes a warrant for Amazon to purchase a significant number of Clean Energy Fuels' common stock. This collaboration aims to provide an environmentally and economically sound solution for vehicle fuel, supporting efforts against climate change.",https://lngprime.com/wp-content/uploads/2021/04/Clean-Energy-Fuels-inks-supply-deal-with-Amazon.jpg,LNG Prime,General,LNG Prime,"[{'topic': 'energy_transportation', 'relevance_score': '0.933356'}, {'topic': 'retail_wholesale', 'relevance_score': '0.829494'}]",0.412827,Bullish,"[{'ticker': 'CLNE', 'relevance_score': '1.000000', 'ticker_sentiment_score': '0.547079', 'ticker_sentiment_label': 'Bullish'}, {'ticker': 'AMZN', 'relevance_score': '0.933920', 'ticker_sentiment_score': '0.327624', 'ticker_sentiment_label': 'Somewhat-Bullish'}]"
"DEADLINE ALERT for UAVS, IQDAX, IQDNX, and AQST: The Law",https://www.globenewswire.com/news-release/2021/04/20/2213496/0/en/DEADLINE-ALERT-for-UAVS-IQDAX-IQDNX-and-AQST-The-Law-Offices-of-Frank-R-Cruz-Reminds-Investors-of-Class-Actions-on-Behalf-of-Shareholders.html?utm_source=Intrado&%3Butm_medium=Twitter&%3Butm_campaign=NewAgeTwitterFeb20,20210420T110000,[],"The Law Offices of Frank R. Cruz reminds investors of upcoming deadlines for class action lawsuits against AgEagle Aerial Systems Inc. (UAVS), Infinity Q Diversified Alpha Fund (IQDAX, IQDNX), and Aquestive Therapeutics, Inc. (AQST). Investors in these companies are encouraged to contact the law firm to discuss their legal rights, as the lawsuits allege materially false and/or misleading statements and failure to disclose adverse facts by the defendants. The deadlines for filing a lead plaintiff motion for these cases are April 27 and April 30, 2021.",,GlobeNewswire,General,GlobeNewswire,"[{'topic': 'finance', 'relevance_score': '1.000000'}, {'topic': 'life_sciences', 'relevance_score': '0.732385'}, {'topic': 'technology', 'relevance_score': '0.625350'}]",-0.528979,Bearish,"[{'ticker': 'AQST', 'relevance_score': '1.000000', 'ticker_sentiment_score': '-0.703019', 'ticker_sentiment_label': 'Bearish'}, {'ticker': 'AMZN', 'relevance_score': '0.608262', 'ticker_sentiment_score': '-0.317977', 'ticker_sentiment_label': 'Somewhat-Bearish'}]"
Netflix reports dramatic slowdown in subscribers,https://www.cnbc.com/2021/04/20/netflix-nflx-q1-2021-earnings.html,20210420T153100,['Jessica Bursztynsky'],"Netflix shares fell significantly after the company reported a large miss in subscriber numbers for Q1 2021, adding only 3.98 million paid net subscribers against an expectation of 6.2 million. The company attributed the slowdown to the ""Covid-19 pull forward"" in 2020 and production delays affecting its content slate, despite beating earnings per share and revenue estimates. Netflix expects content to pick up in the second half of the year and plans to spend over $17 billion on content, while also approving a $5 billion stock buyback program.",,CNBC,General,CNBC,"[{'topic': 'earnings', 'relevance_score': '0.916721'}, {'topic': 'financial_markets', 'relevance_score': '0.815295'}, {'topic': 'technology', 'relevance_score': '0.705886'}, {'topic': 'economy_macro', 'relevance_score': '0.610974'}, {'topic': 'finance', 'relevance_score': '0.616026'}]",-0.040385,Neutral,"[{'ticker': 'NFLX', 'relevance_score': '1.000000', 'ticker_sentiment_score': '-0.261308', 'ticker_sentiment_label': 'Somewhat-Bearish'}, {'ticker': 'DIS', 'relevance_score': '0.711564', 'ticker_sentiment_score': '0.117671', 'ticker_sentiment_label': 'Neutral'}, {'ticker': 'T', 'relevance_score': '0.606649', 'ticker_sentiment_score': '0.048135', 'ticker_sentiment_label': 'Neutral'}, {'ticker': 'CMCSA', 'relevance_score': '0.615830', 'ticker_sentiment_score': '0.042467', 'ticker_sentiment_label': 'Neutral'}, {'ticker': 'AMZN', 'relevance_score': '0.624026', 'ticker_sentiment_score': '0.007027', 'ticker_sentiment_label': 'Neutral'}]"
"Sunnyvale real estate mega-deal makes Google, big developer neighbors",https://www.siliconvalley.com/2021/04/20/sunnyvale-real-estate-mega-deal-google-big-developer-neighbor-tech/,20210420T174500,['George Avalos'],"Tishman Speyer completed a major real estate transaction in Sunnyvale, acquiring seven parcels from NetApp for $365 million, making them neighbors with Google. This deal includes four large office buildings and amenities, giving Tishman Speyer significant control in a prime Silicon Valley tech area. Google also owns adjacent properties, suggesting potential long-term redevelopment plans for both entities in northern Sunnyvale.",https://i2.wp.com/www.mercurynews.com/wp-content/uploads/2021/04/SJM-L-GOOGTISH-x-01-3.jpg?fit=620%2C9999px&ssl=1,SiliconValley.com,General,SiliconValley.com,"[{'topic': 'real_estate', 'relevance_score': '1.000000'}, {'topic': 'technology', 'relevance_score': '0.802667'}, {'topic': 'mergers_and_acquisitions', 'relevance_score': '0.742248'}]",0.201231,Somewhat-Bullish,"[{'ticker': 'NTAP', 'relevance_score': '1.000000', 'ticker_sentiment_score': '0.132791', 'ticker_sentiment_label': 'Neutral'}, {'ticker': 'GOOG', 'relevance_score': '0.868579', 'ticker_sentiment_score': '0.276220', 'ticker_sentiment_label': 'Somewhat-Bullish'}, {'ticker': 'GOOGL', 'relevance_score': '0.859356', 'ticker_sentiment_score': '0.254269', 'ticker_sentiment_label': 'Somewhat-Bullish'}, {'ticker': 'PLTR', 'relevance_score': '0.647810', 'ticker_sentiment_score': '0.107465', 'ticker_sentiment_label': 'Neutral'}, {'ticker': 'AMZN', 'relevance_score': '0.634823', 'ticker_sentiment_score': '0.105472', 'ticker_sentiment_label': 'Neutral'}]"
Netflix’s Dominance Starts to Slow as Rivals Gain (Published 2021),https://www.nytimes.com/2021/04/20/business/media/netflix-subscribers-earnings.html,20210420T205134,['Edmund Lee'],"Netflix reported a slowdown in subscriber growth for the first quarter of 2021, adding only four million new customers compared to a forecast of six million. This modest growth, coupled with a decline in its share of global demand for original programming, indicates that competitors like Disney+, HBO Max, and Paramount+ are beginning to challenge Netflix's long-standing market dominance. The company anticipates adding even fewer subscribers in the current quarter.",,The New York Times,General,The New York Times,"[{'topic': 'earnings', 'relevance_score': '0.947682'}, {'topic': 'technology', 'relevance_score': '0.815842'}]",-0.196808,Somewhat-Bearish,"[{'ticker': 'NFLX', 'relevance_score': '1.000000', 'ticker_sentiment_score': '-0.386562', 'ticker_sentiment_label': 'Bearish'}, {'ticker': 'DIS', 'relevance_score': '0.739447', 'ticker_sentiment_score': '-0.110181', 'ticker_sentiment_label': 'Neutral'}, {'ticker': 'AMZN', 'relevance_score': '0.640724', 'ticker_sentiment_score': '-0.143054', 'ticker_sentiment_label': 'Neutral'}, {'ticker': 'AAPL', 'relevance_score': '0.642557', 'ticker_sentiment_score': '-0.147031', 'ticker_sentiment_label': 'Neutral'}, {'ticker': 'CMCSA', 'relevance_score': '0.576438', 'ticker_sentiment_score': '-0.101834', 'ticker_sentiment_label': 'Neutral'}]"
Amazon Taxation Becomes Sticking Point in Talks on Global Levies,https://www.bloomberg.com/news/articles/2021-04-20/amazon-taxation-becomes-sticking-point-in-talks-on-global-levies,20210420T221700,"['Isabel Gottlieb', 'Saleha Mohsin', 'Alessandra Migliaccio', 'and Hamza Ali']","Discussions on a global accord for taxing large tech companies' overseas profits are faltering due to disagreements spurred by Amazon's taxation. A U.S. proposal aims to tax around 100 top companies in countries where their users are, but Amazon's low margins could exempt it, and the U.S. objects to singling out any specific company.",https://assets.bwbx.io/images/users/iqjWHBFdfxIU/iqxMLJZjXmdE/v0/-1x-1.webp,Bloomberg.com,General,Bloomberg.com,"[{'topic': 'economy_fiscal', 'relevance_score': '0.912938'}, {'topic': 'retail_wholesale', 'relevance_score': '0.730494'}, {'topic': 'technology', 'relevance_score': '0.624443'}]",-0.232296,Somewhat-Bearish,"[{'ticker': 'AMZN', 'relevance_score': '1.000000', 'ticker_sentiment_score': '-0.238037', 'ticker_sentiment_label': 'Somewhat-Bearish'}]"
Pardon the Disruption: E-grocery and the evolving need for speed,https://www.grocerydive.com/news/pardon-the-disruption-e-grocery-and-the-evolving-need-for-speed/598685/,20210420T231537,['Jeff Wells'],"The article discusses two contrasting models in online grocery delivery: Kroger's large-scale automated fulfillment centers designed for next-day delivery and the emerging ultrafast delivery services focused on 15-minute delivery from dark stores. It explores the evolving customer expectation regarding delivery speed, catalyzed by the pandemic, noting that while Kroger prioritizes efficiency and lower costs for large orders, many consumers are increasingly demanding faster, more localized on-demand services for smaller, impulse purchases. The piece suggests that the industry is grappling with whether to prioritize speed or efficiency as the e-grocery landscape continues to shift.",https://imgproxy.divecdn.com/QEyleItzB1dOGxQk5j-C6qJSDXvuXp02HVJtwLwpZX4/g:nowe:2:301/c:1998:1129/rs:fill:1200:675:1/Z3M6Ly9kaXZlc2l0ZS1zdG9yYWdlL2RpdmVpbWFnZS9Lcm9nZXJfT2NhZG80LmpwZw==.webp,Grocery Dive,General,Grocery Dive,"[{'topic': 'retail_wholesale', 'relevance_score': '0.918246'}]",0.106457,Neutral,"[{'ticker': 'KR', 'relevance_score': '0.959670', 'ticker_sentiment_score': '0.021281', 'ticker_sentiment_label': 'Neutral'}, {'ticker': 'WMT', 'relevance_score': '0.737204', 'ticker_sentiment_score': '0.122022', 'ticker_sentiment_label': 'Neutral'}, {'ticker': 'AMZN', 'relevance_score': '0.627058', 'ticker_sentiment_score': '0.144704', 'ticker_sentiment_label': 'Neutral'}, {'ticker': 'UBER', 'relevance_score': '0.576711', 'ticker_sentiment_score': '0.117972', 'ticker_sentiment_label': 'Neutral'}]"
Netflix tanks as subscriber growth cools,https://www.foxbusiness.com/markets/netflix-shares-plunge-on-subscriber-slowdown,20210421T072800,['Lucas Manfredi'],"Netflix shares fell significantly after reporting only 4 million new subscribers in Q1 2021, a miss compared to its 6 million projection. The company attributed the slowdown to COVID-19 related production delays and faces growing competition from services like Disney+. Despite the subscriber miss, Netflix saw a 24% year-over-year revenue increase to $7.16 billion and expects growth to re-accelerate in the latter half of 2021 with new content.",https://cf-images.us-east-1.prod.boltdns.net/v1/static/854081161001/c37b08f7-808a-41fd-87d0-3920b1a42640/8bde4946-2efb-4e65-8b13-f8262338498d/1280x720/match/image.jpg,Fox Business,General,Fox Business,"[{'topic': 'earnings', 'relevance_score': '0.937356'}, {'topic': 'financial_markets', 'relevance_score': '0.827395'}, {'topic': 'technology', 'relevance_score': '0.743990'}, {'topic': 'economy_macro', 'relevance_score': '0.606636'}, {'topic': 'retail_wholesale', 'relevance_score': '0.645153'}]",-0.118785,Neutral,"[{'ticker': 'NFLX', 'relevance_score': '1.000000', 'ticker_sentiment_score': '-0.381040', 'ticker_sentiment_label': 'Bearish'}, {'ticker': 'DIS', 'relevance_score': '0.814478', 'ticker_sentiment_score': '-0.139677', 'ticker_sentiment_label': 'Neutral'}, {'ticker': 'AMZN', 'relevance_score': '0.631738', 'ticker_sentiment_score': '0.126652', 'ticker_sentiment_label': 'Neutral'}, {'ticker': 'CMCSA', 'relevance_score': '0.539121', 'ticker_sentiment_score': '-0.101445', 'ticker_sentiment_label': 'Neutral'}]"
"Formula 1's expansion in the U.S. is in motion, now it needs a star American driver",https://www.cnbc.com/2021/04/21/formula-1s-expansion-in-the-us-is-in-motion-now-it-needs-a-star-american-driver.html,20210421T111700,['Jabari Young'],"Formula 1 is expanding its presence in the U.S. with a new 10-year deal for a second race in Miami, complementing the existing U.S. Grand Prix in Austin. While Liberty Media's strategy for growth in the American market is taking shape, experts believe that securing a star American driver is the crucial next step to truly boost the sport's popularity and engagement in the nation. The article highlights potential American talent like Colton Herta and discusses F1's financial performance and viewership growth in the U.S.",,CNBC,General,CNBC,"[{'topic': 'energy_transportation', 'relevance_score': '0.926382'}]",0.266107,Somewhat-Bullish,"[{'ticker': 'FWONA', 'relevance_score': '1.000000', 'ticker_sentiment_score': '0.428742', 'ticker_sentiment_label': 'Bullish'}, {'ticker': 'CMCSA', 'relevance_score': '0.642686', 'ticker_sentiment_score': '0.209479', 'ticker_sentiment_label': 'Somewhat-Bullish'}, {'ticker': 'AMZN', 'relevance_score': '0.612013', 'ticker_sentiment_score': '0.113744', 'ticker_sentiment_label': 'Neutral'}, {'ticker': 'NFLX', 'relevance_score': '0.624327', 'ticker_sentiment_score': '0.223087', 'ticker_sentiment_label': 'Somewhat-Bullish'}]"
"Marvell closes on $10 billion Inphi deal, expanding data center and 5G business",https://www.cnbc.com/2021/04/21/marvell-closes-on-10-billion-inphi-deal-expanding-data-center-reach.html,20210421T185600,['Tyler Clifford'],"Marvell Technology has completed its $10 billion acquisition of Inphi after receiving approval from Chinese regulators, expanding its reach into data centers and 5G network infrastructure. CEO Matt Murphy noted the deal's overwhelmingly positive global customer support. The acquisition will enhance Marvell's growth in key markets such as 5G, cloud, and automotive, and Inphi's former CEO, Dr. Ford Tamer, has joined Marvell's board.",https://image.cnbcfm.com/api/v1/image/106872029-16190472224ED3-MM-Block-C-short-042121.jpg?v=1619047220&w=750&h=422&vtcrop=y,CNBC,General,CNBC,"[{'topic': 'mergers_and_acquisitions', 'relevance_score': '1.000000'}, {'topic': 'technology', 'relevance_score': '0.937787'}]",0.178757,Somewhat-Bullish,"[{'ticker': 'MRVL', 'relevance_score': '1.000000', 'ticker_sentiment_score': '0.443970', 'ticker_sentiment_label': 'Bullish'}, {'ticker': 'AVGO', 'relevance_score': '0.646494', 'ticker_sentiment_score': '0.144133', 'ticker_sentiment_label': 'Neutral'}, {'ticker': 'AMZN', 'relevance_score': '0.614578', 'ticker_sentiment_score': '0.121649', 'ticker_sentiment_label': 'Neutral'}, {'ticker': 'GOOGL', 'relevance_score': '0.601144', 'ticker_sentiment_score': '0.105600', 'ticker_sentiment_label': 'Neutral'}, {'ticker': 'META', 'relevance_score': '0.617973', 'ticker_sentiment_score': '0.123216', 'ticker_sentiment_label': 'Neutral'}]"
The Need for Continuous and Dynamic Threat Modeling,https://blogs.cisco.com/security/the-need-for-continuous-and-dynamic-threat-modeling,20210421T230018,"['Sujata Ramamoorthy', 'Mohammad Iqbal']","This article emphasizes the importance of continuous and dynamic threat modeling in DevSecOps environments, moving beyond static, point-in-time assessments. It highlights how agile development and cloud deployments remove traditional checks and balances, necessitating real-time monitoring for architecture drift. The authors propose methods to transform operational views into dynamic threat models, contextualize security requirements, and continuously monitor for deviations from baseline security.",,Cisco Blogs,General,Cisco Blogs,"[{'topic': 'technology', 'relevance_score': '0.920013'}]",0.291463,Somewhat-Bullish,"[{'ticker': 'CSCO', 'relevance_score': '1.000000', 'ticker_sentiment_score': '0.416733', 'ticker_sentiment_label': 'Bullish'}, {'ticker': 'AMZN', 'relevance_score': '0.643207', 'ticker_sentiment_score': '0.223286', 'ticker_sentiment_label': 'Somewhat-Bullish'}, {'ticker': 'GOOG', 'relevance_score': '0.641285', 'ticker_sentiment_score': '0.224588', 'ticker_sentiment_label': 'Somewhat-Bullish'}, {'ticker': 'GOOGL', 'relevance_score': '0.626404', 'ticker_sentiment_score': '0.237378', 'ticker_sentiment_label': 'Somewhat-Bullish'}]"
"Netflix Not-So-Secretly Wants to Be Disney, But Is It Placing the Right Bets?",https://observer.com/2021/04/netflix-wants-to-be-disney-reed-hastings/,20210421T230156,['Brandon Katz'],"Netflix is increasingly attempting to emulate Disney's strategy by focusing on key content verticals like animation, Hollywood blockbusters, and foreign shows. This shift comes as Netflix faces accelerating competition and a shrinking share of original digital demand, despite its large content budget. The article questions if these targeted investments will yield the same success and branding power as Disney's established intellectual property.",https://observer.com/wp-content/uploads/sites/2/2021/04/disney-netflix-card-2.jpg?quality=80&w=970,Observer,General,Observer,"[{'topic': 'technology', 'relevance_score': '0.814498'}]",0.063628,Neutral,"[{'ticker': 'DIS', 'relevance_score': '1.000000', 'ticker_sentiment_score': '-0.118562', 'ticker_sentiment_label': 'Neutral'}, {'ticker': 'NFLX', 'relevance_score': '1.000000', 'ticker_sentiment_score': '0.039003', 'ticker_sentiment_label': 'Neutral'}, {'ticker': 'AMZN', 'relevance_score': '0.638208', 'ticker_sentiment_score': '0.203070', 'ticker_sentiment_label': 'Somewhat-Bullish'}]"
Sour Jacks Unveils New Packaging and Varieties,https://www.packagingstrategies.com/articles/102873-sour-jacks-unveils-new-packaging-and-varieties,20210421T230213,[],"The Promotion In Motion Companies, Inc., has updated the packaging graphics and expanded the flavor lineup for its Sour Jacks Sour Wedge Candies. The new additions include Original Sour Jacks Sour Wedges, a five-flavor mix, joining revamped watermelon, wildberry, and green apple varieties. These sour candies are available nationwide in 4 oz. and 5 oz. Peg Bags.",https://www.packagingstrategies.com/ext/resources/fp/Sour_Jacks_web.webp?t=1679335600,Packaging Strategies,General,Packaging Strategies,"[{'topic': 'retail_wholesale', 'relevance_score': '0.827649'}]",0.213491,Somewhat-Bullish,"[{'ticker': 'DLTR', 'relevance_score': '0.617337', 'ticker_sentiment_score': '0.204143', 'ticker_sentiment_label': 'Somewhat-Bullish'}, {'ticker': 'AMZN', 'relevance_score': '0.623077', 'ticker_sentiment_score': '0.211906', 'ticker_sentiment_label': 'Somewhat-Bullish'}]"
Ball Corporation to Become Proud Sustainability Partner of Los Angeles Chargers,https://www.chargers.com/news/ball-corporation-partners-with-los-angeles-chargers,20210422T110000,['Chargers Communications'],"Ball Corporation announced a partnership with the Los Angeles Chargers to advance sustainability in sports and entertainment. This collaboration will focus on community engagement, increased use of aluminum beverage packaging, and game day activations to improve recycling education and processes. The partnership reinforces Ball's role as the official Infinitely Recyclable Aluminum Packaging Partner of SoFi Stadium and aims to implement real-world solutions to packaging waste.",,Los Angeles Chargers,General,Los Angeles Chargers,"[{'topic': 'manufacturing', 'relevance_score': '0.801622'}, {'topic': 'retail_wholesale', 'relevance_score': '0.601323'}]",0.431595,Bullish,"[{'ticker': 'BALL', 'relevance_score': '0.986478', 'ticker_sentiment_score': '0.744688', 'ticker_sentiment_label': 'Bullish'}, {'ticker': 'AMZN', 'relevance_score': '0.561143', 'ticker_sentiment_score': '0.110153', 'ticker_sentiment_label': 'Neutral'}]"
"Get Growth With Large Cap Stability With The ""VONG"" ETF",https://www.etftrends.com/smart-beta-content-hub/get-growth-with-large-cap-stability-with-the-vong-etf/,20210422T160926,['Ben Hernandez'],"The article highlights the Vanguard Russell 1000 Growth Index Fund ETF Shares (VONG) as a way for investors to achieve growth with large-cap stability. VONG tracks the Russell 1000 Growth Index, focusing on large-capitalization growth stocks in the U.S., performing well with a 60% increase in the past year, driven by major tech companies. It caters to investors seeking long-term growth opportunities and capital appreciation over dividends.",https://www.etftrends.com/wp-content/uploads/2020/06/image_placeholder.png,ETF Trends,General,ETF Trends,"[{'topic': 'financial_markets', 'relevance_score': '0.940986'}, {'topic': 'technology', 'relevance_score': '0.846858'}]",0.361726,Bullish,"[{'ticker': 'VONG', 'relevance_score': '1.000000', 'ticker_sentiment_score': '0.416764', 'ticker_sentiment_label': 'Bullish'}, {'ticker': 'AMZN', 'relevance_score': '0.638261', 'ticker_sentiment_score': '0.310520', 'ticker_sentiment_label': 'Somewhat-Bullish'}, {'ticker': 'AAPL', 'relevance_score': '0.612192', 'ticker_sentiment_score': '0.342786', 'ticker_sentiment_label': 'Somewhat-Bullish'}, {'ticker': 'MSFT', 'relevance_score': '0.647095', 'ticker_sentiment_score': '0.341617', 'ticker_sentiment_label': 'Somewhat-Bullish'}]"
"Get Growth With Large Cap Stability With The ""VONG"" ETF",https://www.etftrends.com/smart-beta-channel/get-growth-with-large-cap-stability-with-the-vong-etf/,20210422T213211,['Ben Hernandez'],"This article highlights the Vanguard Russell 1000 Growth Index Fund ETF Shares (VONG) as a means for investors to achieve growth with large-cap stability. VONG tracks the Russell 1000® Growth Index, focusing on large-capitalization growth stocks in the U.S. The ETF has shown significant growth over the past year, driven by prominent technology companies.",,ETF Trends,General,ETF Trends,"[{'topic': 'financial_markets', 'relevance_score': '0.806860'}, {'topic': 'technology', 'relevance_score': '0.745775'}]",0.243069,Somewhat-Bullish,"[{'ticker': 'VONE', 'relevance_score': '0.323213', 'ticker_sentiment_score': '0.044330', 'ticker_sentiment_label': 'Neutral'}, {'ticker': 'AMZN', 'relevance_score': '0.615444', 'ticker_sentiment_score': '0.338305', 'ticker_sentiment_label': 'Somewhat-Bullish'}, {'ticker': 'AAPL', 'relevance_score': '0.636946', 'ticker_sentiment_score': '0.300997', 'ticker_sentiment_label': 'Somewhat-Bullish'}, {'ticker': 'MSFT', 'relevance_score': '0.631305', 'ticker_sentiment_score': '0.343733', 'ticker_sentiment_label': 'Somewhat-Bullish'}]"
Equal-Weight Still Holds Quality for Growth Investors,https://etfdb.com/nasdaq-portfolio-solutions-content-hub/equal-weight-still-holds-quality-for-growth-investors/,20210422T232613,['Tom Lydon'],"The article discusses how equal-weighted Nasdaq-100 ETFs like QQQE and QQEW can be beneficial for growth investors, particularly those looking to mitigate concentration risk in the cap-weighted Nasdaq-100 Index. By equal weighting, these funds reduce reliance on mega-cap firms and add a value factor, offering a more balanced exposure to the underlying companies. This approach helps lessen the impact of poor performance from individual large constituents.",https://etfdb.com/media/W1siZiIsIjIwMjEvMTEvMDIvM3BqNmg2bG85eV9OYXNkYXFfT3ZlcmxheV9VcGRhdGVfMV8ucG5nIl1d/Nasdaq%20Overlay_Update%20%281%29.png,ETF Database,General,ETF Database,"[{'topic': 'financial_markets', 'relevance_score': '0.917432'}]",0.172419,Somewhat-Bullish,"[{'ticker': 'QQEW', 'relevance_score': '1.000000', 'ticker_sentiment_score': '0.300192', 'ticker_sentiment_label': 'Somewhat-Bullish'}, {'ticker': 'AAPL', 'relevance_score': '0.625131', 'ticker_sentiment_score': '0.143469', 'ticker_sentiment_label': 'Neutral'}, {'ticker': 'AMZN', 'relevance_score': '0.582912', 'ticker_sentiment_score': '0.138736', 'ticker_sentiment_label': 'Neutral'}]"
‘That’s crazy!’: Tesla CEO Musk gives carbon removal $100m boost,https://www.aljazeera.com/economy/2021/4/23/thats-crazy-tesla-ceo-musk-gives-carbon-removal-100m-boost,20210423T233427,['Reuters'],"Elon Musk has launched a $100 million prize competition to encourage the development of new carbon capture technologies. The initiative aims to address the pressing need for scalable and affordable methods to remove carbon dioxide from the atmosphere and oceans, thereby combating global warming. This four-year challenge, described as the largest incentive prize in history, seeks viable solutions capable of removing 1,000 tonnes of CO2 annually with long-term sequestration.",https://www.aljazeera.com/wp-content/uploads/2021/01/367643506.jpg?resize=770%2C513&quality=80,Al Jazeera,General,Al Jazeera,"[{'topic': 'technology', 'relevance_score': '0.822699'}, {'topic': 'energy_transportation', 'relevance_score': '0.712722'}]",0.289701,Somewhat-Bullish,"[{'ticker': 'TSLA', 'relevance_score': '1.000000', 'ticker_sentiment_score': '0.415628', 'ticker_sentiment_label': 'Bullish'}, {'ticker': 'MSFT', 'relevance_score': '0.604913', 'ticker_sentiment_score': '0.226446', 'ticker_sentiment_label': 'Somewhat-Bullish'}, {'ticker': 'AMZN', 'relevance_score': '0.601143', 'ticker_sentiment_score': '0.221081', 'ticker_sentiment_label': 'Somewhat-Bullish'}]"
"Amazon Inks RNG Agreement, Considers Possible Stake in Clean Energy Fuels",https://naturalgasintel.com/news/amazon-inks-rng-agreement-considers-possible-stake-in-clean-energy-fuels/,20210425T085300,['Richard Nemec'],"Amazon Inc. has signed a five-year agreement with Clean Energy Fuels Corp. for renewable natural gas (RNG) and may acquire up to a 20% stake in the fuel supplier. The deal involves supplying RNG to Amazon's investment unit starting April 16, 2021, through 27 existing and 19 new fueling stations. This initiative aligns with Amazon's goal to become carbon-neutral by 2040 and signifies growing corporate interest in clean energy solutions.",https://apppack-app-naturalgasintel-prod-publics3bucket-8jv5bxjtvpgq.s3.amazonaws.com/images/clean-energy-fuels-corp-truck-202.width-900.format-webp_Xt0kyKP.webp,Natural Gas Intelligence,General,Natural Gas Intelligence,"[{'topic': 'energy_transportation', 'relevance_score': '0.917309'}]",0.383158,Bullish,"[{'ticker': 'CLNE', 'relevance_score': '1.000000', 'ticker_sentiment_score': '0.413435', 'ticker_sentiment_label': 'Bullish'}, {'ticker': 'AMZN', 'relevance_score': '0.901612', 'ticker_sentiment_score': '0.339766', 'ticker_sentiment_label': 'Somewhat-Bullish'}]"
Oscars 2021: Netflix and Disney dominate in streaming’s biggest year,https://www.latimes.com/entertainment-arts/business/story/2021-04-25/2021-oscars-studios-scorecard-netflix-disney-nomadland,20210425T210800,['Ryan Faughnder'],"The 93rd Academy Awards saw Netflix and Disney dominate, reflecting the streaming-centric year. Netflix, despite losing Best Picture to Disney-owned Searchlight's “Nomadland,” secured seven awards, making it the top distributor. Disney, including wins from Searchlight and Pixar, also performed strongly with five trophies, solidifying streaming services' significant presence in the awards landscape.",,Los Angeles Times,General,Los Angeles Times,"[{'topic': 'earnings', 'relevance_score': '0.813601'}, {'topic': 'mergers_and_acquisitions', 'relevance_score': '0.625121'}, {'topic': 'technology', 'relevance_score': '0.716607'}, {'topic': 'retail_wholesale', 'relevance_score': '0.602688'}]",0.20255,Somewhat-Bullish,"[{'ticker': 'NFLX', 'relevance_score': '1.000000', 'ticker_sentiment_score': '0.287370', 'ticker_sentiment_label': 'Somewhat-Bullish'}, {'ticker': 'DIS', 'relevance_score': '0.858286', 'ticker_sentiment_score': '0.269027', 'ticker_sentiment_label': 'Somewhat-Bullish'}, {'ticker': 'T', 'relevance_score': '0.649986', 'ticker_sentiment_score': '0.137129', 'ticker_sentiment_label': 'Neutral'}, {'ticker': 'AMZN', 'relevance_score': '0.555327', 'ticker_sentiment_score': '0.148260', 'ticker_sentiment_label': 'Neutral'}]"
"Popular clothing retailer TJ Maxx relocates, opens in Lincoln Plaza",https://www.telegram.com/story/news/2021/04/25/tj-maxx-homegoods-retail-clothing-housewares-worcester-department-store-lincoln-plaza/7374716002/,20210425T212229,['Rick Eggleston'],"Following the closure of the Greendale Mall, TJ Maxx has relocated and opened a new store in Lincoln Plaza, Worcester. The new location, which also includes a HomeGoods, fills a void left by Barnes & Noble and is part of TJX Companies Inc.",,Worcester Telegram,General,Worcester Telegram,"[{'topic': 'retail_wholesale', 'relevance_score': '0.908515'}]",0.216258,Somewhat-Bullish,"[{'ticker': 'TJX', 'relevance_score': '0.925169', 'ticker_sentiment_score': '0.310358', 'ticker_sentiment_label': 'Somewhat-Bullish'}, {'ticker': 'AMZN', 'relevance_score': '0.618325', 'ticker_sentiment_score': '0.136747', 'ticker_sentiment_label': 'Neutral'}]"
SiriusXM acquires Roman Mars’ 99% Invisible and a bigger stake in the podcasting world,https://www.theverge.com/2021/4/26/22403852/siriusxm-roman-mars-99-percent-invisible-acquire-stitcher,20210426T175900,['Ashley Carman'],"SiriusXM has acquired Roman Mars' podcast company 99% Invisible Inc., integrating Mars and his team under its Stitcher brand. This acquisition allows Mars to focus on content creation while benefiting from SiriusXM's resources and distribution across platforms like Stitcher, Pandora, and SiriusXM apps. The move highlights the ongoing consolidation in the podcasting industry as larger tech companies vie for top talent and content.",https://platform.theverge.com/wp-content/uploads/sites/2/chorus/uploads/chorus_asset/file/22471067/99_Invisible_Logo.jpg?quality=90&strip=all&crop=0%2C16.766666666667%2C100%2C66.666666666667&w=2400,The Verge,General,The Verge,"[{'topic': 'mergers_and_acquisitions', 'relevance_score': '0.935058'}, {'topic': 'technology', 'relevance_score': '0.801876'}]",0.214673,Somewhat-Bullish,"[{'ticker': 'SIRI', 'relevance_score': '1.000000', 'ticker_sentiment_score': '0.300798', 'ticker_sentiment_label': 'Somewhat-Bullish'}, {'ticker': 'AMZN', 'relevance_score': '0.701697', 'ticker_sentiment_score': '0.131421', 'ticker_sentiment_label': 'Neutral'}, {'ticker': 'AAPL', 'relevance_score': '0.613558', 'ticker_sentiment_score': '0.124760', 'ticker_sentiment_label': 'Neutral'}]"
How managed multi-cloud services help create an industrialized approach,https://www.wipro.com/blogs/girish-jagajampi/how-managed-multi-cloud-services-help-create-an-industrialized-approach/,20210426T213249,['Girish Jagajampi'],"This article discusses how managed multi-cloud services enable enterprises to adopt an industrialized approach to IT, ensuring agility and effective management of both cloud and non-cloud resources. It highlights how these services help meet business imperatives, foster innovation through CoEs and advanced technologies, and optimize IT consumption. Wipro's BoundaryLess Enterprise (BLE) platform is presented as a solution for accelerating cloud transformation and aligning business objectives with IT resource consumption.",,Wipro,General,Wipro,"[{'topic': 'technology', 'relevance_score': '0.914748'}]",0.254462,Somewhat-Bullish,"[{'ticker': 'WIT', 'relevance_score': '0.951113', 'ticker_sentiment_score': '0.339307', 'ticker_sentiment_label': 'Somewhat-Bullish'}, {'ticker': 'MSFT', 'relevance_score': '0.647335', 'ticker_sentiment_score': '0.287268', 'ticker_sentiment_label': 'Somewhat-Bullish'}, {'ticker': 'IBM', 'relevance_score': '0.572310', 'ticker_sentiment_score': '0.237018', 'ticker_sentiment_label': 'Somewhat-Bullish'}, {'ticker': 'AMZN', 'relevance_score': '0.559901', 'ticker_sentiment_score': '0.254874', 'ticker_sentiment_label': 'Somewhat-Bullish'}, {'ticker': 'ORCL', 'relevance_score': '0.586830', 'ticker_sentiment_score': '0.228349', 'ticker_sentiment_label': 'Somewhat-Bullish'}]"
"First Person: Litigator David Boies On Antitrust, Tech And The Government V. Microsoft",https://www.wbur.org/onpoint/2021/04/26/first-person-litigator-david-boies-on-antitrust-tech-and-the-government-v-microsoft,20210426T231939,"['Dorey Scheimer', 'Tim Skoog', 'Meghna Chakrabarti']","Litigator David Boies discusses his experience representing the government in the landmark antitrust case against Microsoft in the late 1990s. He explains how Microsoft's monopolistic practices were challenged and reflects on the lessons learned from that case, particularly concerning the applicability of antitrust laws to technology companies. Boies also touches on the challenges of applying these regulations to modern tech giants like Amazon, emphasizing the need for fact-specific analysis.",https://wordpress.wbur.org/wp-content/uploads/2021/04/GettyImages-1410953-1000x665.jpg,WBUR,General,WBUR,"[{'topic': 'technology', 'relevance_score': '1.000000'}, {'topic': 'economy_fiscal', 'relevance_score': '0.841397'}, {'topic': 'financial_markets', 'relevance_score': '0.607036'}]",0.02322,Neutral,"[{'ticker': 'MSFT', 'relevance_score': '1.000000', 'ticker_sentiment_score': '0.000218', 'ticker_sentiment_label': 'Neutral'}, {'ticker': 'AMZN', 'relevance_score': '0.756626', 'ticker_sentiment_score': '0.025110', 'ticker_sentiment_label': 'Neutral'}, {'ticker': 'IBM', 'relevance_score': '0.633281', 'ticker_sentiment_score': '0.042299', 'ticker_sentiment_label': 'Neutral'}]"
Chart of the day: Fuel cell industry profits,https://www.canarymedia.com/articles/electrification/chart-of-the-day-fuel-cell-industry-profits,20210426T232449,['Eric Wesoff'],"Despite a significant boost in stock prices for public fuel cell companies in 2020 due to the ""hydrogen funding wave"", their profits did not follow suit. The article highlights persistent financial losses and slow growth in the sector, citing companies like Ballard Power and Plug Power, and discusses the technological challenges and ongoing R&D efforts to improve fuel cell viability.",https://img.canarymedia.com/content/uploads/Screen-Shot-2021-04-26-at-12.20.22-PM.png?auto=compress%2Cformat&crop=focalpoint&fit=crop&fp-x=0.5&fp-y=0.5&h=501&q=80&w=864&s=910bc83c4d94c1e0d40eb8a46994746f,Canary Media,General,Canary Media,"[{'topic': 'earnings', 'relevance_score': '0.927001'}, {'topic': 'energy_transportation', 'relevance_score': '0.810343'}, {'topic': 'technology', 'relevance_score': '0.716451'}]",-0.109725,Neutral,"[{'ticker': 'PLUG', 'relevance_score': '1.000000', 'ticker_sentiment_score': '-0.233532', 'ticker_sentiment_label': 'Somewhat-Bearish'}, {'ticker': 'AMZN', 'relevance_score': '0.647683', 'ticker_sentiment_score': '0.037257', 'ticker_sentiment_label': 'Neutral'}, {'ticker': 'WMT', 'relevance_score': '0.609764', 'ticker_sentiment_score': '0.005735', 'ticker_sentiment_label': 'Neutral'}]"
Experian’s Credit Freeze Security is Still a Joke,https://krebsonsecurity.com/2021/04/experians-credit-freeze-security-is-still-a-joke/,20210426T233418,[],"This article criticizes Experian's credit freeze security, highlighting that it remains vulnerable to identity theft despite being exposed in 2017. It details how Experian's ""request your PIN"" feature is easily exploited using publicly available information and how the company pushes paid ""CreditLock"" services for enhanced security that should be standard with a free freeze. The author argues that Experian prioritizes profit over consumer data protection, mirroring similar security flaws found in Equifax and TransUnion.",https://krebsonsecurity.com/b-doppel/5.png,Krebs on Security,General,Krebs on Security,"[{'topic': 'finance', 'relevance_score': '0.939658'}, {'topic': 'economy_macro', 'relevance_score': '0.734884'}]",-0.14299,Neutral,"[{'ticker': 'TRU', 'relevance_score': '0.318376', 'ticker_sentiment_score': '0.046244', 'ticker_sentiment_label': 'Neutral'}, {'ticker': 'EFX', 'relevance_score': '1.000000', 'ticker_sentiment_score': '-0.620047', 'ticker_sentiment_label': 'Bearish'}, {'ticker': 'FICO', 'relevance_score': '0.708205', 'ticker_sentiment_score': '-0.215738', 'ticker_sentiment_label': 'Somewhat-Bearish'}, {'ticker': 'GOOG', 'relevance_score': '0.602923', 'ticker_sentiment_score': '0.125526', 'ticker_sentiment_label': 'Neutral'}, {'ticker': 'AMZN', 'relevance_score': '0.601523', 'ticker_sentiment_score': '0.107729', 'ticker_sentiment_label': 'Neutral'}]"
Tesla beats quarterly revenue expectations on robust demand,https://www.aljazeera.com/economy/2021/4/26/tesla-beats-quarterly-revenue-expectations-on-robust-demand,20210426T233427,"['Dana Hull', 'Bloomberg']","Tesla Inc. reported its seventh consecutive quarter of profit, exceeding revenue expectations due to strong demand for its Model 3 sedan. The company reiterated its multi-year outlook for 50% growth in deliveries and is expanding operations across three continents with new factories in Texas and Berlin. Despite a positive quarter, Tesla faces increased competition from both established automakers and new EV startups.",https://www.aljazeera.com/wp-content/uploads/2021/04/tsla.jpg?resize=770%2C513&quality=80,Al Jazeera,General,Al Jazeera,"[{'topic': 'earnings', 'relevance_score': '0.920675'}, {'topic': 'energy_transportation', 'relevance_score': '0.808839'}, {'topic': 'technology', 'relevance_score': '0.740578'}]",0.10847,Neutral,"[{'ticker': 'TSLA', 'relevance_score': '1.000000', 'ticker_sentiment_score': '0.296480', 'ticker_sentiment_label': 'Somewhat-Bullish'}, {'ticker': 'GM', 'relevance_score': '0.618680', 'ticker_sentiment_score': '0.015711', 'ticker_sentiment_label': 'Neutral'}, {'ticker': 'AMZN', 'relevance_score': '0.588503', 'ticker_sentiment_score': '0.002716', 'ticker_sentiment_label': 'Neutral'}]"
Unilever snaps up US supplements firm Onnit,https://www.just-food.com/news/unilever-snaps-up-us-supplements-firm-onnit/,20210426T233526,['Andy Coyne'],"Unilever has acquired Onnit, a US-based holistic wellness and lifestyle company specializing in supplements, including the nootropic Alpha Brain, and a range of packaged food and sports nutrition products. This acquisition aligns with Unilever's strategy to expand its portfolio in innovative wellness and supplement brands, following prior purchases of SmartyPants Vitamins and Olly Nutrition. Onnit will continue its operations in Austin, Texas, with its founder Aubrey Marcus remaining a brand ambassador.",https://www.just-food.com/wp-content/uploads/sites/28/2021/05/2021-04-26-15-53-onnit3_cropped_80.jpeg,Global Food Industry News,General,Global Food Industry News,"[{'topic': 'mergers_and_acquisitions', 'relevance_score': '1.000000'}, {'topic': 'retail_wholesale', 'relevance_score': '0.734460'}, {'topic': 'life_sciences', 'relevance_score': '0.623602'}, {'topic': 'finance', 'relevance_score': '0.644039'}]",0.140079,Neutral,"[{'ticker': 'UL', 'relevance_score': '1.000000', 'ticker_sentiment_score': '0.323645', 'ticker_sentiment_label': 'Somewhat-Bullish'}, {'ticker': 'AMZN', 'relevance_score': '0.605317', 'ticker_sentiment_score': '0.128503', 'ticker_sentiment_label': 'Neutral'}, {'ticker': 'WMT', 'relevance_score': '0.645840', 'ticker_sentiment_score': '0.143158', 'ticker_sentiment_label': 'Neutral'}, {'ticker': 'KR', 'relevance_score': '0.637659', 'ticker_sentiment_score': '0.112128', 'ticker_sentiment_label': 'Neutral'}, {'ticker': 'KKR', 'relevance_score': '0.643555', 'ticker_sentiment_score': '0.107657', 'ticker_sentiment_label': 'Neutral'}]"
FedEx is the engine of e-commerce during COVID-19,https://blog.adobe.com/en/publish/2021/04/27/fedex-chooses-adobe-power-engine-ecommerce-during-covid,20210427T201243,[],"FedEx has served as a crucial engine for e-commerce during the COVID-19 pandemic, leveraging Adobe Experience Cloud solutions to meet surging customer demands. The company rapidly expanded capacity and adapted its digital platforms to handle increased online shopping, personalizing experiences for businesses and consumers alike. FedEx's long-term planning and agility, along with tools like FedEx Delivery Manager, enabled them to navigate unprecedented growth and a challenging holiday season.",,Adobe,General,Adobe,"[{'topic': 'technology', 'relevance_score': '0.815214'}, {'topic': 'retail_wholesale', 'relevance_score': '0.817442'}, {'topic': 'energy_transportation', 'relevance_score': '0.719973'}, {'topic': 'economy_macro', 'relevance_score': '0.618270'}]",0.410185,Bullish,"[{'ticker': 'FDX', 'relevance_score': '0.957607', 'ticker_sentiment_score': '0.630081', 'ticker_sentiment_label': 'Bullish'}, {'ticker': 'ADBE', 'relevance_score': '0.715532', 'ticker_sentiment_score': '0.444757', 'ticker_sentiment_label': 'Bullish'}, {'ticker': 'WMT', 'relevance_score': '0.632999', 'ticker_sentiment_score': '0.280465', 'ticker_sentiment_label': 'Somewhat-Bullish'}, {'ticker': 'AMZN', 'relevance_score': '0.570370', 'ticker_sentiment_score': '0.208333', 'ticker_sentiment_label': 'Somewhat-Bullish'}]"
Looking for an ETF to Hold for the Long-Term?,https://www.etftrends.com/smart-beta-channel/looking-for-etf-for-long-term/,20210427T211139,['Ben Hernandez'],"The article suggests the Schwab U.S. Large-Cap Growth ETF (SCHG) as a long-term investment option, highlighting its strong performance and holdings in major growth companies. It emphasizes the potential for significant long-term returns through consistent investing in such ETFs, despite the allure of instant gratification.",,ETF Trends,General,ETF Trends,"[{'topic': 'financial_markets', 'relevance_score': '0.935586'}, {'topic': 'finance', 'relevance_score': '0.803762'}]",0.732842,Bullish,"[{'ticker': 'SCHG', 'relevance_score': '1.000000', 'ticker_sentiment_score': '0.825786', 'ticker_sentiment_label': 'Bullish'}, {'ticker': 'AAPL', 'relevance_score': '0.726420', 'ticker_sentiment_score': '0.714110', 'ticker_sentiment_label': 'Bullish'}, {'ticker': 'MSFT', 'relevance_score': '0.716930', 'ticker_sentiment_score': '0.738231', 'ticker_sentiment_label': 'Bullish'}, {'ticker': 'AMZN', 'relevance_score': '0.739363', 'ticker_sentiment_score': '0.723851', 'ticker_sentiment_label': 'Bullish'}, {'ticker': 'META', 'relevance_score': '0.724905', 'ticker_sentiment_score': '0.731553', 'ticker_sentiment_label': 'Bullish'}]"
Arm Puts Some Muscle Into Future Neoverse Server CPU Designs,https://www.nextplatform.com/2021/04/27/arm-puts-some-muscle-into-future-neoverse-server-cpu-designs/,20210427T225253,['Timothy Prickett Morgan'],"Arm is unveiling details about its future Neoverse V1 (""Zeus"") and N2 (""Perseus"") server CPU designs, aimed at the datacenter and edge. The V1 core is designed for high-performance computing and enterprise workloads, offering significantly better single-threaded integer performance than its predecessor, while the N2 core optimizes for performance per dollar and watt, targeting mainstream infrastructure servers. These new designs, based on the upcoming Armv9-A architecture, highlight Arm's continued push into the server market with tailored solutions.",https://www.nextplatform.com/wp-content/uploads/2020/09/arm-neoverse-chip-logo-777x438.jpg,The Next Platform,General,The Next Platform,"[{'topic': 'technology', 'relevance_score': '0.928896'}]",0.223867,Somewhat-Bullish,"[{'ticker': 'ARM', 'relevance_score': '1.000000', 'ticker_sentiment_score': '0.442201', 'ticker_sentiment_label': 'Bullish'}, {'ticker': 'AMD', 'relevance_score': '0.731287', 'ticker_sentiment_score': '0.118893', 'ticker_sentiment_label': 'Neutral'}, {'ticker': 'INTC', 'relevance_score': '0.732126', 'ticker_sentiment_score': '0.119279', 'ticker_sentiment_label': 'Neutral'}, {'ticker': 'AMZN', 'relevance_score': '0.624109', 'ticker_sentiment_score': '0.346766', 'ticker_sentiment_label': 'Somewhat-Bullish'}, {'ticker': 'NVDA', 'relevance_score': '0.610769', 'ticker_sentiment_score': '0.218424', 'ticker_sentiment_label': 'Somewhat-Bullish'}]"
Form 8-K IDEX CORP /DE/ For: Apr 27,https://www.streetinsider.com/SEC+Filings/Form+8-K+IDEX+CORP+DE+For%3A+Apr+27/18322787.html,20210428T093200,[],"IDEX Corporation reported strong first-quarter 2021 financial results, with record orders and sales up 10% overall and 6% organically. The company raised its full-year adjusted EPS guidance to $6.05-$6.20 and announced the acquisition of AirTech Group, Inc. These results reflect improving market conditions and effective capital deployment strategies.",,StreetInsider,General,StreetInsider,"[{'topic': 'earnings', 'relevance_score': '0.919949'}, {'topic': 'mergers_and_acquisitions', 'relevance_score': '0.846265'}, {'topic': 'manufacturing', 'relevance_score': '0.730801'}, {'topic': 'finance', 'relevance_score': '0.635696'}, {'topic': 'economy_macro', 'relevance_score': '0.639609'}]",0.34844,Somewhat-Bullish,"[{'ticker': 'IEX', 'relevance_score': '1.000000', 'ticker_sentiment_score': '0.490844', 'ticker_sentiment_label': 'Bullish'}, {'ticker': 'J', 'relevance_score': '0.612338', 'ticker_sentiment_score': '0.191615', 'ticker_sentiment_label': 'Somewhat-Bullish'}, {'ticker': 'AMZN', 'relevance_score': '0.567446', 'ticker_sentiment_score': '0.305914', 'ticker_sentiment_label': 'Somewhat-Bullish'}, {'ticker': 'AAPL', 'relevance_score': '0.563491', 'ticker_sentiment_score': '0.347004', 'ticker_sentiment_label': 'Somewhat-Bullish'}]"
Spotify forecasts weak quarter as subscriber growth falters,https://www.reuters.com/technology/spotify-results-beat-estimates-more-users-tune-2021-04-28/,20210428T164600,['Reuters'],"Spotify Technology SA has forecast second-quarter paid subscribers below Wall Street estimates, despite its first-quarter results beating expectations due to growth in countries like the United States and India. The company faces increasing competition from rivals such as Apple Music and Amazon Music, with Apple also launching a new paid subscription platform challenging Spotify's podcast ambitions. Spotify anticipates total premium subscribers between 162 million and 166 million for Q2, while analysts expected 166.1 million.",https://www.reuters.com/resizer/v2/FVWKY2AXB5KA5AJR7VM42UZXBY.jpg?auth=79691076346631c10aa6aac3ace1b6cad6104d1f1adfd4eea413eb4b2b59ce4e&width=1080&quality=80,Reuters,General,Reuters,"[{'topic': 'earnings', 'relevance_score': '0.920983'}, {'topic': 'technology', 'relevance_score': '0.803257'}]",-0.152745,Somewhat-Bearish,"[{'ticker': 'SPOT', 'relevance_score': '1.000000', 'ticker_sentiment_score': '-0.231390', 'ticker_sentiment_label': 'Somewhat-Bearish'}, {'ticker': 'AAPL', 'relevance_score': '0.704221', 'ticker_sentiment_score': '-0.129173', 'ticker_sentiment_label': 'Neutral'}, {'ticker': 'AMZN', 'relevance_score': '0.623872', 'ticker_sentiment_score': '-0.137571', 'ticker_sentiment_label': 'Neutral'}]"
Apple sales smash expectations on surging demand for devices,https://www.aljazeera.com/economy/2021/4/28/apple-apple-apple-apple,20210428T192603,['Mark Gurman and Bloomberg'],"Apple Inc. reported fiscal second-quarter sales of $89.6 billion, significantly exceeding Wall Street expectations, driven by strong demand for the 5G iPhone 12 line, iPads, and Mac computers as people continued working and learning from home. The company's iPad and Mac sales nearly doubled, demonstrating its control over the supply chain and its profitability during the pandemic. Apple also increased its dividend by 7% and expanded its share buyback program by an additional $90 billion.",,Al Jazeera,General,Al Jazeera,"[{'topic': 'earnings', 'relevance_score': '1.000000'}, {'topic': 'technology', 'relevance_score': '0.929239'}, {'topic': 'financial_markets', 'relevance_score': '0.803602'}]",0.48008,Bullish,"[{'ticker': 'AAPL', 'relevance_score': '1.000000', 'ticker_sentiment_score': '0.862378', 'ticker_sentiment_label': 'Bullish'}, {'ticker': 'AMZN', 'relevance_score': '0.641292', 'ticker_sentiment_score': '0.136575', 'ticker_sentiment_label': 'Neutral'}]"
"A message from Darcie Henry, Amazon VP of People eXperience and Technology, Worldwide Consumer",https://www.aboutamazon.com/news/operations/a-message-from-darcie-henry-amazon-vp-of-people-experience-and-technology-worldwide-consumer,20210428T193549,['Darcie Henry'],"Amazon is increasing pay for more than 500,000 employees in Customer Fulfillment, Delivery, Package Sortation, and Specialty Fulfillment teams, with raises between 50 cents and $3 an hour, totaling over $1 billion in incremental pay. This builds on an industry-leading starting wage of at least $15 an hour and an additional $2.5 billion invested in bonuses and incentives last year. These positions include a comprehensive benefits package and opportunities for career advancement in a safe and inclusive environment.",,About Amazon,General,About Amazon,"[{'topic': 'retail_wholesale', 'relevance_score': '0.831870'}, {'topic': 'finance', 'relevance_score': '0.619904'}]",0.413079,Bullish,"[{'ticker': 'AMZN', 'relevance_score': '1.000000', 'ticker_sentiment_score': '0.406146', 'ticker_sentiment_label': 'Bullish'}]"
SOPREMA Welcomes Jeff Guritza as Director of Marketing,https://www.roofingcontractor.com/articles/95607-soprema-welcomes-jeff-guritza-as-director-of-marketing,20210428T225129,[],"SOPREMA Inc. has appointed Jeff Guritza as its new director of marketing, bringing over 25 years of global industrial marketing experience from prominent companies. Guritza will oversee all marketing initiatives, focusing on demand generation and enhancing the customer journey. This strategic hire is aimed at expanding SOPREMA's market visibility and proactively generating demand for its diverse product lines during a period of growth.",https://www.roofingcontractor.com/ext/resources/RC/2021/Jeff-Guritza-headshot_v2.webp?t=1619636472,Roofing Contractor,General,Roofing Contractor,"[{'topic': 'manufacturing', 'relevance_score': '0.945566'}, {'topic': 'retail_wholesale', 'relevance_score': '0.632045'}]",0.228561,Somewhat-Bullish,"[{'ticker': 'AIT', 'relevance_score': '0.341513', 'ticker_sentiment_score': '0.026404', 'ticker_sentiment_label': 'Neutral'}, {'ticker': 'WMT', 'relevance_score': '0.647535', 'ticker_sentiment_score': '0.316163', 'ticker_sentiment_label': 'Somewhat-Bullish'}, {'ticker': 'AMZN', 'relevance_score': '0.648462', 'ticker_sentiment_score': '0.310582', 'ticker_sentiment_label': 'Somewhat-Bullish'}]"
How to get started reselling common products on EBay and other sites,https://www.latimes.com/business/story/2021-04-28/how-to-get-started-reselling-common-products,20210428T230259,['Ronald D. White'],"During the pandemic, many people began reselling common consumer products on sites like EBay due to financial concerns or excess items. This article provides a guide for aspiring resellers, addressing common questions about legality, sourcing products, and startup costs. It also highlights the increase in new sellers on platforms like EBay, which has partnered with liquidators to provide inventory.",https://ca-times.brightspotcdn.com/dims4/default/772aba0/2147483647/strip/true/crop/2048x1512+0+0/resize/1200x886!/quality/75/?url=https%3A%2F%2Fcalifornia-times-brightspot.s3.amazonaws.com%2F67%2F41%2F0cce34f3fb62bb381f37e43b32b6%2Fla-sci-sn-women-sellers-ebay-20160218,Los Angeles Times,General,Los Angeles Times,"[{'topic': 'retail_wholesale', 'relevance_score': '0.832043'}, {'topic': 'finance', 'relevance_score': '0.720521'}, {'topic': 'economy_macro', 'relevance_score': '0.605937'}]",0.155548,Somewhat-Bullish,"[{'ticker': 'EBAY', 'relevance_score': '1.000000', 'ticker_sentiment_score': '0.310690', 'ticker_sentiment_label': 'Somewhat-Bullish'}, {'ticker': 'AMZN', 'relevance_score': '0.747798', 'ticker_sentiment_score': '0.114016', 'ticker_sentiment_label': 'Neutral'}, {'ticker': 'TGT', 'relevance_score': '0.609162', 'ticker_sentiment_score': '0.108957', 'ticker_sentiment_label': 'Neutral'}, {'ticker': 'WMT', 'relevance_score': '0.621953', 'ticker_sentiment_score': '0.129733', 'ticker_sentiment_label': 'Neutral'}, {'ticker': 'COST', 'relevance_score': '0.612226', 'ticker_sentiment_score': '0.144329', 'ticker_sentiment_label': 'Neutral'}]"
"Morgan Stanley, Veteran Broker Dinged $800k Over Amazon Short",https://www.advisorhub.com/morgan-stanley-veteran-broker-dinged-800k-over-amazon-short/,20210428T231930,['Jake Martin'],"Morgan Stanley and veteran broker Jacob G. Shapira have been ordered to pay nearly $800,000 in damages to Israeli company Mikedmat Dena Inc. following unsuitable and unauthorized trades, including shorting Amazon stock. The FINRA arbitration panel found Shapira liable for trades made between 2015 and 2020. Shapira has a history of customer disputes, with several prior complaints alleging unsuitable and unauthorized trading.",https://www.advisorhub.com/wp-content/uploads/2021/04/Amazon-772x485-1-600x390.jpg,AdvisorHub,General,AdvisorHub,"[{'topic': 'finance', 'relevance_score': '0.919276'}]",-0.298225,Somewhat-Bearish,"[{'ticker': 'MS', 'relevance_score': '1.000000', 'ticker_sentiment_score': '-0.493960', 'ticker_sentiment_label': 'Bearish'}, {'ticker': 'AMZN', 'relevance_score': '0.730953', 'ticker_sentiment_score': '-0.229130', 'ticker_sentiment_label': 'Somewhat-Bearish'}, {'ticker': 'TSLA', 'relevance_score': '0.579909', 'ticker_sentiment_score': '-0.215303', 'ticker_sentiment_label': 'Somewhat-Bearish'}]"
Uber Rides App to Prompt Food-Delivery Orders,https://www.wsj.com/business/hospitality/uber-tweaks-app-to-further-integrate-food-with-rides-11619622303?gaa_at=eafs&gaa_n=AWEtsqdVEy8kkzjsACbiDBOt32m6Oz_S6P23hEVvU85ObRiWIGrSZHfmOABg&gaa_ts=699b9636&gaa_sig=cK2DpxsosmyFB0eDRmQJlaK0IIL9E6WJt43j9r337AGKTzmxhYtbCmGj9twviLD0v60uhCW4b1LLvyjOcnsjyw%3D%3D,20210428T233516,['Preetika Rana'],"Uber is integrating its rides and food-delivery businesses further by adding features to its app. The company will prompt passengers requesting rides from airports about food delivery options via Uber Eats, and an Uber One feature will allow users to pick up meals while en route. This strategy aims to drive business to Uber Eats as the rides sector recovers from the pandemic and food delivery demand is expected to normalize.",https://images.wsj.net/im-330896/?width=639&height=1208,The Wall Street Journal,General,The Wall Street Journal,"[{'topic': 'retail_wholesale', 'relevance_score': '0.747416'}, {'topic': 'technology', 'relevance_score': '0.803009'}, {'topic': 'energy_transportation', 'relevance_score': '0.604834'}]",0.205217,Somewhat-Bullish,"[{'ticker': 'UBER', 'relevance_score': '1.000000', 'ticker_sentiment_score': '0.320913', 'ticker_sentiment_label': 'Somewhat-Bullish'}, {'ticker': 'DASH', 'relevance_score': '0.723901', 'ticker_sentiment_score': '0.216892', 'ticker_sentiment_label': 'Somewhat-Bullish'}, {'ticker': 'AMZN', 'relevance_score': '0.618096', 'ticker_sentiment_score': '0.115842', 'ticker_sentiment_label': 'Neutral'}]"
Greenlight waves in Wells Fargo to raise $260m,https://globalventuring.com/blog/2021/04/28/greenlight-waves-in-wells-fargo/,20210428T233745,['Jordan Williams'],"Greenlight Financial Technology, a US-based provider of banking platforms for children, successfully raised $260 million in a Series D funding round, valuing the company at $2.3 billion. Wells Fargo's Strategic Capital unit was among the investors, with Andreessen Horowitz leading the round. This funding will be used to accelerate product development, expand geographically, and invest in distribution partnerships for Greenlight's money management platform and debit card.",,Global Venturing,General,Global Venturing,"[{'topic': 'finance', 'relevance_score': '0.929636'}, {'topic': 'technology', 'relevance_score': '0.807827'}]",0.127735,Neutral,"[{'ticker': 'WFC-P-C', 'relevance_score': '0.316806', 'ticker_sentiment_score': '0.020266', 'ticker_sentiment_label': 'Neutral'}, {'ticker': 'WFC', 'relevance_score': '0.908821', 'ticker_sentiment_score': '0.345373', 'ticker_sentiment_label': 'Somewhat-Bullish'}, {'ticker': 'JPM', 'relevance_score': '0.643914', 'ticker_sentiment_score': '0.105709', 'ticker_sentiment_label': 'Neutral'}, {'ticker': 'AMZN', 'relevance_score': '0.579153', 'ticker_sentiment_score': '0.101863', 'ticker_sentiment_label': 'Neutral'}]"
Walt Disney Company confirms AWS as preferred cloud partner for Disney+ streaming service,https://www.computerweekly.com/news/252499973/Walt-Disney-Company-confirms-AWS-as-preferred-cloud-partner-for-Disney-streaming-service,20210429T121500,['Caroline Donnelly'],"The Walt Disney Company has designated Amazon Web Services (AWS) as its preferred cloud partner for the Disney+ streaming service, which has garnered over 100 million subscribers globally. Disney+ leveraged AWS for its rapid international expansion and will further integrate AWS's machine learning, database, storage, and analytics services. This partnership highlights AWS's broader strategy to offer sector-specific cloud services for the media and entertainment industry.",,Computer Weekly,General,Computer Weekly,"[{'topic': 'technology', 'relevance_score': '0.900458'}]",0.45347,Bullish,"[{'ticker': 'DIS', 'relevance_score': '1.000000', 'ticker_sentiment_score': '0.493646', 'ticker_sentiment_label': 'Bullish'}, {'ticker': 'AMZN', 'relevance_score': '0.905826', 'ticker_sentiment_score': '0.403256', 'ticker_sentiment_label': 'Bullish'}]"
The Walt Disney Company partners AWS for Disney+ expansion,https://capacityglobal.com/news/the-walt-disney-company-partners-aws-for-disney-expansion/,20210429T200624,['Natalie Bannerman'],"The Walt Disney Company has partnered with Amazon Web Services (AWS) for the global rollout and expansion of its Disney+ streaming service. AWS has been Disney's preferred public cloud infrastructure provider, supporting Disney+'s growth to over 100 million subscribers in 59 countries. This expanded partnership will see Disney+ leverage more than 50 AWS technologies, including machine learning, database, storage, and analytics, to enhance its content delivery and platform efficacy.",,capacityglobal.com,General,capacityglobal.com,"[{'topic': 'technology', 'relevance_score': '1.000000'}]",0.443564,Bullish,"[{'ticker': 'DIS', 'relevance_score': '0.972479', 'ticker_sentiment_score': '0.471313', 'ticker_sentiment_label': 'Bullish'}, {'ticker': 'AMZN', 'relevance_score': '0.850639', 'ticker_sentiment_score': '0.403933', 'ticker_sentiment_label': 'Bullish'}]"
"Consumer spending, streaming propel Amazon to second straight quarter of more than $100B in revenue",https://www.usatoday.com/story/tech/news/2021/04/29/amazon-stock-earnings-jeff-bezos-revenue/7397876002/,20210429T225217,['Mike Snider'],"Amazon reported quarterly sales of $108.5 billion, marking its second consecutive quarter exceeding $100 billion in revenue, driven by strong consumer spending and increased streaming by its 200 million Prime members. The company's profit more than tripled, leading to an all-time high in stock price and plans for a Prime Day sale in June. Amazon also announced pay raises for over 500,000 workers, effective next month.",https://www.gannett-cdn.com/presto/2021/02/04/USAT/f6787419-8ca1-4b11-80ea-af56f909026a-AndyJassy_RectThumb.png,USA Today,General,USA Today,"[{'topic': 'earnings', 'relevance_score': '0.916214'}, {'topic': 'retail_wholesale', 'relevance_score': '0.843562'}, {'topic': 'technology', 'relevance_score': '0.811716'}]",0.500968,Bullish,"[{'ticker': 'AMZN', 'relevance_score': '1.000000', 'ticker_sentiment_score': '0.463437', 'ticker_sentiment_label': 'Bullish'}, {'ticker': 'AAPL', 'relevance_score': '0.625640', 'ticker_sentiment_score': '0.545826', 'ticker_sentiment_label': 'Bullish'}]"
Disney+ chooses Amazon Web Services for global expansion,https://www.panoramaaudiovisual.com/en/2021/04/29/disney-plus-expansion-aws-expansion/,20210429T230156,['DRAFTING'],"The Walt Disney Company has selected Amazon Web Services (AWS) as its preferred public cloud infrastructure provider for the global expansion of Disney+. Leveraging AWS's fault-tolerant and highly performant infrastructure, Disney+ has rapidly grown to over 100 million subscribers in 59 countries. The streaming service utilizes more than 50 AWS technologies, including machine learning, databases, and analytics, to handle content ingestion, manage customer actions, and ensure high-quality video delivery.",,Panorama Audiovisual,General,Panorama Audiovisual,"[{'topic': 'technology', 'relevance_score': '0.800621'}]",0.354939,Bullish,"[{'ticker': 'DIS', 'relevance_score': '1.000000', 'ticker_sentiment_score': '0.429147', 'ticker_sentiment_label': 'Bullish'}, {'ticker': 'AMZN', 'relevance_score': '0.903620', 'ticker_sentiment_score': '0.303486', 'ticker_sentiment_label': 'Somewhat-Bullish'}]"
"I'm Not Turning Off App Tracking On My iPhone, Because I’m A Total Cuck",https://www.buzzfeednews.com/article/katienotopoulos/app-tracking-iphone-datacuck,20210430T190000,['Katie Notopoulos'],"The author humorously explains her decision to not disable app tracking on her iPhone, despite Apple's new privacy feature allowing users to opt out. She describes herself as a ""datacuck"" who enjoys personalized ads and wants to see ""how far this goes"" when it comes to data collection, contrasting her personal choice with the recommended smart privacy practices. The article satirically delves into the perceived benefits of targeted advertising while acknowledging the serious implications of data privacy and Facebook's track record.",,BuzzFeed News,General,BuzzFeed News,"[{'topic': 'technology', 'relevance_score': '0.928620'}]",0.130158,Neutral,"[{'ticker': 'AAPL', 'relevance_score': '0.995105', 'ticker_sentiment_score': '0.301466', 'ticker_sentiment_label': 'Somewhat-Bullish'}, {'ticker': 'META', 'relevance_score': '0.895099', 'ticker_sentiment_score': '-0.122231', 'ticker_sentiment_label': 'Neutral'}, {'ticker': 'AMZN', 'relevance_score': '0.626497', 'ticker_sentiment_score': '0.112859', 'ticker_sentiment_label': 'Neutral'}, {'ticker': 'GOOGL', 'relevance_score': '0.553465', 'ticker_sentiment_score': '0.059984', 'ticker_sentiment_label': 'Neutral'}]"
Building a Resilient E-Commerce Business with Arrow Electronics,https://news.sap.com/2021/04/arrow-electronics-resilient-e-commerce/,20210430T193619,['Sam Nohava'],"This article discusses how Arrow Electronics, a global distributor, is building a resilient e-commerce business in response to market disruptions and the impact of COVID-19. It details how the company adopted SAP Commerce Cloud and restructured operations to improve customer experience and achieve business agility through digital transformation. The article highlights the importance of adapting to B2B buyer demands and leveraging technology to overcome supply chain challenges.",,SAP,General,SAP,"[{'topic': 'retail_wholesale', 'relevance_score': '0.804123'}, {'topic': 'technology', 'relevance_score': '0.915604'}]",0.251692,Somewhat-Bullish,"[{'ticker': 'ARW', 'relevance_score': '1.000000', 'ticker_sentiment_score': '0.452969', 'ticker_sentiment_label': 'Bullish'}, {'ticker': 'AMZN', 'relevance_score': '0.623036', 'ticker_sentiment_score': '0.155741', 'ticker_sentiment_label': 'Somewhat-Bullish'}, {'ticker': 'MSFT', 'relevance_score': '0.593344', 'ticker_sentiment_score': '0.109260', 'ticker_sentiment_label': 'Neutral'}]"
El equipo legal detrás de la fusión de Televisa y Univisión,https://lexlatin.com/noticias/equipo-legal-detras-fusion-televisa-univision,20210430T212715,['Ingrid Rojas'],"The article details the legal teams involved in the merger of Televisa and Univision, outlining the firms that advised both companies, as well as investors like SoftBank and The Raine Group. This historic merger aims to create the largest Spanish-language multimedia company globally, combining content and assets to compete with streaming platforms. The financial structure of the deal, including Univision's payment to Televisa and funding from various investors, is also highlighted.",,LexLatin,General,LexLatin,"[{'topic': 'mergers_and_acquisitions', 'relevance_score': '1.000000'}, {'topic': 'finance', 'relevance_score': '0.938360'}, {'topic': 'technology', 'relevance_score': '0.722795'}]",0.119673,Neutral,"[{'ticker': 'TV', 'relevance_score': '1.000000', 'ticker_sentiment_score': '0.437134', 'ticker_sentiment_label': 'Bullish'}, {'ticker': 'NFLX', 'relevance_score': '0.604921', 'ticker_sentiment_score': '-0.113424', 'ticker_sentiment_label': 'Neutral'}, {'ticker': 'AMZN', 'relevance_score': '0.629185', 'ticker_sentiment_score': '0.029403', 'ticker_sentiment_label': 'Neutral'}]"
