title,url,time_published,authors,summary,banner_image,source,category_within_source,source_domain,topics,overall_sentiment_score,overall_sentiment_label,ticker_sentiment
Lulu’s Fashion Lounge Eyeing Up to $707 Million IPO Valuation,https://wwd.com/business-news/financial/feature/lulus-fashion-lounge-e-commerce-ipo-david-mccreight-1234987699/,20211101T122400,['Evan Clark'],"Lulu’s Fashion Lounge Holdings Inc., a Chico, Calif.-based digital native fashion brand, is preparing for an initial public offering (IPO) with a valuation between $595 million and $706.6 million. The company plans to sell 5.8 million shares at $16 to $19 each, intending to use the generated funds to pay off a term loan and redeem preferred stock. Despite a dip in revenues in 2020 due to the pandemic, Lulu's rebounded in the first half of the current year, leveraging a ""test, learn and reorder"" strategy for its affordable luxury women's fashion.",https://wwd.com/wp-content/uploads/2021/11/Lulus_Brand_Awareness_210726-06858_03.jpeg?crop=0px%2C0px%2C5472px%2C3062px&resize=1000%2C563,WWD,General,WWD,"[{'topic': 'ipo', 'relevance_score': '1.000000'}, {'topic': 'retail_wholesale', 'relevance_score': '0.836331'}, {'topic': 'financial_markets', 'relevance_score': '0.717233'}, {'topic': 'earnings', 'relevance_score': '0.625950'}]",0.205752,Somewhat-Bullish,"[{'ticker': 'LVLU', 'relevance_score': '1.000000', 'ticker_sentiment_score': '0.342382', 'ticker_sentiment_label': 'Somewhat-Bullish'}, {'ticker': 'WMT', 'relevance_score': '0.630373', 'ticker_sentiment_score': '0.108888', 'ticker_sentiment_label': 'Neutral'}, {'ticker': 'AMZN', 'relevance_score': '0.607542', 'ticker_sentiment_score': '0.111598', 'ticker_sentiment_label': 'Neutral'}]"
Massive Central Texas spread goes for $240 million,https://www.dallasnews.com/business/real-estate/2021/11/01/massive-central-texas-spread-goes-for-240-million/,20211101T165115,['Steve Brown'],"A North Texas-based investment group has acquired the 31,000-acre Sandow Lakes Ranch in Central Texas from Alcoa Corp. for $240 million. This property, spanning Milam and Lee counties, was formerly an industrial site for an aluminum smelter and coal mining but has been restored with lakes and farmland. The sale was brokered by Dallas property broker Bernard Uechtritz, marking one of his most significant and complex transactions.",https://dmn-dallas-news-prod.cdn.arcpublishing.com/resizer/v2/62SG76RZCVA2TPQNSPSWK55S64.JPG?auth=ab87f8daa34bd96dd81bd945d83f6465900c64b76cfdc9328b51f79b55a45f4e&quality=80&height=553&width=830&smart=true,Dallas News,General,Dallas News,"[{'topic': 'mergers_and_acquisitions', 'relevance_score': '0.831738'}, {'topic': 'manufacturing', 'relevance_score': '0.705975'}, {'topic': 'real_estate', 'relevance_score': '1.000000'}]",0.227566,Somewhat-Bullish,"[{'ticker': 'AA', 'relevance_score': '0.906014', 'ticker_sentiment_score': '0.319760', 'ticker_sentiment_label': 'Somewhat-Bullish'}, {'ticker': 'AMZN', 'relevance_score': '0.620825', 'ticker_sentiment_score': '0.126363', 'ticker_sentiment_label': 'Neutral'}]"
What could disrupt Amazon?,https://siliconangle.com/2021/11/01/what-could-disrupt-amazon/,20211101T165337,['Dave Vellante'],"This article explores potential disruptors for Amazon, analyzing several scenarios ranging from government intervention and environmental policies to technological advancements and cultural shifts. Author David Moschella, a senior IT and Innovation Foundation Fellow, outlines seven key scenarios, emphasizing AWS's critical role and the differences between Amazon and rivals like Microsoft. The piece highlights how traditional tech dominance patterns are evolving, prompting a wider consideration of disruption sources.",https://d15shllkswkct0.cloudfront.net/wp-content/blogs.dir/1/files/2021/11/amazon-question.jpeg,SiliconANGLE,General,SiliconANGLE,"[{'topic': 'technology', 'relevance_score': '0.917257'}, {'topic': 'retail_wholesale', 'relevance_score': '0.827583'}, {'topic': 'financial_markets', 'relevance_score': '0.639785'}, {'topic': 'earnings', 'relevance_score': '0.710880'}, {'topic': 'economy_macro', 'relevance_score': '0.638045'}]",-0.060486,Neutral,"[{'ticker': 'AMZN', 'relevance_score': '1.000000', 'ticker_sentiment_score': '-0.212667', 'ticker_sentiment_label': 'Somewhat-Bearish'}, {'ticker': 'MSFT', 'relevance_score': '0.715434', 'ticker_sentiment_score': '0.131498', 'ticker_sentiment_label': 'Neutral'}, {'ticker': 'GOOGL', 'relevance_score': '0.635974', 'ticker_sentiment_score': '0.076941', 'ticker_sentiment_label': 'Neutral'}, {'ticker': 'ORCL', 'relevance_score': '0.560363', 'ticker_sentiment_score': '-0.146884', 'ticker_sentiment_label': 'Neutral'}, {'ticker': 'IBM', 'relevance_score': '0.597004', 'ticker_sentiment_score': '-0.100249', 'ticker_sentiment_label': 'Neutral'}]"
List of 2021’s ‘Top Companies for Women to Work For in Transportation’ unveiled,https://cdllife.com/2021/list-of-2021s-top-companies-for-women-to-work-for-in-transportation-unveiled/,20211101T170037,['Ashley'],"The Women In Trucking Association (WIT) has released its annual list of ""Top Companies for Women to Work For in Transportation"" for 2021. These companies were recognized for fostering positive environments for women, offering gender-diverse cultures, competitive compensation, flexible work options, and professional development opportunities. The list celebrates efforts to attract and retain a more diverse workforce in the transportation industry.",https://cdllife.com/wp-content/uploads/2021/11/AdobeStock_256958225-696x462.jpeg,CDLLife,General,CDLLife,"[{'topic': 'energy_transportation', 'relevance_score': '0.928600'}, {'topic': 'economy_macro', 'relevance_score': '0.612254'}]",0.746658,Bullish,"[{'ticker': 'CLH', 'relevance_score': '0.839879', 'ticker_sentiment_score': '0.742748', 'ticker_sentiment_label': 'Bullish'}, {'ticker': 'AMZN', 'relevance_score': '0.640525', 'ticker_sentiment_score': '0.734240', 'ticker_sentiment_label': 'Bullish'}, {'ticker': 'FDX', 'relevance_score': '0.638660', 'ticker_sentiment_score': '0.738803', 'ticker_sentiment_label': 'Bullish'}, {'ticker': 'UPS', 'relevance_score': '0.635600', 'ticker_sentiment_score': '0.738480', 'ticker_sentiment_label': 'Bullish'}, {'ticker': 'WMT', 'relevance_score': '0.633750', 'ticker_sentiment_score': '0.712415', 'ticker_sentiment_label': 'Bullish'}]"
MakeMyTrip partners Amazon Pay to offer travel services,https://www.livemint.com/companies/news/makemytrip-partners-amazon-pay-to-offer-travel-services-11635763789962.html,20211101T172158,['Varuni Khosla'],"Amazon Pay and MakeMyTrip India have announced a strategic partnership to offer travel services, including flights, hotels, and bus bookings, on Amazon.in. This collaboration aims to provide Amazon customers with easy access to MakeMyTrip's offerings and expand MakeMyTrip's reach, particularly in smaller cities and towns. The partnership leverages Amazon Pay's extensive customer base and payment solutions, forecasting growth in India's online travel services market.",https://images.livemint.com/img/2021/11/01/600x338/makemytrip1-kc9D--621x414@LiveMint_1635764084900.JPG,Mint,General,Mint,"[{'topic': 'retail_wholesale', 'relevance_score': '0.839504'}, {'topic': 'technology', 'relevance_score': '0.719202'}, {'topic': 'finance', 'relevance_score': '0.613823'}]",0.366992,Bullish,"[{'ticker': 'MMYT', 'relevance_score': '1.000000', 'ticker_sentiment_score': '0.402458', 'ticker_sentiment_label': 'Bullish'}, {'ticker': 'AMZN', 'relevance_score': '0.907783', 'ticker_sentiment_score': '0.317889', 'ticker_sentiment_label': 'Somewhat-Bullish'}]"
Pinterest Announces ‘Pinterest TV’ Shoppable Live-Stream Series,https://www.socialmediatoday.com/news/pinterest-announces-pinterest-tv-shoppable-live-stream-series/609202/,20211101T172806,['Andrew Hutchinson'],"Pinterest is launching ""Pinterest TV,"" a new series of shoppable live-stream events beginning November 8th, to capitalize on the growing live commerce trend. These daily episodes will feature creators, exclusive deals from brands, and interactive chat functions. The platform is also creating a virtual studio to help more creators produce their own live shopping streams within the app, further boosting its e-commerce focus.",https://imgproxy.divecdn.com/xfw47yAHowq68iB1mwgaAsLmY0EFym2dnsWCbqKWM60/raw:1/Z3M6Ly9kaXZlc2l0ZS1zdG9yYWdlL2RpdmVlaW1hZ2UvcGludGVyZXN0X1RWMi5wbmc=,Social Media Today,General,Social Media Today,"[{'topic': 'retail_wholesale', 'relevance_score': '0.918735'}, {'topic': 'technology', 'relevance_score': '0.822895'}]",0.315577,Somewhat-Bullish,"[{'ticker': 'PINS', 'relevance_score': '1.000000', 'ticker_sentiment_score': '0.488019', 'ticker_sentiment_label': 'Bullish'}, {'ticker': 'AMZN', 'relevance_score': '0.624440', 'ticker_sentiment_score': '0.271823', 'ticker_sentiment_label': 'Somewhat-Bullish'}, {'ticker': 'META', 'relevance_score': '0.594063', 'ticker_sentiment_score': '0.242193', 'ticker_sentiment_label': 'Somewhat-Bullish'}, {'ticker': 'GOOGL', 'relevance_score': '0.582923', 'ticker_sentiment_score': '0.200690', 'ticker_sentiment_label': 'Somewhat-Bullish'}]"
"Amazon, Sleep Number lease industrial spaces in Greater Cincinnati",https://www.bizjournals.com/cincinnati/news/2021/11/01/amazon-sleep-number-leases-spaces-in-cincinnati.html,20211101T173414,['Tom Demeropolis'],"Amazon.com and Sleep Number have leased industrial spaces in Greater Cincinnati's Springdale Commerce Park. This development adds two significant new tenants to the industrial park, signaling continued growth in the region's commercial real estate sector.",https://media.bizj.us/view/img/12135997/scpspringdaleaerialbuildings23*900xx3000-1688-0-155.jpg,The Business Journals,General,The Business Journals,"[{'topic': 'real_estate', 'relevance_score': '0.917571'}, {'topic': 'retail_wholesale', 'relevance_score': '0.723534'}, {'topic': 'manufacturing', 'relevance_score': '0.628587'}]",0.195058,Somewhat-Bullish,"[{'ticker': 'SNBR', 'relevance_score': '0.343869', 'ticker_sentiment_score': '0.033424', 'ticker_sentiment_label': 'Neutral'}, {'ticker': 'AMZN', 'relevance_score': '0.941460', 'ticker_sentiment_score': '0.310757', 'ticker_sentiment_label': 'Somewhat-Bullish'}]"
Will same-day deliver holiday cheer for Abercrombie & Fitch?,https://retailwire.com/discussion/will-same-day-deliver-holiday-cheer-for-abercrombie-fitch/,20211101T193554,['Tom Ryan'],"Abercrombie & Fitch Co. has launched same-day delivery across its entire U.S. store fleet, including its Abercrombie & Fitch, Abercrombie Kids, Hollister, and Gilly Hicks banners, through partnerships with Uber, Shipt, Postmates, Roadie, and Delivery Solutions. This initiative aims to diversify its carrier base and enhance its final mile delivery capacity, especially as it positions more inventory in stores to fulfill e-commerce orders amid supply chain constraints. The new service costs $10, making it more affordable than next-day and two-day delivery options and complementing existing omnichannel solutions",,RetailWire,General,RetailWire,"[{'topic': 'retail_wholesale', 'relevance_score': '1.000000'}, {'topic': 'economy_macro', 'relevance_score': '0.626748'}]",0.114762,Neutral,"[{'ticker': 'ANF', 'relevance_score': '0.985634', 'ticker_sentiment_score': '0.124874', 'ticker_sentiment_label': 'Neutral'}, {'ticker': 'UBER', 'relevance_score': '0.741928', 'ticker_sentiment_score': '0.142497', 'ticker_sentiment_label': 'Neutral'}, {'ticker': 'FDX', 'relevance_score': '0.690038', 'ticker_sentiment_score': '0.095239', 'ticker_sentiment_label': 'Neutral'}, {'ticker': 'AMZN', 'relevance_score': '0.601504', 'ticker_sentiment_score': '0.061056', 'ticker_sentiment_label': 'Neutral'}, {'ticker': 'TGT', 'relevance_score': '0.555215', 'ticker_sentiment_score': '0.074563', 'ticker_sentiment_label': 'Neutral'}]"
"Smart thermostat pioneer ecobee, facing growing threats from Amazon, sells to U.S. generator maker for up to $770-million",https://www.theglobeandmail.com/business/article-smart-thermostat-pioneer-ecobee-facing-growing-threats-from-amazon/,20211101T202212,['Sean Silcoff'],"Ecobee Inc., a Toronto-based smart thermostat pioneer, has been sold to U.S. generator maker Generac Holdings Inc. for up to US$770-million. This acquisition comes as Amazon, previously an investor and partner, is becoming a direct competitor with its own smart thermostat. Generac aims to integrate ecobee into its strategy of turning buildings into ""microgrids"" focused on energy management and conservation.",,The Globe and Mail,General,The Globe and Mail,"[{'topic': 'mergers_and_acquisitions', 'relevance_score': '1.000000'}, {'topic': 'technology', 'relevance_score': '0.915663'}, {'topic': 'retail_wholesale', 'relevance_score': '0.715389'}, {'topic': 'energy_transportation', 'relevance_score': '0.625601'}]",0.109887,Neutral,"[{'ticker': 'GNRC', 'relevance_score': '1.000000', 'ticker_sentiment_score': '0.400315', 'ticker_sentiment_label': 'Bullish'}, {'ticker': 'AMZN', 'relevance_score': '0.835106', 'ticker_sentiment_score': '-0.247352', 'ticker_sentiment_label': 'Somewhat-Bearish'}]"
Ecobee acquired by generator company Generac for $770 million,https://www.theverge.com/2021/11/1/22758128/ecobee-acquired-generator-company-generac-smart-home-thermostat,20211101T222900,['Kim Lyons'],"Generac Holdings has acquired Toronto-based smart home thermostat company Ecobee for $770 million, with the deal expected to close in the fourth quarter. Ecobee's CEO and founder, Stuart Lombard, will continue in his role, and the company will operate as a subsidiary of Generac, expanding its Toronto office. This acquisition combines Ecobee's smart home technology with Generac's energy management solutions, aiming to create a comprehensive home energy ecosystem.",,The Verge,General,The Verge,"[{'topic': 'mergers_and_acquisitions', 'relevance_score': '1.000000'}, {'topic': 'technology', 'relevance_score': '0.906326'}]",0.210378,Somewhat-Bullish,"[{'ticker': 'GNRC', 'relevance_score': '1.000000', 'ticker_sentiment_score': '0.402745', 'ticker_sentiment_label': 'Bullish'}, {'ticker': 'AMZN', 'relevance_score': '0.648952', 'ticker_sentiment_score': '0.149582', 'ticker_sentiment_label': 'Neutral'}, {'ticker': 'GOOGL', 'relevance_score': '0.622034', 'ticker_sentiment_score': '0.118023', 'ticker_sentiment_label': 'Neutral'}, {'ticker': 'HON', 'relevance_score': '0.646803', 'ticker_sentiment_score': '0.115593', 'ticker_sentiment_label': 'Neutral'}]"
MakeMyTrip and Amazon Pay form strategic tie-up to offer travel services,https://www.business-standard.com/article/companies/makemytrip-and-amazon-pay-form-strategic-tie-up-to-offer-travel-services-121110101028_1.html,20211102T002900,['Peerzada Abrar'],"MakeMyTrip India and Amazon Pay have announced a strategic long-term partnership to offer travel services on Amazon.in, including its mobile apps and websites. This alliance will allow MakeMyTrip to extend its distribution to Amazon Pay's large user base, particularly in smaller towns, and accelerate online booking for travel services. For Amazon Pay, the partnership aims to provide a convenient experience and greater value to its customers by offering access to MakeMyTrip's travel services.",,Business Standard,General,Business Standard,"[{'topic': 'retail_wholesale', 'relevance_score': '0.815127'}, {'topic': 'technology', 'relevance_score': '0.820265'}, {'topic': 'finance', 'relevance_score': '0.607595'}]",0.302566,Somewhat-Bullish,"[{'ticker': 'MMYT', 'relevance_score': '0.910291', 'ticker_sentiment_score': '0.323958', 'ticker_sentiment_label': 'Somewhat-Bullish'}, {'ticker': 'AMZN', 'relevance_score': '0.839516', 'ticker_sentiment_score': '0.266008', 'ticker_sentiment_label': 'Somewhat-Bullish'}]"
"Facebook to shut down facial recognition system, delete face prints of 1 billion users",https://www.abc.net.au/news/2021-11-03/facebook-to-shut-down-facial-recognition-system/100589540,20211102T104400,[],"Facebook has announced it will shut down its facial recognition system and delete the face prints of over a billion users due to growing concerns about the technology's misuse and increasing regulatory scrutiny. This move, described as one of the largest shifts in facial recognition use, comes amidst a crisis for Facebook (now Meta) and follows years of criticism regarding privacy and the ethics of such technology. While the company stated this specific broad identification method would cease, it did not rule out using facial recognition for narrower authentication purposes in future products, particularly for on-device applications.",https://live-production.wcms.abc-cdn.net.au/4e4e009fb3b42eb1947ca5108430a0f7?impolicy=wcms_crop_resize&cropH=2813&cropW=5000&xPos=0&yPos=260&width=862&height=485,Australian Broadcasting Corporation,General,Australian Broadcasting Corporation,"[{'topic': 'technology', 'relevance_score': '0.923620'}, {'topic': 'finance', 'relevance_score': '0.704483'}]",-0.027255,Neutral,"[{'ticker': 'META', 'relevance_score': '1.000000', 'ticker_sentiment_score': '-0.310269', 'ticker_sentiment_label': 'Somewhat-Bearish'}, {'ticker': 'GOOGL', 'relevance_score': '0.621197', 'ticker_sentiment_score': '-0.117089', 'ticker_sentiment_label': 'Neutral'}, {'ticker': 'MSFT', 'relevance_score': '0.647814', 'ticker_sentiment_score': '0.114970', 'ticker_sentiment_label': 'Neutral'}, {'ticker': 'AMZN', 'relevance_score': '0.637901', 'ticker_sentiment_score': '0.109025', 'ticker_sentiment_label': 'Neutral'}, {'ticker': 'IBM', 'relevance_score': '0.633321', 'ticker_sentiment_score': '0.137480', 'ticker_sentiment_label': 'Neutral'}]"
Tesla Surges to Lift Markets Into New Record Close,https://etfdb.com/core-strategies-content-hub/tesla-surges-to-lift-markets-into-new-record-close/,20211102T143932,['Karrie Gordon'],"Tesla Inc. has surpassed a $1 trillion market value, becoming the most valuable car company, driven by a large order from Hertz and its plan to open its supercharging network to other EV brands. This surge has positively impacted the broader market, with the S&P 500 reaching new highs, and boosting the consumer discretionary sector. The American Century Focused Dynamic Growth ETF (FDG) holds Tesla among its top investments, benefiting from the company's strong performance.",https://etfdb.com/media/W1siZiIsIjIwMjYvMDQvMTcvOXRoa284MWhlal9Db3JlX1N0cmF0ZWdpZXNfQUNJX21hc3RoZWFkX292ZXJsYXlfbHRfMTYwMHgxMjEucG5nIl1d/Core_Strategies_ACI_masthead_overlay_lt_1600x121.png,ETF Database,General,ETF Database,"[{'topic': 'financial_markets', 'relevance_score': '0.939114'}, {'topic': 'economy_macro', 'relevance_score': '0.648136'}, {'topic': 'energy_transportation', 'relevance_score': '0.800648'}, {'topic': 'technology', 'relevance_score': '0.715562'}]",0.54559,Bullish,"[{'ticker': 'FDG', 'relevance_score': '0.941906', 'ticker_sentiment_score': '0.312516', 'ticker_sentiment_label': 'Somewhat-Bullish'}, {'ticker': 'TSLA', 'relevance_score': '0.855213', 'ticker_sentiment_score': '0.723784', 'ticker_sentiment_label': 'Bullish'}, {'ticker': 'AMZN', 'relevance_score': '0.648410', 'ticker_sentiment_score': '0.709805', 'ticker_sentiment_label': 'Bullish'}, {'ticker': 'MSFT', 'relevance_score': '0.583058', 'ticker_sentiment_score': '0.316829', 'ticker_sentiment_label': 'Somewhat-Bullish'}]"
"Quiet Logistics acquired for $350 million by its client, American Eagle Outfitters",https://www.dcvelocity.com/articles/52920-quiet-logistics-acquired-for-350-million-by-its-client-american-eagle-outfitters,20211102T165208,['Ben Ames'],"American Eagle Outfitters has acquired Quiet Logistics, a third-party logistics provider, for $350 million. Quiet Logistics will operate as a wholly-owned subsidiary, continuing to serve AEO while also expanding its customer base. This acquisition is part of AEO's strategy to transform its supply chain for greater agility and speed, following its earlier purchase of Airterra Inc.",https://www.dcvelocity.com/media-library/quiet-screen-shot-2021-11-02-at-4-20-15-pm-png.png?id=53534537&width=1200&height=799,DC Velocity,General,DC Velocity,"[{'topic': 'mergers_and_acquisitions', 'relevance_score': '1.000000'}, {'topic': 'retail_wholesale', 'relevance_score': '0.800787'}, {'topic': 'finance', 'relevance_score': '0.603639'}]",0.213435,Somewhat-Bullish,"[{'ticker': 'AEO', 'relevance_score': '1.000000', 'ticker_sentiment_score': '0.466803', 'ticker_sentiment_label': 'Bullish'}, {'ticker': 'AMZN', 'relevance_score': '0.631213', 'ticker_sentiment_score': '0.105349', 'ticker_sentiment_label': 'Neutral'}, {'ticker': 'WMT', 'relevance_score': '0.648073', 'ticker_sentiment_score': '0.109099', 'ticker_sentiment_label': 'Neutral'}, {'ticker': 'TGT', 'relevance_score': '0.608766', 'ticker_sentiment_score': '0.111751', 'ticker_sentiment_label': 'Neutral'}]"
"American Eagle Outfitters Acquires Additional Logistics Firm, Quiet Logistics, for $350 Million",https://wwd.com/business-news/financial/feature/american-eagle-outfitters-acquires-quiet-logistics-1234988278/,20211102T165208,['Kellie Ell'],"American Eagle Outfitters has acquired the logistics firm Quiet Logistics for $350 million in cash. This acquisition builds on their earlier purchase of AirTerra, aiming to enhance their supply chain capabilities, improve delivery speed, and create an on-demand operations platform. The retailer plans to leverage Quiet Logistics' services for its brands and expand them to other businesses, expecting significant benefits in speed and efficiency.",https://wwd.com/wp-content/uploads/2013/12/eagle42.jpg?w=300&h=300&crop=1,WWD,General,WWD,"[{'topic': 'mergers_and_acquisitions', 'relevance_score': '1.000000'}, {'topic': 'retail_wholesale', 'relevance_score': '0.828850'}, {'topic': 'earnings', 'relevance_score': '0.702402'}]",0.208614,Somewhat-Bullish,"[{'ticker': 'AEO', 'relevance_score': '1.000000', 'ticker_sentiment_score': '0.416759', 'ticker_sentiment_label': 'Bullish'}, {'ticker': 'AMZN', 'relevance_score': '0.610669', 'ticker_sentiment_score': '0.138154', 'ticker_sentiment_label': 'Neutral'}, {'ticker': 'WMT', 'relevance_score': '0.628393', 'ticker_sentiment_score': '0.135410', 'ticker_sentiment_label': 'Neutral'}, {'ticker': 'TGT', 'relevance_score': '0.633529', 'ticker_sentiment_score': '0.140427', 'ticker_sentiment_label': 'Neutral'}]"
Nature’s Bounty unveils jelly bean vitamin line,https://drugstorenews.com/natures-bounty-unveils-jelly-bean-vitamin-line,20211102T165818,[],"Nature's Bounty has launched a new line of fruit-flavored, vegetarian jelly bean vitamins for both adults and children. These vitamins are designed to support various wellness needs, including immune health, sleep, and overall multi-vitamin support, without artificial sweeteners or gelatin. The company aims to make wellness routines more enjoyable and accessible, with products available at major retailers and online.",https://assets1.drugstorenews.com/images/v/max_width_1440/2021-11/naturesbounty-jellybean.png,Drug Store News,General,Drug Store News,"[{'topic': 'life_sciences', 'relevance_score': '0.907038'}, {'topic': 'retail_wholesale', 'relevance_score': '0.806604'}]",0.178301,Somewhat-Bullish,"[{'ticker': 'BTFL', 'relevance_score': '0.320165', 'ticker_sentiment_score': '0.031763', 'ticker_sentiment_label': 'Neutral'}, {'ticker': 'KR', 'relevance_score': '0.701072', 'ticker_sentiment_score': '0.221741', 'ticker_sentiment_label': 'Somewhat-Bullish'}, {'ticker': 'WMT', 'relevance_score': '0.723787', 'ticker_sentiment_score': '0.224387', 'ticker_sentiment_label': 'Somewhat-Bullish'}, {'ticker': 'CVS', 'relevance_score': '0.717780', 'ticker_sentiment_score': '0.223761', 'ticker_sentiment_label': 'Somewhat-Bullish'}, {'ticker': 'AMZN', 'relevance_score': '0.723815', 'ticker_sentiment_score': '0.220969', 'ticker_sentiment_label': 'Somewhat-Bullish'}]"
Plug Power establishing green hydrogen facility in Young County,https://www.grahamleader.com/news/plug-power-establishing-green-hydrogen-facility-young-county,20211102T172820,['Thomas Wallner and Mike Williams'],"Plug Power is developing a green hydrogen production facility in Young County, Texas, which will be one of 13 plants aimed at producing 500 tons of hydrogen daily. The facility will be powered by the Apex Clean Energy Young Wind farm and will utilize treated wastewater from the city of Graham, offering a beneficial water reuse solution for the community. This project is expected to create 50 high-paying local jobs and leverages the area's existing knowledge base from oil and gas development.",https://www.grahamleader.com/sites/grahamleader.com/files/styles/flexslider_full/public/field/image/green_hydrogen_fact_sheet_1.jpg?itok=RGQIVQFl,The Graham Leader,General,The Graham Leader,"[{'topic': 'energy_transportation', 'relevance_score': '0.910654'}, {'topic': 'manufacturing', 'relevance_score': '0.711236'}, {'topic': 'economy_macro', 'relevance_score': '0.629274'}]",0.373586,Bullish,"[{'ticker': 'PLUG', 'relevance_score': '1.000000', 'ticker_sentiment_score': '0.434555', 'ticker_sentiment_label': 'Bullish'}, {'ticker': 'AMZN', 'relevance_score': '0.635799', 'ticker_sentiment_score': '0.324930', 'ticker_sentiment_label': 'Somewhat-Bullish'}, {'ticker': 'WMT', 'relevance_score': '0.644033', 'ticker_sentiment_score': '0.340582', 'ticker_sentiment_label': 'Somewhat-Bullish'}]"
Amazon wants to open a new office building in Jersey City,https://fortune.com/2021/11/02/amazon-sets-its-sights-on-jersey-city-for-office-space-expansion/,20211102T193551,"['Natalie Wong', 'Bloomberg']","Amazon is reportedly close to a deal for a significant office space expansion in Jersey City, New Jersey, seeking roughly 400,000 square feet in the Harborside 1 building. This move indicates Amazon's continued growth within the New York City region, despite the earlier collapse of its second headquarters plan in Queens. The e-commerce giant has also been expanding its presence in Manhattan with recent lease agreements and property purchases.",,Fortune,General,Fortune,"[{'topic': 'real_estate', 'relevance_score': '0.915905'}, {'topic': 'retail_wholesale', 'relevance_score': '0.744502'}, {'topic': 'technology', 'relevance_score': '0.708998'}]",0.296473,Somewhat-Bullish,"[{'ticker': 'AMZN', 'relevance_score': '1.000000', 'ticker_sentiment_score': '0.263905', 'ticker_sentiment_label': 'Somewhat-Bullish'}]"
JBG Smith to buy Union Market property as company swings back to profit,https://www.bizjournals.com/washington/news/2021/11/02/jbg-to-buy-union-market-property-swings-to-profit.html,20211102T203625,['Tristan Navera'],"JBG Smith announced its intention to acquire a significant property near Union Market, coinciding with the company reporting quarterly net income for the first time in over a year. The acquired property, ""The Batley,"" is an 11-story apartment building with retail space. This move signals a positive financial turnaround for JBG Smith.",,The Business Journals,General,The Business Journals,"[{'topic': 'real_estate', 'relevance_score': '0.905936'}, {'topic': 'earnings', 'relevance_score': '0.804024'}, {'topic': 'mergers_and_acquisitions', 'relevance_score': '0.714143'}]",0.281959,Somewhat-Bullish,"[{'ticker': 'JBGS', 'relevance_score': '1.000000', 'ticker_sentiment_score': '0.419002', 'ticker_sentiment_label': 'Bullish'}, {'ticker': 'AMZN', 'relevance_score': '0.647772', 'ticker_sentiment_score': '0.114696', 'ticker_sentiment_label': 'Neutral'}]"
"Amazon, Salesforce, Among 45 Companies Awarded Terra Carta Seal From Prince Charles",https://www.forbes.com/sites/sofialottopersio/2021/11/03/amazon-salesforce-among-45-companies-awarded-terra-carta-seal-from-prince-charles/,20211103T013600,['Sofia Lotto Persio'],"Prince Charles' Sustainable Markets Initiative awarded the Terra Carta Seal to 45 companies, including Amazon and Salesforce, for their commitment to sustainability and credible transition roadmaps toward net-zero emissions. The award, designed by Sir Jony Ive, recognizes companies leading their industries in working towards the goals of the Paris Agreement. Corporate Knights partnered with the initiative to review applications, ensuring adherence to rigorous sustainability metrics.",https://imageio.forbes.com/specials-images/imageserve/6182c746134500d7be4d179c/HRH-The-Prince-of-Wales--Sir-Jony-Ive-and-recipients-of-the-inaugural-2021-Terra/0x0.jpg?width=960,Forbes,General,Forbes,"[{'topic': 'retail_wholesale', 'relevance_score': '0.708853'}, {'topic': 'technology', 'relevance_score': '0.734458'}, {'topic': 'finance', 'relevance_score': '0.622785'}]",0.401381,Bullish,"[{'ticker': 'CRM', 'relevance_score': '1.000000', 'ticker_sentiment_score': '0.427934', 'ticker_sentiment_label': 'Bullish'}, {'ticker': 'AMZN', 'relevance_score': '0.923703', 'ticker_sentiment_score': '0.419951', 'ticker_sentiment_label': 'Bullish'}, {'ticker': 'BAC', 'relevance_score': '0.709314', 'ticker_sentiment_score': '0.436469', 'ticker_sentiment_label': 'Bullish'}, {'ticker': 'PEP', 'relevance_score': '0.713046', 'ticker_sentiment_score': '0.444246', 'ticker_sentiment_label': 'Bullish'}, {'ticker': 'JCI', 'relevance_score': '0.615939', 'ticker_sentiment_score': '0.432951', 'ticker_sentiment_label': 'Bullish'}]"
"Lovett Industrial completes first 3 Houston-area warehouses, including 2 for Amazon",https://www.bizjournals.com/houston/news/2021/11/03/lovett-industrial-first-3-warehouses-amazon.html,20211103T160700,['Florian Martin'],"Lovett Industrial has completed its first three warehouses in the Houston area, two of which are occupied by Amazon, including the 99 North Logistics Park in Spring. This development highlights the growth of the industrial real estate market in Houston, with a new company co-owned by Frank Liu capitalizing on this trend.",,The Business Journals,General,The Business Journals,"[{'topic': 'real_estate', 'relevance_score': '0.911593'}, {'topic': 'retail_wholesale', 'relevance_score': '0.718421'}, {'topic': 'manufacturing', 'relevance_score': '0.634285'}, {'topic': 'economy_macro', 'relevance_score': '0.609971'}]",0.291309,Somewhat-Bullish,"[{'ticker': 'AMZN', 'relevance_score': '1.000000', 'ticker_sentiment_score': '0.255103', 'ticker_sentiment_label': 'Somewhat-Bullish'}]"
"To Win Customer Loyalty, Make Customers Feel Valued, Appreciated, And Respected",https://www.forrester.com/blogs/to-win-customer-loyalty-make-customers-feel-valued-appreciated-and-respected/,20211103T170919,"['Michelle Yaiser', 'Sam Karpinski']","Forrester's annual Customer Experience Index (CX Index™) reveals that emotional connections significantly impact customer loyalty more than effectiveness or ease. The study found that making customers feel valued, appreciated, and respected are the most influential positive emotions, while frustration, annoyance, and disappointment are the most dominant negative emotions. Companies should prioritize setting and meeting reasonable expectations to foster loyalty and avoid negative customer experiences.",,Forrester,General,Forrester,"[{'topic': 'retail_wholesale', 'relevance_score': '0.835740'}, {'topic': 'finance', 'relevance_score': '0.748216'}]",0.292246,Somewhat-Bullish,"[{'ticker': 'FORR', 'relevance_score': '1.000000', 'ticker_sentiment_score': '0.402609', 'ticker_sentiment_label': 'Bullish'}, {'ticker': 'AMZN', 'relevance_score': '0.739893', 'ticker_sentiment_score': '0.202128', 'ticker_sentiment_label': 'Somewhat-Bullish'}, {'ticker': 'WMT', 'relevance_score': '0.605463', 'ticker_sentiment_score': '0.201794', 'ticker_sentiment_label': 'Somewhat-Bullish'}]"
Amazon Workspaces review,https://www.techradar.com/reviews/amazon-workspaces,20211103T173838,['Mark Pickavance'],"This review of Amazon WorkSpaces, Amazon's Desktop as a Service (DaaS) offering, highlights its affordability and ease of deployment for virtual systems. While it supports both Windows and Linux, the article notes a lack of advanced management tools for larger deployments and some limitations regarding secure file transfer and older OS versions. The service is presented as a flexible solution for businesses, especially those with dynamic needs or remote workforces, despite some performance inconsistencies and minor inconveniences in user management.",https://cdn.mos.cms.futurecdn.net/J3nrDUgZvYjgYcNyTBZF2m.jpg,TechRadar,General,TechRadar,"[{'topic': 'technology', 'relevance_score': '0.902510'}]",0.146489,Neutral,"[{'ticker': 'UDMY', 'relevance_score': '0.338859', 'ticker_sentiment_score': '0.047835', 'ticker_sentiment_label': 'Neutral'}, {'ticker': 'AMZN', 'relevance_score': '1.000000', 'ticker_sentiment_score': '0.290018', 'ticker_sentiment_label': 'Somewhat-Bullish'}]"
Ulta Beauty partners with DoorDash on same-day delivery,https://www.freightwaves.com/news/ulta-beauty-partners-with-doordash-on-same-day-delivery,20211103T173852,['Jack Daleo'],"Ulta Beauty has partnered with DoorDash to offer same-day delivery of over 25,000 personal care products. This service is initially available in six major U.S. markets, with plans for expansion in 2022. The collaboration utilizes DoorDash Drive, DoorDash's white-label fulfillment platform, to meet increasing consumer demand for rapid delivery services, especially during the holiday season.","https://freightwaves.b-cdn.net/wp-content/uploads/2021/11/DoorDash_Scooter.jpg?resize=970,546&width=970&height=546",FreightWaves,General,FreightWaves,"[{'topic': 'retail_wholesale', 'relevance_score': '1.000000'}, {'topic': 'technology', 'relevance_score': '0.804022'}, {'topic': 'finance', 'relevance_score': '0.638676'}]",0.31125,Somewhat-Bullish,"[{'ticker': 'ULTA', 'relevance_score': '1.000000', 'ticker_sentiment_score': '0.422374', 'ticker_sentiment_label': 'Bullish'}, {'ticker': 'DASH', 'relevance_score': '0.935289', 'ticker_sentiment_score': '0.300791', 'ticker_sentiment_label': 'Somewhat-Bullish'}, {'ticker': 'AMZN', 'relevance_score': '0.603521', 'ticker_sentiment_score': '0.101207', 'ticker_sentiment_label': 'Neutral'}]"
Amazon.com Inc. leases new shipping facility short walk from monster Mt. Juliet hub,https://www.bizjournals.com/nashville/news/2021/11/03/amazon-mt-juliet-panattoni-lease.html,20211103T193552,['Adam Sichko'],"Amazon.com Inc. has leased a new 610,000-square-foot shipping facility at 23 Athlete's Way in Mt. Juliet, Tennessee. This new facility is located near Amazon's existing large shipping hub that opened recently. The building was constructed speculatively by Panattoni Development Co.",,The Business Journals,General,The Business Journals,"[{'topic': 'real_estate', 'relevance_score': '0.933037'}, {'topic': 'retail_wholesale', 'relevance_score': '0.840297'}, {'topic': 'manufacturing', 'relevance_score': '0.618733'}]",0.49757,Bullish,"[{'ticker': 'AMZN', 'relevance_score': '1.000000', 'ticker_sentiment_score': '0.480234', 'ticker_sentiment_label': 'Bullish'}]"
"Strategy Analytics: Ring, Nest, and Arlo Remain Among the Leaders in the Smart Home Camera Market",https://www.businesswire.com/news/home/20211103005825/en/Strategy-Analytics-Ring-Nest-and-Arlo-Remain-Among-the-Leaders-in-the-Smart-Home-Camera-Market,20211103T193616,[],"Strategy Analytics reports that Ring, Nest, and Arlo continue to lead the smart home camera market, but a shift towards software-centric business models is underway. The report suggests that hardware-first models are becoming unsustainable, with companies like Amazon and Google, who are already investing in software, set to further dominate the market. Future success in this sector will depend on advanced software and services rather than just hardware specifications.",,Business Wire,General,Business Wire,"[{'topic': 'technology', 'relevance_score': '0.946162'}]",0.226834,Somewhat-Bullish,"[{'ticker': 'ARLO', 'relevance_score': '0.990618', 'ticker_sentiment_score': '0.250741', 'ticker_sentiment_label': 'Somewhat-Bullish'}, {'ticker': 'AMZN', 'relevance_score': '0.743876', 'ticker_sentiment_score': '0.221531', 'ticker_sentiment_label': 'Somewhat-Bullish'}, {'ticker': 'GOOGL', 'relevance_score': '0.611575', 'ticker_sentiment_score': '0.231516', 'ticker_sentiment_label': 'Somewhat-Bullish'}, {'ticker': 'GOOG', 'relevance_score': '0.640011', 'ticker_sentiment_score': '0.223281', 'ticker_sentiment_label': 'Somewhat-Bullish'}]"
Amazon Launches FamilyFlex to Give Front-line Employees Flexibility and Support and to Help Parents Transition Back to the Workplace,https://www.businesswire.com/news/home/20211103005363/en/Amazon-Launches-FamilyFlex-to-Give-Front-line-Employees-Flexibility-and-Support-and-to-Help-Parents-Transition-Back-to-the-Workplace,20211103T194734,[],"Amazon (NASDAQ: AMZN) has launched FamilyFlex, a new program designed to provide front-line employees with greater flexibility and comprehensive benefits, particularly to help parents re-enter the workforce. The program includes options like shift swapping, custom schedules, Anytime Shifts, and Anytime Pay, alongside extensive benefits such as parental leave, childcare resources, mental health support, and adoption assistance. This initiative aims to address the challenges faced by working families and support employees in balancing their work and personal lives.",,Business Wire,General,Business Wire,"[{'topic': 'retail_wholesale', 'relevance_score': '0.815392'}, {'topic': 'technology', 'relevance_score': '0.711195'}, {'topic': 'finance', 'relevance_score': '0.646343'}]",0.201688,Somewhat-Bullish,"[{'ticker': 'BFAM', 'relevance_score': '0.307561', 'ticker_sentiment_score': '0.008187', 'ticker_sentiment_label': 'Neutral'}, {'ticker': 'AMZN', 'relevance_score': '1.000000', 'ticker_sentiment_score': '0.402688', 'ticker_sentiment_label': 'Bullish'}]"
Monthly Market Wrap - October 2021,https://www.etftrends.com/etf-strategist-channel/monthly-market-wrap-october-2021/,20211103T201126,['Nottingham Advisors'],"The October 2021 market wrap highlights a month of economic observations including rising inflation, the Federal Reserve's anticipated tapering, and varied performance across domestic and international equities. It also covers positive trends in alternative investments and the increasing integration of ESG factors into investment strategies. The report details specific market indices and economic indicators, providing a comprehensive overview of the financial landscape during the month.",,ETF Trends,General,ETF Trends,"[{'topic': 'economy_macro', 'relevance_score': '0.930987'}, {'topic': 'financial_markets', 'relevance_score': '0.920026'}, {'topic': 'economy_monetary', 'relevance_score': '0.829334'}, {'topic': 'real_estate', 'relevance_score': '0.605306'}, {'topic': 'energy_transportation', 'relevance_score': '0.624231'}]",0.16808,Somewhat-Bullish,"[{'ticker': 'EMM', 'relevance_score': '0.921196', 'ticker_sentiment_score': '0.029690', 'ticker_sentiment_label': 'Neutral'}, {'ticker': 'MSFT', 'relevance_score': '0.641949', 'ticker_sentiment_score': '0.518027', 'ticker_sentiment_label': 'Bullish'}, {'ticker': 'GOOGL', 'relevance_score': '0.602089', 'ticker_sentiment_score': '0.440577', 'ticker_sentiment_label': 'Bullish'}, {'ticker': 'AAPL', 'relevance_score': '0.737278', 'ticker_sentiment_score': '0.021817', 'ticker_sentiment_label': 'Neutral'}, {'ticker': 'AMZN', 'relevance_score': '0.636937', 'ticker_sentiment_score': '-0.137670', 'ticker_sentiment_label': 'Neutral'}]"
Illumina Supports Canada's Nationwide COVID-19 Genome Sequencing Initiative,https://www.illumina.com/company/news-center/press-releases/2021/f04daeea-20ac-438d-9a4f-354931b7fe42.html,20211103T203140,[],"Illumina announced its world-class sequencing and bioinformatics solutions are being used by HostSeq, part of the Canadian COVID-19 Genomics Network (CanCOGeN), to identify biomarkers and support novel therapeutics for COVID-19. The initiative involves sequencing the genomes of up to 10,000 patients in Canada, utilizing Illumina Connected Analytics (ICA) for secure data sharing among researchers. Illumina also supports VirusSeq, another national initiative sequencing SARS-CoV-2 viral genomes to track transmission trends and identify evolving viral characteristics.",,Illumina,General,Illumina,"[{'topic': 'life_sciences', 'relevance_score': '0.917999'}]",0.336853,Somewhat-Bullish,"[{'ticker': 'ILMN', 'relevance_score': '1.000000', 'ticker_sentiment_score': '0.501421', 'ticker_sentiment_label': 'Bullish'}, {'ticker': 'AMZN', 'relevance_score': '0.605999', 'ticker_sentiment_score': '0.102558', 'ticker_sentiment_label': 'Neutral'}]"
Lovesac partners with Amazon Prime Video in launch of Sactionals StealthTech Sound + Charge,https://homenewsnow.com/blog/2021/11/03/lovesac-partners-with-amazon-prime-video-in-launche-of-sactionals-stealthtech-sound-charge/,20211103T204212,['Home News Now'],"The Lovesac Company has launched its Sactionals StealthTech Sound + Charge, an innovative home furnishing that seamlessly integrates immersive surround sound by Harman Kardon and wireless charging into its adaptable Sactionals platform. This system aims to provide a superior audio experience without the clutter of visible speakers and wires, adapting to various configurations and fabric choices. Lovesac founder and CEO Shawn Nelson highlights the system's ability to offer a personalized and high-quality surround sound experience for different lifestyles.",,Home News Now,General,Home News Now,"[{'topic': 'retail_wholesale', 'relevance_score': '0.849205'}, {'topic': 'technology', 'relevance_score': '0.746352'}]",0.257137,Somewhat-Bullish,"[{'ticker': 'LOVE', 'relevance_score': '1.000000', 'ticker_sentiment_score': '0.491417', 'ticker_sentiment_label': 'Bullish'}, {'ticker': 'AMZN', 'relevance_score': '0.719470', 'ticker_sentiment_score': '0.122383', 'ticker_sentiment_label': 'Neutral'}, {'ticker': 'BBY', 'relevance_score': '0.601518', 'ticker_sentiment_score': '0.122708', 'ticker_sentiment_label': 'Neutral'}]"
QVC was ahead of its time,https://theweek.com/culture/1006699/qvc-was-ahead-of-its-time,20211103T210620,['Jeva Lange'],"The article argues that QVC was ahead of its time, comparing its transparent selling approach to the ""shoppable"" videos on platforms like Instagram and TikTok today. It suggests that while social media often blurs the lines between content and commerce, the direct sales pitches of QVC and its modern counterparts offer a refreshing transparency, creating a sense of agency for shoppers. The author highlights the concept of ""parasocial relationships"" fostered by QVC hosts and influencers as a key to their selling success.",,The Week,General,The Week,"[{'topic': 'retail_wholesale', 'relevance_score': '0.935362'}, {'topic': 'technology', 'relevance_score': '0.805741'}]",0.15832,Somewhat-Bullish,"[{'ticker': 'QVCC', 'relevance_score': '0.310248', 'ticker_sentiment_score': '0.026658', 'ticker_sentiment_label': 'Neutral'}, {'ticker': 'AMZN', 'relevance_score': '0.742001', 'ticker_sentiment_score': '0.329852', 'ticker_sentiment_label': 'Somewhat-Bullish'}]"
Kroger is taking on Publix in Florida without opening a single grocery store — and building a blueprint for its future,https://www.cnbc.com/2021/11/04/kroger-is-taking-on-publix-in-florida-without-opening-a-single-grocery-store.html,20211104T070000,['Melissa Repko'],"Kroger is entering the Florida market using a robot-powered warehouse and delivery service, rather than traditional grocery stores, to compete with entrenched rivals like Publix. This strategy aims to make e-commerce a more profitable venture for the country's largest supermarket operator and serve as a blueprint for expansion into other new markets like the Northeast. Despite the high capital investment, Kroger aims to leverage this model to gain market share by offering a distinct delivery-focused service.",,CNBC,General,CNBC,"[{'topic': 'retail_wholesale', 'relevance_score': '0.946901'}, {'topic': 'technology', 'relevance_score': '0.807657'}, {'topic': 'finance', 'relevance_score': '0.608032'}, {'topic': 'economy_macro', 'relevance_score': '0.629718'}]",0.098272,Neutral,"[{'ticker': 'KR', 'relevance_score': '0.959281', 'ticker_sentiment_score': '0.262319', 'ticker_sentiment_label': 'Somewhat-Bullish'}, {'ticker': 'AMZN', 'relevance_score': '0.686511', 'ticker_sentiment_score': '-0.074647', 'ticker_sentiment_label': 'Neutral'}, {'ticker': 'WMT', 'relevance_score': '0.645393', 'ticker_sentiment_score': '0.007854', 'ticker_sentiment_label': 'Neutral'}, {'ticker': 'DASH', 'relevance_score': '0.590063', 'ticker_sentiment_score': '0.096340', 'ticker_sentiment_label': 'Neutral'}]"
Trii ofrece gratis 1.500 transacciones del fondo bursátil Hcolsel de Global X en la bolsa,https://www.larepublica.co/finanzas/trii-ofrece-gratis-1-500-transacciones-del-fondo-bursatil-hcolsel-de-global-x-en-la-bolsa-3257134,20211104T125758,['Iván Cajamarca'],"Trii is offering 1,500 free transactions for the Hcolsel ETF from Global X on the Colombian Stock Exchange, along with cashbacks and referral codes. This initiative follows the recent authorization for Trii to allow trading of international stocks in Colombia, including major US and Chilean companies. The Hcolsel ETF itself is composed of significant Colombian companies like Ecopetrol and Bancolombia.",,LaRepublica.co,General,LaRepublica.co,"[{'topic': 'financial_markets', 'relevance_score': '0.900065'}]",0.320712,Somewhat-Bullish,"[{'ticker': 'COLO', 'relevance_score': '1.000000', 'ticker_sentiment_score': '0.419173', 'ticker_sentiment_label': 'Bullish'}, {'ticker': 'BAC', 'relevance_score': '0.640216', 'ticker_sentiment_score': '0.339800', 'ticker_sentiment_label': 'Somewhat-Bullish'}, {'ticker': 'JPM', 'relevance_score': '0.564559', 'ticker_sentiment_score': '0.342921', 'ticker_sentiment_label': 'Somewhat-Bullish'}, {'ticker': 'PFE', 'relevance_score': '0.594339', 'ticker_sentiment_score': '0.313995', 'ticker_sentiment_label': 'Somewhat-Bullish'}, {'ticker': 'AMZN', 'relevance_score': '0.567464', 'ticker_sentiment_score': '0.337498', 'ticker_sentiment_label': 'Somewhat-Bullish'}]"
Giving Lee and Wrangler Their Voices Back,https://wwd.com/business-news/financial/kontoor-lee-wrangler-scott-baxter-china-supply-chain-1234990535/,20211104T131800,['Evan Clark'],"Following their 2019 spinoff from VF Corp. into Kontoor Brands Inc., Lee and Wrangler have demonstrated unexpected growth and revitalization, overcoming the pandemic. CEO Scott Baxter explains that the separation allowed for significant investment in marketing and global campaigns, giving the ""iconic American denim"" brands a new voice and reaching a broader audience. Kontoor Brands has reported strong financial results and revised its outlook upward, emphasizing a strategy of ""winning with the winners"" through key wholesale accounts.",https://wwd.com/wp-content/uploads/2021/11/LEE-Z_Quannah_Chasinghorse_Levi_Dylan_0020_R3.jpeg?crop=0px%2C0px%2C1500px%2C839px&resize=1000%2C563,WWD,General,WWD,"[{'topic': 'earnings', 'relevance_score': '0.909815'}, {'topic': 'retail_wholesale', 'relevance_score': '0.813011'}, {'topic': 'finance', 'relevance_score': '0.638986'}]",0.261014,Somewhat-Bullish,"[{'ticker': 'KTB', 'relevance_score': '1.000000', 'ticker_sentiment_score': '0.425357', 'ticker_sentiment_label': 'Bullish'}, {'ticker': 'WMT', 'relevance_score': '0.647887', 'ticker_sentiment_score': '0.248837', 'ticker_sentiment_label': 'Somewhat-Bullish'}, {'ticker': 'TGT', 'relevance_score': '0.629782', 'ticker_sentiment_score': '0.226201', 'ticker_sentiment_label': 'Somewhat-Bullish'}, {'ticker': 'AMZN', 'relevance_score': '0.611816', 'ticker_sentiment_score': '0.233029', 'ticker_sentiment_label': 'Somewhat-Bullish'}, {'ticker': 'RL', 'relevance_score': '0.606089', 'ticker_sentiment_score': '0.142502', 'ticker_sentiment_label': 'Neutral'}]"
Focus: Amazon takes another swipe at union as Alabama rematch looms,https://www.reuters.com/business/retail-consumer/amazon-takes-another-swipe-union-alabama-rematch-looms-2021-11-04/,20211104T141000,['Jeffrey Dastin and Julia Love'],"Amazon is intensifying its anti-union campaign in Bessemer, Alabama, ahead of a potential second union vote after its initial victory was challenged. The company is using mandatory meetings, bathroom stall posters, and flying in staff to discourage unionization, while the RWDSU union is stepping up its organizing efforts, including home visits. Both sides are employing aggressive tactics as the stakes for union representation at Amazon's U.S. facilities remain high.",,Reuters,General,Reuters,"[{'topic': 'retail_wholesale', 'relevance_score': '0.832793'}, {'topic': 'finance', 'relevance_score': '0.611638'}]",-0.255491,Somewhat-Bearish,"[{'ticker': 'AMZN', 'relevance_score': '0.926206', 'ticker_sentiment_score': '-0.281934', 'ticker_sentiment_label': 'Somewhat-Bearish'}]"
American Eagle Outfitters is literally serious about owning its supply chain,https://retailwire.com/discussion/american-eagle-outfitters-is-literally-serious-about-owning-its-supply-chain/,20211104T165208,['George Anderson'],"American Eagle Outfitters (AEO) is expanding its control over its supply chain by acquiring Quiet Logistics for $350 million, marking its second such acquisition in recent months. This strategic move aims to improve delivery speed, reliability, and cost-effectiveness, offering competitive advantages amidst widespread supply chain disruptions. The acquisition, building on previous investments like AirTerra, is expected to enhance AEO's in-market fulfillment network and operational agility.",,RetailWire,General,RetailWire,"[{'topic': 'mergers_and_acquisitions', 'relevance_score': '1.000000'}, {'topic': 'retail_wholesale', 'relevance_score': '1.000000'}]",0.245289,Somewhat-Bullish,"[{'ticker': 'AEO', 'relevance_score': '1.000000', 'ticker_sentiment_score': '0.457805', 'ticker_sentiment_label': 'Bullish'}, {'ticker': 'AMZN', 'relevance_score': '0.614304', 'ticker_sentiment_score': '0.189146', 'ticker_sentiment_label': 'Somewhat-Bullish'}, {'ticker': 'DG', 'relevance_score': '0.603846', 'ticker_sentiment_score': '0.172941', 'ticker_sentiment_label': 'Somewhat-Bullish'}, {'ticker': 'WMT', 'relevance_score': '0.560727', 'ticker_sentiment_score': '0.160857', 'ticker_sentiment_label': 'Somewhat-Bullish'}]"
Bed Bath & Beyond Introduces Digital Marketplace,https://www.anbmedia.com/news/retail-news/2021/11/bed-bath-beyond-introduces-digital-marketplace/,20211104T165541,['aNb Media'],"Bed Bath & Beyond has launched a new digital marketplace allowing third-party sellers to list curated baby and home products, integrating it into their existing digital platform. This move positions the retailer alongside Amazon, Walmart, and Target in offering such marketplaces. Additionally, Bed Bath & Beyond recently announced a collaboration with Kroger, expanding its reach for baby and home items through Kroger's online and select physical stores.",https://www.anbmedia.com/wp-content/uploads/2021/11/Bed-Bath-Beyond-Logo.jpg,aNb Media,General,aNb Media,"[{'topic': 'retail_wholesale', 'relevance_score': '0.906350'}, {'topic': 'technology', 'relevance_score': '0.718484'}]",0.188863,Somewhat-Bullish,"[{'ticker': 'BBBY', 'relevance_score': '1.000000', 'ticker_sentiment_score': '0.447969', 'ticker_sentiment_label': 'Bullish'}, {'ticker': 'AMZN', 'relevance_score': '0.621210', 'ticker_sentiment_score': '0.132334', 'ticker_sentiment_label': 'Neutral'}, {'ticker': 'WMT', 'relevance_score': '0.628353', 'ticker_sentiment_score': '0.110639', 'ticker_sentiment_label': 'Neutral'}, {'ticker': 'TGT', 'relevance_score': '0.633314', 'ticker_sentiment_score': '0.146747', 'ticker_sentiment_label': 'Neutral'}, {'ticker': 'KR', 'relevance_score': '0.634106', 'ticker_sentiment_score': '0.138947', 'ticker_sentiment_label': 'Neutral'}]"
Google acquires $1B stake in CME Group as companies ink 10-year cloud deal,https://siliconangle.com/2021/11/04/google-acquires-1b-stake-cme-group-companies-ink-10-year-cloud-deal/,20211104T170057,['Maria Deutscher'],"CME Group Inc., a major operator of financial exchanges, has partnered with Google LLC for a 10-year cloud deal to migrate its technology infrastructure to Google Cloud. As part of this agreement, Google made a significant investment, acquiring $1 billion worth of CME Group stock. This partnership aims to scale CME Group's IT infrastructure, streamline operations, and enhance various technology capabilities, including risk mitigation tools and data analytics services for clients.",https://d15shllkswkct0.cloudfront.net/wp-content/blogs.dir/1/files/2021/11/google-2.png,SiliconANGLE,General,SiliconANGLE,"[{'topic': 'mergers_and_acquisitions', 'relevance_score': '0.808133'}, {'topic': 'technology', 'relevance_score': '0.901003'}, {'topic': 'finance', 'relevance_score': '0.728189'}]",0.249884,Somewhat-Bullish,"[{'ticker': 'CME', 'relevance_score': '1.000000', 'ticker_sentiment_score': '0.402909', 'ticker_sentiment_label': 'Bullish'}, {'ticker': 'GOOGL', 'relevance_score': '0.867389', 'ticker_sentiment_score': '0.306971', 'ticker_sentiment_label': 'Somewhat-Bullish'}, {'ticker': 'GOOG', 'relevance_score': '0.847224', 'ticker_sentiment_score': '0.337277', 'ticker_sentiment_label': 'Somewhat-Bullish'}, {'ticker': 'AMZN', 'relevance_score': '0.642244', 'ticker_sentiment_score': '0.114087', 'ticker_sentiment_label': 'Neutral'}, {'ticker': 'MSFT', 'relevance_score': '0.649501', 'ticker_sentiment_score': '0.106033', 'ticker_sentiment_label': 'Neutral'}]"
"Prime Gaming and Electronic Arts Collaborate to Bring Players Free Games and In-Game Content for EA’s Biggest Titles, Starting with Apex Legends",https://primegaming.blog/prime-gaming-and-electronic-arts-collaborate-to-bring-players-free-games-and-in-game-content-for-25b2b2143874,20211104T170530,['Keith Carpenter'],"Amazon's Prime Gaming and Electronic Arts are partnering to offer Amazon Prime members free games and in-game content for popular EA titles through 2022. This collaboration includes exclusive content for Apex Legends and Battlefield 2042, along with free PC games like Dragon Age: Inquisition and Need for Speed: Hot Pursuit Remastered. The initiative aims to provide significant value to over 200 million Amazon Prime members worldwide.",https://miro.medium.com/v2/resize:fill:76:76/1*l6BjDrm5HKs_1Xa09r5y2w.jpeg,primegaming.blog,General,primegaming.blog,"[{'topic': 'retail_wholesale', 'relevance_score': '0.747082'}, {'topic': 'technology', 'relevance_score': '0.800892'}]",0.466594,Bullish,"[{'ticker': 'EA', 'relevance_score': '1.000000', 'ticker_sentiment_score': '0.493843', 'ticker_sentiment_label': 'Bullish'}, {'ticker': 'AMZN', 'relevance_score': '0.878046', 'ticker_sentiment_score': '0.426060', 'ticker_sentiment_label': 'Bullish'}]"
"Amazon buys Robinson Ranch land, reveals timeline for new warehouse",https://www.bizjournals.com/austin/news/2021/11/04/amazon-purchase-robinson-ranch-land-round-rock.html,20211104T193552,['Justin Sayers'],"Amazon has purchased the Robinson Ranch land in Round Rock for a new warehouse and revealed its timeline. The e-commerce giant closed on the land in late October after previously submitting an application to the city to rezone and annex the site. This move contributes to Amazon's growing presence in the Austin metro, where it is nearing 12,000 employees.",,The Business Journals,General,The Business Journals,"[{'topic': 'real_estate', 'relevance_score': '1.000000'}, {'topic': 'retail_wholesale', 'relevance_score': '0.747356'}, {'topic': 'mergers_and_acquisitions', 'relevance_score': '0.634266'}]",0.323989,Somewhat-Bullish,"[{'ticker': 'AMZN', 'relevance_score': '1.000000', 'ticker_sentiment_score': '0.337319', 'ticker_sentiment_label': 'Somewhat-Bullish'}]"
BJ's Wholesale chain plans Middle Tennessee expansion,https://www.bizjournals.com/nashville/news/2021/11/04/massachusetts-warehouse-chain-eyes-la-vergne.html,20211104T194749,['Ian Bradley'],"BJ's Wholesale Club, based in Westborough, MA, has announced its plans for expansion into Tennessee, specifically targeting Middle Tennessee. The retail chain intends to open a new location in La Vergne, marking its entry into the Nashville business journal's coverage area. This expansion signifies the company's growth strategy into new regional markets.",,The Business Journals,General,The Business Journals,"[{'topic': 'retail_wholesale', 'relevance_score': '0.941420'}, {'topic': 'real_estate', 'relevance_score': '0.638319'}]",0.216609,Somewhat-Bullish,"[{'ticker': 'BJ', 'relevance_score': '1.000000', 'ticker_sentiment_score': '0.322663', 'ticker_sentiment_label': 'Somewhat-Bullish'}, {'ticker': 'AMZN', 'relevance_score': '0.647976', 'ticker_sentiment_score': '0.129877', 'ticker_sentiment_label': 'Neutral'}]"
Kroger launches Boost membership program,https://www.grocerydive.com/news/kroger-launches-boost-membership-program/609457/,20211104T203726,['Jeff Wells'],"Kroger has introduced ""Boost,"" a new membership program offering two tiers of no-fee delivery services and double fuel points to expand its online grocery business. This program aims to compete with similar offerings from Walmart and Amazon, providing a tiered approach to delivery speed and a welcome kit worth over $100 to offset membership costs. Boost is rolling out in several divisions with plans for further expansion, building on Kroger's growing e-commerce and vertically integrated delivery network.",,Grocery Dive,General,Grocery Dive,"[{'topic': 'retail_wholesale', 'relevance_score': '0.947722'}]",0.210465,Somewhat-Bullish,"[{'ticker': 'KR', 'relevance_score': '1.000000', 'ticker_sentiment_score': '0.412593', 'ticker_sentiment_label': 'Bullish'}, {'ticker': 'WMT', 'relevance_score': '0.703710', 'ticker_sentiment_score': '0.112089', 'ticker_sentiment_label': 'Neutral'}, {'ticker': 'AMZN', 'relevance_score': '0.644032', 'ticker_sentiment_score': '0.124374', 'ticker_sentiment_label': 'Neutral'}]"
"Amazon opening 3 new retail stores, including one in Columbia",https://www.wbaltv.com/article/amazon-new-retail-stores-columbia/38175712,20211105T165337,[],"Amazon.com Inc. is opening three new brick-and-mortar retail stores in the Maryland and Washington D.C. region. This includes two Amazon 4-star locations, one at The Mall in Columbia and another in Germantown, and an Amazon Pop Up store in Washington, D.C. The 4-star stores will sell highly-rated items from Amazon's website, while the Pop Up location will offer themed selections, likely tied to the holiday season.","https://kubrick.htvapps.com/htv-prod-media.s3.amazonaws.com/images/amazon-four-star-1636140888.jpg?crop=1.00xw:0.846xh;0,0&resize=900:*",WBAL-TV,General,WBAL-TV,"[{'topic': 'retail_wholesale', 'relevance_score': '0.927767'}]",0.428293,Bullish,"[{'ticker': 'AMZN', 'relevance_score': '1.000000', 'ticker_sentiment_score': '0.423531', 'ticker_sentiment_label': 'Bullish'}]"
JD.com: Not Just A Traditional E-commerce Platform,https://valueinvestasia.com/jd-com-not-just-a-traditional-e-commerce-platform/,20211105T171631,[],"JD.com, China's second-largest e-commerce platform, recently reported strong Q2 2021 results with record revenue and a significant increase in active customers. The company is structured into three main segments: Retail, Logistics, and New Business, highlighting its diversification beyond traditional e-commerce. Despite regulatory challenges in China, JD.com's tangible presence in the economy and direct employment of a large workforce may position it favorably for long-term growth.",,Value Invest Asia,General,Value Invest Asia,"[{'topic': 'earnings', 'relevance_score': '0.821607'}, {'topic': 'retail_wholesale', 'relevance_score': '0.829043'}, {'topic': 'technology', 'relevance_score': '0.845028'}, {'topic': 'economy_fiscal', 'relevance_score': '0.602993'}, {'topic': 'finance', 'relevance_score': '0.632998'}]",0.148798,Neutral,"[{'ticker': 'JD', 'relevance_score': '0.332807', 'ticker_sentiment_score': '0.023674', 'ticker_sentiment_label': 'Neutral'}, {'ticker': 'AMZN', 'relevance_score': '0.639894', 'ticker_sentiment_score': '0.231779', 'ticker_sentiment_label': 'Somewhat-Bullish'}]"
Rivian Fleet: Electric Work & Commercial Vans,https://rivian.com/fleet,20211105T173110,[],"Rivian is electrifying commercial fleets with its new Rivian Commercial Van (RCV), designed for sustainability, cost-effectiveness, and driver safety. The RCV offers significant reductions in operational GHG emissions compared to traditional internal combustion vehicles. Rivian also provides support for fleet purchases, servicing, and integration of their R1T and R1S models into commercial operations.","https://media.rivian.com/rivian-main/image/upload/f_auto,q_auto/Fleet_Hero_yjqbye",Rivian,General,Rivian,"[{'topic': 'energy_transportation', 'relevance_score': '1.000000'}, {'topic': 'manufacturing', 'relevance_score': '0.811616'}, {'topic': 'technology', 'relevance_score': '0.700669'}]",0.491446,Bullish,"[{'ticker': 'RIVN', 'relevance_score': '1.000000', 'ticker_sentiment_score': '0.608301', 'ticker_sentiment_label': 'Bullish'}, {'ticker': 'AMZN', 'relevance_score': '0.700223', 'ticker_sentiment_score': '0.334326', 'ticker_sentiment_label': 'Somewhat-Bullish'}]"
Google invests $1bn into Chicago Mercantile Exchange as part of cloud migration deal,https://www.itpro.com/cloud/cloud-computing/361456/google-invests-1bn-into-chicago-financial-exchange-cme-group,20211105T195730,['Bobby Hellard'],"Google Cloud has signed a 10-year deal with CME Group to migrate all of CME's infrastructure and markets to the cloud starting in early 2022. As part of this agreement, Google has also made a $1 billion equity investment in CME Group. The partnership aims to enhance CME's services, introduce new products, and accelerate technological innovation in capital markets while strengthening Google Cloud's position in the financial services sector.",,IT Pro,General,IT Pro,"[{'topic': 'technology', 'relevance_score': '0.944497'}, {'topic': 'financial_markets', 'relevance_score': '0.813902'}, {'topic': 'finance', 'relevance_score': '0.720652'}]",0.323092,Somewhat-Bullish,"[{'ticker': 'CME', 'relevance_score': '1.000000', 'ticker_sentiment_score': '0.425803', 'ticker_sentiment_label': 'Bullish'}, {'ticker': 'GOOGL', 'relevance_score': '0.846936', 'ticker_sentiment_score': '0.329180', 'ticker_sentiment_label': 'Somewhat-Bullish'}, {'ticker': 'GOOG', 'relevance_score': '0.832162', 'ticker_sentiment_score': '0.323730', 'ticker_sentiment_label': 'Somewhat-Bullish'}, {'ticker': 'MSFT', 'relevance_score': '0.622643', 'ticker_sentiment_score': '0.221178', 'ticker_sentiment_label': 'Somewhat-Bullish'}, {'ticker': 'AMZN', 'relevance_score': '0.629055', 'ticker_sentiment_score': '0.212232', 'ticker_sentiment_label': 'Somewhat-Bullish'}]"
‘Business needs a noble purpose and a human-centric approach — these core principles revived Best Buy’,https://m.economictimes.com/news/et-evoke/business-needs-a-noble-purpose-and-a-human-centric-approach-these-core-principles-revived-best-buy/articleshow/87543159.cms,20211105T220300,['Srijana Mitra Das'],"Hubert Joly, former CEO of Best Buy, discusses how a human-centric approach and noble purpose revived the company, leading its share price to rise 11-fold. He emphasizes that putting people at the center and embracing all stakeholders is crucial for businesses today, especially in navigating challenges like the pandemic and climate change. Joly argues that the ""Milton Friedman doctrine"" of profit-first is outdated and highlights companies like Microsoft, Ralph Lauren, and Unilever as examples of successful human-centric models.",,The Economic Times,General,The Economic Times,"[{'topic': 'retail_wholesale', 'relevance_score': '0.848316'}, {'topic': 'finance', 'relevance_score': '0.728244'}, {'topic': 'economy_macro', 'relevance_score': '0.609061'}]",0.312229,Somewhat-Bullish,"[{'ticker': 'BBY', 'relevance_score': '1.000000', 'ticker_sentiment_score': '0.817434', 'ticker_sentiment_label': 'Bullish'}, {'ticker': 'AMZN', 'relevance_score': '0.618215', 'ticker_sentiment_score': '-0.166919', 'ticker_sentiment_label': 'Somewhat-Bearish'}, {'ticker': 'MSFT', 'relevance_score': '0.641048', 'ticker_sentiment_score': '0.330710', 'ticker_sentiment_label': 'Somewhat-Bullish'}, {'ticker': 'AAPL', 'relevance_score': '0.569964', 'ticker_sentiment_score': '0.283691', 'ticker_sentiment_label': 'Somewhat-Bullish'}, {'ticker': 'RL', 'relevance_score': '0.591662', 'ticker_sentiment_score': '0.263329', 'ticker_sentiment_label': 'Somewhat-Bullish'}]"
Jeff Bezos Raises $3.3 Billion by Selling Amazon Stock This Week,https://www.bloomberg.com/news/articles/2021-11-05/jeff-bezos-raises-3-3-billion-by-selling-amazon-stock-this-week,20211105T221400,['Scott Carpenter'],"Jeff Bezos sold $1.3 billion worth of Amazon stock on Friday, bringing his total sales for the week to $3.3 billion. These sales contribute to the $9.9 billion in Amazon stock he has sold throughout the current year, often to fund ventures like Blue Origin and the Earth Fund.",https://assets.bwbx.io/images/users/iqjWHBFdfxIU/icGViej8Oqlg/v1/-1x-1.webp,Bloomberg.com,General,Bloomberg.com,"[{'topic': 'financial_markets', 'relevance_score': '0.913104'}, {'topic': 'finance', 'relevance_score': '0.742687'}]",-0.368356,Bearish,"[{'ticker': 'AMZN', 'relevance_score': '1.000000', 'ticker_sentiment_score': '-0.351186', 'ticker_sentiment_label': 'Bearish'}]"
How Intel plans to catch Samsung and TSMC and regain its dominance in the chip market,https://www.cnbc.com/2021/11/06/how-intel-plans-to-catch-up-to-samsung-and-tsmc-with-44-billion-of-new-global-chip-fabs.html,20211106T171526,['Katie Tarasov'],"Intel CEO Pat Gelsinger has outlined an ambitious plan to regain dominance in the chip market by 2025, aiming to surpass competitors Samsung and TSMC. The strategy involves significant investment in new fabrication plants globally, totaling over $44 billion, and opening Intel's fabs to other companies through Intel Foundry Services. This move addresses past production missteps and aims to leverage government subsidies like the CHIPS Act to boost U.S. chip manufacturing.",https://image.cnbcfm.com/api/v1/image/106971780-1636150739690-GettyImages-1187294928.jpg?v=1658147193&w=750&h=422&vtcrop=y,CNBC,General,CNBC,"[{'topic': 'technology', 'relevance_score': '0.938365'}, {'topic': 'manufacturing', 'relevance_score': '0.718604'}, {'topic': 'economy_macro', 'relevance_score': '0.626269'}]",0.14505,Neutral,"[{'ticker': 'INTC', 'relevance_score': '1.000000', 'ticker_sentiment_score': '0.128396', 'ticker_sentiment_label': 'Neutral'}, {'ticker': 'AMZN', 'relevance_score': '0.624150', 'ticker_sentiment_score': '0.160229', 'ticker_sentiment_label': 'Somewhat-Bullish'}, {'ticker': 'QCOM', 'relevance_score': '0.718591', 'ticker_sentiment_score': '0.142154', 'ticker_sentiment_label': 'Neutral'}, {'ticker': 'AAPL', 'relevance_score': '0.717447', 'ticker_sentiment_score': '0.143574', 'ticker_sentiment_label': 'Neutral'}, {'ticker': 'NVDA', 'relevance_score': '0.626597', 'ticker_sentiment_score': '0.130684', 'ticker_sentiment_label': 'Neutral'}]"
Migrating from Dell EMC PowerScale to Amazon FSx for NetApp ONTAP,https://www.netapp.com/learn/aws-fsxo-blg-migrating-from-dell-emc-powerscale-to-amazon-fsx-for-netapp-ontap/,20211107T172436,['Will Stowe'],"This article details the process of migrating data from Dell EMC PowerScale (Isilon or OneFS) to Amazon FSx for NetApp ONTAP, a fully managed native AWS storage service. It highlights the use of NetApp Cloud Sync for a straightforward data migration, outlining the necessary networking prerequisites and step-by-step instructions for setting up the migration within NetApp Cloud Manager. The article concludes by emphasizing the benefits of FSx for NetApp ONTAP as a highly available, high-performance, and feature-rich storage solution for enterprise workloads in the AWS cloud.",,NetApp,General,NetApp,"[{'topic': 'technology', 'relevance_score': '0.914755'}]",0.334484,Somewhat-Bullish,"[{'ticker': 'NTAP', 'relevance_score': '1.000000', 'ticker_sentiment_score': '0.434032', 'ticker_sentiment_label': 'Bullish'}, {'ticker': 'DELL', 'relevance_score': '0.709448', 'ticker_sentiment_score': '0.232110', 'ticker_sentiment_label': 'Somewhat-Bullish'}, {'ticker': 'AMZN', 'relevance_score': '0.618766', 'ticker_sentiment_score': '0.342508', 'ticker_sentiment_label': 'Somewhat-Bullish'}]"
EXPLAINED: What is Metaverse and Why Facebook/ Meta Thinks it's the Future of Internet,https://www.news18.com/news/tech/explained-what-is-metaverse-and-why-facebook-meta-thinks-its-the-future-of-internet-4416881.html,20211108T104000,['Kenneth Mohanty'],"This article explains the concept of the metaverse, why Facebook (now Meta) views it as the future of the internet, and what its potential applications are. It details how the metaverse would work, from virtual interactions and business opportunities to the technologies being developed to build it, while also touching on data privacy concerns.",,News18,General,News18,"[{'topic': 'technology', 'relevance_score': '1.000000'}]",0.13548,Neutral,"[{'ticker': 'META', 'relevance_score': '1.000000', 'ticker_sentiment_score': '0.248434', 'ticker_sentiment_label': 'Somewhat-Bullish'}, {'ticker': 'AMZN', 'relevance_score': '0.637238', 'ticker_sentiment_score': '0.100056', 'ticker_sentiment_label': 'Neutral'}, {'ticker': 'GOOGL', 'relevance_score': '0.604845', 'ticker_sentiment_score': '0.118476', 'ticker_sentiment_label': 'Neutral'}, {'ticker': 'MSFT', 'relevance_score': '0.621402', 'ticker_sentiment_score': '0.118978', 'ticker_sentiment_label': 'Neutral'}, {'ticker': 'NVDA', 'relevance_score': '0.644757', 'ticker_sentiment_score': '0.129104', 'ticker_sentiment_label': 'Neutral'}]"
"AMD shares close up 10% after company wins Meta partnership, announces new chips",https://www.cnbc.com/2021/11/08/amd-shares-jump-after-company-wins-meta-partnership.html,20211108T114900,['Jessica Bursztynsky'],"AMD shares surged 10% after the company announced a partnership with Meta (formerly Facebook) as a chip customer and unveiled a new range of chips at its Accelerated Data Center Premiere event. This move strengthens AMD's position against competitors like Intel, as the company continues to gain market share with its data center chip sales experiencing significant growth. Additional details about the Meta partnership are expected to be revealed later in the week at the Open Compute Project summit.",,CNBC,General,CNBC,"[{'topic': 'earnings', 'relevance_score': '0.823430'}, {'topic': 'financial_markets', 'relevance_score': '0.902450'}, {'topic': 'technology', 'relevance_score': '1.000000'}]",0.187445,Somewhat-Bullish,"[{'ticker': 'AMD', 'relevance_score': '1.000000', 'ticker_sentiment_score': '0.464824', 'ticker_sentiment_label': 'Bullish'}, {'ticker': 'META', 'relevance_score': '0.844714', 'ticker_sentiment_score': '0.333369', 'ticker_sentiment_label': 'Somewhat-Bullish'}, {'ticker': 'INTC', 'relevance_score': '0.632127', 'ticker_sentiment_score': '-0.269525', 'ticker_sentiment_label': 'Somewhat-Bearish'}, {'ticker': 'MSFT', 'relevance_score': '0.568113', 'ticker_sentiment_score': '0.239441', 'ticker_sentiment_label': 'Somewhat-Bullish'}, {'ticker': 'AMZN', 'relevance_score': '0.587569', 'ticker_sentiment_score': '0.205865', 'ticker_sentiment_label': 'Somewhat-Bullish'}]"
"Poll Finds Gamers Are Most Interested in EA, Rockstar of Major Publishers",https://pro.morningconsult.com/articles/game-developer-studio-rankings,20211108T120100,['Adam Epstein'],"A Morning Consult poll found that Electronic Arts (EA) and Rockstar Games are the top publishers capturing gamers' interest, with 64% and 61% of avid gamers interested, respectively. Despite controversies, Ubisoft and Activision also ranked highly. CD Projekt Red, however, ranked near the bottom, likely due to issues with its Cyberpunk 2077 launch.",https://pro.morningconsult.com/_next/image?url=https%3A%2F%2Fpro-assets.morningconsult.com%2Fwp-uploads%2F2021%2F11%2F04162247%2F211104_Gaming-Series_Story-2_Dev-Rank_FI.gif&w=1920&q=100,Morning Consult Pro,General,Morning Consult Pro,"[{'topic': 'technology', 'relevance_score': '0.843766'}]",0.180386,Somewhat-Bullish,"[{'ticker': 'EA', 'relevance_score': '1.000000', 'ticker_sentiment_score': '0.322587', 'ticker_sentiment_label': 'Somewhat-Bullish'}, {'ticker': 'TTWO', 'relevance_score': '0.847963', 'ticker_sentiment_score': '0.252831', 'ticker_sentiment_label': 'Somewhat-Bullish'}, {'ticker': 'MSFT', 'relevance_score': '0.617456', 'ticker_sentiment_score': '0.079564', 'ticker_sentiment_label': 'Neutral'}, {'ticker': 'AMZN', 'relevance_score': '0.573217', 'ticker_sentiment_score': '0.120897', 'ticker_sentiment_label': 'Neutral'}]"
Resideo Adds Amazon Smart Thermostat to Utility Programs,https://www.prnewswire.com/news-releases/resideo-adds-amazon-smart-thermostat-to-utility-programs-301418991.html,20211108T160100,[],"Resideo announced that the Amazon Smart Thermostat will be integrated into its Connected Savings® portfolio, allowing utility customers to participate in rewards programs. Built with Honeywell Home Thermostat Technology, this integration aims to enhance grid reliability and promote energy savings. Resideo and Amazon are partnering to drive enrollments in energy efficiency programs, supporting green energy initiatives and helping utilities achieve net-zero goals.",,PR Newswire,General,PR Newswire,"[{'topic': 'technology', 'relevance_score': '0.816654'}, {'topic': 'energy_transportation', 'relevance_score': '0.745699'}]",0.364556,Bullish,"[{'ticker': 'REZI', 'relevance_score': '1.000000', 'ticker_sentiment_score': '0.482882', 'ticker_sentiment_label': 'Bullish'}, {'ticker': 'AMZN', 'relevance_score': '0.739300', 'ticker_sentiment_score': '0.308724', 'ticker_sentiment_label': 'Somewhat-Bullish'}, {'ticker': 'HON', 'relevance_score': '0.599364', 'ticker_sentiment_score': '0.203061', 'ticker_sentiment_label': 'Somewhat-Bullish'}]"
TreeHouse Foods explores sale option after pressure from investor,https://www.reuters.com/legal/transactional/treehouse-foods-explores-sale-option-after-pressure-investor-2021-11-08/,20211108T165000,['Reuters'],"TreeHouse Foods Inc. is considering a sale of the company or a divestment of a unit after pressure from hedge fund Jana Partners, which argued the packaged food maker was undervalued. Jana Partners, known for pushing changes in the food and beverage industry, holds about 9% of TreeHouse and has appointed two independent directors to its board. This development comes as TreeHouse reported better-than-expected third-quarter revenue but forecast full-year adjusted profit below estimates.",https://www.reuters.com/resizer/v2/https%3A%2F%2Fcloudfront-us-east-2.images.arcpublishing.com%2Freuters%2FNEOQCH3YNVNUBCDSGTDTTURETE.jpg?auth=81749346ab4eaf60ac43d8bf09ef7c7b389da9eff54043b111d9568dd8c0bbdb&width=1920&quality=80,Reuters,General,Reuters,"[{'topic': 'mergers_and_acquisitions', 'relevance_score': '0.920806'}, {'topic': 'earnings', 'relevance_score': '0.827925'}]",0.045961,Neutral,"[{'ticker': 'CAG', 'relevance_score': '0.737548', 'ticker_sentiment_score': '-0.107569', 'ticker_sentiment_label': 'Neutral'}, {'ticker': 'AMZN', 'relevance_score': '0.639656', 'ticker_sentiment_score': '0.142084', 'ticker_sentiment_label': 'Neutral'}]"
Apollo Hires Former Amazon Executive to Bolster ESG Firepower,https://www.wsj.com/articles/apollo-hires-former-amazon-executive-to-bolster-esg-firepower-11636372801?gaa_at=eafs&gaa_n=AWEtsqfRvGTpAwF5cloSN3gJi_PdbJfUCqIq868VxydIa_g0Pcm8PN4tJhzn&gaa_ts=699b3824&gaa_sig=82eMfEvg3X53mIkT5ktuk8UKyyld7ICh_5hR3XO34APPlGCCSHW8MjD4K88Z6FrV_Ky-zPOKlWN3CfeyWtF3Jg%3D%3D,20211108T165353,['Laura Kreutzer'],"Apollo Global Management has appointed Carletta Ooton, a former Amazon.com executive, as its head of ESG for private equity and an operating partner in its portfolio performance solutions group. This move aims to strengthen Apollo's environmental, social, and governance expertise, reflecting a broader trend of high-profile ESG hires by the firm. Ms. Ooton will assist Apollo's portfolio companies in integrating ESG principles into their operations.",https://images.wsj.net/im-430429/?width=700&height=467,The Wall Street Journal,General,The Wall Street Journal,"[{'topic': 'finance', 'relevance_score': '0.700841'}]",0.328738,Somewhat-Bullish,"[{'ticker': 'APO', 'relevance_score': '1.000000', 'ticker_sentiment_score': '0.402199', 'ticker_sentiment_label': 'Bullish'}, {'ticker': 'AMZN', 'relevance_score': '0.707755', 'ticker_sentiment_score': '0.241493', 'ticker_sentiment_label': 'Somewhat-Bullish'}]"
Macy's to lift minimum wage to $15 per hour as labor market tightens,https://www.foxbusiness.com/economy/macys-to-lift-minimum-wage-to-15-an-hour-as-labor-market-tightens,20211108T172005,[],"Macy's Inc. announced it will raise its minimum wage for over 100,000 U.S. employees to $15 per hour by May, responding to a tightening labor market and competitive hiring landscape. The department store chain will also invest $35 million in a debt-free education benefit program for its workers over the next four years. This move follows similar actions by other major retailers like Amazon and Walmart to attract and retain staff amidst a nationwide labor shortage.",https://a57.foxnews.com/static.foxbusiness.com/foxbusiness.com/content/uploads/2021/08/931/523/shoppers-at-macys-in-boston.jpg?ve=1&tl=1,Fox Business,General,Fox Business,"[{'topic': 'retail_wholesale', 'relevance_score': '0.917857'}, {'topic': 'economy_macro', 'relevance_score': '0.811743'}, {'topic': 'finance', 'relevance_score': '0.629020'}, {'topic': 'economy_monetary', 'relevance_score': '0.637316'}]",0.200274,Somewhat-Bullish,"[{'ticker': 'M', 'relevance_score': '1.000000', 'ticker_sentiment_score': '0.291712', 'ticker_sentiment_label': 'Somewhat-Bullish'}, {'ticker': 'AMZN', 'relevance_score': '0.606037', 'ticker_sentiment_score': '0.147839', 'ticker_sentiment_label': 'Neutral'}]"
Blue Light Special to bust: Michigan's last Kmart about to end era,https://www.detroitnews.com/story/business/2021/11/09/michigan-last-kmart/6249670001/,20211108T173655,"['Breana Noble', 'Candice Williams']","Michigan's last Kmart store, located in Marshall, is scheduled to close on November 21, 2021, marking the end of a nearly 60-year history for the once-innovative discount retailer in its home state. The closure highlights Kmart's decline due to a lack of investment and inability to compete with rivals like Walmart and Target, despite its deep roots in Michigan and its pioneering role in big-box retail. The article explores Kmart's rise and fall, its impact on local communities like Marshall, and the lingering legacy for former employees.",https://www.gannett-cdn.com/presto/2021/10/30/PDTN/d0724104-470c-46ce-88f6-4e6540076b0b-6ebe94b5-1831-4c66-8063-53292e847e43_thumbnail.png,The Detroit News,General,The Detroit News,"[{'topic': 'retail_wholesale', 'relevance_score': '0.925550'}]",-0.097405,Neutral,"[{'ticker': 'TGT', 'relevance_score': '0.800849', 'ticker_sentiment_score': '-0.118933', 'ticker_sentiment_label': 'Neutral'}, {'ticker': 'WMT', 'relevance_score': '0.828447', 'ticker_sentiment_score': '-0.103907', 'ticker_sentiment_label': 'Neutral'}, {'ticker': 'AMZN', 'relevance_score': '0.743827', 'ticker_sentiment_score': '-0.131826', 'ticker_sentiment_label': 'Neutral'}, {'ticker': 'DLTR', 'relevance_score': '0.647819', 'ticker_sentiment_score': '0.141159', 'ticker_sentiment_label': 'Neutral'}]"
"Monmouth REIT shareholder revolt leads to $4B sale, $600M better than before",https://www.app.com/story/money/business/main-street/2021/11/08/monmouth-real-estate-investment-shareholder-revolt-leads-4-b-sale/6301627001/,20211108T203140,['Michael L. Diamond'],"Monmouth Real Estate Investment Corp. has agreed to be acquired by Industrial Logistics Properties Trust for $4 billion after shareholders rejected an earlier, lower bid from Sam Zell's Equity Commonwealth. The all-cash deal, valued at $21 per share, is approximately $600 million higher than the previous offer and has been welcomed by activist investor Blackwells Capital. This acquisition will significantly expand Industrial Logistics Property Trust's mainland portfolio, building on Monmouth REIT's success in industrial properties.",,Asbury Park Press,General,Asbury Park Press,"[{'topic': 'mergers_and_acquisitions', 'relevance_score': '1.000000'}, {'topic': 'real_estate', 'relevance_score': '0.909892'}, {'topic': 'finance', 'relevance_score': '0.703880'}, {'topic': 'financial_markets', 'relevance_score': '0.642509'}]",0.36875,Bullish,"[{'ticker': 'ILPT', 'relevance_score': '1.000000', 'ticker_sentiment_score': '0.532427', 'ticker_sentiment_label': 'Bullish'}, {'ticker': 'AMZN', 'relevance_score': '0.724058', 'ticker_sentiment_score': '0.301358', 'ticker_sentiment_label': 'Somewhat-Bullish'}, {'ticker': 'FDX', 'relevance_score': '0.631741', 'ticker_sentiment_score': '0.336292', 'ticker_sentiment_label': 'Somewhat-Bullish'}, {'ticker': 'HD', 'relevance_score': '0.666374', 'ticker_sentiment_score': '0.314336', 'ticker_sentiment_label': 'Somewhat-Bullish'}]"
Publix is getting some new competition. And this grocer isn’t even opening a supermarket,https://www.miamiherald.com/news/state/florida/article255542606.html,20211109T083400,['Howard Cohen'],"Kroger is expanding its online grocery delivery service into Florida, including Central and soon South Florida, without opening traditional brick-and-mortar stores. This move introduces a new form of competition for established Florida grocers like Publix, Winn-Dixie, and Fresco y Más, focusing on a fulfillment center model with robots for delivery. The article details Kroger's strategy, the growth of online grocery shopping fueled by the pandemic, and how local competitors are responding to this new market entry.",,Miami Herald,General,Miami Herald,"[{'topic': 'retail_wholesale', 'relevance_score': '1.000000'}, {'topic': 'economy_macro', 'relevance_score': '0.646119'}]",0.162173,Somewhat-Bullish,"[{'ticker': 'KR', 'relevance_score': '1.000000', 'ticker_sentiment_score': '0.239342', 'ticker_sentiment_label': 'Somewhat-Bullish'}, {'ticker': 'AMZN', 'relevance_score': '0.632452', 'ticker_sentiment_score': '0.116955', 'ticker_sentiment_label': 'Neutral'}]"
"On the heels of going public, DocGo aims to expand mobile medical services in the U.S. and overseas",https://www.fiercehealthcare.com/tech/heels-going-public-docgo-aims-to-expand-mobile-medical-services-u-s-and-overseas,20211109T090000,['Heather Landi'],"DocGo, formerly Ambulnz, went public via a SPAC merger with Motion Acquisition Corp., valuing the company at $1.1 billion. The company plans to use the $158 million raised to expand its mobile health services geographically and through M&A opportunities, both domestically and internationally, including a direct-to-consumer pilot program. DocGo differentiates itself by using licensed/certified EMTs, paramedics, and LPNs to provide cost-effective ""last-mile"" healthcare services.",,Fierce Healthcare,General,Fierce Healthcare,"[{'topic': 'ipo', 'relevance_score': '0.929710'}, {'topic': 'mergers_and_acquisitions', 'relevance_score': '0.828860'}, {'topic': 'life_sciences', 'relevance_score': '0.945319'}, {'topic': 'finance', 'relevance_score': '0.615734'}]",0.355044,Bullish,"[{'ticker': 'DCGO', 'relevance_score': '1.000000', 'ticker_sentiment_score': '0.620728', 'ticker_sentiment_label': 'Bullish'}, {'ticker': 'AMZN', 'relevance_score': '0.641461', 'ticker_sentiment_score': '0.131217', 'ticker_sentiment_label': 'Neutral'}]"
Amazon considers Georgetown site for large warehouse,https://www.bizjournals.com/austin/news/2021/11/09/amazon-georgetown-sortation-facility-austin.html,20211109T165337,['Justin Sayers'],"Amazon is reportedly considering a site in Georgetown for a large ""package sortation center"" and ""warehouse for overnight processing of packages for long-haul delivery."" This development would further solidify Amazon's presence as one of the largest employers in the Austin area, where it already had 11,000 direct employees as of August. The project details were disclosed in a state filing, indicating significant expansion plans for the online retail giant.",https://media.bizj.us/view/img/11442546/img1636*900xx4032-2252-0-309.jpg,The Business Journals,General,The Business Journals,"[{'topic': 'real_estate', 'relevance_score': '0.802678'}, {'topic': 'retail_wholesale', 'relevance_score': '0.737887'}, {'topic': 'economy_macro', 'relevance_score': '0.634005'}]",0.311015,Somewhat-Bullish,"[{'ticker': 'AMZN', 'relevance_score': '1.000000', 'ticker_sentiment_score': '0.300804', 'ticker_sentiment_label': 'Somewhat-Bullish'}]"
eBay Launches ‘Refurbished’ Offering,https://www.ebayinc.com/stories/news/ebay-launches-refurbished-offering/,20211109T170527,[],"eBay has launched ""eBay Refurbished,"" a new online destination for purchasing like-new products from popular brands like Apple, Samsung, and Dyson, all backed by a one or two-year warranty. The initiative aims to address holiday scarcity issues and changing consumer behaviors, offering discounted inventory sourced from premium brands or top-rated sellers. The program expands on eBay's previous Certified Refurbished offering, including multiple condition grades and leading Allstate warranties, free shipping, and a money-back guarantee, catering to a growing trend of consumers buying and gifting refurbished items for sustainability and value.",https://static.ebayinc.com/static/assets/Uploads/Stories/Articles/_resampled/FillWzgwMCw0NTBd/ebay-refurbished2.jpg?fs=d61e5125b26c7120,eBay Inc.,General,eBay Inc.,"[{'topic': 'retail_wholesale', 'relevance_score': '0.905133'}, {'topic': 'technology', 'relevance_score': '0.845108'}]",0.258549,Somewhat-Bullish,"[{'ticker': 'EBAY', 'relevance_score': '1.000000', 'ticker_sentiment_score': '0.468164', 'ticker_sentiment_label': 'Bullish'}, {'ticker': 'ALL', 'relevance_score': '0.625837', 'ticker_sentiment_score': '0.226083', 'ticker_sentiment_label': 'Somewhat-Bullish'}, {'ticker': 'AMZN', 'relevance_score': '0.642310', 'ticker_sentiment_score': '0.102300', 'ticker_sentiment_label': 'Neutral'}]"
Elon Musk’s Net Worth Has Plunged $50 Billion in 2 Days,https://time.com/6115825/elon-musk-net-worth-loss/,20211109T172628,['Sophie Alexander/Bloomberg'],"Elon Musk's net worth has dropped by $50 billion in two days following a significant plunge in Tesla shares. This decline, the largest two-day fall on the Bloomberg Billionaires Index, was influenced by Musk's Twitter poll about selling his stock, his brother's pre-poll stock sale, and a report suggesting Musk might need to sell shares to cover personal debts. Despite the substantial loss, Musk's fortune is still up 70% for the year, and Tesla's market capitalization remains over $1 trillion.",https://time.com/redesign/_next/image/?url=https%3A%2F%2Fapi.time.com%2Fwp-content%2Fuploads%2F2021%2F11%2Felon-musk-net-worth.jpg%3Fquality%3D85%26w%3D1024&w=3840&q=75,Time Magazine,General,Time Magazine,"[{'topic': 'financial_markets', 'relevance_score': '0.924104'}, {'topic': 'technology', 'relevance_score': '0.821407'}, {'topic': 'earnings', 'relevance_score': '0.702930'}]",-0.137692,Neutral,"[{'ticker': 'ORCL', 'relevance_score': '0.605490', 'ticker_sentiment_score': '-0.308198', 'ticker_sentiment_label': 'Somewhat-Bearish'}, {'ticker': 'TSLA', 'relevance_score': '0.981315', 'ticker_sentiment_score': '-0.319991', 'ticker_sentiment_label': 'Somewhat-Bearish'}, {'ticker': 'AMZN', 'relevance_score': '0.749044', 'ticker_sentiment_score': '0.131045', 'ticker_sentiment_label': 'Neutral'}, {'ticker': 'NFLX', 'relevance_score': '0.559584', 'ticker_sentiment_score': '0.132561', 'ticker_sentiment_label': 'Neutral'}]"
"BD Tops COVID Testing Market With Veritor Rollout, BARDA Contract",https://thehealthcaretechnologyreport.com/bd-tops-covid-testing-market-with-veritor-rollout-barda-contract/,20211109T194729,[],"Becton Dickinson's smartphone-based rapid antigen test for COVID-19, the Veritor kit, is now commercially available and has seen a significant price drop due to a partnership between the Biden administration and major retailers. The company also secured a $24.7 million contract from BARDA, potentially rising to $40.3 million, to develop combination diagnostic tests for various infectious diseases. This initiative aims to shore up COVID-19 diagnostics for the long term and streamline testing processes.",,The Healthcare Technology Report.,General,The Healthcare Technology Report.,"[{'topic': 'life_sciences', 'relevance_score': '0.941128'}]",0.283508,Somewhat-Bullish,"[{'ticker': 'BDX', 'relevance_score': '1.000000', 'ticker_sentiment_score': '0.417832', 'ticker_sentiment_label': 'Bullish'}, {'ticker': 'WMT', 'relevance_score': '0.629428', 'ticker_sentiment_score': '0.212294', 'ticker_sentiment_label': 'Somewhat-Bullish'}, {'ticker': 'KR', 'relevance_score': '0.620035', 'ticker_sentiment_score': '0.213574', 'ticker_sentiment_label': 'Somewhat-Bullish'}, {'ticker': 'AMZN', 'relevance_score': '0.621668', 'ticker_sentiment_score': '0.205531', 'ticker_sentiment_label': 'Somewhat-Bullish'}]"
"Google-owner Alphabet breaches $2 trillion market cap, joins Apple and Microsoft",https://english.aaj.tv/news/30270995/,20211109T202217,['Web Desk'],"Google's parent company, Alphabet Inc., reached a $2 trillion market capitalization for the first time, driven by increased digital ad spending and growth in its cloud business. This achievement places Alphabet alongside Apple and Microsoft in the exclusive $2 trillion club. The company reported a record third quarter in 2021 with $65.1 billion in earnings.",,Aaj English TV,General,Aaj English TV,"[{'topic': 'earnings', 'relevance_score': '0.930131'}, {'topic': 'financial_markets', 'relevance_score': '0.802647'}, {'topic': 'technology', 'relevance_score': '1.000000'}]",0.620013,Bullish,"[{'ticker': 'GOOGL', 'relevance_score': '1.000000', 'ticker_sentiment_score': '0.894607', 'ticker_sentiment_label': 'Bullish'}, {'ticker': 'GOOG', 'relevance_score': '0.938021', 'ticker_sentiment_score': '0.809045', 'ticker_sentiment_label': 'Bullish'}, {'ticker': 'AAPL', 'relevance_score': '0.714058', 'ticker_sentiment_score': '0.549912', 'ticker_sentiment_label': 'Bullish'}, {'ticker': 'MSFT', 'relevance_score': '0.659042', 'ticker_sentiment_score': '0.512439', 'ticker_sentiment_label': 'Bullish'}, {'ticker': 'AMZN', 'relevance_score': '0.599940', 'ticker_sentiment_score': '0.349712', 'ticker_sentiment_label': 'Somewhat-Bullish'}]"
Amazon And Other Big Winners In Rivian’s Supercharged IPO,https://news.crunchbase.com/public/rivian-ipo-biggest-winners-rivn-amzn-ford-t-rowe-price/,20211109T210649,['Sophia Kunthara'],"Rivian's anticipated IPO is set to be the largest of 2021, showcasing significant investor confidence in the electric vehicle market despite Rivian being largely pre-revenue. Major stakeholders like Amazon, T. Rowe Price, Global Oryx Company Ltd., Ford Motor Co., and Manheim Investments are poised for substantial financial gains from the public offering. Their investments, primarily made in the past few years, reflect a strong bet on the future of electric transportation.",,Crunchbase News,General,Crunchbase News,"[{'topic': 'ipo', 'relevance_score': '1.000000'}, {'topic': 'energy_transportation', 'relevance_score': '0.904757'}, {'topic': 'technology', 'relevance_score': '0.739392'}, {'topic': 'finance', 'relevance_score': '0.612924'}, {'topic': 'retail_wholesale', 'relevance_score': '0.609043'}]",0.467418,Bullish,"[{'ticker': 'RIVN', 'relevance_score': '1.000000', 'ticker_sentiment_score': '0.603475', 'ticker_sentiment_label': 'Bullish'}, {'ticker': 'AMZN', 'relevance_score': '0.945602', 'ticker_sentiment_score': '0.500888', 'ticker_sentiment_label': 'Bullish'}, {'ticker': 'F', 'relevance_score': '0.724695', 'ticker_sentiment_score': '0.421247', 'ticker_sentiment_label': 'Bullish'}, {'ticker': 'TSLA', 'relevance_score': '0.610940', 'ticker_sentiment_score': '0.319705', 'ticker_sentiment_label': 'Somewhat-Bullish'}, {'ticker': 'TROW', 'relevance_score': '0.628889', 'ticker_sentiment_score': '0.417737', 'ticker_sentiment_label': 'Bullish'}]"
Check out Hertz Global Holdings Equity Warrant Exp 30th June 2051's stock price (HTZWW) in real time,https://www.cnbc.com/quotes/HTZWW,20211110T040937,['NULL'],"This CNBC article provides real-time stock price information for Hertz Global Holdings Equity Warrant Exp 30th June 2051 (HTZWW). It includes current trading data, key statistics, financial ratios, and recent news related to Hertz. The article also provides a company profile outlining Hertz's operations and leadership.",NULL,CNBC,General,CNBC,"[{'topic': 'financial_markets', 'relevance_score': '0.924602'}, {'topic': 'finance', 'relevance_score': '0.713234'}, {'topic': 'energy_transportation', 'relevance_score': '0.643860'}]",0.04071,Neutral,"[{'ticker': 'HTZWW', 'relevance_score': '1.000000', 'ticker_sentiment_score': '-0.182666', 'ticker_sentiment_label': 'Somewhat-Bearish'}, {'ticker': 'F', 'relevance_score': '0.649830', 'ticker_sentiment_score': '0.121252', 'ticker_sentiment_label': 'Neutral'}, {'ticker': 'AMZN', 'relevance_score': '0.647696', 'ticker_sentiment_score': '0.120573', 'ticker_sentiment_label': 'Neutral'}]"
"Google loses challenge against EU antitrust ruling, $2.8-bln fine",https://www.reuters.com/technology/eu-court-upholds-eu-antitrust-ruling-against-google-2021-11-10/,20211110T143000,['Francois Aulner and Foo Yun Chee'],"Alphabet's Google unit lost an appeal against a 2.42-billion-euro ($2.8-billion) antitrust decision by the EU related to its price comparison shopping service. This ruling marks a significant win for Europe's competition chief, Margrethe Vestager, and could strengthen the EU's position in ongoing investigations into other major tech companies like Amazon, Apple, and Facebook. Google stated it would review the judgment and has already complied with the Commission's order to ensure a level playing field.",https://www.reuters.com/resizer/v2/SPZ7A3Y6QFLTZE6U3J2J7EQCYU.jpg?auth=5466c2dca81295475de2786a2c4c735d1701eb785fb453fab2a50fd8c2480b17&width=1080&quality=80,Reuters,General,Reuters,"[{'topic': 'technology', 'relevance_score': '0.908803'}, {'topic': 'finance', 'relevance_score': '0.718985'}]",-0.114299,Neutral,"[{'ticker': 'GOOGL', 'relevance_score': '0.957148', 'ticker_sentiment_score': '-0.393711', 'ticker_sentiment_label': 'Bearish'}, {'ticker': 'GOOG', 'relevance_score': '0.885719', 'ticker_sentiment_score': '-0.395361', 'ticker_sentiment_label': 'Bearish'}, {'ticker': 'AMZN', 'relevance_score': '0.610297', 'ticker_sentiment_score': '0.127435', 'ticker_sentiment_label': 'Neutral'}, {'ticker': 'AAPL', 'relevance_score': '0.642555', 'ticker_sentiment_score': '0.114077', 'ticker_sentiment_label': 'Neutral'}, {'ticker': 'META', 'relevance_score': '0.625872', 'ticker_sentiment_score': '0.123885', 'ticker_sentiment_label': 'Neutral'}]"
Affirm shares bounce on new Amazon deal and strong guidance,https://siliconangle.com/2021/11/10/affirm-shares-bounce-new-amazon-deal-strong-guidance/,20211110T165219,['Duncan Riley'],"Affirm Holdings Inc. saw its shares rebound significantly after announcing an expanded partnership with Amazon.com Inc. and providing optimistic revenue guidance for the December quarter. The new deal makes Affirm Amazon's exclusive third-party, non-credit card, buy now, pay later option in the U.S. and is expected to drive strong financial performance, with the company predicting higher-than-expected revenue for fiscal 2022.",https://d15shllkswkct0.cloudfront.net/wp-content/blogs.dir/1/files/2021/09/affirm.jpg,SiliconANGLE,General,SiliconANGLE,"[{'topic': 'earnings', 'relevance_score': '0.942918'}, {'topic': 'financial_markets', 'relevance_score': '0.840016'}, {'topic': 'technology', 'relevance_score': '0.737790'}, {'topic': 'finance', 'relevance_score': '0.613759'}, {'topic': 'retail_wholesale', 'relevance_score': '0.627736'}]",0.818087,Bullish,"[{'ticker': 'AFRM', 'relevance_score': '1.000000', 'ticker_sentiment_score': '0.875791', 'ticker_sentiment_label': 'Bullish'}, {'ticker': 'AMZN', 'relevance_score': '0.946464', 'ticker_sentiment_score': '0.732223', 'ticker_sentiment_label': 'Bullish'}]"
5 Charts on General Electric's Fall From Grace,https://www.morningstar.com/stocks/5-charts-general-electrics-fall-grace,20211110T194754,['Jakir Hossain'],"This article details General Electric's significant decline in value over the past two decades, from once being the most valuable company globally to its current 75th position in the U.S. stock market. It attributes GE's fall to a deterioration of culture, poor capital allocation decisions, and an over-reliance on its financial unit. The article discusses GE's recent decision to split into three companies (aviation, healthcare, and energy), a move applauded by analysts and seen as a potential catalyst for closing the persistent price/value gap for the stock.",,Morningstar,General,Morningstar,"[{'topic': 'earnings', 'relevance_score': '0.814741'}, {'topic': 'mergers_and_acquisitions', 'relevance_score': '0.825813'}, {'topic': 'finance', 'relevance_score': '0.749740'}, {'topic': 'manufacturing', 'relevance_score': '0.603686'}, {'topic': 'life_sciences', 'relevance_score': '0.621578'}]",0.116643,Neutral,"[{'ticker': 'BKR', 'relevance_score': '0.823033', 'ticker_sentiment_score': '-0.233081', 'ticker_sentiment_label': 'Somewhat-Bearish'}, {'ticker': 'GE', 'relevance_score': '1.000000', 'ticker_sentiment_score': '0.270371', 'ticker_sentiment_label': 'Somewhat-Bullish'}, {'ticker': 'MSFT', 'relevance_score': '0.637413', 'ticker_sentiment_score': '0.136341', 'ticker_sentiment_label': 'Neutral'}, {'ticker': 'AMZN', 'relevance_score': '0.641794', 'ticker_sentiment_score': '0.148045', 'ticker_sentiment_label': 'Neutral'}, {'ticker': 'AAPL', 'relevance_score': '0.622345', 'ticker_sentiment_score': '0.141841', 'ticker_sentiment_label': 'Neutral'}]"
3M inks 410K sf lease renewal for DeKalb distribution center,https://therealdeal.com/chicago/2021/11/10/3m-inks-410k-sf-lease-renewal-for-dekalb-distribution-center/,20211110T201400,['Connie Kim'],"Industrial giant 3M signed a 12-year lease renewal for a 410,000-square-foot distribution center in DeKalb, Illinois, making it one of the largest industrial lease transactions in the state for Q4. The renewal, with landlord Modiv, will commence in August 2022 and highlights the growing demand for warehouse space driven by e-commerce expansion. The facility is crucial for storing and exporting 3M products globally, with two additional 3M warehouses located nearby.",,The Real Deal,General,The Real Deal,"[{'topic': 'real_estate', 'relevance_score': '0.917343'}, {'topic': 'manufacturing', 'relevance_score': '0.719135'}, {'topic': 'economy_macro', 'relevance_score': '0.600205'}, {'topic': 'retail_wholesale', 'relevance_score': '0.626403'}]",0.20178,Somewhat-Bullish,"[{'ticker': 'MDV-P-A', 'relevance_score': '0.337284', 'ticker_sentiment_score': '0.025431', 'ticker_sentiment_label': 'Neutral'}, {'ticker': 'MMM', 'relevance_score': '1.000000', 'ticker_sentiment_score': '0.310105', 'ticker_sentiment_label': 'Somewhat-Bullish'}, {'ticker': 'AMZN', 'relevance_score': '0.615099', 'ticker_sentiment_score': '0.235850', 'ticker_sentiment_label': 'Somewhat-Bullish'}, {'ticker': 'CAT', 'relevance_score': '0.638880', 'ticker_sentiment_score': '0.229335', 'ticker_sentiment_label': 'Somewhat-Bullish'}]"
The Children’s Place launches tween brand Sugar & Jade,https://www.retaildive.com/news/the-childrens-place-launches-tween-brand-sugar-jade/609811/,20211110T210227,['Kaarin Moore'],"The Children's Place launched its new tween brand, Sugar & Jade, in response to the growing $8 billion tween apparel market. The direct-to-consumer brand offers sizes 8 to 22 with free shipping and returns, targeting existing Children's Place customers transitioning to their next style stage. This move is part of broader industry changes with other retailers also expanding into the tween category.",,Retail Dive,General,Retail Dive,"[{'topic': 'retail_wholesale', 'relevance_score': '0.920879'}, {'topic': 'earnings', 'relevance_score': '0.714568'}, {'topic': 'finance', 'relevance_score': '0.615088'}]",0.235699,Somewhat-Bullish,"[{'ticker': 'PLCE', 'relevance_score': '1.000000', 'ticker_sentiment_score': '0.310635', 'ticker_sentiment_label': 'Somewhat-Bullish'}, {'ticker': 'WMT', 'relevance_score': '0.687971', 'ticker_sentiment_score': '0.252679', 'ticker_sentiment_label': 'Somewhat-Bullish'}, {'ticker': 'AMZN', 'relevance_score': '0.567747', 'ticker_sentiment_score': '0.131871', 'ticker_sentiment_label': 'Neutral'}]"
26-Year-Old Alex Rodrigues Becomes Youngest Current CEO Of A Publicly Traded Company With $5 Billion Embark SPAC Merger,https://www.forbes.com/sites/alexandrasternlicht/2021/11/11/26-year-old-alex-rodrigues-becomes-youngest-current-ceo-of-a-publicly-traded-company-with-5-billion-embark-spac-merger/,20211111T093000,['Alexandra Sternlicht'],"Alex Rodrigues, at 26, has become the youngest current CEO of a publicly traded company after his autonomous trucking software company, Embark, went public via a $5 billion SPAC merger. Rodrigues, who developed a self-driving golf cart at 19, founded Embark to focus on 18-wheelers, aiming to revolutionize the trucking industry. He is estimated to be worth $500 million and lives a minimalist lifestyle, focused on growing Embark, which aims to fulfill over 14,200 reservations for Embark-enabled trucks by 2024.",,Forbes,General,Forbes,"[{'topic': 'ipo', 'relevance_score': '1.000000'}, {'topic': 'mergers_and_acquisitions', 'relevance_score': '0.948736'}, {'topic': 'technology', 'relevance_score': '0.836355'}, {'topic': 'energy_transportation', 'relevance_score': '0.704118'}, {'topic': 'economy_macro', 'relevance_score': '0.644595'}]",0.207507,Somewhat-Bullish,"[{'ticker': 'EMBK', 'relevance_score': '1.000000', 'ticker_sentiment_score': '0.462577', 'ticker_sentiment_label': 'Bullish'}, {'ticker': 'AMZN', 'relevance_score': '0.622947', 'ticker_sentiment_score': '0.149794', 'ticker_sentiment_label': 'Neutral'}, {'ticker': 'TSLA', 'relevance_score': '0.618672', 'ticker_sentiment_score': '0.121885', 'ticker_sentiment_label': 'Neutral'}, {'ticker': 'WMT', 'relevance_score': '0.632911', 'ticker_sentiment_score': '0.107458', 'ticker_sentiment_label': 'Neutral'}, {'ticker': 'GOOGL', 'relevance_score': '0.649176', 'ticker_sentiment_score': '0.145285', 'ticker_sentiment_label': 'Neutral'}]"
"With sky-high consumer demand, Black Friday sales could set records this year",https://lbbusinessjournal.com/business/news/with-sky-high-consumer-demand-black-friday-sales-could-set-records-this-year/,20211111T165733,['Hayley Munguia'],"Record consumer demand due to coronavirus relief spending and a strong economy is expected to lead to record-setting Black Friday and holiday sales, despite ongoing supply chain bottlenecks. While online shopping has driven much of this surge, experts anticipate a return to in-person Black Friday crowds due to nostalgia after last year's lockdowns. However, shoppers should be prepared for potential item availability issues and labor shortages in stores.",https://lbbusinessjournal.com/wp-content/uploads/sites/10/2021/11/Black-Friday-6-1110x667-1.jpeg,Long Beach Business Journal,General,Long Beach Business Journal,"[{'topic': 'retail_wholesale', 'relevance_score': '0.892300'}, {'topic': 'economy_macro', 'relevance_score': '0.703622'}, {'topic': 'finance', 'relevance_score': '0.614979'}]",0.245789,Somewhat-Bullish,"[{'ticker': 'BOBS', 'relevance_score': '0.317408', 'ticker_sentiment_score': '0.018550', 'ticker_sentiment_label': 'Neutral'}, {'ticker': 'WMT', 'relevance_score': '0.708666', 'ticker_sentiment_score': '0.348790', 'ticker_sentiment_label': 'Somewhat-Bullish'}, {'ticker': 'AMZN', 'relevance_score': '0.625362', 'ticker_sentiment_score': '0.329959', 'ticker_sentiment_label': 'Somewhat-Bullish'}, {'ticker': 'COST', 'relevance_score': '0.623997', 'ticker_sentiment_score': '0.312088', 'ticker_sentiment_label': 'Somewhat-Bullish'}]"
"Facebook Is Under Fire, but It's Also Undervalued",https://www.morningstar.com/stocks/facebook-is-under-fire-its-also-undervalued,20211111T202217,"['David Sekera', 'CFA']","Despite ongoing controversies, regulatory scrutiny, and a company name change to Meta Platforms, Morningstar's analysis suggests that the stock is undervalued, trading at a 16% discount to its fair value estimate. The article highlights Meta's two business segments—its legacy apps and the new Reality Labs for metaverse development—and discusses the potential impacts of regulatory and antitrust risks, concluding that the stock remains the most attractive social-media play in Morningstar's coverage. The company's revenue growth is primarily driven by advertising, leveraging its vast user base and the shift towards online spending, while its wide economic moat is based on network effects and intangible data assets.",,Morningstar,General,Morningstar,"[{'topic': 'earnings', 'relevance_score': '0.829076'}, {'topic': 'technology', 'relevance_score': '0.747151'}, {'topic': 'financial_markets', 'relevance_score': '0.601625'}]",0.188991,Somewhat-Bullish,"[{'ticker': 'GOOGL', 'relevance_score': '0.624743', 'ticker_sentiment_score': '0.128960', 'ticker_sentiment_label': 'Neutral'}, {'ticker': 'META', 'relevance_score': '1.000000', 'ticker_sentiment_score': '0.453749', 'ticker_sentiment_label': 'Bullish'}, {'ticker': 'AMZN', 'relevance_score': '0.606635', 'ticker_sentiment_score': '0.132094', 'ticker_sentiment_label': 'Neutral'}, {'ticker': 'WMT', 'relevance_score': '0.616241', 'ticker_sentiment_score': '0.111048', 'ticker_sentiment_label': 'Neutral'}]"
Can Build-A-Bear replicate the experience online?,https://thehustle.co/11122021-build-a-bear,20211112T194718,['Juliet Bennett Rylah'],"Build-A-Bear Workshop is launching an interactive online platform called ""Bear Builder 3D Workshop"" to replicate its in-store customization experience. This move comes as the company observed over 20% online market growth during the pandemic, aligning with a broader trend of consumers increasingly shopping for toys and back-to-school items online. Build-A-Bear aims to meet consumers where they are, betting on the continued shift to digital retail.",https://www.thehustle.co/wp-content/uploads/2021/11/build-a-bear-feat.jpg,The Hustle Daily,General,The Hustle Daily,"[{'topic': 'retail_wholesale', 'relevance_score': '1.000000'}, {'topic': 'technology', 'relevance_score': '0.812474'}, {'topic': 'earnings', 'relevance_score': '0.718704'}, {'topic': 'economy_macro', 'relevance_score': '0.632941'}]",0.163837,Somewhat-Bullish,"[{'ticker': 'BBW', 'relevance_score': '1.000000', 'ticker_sentiment_score': '0.288108', 'ticker_sentiment_label': 'Somewhat-Bullish'}, {'ticker': 'AMZN', 'relevance_score': '0.601414', 'ticker_sentiment_score': '0.124567', 'ticker_sentiment_label': 'Neutral'}, {'ticker': 'HAS', 'relevance_score': '0.584618', 'ticker_sentiment_score': '0.137486', 'ticker_sentiment_label': 'Neutral'}]"
"IBM, Amazon partner to extend reach of data tools for oil companies",https://cyprus-mail.com/2021/11/15/ibm-amazon-partner-to-extend-reach-of-data-tools-for-oil-companies,20211115T143000,['Reuters News Service'],"IBM and Amazon Web Services are collaborating to expand the accessibility of data management tools for oil companies. This partnership addresses the issue of data residency requirements in some oil-producing countries by enabling companies to use IBM's OpenShift technology to store data in privately owned data centers. The initiative also aims to help oil companies integrate renewable energy assets, such as wind and solar, into their portfolios by providing a unified platform for diverse energy data.",https://cyprus-mail.com/wp-content/uploads/2021/11/REUTERS-amazon-ibm.jpg,Cyprus Mail,General,Cyprus Mail,"[{'topic': 'technology', 'relevance_score': '0.933702'}, {'topic': 'energy_transportation', 'relevance_score': '0.805660'}]",0.270236,Somewhat-Bullish,"[{'ticker': 'IBM', 'relevance_score': '1.000000', 'ticker_sentiment_score': '0.327975', 'ticker_sentiment_label': 'Somewhat-Bullish'}, {'ticker': 'AMZN', 'relevance_score': '0.912730', 'ticker_sentiment_score': '0.321969', 'ticker_sentiment_label': 'Somewhat-Bullish'}, {'ticker': 'COP', 'relevance_score': '0.645346', 'ticker_sentiment_score': '0.222120', 'ticker_sentiment_label': 'Somewhat-Bullish'}]"
HyperX Cloud Flight Wireless Gaming Headset Lineup Expands to Include PS5 Support,https://www.businesswire.com/news/home/20211115005174/en/HyperX-Cloud-Flight-Wireless-Gaming-Headset-Lineup-Expands-to-Include-PS5-Support,20211115T171328,[],"HyperX announced the expansion of its Cloud Flight wireless gaming headset lineup to include compatibility with PlayStation 5, alongside PlayStation 4. The updated headset features a 2.4GHz wireless connection, up to 30 hours of battery life, and a new mic mute LED. It also boasts HyperX's signature comfort with durable steel sliders and memory foam, 50mm drivers for immersive audio, and a detachable noise-cancelling microphone, retailing for $119.99 on Amazon.",https://mms.businesswire.com/media/20211115005174/en/926809/4/pr-cloud-flight-ps-1000x610.jpg?download=1,Business Wire,General,Business Wire,"[{'topic': 'technology', 'relevance_score': '0.913770'}]",0.287492,Somewhat-Bullish,"[{'ticker': 'HPQ', 'relevance_score': '0.893224', 'ticker_sentiment_score': '0.338413', 'ticker_sentiment_label': 'Somewhat-Bullish'}, {'ticker': 'AMZN', 'relevance_score': '0.689134', 'ticker_sentiment_score': '0.207974', 'ticker_sentiment_label': 'Somewhat-Bullish'}]"
"Target releases Black Friday ad with deals on electronics, toys and more starting Sunday",https://www.usatoday.com/story/money/shopping/2021/11/15/target-black-friday-deals-2021/8621849002/,20211115T173654,['Kelly Tyko'],"Target has released its Black Friday ad, announcing a weeklong sale starting Sunday, November 21st, and running through November 27th, with additional deals launching on Thanksgiving Day. Stores will be closed on Thanksgiving but reopen Black Friday morning. This year, Target's holiday price match guarantee allows shoppers to request price adjustments on items purchased within the window if the price drops later in the season.",https://www.gannett-cdn.com/presto/2021/11/26/USAT/83cf104f-c4a5-4512-9559-95d9a9d193b3-AP_Black_Friday_Shopping.jpg,USA Today,General,USA Today,"[{'topic': 'retail_wholesale', 'relevance_score': '1.000000'}]",0.35066,Bullish,"[{'ticker': 'TGT', 'relevance_score': '1.000000', 'ticker_sentiment_score': '0.444851', 'ticker_sentiment_label': 'Bullish'}, {'ticker': 'WMT', 'relevance_score': '0.745570', 'ticker_sentiment_score': '0.346376', 'ticker_sentiment_label': 'Somewhat-Bullish'}, {'ticker': 'AMZN', 'relevance_score': '0.627902', 'ticker_sentiment_score': '0.346668', 'ticker_sentiment_label': 'Somewhat-Bullish'}]"
American Tower nears $10 billion deal to buy CoreSite,https://www.bostonglobe.com/2021/11/15/business/american-tower-nears-10-billion-deal-buy-coresite/,20211115T193548,['Diti Kohli'],"American Tower Corp. is set to acquire CoreSite Realty Corp. in a deal valued at approximately $10.1 billion, including debt. The acquisition reflects ongoing consolidation in the data center REIT sector, driven by increasing demand for data infrastructure and cloud computing services. CoreSite operates 24 data centers and generates revenue not only from leasing but also from power and interconnection services.",,The Boston Globe,General,The Boston Globe,"[{'topic': 'mergers_and_acquisitions', 'relevance_score': '1.000000'}, {'topic': 'real_estate', 'relevance_score': '0.821357'}, {'topic': 'technology', 'relevance_score': '0.703707'}, {'topic': 'financial_markets', 'relevance_score': '0.646174'}]",0.240371,Somewhat-Bullish,"[{'ticker': 'AMT', 'relevance_score': '1.000000', 'ticker_sentiment_score': '0.445696', 'ticker_sentiment_label': 'Bullish'}, {'ticker': 'BX', 'relevance_score': '0.713984', 'ticker_sentiment_score': '0.318664', 'ticker_sentiment_label': 'Somewhat-Bullish'}, {'ticker': 'AMZN', 'relevance_score': '0.607479', 'ticker_sentiment_score': '0.138576', 'ticker_sentiment_label': 'Neutral'}, {'ticker': 'CRM', 'relevance_score': '0.612166', 'ticker_sentiment_score': '0.126538', 'ticker_sentiment_label': 'Neutral'}, {'ticker': 'GOOGL', 'relevance_score': '0.600509', 'ticker_sentiment_score': '0.116495', 'ticker_sentiment_label': 'Neutral'}]"
IonQ Announces Third Quarter 2021 Financial Results,https://ionq.com/news/november-15-2021-ionq-announces-third-quarter-2021-financial-results,20211115T203159,[],"IonQ announced its third-quarter 2021 financial results, highlighting total contract value (TCV) bookings of $15.1 million year-to-date and updated its 2021 TCV bookings guidance to $15.8 million at the midpoint. The company also reported significant technological milestones, including industry-first error correction demonstration and superior quantum computer performance, alongside strategic collaborations and a strong financial position after its business combination. Financial highlights included $223 thousand in revenue for the quarter, $587 million in cash and cash equivalents, and a net loss of $14.8 million.",,IonQ,General,IonQ,"[{'topic': 'earnings', 'relevance_score': '1.000000'}, {'topic': 'technology', 'relevance_score': '0.806866'}]",0.339771,Somewhat-Bullish,"[{'ticker': 'IONQ', 'relevance_score': '1.000000', 'ticker_sentiment_score': '0.687886', 'ticker_sentiment_label': 'Bullish'}, {'ticker': 'MSFT', 'relevance_score': '0.649138', 'ticker_sentiment_score': '0.243364', 'ticker_sentiment_label': 'Somewhat-Bullish'}, {'ticker': 'AMZN', 'relevance_score': '0.611855', 'ticker_sentiment_score': '0.236023', 'ticker_sentiment_label': 'Somewhat-Bullish'}, {'ticker': 'GOOGL', 'relevance_score': '0.589828', 'ticker_sentiment_score': '0.209852', 'ticker_sentiment_label': 'Somewhat-Bullish'}]"
Verizon introduces hands-free calling via Alexa at Home,https://www.globenewswire.com/news-release/2021/11/16/2335522/0/en/Verizon-introduces-hands-free-calling-via-Alexa-at-Home.html,20211116T093500,[],"Verizon has launched Number Share - Home, allowing customers to make and receive hands-free audio calls on Alexa-enabled devices using their mobile number. This new feature aims to provide convenience and safety, enabling calls even when a phone is out of reach, and includes support for emergency services and caller ID. New subscribers who purchase an Alexa device from Verizon can receive up to three months free of the service.",https://ml.globenewswire.com/media/MzI2Y2QzYmItMmZmOS00NWZjLWIzYmItZjI1M2E1MzExZWUxLTEwMjAyMzc=/tiny/Verizon-Sourcing-LLC.png,GlobeNewswire,General,GlobeNewswire,"[{'topic': 'technology', 'relevance_score': '0.831257'}]",0.379983,Bullish,"[{'ticker': 'VZ', 'relevance_score': '1.000000', 'ticker_sentiment_score': '0.445069', 'ticker_sentiment_label': 'Bullish'}, {'ticker': 'AMZN', 'relevance_score': '0.648797', 'ticker_sentiment_score': '0.320542', 'ticker_sentiment_label': 'Somewhat-Bullish'}]"
"BP Expanding RNG Venture with Clean Energy Fuels into Iowa, South Dakota",https://naturalgasintel.com/news/bp-expanding-rng-venture-with-clean-energy-fuels-into-iowa-south-dakota/,20211116T094300,['Carolyn Davis'],"BP plc is expanding its renewable natural gas (RNG) venture with Clean Energy Fuels Corp. to develop new projects on dairy farms in Iowa and South Dakota. These farms, housing over 30,000 cows, have the potential to produce more than 7 million gallons/year of RNG from methane, with the first production facility expected to be operational next year. This expansion aligns with BP's goal for net-zero carbon emissions and addresses the rapidly growing demand for RNG.",,Natural Gas Intelligence,General,Natural Gas Intelligence,"[{'topic': 'energy_transportation', 'relevance_score': '0.943774'}, {'topic': 'financial_markets', 'relevance_score': '0.638084'}]",0.384576,Bullish,"[{'ticker': 'BP', 'relevance_score': '0.961888', 'ticker_sentiment_score': '0.479739', 'ticker_sentiment_label': 'Bullish'}, {'ticker': 'AMZN', 'relevance_score': '0.603927', 'ticker_sentiment_score': '0.312781', 'ticker_sentiment_label': 'Somewhat-Bullish'}]"
Netflix releases weekly list of top shows by viewing hours,https://www.latimes.com/entertainment-arts/business/story/2021-11-16/netflix-releases-weekly-list-of-top-shows-by-viewing-hours,20211116T120600,['Wendy Lee'],"Netflix has begun releasing weekly reports of its top shows and movies by viewing hours globally, a move towards greater transparency in streaming viewership data. This new system breaks out top 10 lists for English and non-English titles, with ""Squid Game"" dominating non-English TV and ""Red Notice"" leading English-language films recently. The initiative addresses past criticisms of streamers for selectively sharing data and aims to provide a clearer understanding of success in the streaming world.",,Los Angeles Times,General,Los Angeles Times,"[{'topic': 'technology', 'relevance_score': '0.824933'}]",0.085122,Neutral,"[{'ticker': 'NFLX', 'relevance_score': '0.996329', 'ticker_sentiment_score': '0.267128', 'ticker_sentiment_label': 'Somewhat-Bullish'}, {'ticker': 'DIS', 'relevance_score': '0.744354', 'ticker_sentiment_score': '0.019242', 'ticker_sentiment_label': 'Neutral'}, {'ticker': 'AMZN', 'relevance_score': '0.611428', 'ticker_sentiment_score': '0.031307', 'ticker_sentiment_label': 'Neutral'}]"
Cracker Barrel opening in east El Paso next year,https://kfoxtv.com/news/local/cracker-barrel-opening-in-east-el-paso-next-year,20211116T155300,['Fallon Fischer'],"Cracker Barrel is expanding its presence in El Paso with a new location planned for the Eastlake Marketplace, near the Amazon fulfillment center. This will be the second Cracker Barrel in El Paso and is expected to open in Spring 2022, creating over 100 full and part-time jobs.",,KFOX,General,KFOX,"[{'topic': 'retail_wholesale', 'relevance_score': '0.828471'}, {'topic': 'real_estate', 'relevance_score': '0.609090'}]",0.300557,Somewhat-Bullish,"[{'ticker': 'CBRL', 'relevance_score': '1.000000', 'ticker_sentiment_score': '0.405498', 'ticker_sentiment_label': 'Bullish'}, {'ticker': 'AMZN', 'relevance_score': '0.619686', 'ticker_sentiment_score': '0.213433', 'ticker_sentiment_label': 'Somewhat-Bullish'}]"
Amazon Nixes Jersey City Office Deal in Setback for Landlord,https://www.bloomberg.com/news/articles/2021-11-16/amazon-nixes-jersey-city-office-expansion-in-blow-for-landlord,20211116T155800,['Natalie Wong'],"Amazon.com Inc. has cancelled a planned office expansion in Jersey City, which would have seen the company lease approximately 400,000 square feet of space from Mack-Cali Realty Corp. This decision represents a setback for the landlord, as Amazon had been nearing a deal for the waterfront property. Amazon has been expanding its presence in the New York City area following its withdrawal from the HQ2 project.",,Bloomberg.com,General,Bloomberg.com,"[{'topic': 'real_estate', 'relevance_score': '0.912195'}, {'topic': 'technology', 'relevance_score': '0.813773'}]",-0.21203,Somewhat-Bearish,"[{'ticker': 'AMZN', 'relevance_score': '1.000000', 'ticker_sentiment_score': '-0.224274', 'ticker_sentiment_label': 'Somewhat-Bearish'}]"
Cracker Barrel opening in east El Paso next year,https://cbs4local.com/newsletter-daily/cracker-barrel-opening-in-east-el-paso-next-year?src=link,20211116T160200,['Fallon Fischer'],"Cracker Barrel is expanding its presence in El Paso with a new Old Country Store breaking ground at the Eastlake Marketplace on the eastside, near an Amazon fulfillment center. The new location plans to hire over 100 full and part-time employees and is expected to open in Spring 2022. This will be the second Cracker Barrel in El Paso, adding another option for residents to enjoy its traditional American comfort food.",https://cbs4local.com/resources/media/d48f6f6c-69f9-413e-9df3-e9e1b04ab5e3-large16x9_BreakfastandbrunchaplentyatWaffleBarn.jpg?1637103684853,KDBC,General,KDBC,"[{'topic': 'retail_wholesale', 'relevance_score': '0.914247'}, {'topic': 'economy_macro', 'relevance_score': '0.641279'}]",0.302706,Somewhat-Bullish,"[{'ticker': 'CBRL', 'relevance_score': '0.904361', 'ticker_sentiment_score': '0.417051', 'ticker_sentiment_label': 'Bullish'}, {'ticker': 'AMZN', 'relevance_score': '0.632373', 'ticker_sentiment_score': '0.212737', 'ticker_sentiment_label': 'Somewhat-Bullish'}]"
Walmart says it's ready for holidays — but hasn't yet seen huge wave of early shoppers,https://www.cnbc.com/2021/11/16/walmart-says-its-ready-for-holidays-but-hasnt-seen-huge-wave-of-shoppers.html,20211116T174141,['Melissa Repko'],"Walmart CFO Brett Biggs stated that while the company is prepared for the holiday season with increased inventory, it has not yet observed a significant surge of early holiday shoppers, unlike competitors Amazon and Target who began promotions in October. Walmart strategically delayed its major holiday sales until November, focusing on strong grocery sales in Q3. Analysts believe Walmart's robust inventory and large store footprint position it well to navigate supply chain issues and meet customer demand during the holiday shopping period.",https://image.cnbcfm.com/api/v1/image/106976350-16370906641637090660-19783499153-1080pnbcnews.jpg?v=1637090663&w=750&h=422&vtcrop=y,CNBC,General,CNBC,"[{'topic': 'retail_wholesale', 'relevance_score': '0.907559'}, {'topic': 'earnings', 'relevance_score': '0.849117'}, {'topic': 'economy_macro', 'relevance_score': '0.740760'}]",0.166466,Somewhat-Bullish,"[{'ticker': 'WMT', 'relevance_score': '1.000000', 'ticker_sentiment_score': '0.264444', 'ticker_sentiment_label': 'Somewhat-Bullish'}, {'ticker': 'AMZN', 'relevance_score': '0.738320', 'ticker_sentiment_score': '0.129665', 'ticker_sentiment_label': 'Neutral'}, {'ticker': 'TGT', 'relevance_score': '0.713974', 'ticker_sentiment_score': '0.111391', 'ticker_sentiment_label': 'Neutral'}, {'ticker': 'HD', 'relevance_score': '0.551311', 'ticker_sentiment_score': '0.118151', 'ticker_sentiment_label': 'Neutral'}, {'ticker': 'LOW', 'relevance_score': '0.559208', 'ticker_sentiment_score': '0.149426', 'ticker_sentiment_label': 'Neutral'}]"
Amazon adds 2 last-mile delivery centers in Greater Cincinnati,https://www.bizjournals.com/cincinnati/news/2021/11/16/amazon-adds-last-mile-centers.html,20211116T193551,['Tom Demeropolis'],"Amazon.com Inc. is expanding its logistics network in Greater Cincinnati by adding two last-mile distribution centers. One center has already opened in West Chester, and another is slated to open in Florence in 2022. These new facilities will enhance Amazon's delivery capabilities in the region.",,The Business Journals,General,The Business Journals,"[{'topic': 'retail_wholesale', 'relevance_score': '0.838947'}, {'topic': 'manufacturing', 'relevance_score': '0.707156'}, {'topic': 'energy_transportation', 'relevance_score': '0.647370'}]",0.271319,Somewhat-Bullish,"[{'ticker': 'AMZN', 'relevance_score': '1.000000', 'ticker_sentiment_score': '0.428058', 'ticker_sentiment_label': 'Bullish'}, {'ticker': 'FDX', 'relevance_score': '0.621512', 'ticker_sentiment_score': '0.100716', 'ticker_sentiment_label': 'Neutral'}]"
Instacart Business Model,https://businessmodelanalyst.com/instacart-business-model/,20211116T195225,['Daniel Pereira'],"This article details the Instacart business model, covering its history, ownership, mission, revenue streams (commissions, delivery fees, subscriptions, advertising), and a comprehensive Business Model Canvas analysis. It also examines Instacart's customer segments, value propositions, channels, key resources, activities, partners, cost structure, and a SWOT analysis, concluding on its market dominance despite growing competition.",,Business Model Analyst,General,Business Model Analyst,"[{'topic': 'retail_wholesale', 'relevance_score': '0.937431'}, {'topic': 'technology', 'relevance_score': '0.833388'}, {'topic': 'finance', 'relevance_score': '0.701695'}, {'topic': 'economy_macro', 'relevance_score': '0.620715'}]",0.248347,Somewhat-Bullish,"[{'ticker': 'CART', 'relevance_score': '0.335756', 'ticker_sentiment_score': '0.033162', 'ticker_sentiment_label': 'Neutral'}, {'ticker': 'WMT', 'relevance_score': '0.739901', 'ticker_sentiment_score': '0.304816', 'ticker_sentiment_label': 'Somewhat-Bullish'}, {'ticker': 'COST', 'relevance_score': '0.613671', 'ticker_sentiment_score': '0.334691', 'ticker_sentiment_label': 'Somewhat-Bullish'}, {'ticker': 'AMZN', 'relevance_score': '0.613189', 'ticker_sentiment_score': '0.202178', 'ticker_sentiment_label': 'Somewhat-Bullish'}, {'ticker': 'TGT', 'relevance_score': '0.626020', 'ticker_sentiment_score': '0.209489', 'ticker_sentiment_label': 'Somewhat-Bullish'}]"
Walmart stock tumbles as supply chain snarls hit margins ahead of holidays,https://www.reuters.com/business/retail-consumer/walmart-sets-aside-supply-chain-worries-raise-annual-sales-profit-forecasts-2021-11-16/,20211116T223400,['Richa Naidu and Aishwarya Venugopal'],"Walmart's shares experienced their largest intraday drop since May after elevated labor and supply chain costs impacted quarterly margins, despite the retailer raising its annual sales and profit forecast. The company's efforts to mitigate supply chain disruptions, such as chartering its own vessels, were not enough to prevent a 42 basis point decline in gross margins for the third quarter. Analysts suggest these tight margins could persist through the holiday season, exacerbated by inflation and a labor shortage which forced Walmart to hire over 200,000 new workers.",https://www.reuters.com/resizer/v2/7RJRUZ4ANRNUHN4JCINDTZDO3E.jpg?auth=4ec4a70bf1a8ee6ff2b9e86091634262f113c0ea77dcb4c188428112e7a0cf6d&width=1920&quality=80,Reuters,General,Reuters,"[{'topic': 'earnings', 'relevance_score': '0.921021'}, {'topic': 'retail_wholesale', 'relevance_score': '0.820175'}, {'topic': 'economy_macro', 'relevance_score': '0.733146'}, {'topic': 'financial_markets', 'relevance_score': '0.635760'}, {'topic': 'economy_monetary', 'relevance_score': '0.607483'}]",-0.209203,Somewhat-Bearish,"[{'ticker': 'WMT', 'relevance_score': '1.000000', 'ticker_sentiment_score': '-0.238767', 'ticker_sentiment_label': 'Somewhat-Bearish'}, {'ticker': 'AMZN', 'relevance_score': '0.741935', 'ticker_sentiment_score': '-0.185334', 'ticker_sentiment_label': 'Somewhat-Bearish'}]"
Amazon to stop accepting Visa's UK-issued credit cards over high fees,https://www.reuters.com/business/retail-consumer/amazon-stop-accepting-visa-credit-cards-issued-uk-bloomberg-news-2021-11-17/,20211117T170400,['Reuters'],"Amazon announced it will stop accepting UK-issued Visa credit cards from January 19, 2022, citing high transaction fees charged by Visa. While Visa debit cards and other credit card types like Mastercard and Amex will still be accepted, Visa expressed disappointment and hopes for a resolution. This move comes after Brexit removed an EU-enforced cap on card issuer fees in the UK, leading to calls for government intervention in UK-EU trade agreements and scrutiny of credit card fees from regulators.",,Reuters,General,Reuters,"[{'topic': 'retail_wholesale', 'relevance_score': '0.904481'}, {'topic': 'finance', 'relevance_score': '0.828258'}, {'topic': 'economy_macro', 'relevance_score': '0.639529'}]",-0.068872,Neutral,"[{'ticker': 'AMZN', 'relevance_score': '1.000000', 'ticker_sentiment_score': '-0.296002', 'ticker_sentiment_label': 'Somewhat-Bearish'}, {'ticker': 'V', 'relevance_score': '0.942219', 'ticker_sentiment_score': '-0.235786', 'ticker_sentiment_label': 'Somewhat-Bearish'}, {'ticker': 'MA', 'relevance_score': '0.648205', 'ticker_sentiment_score': '0.115616', 'ticker_sentiment_label': 'Neutral'}, {'ticker': 'AXP', 'relevance_score': '0.600766', 'ticker_sentiment_score': '0.109095', 'ticker_sentiment_label': 'Neutral'}]"
GXO Logistics targets North Texas in hiring spree to gear up for holiday e-commerce,https://www.dallasnews.com/business/jobs/2021/11/17/gxo-logistics-targets-north-texas-in-hiring-spree-to-gear-up-for-holiday-e-commerce/,20211117T171222,['Ana Paula Tirado'],"GXO Logistics is expanding its workforce by hiring 650 additional workers in Dallas-Fort Worth to manage the expected surge in e-commerce during the holiday season. This local hiring spree is part of a larger effort to recruit 9,000 workers across the U.S. and Canada. The company is also boosting automation through increased robotics to enhance its supply chain efficiency.",https://dmn-dallas-news-prod.cdn.arcpublishing.com/resizer/v2/ZWTSLGLQAJBPFL4PQYOTKI2MAU.jpg?auth=b3e868597925c69930c74edaa8e926081b71574f25df1b8c24db0bd254f63f67&quality=80&height=553&width=830&smart=true,Dallas News,General,Dallas News,"[{'topic': 'retail_wholesale', 'relevance_score': '0.928176'}, {'topic': 'earnings', 'relevance_score': '0.801221'}, {'topic': 'manufacturing', 'relevance_score': '0.709736'}, {'topic': 'economy_macro', 'relevance_score': '0.649436'}, {'topic': 'energy_transportation', 'relevance_score': '0.625449'}]",0.181797,Somewhat-Bullish,"[{'ticker': 'GXO', 'relevance_score': '1.000000', 'ticker_sentiment_score': '0.331778', 'ticker_sentiment_label': 'Somewhat-Bullish'}, {'ticker': 'NKE', 'relevance_score': '0.648884', 'ticker_sentiment_score': '0.134098', 'ticker_sentiment_label': 'Neutral'}, {'ticker': 'AMZN', 'relevance_score': '0.613319', 'ticker_sentiment_score': '0.137667', 'ticker_sentiment_label': 'Neutral'}]"
IIM Bangalore witnesses record summer placement season,https://www.business-standard.com/article/education/iim-bangalore-witnesses-record-summer-placement-season-121111700539_1.html,20211117T173943,['Press Trust of India'],"IIM Bangalore's PGP and PGP-BA Class of 2021-23 recorded a successful summer placement season with 542 internship offers, placing all 513 students. Consulting companies led with 181 offers, followed by strong recruitment in IT, e-commerce, finance, and general management roles. The placements signal a reviving economy and high demand for talent to manage post-pandemic markets.","https://bsmedia.business-standard.com/_media/bs/img/article/2019-11/25/full/1574622710-6235.jpg?im=FeatureCrop,size=(382,233)",Business Standard,General,Business Standard,"[{'topic': 'finance', 'relevance_score': '0.849700'}, {'topic': 'economy_macro', 'relevance_score': '0.629363'}]",0.262847,Somewhat-Bullish,"[{'ticker': 'V', 'relevance_score': '0.609229', 'ticker_sentiment_score': '0.122615', 'ticker_sentiment_label': 'Neutral'}, {'ticker': 'ACN', 'relevance_score': '0.748999', 'ticker_sentiment_score': '0.434754', 'ticker_sentiment_label': 'Bullish'}, {'ticker': 'WMT', 'relevance_score': '0.618460', 'ticker_sentiment_score': '0.215165', 'ticker_sentiment_label': 'Somewhat-Bullish'}, {'ticker': 'MSFT', 'relevance_score': '0.620231', 'ticker_sentiment_score': '0.249780', 'ticker_sentiment_label': 'Somewhat-Bullish'}, {'ticker': 'AMZN', 'relevance_score': '0.613301', 'ticker_sentiment_score': '0.224355', 'ticker_sentiment_label': 'Somewhat-Bullish'}]"
Amazon (AMZN) in Talks to Switch Co-Brand Card to Mastercard (MA) From Visa (V),https://www.bloomberg.com/news/articles/2021-11-17/amazon-brings-visa-feud-to-u-s-with-mastercard-defection-threat,20211117T191500,['Jennifer Surane'],"Amazon.com Inc. is reportedly in discussions to switch its co-branded credit card from Visa Inc. to Mastercard Inc. This potential move comes amidst ongoing disputes over payment costs, highlighted by Amazon's decision to ban Visa cards in the U.K. next year. The company is using the renewal talks for its significant co-branded card portfolio to negotiate more favorable terms with Visa.",,Bloomberg.com,General,Bloomberg.com,"[{'topic': 'retail_wholesale', 'relevance_score': '0.934800'}, {'topic': 'finance', 'relevance_score': '0.840500'}, {'topic': 'financial_markets', 'relevance_score': '0.648041'}]",0.063432,Neutral,"[{'ticker': 'AMZN', 'relevance_score': '1.000000', 'ticker_sentiment_score': '0.120949', 'ticker_sentiment_label': 'Neutral'}, {'ticker': 'MA', 'relevance_score': '0.937341', 'ticker_sentiment_score': '0.306033', 'ticker_sentiment_label': 'Somewhat-Bullish'}, {'ticker': 'V', 'relevance_score': '0.947962', 'ticker_sentiment_score': '-0.355385', 'ticker_sentiment_label': 'Bearish'}]"
Credit crunch: Visa tumbles on Amazon ban in UK,https://www.aljazeera.com/economy/2021/11/17/credit-crunch-visa-tumbles-on-amazon-ban-in-uk,20211117T193551,['Matt Turner and Bloomberg'],"Visa Inc. experienced a significant decline after Amazon.com Inc. announced it would stop accepting Visa credit cards issued in the U.K., citing high transaction fees. Amazon is also reportedly considering switching its co-branded credit card to Mastercard, further impacting Visa's stock and contributing to a 20% drop from its July record high. This move is part of broader international changes Amazon has made regarding Visa cards and comes amidst waxing investor sentiment towards credit card stocks due to the rise of ""buy now, pay later"" services.",,Al Jazeera,General,Al Jazeera,"[{'topic': 'financial_markets', 'relevance_score': '0.948216'}, {'topic': 'retail_wholesale', 'relevance_score': '0.837406'}, {'topic': 'technology', 'relevance_score': '0.745109'}, {'topic': 'finance', 'relevance_score': '0.615599'}, {'topic': 'economy_macro', 'relevance_score': '0.645339'}]",-0.140385,Neutral,"[{'ticker': 'AMZN', 'relevance_score': '1.000000', 'ticker_sentiment_score': '-0.316968', 'ticker_sentiment_label': 'Somewhat-Bearish'}, {'ticker': 'V', 'relevance_score': '1.000000', 'ticker_sentiment_score': '-0.403695', 'ticker_sentiment_label': 'Bearish'}, {'ticker': 'MA', 'relevance_score': '0.802507', 'ticker_sentiment_score': '0.219473', 'ticker_sentiment_label': 'Somewhat-Bullish'}, {'ticker': 'AXP', 'relevance_score': '0.615824', 'ticker_sentiment_score': '-0.141998', 'ticker_sentiment_label': 'Neutral'}, {'ticker': 'SYF', 'relevance_score': '0.618934', 'ticker_sentiment_score': '-0.100987', 'ticker_sentiment_label': 'Neutral'}]"
3 REITs That Could Be the Backbone of Your Portfolio,https://www.entrepreneur.com/business-news/3-reits-that-could-be-the-backbone-of-your-portfolio/397640,20211117T200630,['Sean Sechler'],"This article highlights three REITs—Digital Realty Trust (DLR), STAG Industrial Inc (STAG), and Life Storage (LSI)—that could serve as strong core holdings in an investment portfolio. These REITs offer consistent income through dividends and provide exposure to robust real estate sectors like data centers, industrial properties, and self-storage, all benefiting from current market trends and offering reliability.",,Entrepreneur,General,Entrepreneur,"[{'topic': 'real_estate', 'relevance_score': '0.908130'}, {'topic': 'financial_markets', 'relevance_score': '0.839449'}, {'topic': 'economy_monetary', 'relevance_score': '0.630410'}, {'topic': 'technology', 'relevance_score': '0.642239'}, {'topic': 'finance', 'relevance_score': '0.646333'}]",0.542547,Bullish,"[{'ticker': 'DLR', 'relevance_score': '0.958274', 'ticker_sentiment_score': '0.825603', 'ticker_sentiment_label': 'Bullish'}, {'ticker': 'AMZN', 'relevance_score': '0.558938', 'ticker_sentiment_score': '0.337861', 'ticker_sentiment_label': 'Somewhat-Bullish'}]"
Stock of the week - Rivian Automotive (18.11.2021),https://www.xtb.com/int/market-analysis/news-and-research/stock-of-the-week-rivian-automotive-18-11-2021,20211118T123100,[],"Rivian Automotive, the US electric vehicles manufacturer, had its IPO on November 10th, with shares gaining 120% in the first 5 days before dropping 15%. Despite $0 revenue, the company achieved a significant market cap, briefly becoming the third largest automaker. Comparisons are drawn between Rivian's cash burn and early Tesla, with Rivian burning cash at a faster rate but benefiting from a massive order from Amazon.",,XTB.com,General,XTB.com,"[{'topic': 'ipo', 'relevance_score': '1.000000'}, {'topic': 'financial_markets', 'relevance_score': '0.909571'}, {'topic': 'energy_transportation', 'relevance_score': '0.828417'}, {'topic': 'finance', 'relevance_score': '0.732532'}, {'topic': 'technology', 'relevance_score': '0.641112'}]",0.103677,Neutral,"[{'ticker': 'RIVN', 'relevance_score': '1.000000', 'ticker_sentiment_score': '-0.245075', 'ticker_sentiment_label': 'Somewhat-Bearish'}, {'ticker': 'AMZN', 'relevance_score': '0.707066', 'ticker_sentiment_score': '0.296239', 'ticker_sentiment_label': 'Somewhat-Bullish'}, {'ticker': 'TSLA', 'relevance_score': '0.892095', 'ticker_sentiment_score': '0.125019', 'ticker_sentiment_label': 'Neutral'}, {'ticker': 'F', 'relevance_score': '0.620529', 'ticker_sentiment_score': '0.122677', 'ticker_sentiment_label': 'Neutral'}]"
Starbucks links with Amazon Go for first cashier-less cafe,https://www.reuters.com/technology/starbucks-links-with-amazon-go-first-cashier-less-cafe-2021-11-18/,20211118T141700,['Hilary Russ'],"Starbucks has opened its first cashier-less cafe in New York City, in partnership with Amazon Go. This new format allows customers to order through the Starbucks app or use Amazon's checkout technology to grab food and drinks without a traditional cashier, addressing a U.S. labor crunch. Starbucks and Amazon plan to open at least two more such locations in 2022.",https://www.reuters.com/resizer/v2/FO7QZLGDPFMYRNII4XUCUD4WHU.jpg?auth=cb2f2d021f906d4f823ffc829822c78b551b5851c75bedd17c24246a58ae83d7&width=1080&quality=80,Reuters,General,Reuters,"[{'topic': 'retail_wholesale', 'relevance_score': '1.000000'}, {'topic': 'technology', 'relevance_score': '0.820721'}]",0.199401,Somewhat-Bullish,"[{'ticker': 'SBUX', 'relevance_score': '1.000000', 'ticker_sentiment_score': '0.260694', 'ticker_sentiment_label': 'Somewhat-Bullish'}, {'ticker': 'AMZN', 'relevance_score': '0.920535', 'ticker_sentiment_score': '0.226704', 'ticker_sentiment_label': 'Somewhat-Bullish'}, {'ticker': 'DPZ', 'relevance_score': '0.646518', 'ticker_sentiment_score': '0.106853', 'ticker_sentiment_label': 'Neutral'}, {'ticker': 'IBM', 'relevance_score': '0.611698', 'ticker_sentiment_score': '0.144053', 'ticker_sentiment_label': 'Neutral'}, {'ticker': 'MCD', 'relevance_score': '0.570561', 'ticker_sentiment_score': '0.121774', 'ticker_sentiment_label': 'Neutral'}]"
"Goldman Names Amazon As 2022 Top Internet Pick; Hails Uber, Lyft, Snap, Meta",https://www.benzinga.com/news/21/11/24171939/goldman-names-amazon-as-2022-top-internet-pick-hails-uber-lyft-snap-meta,20211118T154200,['Anusuya Lahiri'],"Goldman Sachs has named Amazon.com Inc (NASDAQ: AMZN) as its top internet stock pick for 2022, assigning a Buy rating and a $4,100 price target. Analysts believe concerns about Amazon's revenue and profitability are already reflected in current prices, and the company benefits from broad secular growth themes. Other top picks include Uber Technologies Inc (NYSE: UBER), Lyft Inc (NASDAQ: LYFT), Snap Inc (NYSE: SNAP), and Meta Platforms Inc (NASDAQ: FB), which are seen as compelling buying opportunities due to recovery or as ""mean reversion plays.""",https://cdn.benzinga.com/files/images/story/2025/07/24/article-header-background-image.png?quality=85&auto=webp&width=1300,Benzinga,General,Benzinga,"[{'topic': 'financial_markets', 'relevance_score': '0.926527'}, {'topic': 'technology', 'relevance_score': '0.842491'}, {'topic': 'earnings', 'relevance_score': '0.735092'}, {'topic': 'retail_wholesale', 'relevance_score': '0.603560'}]",0.341735,Somewhat-Bullish,"[{'ticker': 'FB', 'relevance_score': '0.646161', 'ticker_sentiment_score': '0.242931', 'ticker_sentiment_label': 'Somewhat-Bullish'}, {'ticker': 'AMZN', 'relevance_score': '1.000000', 'ticker_sentiment_score': '0.405099', 'ticker_sentiment_label': 'Bullish'}, {'ticker': 'UBER', 'relevance_score': '0.816383', 'ticker_sentiment_score': '0.301290', 'ticker_sentiment_label': 'Somewhat-Bullish'}]"
Lehigh Valley warehouse offering up to $28 an hour for news hires amid labor shortage,https://www.lehighvalleylive.com/news/2021/11/lehigh-valley-warehouse-offering-up-to-28-an-hour-competitive-benefits.html,20211118T155500,['Pamela Sroka-Holzmann'],"United Natural Foods, Inc. (UNFI) is pushing to hire 160 more workers at its North Whitehall distribution and fulfillment center, offering wages up to $28 an hour and a competitive benefits package. A job fair is scheduled for November 19, and UNFI plans to include a wellness center, company store, café, video game room, and outdoor pavilion on-site. Other companies in the area, such as Uline and Amazon, are also struggling with labor shortages and are offering competitive wages and bonuses to attract workers.",,lehighvalleylive,General,lehighvalleylive,"[{'topic': 'retail_wholesale', 'relevance_score': '0.807437'}, {'topic': 'economy_macro', 'relevance_score': '0.718899'}]",0.130014,Neutral,"[{'ticker': 'UNFI', 'relevance_score': '1.000000', 'ticker_sentiment_score': '0.132195', 'ticker_sentiment_label': 'Neutral'}, {'ticker': 'AMZN', 'relevance_score': '0.724702', 'ticker_sentiment_score': '0.133055', 'ticker_sentiment_label': 'Neutral'}, {'ticker': 'FDX', 'relevance_score': '0.628842', 'ticker_sentiment_score': '0.108739', 'ticker_sentiment_label': 'Neutral'}, {'ticker': 'UPS', 'relevance_score': '0.580763', 'ticker_sentiment_score': '0.107405', 'ticker_sentiment_label': 'Neutral'}]"
AWS Expands Access to Free Cloud Skills Training on its Mission to Educate 29 Million People by 2025,https://www.businesswire.com/news/home/20211118005786/en/AWS-Expands-Access-to-Free-Cloud-Skills-Training-on-its-Mission-to-Educate-29-Million-People-by-2025,20211118T165337,[],"Amazon Web Services (AWS) has announced four new initiatives to expand access to free cloud computing skills training, aiming to educate 29 million people by 2025. These initiatives include the launch of AWS Skill Builder, the addition of AWS courses to Amazon.com, the expansion of the AWS re/Start reskilling program, and the opening of the AWS Skills Center. The move comes as a new AWS Global Digital Skills Study reveals that 85% of workers feel they need more technical knowledge post-pandemic, highlighting the growing demand for digital skills.",https://mms.businesswire.com/media/20211118005786/en/928658/4/Free_courses_on_Amazon.com_2.jpg?download=1,Business Wire,General,Business Wire,"[{'topic': 'technology', 'relevance_score': '1.000000'}, {'topic': 'finance', 'relevance_score': '0.740518'}, {'topic': 'economy_macro', 'relevance_score': '0.615078'}]",0.504666,Bullish,"[{'ticker': 'AMZN', 'relevance_score': '0.952542', 'ticker_sentiment_score': '0.508069', 'ticker_sentiment_label': 'Bullish'}, {'ticker': 'ACN', 'relevance_score': '0.682605', 'ticker_sentiment_score': '0.488673', 'ticker_sentiment_label': 'Bullish'}]"
Amazon to record $100m profit in Kornit secondary offering,https://www.globes.co.il/news/article.aspx?did=1001391380,20211118T171802,['Shiri Habib-Valdhorn'],"Kornit Digital is conducting a secondary offering, benefiting Amazon, a significant shareholder. Amazon stands to make over $100 million in profit by selling a portion of its shares. Kornit plans to use the proceeds for potential acquisitions and general corporate purposes.",https://res.cloudinary.com/globes/image/upload/t_desktop_article_content_header_800*392/v1637137622/direct/%D7%A8%D7%95%D7%A0%D7%9F_%D7%A1%D7%9E%D7%95%D7%90%D7%9C_%D7%9E%D7%A0%D7%9B%D7%9C_%D7%A7%D7%95%D7%A8%D7%A0%D7%99%D7%AA_%D7%93%7%92%D7%99%D7%98%D7%9C_%D7%A7%D7%A8%D7%93%D7%99%D7%98_%D7%A6%D7%99%D7%9C%D7%95%D7%9D_%D7%9B%D7%A4%D7%99%D7%A8_%D7%96%D7%99%D7%95_podvig.jpg,גלובס זירת העסקים של ישראל,General,גלובס זירת העסקים של ישראל,"[{'topic': 'earnings', 'relevance_score': '0.929072'}, {'topic': 'ipo', 'relevance_score': '0.926125'}, {'topic': 'financial_markets', 'relevance_score': '0.904937'}, {'topic': 'retail_wholesale', 'relevance_score': '0.714852'}, {'topic': 'technology', 'relevance_score': '0.740718'}]",0.173593,Somewhat-Bullish,"[{'ticker': 'KRNT', 'relevance_score': '1.000000', 'ticker_sentiment_score': '0.243930', 'ticker_sentiment_label': 'Somewhat-Bullish'}, {'ticker': 'AMZN', 'relevance_score': '0.949104', 'ticker_sentiment_score': '0.328419', 'ticker_sentiment_label': 'Somewhat-Bullish'}, {'ticker': 'C', 'relevance_score': '0.630136', 'ticker_sentiment_score': '0.146296', 'ticker_sentiment_label': 'Neutral'}, {'ticker': 'MS', 'relevance_score': '0.619639', 'ticker_sentiment_score': '0.132971', 'ticker_sentiment_label': 'Neutral'}, {'ticker': 'GS', 'relevance_score': '0.645472', 'ticker_sentiment_score': '0.128679', 'ticker_sentiment_label': 'Neutral'}]"
Starbucks opens first cashierless cafe in NYC,https://nypost.com/2021/11/18/starbucks-opens-first-cashlierless-cafe-in-nyc/,20211118T173230,['Lisa Fickschner'],"Starbucks has opened its first cashierless cafe in New York City, utilizing Amazon's cashierless technology. This allows customers to order via the Starbucks app, grab their items, and leave without traditional payment. This move is part of Starbucks' strategy to shift towards smaller pickup locations and leverage automation, as 80% of its orders are on-the-go.",https://nypost.com/wp-content/uploads/sites/2/2021/11/Starbucks-Pickup-with-Amazon-Go-008-1.jpeg?quality=75&strip=all&w=744,New York Post,General,New York Post,"[{'topic': 'retail_wholesale', 'relevance_score': '0.911838'}, {'topic': 'technology', 'relevance_score': '0.846633'}]",0.221337,Somewhat-Bullish,"[{'ticker': 'SBUX', 'relevance_score': '1.000000', 'ticker_sentiment_score': '0.331444', 'ticker_sentiment_label': 'Somewhat-Bullish'}, {'ticker': 'AMZN', 'relevance_score': '0.675158', 'ticker_sentiment_score': '0.252590', 'ticker_sentiment_label': 'Somewhat-Bullish'}, {'ticker': 'DPZ', 'relevance_score': '0.586699', 'ticker_sentiment_score': '0.144263', 'ticker_sentiment_label': 'Neutral'}, {'ticker': 'MCD', 'relevance_score': '0.586370', 'ticker_sentiment_score': '0.129189', 'ticker_sentiment_label': 'Neutral'}]"
Starbucks teams up with Amazon for new store concept,https://chainstoreage.com/starbucks-teams-amazon-new-store-concept,20211118T211134,['Dan Berthiaume'],"Starbucks and Amazon have partnered to open a new ""Starbucks Pickup with Amazon Go"" store concept in mid-town Manhattan, combining Starbucks' mobile pre-order service with Amazon's ""Just Walk Out"" cashierless technology. This innovative store allows customers to pre-order coffee through the Starbucks app and shop for food items using Amazon Go's frictionless checkout, with plans for at least two more locations in the coming year. The collaboration aims to offer customers convenience and a seamless experience, whether they are quickly picking up an order or staying to enjoy the lounge.",,Chain Store Age,General,Chain Store Age,"[{'topic': 'retail_wholesale', 'relevance_score': '0.911922'}, {'topic': 'technology', 'relevance_score': '0.824098'}]",0.376587,Bullish,"[{'ticker': 'SBUX', 'relevance_score': '1.000000', 'ticker_sentiment_score': '0.404574', 'ticker_sentiment_label': 'Bullish'}, {'ticker': 'AMZN', 'relevance_score': '0.941084', 'ticker_sentiment_score': '0.340572', 'ticker_sentiment_label': 'Somewhat-Bullish'}]"
Amazon and Starbucks partner on coffee shop with cashierless technology,https://www.bizjournals.com/seattle/news/2021/11/18/amazon-starbucks-new-york-partner-store.html,20211118T211136,['Alex Halverson'],"Amazon and Starbucks have opened the first of three planned Starbucks Pickup with Amazon Go stores in New York City, marking their first collaborative effort. This new format integrates Starbucks' coffee shop experience with Amazon's cashierless technology. It is a partnership between the two Seattle-based companies to introduce a new retail concept.",,The Business Journals,General,The Business Journals,"[{'topic': 'retail_wholesale', 'relevance_score': '0.819975'}, {'topic': 'technology', 'relevance_score': '0.901305'}]",0.323516,Somewhat-Bullish,"[{'ticker': 'SBUX', 'relevance_score': '1.000000', 'ticker_sentiment_score': '0.428234', 'ticker_sentiment_label': 'Bullish'}, {'ticker': 'AMZN', 'relevance_score': '0.916917', 'ticker_sentiment_score': '0.401166', 'ticker_sentiment_label': 'Bullish'}, {'ticker': 'COST', 'relevance_score': '0.589696', 'ticker_sentiment_score': '0.148724', 'ticker_sentiment_label': 'Neutral'}]"
How Constellation Brands built a better ordering system on AWS,https://www.pwc.com/us/en/library/case-studies/constellation-brands.html,20211118T212133,[],,,PwC,General,PwC,"[{'topic': 'retail_wholesale', 'relevance_score': '0.902145'}, {'topic': 'technology', 'relevance_score': '0.835777'}]",0.282214,Somewhat-Bullish,"[{'ticker': 'STZ-B', 'relevance_score': '0.324307', 'ticker_sentiment_score': '0.009756', 'ticker_sentiment_label': 'Neutral'}, {'ticker': 'STZ', 'relevance_score': '1.000000', 'ticker_sentiment_score': '0.476500', 'ticker_sentiment_label': 'Bullish'}, {'ticker': 'AMZN', 'relevance_score': '0.732482', 'ticker_sentiment_score': '0.312817', 'ticker_sentiment_label': 'Somewhat-Bullish'}, {'ticker': 'MSFT', 'relevance_score': '0.565969', 'ticker_sentiment_score': '0.257246', 'ticker_sentiment_label': 'Somewhat-Bullish'}]"
Why Sabre is betting against multi-cloud,https://techcrunch.com/2021/11/19/why-sabre-is-betting-against-multi-cloud/,20211119T091500,['Frederic Lardinois'],"Sabre, a travel technology company, has entered a 10-year, $2 billion partnership with Google Cloud, committing to a single cloud provider despite the prevailing multi-cloud trend among large enterprises. CIO Joe DiFonzo explains that an initial multi-cloud exploration led them to realize the inefficiencies of managing disparate architectures and the benefits of leveraging a single vendor's full capabilities and engineering mindset. This decision allows Sabre to focus on modernizing operations, decomposing applications into microservices, and integrating AI-powered services by leaning on Google's extensive technological advancements.",,TechCrunch,General,TechCrunch,"[{'topic': 'technology', 'relevance_score': '1.000000'}, {'topic': 'finance', 'relevance_score': '0.713251'}]",0.3006,Somewhat-Bullish,"[{'ticker': 'SABR', 'relevance_score': '1.000000', 'ticker_sentiment_score': '0.534553', 'ticker_sentiment_label': 'Bullish'}, {'ticker': 'GOOGL', 'relevance_score': '0.818725', 'ticker_sentiment_score': '0.434759', 'ticker_sentiment_label': 'Bullish'}, {'ticker': 'GOOG', 'relevance_score': '0.799049', 'ticker_sentiment_score': '0.432174', 'ticker_sentiment_label': 'Bullish'}, {'ticker': 'MSFT', 'relevance_score': '0.631962', 'ticker_sentiment_score': '0.149552', 'ticker_sentiment_label': 'Neutral'}, {'ticker': 'AMZN', 'relevance_score': '0.581734', 'ticker_sentiment_score': '0.120269', 'ticker_sentiment_label': 'Neutral'}]"
The Amazon lobbyists who kill U.S. consumer privacy protections,https://www.reuters.com/investigates/special-report/amazon-privacy-lobbying/,20211119T110000,"['JEFFREY DASTIN', 'CHRIS KIRKHAM', 'ADITYA KALRA']","This report details how Amazon has successfully lobbied against or weakened consumer privacy protections in over two dozen states, often by drafting its own industry-friendly legislation. Led by former White House aide Jay Carney, Amazon's lobbying efforts aim to preserve its access to vast amounts of consumer data, which fuels its e-commerce growth and advantages in emerging technologies like Alexa. The article uses internal documents and interviews to expose strategies such as ""watering the flowers"" to cultivate politicians and using job creation as leverage.",,Reuters,General,Reuters,"[{'topic': 'technology', 'relevance_score': '1.000000'}, {'topic': 'economy_fiscal', 'relevance_score': '0.940932'}, {'topic': 'retail_wholesale', 'relevance_score': '0.810810'}, {'topic': 'finance', 'relevance_score': '0.711373'}, {'topic': 'economy_macro', 'relevance_score': '0.602884'}]",-0.807934,Bearish,"[{'ticker': 'AMZN', 'relevance_score': '1.000000', 'ticker_sentiment_score': '-0.802024', 'ticker_sentiment_label': 'Bearish'}]"
"Pentagon asks Amazon, Google, Microsoft and Oracle for bids on new cloud contracts",https://www.cnbc.com/2021/11/19/pentagon-asks-amazon-google-microsoft-oracle-for-cloud-bids.html,20211119T115800,['Jordan Novet'],"The Pentagon has requested bids from Amazon, Google, Microsoft, and Oracle for new cloud contracts, moving away from a single-vendor approach. This initiative, known as Joint Warfighting Cloud Capability (JWCC), follows the cancellation of the highly contested JEDI contract previously awarded to Microsoft. While Amazon and Microsoft are expected to be primary awardees, the contracts aim to include other capable cloud service providers to support the Pentagon's diverse cloud computing needs.",https://image.cnbcfm.com/api/v1/image/106975317-1636963716984-1636962551-19757650402-hd.jpg?v=1636963375&w=750&h=422&vtcrop=y,CNBC,General,CNBC,"[{'topic': 'technology', 'relevance_score': '0.920749'}, {'topic': 'economy_fiscal', 'relevance_score': '0.727680'}]",0.267346,Somewhat-Bullish,"[{'ticker': 'AMZN', 'relevance_score': '1.000000', 'ticker_sentiment_score': '0.295513', 'ticker_sentiment_label': 'Somewhat-Bullish'}, {'ticker': 'MSFT', 'relevance_score': '0.981340', 'ticker_sentiment_score': '0.252881', 'ticker_sentiment_label': 'Somewhat-Bullish'}, {'ticker': 'GOOGL', 'relevance_score': '0.705840', 'ticker_sentiment_score': '0.105450', 'ticker_sentiment_label': 'Neutral'}, {'ticker': 'ORCL', 'relevance_score': '0.637956', 'ticker_sentiment_score': '0.334208', 'ticker_sentiment_label': 'Somewhat-Bullish'}]"
"Julie Mehretu and Kehinde Wiley Will Redesign AmEx Platinum Cards, and Other News",https://www.surfacemag.com/articles/kehinde-wiley-julie-mehretu-redesign-amex-platinum-cards/,20211119T165517,['THE EDITORS'],"Artists Julie Mehretu and Kehinde Wiley are set to redesign the American Express U.S. Platinum Card, with the new designs launching next month during Art Basel Miami Beach. American Express also announced a $1 million donation to the Studio Museum in Harlem, supporting artists of African descent and aligning with its DEI initiatives. Other news includes Burberry's ""Imagined Landscapes"" pop-up in South Korea, the Preston Bus Station receiving the World Monuments Fund/Knoll Modernism Prize, and the renaming of Staples Center to Crypto.com Arena.",https://images.surfacemag.com/app/uploads/2021/11/19040311/american-express-platinum-card-kehinde-wiley-julie-mehretu-event.jpg,Surface Magazine,General,Surface Magazine,"[{'topic': 'retail_wholesale', 'relevance_score': '0.714959'}, {'topic': 'finance', 'relevance_score': '0.611607'}, {'topic': 'technology', 'relevance_score': '0.701600'}]",0.226252,Somewhat-Bullish,"[{'ticker': 'AXP', 'relevance_score': '1.000000', 'ticker_sentiment_score': '0.303586', 'ticker_sentiment_label': 'Somewhat-Bullish'}, {'ticker': 'SBUX', 'relevance_score': '0.822191', 'ticker_sentiment_score': '0.219171', 'ticker_sentiment_label': 'Somewhat-Bullish'}, {'ticker': 'AMZN', 'relevance_score': '0.731547', 'ticker_sentiment_score': '0.215511', 'ticker_sentiment_label': 'Somewhat-Bullish'}, {'ticker': 'AAPL', 'relevance_score': '0.710170', 'ticker_sentiment_score': '0.204893', 'ticker_sentiment_label': 'Somewhat-Bullish'}]"
"Democratizing Education for All: Meet Anant Agarwal, edX Founder and 2U’s New Chief Open Education Officer",https://2u.com/newsroom/democratizing-education-for-all-meet-anant-agarwal-edx-founder-and-2us-new-chief-open-education-officer/,20211119T173825,['Luyen Chou'],"Anant Agarwal, founder of edX, has joined 2U as its first Chief Open Education Officer, aiming to further democratize education. Having witnessed global education disparities in his youth, Agarwal is passionate about making high-quality learning accessible to everyone. He envisions a modular, stackable education system that offers flexible, credential-based pathways to degrees, and believes the combined missions and product synergies of edX and 2U will create an unstoppable force for good in education.",https://2u.com/static/9387033bd187c719b073e8be7ad9583e/aaf8f/Copy_of_The_Latest_Images_19.max-2880x1800.png,2U,General,2U,"[{'topic': 'mergers_and_acquisitions', 'relevance_score': '0.815324'}]",0.275171,Somewhat-Bullish,"[{'ticker': 'TWOU', 'relevance_score': '1.000000', 'ticker_sentiment_score': '0.456846', 'ticker_sentiment_label': 'Bullish'}, {'ticker': 'AMZN', 'relevance_score': '0.621148', 'ticker_sentiment_score': '0.127341', 'ticker_sentiment_label': 'Neutral'}]"
FedEx Sees 10% Rise in Holiday Package Volume to Record Levels,https://www.supplychainbrain.com/articles/34141-fedex-sees-10-rise-in-holiday-package-volume-to-record-levels,20211119T201243,['Bloomberg'],"FedEx Corp. is forecasting a 10% increase in holiday package deliveries compared to an already record-breaking peak season in 2020, driven by continued consumer reliance on internet shopping. This volume represents 100 million more packages than pre-pandemic levels in 2019, with Cyber Monday alone expected to handle 32 million packages worldwide. Despite significant investments to handle the volume, the company faces challenges from worker shortages and supply chain congestion, which have increased costs by $450 million in its latest quarter.",,Supply Chain Brain,General,Supply Chain Brain,"[{'topic': 'earnings', 'relevance_score': '0.843923'}, {'topic': 'economy_macro', 'relevance_score': '0.632085'}, {'topic': 'retail_wholesale', 'relevance_score': '0.709792'}, {'topic': 'energy_transportation', 'relevance_score': '0.908336'}]",0.161988,Somewhat-Bullish,"[{'ticker': 'FDX', 'relevance_score': '1.000000', 'ticker_sentiment_score': '0.203619', 'ticker_sentiment_label': 'Somewhat-Bullish'}, {'ticker': 'UPS', 'relevance_score': '0.715633', 'ticker_sentiment_score': '0.184508', 'ticker_sentiment_label': 'Somewhat-Bullish'}, {'ticker': 'AMZN', 'relevance_score': '0.616553', 'ticker_sentiment_score': '0.146860', 'ticker_sentiment_label': 'Neutral'}, {'ticker': 'GOOGL', 'relevance_score': '0.575985', 'ticker_sentiment_score': '0.078624', 'ticker_sentiment_label': 'Neutral'}]"
FedEx Opens Phoenix-Area Facility,https://www.commercialsearch.com/news/fedex-opens-phoenix-area-facility/,20211119T201244,['Adriana Marinescu'],"FedEx Ground has opened its sixth facility in the Phoenix area, a 425,000-square-foot regional sortation center in Goodyear, Arizona. This expansion is part of a larger program to add 14.4 million square feet of sortation capacity for the holiday season, including new hubs, automated stations, and regional sortation facilities. The new facility is located in Prologis Commerce Park at Goodyear, a key industrial park contributing to the West Valley's booming distribution scene, driven by the e-commerce surge.",,Commercial Search,General,Commercial Search,"[{'topic': 'real_estate', 'relevance_score': '0.909988'}, {'topic': 'energy_transportation', 'relevance_score': '0.807579'}, {'topic': 'manufacturing', 'relevance_score': '0.746088'}]",0.277658,Somewhat-Bullish,"[{'ticker': 'FDX', 'relevance_score': '1.000000', 'ticker_sentiment_score': '0.432648', 'ticker_sentiment_label': 'Bullish'}, {'ticker': 'PLD', 'relevance_score': '0.818978', 'ticker_sentiment_score': '0.325041', 'ticker_sentiment_label': 'Somewhat-Bullish'}, {'ticker': 'AMZN', 'relevance_score': '0.739821', 'ticker_sentiment_score': '0.202472', 'ticker_sentiment_label': 'Somewhat-Bullish'}, {'ticker': 'UPS', 'relevance_score': '0.625808', 'ticker_sentiment_score': '0.121611', 'ticker_sentiment_label': 'Neutral'}]"
Medtronic partners with Amazon to bring the PillCam to your door,https://www.startribune.com/medtronic-partners-with-amazon-to-bring-the-pillcam-to-your-door/600118661,20211119T204700,['Burl Gilyard'],"Medtronic has partnered with Amazon to deliver its PillCam SB 3 Capsule Endoscopy System directly to patients' homes, enabling remote endoscopy particularly in rural areas. This collaboration, which accelerated due to the pandemic, allows doctors to order PillCams through a special Amazon portal, marking Amazon's continued expansion into the healthcare sector and leveraging its logistics capabilities. The partnership highlights the growing trend of telehealth and in-home medical device use, with Medtronic planning to expand its at-home gastrointestinal care offerings.",,Star Tribune,General,Star Tribune,"[{'topic': 'life_sciences', 'relevance_score': '0.946004'}, {'topic': 'technology', 'relevance_score': '0.827693'}, {'topic': 'retail_wholesale', 'relevance_score': '0.731370'}, {'topic': 'finance', 'relevance_score': '0.649431'}]",0.33533,Somewhat-Bullish,"[{'ticker': 'MDT', 'relevance_score': '1.000000', 'ticker_sentiment_score': '0.443712', 'ticker_sentiment_label': 'Bullish'}, {'ticker': 'AMZN', 'relevance_score': '0.908923', 'ticker_sentiment_score': '0.331645', 'ticker_sentiment_label': 'Somewhat-Bullish'}, {'ticker': 'GEHC', 'relevance_score': '0.627568', 'ticker_sentiment_score': '0.206579', 'ticker_sentiment_label': 'Somewhat-Bullish'}]"
Online retailer Wayfair looks to hire 200 tech employees for new Seattle satellite office,https://www.bizjournals.com/seattle/news/2021/11/19/wayfair-seattle-office-hiring-tech-roles.html,20211119T213230,['Alex Halverson'],"Online retailer Wayfair plans to hire 200 tech employees for a new satellite office in Seattle. The company, which specializes in home goods and furniture, will begin hiring immediately, with employees starting remotely. Seattle is one of four locations, including Toronto, the Bay Area, and Austin, Texas, where Wayfair plans to establish satellite offices.",,The Business Journals,General,The Business Journals,"[{'topic': 'retail_wholesale', 'relevance_score': '0.848159'}, {'topic': 'technology', 'relevance_score': '0.749922'}, {'topic': 'real_estate', 'relevance_score': '0.610208'}]",0.248181,Somewhat-Bullish,"[{'ticker': 'W', 'relevance_score': '1.000000', 'ticker_sentiment_score': '0.330199', 'ticker_sentiment_label': 'Somewhat-Bullish'}, {'ticker': 'AMZN', 'relevance_score': '0.733492', 'ticker_sentiment_score': '0.126198', 'ticker_sentiment_label': 'Neutral'}]"
Accenture to help build Organon’s enterprise capabilities with SAP S4/HANA on AWS,https://www.helpnetsecurity.com/2021/11/20/accenture-organon/,20211120T172600,[],"Accenture has been chosen by Organon to lead the transformation of its enterprise resource planning (ERP) technology into a cloud-based digital core using SAP S/4HANA on AWS. This initiative aims to standardize Organon's technology platform, integrate business processes, provide real-time analytics, and improve patient and employee experiences. Accenture will leverage its accelerators and myConcerto® platform to guide the implementation and foster continuous innovation for Organon's future growth.",https://img2.helpnetsecurity.com/posts2021/handshake_650.jpg,Help Net Security,General,Help Net Security,"[{'topic': 'technology', 'relevance_score': '0.941933'}, {'topic': 'life_sciences', 'relevance_score': '0.740427'}, {'topic': 'finance', 'relevance_score': '0.632905'}]",0.34339,Somewhat-Bullish,"[{'ticker': 'OGN', 'relevance_score': '1.000000', 'ticker_sentiment_score': '0.462228', 'ticker_sentiment_label': 'Bullish'}, {'ticker': 'ACN', 'relevance_score': '0.934526', 'ticker_sentiment_score': '0.337952', 'ticker_sentiment_label': 'Somewhat-Bullish'}, {'ticker': 'AMZN', 'relevance_score': '0.748164', 'ticker_sentiment_score': '0.266023', 'ticker_sentiment_label': 'Somewhat-Bullish'}]"
Cannabis company High Tide eyes more acquisitions as CEO channels Jeff Bezos for e-commerce inspiration,https://www.marketwatch.com/story/cannabis-company-high-tide-eyes-more-acquisitions-as-ceo-channels-jeff-bezos-for-e-commerce-inspiration-11637593449?gaa_at=eafs&gaa_n=AWEtsqeOoeEqNj1yZCU5IN1K53fU9OrCxaXm-o57NVGmCvT3zMhYBMfdti05&gaa_ts=6907c1aa&gaa_sig=-undGdcWcx-lRCiZgNzjSDu_4QlFzV7B9mM2ock3du_r0ihlCLV6wjERMj3scN0hi6b1QDXEuDQEWGrlGX94Hg%3D%3D,20211122T100400,['Steve Gelsi'],"High Tide CEO Raj Grover is looking to Amazon's Jeff Bezos for inspiration as the cannabis company plans its largest acquisition to date. Grover aims to build up an online cannabis marketplace, focusing on e-commerce for CBD and cannabis products. He stated that Bezos is an idol and his approach to direct-to-consumer business stems from Bezos's success in changing the world.",,MarketWatch,General,MarketWatch,"[{'topic': 'mergers_and_acquisitions', 'relevance_score': '0.925486'}, {'topic': 'retail_wholesale', 'relevance_score': '0.703041'}]",0.36509,Bullish,"[{'ticker': 'HITI', 'relevance_score': '1.000000', 'ticker_sentiment_score': '0.400498', 'ticker_sentiment_label': 'Bullish'}, {'ticker': 'AMZN', 'relevance_score': '0.702952', 'ticker_sentiment_score': '0.324850', 'ticker_sentiment_label': 'Somewhat-Bullish'}]"
Holiday Shoppers Can Buy Texas Roadhouse Steaks Online for First Time,https://www.fsrmagazine.com/industry-news/holiday-shoppers-can-buy-texas-roadhouse-steaks-online-first-time/,20211122T173830,[],"Due to a significant decrease in the national turkey inventory and related supply chain issues, Texas Roadhouse is offering its hand-trimmed steaks for online purchase for the first time. Shoppers can buy USDA Choice steaks, aged a minimum of 28 days, directly from trbutchershop.com or Amazon, complete with seasoning and cooking instructions. This initiative aims to provide a high-quality alternative for holiday meals amidst turkey shortages.",https://www.fsrmagazine.com/wp-content/uploads/2023/07/texasroadhouseribeye-1.jpg,FSR magazine,General,FSR magazine,"[{'topic': 'retail_wholesale', 'relevance_score': '0.809185'}]",0.303931,Somewhat-Bullish,"[{'ticker': 'TXRH', 'relevance_score': '1.000000', 'ticker_sentiment_score': '0.436901', 'ticker_sentiment_label': 'Bullish'}, {'ticker': 'AMZN', 'relevance_score': '0.639417', 'ticker_sentiment_score': '0.231826', 'ticker_sentiment_label': 'Somewhat-Bullish'}]"
Walmart Takes New Step Toward Making Aerial Deliveries Routine,https://www.ttnews.com/articles/walmart-takes-new-step-toward-making-aerial-deliveries-routine,20211122T174141,['Alan Levine and Brendan Case'],"Walmart is expanding its aerial delivery efforts by partnering with DroneUp to deliver household items in Arkansas, with plans to extend service to other locations. While routine drone deliveries are still years away due to regulatory hurdles, the collaboration highlights the retail industry's commitment to this new delivery method amid the growth of online shopping. Other major companies like Alphabet, Amazon, and UPS are also developing similar drone delivery programs.",https://www.ttnews.com/sites/default/files/styles/article_full_width_image/public/images/articles/walmart-drone-main-1200.jpg,Transport Topics,General,Transport Topics,"[{'topic': 'retail_wholesale', 'relevance_score': '0.923018'}, {'topic': 'technology', 'relevance_score': '0.817016'}, {'topic': 'energy_transportation', 'relevance_score': '0.734557'}]",0.225308,Somewhat-Bullish,"[{'ticker': 'WMT', 'relevance_score': '1.000000', 'ticker_sentiment_score': '0.321751', 'ticker_sentiment_label': 'Somewhat-Bullish'}, {'ticker': 'GOOGL', 'relevance_score': '0.706979', 'ticker_sentiment_score': '0.203899', 'ticker_sentiment_label': 'Somewhat-Bullish'}, {'ticker': 'AMZN', 'relevance_score': '0.705723', 'ticker_sentiment_score': '0.213457', 'ticker_sentiment_label': 'Somewhat-Bullish'}, {'ticker': 'UPS', 'relevance_score': '0.610039', 'ticker_sentiment_score': '0.218504', 'ticker_sentiment_label': 'Somewhat-Bullish'}, {'ticker': 'WBA', 'relevance_score': '0.646469', 'ticker_sentiment_score': '0.208001', 'ticker_sentiment_label': 'Somewhat-Bullish'}]"
New SAFESKIN* Nitrile Gloves in POP-N-GO* Packs Provide On-The-Go Protection,https://www.businesswire.com/news/home/20211122005993/en/New-SAFESKIN-Nitrile-Gloves-in-POP-N-GO-Packs-Provide-On-The-Go-Protection,20211122T205648,[],"Owens & Minor has launched a new consumer brand, SAFESKIN*, featuring Nitrile Gloves in innovative POP-N-GO* packs. These gloves are designed for convenience and portability, offering task-focused protection for light, medium, and heavy-duty tasks. The product aims to provide individuals with reliable protection against germs, chemicals, dirt, and messes in various settings.",https://mms.businesswire.com/media/20211122005993/en/921319/23/POP-N-GO-Pack.jpg,Business Wire,General,Business Wire,"[{'topic': 'life_sciences', 'relevance_score': '0.938594'}, {'topic': 'manufacturing', 'relevance_score': '0.806745'}, {'topic': 'retail_wholesale', 'relevance_score': '0.742583'}]",0.378236,Bullish,"[{'ticker': 'OMI', 'relevance_score': '1.000000', 'ticker_sentiment_score': '0.478040', 'ticker_sentiment_label': 'Bullish'}, {'ticker': 'AMZN', 'relevance_score': '0.647596', 'ticker_sentiment_score': '0.266562', 'ticker_sentiment_label': 'Somewhat-Bullish'}]"
Observing Attacks Against Hundreds of Exposed Services in Public Clouds,https://unit42.paloaltonetworks.com/exposed-services-public-clouds/,20211122T205713,['Jay Chen'],"Unit 42 researchers deployed a global honeypot infrastructure of 320 nodes to study attacks against exposed services in public clouds. They found that 80% of honeypots were compromised within 24 hours and all within a week, highlighting the rapid pace at which attackers exploit misconfigured services. The research emphasizes the ineffectiveness of IP-based firewalls and the critical need for quick vulnerability remediation in cloud environments.",,Unit 42,General,Unit 42,"[{'topic': 'technology', 'relevance_score': '0.899138'}, {'topic': 'finance', 'relevance_score': '0.719293'}]",0.161806,Somewhat-Bullish,"[{'ticker': 'PANW', 'relevance_score': '0.968653', 'ticker_sentiment_score': '0.327824', 'ticker_sentiment_label': 'Somewhat-Bullish'}, {'ticker': 'MSFT', 'relevance_score': '0.648046', 'ticker_sentiment_score': '0.120162', 'ticker_sentiment_label': 'Neutral'}, {'ticker': 'AMZN', 'relevance_score': '0.632602', 'ticker_sentiment_score': '0.136362', 'ticker_sentiment_label': 'Neutral'}, {'ticker': 'GOOG', 'relevance_score': '0.629817', 'ticker_sentiment_score': '0.112243', 'ticker_sentiment_label': 'Neutral'}, {'ticker': 'GOOGL', 'relevance_score': '0.620022', 'ticker_sentiment_score': '0.110450', 'ticker_sentiment_label': 'Neutral'}]"
Procter & Gamble Buys Farmacy Beauty,https://beautymatter.com/articles/procter-gamble-buys-farmacy-beauty,20211122T210213,['BeautyMatter Business'],"Procter & Gamble has acquired Farmacy Beauty, a cult ""farm-to-face skincare"" brand, to expand its skincare portfolio and attract younger consumers. P&G aims to leverage Farmacy's science-based sustainable products and D2C presence, along with its existing retail channels like Sephora, QVC, and Amazon. The deal is expected to help Farmacy grow beyond its current $80 million net sales, with brand founder David Chung remaining as an advisor and Mina Chae becoming the new President and CEO.",,BeautyMatter,General,BeautyMatter,"[{'topic': 'mergers_and_acquisitions', 'relevance_score': '0.916251'}, {'topic': 'retail_wholesale', 'relevance_score': '0.702231'}]",0.218239,Somewhat-Bullish,"[{'ticker': 'PG', 'relevance_score': '1.000000', 'ticker_sentiment_score': '0.427750', 'ticker_sentiment_label': 'Bullish'}, {'ticker': 'AMZN', 'relevance_score': '0.610930', 'ticker_sentiment_score': '0.111244', 'ticker_sentiment_label': 'Neutral'}, {'ticker': 'ULTA', 'relevance_score': '0.613996', 'ticker_sentiment_score': '0.135025', 'ticker_sentiment_label': 'Neutral'}]"
Amazon and Apple handed $225 million in Italian antitrust fines,https://www.reuters.com/technology/italys-antitrust-fines-amazon-apple-more-than-200-mln-euros-alleged-collusion-2021-11-23/,20211123T114000,['By Reuters'],"Italy's antitrust authority has fined Amazon and Apple a total of more than 200 million euros ($225 million) for alleged anti-competitive cooperation. The fines stem from a 2018 agreement that restricted the sale of Apple and Beats products on Amazon.it to only selected resellers, violating EU rules and impacting price competition. Both companies deny wrongdoing and plan to appeal the decision.",,Reuters,General,Reuters,"[{'topic': 'technology', 'relevance_score': '0.900357'}, {'topic': 'retail_wholesale', 'relevance_score': '0.815020'}]",-0.304096,Somewhat-Bearish,"[{'ticker': 'AAPL', 'relevance_score': '0.951313', 'ticker_sentiment_score': '-0.333702', 'ticker_sentiment_label': 'Somewhat-Bearish'}, {'ticker': 'AMZN', 'relevance_score': '0.861159', 'ticker_sentiment_score': '-0.315279', 'ticker_sentiment_label': 'Somewhat-Bearish'}]"
Cut your cables with the Onn Roku Smart TV for $128 today,https://www.sfgate.com/shopping/article/Walmart-Onn-Roku-Smart-Tv-Sale-16646358.php,20211123T173130,['Mariana Best'],"Walmart is offering the 40-inch Onn Roku Smart TV for $128, providing a budget-friendly option for cutting cable expenses. This smart TV allows users to access free and paid content from platforms like Netflix and Hulu directly, requiring only a Wi-Fi connection. It includes a Roku remote, TV stand, and HDR capabilities for 1080P Full High Definition viewing.",https://cdn-channels-pixel.ex.co/events/0012000001fxZm9AAE?integrationType=DEFAULT&template=design%2Farticle%2Fplatypus_two_column.tpl,SFGATE,General,SFGATE,"[{'topic': 'retail_wholesale', 'relevance_score': '0.823280'}, {'topic': 'technology', 'relevance_score': '0.741942'}]",0.243551,Somewhat-Bullish,"[{'ticker': 'ROKU', 'relevance_score': '1.000000', 'ticker_sentiment_score': '0.429777', 'ticker_sentiment_label': 'Bullish'}, {'ticker': 'WMT', 'relevance_score': '0.920929', 'ticker_sentiment_score': '0.325355', 'ticker_sentiment_label': 'Somewhat-Bullish'}, {'ticker': 'NFLX', 'relevance_score': '0.631081', 'ticker_sentiment_score': '0.117485', 'ticker_sentiment_label': 'Neutral'}, {'ticker': 'AMZN', 'relevance_score': '0.589996', 'ticker_sentiment_score': '0.129321', 'ticker_sentiment_label': 'Neutral'}]"
20-Year Returns: Monster Eats Apple for Breakfast,https://www.statista.com/chart/26240/20-year-stock-performance-of-monster-beverage/,20211123T204709,['Felix Richter'],"Over the past 20 years, Monster Beverage Corporation's stock has outperformed major tech companies like Apple and Amazon, increasing by over 100,000 percent. The company, an early entrant in the energy drink market, has grown significantly, recording $1.4 billion in profit on $4.6 billion in sales in 2020. Monster Beverage is now a dominant player in the energy drink market and has recently been in merger talks with Constellation Brands.",,Statista,General,Statista,"[{'topic': 'financial_markets', 'relevance_score': '0.912166'}, {'topic': 'earnings', 'relevance_score': '0.806975'}, {'topic': 'mergers_and_acquisitions', 'relevance_score': '0.745923'}, {'topic': 'retail_wholesale', 'relevance_score': '0.616932'}]",0.203518,Somewhat-Bullish,"[{'ticker': 'MNST', 'relevance_score': '1.000000', 'ticker_sentiment_score': '0.514769', 'ticker_sentiment_label': 'Bullish'}, {'ticker': 'AAPL', 'relevance_score': '0.704687', 'ticker_sentiment_score': '0.148696', 'ticker_sentiment_label': 'Neutral'}, {'ticker': 'AMZN', 'relevance_score': '0.629968', 'ticker_sentiment_score': '0.125270', 'ticker_sentiment_label': 'Neutral'}, {'ticker': 'KO', 'relevance_score': '0.636378', 'ticker_sentiment_score': '0.129252', 'ticker_sentiment_label': 'Neutral'}, {'ticker': 'STZ', 'relevance_score': '0.680798', 'ticker_sentiment_score': '0.028929', 'ticker_sentiment_label': 'Neutral'}]"
Urban Outfitters Sees Q3 Sales Boost Despite Sluggish Store Traffic,https://sourcingjournal.com/topics/retail/urban-outfitters-q3-free-people-anthropologie-store-traffic-supply-chain-315140/,20211124T142300,['Glenn Taylor'],"Urban Outfitters reported record Q3 net sales of $1.13 billion, an almost 17% increase year-over-year, and exceeded Wall Street's earnings projections. Despite this, the stock price fell due to declining brick-and-mortar store traffic, which was down in the negative mid-teens on a two-year basis. The company attributed some inventory increases to a strategic decision to mitigate supply chain disruptions and anticipates mid-teens comparable retail segment sales growth for Q4.",https://sourcingjournal.com/wp-content/uploads/2021/11/UOmarkdown.jpg?w=910&h=511&crop=1,Sourcing Journal,General,Sourcing Journal,"[{'topic': 'earnings', 'relevance_score': '0.905885'}, {'topic': 'retail_wholesale', 'relevance_score': '1.000000'}, {'topic': 'financial_markets', 'relevance_score': '0.640341'}, {'topic': 'economy_macro', 'relevance_score': '0.627518'}]",0.156304,Somewhat-Bullish,"[{'ticker': 'URBN', 'relevance_score': '1.000000', 'ticker_sentiment_score': '0.294677', 'ticker_sentiment_label': 'Somewhat-Bullish'}, {'ticker': 'WMT', 'relevance_score': '0.607581', 'ticker_sentiment_score': '0.134542', 'ticker_sentiment_label': 'Neutral'}, {'ticker': 'AMZN', 'relevance_score': '0.624092', 'ticker_sentiment_score': '0.110121', 'ticker_sentiment_label': 'Neutral'}, {'ticker': 'TGT', 'relevance_score': '0.622494', 'ticker_sentiment_score': '0.107919', 'ticker_sentiment_label': 'Neutral'}]"
The Kodak Reelz Digitizer Converts 8mm Film Strips into MP4 Files,https://petapixel.com/2021/11/24/the-kodak-reelz-digitizer-converts-8mm-film-strips-into-mp4-files/,20211124T171755,['Jaron Schneider'],"C+A Global, a licensee of Eastman Kodak, has launched the Kodak Reelz Film Digitizer, which converts 8mm and Super 8 film strips into 1080p Full HD MP4 files. The device features a five-inch viewing screen, easy-to-use controls for editing sharpness and tint, and a fully automated 8.08-megapixel sensor. It's designed to be ultra-compact and is available on Amazon for $400.",https://petapixel.com/assets/uploads/2021/11/Kodak-Reelz-Digitizer-Converts-8mm-Film-into-MP4-Files-800x420.jpg,PetaPixel,General,PetaPixel,"[{'topic': 'technology', 'relevance_score': '0.834579'}]",0.121395,Neutral,"[{'ticker': 'KODK', 'relevance_score': '0.923385', 'ticker_sentiment_score': '0.127034', 'ticker_sentiment_label': 'Neutral'}, {'ticker': 'AMZN', 'relevance_score': '0.622179', 'ticker_sentiment_score': '0.105923', 'ticker_sentiment_label': 'Neutral'}]"
Company profile: Iron Mountain,https://datacentremagazine.com/data-centres/company-profile-iron-mountain,20211126T171548,['Sam Steers'],"This article profiles Iron Mountain, an enterprise information management company and data center provider. It details the company's history, starting from its founding in 1951 by Herman Knaust as a bomb-resistant storage facility in a former iron ore mine. The profile highlights its evolution, expansion, and its commitment to sustainability, including being a signatory of the Amazon Climate Pledge.",https://assets.bizclikmedia.net/138/eed8368e1f6a80156ca7973211959a45:5a8eabff5955f571dbc8bc845c59ed79/iron-mountain-data-centers-overview-iron-mountain-building-jpg.webp,Data Centre Magazine,General,Data Centre Magazine,"[{'topic': 'technology', 'relevance_score': '0.830627'}]",0.342784,Somewhat-Bullish,"[{'ticker': 'IRM', 'relevance_score': '1.000000', 'ticker_sentiment_score': '0.531903', 'ticker_sentiment_label': 'Bullish'}, {'ticker': 'AMZN', 'relevance_score': '0.639993', 'ticker_sentiment_score': '0.120476', 'ticker_sentiment_label': 'Neutral'}]"
Target unveils Cyber Monday sale with two days of online deals and 'Holiday Best' sale,https://www.usatoday.com/story/money/shopping/2021/11/26/target-cyber-monday-deals-2021/8758340002/,20211126T173655,['Kelly Tyko'],"Target announced its Cyber Monday sale for two days of online deals and also introduced a weeklong ""Holiday Best"" deals sale. The ""Holiday Best"" deals signify Target's lowest planned prices for the season and are backed by an enhanced price-match guarantee through December 24. These sales complement Adobe's projections for Cyber Monday as the year's biggest shopping day, urging consumers to look for discounts on a wide range of products including electronics, home goods, and apparel.",https://www.usatoday.com/gcdn/-mm-/8bdfaa1328b319feac67d6d9ecd00f61688236b4/c=0-0-500-500/local/-/media/2016/09/08/Treasure%20Coast/TreasureCoast/636089276250839876-kelly-tyko.jpg?width=48&height=48&fit=crop&format=pjpg&auto=webp,USA Today,General,USA Today,"[{'topic': 'retail_wholesale', 'relevance_score': '0.922323'}, {'topic': 'financial_markets', 'relevance_score': '0.640916'}, {'topic': 'economy_macro', 'relevance_score': '0.627949'}]",0.374609,Bullish,"[{'ticker': 'TGT', 'relevance_score': '1.000000', 'ticker_sentiment_score': '0.442855', 'ticker_sentiment_label': 'Bullish'}, {'ticker': 'WMT', 'relevance_score': '0.745087', 'ticker_sentiment_score': '0.319230', 'ticker_sentiment_label': 'Somewhat-Bullish'}, {'ticker': 'AMZN', 'relevance_score': '0.644265', 'ticker_sentiment_score': '0.347450', 'ticker_sentiment_label': 'Somewhat-Bullish'}, {'ticker': 'BBY', 'relevance_score': '0.621246', 'ticker_sentiment_score': '0.333817', 'ticker_sentiment_label': 'Somewhat-Bullish'}]"
"Black Friday boosts some OKC area stores, while other retailers see less foot traffic",https://www.oklahoman.com/story/news/2021/11/27/best-buy-black-friday-deals-2021-walmart-target-jcpenney-nordstrom/8768214002/,20211127T165433,['Jessie Christopher Smith'],"Black Friday sales in the Oklahoma City area in 2021 saw a significant shift due to the rise of online shopping and extended discount periods. While some specialty stores like Academy Sports + Outdoors experienced good foot traffic, many larger retailers like Walmart and Sam's Club noted a much calmer in-store experience compared to previous years. This change is largely attributed to retailers offering early Black Friday deals and enhanced online shopping options, with some popular items selling out online before traditional in-store events.",,The Oklahoman,General,The Oklahoman,"[{'topic': 'retail_wholesale', 'relevance_score': '0.902145'}, {'topic': 'economy_macro', 'relevance_score': '0.607203'}]",0.242947,Somewhat-Bullish,"[{'ticker': 'ASO', 'relevance_score': '0.912405', 'ticker_sentiment_score': '0.312088', 'ticker_sentiment_label': 'Somewhat-Bullish'}, {'ticker': 'WMT', 'relevance_score': '0.845910', 'ticker_sentiment_score': '0.285616', 'ticker_sentiment_label': 'Somewhat-Bullish'}, {'ticker': 'TGT', 'relevance_score': '0.717724', 'ticker_sentiment_score': '0.200491', 'ticker_sentiment_label': 'Somewhat-Bullish'}, {'ticker': 'BBY', 'relevance_score': '0.609865', 'ticker_sentiment_score': '0.301364', 'ticker_sentiment_label': 'Somewhat-Bullish'}, {'ticker': 'AMZN', 'relevance_score': '0.605155', 'ticker_sentiment_score': '0.142248', 'ticker_sentiment_label': 'Neutral'}]"
Yassir raises $30 million in Series A,https://www.wamda.com/2021/11/algeria-yassir-raises-30-million-series,20211128T173909,['Dunya Hassanein'],"Algerian super app Yassir has successfully raised $30 million in a Series A funding round, led by several prominent investors including WndrCo and DN Capital. The company, founded in 2016, offers ride-hailing, parcel, and on-demand delivery services across Algeria, Morocco, and Tunisia, serving three million users. This investment will primarily be used to expand its operations into sub-Saharan Africa and hire more local tech talent, with a strategic focus on empowering local communities and potentially offering payment services for unbanked populations.",https://cdn.wamda.com/feature-images/729b40eec2f1480.jpg,Wamda,General,Wamda,"[{'topic': 'finance', 'relevance_score': '0.856087'}, {'topic': 'technology', 'relevance_score': '0.823435'}, {'topic': 'economy_macro', 'relevance_score': '0.623335'}]",0.313003,Somewhat-Bullish,"[{'ticker': 'UPWK', 'relevance_score': '0.605781', 'ticker_sentiment_score': '0.344915', 'ticker_sentiment_label': 'Somewhat-Bullish'}, {'ticker': 'UBER', 'relevance_score': '0.732072', 'ticker_sentiment_score': '0.313038', 'ticker_sentiment_label': 'Somewhat-Bullish'}, {'ticker': 'AMZN', 'relevance_score': '0.607543', 'ticker_sentiment_score': '0.234163', 'ticker_sentiment_label': 'Somewhat-Bullish'}]"
Gilead and AWS Collaborate on Development and Delivery of New Medicines for Patients,https://www.businesswire.com/news/home/20211129005047/en/Gilead-and-AWS-Collaborate-on-Development-and-Delivery-of-New-Medicines-for-Patients,20211129T165337,[],"Gilead Sciences has selected Amazon Web Services (AWS) as its preferred cloud provider to accelerate the development and delivery of new medicines. By utilizing AWS's machine learning and analytics capabilities, Gilead aims to enhance clinical trial design, improve data-driven decision-making, and refine its drug pipeline while prioritizing patient privacy. Additionally, Gilead is migrating its enterprise resource planning (ERP) workloads to AWS to implement SAP S/4HANA across its global operations, leading to increased efficiency, agility, and a more data-driven business model.",https://mms.businesswire.com/media/20211129005047/en/841482/4/AWS_logo_RGB.jpg,Business Wire,General,Business Wire,"[{'topic': 'life_sciences', 'relevance_score': '0.916455'}, {'topic': 'technology', 'relevance_score': '0.819649'}]",0.034455,Neutral,"[{'ticker': 'AMZN', 'relevance_score': '0.331696', 'ticker_sentiment_score': '0.032662', 'ticker_sentiment_label': 'Neutral'}]"
Corsair TX650M Power Supply Review: Quietly Good,https://www.tomshardware.com/reviews/corsair-tx650m-power-supply-review,20211129T170207,['Aris Mpitziopoulos'],"This article reviews the Corsair TX650M power supply, highlighting its high-quality construction, satisfactory performance, and quiet operation at a fair price. While it offers full power at 47 degrees Celsius, good load regulation, and a 7-year warranty, its transient response and semi-modular design are noted as areas for improvement. The review provides detailed specifications and a component analysis, affirming its position as a solid choice for its price point despite minor drawbacks.",https://cdn.mos.cms.futurecdn.net/WfYNKipjZJJBbUagNk42VC.jpg,Tom's Hardware,General,Tom's Hardware,"[{'topic': 'technology', 'relevance_score': '0.949647'}]",0.172259,Somewhat-Bullish,"[{'ticker': 'CRSR', 'relevance_score': '0.965080', 'ticker_sentiment_score': '0.267817', 'ticker_sentiment_label': 'Somewhat-Bullish'}, {'ticker': 'AMZN', 'relevance_score': '0.605891', 'ticker_sentiment_score': '0.126142', 'ticker_sentiment_label': 'Neutral'}, {'ticker': 'WMT', 'relevance_score': '0.616302', 'ticker_sentiment_score': '0.110519', 'ticker_sentiment_label': 'Neutral'}]"
"FedEx, UPS Turn Holiday Surge Into Someone Else’s Problem",https://www.supplychainbrain.com/articles/34170-fedex-ups-turn-holiday-surge-into-someone-elses-problem,20211129T170805,"['Bloomberg', 'Richard Metzler']","During the holiday season, major carriers FedEx and UPS are reportedly turning away lower-yielding business and raising prices, placing the burden of increased package volumes on smaller regional couriers. These smaller operators are struggling with issues like transportation logjams and worker shortages, which may lead to delayed deliveries and higher costs for consumers. Despite efforts by regional couriers and the U.S. Postal Service to boost capacity, the overall delivery network faces significant challenges, urging some shoppers towards alternative purchasing options.",https://www.supplychainbrain.com/ext/resources/0-images/article-images/2021/1116_UPS.webp?t=1637041858&width=1080,Supply Chain Brain,General,Supply Chain Brain,"[{'topic': 'retail_wholesale', 'relevance_score': '0.817793'}, {'topic': 'energy_transportation', 'relevance_score': '0.707879'}, {'topic': 'economy_macro', 'relevance_score': '0.620235'}]",0.154058,Somewhat-Bullish,"[{'ticker': 'FDX', 'relevance_score': '1.000000', 'ticker_sentiment_score': '0.277958', 'ticker_sentiment_label': 'Somewhat-Bullish'}, {'ticker': 'UPS', 'relevance_score': '0.993858', 'ticker_sentiment_score': '0.247092', 'ticker_sentiment_label': 'Somewhat-Bullish'}, {'ticker': 'AMZN', 'relevance_score': '0.676695', 'ticker_sentiment_score': '0.147665', 'ticker_sentiment_label': 'Neutral'}, {'ticker': 'WMT', 'relevance_score': '0.585292', 'ticker_sentiment_score': '0.144008', 'ticker_sentiment_label': 'Neutral'}, {'ticker': 'TGT', 'relevance_score': '0.587443', 'ticker_sentiment_score': '0.145100', 'ticker_sentiment_label': 'Neutral'}]"
Amazon Braket adds support for hybrid quantum-classical algorithms,https://siliconangle.com/2021/11/29/amazon-braket-adds-support-hybrid-quantum-classical-algorithms/,20211129T171532,['Mike Wheatley'],"Amazon Web Services Inc. has introduced Amazon Braket Hybrid Jobs, a new feature for its quantum computing cloud service. This feature aims to simplify the process of setting up, monitoring, and executing hybrid quantum-classical algorithms, which combine classical computing to optimize quantum algorithms. By offering a fully managed service and priority access to quantum processing units, Amazon seeks to make quantum computing more accessible and predictable for developers.",https://d15shllkswkct0.cloudfront.net/wp-content/blogs.dir/1/files/2021/11/amazon-braket.png,SiliconANGLE,General,SiliconANGLE,"[{'topic': 'technology', 'relevance_score': '0.949453'}]",0.390245,Bullish,"[{'ticker': 'IONQ', 'relevance_score': '0.803009', 'ticker_sentiment_score': '0.322571', 'ticker_sentiment_label': 'Somewhat-Bullish'}, {'ticker': 'AMZN', 'relevance_score': '1.000000', 'ticker_sentiment_score': '0.431107', 'ticker_sentiment_label': 'Bullish'}]"
"KKR, here is who and what is behind the 460 mln $ giant who wants to buy Italy’s telecom group TIM",https://bebeez.eu/2021/11/29/kkr-here-is-who-and-what-is-behind-the-460-mln-giant-who-wants-to-buy-italys-telecom-group-tim/,20211129T171744,['Bebeez'],"This article details the key Italian figures within the US alternative investment giant KKR, particularly in light of its proposed acquisition of the Italian telecommunications group TIM. It highlights Mattia Caprioli, KKR's co-head of European Private Equity, and Alberto Signori, a managing director specializing in infrastructure deals, who was involved in the FiberCop deal with TIM and Fastweb, a precursor to the current offer. The article also mentions Diego Piacentini, KKR's senior advisor for technology, media, and telecommunications, and provides an overview of KKR's global infrastructure investments and its significant assets under management.","https://sp-ao.shortpixel.ai/client/to_auto,q_glossy,ret_img/http://bebeez.eu/wp-content/uploads/2023/01/BeBeez-International-logo-150px.png",BeBeez International,General,BeBeez International,"[{'topic': 'mergers_and_acquisitions', 'relevance_score': '0.922542'}, {'topic': 'finance', 'relevance_score': '0.842938'}, {'topic': 'technology', 'relevance_score': '0.731168'}]",0.195015,Somewhat-Bullish,"[{'ticker': 'KKR', 'relevance_score': '1.000000', 'ticker_sentiment_score': '0.436889', 'ticker_sentiment_label': 'Bullish'}, {'ticker': 'WBA', 'relevance_score': '0.618835', 'ticker_sentiment_score': '0.102778', 'ticker_sentiment_label': 'Neutral'}, {'ticker': 'AMZN', 'relevance_score': '0.603441', 'ticker_sentiment_score': '0.138672', 'ticker_sentiment_label': 'Neutral'}, {'ticker': 'DLR', 'relevance_score': '0.636080', 'ticker_sentiment_score': '0.149961', 'ticker_sentiment_label': 'Neutral'}, {'ticker': 'EQIX', 'relevance_score': '0.646718', 'ticker_sentiment_score': '0.145797', 'ticker_sentiment_label': 'Neutral'}]"
"Amazon has floated the idea of buying HubSpot, says report",https://www.bizjournals.com/boston/news/2021/11/29/amazon-has-floated-the-idea-of-buying-hubspot-say.html,20211129T202807,['Lucia Maffei'],"A report indicates that Amazon has considered acquiring HubSpot, one of the largest public companies in Massachusetts. This potential acquisition would involve Amazon, one of the state's largest employers, expanding its presence through a significant M&A deal. The article highlights related news concerning HubSpot's leadership, funding, and real estate.",,The Business Journals,General,The Business Journals,"[{'topic': 'mergers_and_acquisitions', 'relevance_score': '0.938267'}, {'topic': 'technology', 'relevance_score': '0.800816'}]",0.184551,Somewhat-Bullish,"[{'ticker': 'HUBS', 'relevance_score': '1.000000', 'ticker_sentiment_score': '0.320294', 'ticker_sentiment_label': 'Somewhat-Bullish'}, {'ticker': 'AMZN', 'relevance_score': '0.949871', 'ticker_sentiment_score': '0.233906', 'ticker_sentiment_label': 'Somewhat-Bullish'}, {'ticker': 'AKAM', 'relevance_score': '0.627078', 'ticker_sentiment_score': '0.025094', 'ticker_sentiment_label': 'Neutral'}]"
WPP acquires Cloud Commerce Group,https://www.wpp.com/en/news/2021/11/wpp-acquires-cloud-commerce-group,20211130T174149,[],"WPP has acquired Cloud Commerce Group (CCG), a UK-based technology company specializing in helping brands market, sell, and deliver products across global e-commerce platforms like Amazon and eBay. CCG's platform manages over £1 billion in annual gross merchandise value and will join Wunderman Thompson's network, strengthening WPP's commerce offerings and contributing to its growth strategy. This acquisition aims to enhance WPP's ability to assist clients with complex omnichannel commerce needs.",https://www.wpp.com/-/media/project/wpp/images/news/cloud-commerce-group-1280.jpg?width=900&height=506,WPP,General,WPP,"[{'topic': 'mergers_and_acquisitions', 'relevance_score': '1.000000'}, {'topic': 'technology', 'relevance_score': '0.818809'}]",0.39889,Bullish,"[{'ticker': 'WPP', 'relevance_score': '1.000000', 'ticker_sentiment_score': '0.614413', 'ticker_sentiment_label': 'Bullish'}, {'ticker': 'AMZN', 'relevance_score': '0.621331', 'ticker_sentiment_score': '0.313503', 'ticker_sentiment_label': 'Somewhat-Bullish'}, {'ticker': 'EBAY', 'relevance_score': '0.605649', 'ticker_sentiment_score': '0.306269', 'ticker_sentiment_label': 'Somewhat-Bullish'}, {'ticker': 'CRM', 'relevance_score': '0.643859', 'ticker_sentiment_score': '0.307268', 'ticker_sentiment_label': 'Somewhat-Bullish'}, {'ticker': 'ADBE', 'relevance_score': '0.634709', 'ticker_sentiment_score': '0.318738', 'ticker_sentiment_label': 'Somewhat-Bullish'}]"
AIG Selects AWS as Its Preferred Public Cloud Provider,https://www.businesswire.com/news/home/20211130005257/en/AIG-Selects-AWS-as-Its-Preferred-Public-Cloud-Provider,20211130T192658,[],"American International Group (AIG) has selected Amazon Web Services (AWS) as its preferred public cloud provider to drive business transformation, increase operational efficiency, and accelerate innovation. This move is part of AIG's ""AIG 200"" strategy, aiming to improve core business processes, modernize technology, and enhance customer experiences for its 90 million policyholders worldwide. AIG's digital transformation with AWS began in 2017, and the expanded relationship in 2021 and 2022 will further accelerate their adoption of cloud services.",,Business Wire,General,Business Wire,"[{'topic': 'technology', 'relevance_score': '0.906851'}, {'topic': 'finance', 'relevance_score': '0.818385'}]",0.451951,Bullish,"[{'ticker': 'AIG', 'relevance_score': '0.982279', 'ticker_sentiment_score': '0.468789', 'ticker_sentiment_label': 'Bullish'}, {'ticker': 'AMZN', 'relevance_score': '0.924883', 'ticker_sentiment_score': '0.398565', 'ticker_sentiment_label': 'Bullish'}]"
"Amazon's cloud unit launches new chips to take on Intel, Nvidia",https://www.reuters.com/technology/amazons-cloud-unit-launches-new-chips-take-intel-nvidia-2021-11-30/,20211130T215400,['Stephen Nellis'],"Amazon Web Services (AWS) has introduced two new custom computing chips, Graviton3 and Trainium, aimed at competing with offerings from Intel, AMD, and Nvidia. AWS claims its new chips offer better performance per dollar and lower costs for machine learning model training compared to its rivals. This move signals AWS's continued drive to develop its own hardware and intensify competition in the cloud computing and chip markets.",https://www.reuters.com/resizer/v2/https%3A%2F%2Fcloudfront-us-east-2.images.arcpublishing.com%2Freuters%2FVF7327E7KBLCZD5D65A4N6B7EI.JPG?auth=d28387342fb2f6cd150160a0a52f9547d79b97a315e101f33f6ecda6a4c6a6de&width=1200&height=630&quality=80&smart=true,Reuters,General,Reuters,"[{'topic': 'technology', 'relevance_score': '0.916874'}, {'topic': 'financial_markets', 'relevance_score': '0.605026'}]",-0.087807,Neutral,"[{'ticker': 'INTC', 'relevance_score': '0.997633', 'ticker_sentiment_score': '-0.317148', 'ticker_sentiment_label': 'Somewhat-Bearish'}, {'ticker': 'AMZN', 'relevance_score': '1.000000', 'ticker_sentiment_score': '0.445233', 'ticker_sentiment_label': 'Bullish'}, {'ticker': 'NVDA', 'relevance_score': '0.856634', 'ticker_sentiment_score': '-0.324520', 'ticker_sentiment_label': 'Somewhat-Bearish'}, {'ticker': 'AMD', 'relevance_score': '0.707866', 'ticker_sentiment_score': '0.027574', 'ticker_sentiment_label': 'Neutral'}, {'ticker': 'CSCO', 'relevance_score': '0.597391', 'ticker_sentiment_score': '0.043931', 'ticker_sentiment_label': 'Neutral'}]"
