Date,Open,High,Low,Close,volume,vix,cpi,gdp,unemployment,sentiment_mean,sentiment_std,news_count,previous_open,previous_high,previous_low,previous_close,previous_day_return,opening_gap,previous_volume,second_previous_volume,previous_volume_change,previous_vix,previous_cpi,previous_gdp,previous_unemployment,previous_sentiment_mean,previous_sentiment_std,previous_news_count,gross_open_to_close_return,simulated_entry_price,simulated_exit_price,return_after_slippage,round_trip_transaction_cost,net_open_to_close_return,target_profitable,target_loss
2020-08-05,157.18850708007812,160.67950439453125,156.36500549316406,160.25149536132812,78330000,22.989999771118164,259.316,20558.879,8.4,0.0661503333333333,0.2598981870946134,6,155.0605010986328,158.36199951171875,155.0605010986328,156.94149780273438,0.012130727624213522,0.001573893971970497,93886000.0,101494000.0,-0.07496009616332,23.76000022888184,259.316,20558.879,8.4,0.0979748888888888,0.0874795431607362,9.0,0.01948608290865428,157.22780420684816,160.2114324874878,0.018976467271109243,0.0005,0.018476467271109243,1,0
2020-08-06,159.71800231933594,162.37350463867188,158.27149963378906,161.25,78812000,22.64999961853028,259.316,20558.879,8.4,0.1737111428571428,0.3109943248144723,7,157.18850708007812,160.67950439453125,156.36500549316406,160.25149536132812,0.01948608290865428,-0.0033290986819766166,78330000.0,93886000.0,-0.16569030526383055,22.989999771118164,259.316,20558.879,8.4,0.0661503333333333,0.2598981870946134,6.0,0.009591891073124081,159.7579318199158,161.2096875,0.009087221295031922,0.0005,0.008587221295031922,1,0
2020-08-07,161.20050048828125,162.04049682617188,157.0334930419922,158.3730010986328,78722000,22.209999084472656,259.316,20558.879,8.4,0.0921925,0.0608373461329469,2,159.71800231933594,162.37350463867188,158.27149963378906,161.25,0.009591891073124081,-0.0003069737160852348,78812000.0,78330000.0,0.006153453338439974,22.64999961853028,259.316,20558.879,8.4,0.1737111428571428,0.3109943248144723,7.0,-0.01754026433592859,161.24080061340334,158.33340784835815,-0.018031371426987963,0.0005,-0.018531371426987964,0,1
2020-08-10,158.5155029296875,158.62550354003906,155.0760040283203,157.4080047607422,63346000,22.1299991607666,259.316,20558.879,8.4,0.2112165454545454,0.1177573519380965,11,161.20050048828125,162.04049682617188,157.0334930419922,158.3730010986328,-0.01754026433592859,0.0008997861382062933,78722000.0,78812000.0,-0.0011419580774501004,22.209999084472656,259.316,20558.879,8.4,0.0921925,0.0608373461329469,2.0,-0.006986686781270679,158.55513180541993,157.36865275955202,-0.007483069342239745,0.0005,-0.007983069342239746,0,1
2020-08-11,155.66000366210938,157.96099853515625,153.64999389648438,154.0334930419922,74362000,24.030000686645508,259.316,20558.879,8.4,0.2846320833333333,0.182521073361884,12,158.5155029296875,158.62550354003906,155.0760040283203,157.4080047607422,-0.006986686781270679,-0.011104906013450488,63346000.0,78722000.0,-0.1953202408475394,22.1299991607666,259.316,20558.879,8.4,0.2112165454545454,0.1177573519380965,11.0,-0.010449123614617473,155.69891866302493,153.9949846687317,-0.010943775389866461,0.0005,-0.011443775389866462,0,1
2020-08-12,155.39999389648438,158.71949768066406,155.0709991455078,158.11199951171875,70442000,22.280000686645508,259.316,20558.879,8.4,0.198436,0.1327861682254593,2,155.66000366210938,157.96099853515625,153.64999389648438,154.0334930419922,-0.010449123614617473,0.008871452743850039,74362000.0,63346000.0,0.17390206169292455,24.030000686645508,259.316,20558.879,8.4,0.2846320833333333,0.182521073361884,12.0,0.017451774271245446,155.4388438949585,158.07247151184083,0.01694317553379432,0.0005,0.01644317553379432,1,0
2020-08-13,159.14950561523438,160.87600708007812,157.75,158.05099487304688,62980000,22.1299991607666,259.316,20558.879,8.4,0.16642525,0.1361610811080023,8,155.39999389648438,158.71949768066406,155.0709991455078,158.11199951171875,0.017451774271245446,0.006561842913375582,70442000.0,74362000.0,-0.05271509642021466,22.280000686645508,259.316,20558.879,8.4,0.198436,0.1327861682254593,2.0,-0.0069023823727313305,159.18929299163818,158.0114821243286,-0.007398807075369329,0.0005,-0.00789880707536933,0,1
2020-08-14,158.90899658203125,158.91200256347656,156.0,157.4010009765625,55034000,22.049999237060547,259.316,20558.879,8.4,-0.0580194999999999,0.3829471123804173,2,159.14950561523438,160.87600708007812,157.75,158.05099487304688,-0.0069023823727313305,0.005428638457312784,62980000.0,70442000.0,-0.1059311206382556,22.1299991607666,259.316,20558.879,8.4,0.16642525,0.1361610811080023,8.0,-0.009489680495781694,158.94872383117678,157.36165072631837,-0.009984811872689625,0.0005,-0.010484811872689626,0,1
2020-08-17,158.656005859375,159.74850463867188,157.70899963378906,159.12049865722656,53824000,21.350000381469727,259.316,20558.879,8.4,0.204562909090909,0.0982738864790179,11,158.90899658203125,158.91200256347656,156.0,157.4010009765625,-0.009489680495781694,0.007973296707302291,55034000.0,62980000.0,-0.12616703715465227,22.049999237060547,259.316,20558.879,8.4,-0.0580194999999999,0.3829471123804173,2.0,0.0029276723269036076,158.69566986083987,159.08071853256226,0.00242633382536539,0.0005,0.0019263338253653899,1,0
2020-08-18,160.60000610351562,166.0,160.29100036621094,165.62449645996094,106920000,21.51000022888184,259.316,20558.879,8.4,0.1605933,0.1503384726402024,10,158.656005859375,159.74850463867188,157.70899963378906,159.12049865722656,0.0029276723269036076,0.009298031735535117,53824000.0,55034000.0,-0.02198640840207866,21.350000381469727,259.316,20558.879,8.4,0.204562909090909,0.0982738864790179,11.0,0.031285742001819994,160.6401561050415,165.58309033584595,0.03077022800931717,0.0005,0.03027022800931717,1,0
2020-08-19,165.15049743652344,165.7949981689453,162.8000030517578,163.0240020751953,83702000,22.540000915527344,259.316,20558.879,8.4,0.2116958571428571,0.2224799023285987,7,160.60000610351562,166.0,160.29100036621094,165.62449645996094,0.031285742001819994,-0.0028618895970626834,106920000.0,53824000.0,0.9864744351961949,21.51000022888184,259.316,20558.879,8.4,0.1605933,0.1503384726402024,10.0,-0.012876106305071522,165.19178506088258,162.98324607467652,-0.013369544892272267,0.0005,-0.013869544892272268,0,1
2020-08-20,162.60000610351562,165.63099670410156,161.89999389648438,164.86849975585938,66650000,22.71999931335449,259.316,20558.879,8.4,0.14554125,0.1185953478749623,4,165.15049743652344,165.7949981689453,162.8000030517578,163.0240020751953,-0.012876106305071522,-0.0026008193044121386,83702000.0,106920000.0,-0.21715301159745604,22.540000915527344,259.316,20558.879,8.4,0.2116958571428571,0.2224799023285987,7.0,0.013951374951976181,162.64065610504153,164.82728263092042,0.013444525976743948,0.0005,0.012944525976743948,1,0
2020-08-21,164.75,165.72000122070312,163.76950073242188,164.23599243164062,71518000,22.540000915527344,259.316,20558.879,8.4,0.1554545,0.3217039982411367,4,162.60000610351562,165.63099670410156,161.89999389648438,164.86849975585938,0.013951374951976181,-0.0007187531640965306,66650000.0,83702000.0,-0.20372273063965018,22.71999931335449,259.316,20558.879,8.4,0.14554125,0.1185953478749623,4.0,-0.003119924542393737,164.7911875,164.19493343353273,-0.0036182400012578775,0.0005,-0.004118240001257878,0,1
2020-08-24,165.50750732421875,169.01600646972656,162.8780059814453,165.3730010986328,93326000,22.3700008392334,259.316,20558.879,8.4,0.2329304999999999,0.1351514404085283,2,164.75,165.72000122070312,163.76950073242188,164.23599243164062,-0.003119924542393737,0.007741999020752788,71518000.0,66650000.0,0.0730382595648913,22.540000915527344,259.316,20558.879,8.4,0.1554545,0.3217039982411367,4.0,-0.0008126895737874396,165.54888420104982,165.33165784835816,-0.0013121583618035393,0.0005,-0.0018121583618035393,0,1
2020-08-25,164.74949645996094,167.8699951171875,163.35000610351562,167.32449340820312,79856000,22.030000686645508,259.316,20558.879,8.4,0.1470898,0.3181144182966248,5,165.50750732421875,169.01600646972656,162.8780059814453,165.3730010986328,-0.0008126895737874396,-0.003770292820047483,93326000.0,71518000.0,0.30493022735535114,22.3700008392334,259.316,20558.879,8.4,0.2329304999999999,0.1351514404085283,2.0,0.015629771280472493,164.79068383407594,167.28266228485109,0.015122083316823076,0.0005,0.014622083316823076,1,0
2020-08-26,167.5554962158203,172.58700561523438,167.22850036621094,172.09249877929688,130174000,23.270000457763672,259.316,20558.879,8.4,0.200747,0.0,1,164.74949645996094,167.8699951171875,163.35000610351562,167.32449340820312,0.015629771280472493,0.0013805677992022591,79856000.0,93326000.0,-0.14433276900327885,22.030000686645508,259.316,20558.879,8.4,0.1470898,0.3181144182966248,5.0,0.027077611095685405,167.59738508987428,172.04947565460205,0.02656420064275067,0.0005,0.026064200642750668,1,0
2020-08-27,172.50250244140625,172.64999389648438,168.89999389648438,170.0,85296000,24.46999931335449,259.316,20558.879,8.4,0.1951086,0.073578752743574,5,167.5554962158203,172.58700561523438,167.22850036621094,172.09249877929688,0.027077611095685405,0.0023824609731257773,130174000.0,79856000.0,0.6301091965537968,23.270000457763672,259.316,20558.879,8.4,0.200747,0.0,1.0,-0.01450705007746933,172.54562806701662,169.9575,-0.014999673396600799,0.0005,-0.0154996733966008,0,1
2020-08-28,171.14999389648438,171.6685028076172,169.3249969482422,170.08999633789062,57940000,22.959999084472656,259.316,20558.879,8.4,0.1318824,0.1158770829771788,5,172.50250244140625,172.64999389648438,168.89999389648438,170.0,-0.01450705007746933,0.006764669979319793,85296000.0,130174000.0,-0.34475394472014376,24.46999931335449,259.316,20558.879,8.4,0.1951086,0.073578752743574,5.0,-0.00619338356059107,171.1927813949585,170.04747383880616,-0.0066901626740324405,0.0005,-0.007190162674032441,0,1
2020-08-31,170.44949340820312,174.75,170.25,172.54800415039062,83718000,26.40999984741211,259.316,20558.879,8.4,0.240643,0.1226694765436781,5,171.14999389648438,171.6685028076172,169.3249969482422,170.08999633789062,-0.00619338356059107,0.0021135697457381752,57940000.0,85296000.0,-0.32071843931720123,22.959999084472656,259.316,20558.879,8.4,0.1318824,0.1158770829771788,5.0,0.012311627921133494,170.49210578155518,172.50486714935303,0.01180559861449959,0.0005,0.01130559861449959,1,0
2020-09-01,174.47900390625,175.69349670410156,173.35000610351562,174.95599365234375,68644000,26.1200008392334,259.997,20558.879,7.8,0.1582101,0.2182103791194024,10,170.44949340820312,174.75,170.25,172.54800415039062,0.012311627921133494,0.011191087172334635,83718000.0,57940000.0,0.44490852606144293,26.40999984741211,259.316,20558.879,8.4,0.240643,0.1226694765436781,5.0,0.0027337945277934317,174.52262365722657,174.91225465393066,0.002232552940926169,0.0005,0.001732552940926169,1,0
2020-09-02,177.35000610351562,177.6125030517578,174.33450317382812,176.57249450683594,78630000,26.56999969482422,259.997,20558.879,7.8,0.119895,0.0,1,174.47900390625,175.69349670410156,173.35000610351562,174.95599365234375,0.0027337945277934317,0.013683512071778647,68644000.0,83718000.0,-0.18005685754556966,26.1200008392334,259.997,20558.879,7.8,0.1582101,0.2182103791194024,10.0,-0.00438405170522449,177.3943436050415,176.52835138320924,-0.004881735258483566,0.0005,-0.0053817352584835665,0,1
2020-09-03,174.25,174.42050170898438,165.14999389648438,168.39999389648438,163222000,33.599998474121094,259.997,20558.879,7.8,0.151259909090909,0.1170564921065504,11,177.35000610351562,177.6125030517578,174.33450317382812,176.57249450683594,-0.00438405170522449,-0.013153206638002346,78630000.0,68644000.0,0.14547520540761028,26.56999969482422,259.997,20558.879,7.8,0.119895,0.0,1.0,-0.03357248839894189,174.2935625,168.35789389801025,-0.03405558138149689,0.0005,-0.03455558138149689,0,1
2020-09-04,165.89999389648438,169.0749969482422,155.55650329589844,164.7310028076172,175636000,30.75,259.997,20558.879,7.8,0.0,0.0,0,174.25,174.42050170898438,165.14999389648438,168.39999389648438,-0.03357248839894189,-0.014845606238779063,163222000.0,78630000.0,1.075823477044385,33.599998474121094,259.997,20558.879,7.8,0.151259909090909,0.1170564921065504,11.0,-0.0070463600474668375,165.94146889495852,164.6898200569153,-0.007542712779260219,0.0005,-0.00804271277926022,0,1
2020-09-08,157.1999969482422,162.54249572753906,156.5,157.49200439453125,121884000,31.459999084472656,259.997,20558.879,7.8,0.2831373333333333,0.0668122147689577,3,165.89999389648438,169.0749969482422,155.55650329589844,164.7310028076172,-0.0070463600474668375,-0.04571699152569453,175636000.0,163222000.0,0.076055923833797,30.75,259.997,20558.879,7.8,0.0,0.0,0.0,0.0018575537656353447,157.23929694747926,157.45263139343263,0.0013567501896465384,0.0005,0.0008567501896465384,1,0
2020-09-09,160.14950561523438,165.15899658203125,159.25,163.4304962158203,103774000,28.809999465942383,259.997,20558.879,7.8,0.2305824285714285,0.1460688322456883,7,157.1999969482422,162.54249572753906,156.5,157.49200439453125,0.0018575537656353447,0.01687388023868097,121884000.0,175636000.0,-0.3060420414949099,31.459999084472656,259.997,20558.879,7.8,0.2831373333333333,0.0668122147689577,3.0,0.02048704794923717,160.1895429916382,163.38963859176636,0.01997693195426109,0.0005,0.01947693195426109,1,0
2020-09-10,165.36099243164062,167.4945068359375,158.52749633789062,158.7554931640625,106614000,29.709999084472656,259.997,20558.879,7.8,0.0082426666666666,0.2475698949805219,6,160.14950561523438,165.15899658203125,159.25,163.4304962158203,0.02048704794923717,0.011812337724722788,103774000.0,121884000.0,-0.1485838994453743,28.809999465942383,259.997,20558.879,7.8,0.2305824285714285,0.1460688322456883,7.0,-0.03994593386532075,165.40233267974855,158.7158042907715,-0.040425840921624046,0.0005,-0.040925840921624046,0,1
2020-09-11,160.4344940185547,160.86700439453125,154.19900512695312,155.81100463867188,101880000,26.8700008392334,259.997,20558.879,7.8,0.1034554999999999,0.3213439696034453,2,165.36099243164062,167.4945068359375,158.52749633789062,158.7554931640625,-0.03994593386532075,0.010576017377597502,106614000.0,103774000.0,0.027367163258619653,29.709999084472656,259.997,20558.879,7.8,0.0082426666666666,0.2475698949805219,6.0,-0.02881854932860073,160.47460264205935,155.77205188751222,-0.029304018686596933,0.0005,-0.029804018686596934,0,1
2020-09-14,158.64700317382812,159.3695068359375,154.8000030517578,155.14849853515625,90592000,25.850000381469727,259.997,20558.879,7.8,0.1629162857142857,0.2940190914241875,7,160.4344940185547,160.86700439453125,154.19900512695312,155.81100463867188,-0.02881854932860073,0.01820152910080375,101880000.0,106614000.0,-0.04440317406719563,26.8700008392334,259.997,20558.879,7.8,0.1034554999999999,0.3213439696034453,2.0,-0.022052131894597427,158.6866649246216,155.10971141052246,-0.02254098361571988,0.0005,-0.02304098361571988,0,1
2020-09-15,156.80799865722656,158.75100708007812,155.4459991455078,157.80650329589844,80430000,25.59000015258789,259.997,20558.879,7.8,0.243294,0.1414187382854549,9,158.64700317382812,159.3695068359375,154.8000030517578,155.14849853515625,-0.022052131894597427,0.010696204847217894,90592000.0,101880000.0,-0.11079701609736947,25.850000381469727,259.997,20558.879,7.8,0.1629162857142857,0.2940190914241875,7.0,0.006367689449659597,156.8472006568909,157.76705167007447,0.005864631369454809,0.0005,0.005364631369454809,1,0
2020-09-16,158.99949645996094,159.36199951171875,153.70750427246094,153.90499877929688,90244000,26.040000915527344,259.997,20558.879,7.8,0.1990014,0.142203465002791,5,156.80799865722656,158.75100708007812,155.4459991455078,157.80650329589844,0.006367689449659597,0.007559847909598183,80430000.0,90592000.0,-0.11217326033203812,25.59000015258789,259.997,20558.879,7.8,0.243294,0.1414187382854549,9.0,-0.032040967387258035,159.03924633407595,153.86652252960207,-0.03252482593892658,0.0005,-0.03302482593892658,0,1
2020-09-17,150.46249389648438,151.47149658203125,148.62750244140625,150.43649291992188,128982000,26.459999084472656,259.997,20558.879,7.8,0.2325686,0.1229834903098785,5,158.99949645996094,159.36199951171875,153.70750427246094,153.90499877929688,-0.032040967387258035,-0.022367726260464904,90244000.0,80430000.0,0.12201914708442119,26.040000915527344,259.997,20558.879,7.8,0.1990014,0.142203465002791,5.0,-0.00017280702910849044,150.5001095199585,150.3988837966919,-0.0006725956784314757,0.0005,-0.0011725956784314757,0,1
2020-09-18,151.58700561523438,151.88999938964844,145.27699279785156,147.74549865722656,177852000,25.82999992370605,259.997,20558.879,7.8,0.3745239999999999,0.0478117321167095,2,150.46249389648438,151.47149658203125,148.62750244140625,150.43649291992188,-0.00017280702910849044,0.007647829811646245,128982000.0,90244000.0,0.42925845485572456,26.459999084472656,259.997,20558.879,7.8,0.2325686,0.1229834903098785,5.0,-0.02534192784148348,151.6249023666382,147.70856228256227,-0.025829135075754128,0.0005,-0.02632913507575413,0,1
2020-09-21,145.3249969482422,148.10000610351562,143.5500030517578,148.02349853515625,122358000,27.780000686645508,259.997,20558.879,7.8,0.2224615,0.1262603268643796,6,151.58700561523438,151.88999938964844,145.27699279785156,147.74549865722656,-0.02534192784148348,-0.01638291339487774,177852000.0,128982000.0,0.3788900776852584,25.82999992370605,259.997,20558.879,7.8,0.3745239999999999,0.0478117321167095,2.0,0.018568736580638845,145.36132819747925,147.98649266052246,0.018059579501618295,0.0005,0.017559579501618294,1,0
2020-09-22,151.69200134277344,156.69949340820312,150.00999450683594,156.44949340820312,138976000,26.86000061035156,259.997,20558.879,7.8,0.0660144444444444,0.2511184406908974,9,145.3249969482422,148.10000610351562,143.5500030517578,148.02349853515625,0.018568736580638845,0.024783246200236864,122358000.0,177852000.0,-0.31202348019701776,27.780000686645508,259.997,20558.879,7.8,0.2224615,0.1262603268643796,6.0,0.03136284064628647,151.72992434310913,156.41038103485107,0.030847288114096427,0.0005,0.030347288114096427,1,0
2020-09-23,156.02149963378906,156.35000610351562,149.61900329589844,149.9929962158203,113054000,28.57999992370605,259.997,20558.879,7.8,0.1811085714285714,0.2194975244855525,7,151.69200134277344,156.69949340820312,150.00999450683594,156.44949340820312,0.03136284064628647,-0.002735667371560946,138976000.0,122358000.0,0.13581457689730136,26.86000061035156,259.997,20558.879,7.8,0.0660144444444444,0.2511184406908974,9.0,-0.03863892753318454,156.06050500869753,149.95549796676636,-0.039119487929319074,0.0005,-0.039619487929319075,0,1
2020-09-24,148.88949584960938,153.46499633789062,148.25,150.989501953125,110588000,28.51000022888184,259.997,20558.879,7.8,0.1506683999999999,0.2927856155095397,5,156.02149963378906,156.35000610351562,149.61900329589844,149.9929962158203,-0.03863892753318454,-0.007357012620930248,113054000.0,138976000.0,-0.18652141376928388,28.57999992370605,259.997,20558.879,7.8,0.1811085714285714,0.2194975244855525,7.0,0.014104461107429689,148.92671822357178,150.95175457763673,0.013597535608250721,0.0005,0.013097535608250721,1,0
2020-09-25,152.7429962158203,155.07699584960938,149.9499969482422,154.75650024414062,92304000,26.3799991607666,259.997,20558.879,7.8,0.2337535714285714,0.2753037067899481,7,148.88949584960938,153.46499633789062,148.25,150.989501953125,0.014104461107429689,0.011613352186827353,110588000.0,113054000.0,-0.021812585136306573,28.51000022888184,259.997,20558.879,7.8,0.1506683999999999,0.2927856155095397,5.0,0.013182300191854956,152.7811819648743,154.71781111907958,0.012675835657892431,0.0005,0.012175835657892431,1,0
2020-09-28,157.4425048828125,158.7519989013672,155.85850524902344,158.70249938964844,84484000,26.190000534057617,259.997,20558.879,7.8,0.127237,0.0,1,152.7429962158203,155.07699584960938,149.9499969482422,154.75650024414062,0.013182300191854956,0.017356328389660503,92304000.0,110588000.0,-0.1653343943284986,26.3799991607666,259.997,20558.879,7.8,0.2337535714285714,0.2753037067899481,7.0,0.008002886563407863,157.4818655090332,158.66282376480103,0.007499011088994756,0.0005,0.0069990110889947554,1,0
2020-09-29,158.76950073242188,159.41299438476562,156.6269989013672,157.24400329589844,69916000,26.270000457763672,259.997,20558.879,7.8,0.2796349999999999,0.09692312649724,2,157.4425048828125,158.7519989013672,155.85850524902344,158.70249938964844,0.008002886563407863,0.00042218202631416624,84484000.0,92304000.0,-0.08472005546888539,26.190000534057617,259.997,20558.879,7.8,0.127237,0.0,1.0,-0.009608252400405304,158.80919310760498,157.20469229507447,-0.010103324506178568,0.0005,-0.010603324506178569,0,1
2020-09-30,157.0570068359375,160.6439971923828,156.69949340820312,157.43649291992188,97922000,26.3700008392334,259.997,20558.879,7.8,0.2380628,0.16065584431241,10,158.76950073242188,159.41299438476562,156.6269989013672,157.24400329589844,-0.009608252400405304,-0.0011892120274313855,69916000.0,84484000.0,-0.17243501728137878,26.270000457763672,259.997,20558.879,7.8,0.2796349999999999,0.09692312649724,2.0,0.002416231479444919,157.0962710876465,157.3971337966919,0.0019151486344162194,0.0005,0.0014151486344162194,1,0
2020-10-01,160.39999389648438,161.1999969482422,158.60000610351562,161.06300354003906,99438000,26.700000762939453,260.319,20791.917,6.9,0.3296745,0.1565743796574011,6,157.0570068359375,160.6439971923828,156.69949340820312,157.43649291992188,0.002416231479444919,0.018823469207166932,97922000.0,69916000.0,0.4005663939584645,26.3700008392334,259.997,20558.879,7.8,0.2380628,0.16065584431241,10.0,0.0041334767380512005,160.44009389495852,161.02273778915406,0.0036315354849953962,0.0005,0.0031315354849953962,1,0
2020-10-02,157.68150329589844,159.7899932861328,156.14999389648438,156.25,112262000,27.6299991607666,260.319,20791.917,6.9,0.3736109999999999,0.1079589765049669,3,160.39999389648438,161.1999969482422,158.60000610351562,161.06300354003906,0.0041334767380512005,-0.020994891252602343,99438000.0,97922000.0,0.015481709932395171,26.700000762939453,260.319,20791.917,6.9,0.3296745,0.1565743796574011,6.0,-0.009078447794933386,157.72092367172243,156.2109375,-0.009573784736800595,0.0005,-0.010073784736800595,0,1
2020-10-05,157.29200744628906,160.12649536132812,157.04249572753906,159.9600067138672,75506000,27.959999084472656,260.319,20791.917,6.9,0.239352,0.2002287040201778,6,157.68150329589844,159.7899932861328,156.14999389648438,156.25,-0.009078447794933386,0.0066688476562499766,112262000.0,99438000.0,0.12896478207526307,27.6299991607666,260.319,20791.917,6.9,0.3736109999999999,0.1079589765049669,3.0,0.016962077799720143,157.33133044815065,159.92001671218873,0.016453723849307877,0.0005,0.015953723849307877,1,0
2020-10-06,158.25,159.10000610351562,154.5,154.9980010986328,101738000,29.479999542236328,260.319,20791.917,6.9,0.25605325,0.1032146239360004,4,157.29200744628906,160.12649536132812,157.04249572753906,159.9600067138672,0.016962077799720143,-0.010690214066607306,75506000.0,112262000.0,-0.3274126596711264,27.959999084472656,260.319,20791.917,6.9,0.239352,0.2002287040201778,6.0,-0.020549756090787907,158.28956250000002,154.95925159835815,-0.021039358812062314,0.0005,-0.021539358812062315,0,1
2020-10-07,156.75,160.0,156.6195068359375,159.7845001220703,86188000,28.059999465942383,260.319,20791.917,6.9,0.1367412499999999,0.2197755300928275,4,158.25,159.10000610351562,154.5,154.9980010986328,-0.020549756090787907,0.011303364488244538,101738000.0,75506000.0,0.3474160993828306,29.479999542236328,260.319,20791.917,6.9,0.25605325,0.1032146239360004,4.0,0.01935885245339919,156.78918750000003,159.7445539970398,0.018849300415181736,0.0005,0.018349300415181735,1,0
2020-10-08,161.24949645996094,161.6645050048828,158.74949645996094,159.52749633789062,63482000,26.36000061035156,260.319,20791.917,6.9,0.1791545,0.1133433960047959,6,156.75,160.0,156.6195068359375,159.7845001220703,0.01935885245339919,0.009168576030662567,86188000.0,101738000.0,-0.15284357860386488,28.059999465942383,260.319,20791.917,6.9,0.1367412499999999,0.2197755300928275,4.0,-0.010679103872413553,161.28980883407593,159.48761446380615,-0.011173640686273911,0.0005,-0.011673640686273912,0,1
2020-10-09,160.5,164.44949340820312,159.89149475097656,164.33250427246094,98158000,25.0,260.319,20791.917,6.9,0.0,0.0,0,161.24949645996094,161.6645050048828,158.74949645996094,159.52749633789062,-0.010679103872413553,0.006096150722816773,63482000.0,86188000.0,-0.2634473476586068,26.36000061035156,260.319,20791.917,6.9,0.1791545,0.1133433960047959,6.0,0.023878531292591543,160.54012500000002,164.29142114639282,0.023366719979773354,0.0005,0.022866719979773353,1,0
2020-10-12,167.4969940185547,174.81199645996094,166.9774932861328,172.14649963378906,167284000,25.06999969482422,260.319,20791.917,6.9,0.3652483333333333,0.2579896651851258,3,160.5,164.44949340820312,159.89149475097656,164.33250427246094,0.023878531292591543,0.019256627044684116,98158000.0,63482000.0,0.5462335780221166,25.0,260.319,20791.917,6.9,0.0,0.0,0.0,0.027758740641753432,167.53886826705934,172.10346300888062,0.027244989709165557,0.0005,0.026744989709165556,1,0
2020-10-13,173.39950561523438,174.61900329589844,171.21099853515625,172.18150329589844,114894000,26.06999969482422,260.319,20791.917,6.9,0.045373125,0.2890684292043952,8,167.4969940185547,174.81199645996094,166.9774932861328,172.14649963378906,0.027758740641753432,0.007278718905762593,167284000.0,98158000.0,0.7042319525662708,25.06999969482422,260.319,20791.917,6.9,0.3652483333333333,0.2579896651851258,3.0,-0.007024254855943046,173.4428554916382,172.13845792007447,-0.007520618637569698,0.0005,-0.008020618637569699,0,1
2020-10-14,172.35000610351562,173.24400329589844,167.0,168.1855010986328,116254000,26.39999961853028,260.319,20791.917,6.9,0.1469301999999999,0.2179476061091289,5,173.39950561523438,174.61900329589844,171.21099853515625,172.18150329589844,-0.007024254855943046,0.000978634780111065,114894000.0,167284000.0,-0.313179981349083,26.06999969482422,260.319,20791.917,6.9,0.045373125,0.2890684292043952,8.0,-0.02416306850828631,172.3930936050415,168.14345472335816,-0.02465086502490299,0.0005,-0.02515086502490299,0,1
2020-10-15,164.60049438476562,167.79400634765625,164.0,166.9324951171875,104468000,26.96999931335449,260.319,20791.917,6.9,0.1839812,0.1449844671635551,5,172.35000610351562,173.24400329589844,167.0,168.1855010986328,-0.02416306850828631,-0.021315789354308,116254000.0,114894000.0,0.011836997580378483,26.39999961853028,260.319,20791.917,6.9,0.1469301999999999,0.2179476061091289,5.0,0.014167641118808971,164.64164450836182,166.8907619934082,0.013660684037519744,0.0005,0.013160684037519743,1,0
2020-10-16,168.1614990234375,169.98300170898438,158.0,163.635498046875,129488000,27.40999984741211,260.319,20791.917,6.9,0.2501562222222222,0.2859497469642951,9,164.60049438476562,167.79400634765625,164.0,166.9324951171875,0.014167641118808971,0.007362280815291333,104468000.0,116254000.0,-0.10138145784231078,26.96999931335449,260.319,20791.917,6.9,0.1839812,0.1449844671635551,5.0,-0.026914608889943903,168.20353939819339,163.5945891723633,-0.02740102998022642,0.0005,-0.02790102998022642,0,1
2020-10-19,164.98049926757812,166.4499969482422,159.63699340820312,160.36050415039062,104472000,29.18000030517578,260.319,20791.917,6.9,0.1124255,0.1471326577089532,2,168.1614990234375,169.98300170898438,158.0,163.635498046875,-0.026914608889943903,0.008219495383072983,129488000.0,104468000.0,0.23949917678140675,27.40999984741211,260.319,20791.917,6.9,0.2501562222222222,0.2859497469642951,9.0,-0.028003280010047926,165.02174439239502,160.32041402435303,-0.02848915690082021,0.0005,-0.028989156900820212,0,1
2020-10-20,161.11399841308594,163.3000030517578,159.60049438476562,160.85049438476562,90194000,29.350000381469727,260.319,20791.917,6.9,0.2575422,0.0376529625952593,5,164.98049926757812,166.4499969482422,159.63699340820312,160.36050415039062,-0.028003280010047926,0.0046987521440358115,104472000.0,129488000.0,-0.1931916471024342,29.18000030517578,260.319,20791.917,6.9,0.1124255,0.1471326577089532,2.0,-0.001635512934417438,161.15427691268923,160.81028176116945,-0.00213457041358045,0.0005,-0.00263457041358045,0,1
2020-10-21,160.625,161.69400024414062,158.0,159.2469940185547,91854000,28.64999961853028,260.319,20791.917,6.9,0.2233795,0.0983755440832053,4,161.11399841308594,163.3000030517578,159.60049438476562,160.85049438476562,-0.001635512934417438,-0.0014018880428569025,90194000.0,104472000.0,-0.1366681981775021,29.350000381469727,260.319,20791.917,6.9,0.2575422,0.0376529625952593,5.0,-0.008579025565418341,160.66515625000002,159.20718227005005,-0.009074612155988038,0.0005,-0.009574612155988038,0,1
2020-10-22,159.49349975585938,159.9375,156.0970001220703,158.82000732421875,84240000,28.11000061035156,260.319,20791.917,6.9,0.2079083333333333,0.0932884657450569,6,160.625,161.69400024414062,158.0,159.2469940185547,-0.008579025565418341,0.0015479459365868031,91854000.0,90194000.0,0.018404771936048947,28.64999961853028,260.319,20791.917,6.9,0.2233795,0.0983755440832053,4.0,-0.0042226951736061835,159.53337313079837,158.7803023223877,-0.004720459384966569,0.0005,-0.005220459384966569,0,1
2020-10-23,159.5500030517578,160.26649475097656,157.0,160.22000122070312,69334000,27.549999237060547,260.319,20791.917,6.9,0.0834849999999999,0.1807169441184196,5,159.49349975585938,159.9375,156.0970001220703,158.82000732421875,-0.0042226951736061835,0.004596371325237492,84240000.0,91854000.0,-0.08289241622574961,28.11000061035156,260.319,20791.917,6.9,0.2079083333333333,0.0932884657450569,6.0,0.0041992990042625244,159.58989055252076,160.17994622039797,0.0036973248482994325,0.0005,0.0031973248482994325,1,0
2020-10-26,159.93699645996094,164.1490020751953,157.6649932861328,160.3520050048828,118024000,32.459999084472656,260.319,20791.917,6.9,0.0006033333333333,0.1894246744865445,3,159.5500030517578,160.26649475097656,157.0,160.22000122070312,0.0041992990042625244,-0.001766351008525735,69334000.0,84240000.0,-0.17694681861348527,27.549999237060547,260.319,20791.917,6.9,0.0834849999999999,0.1807169441184196,5.0,0.0025948251755858465,159.97698070907595,160.3119170036316,0.002093653056027822,0.0005,0.0015936530560278221,1,0
2020-10-27,161.2469940185547,164.58299255371094,160.56500244140625,164.31649780273438,85820000,33.349998474121094,260.319,20791.917,6.9,0.2205296666666666,0.1058310415476795,6,159.93699645996094,164.1490020751953,157.6649932861328,160.3520050048828,0.0025948251755858465,0.005581402076292319,118024000.0,69334000.0,0.7022528629532407,32.459999084472656,260.319,20791.917,6.9,0.0006033333333333,0.1894246744865445,3.0,0.019036037247469384,161.28730576705934,164.2754186782837,0.018526646576513484,0.0005,0.018026646576513483,1,0
2020-10-28,162.46499633789062,163.2010040283203,158.12350463867188,158.13900756835938,111766000,40.27999877929688,260.319,20791.917,6.9,0.2979248571428571,0.2417801944159395,7,161.2469940185547,164.58299255371094,160.56500244140625,164.31649780273438,0.019036037247469384,-0.01126789756112323,85820000.0,118024000.0,-0.2728597573374907,33.349998474121094,260.319,20791.917,6.9,0.2205296666666666,0.1058310415476795,6.0,-0.02662720504135041,162.5056125869751,158.09947281646728,-0.027113769797640686,0.0005,-0.027613769797640686,0,1
2020-10-29,160.06350708007812,162.8625030517578,158.1999969482422,160.55050659179688,131930000,37.59000015258789,260.319,20791.917,6.9,0.1904338461538461,0.1409597108318816,13,162.46499633789062,163.2010040283203,158.12350463867188,158.13900756835938,-0.02662720504135041,0.012169669844973807,111766000.0,85820000.0,0.30233045910044276,40.27999877929688,260.319,20791.917,6.9,0.2979248571428571,0.2417801944159395,7.0,0.0030425393058213235,160.10352295684817,160.51036896514893,0.0025411433851485477,0.0005,0.0020411433851485476,1,0
2020-10-30,157.8874969482422,158.35000610351562,150.9499969482422,151.8074951171875,167728000,38.02000045776367,260.319,20791.917,6.9,0.253058,0.1613620973556057,3,160.06350708007812,162.8625030517578,158.1999969482422,160.55050659179688,0.0030425393058213235,-0.016586740833683278,131930000.0,111766000.0,0.18041264785355127,37.59000015258789,260.319,20791.917,6.9,0.1904338461538461,0.1409597108318816,13.0,-0.03850844397797881,157.92696882247927,151.7695432434082,-0.03898906959958448,0.0005,-0.03948906959958448,0,1
2020-11-02,153.08700561523438,153.98550415039062,147.50599670410156,150.2239990234375,145148000,37.130001068115234,260.911,20791.917,6.7,0.039267,0.0,1,157.8874969482422,158.35000610351562,150.9499969482422,151.8074951171875,-0.03850844397797881,0.00842850675494744,167728000.0,131930000.0,0.2713408625786402,38.02000045776367,260.319,20791.917,6.9,0.253058,0.1613620973556057,3.0,-0.018701826326087412,153.1252773666382,150.18644302368165,-0.019192352781310484,0.0005,-0.019692352781310485,0,1
2020-11-03,150.92649841308594,153.7449951171875,149.0489959716797,152.42050170898438,97958000,35.54999923706055,260.911,20791.917,6.7,0.347745625,0.2259879200797736,8,153.08700561523438,153.98550415039062,147.50599670410156,150.2239990234375,-0.018701826326087412,0.004676345951480254,145148000.0,167728000.0,-0.13462272250310026,37.130001068115234,260.911,20791.917,6.7,0.039267,0.0,1.0,0.00989887999527661,150.96423003768922,152.38239658355712,0.009394056761087288,0.0005,0.008894056761087288,1,0
2020-11-04,157.99949645996094,162.24249267578125,156.9864959716797,162.05799865722656,136780000,29.56999969482422,260.911,20791.917,6.7,0.0953291666666666,0.1858994620997238,6,150.92649841308594,153.7449951171875,149.0489959716797,152.42050170898438,0.00989887999527661,0.03660265311046218,97958000.0,145148000.0,-0.3251164328822994,35.54999923706055,260.911,20791.917,6.7,0.347745625,0.2259879200797736,8.0,0.02568680463038131,158.03899633407593,162.01748415756225,0.025174089406871936,0.0005,0.024674089406871935,1,0
2020-11-05,165.99850463867188,168.33999633789062,164.44400024414062,166.10000610351562,115786000,27.57999992370605,260.911,20791.917,6.7,0.2935649999999999,0.1218867824827614,4,157.99949645996094,162.24249267578125,156.9864959716797,162.05799865722656,0.02568680463038131,0.02431540568250501,136780000.0,97958000.0,0.3963127054451907,29.56999969482422,260.911,20791.917,6.7,0.0953291666666666,0.1858994620997238,6.0,0.0006114601156479438,166.04000426483157,166.05848110198974,0.00011127943076116864,0.0005,-0.00038872056923883137,0,1
2020-11-06,165.23199462890625,166.10000610351562,161.60000610351562,165.56849670410156,92946000,24.86000061035156,260.911,20791.917,6.7,0.274061,0.2460448755816711,2,165.99850463867188,168.33999633789062,164.44400024414062,166.10000610351562,0.0006114601156479438,-0.005225836500381664,115786000.0,136780000.0,-0.15348735195203977,27.57999992370605,260.911,20791.917,6.7,0.2935649999999999,0.1218867824827614,4.0,0.0020365430796320805,165.27330262756348,165.52710457992555,0.001535650031354363,0.0005,0.001035650031354363,1,0
2020-11-09,161.55149841308594,164.4499969482422,155.60549926757812,157.18699645996094,143808000,25.75,260.911,20791.917,6.7,0.0867631428571428,0.2765126048491753,7,165.23199462890625,166.10000610351562,161.60000610351562,165.56849670410156,0.0020365430796320805,-0.024261851565848702,92946000.0,115786000.0,-0.1972604632684435,24.86000061035156,260.911,20791.917,6.7,0.274061,0.2460448755816711,2.0,-0.02701616509903859,161.59188628768922,157.14769971084596,-0.027502535423907903,0.0005,-0.028002535423907904,0,1
2020-11-10,154.75100708007812,155.6999969482422,150.9739990234375,151.75100708007812,131820000,24.799999237060547,260.911,20791.917,6.7,0.17903,0.2296780199104825,5,161.55149841308594,164.4499969482422,155.60549926757812,157.18699645996094,-0.02701616509903859,-0.015497397588504214,143808000.0,92946000.0,0.5472209670131043,25.75,260.911,20791.917,6.7,0.0867631428571428,0.2765126048491753,7.0,-0.01938598046374984,154.78969483184815,151.7130693283081,-0.019876164927402074,0.0005,-0.020376164927402074,0,1
2020-11-11,153.08900451660156,156.95750427246094,152.5,156.8695068359375,87338000,23.450000762939453,260.911,20791.917,6.7,0.1551493333333333,0.2561422351298851,3,154.75100708007812,155.6999969482422,150.9739990234375,151.75100708007812,-0.01938598046374984,0.008817058036507008,131820000.0,143808000.0,-0.08336114819759677,24.799999237060547,260.911,20791.917,6.7,0.17903,0.2296780199104825,5.0,0.02469479980795075,153.12727676773073,156.8302894592285,0.024182580462882797,0.0005,0.023682580462882796,1,0
2020-11-12,157.99749755859375,158.79400634765625,154.30250549316406,155.51400756835938,87240000,25.350000381469727,260.911,20791.917,6.7,0.1112938888888889,0.2768862206482315,9,153.08900451660156,156.95750427246094,152.5,156.8695068359375,0.02469479980795075,0.007190630897029315,87338000.0,131820000.0,-0.3374450007586103,23.450000762939453,260.911,20791.917,6.7,0.1551493333333333,0.2561422351298851,3.0,-0.01571854003139106,158.0369969329834,155.4751290664673,-0.016210557756944022,0.0005,-0.016710557756944022,0,1
2020-11-13,156.10000610351562,157.08599853515625,154.26950073242188,156.4405059814453,75124000,23.100000381469727,260.911,20791.917,6.7,0.0746753333333333,0.2114217262758647,6,157.99749755859375,158.79400634765625,154.30250549316406,155.51400756835938,-0.01571854003139106,0.003768139888612021,87240000.0,87338000.0,-0.0011220774462433747,25.350000381469727,260.911,20791.917,6.7,0.1112938888888889,0.2768862206482315,9.0,0.0021812931749911613,156.1390311050415,156.40139585494995,0.001680327769755019,0.0005,0.001180327769755019,1,0
2020-11-16,154.66000366210938,157.13499450683594,153.63450622558594,156.55299377441406,76174000,22.450000762939453,260.911,20791.917,6.7,0.1475921666666666,0.2561622446945815,6,156.10000610351562,157.08599853515625,154.26950073242188,156.4405059814453,0.0021812931749911613,-0.011381338280426645,75124000.0,87240000.0,-0.13888124713434202,23.100000381469727,260.911,20791.917,6.7,0.0746753333333333,0.2114217262758647,6.0,0.012239687491798934,154.6986686630249,156.51385552597046,0.01173369414638925,0.0005,0.01123369414638925,1,0
2020-11-17,159.177001953125,159.46249389648438,156.76300048828125,156.7830047607422,68894000,22.709999084472656,260.911,20791.917,6.7,0.2450216666666666,0.1464868231463675,12,154.66000366210938,157.13499450683594,153.63450622558594,156.55299377441406,0.012239687491798934,0.016761149789904506,76174000.0,75124000.0,0.01397689153932169,22.450000762939453,260.911,20791.917,6.7,0.1475921666666666,0.2561622446945815,6.0,-0.015039843463616753,159.21679620361328,156.743809009552,-0.015532200452637701,0.0005,-0.0160322004526377,0,1
2020-11-18,156.6999969482422,157.0,155.2550048828125,155.2729949951172,58336000,23.84000015258789,260.911,20791.917,6.7,0.2410622,0.1315524268502865,5,159.177001953125,159.46249389648438,156.76300048828125,156.7830047607422,-0.015039843463616753,-0.0005294439446843491,68894000.0,76174000.0,-0.09557066715677265,22.709999084472656,260.911,20791.917,6.7,0.2450216666666666,0.1464868231463675,12.0,-0.009106585711015303,156.73917194747926,155.2341767463684,-0.00960190858744081,0.0005,-0.010101908587440811,0,1
2020-11-19,155.2655029296875,156.25,154.04600524902344,155.8509979248047,60206000,23.11000061035156,260.911,20791.917,6.7,0.1976506666666666,0.0748535005349337,3,156.6999969482422,157.0,155.2550048828125,155.2729949951172,-0.009106585711015303,-4.82509236711115e-05,58336000.0,68894000.0,-0.1532499201672134,23.84000015258789,260.911,20791.917,6.7,0.2410622,0.1315524268502865,5.0,0.0037709277596733592,155.30431930541994,155.8120351753235,0.0032691677357994386,0.0005,0.0027691677357994386,1,0
2020-11-20,155.8509979248047,156.64450073242188,154.90249633789062,154.97000122070312,67488000,23.700000762939453,260.911,20791.917,6.7,0.2588455,0.1894340157057941,14,155.2655029296875,156.25,154.04600524902344,155.8509979248047,0.0037709277596733592,0.0,60206000.0,58336000.0,0.03205567745474491,23.11000061035156,260.911,20791.917,6.7,0.1976506666666666,0.0748535005349337,3.0,-0.005652814007175211,155.8899606742859,154.93125872039795,-0.006149863337838957,0.0005,-0.006649863337838957,0,1
2020-11-23,155.8350067138672,156.9875030517578,153.2729949951172,154.91949462890625,94178000,22.65999984741211,260.911,20791.917,6.7,0.088848,0.2850937720174589,8,155.8509979248047,156.64450073242188,154.90249633789062,154.97000122070312,-0.005652814007175211,0.0055817608979182864,67488000.0,60206000.0,0.12095140019267192,23.700000762939453,260.911,20791.917,6.7,0.2588455,0.1894340157057941,14.0,-0.005874880774651148,155.87396546554567,154.88076475524903,-0.006371819099682652,0.0005,-0.006871819099682652,0,1
2020-11-24,155.02499389648438,156.71249389648438,154.31300354003906,155.9029998779297,72042000,21.63999938964844,260.911,20791.917,6.7,0.176533,0.1098879433817316,4,155.8350067138672,156.9875030517578,153.2729949951172,154.91949462890625,-0.005874880774651148,0.0006809941371861417,94178000.0,67488000.0,0.3954777145566619,22.65999984741211,260.911,20791.917,6.7,0.088848,0.2850937720174589,8.0,0.005663641451465473,155.0637501449585,155.86402412796022,0.0051609353072759045,0.0005,0.004660935307275904,1,0
2020-11-25,157.093505859375,159.89999389648438,157.01300048828125,159.2534942626953,75808000,21.25,260.911,20791.917,6.7,0.048024,0.1455638211259927,6,155.02499389648438,156.71249389648438,154.31300354003906,155.9029998779297,0.005663641451465473,0.007636196752964786,72042000.0,94178000.0,-0.23504427785682436,21.63999938964844,260.911,20791.917,6.7,0.176533,0.1098879433817316,4.0,0.013749698891142303,157.13277923583985,159.21368088912965,0.01324295072873749,0.0005,0.01274295072873749,1,0
2020-11-27,160.56300354003906,160.8094940185547,159.50250244140625,159.76699829101562,47858000,20.84000015258789,260.911,20791.917,6.7,0.031421,0.0,1,157.093505859375,159.89999389648438,157.01300048828125,159.2534942626953,0.013749698891142303,0.008222797769094292,75808000.0,72042000.0,0.052275061769523345,21.25,260.911,20791.917,6.7,0.048024,0.1455638211259927,6.0,-0.00495758818328873,160.6031442909241,159.72705654144286,-0.005454985039983096,0.0005,-0.005954985039983096,0,1
2020-11-30,160.4239959716797,161.41949462890625,156.27749633789062,158.40199279785156,81278000,20.56999969482422,260.911,20791.917,6.7,0.2463173333333333,0.0991333326249719,3,160.56300354003906,160.8094940185547,159.50250244140625,159.76699829101562,-0.00495758818328873,0.004112223974236162,47858000.0,75808000.0,-0.3686945968763191,20.84000015258789,260.911,20791.917,6.7,0.031421,0.0,1.0,-0.012604119237779599,160.46410197067263,158.3623922996521,-0.01309769378452419,0.0005,-0.01359769378452419,0,1
2020-12-01,159.4250030517578,162.44749450683594,157.85899353027344,161.00399780273438,90740000,20.770000457763672,262.045,20791.917,6.7,0.2888512222222222,0.1875515998570645,9,160.4239959716797,161.41949462890625,156.27749633789062,158.40199279785156,-0.012604119237779599,0.006458316816833065,81278000.0,47858000.0,0.6983158510593841,20.56999969482422,260.911,20791.917,6.7,0.2463173333333333,0.0991333326249719,3.0,0.009904310620987955,159.46485930252078,160.9637468032837,0.00939948467216456,0.0005,0.00889948467216456,1,0
2020-12-02,161.08250427246094,161.60000610351562,158.66299438476562,160.17649841308594,62586000,21.170000076293945,262.045,20791.917,6.7,0.258257,0.1834381403252878,9,159.4250030517578,162.44749450683594,157.85899353027344,161.00399780273438,0.009904310620987955,0.0004876057166154357,90740000.0,81278000.0,0.11641526612367437,20.770000457763672,262.045,20791.917,6.7,0.2888512222222222,0.1875515998570645,9.0,-0.005624483325902041,161.12277489852906,160.13645428848267,-0.006121546818365964,0.0005,-0.006621546818365964,0,1
2020-12-03,160.2729949951172,161.4320068359375,159.0655059814453,159.3365020751953,57840000,21.280000686645508,262.045,20791.917,6.7,0.0904204999999999,0.1472794280378045,8,161.08250427246094,161.60000610351562,158.66299438476562,160.17649841308594,-0.005624483325902041,0.0006024390780623445,62586000.0,90740000.0,-0.31027110425391224,21.170000076293945,262.045,20791.917,6.7,0.258257,0.1834381403252878,9.0,-0.005843111123932099,160.31306324386597,159.2966679496765,-0.006340065329818678,0.0005,-0.006840065329818679,0,1
2020-12-04,159.91050720214844,159.91050720214844,157.93800354003906,158.12899780273438,58272000,20.790000915527344,262.045,20791.917,6.7,0.1929938,0.0812754174963131,5,160.2729949951172,161.4320068359375,159.0655059814453,159.3365020751953,-0.005843111123932099,0.0036024709936348653,57840000.0,62586000.0,-0.0758316556418368,21.280000686645508,262.045,20791.917,6.7,0.0904204999999999,0.1472794280378045,8.0,-0.011140665054373167,159.950484828949,158.0894655532837,-0.011634971145323192,0.0005,-0.012134971145323192,0,1
2020-12-07,157.82400512695312,159.03799438476562,157.08450317382812,157.89999389648438,55026000,21.299999237060547,262.045,20791.917,6.7,0.1691851111111111,0.2340063148354358,9,159.91050720214844,159.91050720214844,157.93800354003906,158.12899780273438,-0.011140665054373167,-0.0019287586718390592,58272000.0,57840000.0,0.007468879668049766,20.790000915527344,262.045,20791.917,6.7,0.1929938,0.0812754174963131,5.0,0.00048147789349362036,157.8634611282349,157.86051889801027,-1.8637816525668427e-05,0.0005,-0.0005186378165256684,0,1
2020-12-08,157.94500732421875,159.2064971923828,156.00100708007812,158.864501953125,65726000,20.68000030517578,262.045,20791.917,6.7,0.2119675,0.1240389346918942,6,157.82400512695312,159.03799438476562,157.08450317382812,157.89999389648438,0.00048147789349362036,0.000285075550819025,55026000.0,58272000.0,-0.05570428336079081,21.299999237060547,262.045,20791.917,6.7,0.1691851111111111,0.2340063148354358,9.0,0.005821612499715023,157.98449357604983,158.82478582763673,0.005318827389742653,0.0005,0.004818827389742653,1,0
2020-12-09,158.39450073242188,158.72149658203125,154.39999389648438,155.2100067138672,82016000,22.270000457763672,262.045,20791.917,6.7,0.2662993333333333,0.08427240439353,6,157.94500732421875,159.2064971923828,156.00100708007812,158.864501953125,0.005821612499715023,-0.0029585037243990975,65726000.0,55026000.0,0.1944535310580453,20.68000030517578,262.045,20791.917,6.7,0.2119675,0.1240389346918942,6.0,-0.02010482689632198,158.434099357605,155.1712042121887,-0.020594652026591387,0.0005,-0.021094652026591387,0,1
2020-12-10,154.44949340820312,157.10499572753906,153.8000030517578,155.07449340820312,60604000,22.520000457763672,262.045,20791.917,6.7,0.1904204285714285,0.3285965955087672,7,158.39450073242188,158.72149658203125,154.39999389648438,155.2100067138672,-0.02010482689632198,-0.004899898671263392,82016000.0,65726000.0,0.24784712290417787,22.270000457763672,262.045,20791.917,6.7,0.2662993333333333,0.08427240439353,6.0,0.004046630301001608,154.4881057815552,155.03572478485108,0.003544732460311284,0.0005,0.003044732460311284,1,0
2020-12-11,154.83299255371094,155.93350219726562,153.64100646972656,155.8209991455078,61294000,23.309999465942383,262.045,20791.917,6.7,0.179384,0.0852841488789095,2,154.44949340820312,157.10499572753906,153.8000030517578,155.07449340820312,0.004046630301001608,-0.0015573215761310877,60604000.0,82016000.0,-0.26107101053452986,22.520000457763672,262.045,20791.917,6.7,0.1904204285714285,0.3285965955087672,7.0,0.006381111515713522,154.87170080184939,155.78204389572144,0.005878046726152997,0.0005,0.005378046726152996,1,0
2020-12-14,157.14999389648438,159.52349853515625,156.3000030517578,157.84849548339844,83116000,24.71999931335449,262.045,20791.917,6.7,0.2369483333333333,0.1845298198404077,3,154.83299255371094,155.93350219726562,153.64100646972656,155.8209991455078,0.006381111515713522,0.008528983630348375,61294000.0,60604000.0,0.011385387103161504,23.309999465942383,262.045,20791.917,6.7,0.179384,0.0852841488789095,2.0,0.004444808234444819,157.1892813949585,157.8090333595276,0.003942711354547823,0.0005,0.003442711354547823,1,0
2020-12-15,159.05050659179688,159.4250030517578,156.52450561523438,158.25599670410156,66390000,22.88999938964844,262.045,20791.917,6.7,0.1535321999999999,0.0964014583276622,5,157.14999389648438,159.52349853515625,156.3000030517578,157.84849548339844,0.004444808234444819,0.007614967153898977,83116000.0,61294000.0,0.35602179658694166,24.71999931335449,262.045,20791.917,6.7,0.2369483333333333,0.1845298198404077,3.0,-0.0049953307582629725,159.09026921844483,158.21643270492555,-0.005492708748386255,0.0005,-0.005992708748386255,0,1
2020-12-16,158.80050659179688,162.35000610351562,158.1840057373047,162.04800415039062,88552000,22.5,262.045,20791.917,6.7,0.1315832499999999,0.2750251895680042,4,159.05050659179688,159.4250030517578,156.52450561523438,158.25599670410156,-0.0049953307582629725,0.003440690394269197,66390000.0,83116000.0,-0.20123682564127243,22.88999938964844,262.045,20791.917,6.7,0.1535321999999999,0.0964014583276622,5.0,0.02045017127647819,158.84020671844485,162.00749214935303,0.01994007371523021,0.0005,0.01944007371523021,1,0
2020-12-17,162.5,163.17550659179688,161.0500030517578,161.8040008544922,69486000,21.93000030517578,262.045,20791.917,6.7,0.0914691111111111,0.1846436248137506,9,158.80050659179688,162.35000610351562,158.1840057373047,162.04800415039062,0.02045017127647819,0.0027892713148747195,88552000.0,66390000.0,0.3338153336345835,22.5,262.045,20791.917,6.7,0.1315832499999999,0.2750251895680042,4.0,-0.0042830716646634626,162.540625,161.76354985427858,-0.0047808056953233535,0.0005,-0.005280805695323354,0,1
2020-12-18,162.19949340820312,162.4709930419922,158.5800018310547,160.08250427246094,119914000,21.56999969482422,262.045,20791.917,6.7,0.2563245,0.0574064640306298,2,162.5,163.17550659179688,161.0500030517578,161.8040008544922,-0.0042830716646634626,0.0024442693111561553,69486000.0,88552000.0,-0.2153085192881019,21.93000030517578,262.045,20791.917,6.7,0.0914691111111111,0.1846436248137506,9.0,-0.01305176169949196,162.2400432815552,160.04248364639284,-0.013545112480946808,0.0005,-0.014045112480946809,0,1
2020-12-21,160.00050354003906,161.34849548339844,158.3000030517578,160.3090057373047,76736000,25.15999984741211,262.045,20791.917,6.7,0.13310925,0.2344046846181122,4,162.19949340820312,162.4709930419922,158.5800018310547,160.08250427246094,-0.01305176169949196,-0.0005122404399815483,119914000.0,69486000.0,0.7257289238119908,21.56999969482422,262.045,20791.917,6.7,0.2563245,0.0574064640306298,2.0,0.0019281326648352692,160.0405036659241,160.26892848587036,0.001427293808216712,0.0005,0.0009272938082167119,1,0
2020-12-22,160.14199829101562,161.10000610351562,159.00399780273438,160.3260040283203,47388000,24.229999542236328,262.045,20791.917,6.7,0.1912435555555555,0.1104123506815599,9,160.00050354003906,161.34849548339844,158.3000030517578,160.3090057373047,0.0019281326648352692,-0.0010417845555272809,76736000.0,119914000.0,-0.36007472021615494,25.15999984741211,262.045,20791.917,6.7,0.13310925,0.2344046846181122,4.0,0.0011490161186218373,160.1820337905884,160.28592252731323,0.000648566722911248,0.0005,0.00014856672291124794,1,0
2020-12-23,160.25,160.50650024414062,159.20849609375,159.2635040283203,41876000,23.309999465942383,262.045,20791.917,6.7,0.29135925,0.1722871739768131,4,160.14199829101562,161.10000610351562,159.00399780273438,160.3260040283203,0.0011490161186218373,-0.00047405926930532694,47388000.0,76736000.0,-0.38245412844036697,24.229999542236328,262.045,20791.917,6.7,0.1912435555555555,0.1104123506815599,9.0,-0.006155981102525354,160.2900625,159.22368815231323,-0.006652778912521584,0.0005,-0.007152778912521585,0,1
2020-12-24,159.69500732421875,160.10000610351562,158.4499969482422,158.63450622558594,29038000,21.530000686645508,262.045,20791.917,6.7,0.2845229999999999,0.0848287721118253,2,160.25,160.50650024414062,159.20849609375,159.2635040283203,-0.006155981102525354,0.0027093670865216968,41876000.0,47388000.0,-0.11631636701274584,23.309999465942383,262.045,20791.917,6.7,0.29135925,0.1722871739768131,4.0,-0.006640790569486854,159.7349310760498,158.59484759902955,-0.007137346035335668,0.0005,-0.007637346035335668,0,1
2020-12-28,159.6999969482422,165.1999969482422,158.63450622558594,164.197998046875,113736000,21.700000762939453,262.045,20791.917,6.7,0.2752645,0.2284428664775943,2,159.69500732421875,160.10000610351562,158.4499969482422,158.63450622558594,-0.006640790569486854,0.0067166390718365054,29038000.0,41876000.0,-0.30657178336039737,21.530000686645508,262.045,20791.917,6.7,0.2845229999999999,0.0848287721118253,2.0,0.028165317373741727,159.73992194747927,164.1569485473633,0.02765136320359729,0.0005,0.02715136320359729,1,0
2020-12-29,165.4969940185547,167.53250122070312,164.06100463867188,166.10000610351562,97458000,23.07999992370605,262.045,20791.917,6.7,0.294723,0.1592948729526472,3,159.6999969482422,165.1999969482422,158.63450622558594,164.197998046875,0.028165317373741727,0.007911155964939631,113736000.0,29038000.0,2.9167986775948758,21.700000762939453,262.045,20791.917,6.7,0.2752645,0.2284428664775943,2.0,0.0036436437322440174,165.53836826705933,166.05848110198974,0.0031419473344773685,0.0005,0.0026419473344773685,1,0
2020-12-30,167.0500030517578,167.10499572753906,164.12350463867188,164.29249572753906,64186000,22.770000457763672,262.045,20791.917,6.7,0.2016895,0.283915393461679,2,165.4969940185547,167.53250122070312,164.06100463867188,166.10000610351562,0.0036436437322440174,0.005719427533615651,97458000.0,113736000.0,-0.1431209115847225,23.07999992370605,262.045,20791.917,6.7,0.294723,0.1592948729526472,3.0,-0.016507077365119138,167.09176555252077,164.25142260360718,-0.016998700920547782,0.0005,-0.017498700920547783,0,1
2020-12-31,163.75,164.14599609375,162.05999755859375,162.84649658203125,59144000,22.75,262.045,20791.917,6.7,0.2103,0.0,1,167.0500030517578,167.10499572753906,164.12350463867188,164.29249572753906,-0.016507077365119138,-0.0033020116051967197,64186000.0,97458000.0,-0.34139834595415464,22.770000457763672,262.045,20791.917,6.7,0.2016895,0.283915393461679,2.0,-0.005517578124999978,163.7909375,162.80578495788575,-0.0060146950567046,0.0005,-0.0065146950567046,0,1
2021-01-04,163.5,163.60000610351562,157.2010040283203,159.3314971923828,88228000,26.96999931335449,262.687,21082.134,6.4,0.0770251666666666,0.1863157167038755,12,163.75,164.14599609375,162.05999755859375,162.84649658203125,-0.005517578124999978,0.004013002623237671,59144000.0,64186000.0,-0.0785529554731561,22.75,262.045,20791.917,6.7,0.2103,0.0,1.0,-0.025495430016007292,163.540875,159.2916643180847,-0.025982560518373665,0.0005,-0.026482560518373666,0,1
2021-01-05,158.30050659179688,161.16900634765625,158.2530059814453,160.92550659179688,53110000,25.34000015258789,262.687,21082.134,6.4,0.1359139999999999,0.2277346410906049,4,163.5,163.60000610351562,157.2010040283203,159.3314971923828,-0.025495430016007292,-0.0064707268729238265,88228000.0,59144000.0,0.491748951711078,26.96999931335449,262.687,21082.134,6.4,0.0770251666666666,0.1863157167038755,12.0,0.016582385341121997,158.34008171844485,160.88527521514894,0.016074221189489313,0.0005,0.015574221189489312,1,0
2021-01-06,157.32400512695312,159.87550354003906,156.55799865722656,156.91900634765625,87896000,25.06999969482422,262.687,21082.134,6.4,0.1981641666666666,0.232480985466267,6,158.30050659179688,161.16900634765625,158.2530059814453,160.92550659179688,0.016582385341121997,-0.022379929329533255,53110000.0,88228000.0,-0.3980369043840958,25.34000015258789,262.687,21082.134,6.4,0.1359139999999999,0.2277346410906049,4.0,-0.0025742974123373896,157.36333612823486,156.87977659606935,-0.0030728856165801455,0.0005,-0.0035728856165801455,0,1
2021-01-07,157.85000610351562,160.427001953125,157.75,158.10800170898438,70290000,22.3700008392334,262.687,21082.134,6.4,0.2000256249999999,0.3114587206938792,8,157.32400512695312,159.87550354003906,156.55799865722656,156.91900634765625,-0.0025742974123373896,0.005932995483012071,87896000.0,53110000.0,0.6549802297119187,25.06999969482422,262.687,21082.134,6.4,0.1981641666666666,0.232480985466267,6.0,0.0016344351947605862,157.88946860504151,158.06847470855715,0.0011337431501743378,0.0005,0.0006337431501743378,1,0
2021-01-08,159.0,159.53199768066406,157.11000061035156,159.13499450683594,70754000,21.559999465942383,262.687,21082.134,6.4,0.3073802857142857,0.1958431364482931,7,157.85000610351562,160.427001953125,157.75,158.10800170898438,0.0016344351947605862,0.005641702389341807,70290000.0,87896000.0,-0.20030490579776095,22.3700008392334,262.687,21082.134,6.4,0.2000256249999999,0.3114587206938792,8.0,0.000849022055571913,159.03975000000003,159.09521075820922,0.00034872261940299687,0.0005,-0.00015127738059700314,0,1
2021-01-11,157.40049743652344,157.81900024414062,155.5,155.7104949951172,73668000,24.07999992370605,262.687,21082.134,6.4,0.27083475,0.1915053925896518,4,159.0,159.53199768066406,157.11000061035156,159.13499450683594,0.000849022055571913,-0.01089953266211341,70754000.0,70290000.0,0.0066012235026320365,21.559999465942383,262.687,21082.134,6.4,0.3073802857142857,0.1958431364482931,7.0,-0.010736957436159322,157.43984756088258,155.6715673713684,-0.011231465330467705,0.0005,-0.011731465330467705,0,1
2021-01-12,156.0,157.10699462890625,154.3000030517578,156.04150390625,70292000,23.32999992370605,262.687,21082.134,6.4,0.174683125,0.1548103804829245,8,157.40049743652344,157.81900024414062,155.5,155.7104949951172,-0.010736957436159322,0.0018592517151261312,73668000.0,70754000.0,0.04118495067416683,24.07999992370605,262.687,21082.134,6.4,0.27083475,0.1915053925896518,4.0,0.0002660506810896468,156.03900000000002,156.00249353027345,-0.00023395734224496145,0.0005,-0.0007339573422449615,0,1
2021-01-13,156.4219970703125,159.49749755859375,156.10400390625,158.29449462890625,66424000,22.209999084472656,262.687,21082.134,6.4,0.0719516,0.1909026136562828,5,156.0,157.10699462890625,154.3000030517578,156.04150390625,0.0002660506810896468,0.0024384100033483236,70292000.0,73668000.0,-0.04582722484660906,23.32999992370605,262.687,21082.134,6.4,0.174683125,0.1548103804829245,8.0,0.011970807134958461,156.46110256958008,158.25492100524903,0.011464948196125757,0.0005,0.010964948196125757,1,0
2021-01-14,158.37600708007812,158.89999389648438,156.0294952392578,156.37350463867188,61418000,23.25,262.687,21082.134,6.4,-0.0033472222222222,0.2374213427278484,9,156.4219970703125,159.49749755859375,156.10400390625,158.29449462890625,0.011970807134958461,0.000514941794804491,66424000.0,70292000.0,-0.05502759915779887,22.209999084472656,262.687,21082.134,6.4,0.0719516,0.1909026136562828,5.0,-0.012643976056258,158.41560108184817,156.33441126251222,-0.013137530679574017,0.0005,-0.013637530679574017,0,1
2021-01-15,156.1510009765625,157.12750244140625,154.7584991455078,155.21249389648438,84880000,24.34000015258789,262.687,21082.134,6.4,0.0738163333333333,0.1667194748464218,6,158.37600708007812,158.89999389648438,156.0294952392578,156.37350463867188,-0.012643976056258,-0.0014228987360966894,61418000.0,66424000.0,-0.0753643261471757,23.25,262.687,21082.134,6.4,-0.0033472222222222,0.2374213427278484,9.0,-0.006010253371472096,156.19003872680665,155.17369077301026,-0.006507124027122391,0.0005,-0.007007124027122391,0,1
2021-01-19,155.35000610351562,157.25,154.8000030517578,156.03799438476562,66102000,23.239999771118164,262.687,21082.134,6.4,0.120459,0.2163574425551383,7,156.1510009765625,157.12750244140625,154.7584991455078,155.21249389648438,-0.006010253371472096,0.0008859609402511737,84880000.0,61418000.0,0.38200527532645157,24.34000015258789,262.687,21082.134,6.4,0.0738163333333333,0.1667194748464218,6.0,0.004428633757449507,155.38884360504153,155.99898488616944,0.0039265449627692295,0.0005,0.0034265449627692295,1,0
2021-01-20,159.09950256347656,163.99000549316406,158.75,163.16900634765625,106196000,21.57999992370605,262.687,21082.134,6.4,0.2371005714285714,0.0887851643385258,7,155.35000610351562,157.25,154.8000030517578,156.03799438476562,0.004428633757449507,0.019620273836394864,66102000.0,84880000.0,-0.22122997172478798,23.239999771118164,262.687,21082.134,6.4,0.120459,0.2163574425551383,7.0,0.0255783564285883,159.13927743911745,163.12821409606934,0.025065695415626976,0.0005,0.024565695415626976,1,0
2021-01-21,164.64999389648438,167.42750549316406,164.47850036621094,165.34950256347656,98722000,21.31999969482422,262.687,21082.134,6.4,0.2077434545454545,0.1579010280494485,11,159.09950256347656,163.99000549316406,158.75,163.16900634765625,0.0255783564285883,0.009076402326509525,106196000.0,66102000.0,0.606547456960455,21.57999992370605,262.687,21082.134,6.4,0.2371005714285714,0.0887851643385258,7.0,0.004248458505452302,164.6911563949585,165.3081651878357,0.0037464597758818385,0.0005,0.0032464597758818385,1,0
2021-01-22,165.2154998779297,166.0955047607422,164.1580047607422,164.6114959716797,56438000,21.90999984741211,262.687,21082.134,6.4,0.285176,0.1045517923662717,3,164.64999389648438,167.42750549316406,164.47850036621094,165.34950256347656,0.004248458505452302,-0.0008104208568479043,98722000.0,106196000.0,-0.07037929865531656,21.31999969482422,262.687,21082.134,6.4,0.2077434545454545,0.1579010280494485,11.0,-0.003655854969396133,165.25680375289917,164.57034309768676,-0.004153902530021347,0.0005,-0.004653902530021348,0,1
2021-01-25,166.4250030517578,168.1945037841797,162.15750122070312,164.6999969482422,74996000,23.190000534057617,262.687,21082.134,6.4,0.200461,0.1579499014624574,4,165.2154998779297,166.0955047607422,164.1580047607422,164.6114959716797,-0.003655854969396133,0.01101689204252243,56438000.0,98722000.0,-0.4283138510159843,21.90999984741211,262.687,21082.134,6.4,0.285176,0.1045517923662717,3.0,-0.01036506577667995,166.46660930252077,164.65882194900513,-0.010859759570343241,0.0005,-0.011359759570343242,0,1
2021-01-26,164.8179931640625,166.89999389648438,164.14349365234375,166.30650329589844,59104000,23.020000457763672,262.687,21082.134,6.4,0.1857423333333333,0.1085014514588015,6,166.4250030517578,168.1945037841797,162.15750122070312,164.6999969482422,-0.01036506577667995,0.000716431196154721,74996000.0,56438000.0,0.32882100712286055,23.190000534057617,262.687,21082.134,6.4,0.200461,0.1579499014624574,4.0,0.009031235627012135,164.85919766235352,166.26492667007446,0.008526846106578834,0.0005,0.008026846106578833,1,0
2021-01-27,167.07449340820312,167.3260040283203,160.35400390625,161.62899780273438,93204000,37.209999084472656,262.687,21082.134,6.4,0.2737251666666666,0.0772935807513578,6,164.8179931640625,166.89999389648438,164.14349365234375,166.30650329589844,0.009031235627012135,0.004617919907426993,59104000.0,74996000.0,-0.21190463491386202,23.020000457763672,262.687,21082.134,6.4,0.1857423333333333,0.1085014514588015,6.0,-0.032593219314237865,167.11626203155518,161.5885905532837,-0.03307680180895711,0.0005,-0.03357680180895711,0,1
2021-01-28,161.7519989013672,165.08399963378906,161.4344940185547,161.88099670410156,62984000,30.209999084472656,262.687,21082.134,6.4,0.2021917999999999,0.2423648098424264,10,167.07449340820312,167.3260040283203,160.35400390625,161.62899780273438,-0.032593219314237865,0.0007610088554959038,93204000.0,59104000.0,0.5769491066594477,37.209999084472656,262.687,21082.134,6.4,0.2737251666666666,0.0772935807513578,6.0,0.000797503608057637,161.79243690109254,161.84052645492554,0.00029722992467440257,0.0005,-0.00020277007532559744,0,1
2021-01-29,161.5,161.84950256347656,159.2274932861328,160.30999755859375,85872000,33.09000015258789,262.687,21082.134,6.4,0.0583907499999999,0.3268869412660132,4,161.7519989013672,165.08399963378906,161.4344940185547,161.88099670410156,0.000797503608057637,-0.002353560404609878,62984000.0,93204000.0,-0.32423501137290245,30.209999084472656,262.687,21082.134,6.4,0.2021917999999999,0.2423648098424264,10.0,-0.007368436169698178,161.540375,160.2699200592041,-0.00786462790367981,0.0005,-0.008364627903679811,0,1
2021-02-01,162.1179962158203,167.51300048828125,161.75149536132812,167.1439971923828,83204000,30.239999771118164,263.579,21082.134,6.2,0.221491,0.0881639076379898,4,161.5,161.84950256347656,159.2274932861328,160.30999755859375,-0.007368436169698178,0.01127814038276509,85872000.0,62984000.0,0.36339387781023746,33.09000015258789,262.687,21082.134,6.4,0.0583907499999999,0.3268869412660132,4.0,0.031002116321938722,162.1585257148743,167.1022111930847,0.030486744106831498,0.0005,0.029986744106831498,1,0
2021-02-02,169.0,171.38699340820312,168.05650329589844,169.0,141972000,25.559999465942383,263.579,21082.134,6.2,0.423517375,0.218146545974383,8,162.1179962158203,167.51300048828125,161.75149536132812,167.1439971923828,0.031002116321938722,0.011104214562255077,83204000.0,85872000.0,-0.03106949878889509,30.239999771118164,263.579,21082.134,6.2,0.221491,0.0881639076379898,4.0,0.0,169.04225000000002,168.95775,-0.0004998750312422695,0.0005,-0.0009998750312422695,0,1
2021-02-03,171.25050354003906,171.6999969482422,165.43099975585938,165.62649536132812,141776000,22.90999984741211,263.579,21082.134,6.2,0.2919267,0.1302254463152694,10,169.0,171.38699340820312,168.05650329589844,169.0,0.0,0.013316588994313872,141972000.0,83204000.0,0.7063121965290131,25.559999465942383,263.579,21082.134,6.2,0.423517375,0.218146545974383,8.0,-0.032840827106800474,171.2933161659241,165.5850887374878,-0.03332428582856661,0.0005,-0.033824285828566614,0,1
2021-02-04,166.5,167.35000610351562,163.8874969482422,166.5500030517578,73414000,21.770000457763672,263.579,21082.134,6.2,0.2258967999999999,0.2864665671534812,5,171.25050354003906,171.6999969482422,165.43099975585938,165.62649536132812,-0.032840827106800474,0.00527394265492509,141776000.0,141972000.0,-0.001380553912038951,22.90999984741211,263.579,21082.134,6.2,0.2919267,0.1302254463152694,10.0,0.00030031862917612173,166.541625,166.50836555099488,-0.00019970652385026266,0.0005,-0.0006997065238502627,0,1
2021-02-05,165.9499969482422,168.85000610351562,165.135498046875,167.6074981689453,72416000,20.8700008392334,263.579,21082.134,6.2,0.2251282222222222,0.0844209416388756,9,166.5,167.35000610351562,163.8874969482422,166.5500030517578,0.00030031862917612173,-0.0036025583459711186,73414000.0,141776000.0,-0.4821831621713125,21.770000457763672,263.579,21082.134,6.2,0.2258967999999999,0.2864665671534812,5.0,0.009987955716685537,165.99148444747925,167.5655962944031,0.009483087955767466,0.0005,0.008983087955767466,1,0
2021-02-08,167.9250030517578,168.25,165.1999969482422,166.14700317382812,65148000,21.239999771118164,263.579,21082.134,6.2,0.223802,0.069389675836299,4,165.9499969482422,168.85000610351562,165.135498046875,167.6074981689453,0.009987955716685537,0.001894335792140156,72416000.0,73414000.0,-0.013594137357997083,20.8700008392334,263.579,21082.134,6.2,0.2251282222222222,0.0844209416388756,9.0,-0.0105880592265446,167.96698430252076,166.10546642303467,-0.011082641551350081,0.0005,-0.011582641551350081,0,1
2021-02-09,165.62449645996094,166.89999389648438,164.89199829101562,165.25,44070000,21.6299991607666,263.579,21082.134,6.2,0.1860684,0.1305748574297517,5,167.9250030517578,168.25,165.1999969482422,166.14700317382812,-0.0105880592265446,-0.003144845852684597,65148000.0,72416000.0,-0.10036456031816177,21.239999771118164,263.579,21082.134,6.2,0.223802,0.069389675836299,4.0,-0.0022611175759950086,165.66590258407595,165.2086875,-0.0027598623310184367,0.0005,-0.0032598623310184367,0,1
2021-02-10,165.6999969482422,165.8975067138672,162.6999969482422,164.32899475097656,63032000,21.989999771118164,263.579,21082.134,6.2,0.0813665,0.266626320175447,6,165.62449645996094,166.89999389648438,164.89199829101562,165.25,-0.0022611175759950086,0.002723128279831677,44070000.0,65148000.0,-0.3235402468226193,21.6299991607666,263.579,21082.134,6.2,0.1860684,0.1305748574297517,5.0,-0.00827400254988464,165.74142194747927,164.28791250228883,-0.008769741613843696,0.0005,-0.009269741613843696,0,1
2021-02-11,164.60000610351562,164.60000610351562,162.4029998779297,163.10650634765625,46028000,21.25,263.579,21082.134,6.2,0.1914136666666666,0.3144391143955641,6,165.6999969482422,165.8975067138672,162.6999969482422,164.32899475097656,-0.00827400254988464,0.0016491998441892086,63032000.0,44070000.0,0.43027002496029043,21.989999771118164,263.579,21082.134,6.2,0.0813665,0.266626320175447,6.0,-0.009073509723445117,164.64115610504152,163.06572972106935,-0.009568849133730795,0.0005,-0.010068849133730795,0,1
2021-02-12,162.5,164.0124969482422,161.66549682617188,163.885498046875,46706000,19.96999931335449,263.579,21082.134,6.2,-0.0398646,0.2144119294554293,5,164.60000610351562,164.60000610351562,162.4029998779297,163.10650634765625,-0.009073509723445117,-0.003718468142303921,46028000.0,63032000.0,-0.2697677370224648,21.25,263.579,21082.134,6.2,0.1914136666666666,0.3144391143955641,6.0,0.008526141826923128,162.540625,163.8445266723633,0.008022004790268822,0.0005,0.007522004790268821,1,0
2021-02-16,162.70249938964844,165.4149932861328,162.67950439453125,163.44749450683594,51494000,21.459999084472656,263.579,21082.134,6.2,0.0260546666666666,0.2755620890983857,6,162.5,164.0124969482422,161.66549682617188,163.885498046875,0.008526141826923128,-0.007218446240363496,46706000.0,46028000.0,0.014730164247849231,19.96999931335449,263.579,21082.134,6.2,-0.0398646,0.2144119294554293,5.0,0.004578879365604305,162.74317501449588,163.40663263320923,0.004076715466895919,0.0005,0.0035767154668959193,1,0
2021-02-17,163.17999267578125,166.04550170898438,162.97500610351562,165.4320068359375,65950000,21.5,263.579,21082.134,6.2,-0.0022479999999999,0.3923117528560673,3,162.70249938964844,165.4149932861328,162.67950439453125,163.44749450683594,0.004578879365604305,-0.0016366224019634945,51494000.0,46706000.0,0.10251359568363805,21.459999084472656,263.579,21082.134,6.2,0.0260546666666666,0.2755620890983857,6.0,0.01380079826716707,163.2207876739502,165.39064883422853,0.013294024561459894,0.0005,0.012794024561459894,1,0
2021-02-18,164.12100219726562,166.89999389648438,163.69700622558594,166.4114990234375,60548000,22.489999771118164,263.579,21082.134,6.2,0.00047025,0.3167904845368172,8,163.17999267578125,166.04550170898438,162.97500610351562,165.4320068359375,0.01380079826716707,-0.007924733935991135,65950000.0,51494000.0,0.28073173573620225,21.5,263.579,21082.134,6.2,-0.0022479999999999,0.3923117528560673,3.0,0.01395614696173264,164.16203244781497,166.36989614868165,0.01344929560109187,0.0005,0.01294929560109187,1,0
2021-02-19,166.4114990234375,166.6750030517578,162.28750610351562,162.4949951171875,86104000,22.049999237060547,263.579,21082.134,6.2,0.2445553333333333,0.0114811223028645,3,164.12100219726562,166.89999389648438,163.69700622558594,166.4114990234375,0.01395614696173264,0.0,60548000.0,65950000.0,-0.08191053828658079,22.489999771118164,263.579,21082.134,6.2,0.00047025,0.3167904845368172,8.0,-0.023535055745747435,166.45310189819338,162.4543713684082,-0.024023166190263567,0.0005,-0.024523166190263568,0,1
2021-02-22,160.406494140625,161.61599731445312,158.61300659179688,159.03700256347656,70314000,23.450000762939453,263.579,21082.134,6.2,0.13808875,0.3243239704332434,4,166.4114990234375,166.6750030517578,162.28750610351562,162.4949951171875,-0.023535055745747435,-0.012852709556108621,86104000.0,60548000.0,0.4220783510603159,22.049999237060547,263.579,21082.134,6.2,0.2445553333333333,0.0114811223028645,3.0,-0.008537631749172436,160.44659576416018,158.9972433128357,-0.009033239031477347,0.0005,-0.009533239031477347,0,1
2021-02-23,156.35150146484375,160.2364959716797,154.67999267578125,159.72500610351562,93544000,23.11000061035156,263.579,21082.134,6.2,0.0975497999999999,0.1400507521068701,5,160.406494140625,161.61599731445312,158.61300659179688,159.03700256347656,-0.008537631749172436,-0.016886014294446694,70314000.0,86104000.0,-0.18338288581250584,23.450000762939453,263.579,21082.134,6.2,0.13808875,0.3243239704332434,4.0,0.021576413447045972,156.39058934020997,159.68507485198975,0.02106575290545787,0.0005,0.020565752905457868,1,0
2021-02-24,158.33749389648438,158.56149291992188,156.2689971923828,157.97650146484375,60226000,21.34000015258789,263.579,21082.134,6.2,0.2191072499999999,0.0949720902383958,4,156.35150146484375,160.2364959716797,154.67999267578125,159.72500610351562,0.021576413447045972,-0.008686881540214353,93544000.0,70314000.0,0.3303751742185055,23.11000061035156,263.579,21082.134,6.2,0.0975497999999999,0.1400507521068701,5.0,-0.0022798922905564734,158.3770782699585,157.93700733947753,-0.0027786276605688,0.0005,-0.0032786276605688,0,1
2021-02-25,156.83700561523438,158.91299438476562,152.38800048828125,152.85800170898438,90676000,28.88999938964844,263.579,21082.134,6.2,0.1015097142857143,0.1066233894911028,7,158.33749389648438,158.56149291992188,156.2689971923828,157.97650146484375,-0.0022798922905564734,-0.007213071811588145,60226000.0,93544000.0,-0.35617463439664754,21.34000015258789,263.579,21082.134,6.2,0.2191072499999999,0.0949720902383958,4.0,-0.025370312896763836,156.8762148666382,152.81978720855713,-0.02585750594205427,0.0005,-0.02635750594205427,0,1
2021-02-26,154.75999450683594,156.1219940185547,151.8350067138672,154.64649963378906,85518000,27.950000762939453,263.579,21082.134,6.2,0.0,0.0,0,156.83700561523438,158.91299438476562,152.38800048828125,152.85800170898438,-0.025370312896763836,0.012442873625108763,90676000.0,60226000.0,0.5055955899445421,28.88999938964844,263.579,21082.134,6.2,0.1015097142857143,0.1066233894911028,7.0,-0.0007333605393857745,154.79868450546266,154.6078380088806,-0.001232868982005586,0.0005,-0.001732868982005586,0,1
2021-03-01,156.39450073242188,157.47799682617188,154.89950561523438,157.3070068359375,54582000,23.350000381469727,264.961,21082.134,6.1,0.1424413333333333,0.2439120311430605,3,154.75999450683594,156.1219940185547,151.8350067138672,154.64649963378906,-0.0007333605393857745,0.011303205069446598,85518000.0,90676000.0,-0.056883850191892016,27.950000762939453,263.579,21082.134,6.2,0.0,0.0,0.0,0.005834643157158315,156.433599357605,157.26768008422852,0.005331851533485477,0.0005,0.004831851533485476,1,0
2021-03-02,157.17349243164062,158.17599487304688,154.3560028076172,154.72650146484375,51916000,24.100000381469727,264.961,21082.134,6.1,0.1772281999999999,0.3270398251691986,5,156.39450073242188,157.47799682617188,154.89950561523438,157.3070068359375,0.005834643157158315,-0.0008487505228302883,54582000.0,85518000.0,-0.36174840384480456,23.350000381469727,264.961,21082.134,6.1,0.1424413333333333,0.2439120311430605,3.0,-0.015568725546142193,157.21278580474853,154.68781983947756,-0.01606081816021554,0.0005,-0.01656081816021554,0,1
2021-03-03,154.0590057373047,155.38900756835938,149.75,150.25,79774000,26.670000076293945,264.961,21082.134,6.1,0.2574805,0.0640504393466586,2,157.17349243164062,158.17599487304688,154.3560028076172,154.72650146484375,-0.015568725546142193,-0.004314036194314919,51916000.0,54582000.0,-0.048843941226045184,24.100000381469727,264.961,21082.134,6.1,0.1772281999999999,0.3270398251691986,5.0,-0.0247243302595348,154.09752048873904,150.2124375,-0.025211846215416278,0.0005,-0.02571184621541628,0,1
2021-03-04,150.60000610351562,152.906494140625,147.27149963378906,148.8784942626953,109632000,28.56999969482422,264.961,21082.134,6.1,0.149502,0.2235141485997027,9,154.0590057373047,155.38900756835938,149.75,150.25,-0.0247243302595348,0.0023294915375415837,79774000.0,51916000.0,0.5365975807072965,26.670000076293945,264.961,21082.134,6.1,0.2574805,0.0640504393466586,2.0,-0.01143102105611482,150.63765610504151,148.84127463912964,-0.011925182005349533,0.0005,-0.012425182005349533,0,1
2021-03-05,150.25,150.4499969482422,144.0500030517578,150.0229949951172,107772000,24.65999984741211,264.961,21082.134,6.1,0.228729,0.1500248219878964,5,150.60000610351562,152.906494140625,147.27149963378906,148.8784942626953,-0.01143102105611482,0.00921224884827665,109632000.0,79774000.0,0.3742823476320605,28.56999969482422,264.961,21082.134,6.1,0.149502,0.2235141485997027,9.0,-0.0015108486181883984,150.2875625,149.98548924636842,-0.0020099684139304186,0.0005,-0.0025099684139304186,0,1
2021-03-08,150.75,153.22950744628906,147.5655059814453,147.59750366210938,83700000,25.46999931335449,264.961,21082.134,6.1,0.1168131999999999,0.2228396482639478,10,150.25,150.4499969482422,144.0500030517578,150.0229949951172,-0.0015108486181883984,0.004845957147479041,107772000.0,109632000.0,-0.016965849387040266,24.65999984741211,264.961,21082.134,6.1,0.228729,0.1500248219878964,5.0,-0.02091208184338722,150.7876875,147.56060428619386,-0.021401503447064485,0.0005,-0.021901503447064485,0,1
2021-03-09,150.89950561523438,154.54800415039062,150.25750732421875,153.1425018310547,80600000,24.030000686645508,264.961,21082.134,6.1,0.1731974,0.1100417912445085,5,150.75,153.22950744628906,147.5655059814453,147.59750366210938,-0.02091208184338722,0.02237166531409751,83700000.0,107772000.0,-0.22336042756931296,25.46999931335449,264.961,21082.134,6.1,0.1168131999999999,0.2228396482639478,10.0,0.014864172063886905,150.9372304916382,153.10421620559694,0.014356866804170032,0.0005,0.013856866804170032,1,0
2021-03-10,154.92250061035156,155.822998046875,151.50250244140625,152.8820037841797,60250000,22.559999465942383,264.961,21082.134,6.1,0.1235,0.0,1,150.89950561523438,154.54800415039062,150.25750732421875,153.1425018310547,0.014864172063886905,0.011623153324610946,80600000.0,83700000.0,-0.03703703703703709,24.030000686645508,264.961,21082.134,6.1,0.1731974,0.1100417912445085,5.0,-0.013171081141428065,154.96123123550416,152.84378328323365,-0.013664372278073156,0.0005,-0.014164372278073156,0,1
2021-03-11,155.20050048828125,156.58900451660156,154.14649963378906,155.67950439453125,55528000,21.90999984741211,264.961,21082.134,6.1,0.1560454545454545,0.1374490348066247,11,154.92250061035156,155.822998046875,151.50250244140625,152.8820037841797,-0.013171081141428065,0.015165268944110188,60250000.0,80600000.0,-0.2524813895781638,22.559999465942383,264.961,21082.134,6.1,0.1235,0.0,1.0,0.0030863554224567213,155.23930061340334,155.64058451843263,0.002584937599201309,0.0005,0.002084937599201309,1,0
2021-03-12,153.75,154.94900512695312,152.27499389648438,154.47450256347656,48438000,20.690000534057617,264.961,21082.134,6.1,0.25328125,0.1092610096462441,4,155.20050048828125,156.58900451660156,154.14649963378906,155.67950439453125,0.0030863554224567213,-0.012394081045128402,55528000.0,60250000.0,-0.07837344398340251,21.90999984741211,264.961,21082.134,6.1,0.1560454545454545,0.1374490348066247,11.0,0.004712211794969612,153.78843750000001,154.4358839378357,0.004209981246709127,0.0005,0.003709981246709127,1,0
2021-03-15,153.72850036621094,154.11199951171875,151.60450744628906,154.08399963378906,58272000,20.030000686645508,264.961,21082.134,6.1,0.2643793333333333,0.075104772039243,6,153.75,154.94900512695312,152.27499389648438,154.47450256347656,0.004712211794969612,-0.004829290173367418,48438000.0,55528000.0,-0.12768333093214235,20.690000534057617,264.961,21082.134,6.1,0.25328125,0.1092610096462441,4.0,0.0023125137286270636,153.7669324913025,154.0454786338806,0.0018114827295125924,0.0005,0.0013114827295125924,1,0
2021-03-16,155.24850463867188,156.44549560546875,153.79299926757812,154.59300231933594,50776000,19.790000915527344,264.961,21082.134,6.1,0.13551,0.0,1,153.72850036621094,154.11199951171875,151.60450744628906,154.08399963378906,0.0023125137286270636,0.007557598502443419,58272000.0,48438000.0,0.20302242041372476,20.030000686645508,264.961,21082.134,6.1,0.2643793333333333,0.075104772039243,6.0,-0.004222277830382759,155.28731676483156,154.5543540687561,-0.004720042250362599,0.0005,-0.0052200422503626,0,1
2021-03-17,153.66099548339844,158.65249633789062,153.51100158691406,156.7864990234375,62372000,19.229999542236328,264.961,21082.134,6.1,0.2027012222222222,0.1527294436829207,9,155.24850463867188,156.44549560546875,153.79299926757812,154.59300231933594,-0.004222277830382759,-0.006028777641644445,50776000.0,58272000.0,-0.12863811092806154,19.790000915527344,264.961,21082.134,6.1,0.13551,0.0,1.0,0.020340253102009598,153.6994107322693,156.74730239868165,0.019830210486112332,0.0005,0.01933021048611233,1,0
2021-03-18,155.0500030517578,155.8314971923828,151.25,151.39950561523438,72992000,21.57999992370605,264.961,21082.134,6.1,0.1475955714285714,0.144184799606682,7,153.66099548339844,158.65249633789062,153.51100158691406,156.7864990234375,0.020340253102009598,-0.011075545295645028,62372000.0,50776000.0,0.22837561052465727,19.229999542236328,264.961,21082.134,6.1,0.2027012222222222,0.1527294436829207,9.0,-0.02354400106206289,155.08876555252075,151.36165573883056,-0.024032107035038663,0.0005,-0.024532107035038664,0,1
2021-03-19,151.4615020751953,153.864501953125,150.8314971923828,153.7480010986328,92508000,20.950000762939453,264.961,21082.134,6.1,-0.003255,0.1872970299871303,2,155.0500030517578,155.8314971923828,151.25,151.39950561523438,-0.02354400106206289,0.00040948918366012776,72992000.0,62372000.0,0.1702687103187328,21.57999992370605,264.961,21082.134,6.1,0.1475955714285714,0.144184799606682,7.0,0.01509623892612888,151.49936745071412,153.70956409835816,0.014588817661981723,0.0005,0.014088817661981723,1,0
2021-03-22,153.3925018310547,156.32899475097656,153.00250244140625,155.5435028076172,58044000,18.8799991607666,264.961,21082.134,6.1,0.1461276666666666,0.0177879351340545,3,151.4615020751953,153.864501953125,150.8314971923828,153.7480010986328,0.01509623892612888,-0.002312220419373512,92508000.0,72992000.0,0.267371766768961,20.950000762939453,264.961,21082.134,6.1,-0.003255,0.1872970299871303,2.0,0.014022856077617218,153.43084995651247,155.50461693191528,0.013515971370754887,0.0005,0.013015971370754886,1,0
2021-03-23,156.35000610351562,159.10000610351562,156.04249572753906,156.875,76346000,20.299999237060547,264.961,21082.134,6.1,0.043784,0.2622743904234647,2,153.3925018310547,156.32899475097656,153.00250244140625,155.5435028076172,0.014022856077617218,0.005185065794075294,58044000.0,92508000.0,-0.3725515631080555,18.8799991607666,264.961,21082.134,6.1,0.1461276666666666,0.0177879351340545,3.0,0.0033578118067791873,156.38909360504152,156.83578125,0.0028562582892550648,0.0005,0.0023562582892550647,1,0
2021-03-24,157.552001953125,158.0155029296875,154.25750732421875,154.35350036621094,59180000,21.200000762939453,264.961,21082.134,6.1,0.1458122222222222,0.172535842634058,9,156.35000610351562,159.10000610351562,156.04249572753906,156.875,0.0033578118067791873,0.0043155502988048156,76346000.0,58044000.0,0.3153125215353869,20.299999237060547,264.961,21082.134,6.1,0.043784,0.2622743904234647,2.0,-0.020301243698989557,157.5913899536133,154.3149119911194,-0.02079097064540336,0.0005,-0.021290970645403362,0,1
2021-03-25,153.64950561523438,155.48899841308594,151.85699462890625,152.31300354003906,71270000,19.809999465942383,264.961,21082.134,6.1,0.2388205,0.1354441826159396,2,157.552001953125,158.0155029296875,154.25750732421875,154.35350036621094,-0.020301243698989557,-0.004560925079808986,59180000.0,76346000.0,-0.22484478558143195,21.200000762939453,264.961,21082.134,6.1,0.1458122222222222,0.172535842634058,9.0,-0.00869838187792249,153.6879179916382,152.27492528915406,-0.009193908805251727,0.0005,-0.009693908805251727,0,1
2021-03-26,152.2030029296875,152.83299255371094,149.8000030517578,152.60150146484375,66258000,18.86000061035156,264.961,21082.134,6.1,0.15853875,0.3181702110520667,4,153.64950561523438,155.48899841308594,151.85699462890625,152.31300354003906,-0.00869838187792249,-0.0007222010451829464,71270000.0,59180000.0,0.2042919905373437,19.809999465942383,264.961,21082.134,6.1,0.2388205,0.1354441826159396,2.0,0.002618204158168602,152.24105368041992,152.56335108947755,0.002117020352041088,0.0005,0.001617020352041088,1,0
2021-03-29,152.77200317382812,154.5625,151.42250061035156,153.7864990234375,54920000,20.739999771118164,264.961,21082.134,6.1,0.2272165,0.0865941327977825,4,152.2030029296875,152.83299255371094,149.8000030517578,152.60150146484375,0.002618204158168602,0.001117300336809901,66258000.0,71270000.0,-0.07032411954539075,18.86000061035156,264.961,21082.134,6.1,0.15853875,0.3181702110520667,4.0,0.006640587467162229,152.81019617462158,153.74805239868164,0.006137392972052291,0.0005,0.005637392972052291,1,0
2021-03-30,153.50050354003906,153.64999389648438,151.6999969482422,152.76449584960938,46752000,19.61000061035156,264.961,21082.134,6.1,0.309161,0.0,1,152.77200317382812,154.5625,151.42250061035156,153.7864990234375,0.006640587467162229,-0.0018596917493703957,54920000.0,66258000.0,-0.17111895922001874,20.739999771118164,264.961,21082.134,6.1,0.2272165,0.0865941327977825,4.0,-0.004794822645241115,153.53887866592407,152.72630472564697,-0.005292300864363719,0.0005,-0.00579230086436372,0,1
2021-03-31,153.2030029296875,155.9665069580078,153.125,154.70399475097656,61878000,19.39999961853028,264.961,21082.134,6.1,0.1771555,0.0829553372526445,6,153.50050354003906,153.64999389648438,151.6999969482422,152.76449584960938,-0.004794822645241115,0.0028704777090995393,46752000.0,54920000.0,-0.14872541879096868,19.61000061035156,264.961,21082.134,6.1,0.309161,0.0,1.0,0.009797404702164725,153.24130368041995,154.6653187522888,0.009292632192940742,0.0005,0.008792632192940741,1,0
2021-04-01,155.89700317382812,158.1219940185547,155.77749633789062,158.0500030517578,58806000,17.329999923706055,266.614,21440.929,6.1,0.1891605999999999,0.0818787972817138,5,153.2030029296875,155.9665069580078,153.125,154.70399475097656,0.009797404702164725,0.007711555378850488,61878000.0,46752000.0,0.32353696098562623,19.39999961853028,264.961,21082.134,6.1,0.1771555,0.0829553372526445,6.0,0.013810399392533812,155.9359774246216,158.0104905509949,0.013303620887463952,0.0005,0.012803620887463951,1,0
2021-04-05,158.64999389648438,161.79800415039062,158.06199645996094,161.3365020751953,66698000,17.90999984741211,266.614,21440.929,6.1,-0.0574445,0.4305523693170205,2,155.89700317382812,158.1219940185547,155.77749633789062,158.0500030517578,0.013810399392533812,0.0037962090043748287,58806000.0,61878000.0,-0.049646077765926555,17.329999923706055,266.614,21440.929,6.1,0.1891605999999999,0.0818787972817138,5.0,0.016933553621589326,158.68965639495852,161.29616794967652,0.01642521392970142,0.0005,0.01592521392970142,1,0
2021-04-06,161.1875,162.36549377441406,160.8520050048828,161.1909942626953,50756000,18.1200008392334,266.614,21440.929,6.1,0.148855,0.0315188817615726,5,158.64999389648438,161.79800415039062,158.06199645996094,161.3365020751953,0.016933553621589326,-0.0009235484424092721,66698000.0,58806000.0,0.1342039927898513,17.90999984741211,266.614,21440.929,6.1,-0.0574445,0.4305523693170205,2.0,2.167824859444778e-05,161.22779687500002,161.15069651412963,-0.00047820761906314235,0.0005,-0.0009782076190631424,0,1
2021-04-07,161.69000244140625,165.1804962158203,161.1824951171875,163.96949768066406,66924000,17.15999984741211,266.614,21440.929,6.1,0.1696857777777777,0.1746628977056788,9,161.1875,162.36549377441406,160.8520050048828,161.1909942626953,2.167824859444778e-05,0.00309575718540267,50756000.0,66698000.0,-0.23901766169900152,18.1200008392334,266.614,21440.929,6.1,0.148855,0.0315188817615726,5.0,0.01409793558562078,161.7304249420166,163.9285053062439,0.013591013348387193,0.0005,0.013091013348387193,1,0
2021-04-08,165.5449981689453,166.22500610351562,164.60000610351562,164.96499633789062,56242000,16.950000762939453,266.614,21440.929,6.1,0.1123054,0.1541305593090913,10,161.69000244140625,165.1804962158203,161.1824951171875,163.96949768066406,0.01409793558562078,0.009608497376442537,66924000.0,50756000.0,0.3185436204586649,17.15999984741211,266.614,21440.929,6.1,0.1696857777777777,0.1746628977056788,9.0,-0.003503590186776706,165.58638441848757,164.92375508880616,-0.004001713860764866,0.0005,-0.004501713860764867,0,1
2021-04-09,165.23500061035156,168.61000061035156,164.44500732421875,168.61000061035156,86830000,16.690000534057617,266.614,21440.929,6.1,0.414892,0.0929562574547835,2,165.5449981689453,166.22500610351562,164.60000610351562,164.96499633789062,-0.003503590186776706,0.0016367367529770416,56242000.0,66924000.0,-0.15961389038312113,16.950000762939453,266.614,21440.929,6.1,0.1123054,0.1541305593090913,10.0,0.020425454580042413,165.27630936050417,168.56784811019898,0.019915369374053693,0.0005,0.019415369374053693,1,0
2021-04-12,167.760498046875,169.7519989013672,167.5574951171875,168.96949768066406,65636000,16.90999984741211,266.614,21440.929,6.1,0.1938585833333333,0.1079711600402948,12,165.23500061035156,168.61000061035156,164.44500732421875,168.61000061035156,0.020425454580042413,-0.005038269144187479,86830000.0,56242000.0,0.5438640162156396,16.690000534057617,266.614,21440.929,6.1,0.414892,0.0929562574547835,2.0,0.007206700313033387,167.80243817138674,168.9272553062439,0.006703222832247002,0.0005,0.006203222832247002,1,0
2021-04-13,170.04249572753906,171.60000610351562,169.781494140625,170.0,66316000,16.649999618530273,266.614,21440.929,6.1,0.1880229,0.1084428056478006,10,167.760498046875,169.7519989013672,167.5574951171875,168.96949768066406,0.007206700313033387,0.00635024700672826,65636000.0,86830000.0,-0.24408614534147188,16.90999984741211,266.614,21440.929,6.1,0.1938585833333333,0.1079711600402948,12.0,-0.0002499123960586491,170.08500635147095,169.9575,-0.000749662502333992,0.0005,-0.001249662502333992,0,1
2021-04-14,170.20199584960938,170.2064971923828,166.3000030517578,166.64999389648438,62904000,16.989999771118164,266.614,21440.929,6.1,0.1529274,0.0845969751486422,5,170.04249572753906,171.60000610351562,169.781494140625,170.0,-0.0002499123960586491,0.0011882108800551627,66316000.0,65636000.0,0.010360168200377773,16.649999618530273,266.614,21440.929,6.1,0.1880229,0.1084428056478006,10.0,-0.020869331968724647,170.2445463485718,166.60833139801025,-0.021358774941997116,0.0005,-0.021858774941997117,0,1
2021-04-15,168.5500030517578,169.85000610351562,167.60000610351562,168.95449829101562,64672000,16.56999969482422,266.614,21440.929,6.1,0.294730375,0.256089145711264,8,170.20199584960938,170.2064971923828,166.3000030517578,166.64999389648438,-0.020869331968724647,0.011401195468711656,62904000.0,66316000.0,-0.05145063031545927,16.989999771118164,266.614,21440.929,6.1,0.1529274,0.0845969751486422,5.0,0.0023998530521154304,168.59214055252076,168.91225966644288,0.0018987783942536751,0.0005,0.001398778394253675,1,0
2021-04-16,169.0,170.33999633789062,167.7794952392578,169.9720001220703,63720000,16.25,266.614,21440.929,6.1,0.0617741428571428,0.2011096737814374,7,168.5500030517578,169.85000610351562,167.60000610351562,168.95449829101562,0.0023998530521154304,0.0002693133917393009,64672000.0,62904000.0,0.028106320742719015,16.56999969482422,266.614,21440.929,6.1,0.294730375,0.256089145711264,8.0,0.005751480012250454,169.04225000000002,169.9295071220398,0.005248729959757226,0.0005,0.004748729959757225,1,0
2021-04-19,169.51649475097656,171.79649353027344,168.00799560546875,168.60049438476562,54508000,17.290000915527344,266.614,21440.929,6.1,0.302618,0.0227291028566168,4,169.0,170.33999633789062,167.7794952392578,169.9720001220703,0.005751480012250454,-0.0026798847502330636,63720000.0,64672000.0,-0.01472043542800594,16.25,266.614,21440.929,6.1,0.0617741428571428,0.2011096737814374,7.0,-0.005403606106630265,169.55887387466433,168.55834426116945,-0.005900780010101081,0.0005,-0.0064007800101010814,0,1
2021-04-20,168.67999267578125,169.14950561523438,165.8000030517578,166.7344970703125,52460000,18.68000030517578,266.614,21440.929,6.1,-0.0736441666666666,0.1885776350678061,6,169.51649475097656,171.79649353027344,168.00799560546875,168.60049438476562,-0.005403606106630265,0.0004715187301538304,54508000.0,63720000.0,-0.1445699937225361,17.290000915527344,266.614,21440.929,6.1,0.302618,0.0227291028566168,4.0,-0.011533647675739278,168.7221626739502,166.69281344604494,-0.012027757324489241,0.0005,-0.012527757324489242,0,1
2021-04-21,165.8000030517578,168.14300537109375,165.1905059814453,168.1009979248047,44224000,17.5,266.614,21440.929,6.1,0.1667178333333333,0.051002167924184,6,168.67999267578125,169.14950561523438,165.8000030517578,166.7344970703125,-0.011533647675739278,-0.00560468310382467,52460000.0,54508000.0,-0.03757246642694645,18.68000030517578,266.614,21440.929,6.1,-0.0736441666666666,0.1885776350678061,6.0,0.013878135287660909,165.84145305252076,168.0589726753235,0.013371322923108275,0.0005,0.012871322923108275,1,0
2021-04-22,168.58399963378906,168.64349365234375,165.07249450683594,165.45199584960938,51612000,18.709999084472656,266.614,21440.929,6.1,0.2244285,0.116592878686193,4,165.8000030517578,168.14300537109375,165.1905059814453,168.1009979248047,0.013878135287660909,0.002873282817752454,44224000.0,52460000.0,-0.1569958063286313,17.5,266.614,21440.929,6.1,0.1667178333333333,0.051002167924184,6.0,-0.0185782980056427,168.62614563369752,165.41063285064698,-0.01906888620958891,0.0005,-0.01956888620958891,0,1
2021-04-23,165.9550018310547,168.75,165.4250030517578,167.04400634765625,63856000,17.329999923706055,266.614,21440.929,6.1,0.221081,0.0,1,168.58399963378906,168.64349365234375,165.07249450683594,165.45199584960938,-0.0185782980056427,0.003040192890163329,51612000.0,44224000.0,0.1670586107091172,18.709999084472656,266.614,21440.929,6.1,0.2244285,0.116592878686193,4.0,0.006562046968070279,165.99649058151246,167.00224534606934,0.0060588917333948,0.0005,0.0055588917333948,1,0
2021-04-26,167.39999389648438,171.42250061035156,166.5469970703125,170.4499969482422,97614000,17.639999389648438,266.614,21440.929,6.1,0.09823,0.0864415371527677,7,165.9550018310547,168.75,165.4250030517578,167.04400634765625,0.006562046968070279,0.0021311004004971323,63856000.0,51612000.0,0.23723165155390213,17.329999923706055,266.614,21440.929,6.1,0.221081,0.0,1.0,0.018219851630603134,167.4418438949585,170.40738444900512,0.017710868950457703,0.0005,0.017210868950457703,1,0
2021-04-27,172.17349243164062,173.0,169.90049743652344,170.8715057373047,76542000,17.559999465942383,266.614,21440.929,6.1,0.4263166666666667,0.2668069217736551,3,167.39999389648438,171.42250061035156,166.5469970703125,170.4499969482422,0.018219851630603134,0.010111443322124547,97614000.0,63856000.0,0.5286582310197945,17.639999389648438,266.614,21440.929,6.1,0.09823,0.0864415371527677,7.0,-0.00756206240547086,172.21653580474856,170.82878786087036,-0.008058157350532058,0.0005,-0.008558157350532059,0,1
2021-04-28,171.74000549316406,174.49400329589844,171.25,172.9250030517578,92638000,17.280000686645508,266.614,21440.929,6.1,0.1249152222222222,0.2065910720195682,9,172.17349243164062,173.0,169.90049743652344,170.8715057373047,-0.00756206240547086,0.00508276527506335,76542000.0,97614000.0,-0.21587067428852413,17.559999465942383,266.614,21440.929,6.1,0.4263166666666667,0.2668069217736551,3.0,0.0068999506270595035,171.78294049453737,172.88177180099487,0.006396626482781942,0.0005,0.0058966264827819415,1,0
2021-04-29,175.2550048828125,175.72250366210938,171.75,173.5655059814453,153648000,17.610000610351562,266.614,21440.929,6.1,0.393528,0.0663267870823445,4,171.74000549316406,174.49400329589844,171.25,172.9250030517578,0.0068999506270595035,0.01347405979433347,92638000.0,76542000.0,0.21028977554806505,17.280000686645508,266.614,21440.929,6.1,0.1249152222222222,0.2065910720195682,9.0,-0.009640231972244728,175.2988186340332,173.52211460494996,-0.010135288092228523,0.0005,-0.010635288092228523,0,1
2021-04-30,176.25599670410156,177.6999969482422,173.125,173.37100219726562,140186000,18.61000061035156,266.614,21440.929,6.1,0.0993343333333333,0.0642457003801292,3,175.2550048828125,175.72250366210938,171.75,173.5655059814453,-0.009640231972244728,0.015501298529581486,153648000.0,92638000.0,0.6585850299013365,17.610000610351562,266.614,21440.929,6.1,0.393528,0.0663267870823445,4.0,-0.016368206249908535,176.3000607032776,173.32765944671632,-0.016859899223540253,0.0005,-0.017359899223540254,0,1
2021-05-03,174.2364959716797,174.33250427246094,168.63499450683594,169.32449340820312,117510000,18.309999465942383,268.383,21440.929,5.8,0.2617026666666666,0.0655186189745581,3,176.25599670410156,177.6999969482422,173.125,173.37100219726562,-0.016368206249908535,0.004992148418391684,140186000.0,153648000.0,-0.0876158492137874,18.61000061035156,266.614,21440.929,6.1,0.0993343333333333,0.0642457003801292,3.0,-0.02819158257334875,174.28005509567262,169.28216228485107,-0.02867736533637144,0.0005,-0.02917736533637144,0,1
2021-05-04,167.8094940185547,168.3990020751953,163.60650634765625,165.593505859375,108788000,19.479999542236328,268.383,21440.929,5.8,0.0967352,0.1370092857553823,5,174.2364959716797,174.33250427246094,168.63499450683594,169.32449340820312,-0.02819158257334875,-0.008947313877361585,117510000.0,140186000.0,-0.16175652347595337,18.309999465942383,268.383,21440.929,5.8,0.2617026666666666,0.0655186189745581,3.0,-0.01320538013739958,167.85144639205933,165.55210748291017,-0.013698654128832866,0.0005,-0.014198654128832866,0,1
2021-05-05,166.9429931640625,167.73500061035156,163.21800231933594,163.52699279785156,74226000,19.14999961853028,268.383,21440.929,5.8,0.0116444,0.3088861242404715,5,167.8094940185547,168.3990020751953,163.60650634765625,165.593505859375,-0.01320538013739958,0.008149397512203782,108788000.0,117510000.0,-0.07422347034294952,19.479999542236328,268.383,21440.929,5.8,0.0967352,0.1370092857553823,5.0,-0.02046207691300872,166.98472891235352,163.4861110496521,-0.02095172346291474,0.0005,-0.02145172346291474,0,1
2021-05-06,163.5,165.72000122070312,162.36000061035156,165.31849670410156,88954000,18.38999938964844,268.383,21440.929,5.8,0.22694725,0.1173394946235068,8,166.9429931640625,167.73500061035156,163.21800231933594,163.52699279785156,-0.02046207691300872,-0.00016506631345525324,74226000.0,108788000.0,-0.31770048167077247,19.14999961853028,268.383,21440.929,5.8,0.0116444,0.3088861242404715,5.0,0.011122304000621197,163.540875,165.27716707992553,0.01061686920731919,0.0005,0.01011686920731919,1,0
2021-05-07,165.95449829101562,166.54449462890625,164.45350646972656,164.58050537109375,94206000,16.690000534057617,268.383,21440.929,5.8,0.0807556666666666,0.1697243521753237,3,163.5,165.72000122070312,162.36000061035156,165.31849670410156,0.011122304000621197,0.0038471290242398926,88954000.0,74226000.0,0.1984210384501388,18.38999938964844,268.383,21440.929,5.8,0.22694725,0.1173394946235068,8.0,-0.008279335203752458,165.9959869155884,164.53936024475098,-0.008775071602051043,0.0005,-0.009275071602051044,0,1
2021-05-10,164.11599731445312,164.14999389648438,159.5,159.52450561523438,116772000,19.65999984741211,268.383,21440.929,5.8,0.2280824,0.093248030600115,5,165.95449829101562,166.54449462890625,164.45350646972656,164.58050537109375,-0.008279335203752458,-0.002822375928383858,94206000.0,88954000.0,0.05904175191672101,16.690000534057617,268.383,21440.929,5.8,0.0807556666666666,0.1697243521753237,3.0,-0.02797711237388556,164.15702631378176,159.48462448883058,-0.028463002345205823,0.0005,-0.028963002345205824,0,1
2021-05-11,156.81399536132812,161.89999389648438,156.36849975585938,161.19549560546875,92396000,21.84000015258789,268.383,21440.929,5.8,0.2344014999999999,0.1408747626954523,2,164.11599731445312,164.14999389648438,159.5,159.52450561523438,-0.02797711237388556,-0.01699118416604828,116772000.0,94206000.0,0.2395388828737024,19.65999984741211,268.383,21440.929,5.8,0.2280824,0.093248030600115,5.0,0.027940747469923588,156.85319886016848,161.1551967315674,0.027426905556666936,0.0005,0.026926905556666936,1,0
2021-05-12,159.25,160.39700317382812,156.65499877929688,157.5970001220703,98728000,27.59000015258789,268.383,21440.929,5.8,0.2288772499999999,0.1410989079555543,4,156.81399536132812,161.89999389648438,156.36849975585938,161.19549560546875,0.027940747469923588,-0.01206916854693274,92396000.0,116772000.0,-0.2087486726269996,21.84000015258789,268.383,21440.929,5.8,0.2344014999999999,0.1408747626954523,2.0,-0.010379905041944637,159.2898125,157.55760087203979,-0.01087459141782987,0.0005,-0.011374591417829871,0,1
2021-05-13,159.27349853515625,160.19200134277344,156.64999389648438,158.07350158691406,67018000,23.1299991607666,268.383,21440.929,5.8,0.2734856,0.1427425185766315,10,159.25,160.39700317382812,156.65499877929688,157.5970001220703,-0.010379905041944637,0.010637882775607288,98728000.0,92396000.0,0.06853110524265116,27.59000015258789,268.383,21440.929,5.8,0.2288772499999999,0.1410989079555543,4.0,-0.007534190931188123,159.31331690979005,158.03398321151735,-0.008030299808503227,0.0005,-0.008530299808503228,0,1
2021-05-14,159.2779998779297,161.4429931640625,159.14999389648438,161.14500427246094,66500000,18.809999465942383,268.383,21440.929,5.8,0.3944109999999999,0.0831812133116607,2,159.27349853515625,160.19200134277344,156.64999389648438,158.07350158691406,-0.007534190931188123,0.007619862145922918,67018000.0,98728000.0,-0.3211854792966534,23.1299991607666,268.383,21440.929,5.8,0.2734856,0.1427425185766315,10.0,0.011721671517485932,159.31781937789918,161.1047180213928,0.011215937115327534,0.0005,0.010715937115327534,1,0
2021-05-17,162.29649353027344,164.6374969482422,161.72950744628906,163.51950073242188,74478000,19.71999931335449,268.383,21440.929,5.8,0.237598,0.1063235864001962,3,159.2779998779297,161.4429931640625,159.14999389648438,161.14500427246094,0.011721671517485932,0.007145671459138692,66500000.0,67018000.0,-0.0077292667641528645,18.809999465942383,268.383,21440.929,5.8,0.3944109999999999,0.0831812133116607,2.0,0.007535635401268337,162.33706765365602,163.47862085723878,0.007031993494044375,0.0005,0.006531993494044375,1,0
2021-05-18,164.62899780273438,165.60000610351562,161.51849365234375,161.61399841308594,56568000,21.34000015258789,268.383,21440.929,5.8,0.1546126666666666,0.0591292260758868,3,162.29649353027344,164.6374969482422,161.72950744628906,163.51950073242188,0.007535635401268337,0.006785105539968805,74478000.0,66500000.0,0.11996992481203006,19.71999931335449,268.383,21440.929,5.8,0.237598,0.1063235864001962,3.0,-0.018313902349458178,164.67015505218507,161.57359491348268,-0.018804622718191166,0.0005,-0.019304622718191167,0,1
2021-05-19,159.75,161.7375030517578,159.1999969482422,161.58999633789062,53594000,22.18000030517578,268.383,21440.929,5.8,0.0938646666666666,0.3619027879774715,6,164.62899780273438,165.60000610351562,161.51849365234375,161.61399841308594,-0.018313902349458178,-0.01153364455671435,56568000.0,74478000.0,-0.24047369693063725,21.34000015258789,268.383,21440.929,5.8,0.1546126666666666,0.0591292260758868,3.0,0.011517973946107096,159.7899375,161.54959883880616,0.01101234136727891,0.0005,0.01051234136727891,1,0
2021-05-20,162.22000122070312,162.98399353027344,161.8090057373047,162.38400268554688,52664000,20.670000076293945,268.383,21440.929,5.8,0.0562388333333333,0.2059359019330205,6,159.75,161.7375030517578,159.1999969482422,161.58999633789062,0.011517973946107096,0.0038987864167974173,53594000.0,56568000.0,-0.052573893367274804,22.18000030517578,268.383,21440.929,5.8,0.0938646666666666,0.3619027879774715,6.0,0.0010109817754262451,162.2605562210083,162.3434066848755,0.0005106013796376541,0.0005,1.0601379637654052e-05,1,0
2021-05-21,162.5,162.83450317382812,159.85049438476562,160.1540069580078,82098000,20.14999961853028,268.383,21440.929,5.8,0.0404393333333333,0.1047319224989846,3,162.22000122070312,162.98399353027344,161.8090057373047,162.38400268554688,0.0010109817754262451,0.000714339544134468,52664000.0,53594000.0,-0.01735268873381346,20.670000076293945,268.383,21440.929,5.8,0.0562388333333333,0.2059359019330205,6.0,-0.014436880258413498,162.540625,160.1139684562683,-0.014929538653685515,0.0005,-0.015429538653685515,0,1
2021-05-24,160.77499389648438,162.8975067138672,160.52499389648438,162.24949645996094,48456000,18.39999961853028,268.383,21440.929,5.8,0.30764425,0.1149603479447732,4,162.5,162.83450317382812,159.85049438476562,160.1540069580078,-0.014436880258413498,0.003877436164549941,82098000.0,52664000.0,0.5589017165426098,20.14999961853028,268.383,21440.929,5.8,0.0404393333333333,0.1047319224989846,3.0,0.009171218283024363,160.8151876449585,162.20893408584595,0.008666758788756335,0.0005,0.008166758788756334,1,0
2021-05-25,163.33349609375,163.99099731445312,160.68800354003906,162.95249938964844,65222000,18.84000015258789,268.383,21440.929,5.8,0.1538271666666666,0.0538524140718563,6,160.77499389648438,162.8975067138672,160.52499389648438,162.24949645996094,0.009171218283024363,0.006681066243287681,48456000.0,82098000.0,-0.409778557333918,18.39999961853028,268.383,21440.929,5.8,0.30764425,0.1149603479447732,4.0,-0.0023326305578059703,163.37432946777346,162.91176126480104,-0.0028313395652752593,0.0005,-0.0033313395652752593,0,1
2021-05-26,163.72950744628906,164.7864990234375,162.92550659179688,163.25799560546875,47680000,17.360000610351562,268.383,21440.929,5.8,0.27600375,0.1637257338145523,12,163.33349609375,163.99099731445312,160.68800354003906,162.95249938964844,-0.0023326305578059703,0.0047683101489757185,65222000.0,48456000.0,0.3460046227505367,18.84000015258789,268.383,21440.929,5.8,0.1538271666666666,0.0538524140718563,6.0,-0.0028798220197113755,163.77043982315064,163.21718110656738,-0.0033782574998314496,0.0005,-0.0038782574998314496,0,1
2021-05-27,162.8000030517578,163.01800537109375,161.5019989013672,161.5054931640625,51224000,16.739999771118164,268.383,21440.929,5.8,0.1779315555555555,0.2440708461841106,9,163.72950744628906,164.7864990234375,162.92550659179688,163.25799560546875,-0.0028798220197113755,-0.0028053300055068675,47680000.0,65222000.0,-0.26895832694489585,17.360000610351562,268.383,21440.929,5.8,0.27600375,0.1637257338145523,12.0,-0.007951534787648318,162.84070305252075,161.46511679077148,-0.008447435045190188,0.0005,-0.008947435045190189,0,1
2021-05-28,162.10000610351562,162.39950561523438,160.98500061035156,161.15350341796875,46596000,16.760000228881836,268.383,21440.929,5.8,0.2765895,0.0607977481532005,2,162.8000030517578,163.01800537109375,161.5019989013672,161.5054931640625,-0.007951534787648318,0.0036810694658491183,51224000.0,47680000.0,0.07432885906040276,16.739999771118164,268.383,21440.929,5.8,0.1779315555555555,0.2440708461841106,9.0,-0.005839004626208677,162.1405311050415,161.11321504211426,-0.0063359608848307936,0.0005,-0.006835960884830794,0,1
2021-06-01,162.1750030517578,162.5489959716797,160.4530029296875,160.9324951171875,48600000,17.899999618530273,270.654,21440.929,5.9,0.1253445,0.0178865511954279,4,162.10000610351562,162.39950561523438,160.98500061035156,161.15350341796875,-0.005839004626208677,0.00633867469290883,46596000.0,51224000.0,-0.09034827424644698,16.760000228881836,268.383,21440.929,5.8,0.2765895,0.0607977481532005,2.0,-0.007661525581558193,162.21554680252078,160.8922619934082,-0.008157570807461045,0.0005,-0.008657570807461046,0,1
2021-06-02,161.15499877929688,161.75,160.39999389648438,161.69949340820312,40290000,17.479999542236328,270.654,21440.929,5.9,-0.0058736666666666,0.2996783111062038,6,162.1750030517578,162.5489959716797,160.4530029296875,160.9324951171875,-0.007661525581558193,0.0013825900228996435,48600000.0,46596000.0,0.043007983517898474,17.899999618530273,270.654,21440.929,5.9,0.1253445,0.0178865511954279,4.0,0.0033787014553110506,161.1952875289917,161.6590685348511,0.0028771374955731677,0.0005,0.0023771374955731677,1,0
2021-06-03,160.2115020751953,160.7220001220703,159.20150756835938,159.35049438476562,47966000,18.040000915527344,270.654,21440.929,5.9,-0.003937,0.2215781706305926,5,161.15499877929688,161.75,160.39999389648438,161.69949340820312,0.0033787014553110506,-0.009202201575557512,40290000.0,48600000.0,-0.17098765432098761,17.479999542236328,270.654,21440.929,5.9,-0.0058736666666666,0.2996783111062038,6.0,-0.005374193982811359,160.25155495071414,159.31065676116944,-0.005871382588668594,0.0005,-0.006371382588668595,0,1
2021-06-04,160.60000610351562,161.0500030517578,159.9405059814453,160.31100463867188,44994000,16.420000076293945,270.654,21440.929,5.9,0.02290975,0.3617342392672416,4,160.2115020751953,160.7220001220703,159.20150756835938,159.35049438476562,-0.005374193982811359,0.007841279210172747,47966000.0,40290000.0,0.1905187391412262,18.040000915527344,270.654,21440.929,5.9,-0.003937,0.2215781706305926,5.0,-0.0017995109206749849,160.6401561050415,160.27092688751222,-0.002298486421339452,0.0005,-0.002798486421339452,0,1
2021-06-07,159.8665008544922,160.39999389648438,158.61000061035156,159.90049743652344,44316000,16.420000076293945,270.654,21440.929,5.9,0.1280471666666666,0.1758714912604276,6,160.60000610351562,161.0500030517578,159.9405059814453,160.31100463867188,-0.0017995109206749849,-0.002772759020390203,44994000.0,47966000.0,-0.061960555393403616,16.420000076293945,270.654,21440.929,5.9,0.02290975,0.3617342392672416,4.0,0.0002126560714692527,159.9064674797058,159.8605223121643,-0.0002873252612333177,0.0005,-0.0007873252612333177,0,1
2021-06-08,161.1304931640625,163.97650146484375,160.90049743652344,163.20550537109375,68334000,17.06999969482422,270.654,21440.929,5.9,0.14691575,0.1613131371718196,8,159.8665008544922,160.39999389648438,158.61000061035156,159.90049743652344,0.0002126560714692527,0.007692257042710926,44316000.0,44994000.0,-0.015068675823443178,16.420000076293945,270.654,21440.929,5.9,0.1280471666666666,0.1758714912604276,6.0,0.012877836877954962,161.17077578735353,163.164703994751,0.012371524537601264,0.0005,0.011871524537601263,1,0
2021-06-09,163.64349365234375,164.87899780273438,163.53500366210938,164.0574951171875,49110000,17.889999389648438,270.654,21440.929,5.9,0.1793275,0.254788677894054,12,161.1304931640625,163.97650146484375,160.90049743652344,163.20550537109375,0.012877836877954962,0.0026836611930101117,68334000.0,44316000.0,0.54197129704847,17.06999969482422,270.654,21440.929,5.9,0.14691575,0.1613131371718196,8.0,0.0025298987182666988,163.68440452575686,164.0164807434082,0.0020287590538234923,0.0005,0.0015287590538234923,1,0
2021-06-10,164.10049438476562,167.5500030517578,164.0574951171875,167.4824981689453,69530000,16.100000381469727,270.654,21440.929,5.9,0.1659696666666666,0.1051903282734048,6,163.64349365234375,164.87899780273438,163.53500366210938,164.0574951171875,0.0025298987182666988,0.00026209876938199095,49110000.0,68334000.0,-0.2813240846430767,17.889999389648438,270.654,21440.929,5.9,0.1793275,0.254788677894054,12.0,0.020609345491976017,164.14151950836182,167.44062754440307,0.020099168363511888,0.0005,0.019599168363511887,1,0
2021-06-11,167.4824981689453,168.32899475097656,166.67250061035156,167.3415069580078,56348000,15.649999618530272,270.654,21440.929,5.9,0.2212005,0.1177990399982105,2,164.10049438476562,167.5500030517578,164.0574951171875,167.4824981689453,0.020609345491976017,0.0,69530000.0,49110000.0,0.41580126247200155,16.100000381469727,270.654,21440.929,5.9,0.1659696666666666,0.1051903282734048,6.0,-0.0008418265339896758,167.52436879348755,167.2996715812683,-0.001341280757166885,0.0005,-0.001841280757166885,0,1
2021-06-14,167.3415069580078,169.25,166.77499389648438,169.19349670410156,51394000,16.389999389648438,270.654,21440.929,5.9,0.1931328,0.2652809665754405,5,167.4824981689453,168.32899475097656,166.67250061035156,167.3415069580078,-0.0008418265339896758,0.0,56348000.0,69530000.0,-0.18958722853444554,15.649999618530272,270.654,21440.929,5.9,0.2212005,0.1177990399982105,2.0,0.011067127216432215,167.38334233474734,169.15119832992553,0.010561720004626851,0.0005,0.01006172000462685,1,0
2021-06-15,169.1999969482422,169.84950256347656,168.15550231933594,169.156494140625,48524000,17.020000457763672,270.654,21440.929,5.9,0.2367645,0.2088948647614734,8,167.3415069580078,169.25,166.77499389648438,169.19349670410156,0.011067127216432215,3.8418995216948915e-05,51394000.0,56348000.0,-0.08791793852488106,16.389999389648438,270.654,21440.929,5.9,0.1931328,0.2652809665754405,5.0,-0.00025710879670104436,169.24229694747928,169.11420501708986,-0.0007568553056755967,0.0005,-0.0012568553056755967,0,1
2021-06-16,169.60000610351562,171.3175048828125,168.02650451660156,170.7624969482422,84056000,18.14999961853028,270.654,21440.929,5.9,0.1778781666666666,0.423632788167024,6,169.1999969482422,169.84950256347656,168.15550231933594,169.156494140625,-0.00025710879670104436,0.002621903256767144,48524000.0,51394000.0,-0.05584309452465264,17.020000457763672,270.654,21440.929,5.9,0.2367645,0.2088948647614734,8.0,0.006854308979311163,169.64240610504152,170.71980632400513,0.006351007650153839,0.0005,0.005851007650153839,1,0
2021-06-17,170.15899658203125,174.86000061035156,170.0500030517578,174.46200561523438,102730000,17.75,270.654,21440.929,5.9,0.22658,0.1633297015885353,3,169.60000610351562,171.3175048828125,168.02650451660156,170.7624969482422,0.006854308979311163,-0.003534150513118006,84056000.0,48524000.0,0.7322562031159838,18.14999961853028,270.654,21440.929,5.9,0.1778781666666666,0.423632788167024,6.0,0.025288166477455132,170.20153633117678,174.41839011383058,0.02477565052320485,0.0005,0.02427565052320485,1,0
2021-06-18,173.99949645996094,175.35000610351562,173.6855010986328,174.34500122070312,104954000,20.700000762939453,270.654,21440.929,5.9,0.101634,0.3409250211542121,3,170.15899658203125,174.86000061035156,170.0500030517578,174.46200561523438,0.025288166477455132,-0.00265105948795219,102730000.0,84056000.0,0.22216141619872465,17.75,270.654,21440.929,5.9,0.22658,0.1633297015885353,3.0,0.0019856652908285533,174.04299633407595,174.30141497039796,0.001484797675086913,0.0005,0.000984797675086913,1,0
2021-06-21,173.8209991455078,174.10000610351562,171.6999969482422,172.697998046875,65542000,17.889999389648438,270.654,21440.929,5.9,0.26378575,0.1921314805799427,12,173.99949645996094,175.35000610351562,173.6855010986328,174.34500122070312,0.0019856652908285533,-0.0030055468842032917,104954000.0,102730000.0,0.021648982770368974,20.700000762939453,270.654,21440.929,5.9,0.101634,0.3409250211542121,3.0,-0.006460675661475901,173.86445439529422,172.6548235473633,-0.0069573211622701026,0.0005,-0.007457321162270103,0,1
2021-06-22,172.9029998779297,176.18899536132812,172.80450439453125,175.27200317382812,66902000,16.65999984741211,270.654,21440.929,5.9,0.1415449999999999,0.1953726635676035,5,173.8209991455078,174.10000610351562,171.6999969482422,172.697998046875,-0.006460675661475901,0.0011870538939255937,65542000.0,104954000.0,-0.37551689311507896,17.889999389648438,270.654,21440.929,5.9,0.26378575,0.1921314805799427,12.0,0.013701342935466432,172.9462256278992,175.22818517303466,0.013194618944996295,0.0005,0.012694618944996294,1,0
2021-06-23,175.25,176.0500030517578,174.16000366210938,175.1909942626953,56266000,16.31999969482422,270.654,21440.929,5.9,0.117428,0.2990550871712434,3,172.9029998779297,176.18899536132812,172.80450439453125,175.27200317382812,0.013701342935466432,-0.00012553729876818576,66902000.0,65542000.0,0.02075005340087266,16.65999984741211,270.654,21440.929,5.9,0.1415449999999999,0.1953726635676035,5.0,-0.00033669464938479443,175.2938125,175.14719651412963,-0.0008364013753786592,0.0005,-0.0013364013753786592,0,1
2021-06-24,175.3820037841797,176.2429962158203,171.54249572753906,172.45399475097656,76640000,15.970000267028809,270.654,21440.929,5.9,0.1015978888888888,0.2185875330247841,9,175.25,176.0500030517578,174.16000366210938,175.1909942626953,-0.00033669464938479443,0.0010902930386818,56266000.0,66902000.0,-0.15897880481898896,16.31999969482422,270.654,21440.929,5.9,0.117428,0.2990550871712434,3.0,-0.016695036948068287,175.42584928512574,172.41088125228882,-0.017186566547194415,0.0005,-0.017686566547194416,0,1
2021-06-25,173.1999969482422,173.24099731445312,169.70899963378906,170.072998046875,78820000,15.619999885559082,270.654,21440.929,5.9,0.065509,0.1220780438025883,4,175.3820037841797,176.2429962158203,171.54249572753906,172.45399475097656,-0.016695036948068287,0.004325804098321173,76640000.0,56266000.0,0.36210144669960553,15.970000267028809,270.654,21440.929,5.9,0.1015978888888888,0.2185875330247841,9.0,-0.018054266492288917,173.24329694747925,170.03047979736328,-0.018545116646504156,0.0005,-0.019045116646504157,0,1
2021-06-28,170.8000030517578,172.39999389648438,170.67550659179688,172.1945037841797,44856000,15.760000228881836,270.654,21440.929,5.9,0.15269975,0.0351749395296803,4,173.1999969482422,173.24099731445312,169.70899963378906,170.072998046875,-0.018054266492288917,0.004274664486613178,78820000.0,76640000.0,0.02844467640918591,15.619999885559082,270.654,21440.929,5.9,0.065509,0.1220780438025883,4.0,0.00816452404862833,170.84270305252076,172.15145515823366,0.007660567775672256,0.0005,0.007160567775672255,1,0
2021-06-29,171.9409942626953,172.80149841308594,171.15150451660156,172.40699768066406,41968000,16.020000457763672,270.654,21440.929,5.9,0.1668344444444444,0.1622658404171308,9,170.8000030517578,172.39999389648438,170.67550659179688,172.1945037841797,0.00816452404862833,-0.001472227718732011,44856000.0,78820000.0,-0.43090586145648313,15.760000228881836,270.654,21440.929,5.9,0.15269975,0.0351749395296803,4.0,0.002710251967350974,171.983979511261,172.3638959312439,0.002209022148821793,0.0005,0.0017090221488217931,1,0
2021-06-30,172.05299377441406,173.5800018310547,171.75,172.00799560546875,48080000,15.829999923706056,270.654,21440.929,5.9,0.20728,0.0804557691447087,4,171.9409942626953,172.80149841308594,171.15150451660156,172.40699768066406,0.002710251967350974,-0.002053303584032551,41968000.0,44856000.0,-0.06438380595683968,16.020000457763672,270.654,21440.929,5.9,0.1668344444444444,0.1622658404171308,9.0,-0.0002615366809851638,172.0960070228577,171.9649936065674,-0.0007612809765707995,0.0005,-0.0012612809765707995,0,1
2021-07-01,171.73049926757812,172.85000610351562,170.4709930419922,171.64849853515625,40742000,15.479999542236328,271.903,21617.828,5.4,0.17876975,0.0696934884876868,4,172.05299377441406,173.5800018310547,171.75,172.00799560546875,-0.0002615366809851638,-0.0016132758068242437,48080000.0,41968000.0,0.14563476934807462,15.829999923706056,270.654,21440.929,5.9,0.20728,0.0804557691447087,4.0,-0.0004774966169177608,171.77343189239502,171.60558641052248,-0.000977132959523619,0.0005,-0.001477132959523619,0,1
2021-07-02,172.58200073242188,175.58599853515625,171.8459930419922,175.5489959716797,63388000,15.06999969482422,271.903,21617.828,5.4,0.1853553333333333,0.1785273113264933,6,171.73049926757812,172.85000610351562,170.4709930419922,171.64849853515625,-0.0004774966169177608,0.005438452449232578,40742000.0,48080000.0,-0.15262063227953415,15.479999542236328,271.903,21617.828,5.4,0.17876975,0.0696934884876868,4.0,0.017191799994588974,172.625146232605,175.50510872268677,0.016683331211787333,0.0005,0.016183331211787333,1,0
2021-07-06,176.5054931640625,184.2740020751953,176.4499969482422,183.78700256347656,134896000,16.440000534057617,271.903,21617.828,5.4,0.1181761428571428,0.1958505377427972,7,172.58200073242188,175.58599853515625,171.8459930419922,175.5489959716797,0.017191799994588974,0.005448605314365418,63388000.0,40742000.0,0.5558391831525207,15.06999969482422,271.903,21617.828,5.4,0.1853553333333333,0.1785273113264933,6.0,0.04125372683243267,176.54961953735352,183.7410558128357,0.04073323009320129,0.0005,0.04023323009320129,1,0
2021-07-07,185.86900329589844,186.7100067138672,183.94549560546875,184.82899475097656,106562000,16.200000762939453,271.903,21617.828,5.4,0.18515725,0.0910242133624345,4,176.5054931640625,184.2740020751953,176.4499969482422,183.78700256347656,0.04125372683243267,0.011328334993127687,134896000.0,63388000.0,1.1280999558276013,16.440000534057617,271.903,21617.828,5.4,0.1181761428571428,0.1958505377427972,7.0,-0.005595384526091207,185.91547054672242,184.7827875022888,-0.006092462564318724,0.0005,-0.006592462564318724,0,1
2021-07-08,182.1779937744141,187.9994964599609,181.0559997558593,186.57049560546875,103612000,19.0,271.903,21617.828,5.4,0.0505375,0.4033089592514652,2,185.86900329589844,186.7100067138672,183.94549560546875,184.82899475097656,-0.005595384526091207,-0.014342992992707693,106562000.0,134896000.0,-0.21004329261060373,16.200000762939453,271.903,21617.828,5.4,0.18515725,0.0910242133624345,4.0,0.024111045138051956,182.22353827285772,186.5238529815674,0.02359911759736799,0.0005,0.02309911759736799,1,0
2021-07-09,186.12600708007807,187.3999938964844,184.6699981689453,185.9669952392578,74964000,16.18000030517578,271.903,21617.828,5.4,0.3325059999999999,0.0183171828620014,3,182.1779937744141,187.9994964599609,181.0559997558593,186.57049560546875,0.024111045138051956,-0.002382415954613859,103612000.0,106562000.0,-0.02768341435033128,19.0,271.903,21617.828,5.4,0.0505375,0.4033089592514652,2.0,-0.0008543236021382183,186.1725385818481,185.920503490448,-0.0013537715783431548,0.0005,-0.0018537715783431548,0,1
2021-07-12,187.1999969482422,187.864501953125,184.8394927978516,185.9275054931641,51432000,16.170000076293945,271.903,21617.828,5.4,0.1733846666666666,0.0456375692750318,3,186.12600708007807,187.3999938964844,184.6699981689453,185.9669952392578,-0.0008543236021382183,0.006630217944845862,74964000.0,103612000.0,-0.27649307030073733,16.18000030517578,271.903,21617.828,5.4,0.3325059999999999,0.0183171828620014,3.0,-0.006797497199906077,187.24679694747925,185.8810236167908,-0.0072939743320230566,0.0005,-0.007793974332023057,0,1
2021-07-13,185.10499572753903,188.6540069580078,183.5659942626953,183.8679962158203,76918000,17.1200008392334,271.903,21617.828,5.4,0.000969,0.1660937260464705,2,187.1999969482422,187.864501953125,184.8394927978516,185.9275054931641,-0.006797497199906077,-0.004423819721796396,51432000.0,74964000.0,-0.31391067712501997,16.170000076293945,271.903,21617.828,5.4,0.1733846666666666,0.0456375692750318,3.0,-0.006682691122715578,185.15127197647092,183.82202921676637,-0.007179225643523912,0.0005,-0.007679225643523913,0,1
2021-07-14,185.4425048828125,185.88299560546875,183.04150390625,184.08399963378903,65932000,16.329999923706055,271.903,21617.828,5.4,0.1355195,0.2539279188175258,4,185.10499572753903,188.6540069580078,183.5659942626953,183.8679962158203,-0.006682691122715578,0.00856325570190064,76918000.0,51432000.0,0.49552807590605075,17.1200008392334,271.903,21617.828,5.4,0.000969,0.1660937260464705,2.0,-0.0073257490232994105,185.48886550903322,184.03797863388058,-0.007821962095519885,0.0005,-0.008321962095519886,0,1
2021-07-15,184.7100067138672,184.7700042724609,181.04600524902344,181.5599975585937,63706000,17.010000228881836,271.903,21617.828,5.4,0.1851526666666666,0.1103437206707598,6,185.4425048828125,185.88299560546875,183.04150390625,184.08399963378903,-0.0073257490232994105,0.0034006599233149526,65932000.0,76918000.0,-0.14282742661015624,16.329999923706055,271.903,21617.828,5.4,0.1355195,0.2539279188175258,4.0,-0.01705380889381458,184.75618421554566,181.51460755920405,-0.017545159151803102,0.0005,-0.018045159151803103,0,1
2021-07-16,181.66549682617188,182.3029937744141,178.5229949951172,178.68150329589844,80874000,18.450000762939453,271.903,21617.828,5.4,0.067782,0.0795142865444108,4,184.7100067138672,184.7700042724609,181.04600524902344,181.5599975585937,-0.01705380889381458,0.0005810711004450297,63706000.0,65932000.0,-0.0337620578778135,17.010000228881836,271.903,21617.828,5.4,0.1851526666666666,0.1103437206707598,6.0,-0.01642575823370962,181.71091320037843,178.63683292007445,-0.016917422438541663,0.0005,-0.017417422438541663,0,1
2021-07-19,176.62899780273438,177.510498046875,174.95799255371094,177.47950744628906,75692000,22.5,271.903,21617.828,5.4,0.1861553333333333,0.1105572160572675,3,181.66549682617188,182.3029937744141,178.5229949951172,178.68150329589844,-0.01642575823370962,-0.011486949993727569,80874000.0,63706000.0,0.2694879603177094,18.450000762939453,271.903,21617.828,5.4,0.067782,0.0795142865444108,4.0,0.004815232233297051,176.67315505218508,177.4351375694275,0.004312950187691733,0.0005,0.003812950187691733,1,0
2021-07-20,178.36599731445312,179.60000610351562,175.89999389648438,178.6595001220703,65114000,19.729999542236328,271.903,21617.828,5.4,0.2492776,0.0987197041314448,5,176.62899780273438,177.510498046875,174.95799255371094,177.47950744628906,0.004815232233297051,0.004994885781009595,75692000.0,80874000.0,-0.06407498083438434,22.5,271.903,21617.828,5.4,0.1861553333333333,0.1105572160572675,3.0,0.0016455087406583857,178.41058881378174,178.6148352470398,0.0011448111606831013,0.0005,0.0006448111606831013,1,0
2021-07-21,178.81900024414062,179.32249450683594,177.1820068359375,179.25999450683594,46380000,17.90999984741211,271.903,21617.828,5.4,0.1774157272727272,0.1924642914221185,11,178.36599731445312,179.60000610351562,175.89999389648438,178.6595001220703,0.0016455087406583857,0.0008927603735671141,65114000.0,75692000.0,-0.13975056809174025,19.729999542236328,271.903,21617.828,5.4,0.2492776,0.0987197041314448,5.0,0.002466148799027179,178.86370499420167,179.21517950820925,0.001965041001577017,0.0005,0.001465041001577017,1,0
2021-07-22,179.3614959716797,182.00100708007807,179.11349487304688,181.9015045166016,65308000,17.690000534057617,271.903,21617.828,5.4,0.1515998571428571,0.1944476573223315,7,178.81900024414062,179.32249450683594,177.1820068359375,179.25999450683594,0.002466148799027179,0.00056622485749247,46380000.0,65114000.0,-0.28771078416316,17.90999984741211,271.903,21617.828,5.4,0.1774157272727272,0.1924642914221185,11.0,0.01416139250602022,179.40633634567263,181.85602914047246,0.013654438548256431,0.0005,0.01315443854825643,1,0
2021-07-23,182.0,183.3054962158203,181.1020050048828,182.83200073242188,48726000,17.200000762939453,271.903,21617.828,5.4,0.030814,0.1951049324133042,4,179.3614959716797,182.00100708007807,179.11349487304688,181.9015045166016,0.01416139250602022,0.0005414770133989055,65308000.0,46380000.0,0.40810694264769287,17.690000534057617,271.903,21617.828,5.4,0.1515998571428571,0.1944476573223315,7.0,0.004571432595724678,182.0455,182.78629273223876,0.0040692724194706376,0.0005,0.0035692724194706375,1,0
2021-07-26,183.6584930419922,185.60400390625,182.3625030517578,184.99099731445312,58002000,17.579999923706055,271.903,21617.828,5.4,0.180736,0.0,1,182.0,183.3054962158203,181.1020050048828,182.83200073242188,0.004571432595724678,0.0045205013687943385,48726000.0,65308000.0,-0.25390457524346177,17.200000762939453,271.903,21617.828,5.4,0.030814,0.1951049324133042,4.0,0.0072553370682197915,183.7044076652527,184.9447495651245,0.0067518352751338995,0.0005,0.006251835275133899,1,0
2021-07-27,184.9250030517578,184.9250030517578,179.3074951171875,181.3195037841797,82638000,19.36000061035156,271.903,21617.828,5.4,0.0748375714285714,0.1788988604070813,7,183.6584930419922,185.60400390625,182.3625030517578,184.99099731445312,0.0072553370682197915,-0.0003567431045475855,58002000.0,48726000.0,0.19037064400935844,17.579999923706055,271.903,21617.828,5.4,0.180736,0.0,1.0,-0.01949708913385284,184.97123430252077,181.27417390823365,-0.019987218057055167,0.0005,-0.020487218057055168,0,1
2021-07-28,181.68899536132807,182.92100524902344,180.0500030517578,181.51600646972656,59988000,18.309999465942383,271.903,21617.828,5.4,0.13067975,0.0139067697513357,4,184.9250030517578,184.9250030517578,179.3074951171875,181.3195037841797,-0.01949708913385284,0.002037792788073034,82638000.0,58002000.0,0.4247439743457122,19.36000061035156,271.903,21617.828,5.4,0.0748375714285714,0.1788988604070813,7.0,-0.0009521154060952997,181.7344176101684,181.47062746810914,-0.001451514498619133,0.0005,-0.001951514498619133,0,1
2021-07-29,181.3874969482422,181.8975067138672,179.00050354003906,179.99600219726562,110400000,17.700000762939453,271.903,21617.828,5.4,0.1548631428571428,0.1862857574663439,7,181.68899536132807,182.92100524902344,180.0500030517578,181.51600646972656,-0.0009521154060952997,-0.0007079790040764866,59988000.0,82638000.0,-0.2740869817759384,18.309999465942383,271.903,21617.828,5.4,0.13067975,0.0139067697513357,4.0,-0.007671392870996052,181.43284382247927,179.9510031967163,-0.008167433164487314,0.0005,-0.008667433164487315,0,1
2021-07-30,167.3975067138672,168.40699768066406,165.3489990234375,166.37950134277344,199312000,18.239999771118164,271.903,21617.828,5.4,0.0749734,0.2385760555405759,5,181.3874969482422,181.8975067138672,179.00050354003906,179.99600219726562,-0.007671392870996052,-0.06999319612438493,110400000.0,59988000.0,0.840368073614723,17.700000762939453,271.903,21617.828,5.4,0.1548631428571428,0.1862857574663439,7.0,-0.0060813651952046355,167.43935609054566,166.33790646743776,-0.006578200303829829,0.0005,-0.007078200303829829,0,1
2021-08-02,167.65499877929688,167.9459991455078,165.85000610351562,166.57400512695312,67078000,19.459999084472656,272.676,21617.828,5.1,0.1465583333333333,0.1999974462561959,9,167.3975067138672,168.40699768066406,165.3489990234375,166.37950134277344,-0.0060813651952046355,0.007666193408619959,199312000.0,110400000.0,0.8053623188405796,18.239999771118164,271.903,21617.828,5.4,0.0749734,0.2385760555405759,5.0,-0.006447726940529752,167.6969125289917,166.5323616256714,-0.006944378914066074,0.0005,-0.007444378914066074,0,1
2021-08-03,167.03599548339844,169.5500030517578,164.98849487304688,168.31199645996094,83146000,18.040000915527344,272.676,21617.828,5.1,0.2106297777777778,0.2030601948005675,9,167.65499877929688,167.9459991455078,165.85000610351562,166.57400512695312,-0.006447726940529752,0.0027734841105202523,67078000.0,199312000.0,-0.6634522758288512,19.459999084472656,272.676,21617.828,5.1,0.1465583333333333,0.1999974462561959,9.0,0.007639077869831423,167.0777544822693,168.26991846084596,0.00713538425430027,0.0005,0.0066353842543002695,1,0
2021-08-04,168.96749877929688,169.44400024414062,167.2779998779297,167.73599243164062,43678000,17.969999313354492,272.676,21617.828,5.1,0.434096,0.0,1,167.03599548339844,169.5500030517578,164.98849487304688,168.31199645996094,0.007639077869831423,0.0038945668349426033,83146000.0,67078000.0,0.23954202570142225,18.040000915527344,272.676,21617.828,5.1,0.2106297777777778,0.2030601948005675,9.0,-0.007288421480777352,169.0097406539917,167.69405843353272,-0.007784653212104198,0.0005,-0.008284653212104198,0,1
2021-08-05,167.81100463867188,169.4499969482422,167.04600524902344,168.79949951171875,48670000,17.280000686645508,272.676,21617.828,5.1,0.2833445,0.0605205622949754,2,168.96749877929688,169.44400024414062,167.2779998779297,167.73599243164062,-0.007288421480777352,0.00044720400162079343,43678000.0,83146000.0,-0.47468308758088185,17.969999313354492,272.676,21617.828,5.1,0.434096,0.0,1.0,0.00589052473152929,167.85295738983154,168.75729963684083,0.005387705174052959,0.0005,0.004887705174052959,1,0
2021-08-06,168.75,168.75,166.45199584960938,167.2469940185547,52752000,16.149999618530273,272.676,21617.828,5.1,0.0140146666666666,0.2022065175416789,3,167.81100463867188,169.4499969482422,167.04600524902344,168.79949951171875,0.00589052473152929,-0.000293244422299499,48670000.0,43678000.0,0.11429094738770096,17.280000686645508,272.676,21617.828,5.1,0.2833445,0.0605205622949754,2.0,-0.008906702112268516,168.7921875,167.20518227005005,-0.009402124905514175,0.0005,-0.009902124905514176,0,1
2021-08-09,167.1804962158203,167.74400329589844,166.42599487304688,167.093505859375,42964000,16.719999313354492,272.676,21617.828,5.1,0.128031,0.0026276087988892,2,168.75,168.75,166.45199584960938,167.2469940185547,-0.008906702112268516,-0.0003976023791912864,52752000.0,48670000.0,0.08387096774193559,16.149999618530273,272.676,21617.828,5.1,0.0140146666666666,0.2022065175416789,3.0,-0.0005203379485906323,167.2222913398743,167.05173248291015,-0.0010199528758847443,0.0005,-0.0015199528758847443,0,1
2021-08-10,167.25050354003906,167.89999389648438,165.75,166.03399658203125,48252000,16.790000915527344,272.676,21617.828,5.1,0.1649928571428571,0.2086155532356337,7,167.1804962158203,167.74400329589844,166.42599487304688,167.093505859375,-0.0005203379485906323,0.0009395797871174505,42964000.0,52752000.0,-0.18554746739460115,16.719999313354492,272.676,21617.828,5.1,0.128031,0.0026276087988892,2.0,-0.007273562304801029,167.2923161659241,165.99248808288576,-0.007769801463858861,0.0005,-0.008269801463858861,0,1
2021-08-11,166.57249450683594,166.88499450683594,163.88949584960938,164.60549926757812,58944000,16.170000076293945,272.676,21617.828,5.1,0.13424,0.1878519374294553,7,167.25050354003906,167.89999389648438,165.75,166.03399658203125,-0.007273562304801029,0.0032432991790247723,48252000.0,42964000.0,0.12307978772926176,16.790000915527344,272.676,21617.828,5.1,0.1649928571428571,0.2086155532356337,7.0,-0.011808643708443034,166.61413763046266,164.56434789276125,-0.012302615893542534,0.0005,-0.012802615893542535,0,1
2021-08-12,164.5,165.72549438476562,163.48350524902344,165.1750030517578,46282000,15.59000015258789,272.676,21617.828,5.1,0.1037663333333333,0.1425381972969585,6,166.57249450683594,166.88499450683594,163.88949584960938,164.60549926757812,-0.011808643708443034,-0.0006409218892901025,58944000.0,48252000.0,0.22158666998259147,16.170000076293945,272.676,21617.828,5.1,0.13424,0.1878519374294553,7.0,0.0041033620167647555,164.54112500000002,165.13370930099487,0.003601435817306209,0.0005,0.003101435817306209,1,0
2021-08-13,165.2834930419922,165.30349731445312,164.14999389648438,164.69850158691406,41134000,15.449999809265137,272.676,21617.828,5.1,0.059286,0.1463602609030197,6,164.5,165.72549438476562,163.48350524902344,165.1750030517578,0.0041033620167647555,0.0006568184545476807,46282000.0,58944000.0,-0.21481406080347454,15.59000015258789,272.676,21617.828,5.1,0.1037663333333333,0.1425381972969585,6.0,-0.0035393217090923246,165.3248139152527,164.65732696151733,-0.004037427521784598,0.0005,-0.004537427521784598,0,1
2021-08-16,164.14999389648438,165.0,160.55650329589844,164.94949340820312,66394000,16.1200008392334,272.676,21617.828,5.1,0.2222922857142857,0.2101786846857646,7,165.2834930419922,165.30349731445312,164.14999389648438,164.69850158691406,-0.0035393217090923246,-0.003330374503378364,41134000.0,46282000.0,-0.1112311481785575,15.449999809265137,272.676,21617.828,5.1,0.059286,0.1463602609030197,6.0,0.004870542439513681,164.19103139495851,164.9082560348511,0.004368232745717515,0.0005,0.003868232745717515,1,0
2021-08-17,163.875,164.02450561523438,161.28399658203125,162.09800720214844,67758000,17.90999984741211,272.676,21617.828,5.1,-0.122919,0.3188061633657668,2,164.14999389648438,165.0,160.55650329589844,164.94949340820312,0.004870542439513681,-0.00651407522388725,66394000.0,41134000.0,0.6140905333787134,16.1200008392334,272.676,21617.828,5.1,0.2222922857142857,0.2101786846857646,7.0,-0.010843586867133825,163.91596875000002,162.05748270034792,-0.011338041460052128,0.0005,-0.011838041460052129,0,1
2021-08-18,162.09950256347656,162.7050018310547,160.0,160.06100463867188,56086000,21.56999969482422,272.676,21617.828,5.1,0.2717384,0.1188988001234663,5,163.875,164.02450561523438,161.28399658203125,162.09800720214844,-0.010843586867133825,9.225044489635792e-06,67758000.0,66394000.0,0.020544025062505744,17.90999984741211,272.676,21617.828,5.1,-0.122919,0.3188061633657668,2.0,-0.012575596424217461,162.14002743911743,160.0209893875122,-0.013069185228804292,0.0005,-0.013569185228804292,0,1
2021-08-19,159.7010040283203,161.64999389648438,159.1230010986328,159.3874969482422,75658000,21.670000076293945,272.676,21617.828,5.1,0.2408016,0.0990947115556627,5,162.09950256347656,162.7050018310547,160.0,160.06100463867188,-0.012575596424217461,-0.0022491462624780745,56086000.0,67758000.0,-0.172260102128162,21.56999969482422,272.676,21617.828,5.1,0.2717384,0.1188988001234663,5.0,-0.001963087721242651,159.74092927932742,159.34765007400514,-0.002461981453948936,0.0005,-0.002961981453948936,0,1
2021-08-20,160.19349670410156,160.3905029296875,158.78799438476562,159.99749755859375,67168000,18.559999465942383,272.676,21617.828,5.1,0.14523375,0.1765949126001369,4,159.7010040283203,161.64999389648438,159.1230010986328,159.3874969482422,-0.001963087721242651,0.005056856850704561,75658000.0,56086000.0,0.3489640908604643,21.670000076293945,272.676,21617.828,5.1,0.2408016,0.0990947115556627,5.0,-0.0012235149961790093,160.23354507827761,159.9574981842041,-0.0017227784228244225,0.0005,-0.0022227784228244225,0,1
2021-08-23,160.59500122070312,164.0449981689453,160.50050354003906,163.2935028076172,65362000,17.149999618530273,272.676,21617.828,5.1,0.2384051428571429,0.0868350980219185,7,160.19349670410156,160.3905029296875,158.78799438476562,159.99749755859375,-0.0012235149961790093,0.0037344562960464067,67168000.0,75658000.0,-0.11221549604800551,18.559999465942383,272.676,21617.828,5.1,0.14523375,0.1765949126001369,4.0,0.016803148083081032,160.6351499710083,163.25267943191528,0.01629487357766579,0.0005,0.01579487357766579,1,0
2021-08-24,164.0,165.77450561523438,163.72900390625,165.28900146484375,51036000,17.219999313354492,272.676,21617.828,5.1,0.1090243333333333,0.2393439824736217,3,160.59500122070312,164.0449981689453,160.50050354003906,163.2935028076172,0.016803148083081032,0.004326548088169568,65362000.0,67168000.0,-0.02688780371605526,17.149999618530273,272.676,21617.828,5.1,0.2384051428571429,0.0868350980219185,7.0,0.007859765029535115,164.04100000000003,165.24767921447756,0.007355961098003183,0.0005,0.006855961098003183,1,0
2021-08-25,165.49349975585938,166.0500030517578,164.3074951171875,164.95899963378906,33606000,16.790000915527344,272.676,21617.828,5.1,0.115325,0.1878371012988745,12,164.0,165.77450561523438,163.72900390625,165.28900146484375,0.007859765029535115,0.0012372165673655289,51036000.0,65362000.0,-0.21917933967748848,17.219999313354492,272.676,21617.828,5.1,0.1090243333333333,0.2393439824736217,3.0,-0.003229734840696552,165.53487313079836,164.91775988388062,-0.00372799540813451,0.0005,-0.004227995408134511,0,1
2021-08-26,164.9499969482422,166.60000610351562,164.8000030517578,165.8000030517578,41976000,18.84000015258789,272.676,21617.828,5.1,0.1731586666666666,0.0935597348239793,3,165.49349975585938,166.0500030517578,164.3074951171875,164.95899963378906,-0.003229734840696552,-5.457529184138554e-05,33606000.0,51036000.0,-0.34152363037855626,16.790000915527344,272.676,21617.828,5.1,0.115325,0.1878371012988745,12.0,0.005153113787460972,164.99123444747926,165.7585530509949,0.004650662843303399,0.0005,0.004150662843303399,1,0
2021-08-27,166.6614990234375,167.61599731445312,165.6875,167.48150634765625,48048000,16.389999389648438,272.676,21617.828,5.1,0.1783678,0.2009129936880639,5,164.9499969482422,166.60000610351562,164.8000030517578,165.8000030517578,0.005153113787460972,0.005195994908460566,41976000.0,33606000.0,0.24906266738082494,18.84000015258789,272.676,21617.828,5.1,0.1731586666666666,0.0935597348239793,3.0,0.0049201965002332315,166.70316439819337,167.43963597106935,0.004417861985611893,0.0005,0.003917861985611892,1,0
2021-08-30,167.8715057373047,172.25,167.76100158691406,171.07850646972656,63844000,16.190000534057617,272.676,21617.828,5.1,0.0996319999999999,0.315956523037585,2,166.6614990234375,167.61599731445312,165.6875,167.48150634765625,0.0049201965002332315,0.0023286116667644574,48048000.0,41976000.0,0.14465408805031443,16.389999389648438,272.676,21617.828,5.1,0.1783678,0.2009129936880639,5.0,0.01910390163200404,167.91347361373903,171.03573684310913,0.018594477037336743,0.0005,0.018094477037336743,1,0
2021-08-31,171.24000549316406,173.62899780273438,169.7794952392578,173.5395050048828,87128000,16.479999542236328,272.676,21617.828,5.1,0.2689458,0.1325335332121648,5,167.8715057373047,172.25,167.76100158691406,171.07850646972656,0.01910390163200404,0.0009440053386606806,63844000.0,48048000.0,0.3287545787545787,16.190000534057617,272.676,21617.828,5.1,0.0996319999999999,0.315956523037585,2.0,0.01342851809129697,171.28281549453737,173.4961201286316,0.012921930479154131,0.0005,0.01242193047915413,1,0
2021-09-01,174.82000732421875,176.35000610351562,173.76199340820312,173.9499969482422,72598000,16.110000610351562,273.91,21617.828,4.7,0.05816475,0.285797943033623,4,171.24000549316406,173.62899780273438,169.7794952392578,173.5395050048828,0.01342851809129697,0.007378736727985391,87128000.0,63844000.0,0.3647014598082827,16.479999542236328,272.676,21617.828,5.1,0.2689458,0.1325335332121648,5.0,-0.004976606449644261,174.8637123260498,173.90650944900514,-0.005473993799581911,0.0005,-0.0059739937995819115,0,1
2021-09-02,174.73800659179688,175.59800720214844,172.75,173.156005859375,58474000,16.40999984741211,273.91,21617.828,4.7,0.1559918888888888,0.2154392471495412,9,174.82000732421875,176.35000610351562,173.76199340820312,173.9499969482422,-0.004976606449644261,0.004530092885193682,72598000.0,87128000.0,-0.166766137177486,16.110000610351562,273.91,21617.828,4.7,0.05816475,0.285797943033623,4.0,-0.009053558314405907,174.78169109344483,173.11271685791016,-0.009548907697902842,0.0005,-0.010048907697902842,0,1
2021-09-03,172.60000610351562,174.1334991455078,171.82200622558594,173.90249633789062,51514000,16.40999984741211,273.91,21617.828,4.7,0.2729885,0.1415149285752802,4,174.73800659179688,175.59800720214844,172.75,173.156005859375,-0.009053558314405907,-0.003210975865953647,58474000.0,72598000.0,-0.19455081407201302,16.40999984741211,273.91,21617.828,4.7,0.1559918888888888,0.2154392471495412,9.0,0.007546293095689993,172.64315610504153,173.85902071380616,0.007042645860950714,0.0005,0.006542645860950713,1,0
2021-09-07,173.89999389648438,176.4044952392578,173.8470001220703,175.46449279785156,54758000,18.13999938964844,273.91,21617.828,4.7,0.0,0.0,0,172.60000610351562,174.1334991455078,171.82200622558594,173.90249633789062,0.007546293095689993,-1.438991077729046e-05,51514000.0,58474000.0,-0.11902725997879404,16.40999984741211,273.91,21617.828,4.7,0.2729885,0.1415149285752802,4.0,0.008996543739377527,173.9434688949585,175.4206266746521,0.008492171560552597,0.0005,0.007992171560552597,1,0
2021-09-08,175.58250427246094,177.281494140625,174.7834930419922,176.27499389648438,61068000,17.959999084472656,273.91,21617.828,4.7,0.257526625,0.1045455263741078,8,173.89999389648438,176.4044952392578,173.8470001220703,175.46449279785156,0.008996543739377527,0.000672566128494978,54758000.0,51514000.0,0.06297317234149946,18.13999938964844,273.91,21617.828,4.7,0.0,0.0,0.0,0.003943955731197768,175.62639989852906,176.23092514801027,0.003442109214961242,0.0005,0.002942109214961242,1,0
2021-09-09,176.30099487304688,177.49949645996094,174.01849365234375,174.20799255371094,54384000,18.799999237060547,273.91,21617.828,4.7,0.0985718571428571,0.1694837236506095,7,175.58250427246094,177.281494140625,174.7834930419922,176.27499389648438,0.003943955731197768,0.00014750235406491008,61068000.0,54758000.0,0.1152343036633916,17.959999084472656,273.91,21617.828,4.7,0.257526625,0.1045455263741078,8.0,-0.011871755578254595,176.34507012176516,174.16444055557253,-0.012365696215306254,0.0005,-0.012865696215306255,0,1
2021-09-10,175.0915069580078,175.42250061035156,173.14549255371094,173.45750427246094,47946000,20.950000762939453,273.91,21617.828,4.7,-0.1325434,0.1704310282087742,5,176.30099487304688,177.49949645996094,174.01849365234375,174.20799255371094,-0.011871755578254595,0.00507160659706507,54384000.0,61068000.0,-0.10945175869522494,18.799999237060547,273.91,21617.828,4.7,0.0985718571428571,0.1694837236506095,7.0,-0.00933227838366113,175.13527983474734,173.41413989639284,-0.009827488441954801,0.0005,-0.010327488441954802,0,1
2021-09-13,174.13999938964844,174.8979949951172,171.89999389648438,172.85850524902344,51380000,19.3700008392334,273.91,21617.828,4.7,0.1773043333333333,0.1278023502809449,3,175.0915069580078,175.42250061035156,173.14549255371094,173.45750427246094,-0.00933227838366113,0.0039346531592858724,47946000.0,54384000.0,-0.11838040600176525,20.950000762939453,273.91,21617.828,4.7,-0.1325434,0.1704310282087742,5.0,-0.007358987855269117,174.18353438949586,172.8152906227112,-0.007855184312227315,0.0005,-0.008355184312227315,0,1
2021-09-14,173.77749633789062,174.3404998779297,171.885498046875,172.5,38738000,19.459999084472656,273.91,21617.828,4.7,0.2188333,0.0876390226098574,10,174.13999938964844,174.8979949951172,171.89999389648438,172.85850524902344,-0.007358987855269117,0.005316435471562464,51380000.0,47946000.0,0.07162224168856635,19.3700008392334,273.91,21617.828,4.7,0.1773043333333333,0.1278023502809449,3.0,-0.00735133354324935,173.8209407119751,172.456875,-0.007847533826407016,0.0005,-0.008347533826407016,0,1
2021-09-15,172.12600708007812,174.27099609375,170.10049438476562,173.7895050048828,59150000,18.18000030517578,273.91,21617.828,4.7,0.3158685,0.2764282924840847,4,173.77749633789062,174.3404998779297,171.885498046875,172.5,-0.00735133354324935,-0.0021680748980977826,38738000.0,51380000.0,-0.2460490463215259,19.459999084472656,273.91,21617.828,4.7,0.2188333,0.0876390226098574,10.0,0.009664419415892134,172.16903858184816,173.7460576286316,0.009159713382692392,0.0005,0.008659713382692391,1,0
2021-09-16,172.9980010986328,174.62750244140625,172.3070068359375,174.41200256347656,51672000,18.690000534057617,273.91,21617.828,4.7,0.082589,0.0655327979488133,3,172.12600708007812,174.27099609375,170.10049438476562,173.7895050048828,0.009664419415892134,-0.004554382649445743,59150000.0,38738000.0,0.526924466931695,18.18000030517578,273.91,21617.828,4.7,0.3158685,0.2764282924840847,4.0,0.008173513311506841,173.04125059890748,174.3683995628357,0.007669552545042535,0.0005,0.007169552545042535,1,0
2021-09-17,174.42050170898438,174.87049865722656,172.60650634765625,173.12600708007812,92332000,20.809999465942383,273.91,21617.828,4.7,0.1331737499999999,0.1963263043360466,4,172.9980010986328,174.62750244140625,172.3070068359375,174.41200256347656,0.008173513311506841,4.873027878171676e-05,51672000.0,59150000.0,-0.1264243448858834,18.690000534057617,273.91,21617.828,4.7,0.082589,0.0655327979488133,3.0,-0.00742168848399527,174.46410683441164,173.0827255783081,-0.007917853598474744,0.0005,-0.008417853598474745,0,1
2021-09-20,169.8000030517578,170.9499969482422,165.25050354003906,167.7864990234375,93382000,25.709999084472656,273.91,21617.828,4.7,0.1887798333333333,0.218407496076867,6,174.42050170898438,174.87049865722656,172.60650634765625,173.12600708007812,-0.00742168848399527,-0.01921146386043482,92332000.0,51672000.0,0.7868865149403932,20.809999465942383,273.91,21617.828,4.7,0.1331737499999999,0.1963263043360466,4.0,-0.011858091826456363,169.84245305252077,167.74455239868163,-0.012352039293676453,0.0005,-0.012852039293676454,0,1
2021-09-21,168.75,168.98500061035156,166.6195068359375,167.18150329589844,55618000,24.36000061035156,273.91,21617.828,4.7,0.0854551666666666,0.1738762914228581,6,169.8000030517578,170.9499969482422,165.25050354003906,167.7864990234375,-0.011858091826456363,0.005742422555869098,93382000.0,92332000.0,0.011372005371918625,25.709999084472656,273.91,21617.828,4.7,0.1887798333333333,0.218407496076867,6.0,-0.009294795283564805,168.7921875,167.13970792007447,-0.009790024078724313,0.0005,-0.010290024078724314,0,1
2021-09-22,167.5500030517578,169.4499969482422,167.05250549316406,169.00250244140625,48228000,20.8700008392334,273.91,21617.828,4.7,0.2317977777777778,0.0938854486192852,9,168.75,168.98500061035156,166.6195068359375,167.18150329589844,-0.009294795283564805,0.0022041897494315954,55618000.0,93382000.0,-0.4044034182176437,24.36000061035156,273.91,21617.828,4.7,0.0854551666666666,0.1738762914228581,6.0,0.008669050213026441,167.59189055252077,168.9602518157959,0.008164841740038176,0.0005,0.007664841740038175,1,0
2021-09-23,169.00250244140625,171.447998046875,169.00250244140625,170.8000030517578,47588000,18.6299991607666,273.91,21617.828,4.7,0.1856298333333333,0.1244208299995087,6,167.5500030517578,169.4499969482422,167.05250549316406,169.00250244140625,0.008669050213026441,0.0,48228000.0,55618000.0,-0.13287065338559456,20.8700008392334,273.91,21617.828,4.7,0.2317977777777778,0.0938854486192852,9.0,0.01063594079605279,169.04475306701661,170.75730305099486,0.010130749123572702,0.0005,0.009630749123572702,1,0
2021-09-24,170.10049438476562,171.46299743652344,169.6699981689453,171.2760009765625,42324000,17.75,273.91,21617.828,4.7,0.0618145,0.0674346524014174,2,169.00250244140625,171.447998046875,169.00250244140625,170.8000030517578,0.01063594079605279,-0.004095483925607546,47588000.0,48228000.0,-0.013270299411130448,18.6299991607666,273.91,21617.828,4.7,0.1856298333333333,0.1244208299995087,6.0,0.006910659466620395,170.14301950836182,171.23318197631838,0.0064073299692615215,0.0005,0.005907329969261521,1,0
2021-09-27,168.5749969482422,170.77850341796875,166.98049926757812,170.2899932861328,72690000,18.76000022888184,273.91,21617.828,4.7,0.2231375,0.1549691173037389,6,170.10049438476562,171.46299743652344,169.6699981689453,171.2760009765625,0.006910659466620395,-0.01576989194586531,42324000.0,47588000.0,-0.11061612171135582,17.75,273.91,21617.828,4.7,0.0618145,0.0674346524014174,2.0,0.01017349173327986,168.61714069747927,170.24742078781128,0.009668531227539523,0.0005,0.009168531227539523,1,0
2021-09-28,167.885498046875,168.45950317382812,164.5050048828125,165.79800415039062,88616000,23.25,273.91,21617.828,4.7,0.2037382727272727,0.1609406569926262,11,168.5749969482422,170.77850341796875,166.98049926757812,170.2899932861328,0.01017349173327986,-0.014120003136165571,72690000.0,42324000.0,0.7174652679330875,18.76000022888184,273.91,21617.828,4.7,0.2231375,0.1549691173037389,6.0,-0.012434033438084913,167.92746942138675,165.75655464935303,-0.012927693006473895,0.0005,-0.013427693006473895,0,1
2021-09-29,166.10549926757812,167.56500244140625,164.89349365234375,165.05599975585938,51246000,22.559999465942383,273.91,21617.828,4.7,0.1383595,0.2508579991483229,6,167.885498046875,168.45950317382812,164.5050048828125,165.79800415039062,-0.012434033438084913,0.0018546370251151245,88616000.0,72690000.0,0.21909478607786492,23.25,273.91,21617.828,4.7,0.2037382727272727,0.1609406569926262,11.0,-0.006318270715577667,166.14702564239502,165.0147357559204,-0.006814987401048578,0.0005,-0.007314987401048578,0,1
2021-09-30,165.8000030517578,166.3925018310547,163.69949340820312,164.2519989013672,56848000,23.13999938964844,273.91,21617.828,4.7,-0.0831275,0.3528328487832446,2,166.10549926757812,167.56500244140625,164.89349365234375,165.05599975585938,-0.006318270715577667,0.004507581045214426,51246000.0,88616000.0,-0.4217071409226325,22.559999465942383,273.91,21617.828,4.7,0.1383595,0.2508579991483229,6.0,-0.00933657492097506,165.84145305252076,164.21093590164185,-0.009831782831536962,0.0005,-0.010331782831536962,0,1
2021-10-01,164.45050048828125,165.45849609375,162.7969970703125,164.16299438476562,56712000,21.100000381469727,276.55,21988.737,4.5,0.1453871666666666,0.2568958570186889,6,165.8000030517578,166.3925018310547,163.69949340820312,164.2519989013672,-0.00933657492097506,0.0012085185461472303,56848000.0,51246000.0,0.10931584904187641,23.13999938964844,273.91,21617.828,4.7,-0.0831275,0.3528328487832446,2.0,-0.0017482835422328868,164.49161311340333,164.12195363616945,-0.0022472846501847554,0.0005,-0.0027472846501847554,0,1
2021-10-04,163.96949768066406,163.99949645996094,158.8125,159.48899841308594,90462000,22.959999084472656,276.55,21988.737,4.5,0.0357056666666666,0.3344741202554641,6,164.45050048828125,165.45849609375,162.7969970703125,164.16299438476562,-0.0017482835422328868,-0.00117868649281605,56712000.0,56848000.0,-0.0023923444976076125,21.100000381469727,276.55,21988.737,4.5,0.1453871666666666,0.2568958570186889,6.0,-0.027325199692347923,164.01049005508423,159.44912616348267,-0.027811415538540163,0.0005,-0.028311415538540163,0,1
2021-10-05,160.22500610351562,163.0364990234375,160.1230010986328,161.0500030517578,65384000,21.299999237060547,276.55,21988.737,4.5,0.1304122,0.017571307839771,5,163.96949768066406,163.99949645996094,158.8125,159.48899841308594,-0.027325199692347923,0.0046147865856138726,90462000.0,56712000.0,0.5951121455776556,22.959999084472656,276.55,21988.737,4.5,0.0357056666666666,0.3344741202554641,6.0,0.005148989962959982,160.26506235504152,161.00974055099488,0.004646541080199018,0.0005,0.004146541080199018,1,0
2021-10-06,160.67649841308594,163.2169952392578,159.93099975585938,163.10049438476562,50660000,21.0,276.55,21988.737,4.5,0.19732175,0.1569676850399015,8,160.22500610351562,163.0364990234375,160.1230010986328,161.0500030517578,0.005148989962959982,-0.002319184300492272,65384000.0,90462000.0,-0.27722137472087727,21.299999237060547,276.55,21988.737,4.5,0.1304122,0.017571307839771,5.0,0.01508618868110867,160.71666753768923,163.05971926116945,0.01457877244082817,0.0005,0.014078772440828169,1,0
2021-10-07,164.57699584960938,166.28750610351562,164.1529998779297,165.1215057373047,48182000,19.540000915527344,276.55,21988.737,4.5,0.0758524999999999,0.2157321740777979,4,160.67649841308594,163.2169952392578,159.93099975585938,163.10049438476562,0.01508618868110867,0.009052709928399016,50660000.0,65384000.0,-0.22519270769607247,21.0,276.55,21988.737,4.5,0.19732175,0.1569676850399015,8.0,0.0033085419069922573,164.61814009857179,165.08022536087037,0.0028070130182609176,0.0005,0.0023070130182609176,1,0
2021-10-08,165.85000610351562,166.07150268554688,164.41000366210938,164.43099975585938,39964000,18.770000457763672,276.55,21988.737,4.5,0.24321825,0.0902891172119689,4,164.57699584960938,166.28750610351562,164.1529998779297,165.1215057373047,0.0033085419069922573,0.0044119048149302564,48182000.0,50660000.0,-0.04891433083300434,19.540000915527344,276.55,21988.737,4.5,0.0758524999999999,0.2157321740777979,4.0,-0.008555961986341898,165.89146860504152,164.38989200592042,-0.009051560105818979,0.0005,-0.00955156010581898,0,1
2021-10-11,163.75,164.62950134277344,161.90499877929688,162.31500244140625,40684000,20.0,276.55,21988.737,4.5,0.03668,0.1269286797654494,3,165.85000610351562,166.07150268554688,164.41000366210938,164.43099975585938,-0.008555961986341898,-0.004141553337694837,39964000.0,48182000.0,-0.1705616205221867,18.770000457763672,276.55,21988.737,4.5,0.24321825,0.0902891172119689,4.0,-0.008763343869274798,163.7909375,162.2744236907959,-0.009258838323726537,0.0005,-0.009758838323726537,0,1
2021-10-12,162.85000610351562,163.37649536132812,161.81399536132812,162.3665008544922,36392000,19.850000381469727,276.55,21988.737,4.5,0.110966,0.2006866860494238,5,163.75,164.62950134277344,161.90499877929688,162.31500244140625,-0.008763343869274798,0.003296082642160636,40684000.0,39964000.0,0.01801621459313374,20.0,276.55,21988.737,4.5,0.03668,0.1269286797654494,3.0,-0.0029690219889589864,162.8907186050415,162.32590922927858,-0.0034674128802416604,0.0005,-0.003967412880241661,0,1
2021-10-13,163.48550415039062,164.41900634765625,163.05450439453125,164.21400451660156,48402000,18.63999938964844,276.55,21988.737,4.5,0.032461,0.1966567442372623,7,162.85000610351562,163.37649536132812,161.81399536132812,162.3665008544922,-0.0029690219889589864,0.00689183600071086,36392000.0,40684000.0,-0.1054960180906499,19.850000381469727,276.55,21988.737,4.5,0.110966,0.2006866860494238,5.0,0.004456054804349963,163.52637552642824,164.17295101547242,0.003953952302573338,0.0005,0.003453952302573338,1,0
2021-10-14,165.12249755859375,165.6300048828125,164.53900146484375,164.9929962158203,42190000,16.860000610351562,276.55,21988.737,4.5,0.2640248333333333,0.1046170914380946,6,163.48550415039062,164.41900634765625,163.05450439453125,164.21400451660156,0.004456054804349963,0.005532372495674398,48402000.0,36392000.0,0.3300175862826995,18.63999938964844,276.55,21988.737,4.5,0.032461,0.1966567442372623,7.0,-0.0007842743701685917,165.1637781829834,164.95174796676636,-0.0012837573622355158,0.0005,-0.0017837573622355159,0,1
2021-10-15,165.5709991455078,170.52099609375,165.1999969482422,170.4510040283203,103598000,16.299999237060547,276.55,21988.737,4.5,0.423309,0.0,1,165.12249755859375,165.6300048828125,164.53900146484375,164.9929962158203,-0.0007842743701685917,0.003503196759524485,42190000.0,48402000.0,-0.12834180405768358,16.860000610351562,276.55,21988.737,4.5,0.2640248333333333,0.1046170914380946,6.0,0.029473790144394885,165.6123918952942,170.40839127731323,0.02895918190138347,0.0005,0.028459181901383468,1,0
2021-10-18,169.41799926757812,172.45849609375,169.2550048828125,172.33700561523438,63482000,16.309999465942383,276.55,21988.737,4.5,0.286868,0.1775364879369872,3,165.5709991455078,170.52099609375,165.1999969482422,170.4510040283203,0.029473790144394885,-0.006060420509875986,103598000.0,42190000.0,1.4555107845461008,16.299999237060547,276.55,21988.737,4.5,0.423309,0.0,1.0,0.01722961173119497,169.46035376739502,172.29392136383058,0.016721124047250457,0.0005,0.016221124047250457,1,0
2021-10-19,171.71449279785156,172.7344970703125,171.10000610351562,172.20750427246094,47722000,15.699999809265137,276.55,21988.737,4.5,0.2293674444444444,0.2056574611928236,9,169.41799926757812,172.45849609375,169.2550048828125,172.33700561523438,0.01722961173119497,-0.003612183089525489,63482000.0,103598000.0,-0.3872275526554567,16.309999465942383,276.55,21988.737,4.5,0.286868,0.1775364879369872,3.0,0.0028711116142641213,171.75742142105105,172.16445239639282,0.0023698013860138367,0.0005,0.0018698013860138367,1,0
2021-10-20,172.63299560546875,173.14300537109375,170.01849365234375,170.7530059814453,42796000,15.489999771118164,276.55,21988.737,4.5,0.1331665,0.0144567981413589,2,171.71449279785156,172.7344970703125,171.10000610351562,172.20750427246094,0.0028711116142641213,0.0024708059895846013,47722000.0,63482000.0,-0.24825934910683345,15.699999809265137,276.55,21988.737,4.5,0.2293674444444444,0.2056574611928236,9.0,-0.01089009443084632,172.67615385437014,170.71031772994996,-0.01138452577579474,0.0005,-0.011884525775794741,0,1
2021-10-21,170.71249389648438,172.01400756835938,170.14999389648438,171.75050354003906,37628000,15.010000228881836,276.55,21988.737,4.5,0.1124488571428571,0.1796443087960471,7,172.63299560546875,173.14300537109375,170.01849365234375,170.7530059814453,-0.01089009443084632,-0.0002372554715981412,42796000.0,47722000.0,-0.10322283223670425,15.489999771118164,276.55,21988.737,4.5,0.1331665,0.0144567981413589,2.0,0.006080455037954735,170.7551720199585,171.70756591415406,0.005577540539060344,0.0005,0.005077540539060343,1,0
2021-10-22,171.0500030517578,171.49200439453125,166.56500244140625,166.77749633789062,62782000,15.43000030517578,276.55,21988.737,4.5,0.123956,0.0,1,170.71249389648438,172.01400756835938,170.14999389648438,171.75050354003906,0.006080455037954735,-0.004078593505363104,37628000.0,42796000.0,-0.12075894943452659,15.010000228881836,276.55,21988.737,4.5,0.1124488571428571,0.1796443087960471,7.0,-0.024978115391055433,171.09276555252077,166.73580196380615,-0.0254655044860862,0.0005,-0.0259655044860862,0,1
2021-10-25,166.75,167.38999938964844,164.88499450683594,166.01849365234375,44520000,15.239999771118164,276.55,21988.737,4.5,0.2070355,0.1887154335387392,8,171.0500030517578,171.49200439453125,166.56500244140625,166.77749633789062,-0.024978115391055433,-0.00016486839348472948,62782000.0,37628000.0,0.6684915488466037,15.43000030517578,276.55,21988.737,4.5,0.123956,0.0,1.0,-0.004386844663605727,166.79168750000002,165.97698902893066,-0.004884526820734814,0.0005,-0.005384526820734814,0,1
2021-10-26,167.47549438476562,170.80599975585938,167.19900512695312,168.80349731445312,53966000,15.979999542236328,276.55,21988.737,4.5,0.2069862999999999,0.1342358987628785,10,166.75,167.38999938964844,164.88499450683594,166.01849365234375,-0.004386844663605727,0.00877613511825337,44520000.0,62782000.0,-0.2908795514637954,15.239999771118164,276.55,21988.737,4.5,0.2070355,0.1887154335387392,8.0,0.007929535808006039,167.51736325836183,168.7612964401245,0.007425696999803888,0.0005,0.0069256969998038875,1,0
2021-10-27,169.39999389648438,171.85000610351562,168.57249450683594,169.62449645996094,54044000,16.979999542236328,276.55,21988.737,4.5,0.27415975,0.1219109499631458,4,167.47549438476562,170.80599975585938,167.19900512695312,168.80349731445312,0.007929535808006039,0.003533674310787882,53966000.0,44520000.0,0.21217430368373758,15.979999542236328,276.55,21988.737,4.5,0.2069862999999999,0.1342358987628785,10.0,0.0013252808238810587,169.4423438949585,169.58209033584595,0.0008247433178454333,0.0005,0.0003247433178454333,1,0
2021-10-28,170.10499572753906,173.9499969482422,169.3000030517578,172.32850646972656,114174000,16.530000686645508,276.55,21988.737,4.5,0.0293894,0.2780705402812387,5,169.39999389648438,171.85000610351562,168.57249450683594,169.62449645996094,0.0013252808238810587,0.002832723324791342,54044000.0,53966000.0,0.001445354482451977,16.979999542236328,276.55,21988.737,4.5,0.27415975,0.1219109499631458,4.0,0.013071401769698454,170.14752197647095,172.28542434310913,0.012564992671088238,0.0005,0.012064992671088237,1,0
2021-10-29,165.00100708007812,168.74099731445312,163.66600036621094,168.6215057373047,129722000,16.260000228881836,276.55,21988.737,4.5,0.1303641999999999,0.237869751483547,10,170.10499572753906,173.9499969482422,169.3000030517578,172.32850646972656,0.013071401769698454,-0.042520529770480375,114174000.0,54044000.0,1.1126119458219228,16.530000686645508,276.55,21988.737,4.5,0.0293894,0.2780705402812387,5.0,0.021942282179341355,165.04225733184816,168.57935036087036,0.021431438749109022,0.0005,0.02093143874910902,1,0
2021-11-01,168.08999633789062,168.79299926757812,164.6009979248047,165.90550231933594,72178000,16.40999984741211,278.919,21988.737,4.1,0.1623289,0.2804851607429329,10,165.00100708007812,168.74099731445312,163.66600036621094,168.6215057373047,0.021942282179341355,-0.003152085477412969,129722000.0,114174000.0,0.13617811410653924,16.260000228881836,276.55,21988.737,4.5,0.1303641999999999,0.237869751483547,10.0,-0.012995978738457814,168.1320188369751,165.8640259437561,-0.013489357404422142,0.0005,-0.013989357404422142,0,1
2021-11-02,165.75050354003906,166.55599975585938,164.17750549316406,165.6374969482422,52552000,16.030000686645508,278.919,21988.737,4.1,0.2503156666666666,0.1903750287997352,9,168.08999633789062,168.79299926757812,164.6009979248047,165.90550231933594,-0.012995978738457814,-0.0009342594255766778,72178000.0,129722000.0,-0.4435947641880329,16.40999984741211,278.919,21988.737,4.1,0.1623289,0.2804851607429329,10.0,-0.0006817873212046077,165.79194116592407,165.59608757400514,-0.0011813215439882008,0.0005,-0.0016813215439882008,0,1
2021-11-03,165.4499969482422,169.74600219726562,164.87600708007812,169.1999969482422,67944000,15.100000381469728,278.919,21988.737,4.1,0.2324985833333333,0.1713814805049931,12,165.75050354003906,166.55599975585938,164.17750549316406,165.6374969482422,-0.0006817873212046077,-0.0011319900593438348,52552000.0,72178000.0,-0.27191110864806456,16.030000686645508,278.919,21988.737,4.1,0.2503156666666666,0.1903750287997352,9.0,0.022665458260317184,165.49135944747925,169.15769694900513,0.02215425333241905,0.0005,0.02165425333241905,1,0
2021-11-04,168.5,174.93150329589844,168.25,173.85000610351562,107060000,15.4399995803833,278.919,21988.737,4.1,0.1515584545454545,0.1986326388161641,11,165.4499969482422,169.74600219726562,164.87600708007812,169.1999969482422,0.022665458260317184,-0.004137097877468188,67944000.0,52552000.0,0.2928908509666617,15.100000381469728,278.919,21988.737,4.1,0.2324985833333333,0.1713814805049931,12.0,0.03175077806240734,168.54212500000003,173.80654360198974,0.031235031609988972,0.0005,0.030735031609988972,1,0
2021-11-05,173.85000610351562,178.3125,173.8489990234375,175.94949340820312,99940000,16.479999542236328,278.919,21988.737,4.1,0.1139605,0.304364220859647,6,168.5,174.93150329589844,168.25,173.85000610351562,0.03175077806240734,0.0,107060000.0,67944000.0,0.5757094077475569,15.4399995803833,278.919,21988.737,4.1,0.1515584545454545,0.1986326388161641,11.0,0.01207642928374364,173.8934686050415,175.90550603485107,0.011570517547035974,0.0005,0.011070517547035974,1,0
2021-11-08,176.16200256347656,178.9499969482422,174.39300537109375,174.44900512695312,61480000,17.219999313354492,278.919,21988.737,4.1,0.15961,0.1330403443095364,9,173.85000610351562,178.3125,173.8489990234375,175.94949340820312,0.01207642928374364,0.0012077849794112083,99940000.0,107060000.0,-0.06650476368391556,16.479999542236328,278.919,21988.737,4.1,0.1139605,0.304364220859647,6.0,-0.009723989348419226,176.20604306411744,174.4053928756714,-0.01021900360018202,0.0005,-0.01071900360018202,0,1
2021-11-09,175.7624969482422,179.68850708007812,175.07150268554688,178.81149291992188,85898000,17.780000686645508,278.919,21988.737,4.1,0.2298065,0.1424076369671635,8,176.16200256347656,178.9499969482422,174.39300537109375,174.44900512695312,-0.009723989348419226,0.007529374101808095,61480000.0,99940000.0,-0.38483089853912344,17.219999313354492,278.919,21988.737,4.1,0.15961,0.1330403443095364,9.0,0.017347249980054213,175.80643757247927,178.7667900466919,0.01683870349168637,0.0005,0.016338703491686368,1,0
2021-11-10,178.19349670410156,180.2725067138672,173.1544952392578,174.1024932861328,80548000,18.729999542236328,278.919,21988.737,4.1,0.2493328333333333,0.2403578098505781,6,175.7624969482422,179.68850708007812,175.07150268554688,178.81149291992188,0.017347249980054213,-0.0034561325210626936,85898000.0,61480000.0,0.3971698113207547,17.780000686645508,278.919,21988.737,4.1,0.2298065,0.1424076369671635,8.0,-0.02295820831644635,178.2380450782776,174.05896766281128,-0.023446607112589057,0.0005,-0.023946607112589058,0,1
2021-11-11,175.64999389648438,177.16200256347656,173.37350463867188,173.625,45288000,17.65999984741211,278.919,21988.737,4.1,0.203949,0.1094861296009681,3,178.19349670410156,180.2725067138672,173.1544952392578,174.1024932861328,-0.02295820831644635,0.008888446001794392,80548000.0,85898000.0,-0.06228317306572917,18.729999542236328,278.919,21988.737,4.1,0.2493328333333333,0.2403578098505781,6.0,-0.011528573679756349,175.6939063949585,173.58159375,-0.01202268586487032,0.0005,-0.01252268586487032,0,1
2021-11-12,174.25,177.0364990234375,172.3524932861328,176.25750732421875,53788000,16.290000915527344,278.919,21988.737,4.1,0.124567,0.0,1,175.64999389648438,177.16200256347656,173.37350463867188,173.625,-0.011528573679756349,0.003599712023038215,45288000.0,80548000.0,-0.4377514028902021,17.65999984741211,278.919,21988.737,4.1,0.203949,0.1094861296009681,3.0,0.011520845476147734,174.2935625,176.2134429473877,0.01101521146191331,0.0005,0.01051521146191331,1,0
2021-11-15,176.85000610351562,179.69400024414062,176.29049682617188,177.28399658203125,58594000,16.489999771118164,278.919,21988.737,4.1,0.2502419999999999,0.0850011696184235,5,174.25,177.0364990234375,172.3524932861328,176.25750732421875,0.011520845476147734,0.0033615520172256552,53788000.0,45288000.0,0.18768768768768762,16.290000915527344,278.919,21988.737,4.1,0.124567,0.0,1.0,0.0024540031865285528,176.89421860504152,177.23967558288575,0.0019529014603667516,0.0005,0.0014529014603667516,1,0
2021-11-16,176.9499969482422,178.8249969482422,176.25750732421875,177.03500366210938,44342000,16.3700008392334,278.919,21988.737,4.1,0.1441093,0.2135064805345105,10,176.85000610351562,179.69400024414062,176.29049682617188,177.28399658203125,0.0024540031865285528,-0.0018839807327702962,58594000.0,53788000.0,0.08935078456161216,16.489999771118164,278.919,21988.737,4.1,0.2502419999999999,0.0850011696184235,5.0,0.00048039963454793444,176.99423444747927,176.99074491119384,-1.9715536476727635e-05,0.0005,-0.0005197155364767276,0,1
2021-11-17,178.23599243164062,179.3625030517578,177.2675018310547,177.4499969482422,51206000,17.110000610351562,278.919,21988.737,4.1,0.0346436666666666,0.275300156201675,6,176.9499969482422,178.8249969482422,176.25750732421875,177.03500366210938,0.00048039963454793444,0.006783905694850434,44342000.0,58594000.0,-0.24323309553879235,16.3700008392334,278.919,21988.737,4.1,0.1441093,0.2135064805345105,10.0,-0.004409858371899222,178.28055142974856,177.40563444900513,-0.004907529025050095,0.0005,-0.005407529025050095,0,1
2021-11-18,178.3175048828125,185.2100067138672,178.0500030517578,184.8029937744141,114070000,17.59000015258789,278.919,21988.737,4.1,0.320473,0.1046180475847472,10,178.23599243164062,179.3625030517578,177.2675018310547,177.4499969482422,-0.004409858371899222,0.00488874584102339,51206000.0,44342000.0,0.1547968066393035,17.110000610351562,278.919,21988.737,4.1,0.0346436666666666,0.275300156201675,6.0,0.036370455586308026,178.36208425903322,184.7567930259705,0.03585239987244315,0.0005,0.03535239987244315,1,0
2021-11-19,185.634506225586,188.1074981689453,183.78599548339844,183.82850646972656,98734000,17.90999984741211,278.919,21988.737,4.1,0.084865,0.3412027038828971,9,178.3175048828125,185.2100067138672,178.0500030517578,184.8029937744141,0.036370455586308026,0.004499453359434913,114070000.0,51206000.0,1.2276686325821191,17.59000015258789,278.919,21988.737,4.1,0.320473,0.1046180475847472,10.0,-0.009728793383191103,185.6809148521424,183.78254934310914,-0.010223805233536942,0.0005,-0.010723805233536943,0,1
2021-11-22,183.81900024414065,185.67300415039065,178.375,178.6284942626953,96844000,19.170000076293945,278.919,21988.737,4.1,0.2140501666666666,0.0799437138852497,6,185.634506225586,188.1074981689453,183.78599548339844,183.82850646972656,-0.009728793383191103,-5.171246706214827e-05,98734000.0,114070000.0,-0.13444376260191115,17.90999984741211,278.919,21988.737,4.1,0.084865,0.3412027038828971,9.0,-0.028237048262429454,183.8649549942017,178.58383713912966,-0.028722808298289326,0.0005,-0.029222808298289327,0,1
2021-11-23,179.2519989013672,181.0525054931641,176.385498046875,179.0019989013672,73804000,19.3799991607666,278.919,21988.737,4.1,-0.0202293333333333,0.2555285346107814,3,183.81900024414065,185.67300415039065,178.375,178.6284942626953,-0.028237048262429454,0.003490510521546142,96844000.0,98734000.0,-0.019142342050357475,19.170000076293945,278.919,21988.737,4.1,0.2140501666666666,0.0799437138852497,6.0,-0.001394684586683792,179.29681190109255,178.95724840164186,-0.0018938624499247325,0.0005,-0.0023938624499247325,0,1
2021-11-24,178.1334991455078,180.6820068359375,176.84249877929688,179.02049255371094,46560000,18.57999992370605,278.919,21988.737,4.1,0.108022,0.0029684342674211,2,179.2519989013672,181.0525054931641,176.385498046875,179.0019989013672,-0.001394684586683792,-0.00485189976195699,73804000.0,96844000.0,-0.23790838874891573,19.3799991607666,278.919,21988.737,4.1,-0.0202293333333333,0.2555285346107814,3.0,0.004979374527856795,178.1780325202942,178.9757374305725,0.004477010431616746,0.0005,0.003977010431616745,1,0
2021-11-26,180.10499572753906,181.6750030517578,175.20750427246094,175.22799682617188,59826000,28.6200008392334,278.919,21988.737,4.1,0.2339629999999999,0.1604948545530354,2,178.1334991455078,180.6820068359375,176.84249877929688,179.02049255371094,0.004979374527856795,0.0060579834093728024,46560000.0,73804000.0,-0.3691398840171265,18.57999992370605,278.919,21988.737,4.1,0.108022,0.0029684342674211,2.0,-0.02707864310851804,180.15002197647095,175.18418982696534,-0.02756498220219028,0.0005,-0.02806498220219028,0,1
2021-11-29,177.3820037841797,179.8000030517578,176.5749969482422,178.07850646972656,65312000,22.959999084472656,278.919,21988.737,4.1,0.1850256666666666,0.1365077027492099,6,180.10499572753906,181.6750030517578,175.20750427246094,175.22799682617188,-0.02707864310851804,0.012292595915164295,59826000.0,46560000.0,0.28492268041237123,28.6200008392334,278.919,21988.737,4.1,0.2339629999999999,0.1604948545530354,2.0,0.0039265690469609815,177.42634928512575,178.03398684310915,0.0034247312218937953,0.0005,0.0029247312218937953,1,0
2021-11-30,178.1750030517578,179.2884979248047,174.60049438476562,175.35350036621094,80022000,27.190000534057617,278.919,21988.737,4.1,0.3857669999999999,0.0667910160725228,3,177.3820037841797,179.8000030517578,176.5749969482422,178.07850646972656,0.0039265690469609815,0.0005418766360085758,65312000.0,59826000.0,0.09169926119078653,22.959999084472656,278.919,21988.737,4.1,0.1850256666666666,0.1365077027492099,6.0,-0.01583556973324285,178.21954680252077,175.30966199111938,-0.016327528958570037,0.0005,-0.016827528958570037,0,1
2021-12-01,177.25,177.99400329589844,172.0800018310547,172.18600463867188,74916000,31.1200008392334,280.845,21988.737,3.9,0.2954833333333334,0.1502552642083908,3,178.1750030517578,179.2884979248047,174.60049438476562,175.35350036621094,-0.01583556973324285,0.01081529384830282,80022000.0,65312000.0,0.22522660460558552,27.190000534057617,278.919,21988.737,4.1,0.3857669999999999,0.0667910160725228,3.0,-0.028569790472937284,177.29431250000002,172.1429581375122,-0.029055384179274224,0.0005,-0.029555384179274224,0,1
2021-12-02,173.0,174.63499450683594,171.1875,171.8679962158203,64726000,27.950000762939453,280.845,21988.737,3.9,0.1072641666666666,0.1984258231313824,6,177.25,177.99400329589844,172.0800018310547,172.18600463867188,-0.028569790472937284,0.0047274188342791845,74916000.0,80022000.0,-0.06380745295043866,31.1200008392334,280.845,21988.737,3.9,0.2954833333333334,0.1502552642083908,3.0,-0.006543374475027064,173.04325,171.82502921676635,-0.007039978636749211,0.0005,-0.007539978636749212,0,1
2021-12-03,172.75,173.49349975585938,166.92999267578125,169.489501953125,80712000,30.670000076293945,280.845,21988.737,3.9,0.0619295714285714,0.1914409257123958,7,173.0,174.63499450683594,171.1875,171.8679962158203,-0.006543374475027064,0.005131867500637766,64726000.0,74916000.0,-0.13601900795557686,27.950000762939453,280.845,21988.737,3.9,0.1072641666666666,0.1984258231313824,6.0,-0.018874084207670005,172.79318750000002,169.44712957763673,-0.019364524555479323,0.0005,-0.019864524555479324,0,1
2021-12-06,169.64999389648438,173.69549560546875,166.9344940185547,171.36849975585938,68860000,27.18000030517578,280.845,21988.737,3.9,0.244014,0.0,1,172.75,173.49349975585938,166.92999267578125,169.489501953125,-0.018874084207670005,0.000946913770528246,80712000.0,64726000.0,0.24697957544109017,30.670000076293945,280.845,21988.737,3.9,0.0619295714285714,0.1914409257123958,7.0,0.010129713652825556,169.6924063949585,171.3256576309204,0.00962477503065462,0.0005,0.00912477503065462,1,0
2021-12-07,174.60000610351562,177.49949645996094,173.33450317382812,176.1645050048828,66410000,21.88999938964844,280.845,21988.737,3.9,0.1253355,0.2541592578147498,10,169.64999389648438,173.69549560546875,166.9344940185547,171.36849975585938,0.010129713652825556,0.01885706155016842,68860000.0,80712000.0,-0.14684309644166915,27.18000030517578,280.845,21988.737,3.9,0.244014,0.0,1.0,0.008960474494139614,174.64365610504152,176.1204638786316,0.008456120345429863,0.0005,0.007956120345429862,1,0
2021-12-08,176.15049743652344,177.17999267578125,174.75050354003906,176.1580047607422,45254000,19.89999961853028,280.845,21988.737,3.9,0.2230014285714285,0.2035141904297725,7,174.60000610351562,177.49949645996094,173.33450317382812,176.1645050048828,0.008960474494139614,-7.951413571638533e-05,66410000.0,68860000.0,-0.035579436537902964,21.88999938964844,280.845,21988.737,3.9,0.1253355,0.2541592578147498,10.0,4.2618807939875936e-05,176.19453506088257,176.113965259552,-0.0004572775273803398,0.0005,-0.0009572775273803398,0,1
2021-12-09,175.75,176.96949768066406,174.13949584960938,174.17100524902344,46062000,21.57999992370605,280.845,21988.737,3.9,0.2900746666666666,0.199514659422142,3,176.15049743652344,177.17999267578125,174.75050354003906,176.1580047607422,4.2618807939875936e-05,-0.00231612955253635,45254000.0,66410000.0,-0.31856648095166396,19.89999961853028,280.845,21988.737,3.9,0.2230014285714285,0.2035141904297725,7.0,-0.008984322907405806,175.79393750000003,174.12746249771118,-0.009479706899954143,0.0005,-0.009979706899954144,0,1
2021-12-10,175.41700744628906,175.927001953125,170.5,172.21200561523438,60690000,18.690000534057617,280.845,21988.737,3.9,0.0114099999999999,0.139967007545826,4,175.75,176.96949768066406,174.13949584960938,174.17100524902344,-0.008984322907405806,0.007153901394116202,46062000.0,45254000.0,0.017854775268484557,21.57999992370605,280.845,21988.737,3.9,0.2900746666666666,0.199514659422142,3.0,-0.018270758791937736,175.46086169815064,172.16895261383058,-0.018761500727057845,0.0005,-0.019261500727057845,0,1
2021-12-13,172.0,172.10000610351562,169.1300048828125,169.5675048828125,62170000,20.309999465942383,280.845,21988.737,3.9,0.1355836249999999,0.1845946866476757,8,175.41700744628906,175.927001953125,170.5,172.21200561523438,-0.018270758791937736,-0.0012310733765452664,60690000.0,46062000.0,0.31757196821675127,18.690000534057617,280.845,21988.737,3.9,0.0114099999999999,0.139967007545826,4.0,-0.014142413472020388,172.043,169.5251130065918,-0.014635219063886429,0.0005,-0.01513521906388643,0,1
2021-12-14,167.5500030517578,169.49899291992188,166.44000244140625,169.0915069580078,55976000,21.88999938964844,280.845,21988.737,3.9,0.1095334,0.3059241487465479,5,172.0,172.10000610351562,169.1300048828125,169.5675048828125,-0.014142413472020388,-0.011897927214586157,62170000.0,60690000.0,0.02438622507826671,20.309999465942383,280.845,21988.737,3.9,0.1355836249999999,0.1845946866476757,8.0,0.009200261881068483,167.59189055252077,169.0492340812683,0.0086957878686309,0.0005,0.0081957878686309,1,0
2021-12-15,168.59800720214844,173.60000610351562,165.19500732421875,173.31500244140625,75794000,19.290000915527344,280.845,21988.737,3.9,0.22864525,0.1263763052115256,4,167.5500030517578,169.49899291992188,166.44000244140625,169.0915069580078,0.009200261881068483,-0.002918536623970902,55976000.0,62170000.0,-0.09963004664629238,21.88999938964844,280.845,21988.737,3.9,0.1095334,0.3059241487465479,5.0,0.027977763898491048,168.64015670394897,173.2716736907959,0.027463903481645957,0.0005,0.026963903481645957,1,0
2021-12-16,173.36849975585938,174.16600036621094,168.16050720214844,168.87100219726562,60876000,20.56999969482422,280.845,21988.737,3.9,0.1503325555555555,0.1388538560700702,9,168.59800720214844,173.60000610351562,165.19500732421875,173.31500244140625,0.027977763898491048,0.0003086709961603873,75794000.0,55976000.0,0.35404459053880233,19.290000915527344,280.845,21988.737,3.9,0.22864525,0.1263763052115256,4.0,-0.025941838136265827,173.41184188079836,168.82878444671633,-0.02642874549035923,0.0005,-0.02692874549035923,0,1
2021-12-17,167.7104949951172,170.89849853515625,165.61349487304688,170.0175018310547,85542000,21.56999969482422,280.845,21988.737,3.9,0.0485851666666666,0.1835082879429882,6,173.36849975585938,174.16600036621094,168.16050720214844,168.87100219726562,-0.025941838136265827,-0.0068721520394176006,60876000.0,75794000.0,-0.19682296751721773,20.56999969482422,280.845,21988.737,3.9,0.1503325555555555,0.1388538560700702,9.0,0.013755888300279961,167.75242261886598,169.97499745559693,0.013249137043944037,0.0005,0.012749137043944037,1,0
2021-12-20,166.85000610351562,167.87449645996094,165.60000610351562,167.07899475097656,57372000,22.8700008392334,280.845,21988.737,3.9,0.0195299999999999,0.2385344431684168,7,167.7104949951172,170.89849853515625,165.61349487304688,170.0175018310547,0.013755888300279961,-0.018630409772086742,85542000.0,60876000.0,0.40518430908732506,21.56999969482422,280.845,21988.737,3.9,0.0485851666666666,0.1835082879429882,6.0,0.0013724221701187922,166.89171860504152,167.03722500228884,0.0008718610993014853,0.0005,0.00037186109930148524,1,0
2021-12-21,167.85049438476562,170.7165069580078,165.6475067138672,170.41700744628906,55956000,21.01000022888184,280.845,21988.737,3.9,0.047192,0.0215370583413798,2,166.85000610351562,167.87449645996094,165.60000610351562,167.07899475097656,0.0013724221701187922,0.004617574069911923,57372000.0,85542000.0,-0.3293119169530757,22.8700008392334,280.845,21988.737,3.9,0.0195299999999999,0.2385344431684168,7.0,0.015290470671121215,167.89245700836182,170.3744031944275,0.014782952315374409,0.0005,0.014282952315374409,1,0
2021-12-22,169.27000427246094,172.0500030517578,168.50050354003906,171.03700256347656,55036000,18.6299991607666,280.845,21988.737,3.9,0.0318921999999999,0.1608310555573767,5,167.85049438476562,170.7165069580078,165.6475067138672,170.41700744628906,0.015290470671121215,-0.006730567512104879,55956000.0,57372000.0,-0.024681029073415628,21.01000022888184,280.845,21988.737,3.9,0.047192,0.0215370583413798,2.0,0.010438933339727674,169.31232177352908,170.9942433128357,0.00993384014635601,0.0005,0.00943384014635601,1,0
2021-12-23,170.42799377441406,171.97500610351562,170.14999389648438,171.06849670410156,36788000,17.959999084472656,280.845,21988.737,3.9,0.0991886,0.1563434559001431,5,169.27000427246094,172.0500030517578,168.50050354003906,171.03700256347656,0.010438933339727674,-0.0035606844129326687,55036000.0,55956000.0,-0.01644148974194004,18.6299991607666,280.845,21988.737,3.9,0.0318921999999999,0.1608310555573767,5.0,0.00375820260218096,170.4706007728577,171.02572957992555,0.003256448939295664,0.0005,0.002756448939295664,1,0
2021-12-27,171.03700256347656,172.9429931640625,169.2154998779297,169.66949462890625,58688000,17.68000030517578,280.845,21988.737,3.9,0.186823,0.0968382736834976,2,170.42799377441406,171.97500610351562,170.14999389648438,171.06849670410156,0.00375820260218096,-0.0001841025158447751,36788000.0,55036000.0,-0.33156479395304894,17.959999084472656,280.845,21988.737,3.9,0.0991886,0.1563434559001431,5.0,-0.007995392307362237,171.07976181411743,169.62707725524902,-0.008491270641625026,0.0005,-0.008991270641625027,0,1
2021-12-28,170.1824951171875,172.17599487304688,169.135498046875,170.66099548339844,54638000,17.540000915527344,280.845,21988.737,3.9,0.0788229999999999,0.2474447292649411,3,171.03700256347656,172.9429931640625,169.2154998779297,169.66949462890625,-0.007995392307362237,0.003023528120969843,58688000.0,36788000.0,0.5953028161356964,17.68000030517578,280.845,21988.737,3.9,0.186823,0.0968382736834976,2.0,0.0028116896857190987,170.22504074096682,170.6183302345276,0.002310409161007332,0.0005,0.0018104091610073318,1,0
2021-12-29,170.83999633789062,171.21200561523438,168.60049438476562,169.2010040283203,35754000,16.950000762939453,280.845,21988.737,3.9,0.453254,0.0053329993437089,2,170.1824951171875,172.17599487304688,169.135498046875,170.66099548339844,0.0028116896857190987,0.0010488679852427296,54638000.0,58688000.0,-0.06900899672846239,17.540000915527344,280.845,21988.737,3.9,0.0788229999999999,0.2474447292649411,3.0,-0.009593727140620456,170.8827063369751,169.15870377731324,-0.010088806507208448,0.0005,-0.010588806507208448,0,1
2021-12-30,169.6999969482422,170.88800048828125,168.5240020751953,168.64450073242188,37584000,17.329999923706055,280.845,21988.737,3.9,0.108342,0.0,1,170.83999633789062,171.21200561523438,168.60049438476562,169.2010040283203,-0.009593727140620456,0.002949113232438849,35754000.0,54638000.0,-0.34562026428492987,16.950000762939453,280.845,21988.737,3.9,0.453254,0.0053329993437089,2.0,-0.006219777459054554,169.74242194747927,168.60233960723878,-0.006716543378845197,0.0005,-0.007216543378845197,0,1
2021-12-31,168.95599365234375,169.35000610351562,166.55850219726562,166.7169952392578,47830000,17.219999313354492,280.845,21988.737,3.9,0.0,0.0,0,169.6999969482422,170.88800048828125,168.5240020751953,168.64450073242188,-0.006219777459054554,0.001847038703124415,37584000.0,35754000.0,0.05118308441013597,17.329999923706055,280.845,21988.737,3.9,0.108342,0.0,1.0,-0.013251962032747255,168.99823265075685,166.675315990448,-0.013745212739054269,0.0005,-0.01424521273905427,0,1
2022-01-03,167.5500030517578,170.70350646972656,166.16050720214844,170.4044952392578,63520000,16.600000381469727,282.543,21932.71,4.0,0.238543,0.0,1,168.95599365234375,169.35000610351562,166.55850219726562,166.7169952392578,-0.013251962032747255,0.004996538063228195,47830000.0,37584000.0,0.2726160068114092,17.219999313354492,280.845,21988.737,3.9,0.0,0.0,0.0,0.01703665852287828,167.59189055252077,170.361894115448,0.016528267291424426,0.0005,0.016028267291424425,1,0
2022-01-04,170.43800354003906,171.39999389648438,166.34950256347656,167.52200317382812,70726000,16.90999984741211,282.543,21932.71,4.0,-0.06571575,0.2753399035233542,4,167.5500030517578,170.70350646972656,166.16050720214844,170.4044952392578,0.01703665852287828,0.00019663977017869705,63520000.0,47830000.0,0.3280367969893372,16.600000381469727,282.543,21932.71,4.0,0.238543,0.0,1.0,-0.017108862493369403,170.48061304092408,167.48012267303469,-0.017600185231438137,0.0005,-0.018100185231438137,0,1
2022-01-05,166.88299560546875,167.12649536132812,164.35699462890625,164.35699462890625,64302000,19.729999542236328,282.543,21932.71,4.0,0.2000692857142857,0.2440139291473025,7,170.43800354003906,171.39999389648438,166.34950256347656,167.52200317382812,-0.017108862493369403,-0.0038144694801452994,70726000.0,63520000.0,0.11344458438287153,16.90999984741211,282.543,21932.71,4.0,-0.06571575,0.2753399035233542,4.0,-0.015136359264153354,166.92471635437013,164.31590538024903,-0.015628668007335533,0.0005,-0.016128668007335534,0,1
2022-01-06,163.45050048828125,164.8000030517578,161.93699645996094,163.25399780273438,51958000,19.61000061035156,282.543,21932.71,4.0,0.2612695,0.0911836081632366,4,166.88299560546875,167.12649536132812,164.35699462890625,164.35699462890625,-0.015136359264153354,-0.005515397398642707,64302000.0,70726000.0,-0.09082939795831801,19.729999542236328,282.543,21932.71,4.0,0.2000692857142857,0.2440139291473025,7.0,-0.0012022152575847933,163.49136311340334,163.2131843032837,-0.0017014893314375445,0.0005,-0.0022014893314375446,0,1
2022-01-07,163.83900451660156,165.24349975585938,162.031005859375,162.5540008544922,46606000,18.76000022888184,282.543,21932.71,4.0,0.129459,0.0,1,163.45050048828125,164.8000030517578,161.93699645996094,163.25399780273438,-0.0012022152575847933,0.0035834143221047388,51958000.0,64302000.0,-0.1919691455942273,19.61000061035156,282.543,21932.71,4.0,0.2612695,0.0911836081632366,4.0,-0.007843087584062824,163.8799642677307,162.51336235427857,-0.008339042051653922,0.0005,-0.008839042051653923,0,1
2022-01-10,160.5854949951172,161.6614990234375,156.30450439453125,161.48599243164062,87798000,19.39999961853028,282.543,21932.71,4.0,0.1102148,0.2694370222050043,5,163.83900451660156,165.24349975585938,162.031005859375,162.5540008544922,-0.007843087584062824,-0.012109857948910618,46606000.0,51958000.0,-0.10300627429847187,18.76000022888184,282.543,21932.71,4.0,0.129459,0.0,1.0,0.005607588883110637,160.62564136886598,161.44562093353272,0.005104910758200187,0.0005,0.004604910758200187,1,0
2022-01-11,161.5,166.35000610351562,160.70150756835938,165.36199951171875,62806000,18.40999984741211,282.543,21932.71,4.0,0.2866376666666667,0.0379746205291551,3,160.5854949951172,161.6614990234375,156.30450439453125,161.48599243164062,0.005607588883110637,8.67416928764797e-05,87798000.0,46606000.0,0.8838346993949278,19.39999961853028,282.543,21932.71,4.0,0.1102148,0.2694370222050043,5.0,0.023913309670085203,161.540375,165.32065901184083,0.02340148097242456,0.0005,0.02290148097242456,1,0
2022-01-12,166.5749969482422,166.8780059814453,164.41700744628906,165.20700073242188,50030000,17.6200008392334,282.543,21932.71,4.0,0.074604,0.1900720441543153,3,161.5,166.35000610351562,160.70150756835938,165.36199951171875,0.023913309670085203,0.007335406200367656,62806000.0,87798000.0,-0.2846534089614797,18.40999984741211,282.543,21932.71,4.0,0.2866376666666667,0.0379746205291551,3.0,-0.008212494317171637,166.61664069747926,165.16569898223878,-0.008708264127560428,0.0005,-0.009208264127560428,0,1
2022-01-13,165.25050354003906,166.22149658203125,161.09100341796875,161.21400451660156,52188000,20.309999465942383,282.543,21932.71,4.0,0.2651531666666666,0.0743776606903354,6,166.5749969482422,166.8780059814453,164.41700744628906,165.20700073242188,-0.008212494317171637,0.00026332302762188675,50030000.0,62806000.0,-0.20342005540871888,17.6200008392334,282.543,21932.71,4.0,0.074604,0.1900720441543153,3.0,-0.02442654598301719,165.29181616592408,161.1737010154724,-0.024914210793822944,0.0005,-0.025414210793822944,0,1
2022-01-14,160.14999389648438,162.25,159.80050659179688,162.13800048828125,45974000,19.190000534057617,282.543,21932.71,4.0,-0.1036869999999999,0.2297898658100483,3,165.25050354003906,166.22149658203125,161.09100341796875,161.21400451660156,-0.02442654598301719,-0.0065999887745956665,52188000.0,50030000.0,0.043134119528283055,20.309999465942383,282.543,21932.71,4.0,0.2651531666666666,0.0743776606903354,6.0,0.01241340410591496,160.1900313949585,162.09746598815917,0.011907323923907365,0.0005,0.011407323923907364,1,0
2022-01-18,159.10499572753906,159.7344970703125,157.6645050048828,158.91749572753906,67292000,22.790000915527344,282.543,21932.71,4.0,0.0562718,0.2534936051534633,5,160.14999389648438,162.25,159.80050659179688,162.13800048828125,0.01241340410591496,-0.018706316542749013,45974000.0,52188000.0,-0.11906951789683451,19.190000534057617,282.543,21932.71,4.0,-0.1036869999999999,0.2297898658100483,3.0,-0.0011784670817067688,159.14477197647096,158.87776635360717,-0.001677753026679829,0.0005,-0.002177753026679829,0,1
2022-01-19,158.76199340820312,159.25,156.25,156.2989959716797,53242000,23.850000381469727,282.543,21932.71,4.0,0.125254,0.2373593204574027,6,159.10499572753906,159.7344970703125,157.6645050048828,158.91749572753906,-0.0011784670817067688,-0.0009785097520196295,67292000.0,45974000.0,0.46369687214512556,22.790000915527344,282.543,21932.71,4.0,0.0562718,0.2534936051534633,5.0,-0.015513772431608785,158.80168390655518,156.25992122268678,-0.01600589251537199,0.0005,-0.01650589251537199,0,1
2022-01-20,156.76600646972656,158.0,151.3509979248047,151.66749572753906,71974000,25.59000015258789,282.543,21932.71,4.0,0.239882,0.0934605345587109,4,158.76199340820312,159.25,156.25,156.2989959716797,-0.015513772431608785,0.0029879302496063076,53242000.0,67292000.0,-0.20879153539796702,23.850000381469727,282.543,21932.71,4.0,0.125254,0.2373593204574027,6.0,-0.03252306323930043,156.805197971344,151.62957885360717,-0.033006680803289834,0.0005,-0.033506680803289834,0,1
2022-01-21,149.9499969482422,150.89999389648438,142.07049560546875,142.64300537109375,163972000,28.850000381469727,282.543,21932.71,4.0,0.198932,0.1193497251693526,2,156.76600646972656,158.0,151.3509979248047,151.66749572753906,-0.03252306323930043,-0.011324105874222723,71974000.0,53242000.0,0.35182750460163037,25.59000015258789,282.543,21932.71,4.0,0.239882,0.0934605345587109,4.0,-0.04872952134617625,149.98748444747926,142.607344619751,-0.04920503770641316,0.0005,-0.04970503770641316,0,1
2022-01-24,139.0,144.94500732421875,135.3520050048828,144.54400634765625,155624000,29.89999961853028,282.543,21932.71,4.0,0.24394,0.101894312549818,4,149.9499969482422,150.89999389648438,142.07049560546875,142.64300537109375,-0.04872952134617625,-0.025539320078234895,163972000.0,71974000.0,1.2782115764025899,28.850000381469727,282.543,21932.71,4.0,0.198932,0.1193497251693526,2.0,0.03988493775292268,139.03475,144.50787034606935,0.03936512523717517,0.0005,0.03886512523717517,1,0
2022-01-25,142.24249267578125,143.60000610351562,138.14500427246094,139.98599243164062,90824000,31.15999984741211,282.543,21932.71,4.0,-0.0358396666666666,0.1807671945938569,3,139.0,144.94500732421875,135.3520050048828,144.54400634765625,0.03988493775292268,-0.015922581157321813,155624000.0,163972000.0,-0.050911131168736135,29.89999961853028,282.543,21932.71,4.0,0.24394,0.101894312549818,4.0,-0.01586375633393855,142.2780532989502,139.9509959335327,-0.016355701469487727,0.0005,-0.016855701469487727,0,1
2022-01-26,144.75,145.18499755859375,137.31849670410156,138.87249755859375,95602000,31.959999084472656,282.543,21932.71,4.0,0.20443575,0.1000165975871838,4,142.24249267578125,143.60000610351562,138.14500427246094,139.98599243164062,-0.01586375633393855,0.03403203053109616,90824000.0,155624000.0,-0.4163882177556161,31.15999984741211,282.543,21932.71,4.0,-0.0358396666666666,0.1807671945938569,3.0,-0.04060450736722798,144.7861875,138.8377794342041,-0.04108408521908158,0.0005,-0.04158408521908158,0,1
2022-01-27,140.8000030517578,144.24349975585938,139.35000610351562,139.6374969482422,77516000,30.489999771118164,282.543,21932.71,4.0,0.2628095,0.1138851134832819,6,144.75,145.18499755859375,137.31849670410156,138.87249755859375,-0.04060450736722798,0.013879677596716267,95602000.0,90824000.0,0.052607240376992825,31.959999084472656,282.543,21932.71,4.0,0.20443575,0.1000165975871838,4.0,-0.008256435215333702,140.83520305252077,139.60258757400513,-0.008752183060764751,0.0005,-0.009252183060764751,0,1
2022-01-28,140.86050415039062,143.9980010986328,137.92950439453125,143.97799682617188,74392000,27.65999984741211,282.543,21932.71,4.0,0.2394485,0.1390801256848008,2,140.8000030517578,144.24349975585938,139.35000610351562,139.6374969482422,-0.008256435215333702,0.008758444034568713,77516000.0,95602000.0,-0.1891801426748394,30.489999771118164,282.543,21932.71,4.0,0.2628095,0.1138851134832819,6.0,0.022131772810161543,140.89571927642822,143.94200232696534,0.021620834658294452,0.0005,0.02112083465829445,1,0
2022-01-31,144.75,150.36050415039062,144.30050659179688,149.57350158691406,78308000,24.82999992370605,282.543,21932.71,4.0,0.121372,0.0133284503600381,3,140.86050415039062,143.9980010986328,137.92950439453125,143.97799682617188,0.022131772810161543,0.0053619524569450405,74392000.0,77516000.0,-0.04030135713917127,27.65999984741211,282.543,21932.71,4.0,0.2394485,0.1390801256848008,2.0,0.03332298160216962,144.7861875,149.53610821151733,0.03280644924445797,0.0005,0.03230644924445797,1,0
2022-02-01,150.0,151.70799255371094,147.62750244140625,151.19349670410156,59220000,21.959999084472656,284.5,21932.71,3.9,0.2462245,0.1657662137399134,4,144.75,150.36050415039062,144.30050659179688,149.57350158691406,0.03332298160216962,0.002851430290532475,78308000.0,74392000.0,0.0526400688246047,24.82999992370605,282.543,21932.71,4.0,0.121372,0.0133284503600381,3.0,0.007956644694010473,150.03750000000002,151.15569832992554,0.0074527923347531555,0.0005,0.006952792334753155,1,0
2022-02-02,155.05050659179688,155.0749969482422,148.86349487304688,150.6125030517578,87330000,22.09000015258789,284.5,21932.71,3.9,0.1642338,0.2334990950286531,5,150.0,151.70799255371094,147.62750244140625,151.19349670410156,0.007956644694010473,0.025510421888342183,59220000.0,78308000.0,-0.24375542728712263,21.959999084472656,284.5,21932.71,3.9,0.2462245,0.1657662137399134,4.0,-0.0286229541430848,155.08926921844483,150.57484992599487,-0.02910852127423047,0.0005,-0.02960852127423047,0,1
2022-02-03,141.7375030517578,144.24749755859375,138.33299255371094,138.8455047607422,225532000,24.350000381469727,284.5,21932.71,3.9,0.1537881818181818,0.1603507075037825,11,155.05050659179688,155.0749969482422,148.86349487304688,150.6125030517578,-0.0286229541430848,-0.058926050760540916,87330000.0,59220000.0,0.47467071935157046,22.09000015258789,284.5,21932.71,3.9,0.1642338,0.2334990950286531,5.0,-0.02040390319250629,141.77293742752076,138.810793384552,-0.020893578822002712,0.0005,-0.021393578822002712,0,1
2022-02-04,155.60650634765625,161.1999969482422,150.60800170898438,157.63949584960938,253456000,23.21999931335449,284.5,21932.71,3.9,0.3186985714285714,0.1184230518295278,7,141.7375030517578,144.24749755859375,138.33299255371094,138.8455047607422,-0.02040390319250629,0.1207169192535007,225532000.0,87330000.0,1.5825260506126186,24.350000381469727,284.5,21932.71,3.9,0.1537881818181818,0.1603507075037825,11.0,0.013064938926210523,155.64540797424317,157.60008597564698,0.012558533058214527,0.0005,0.012058533058214527,1,0
2022-02-07,158.52000427246094,162.6909942626953,157.25,157.9355010986328,102624000,22.86000061035156,284.5,21932.71,3.9,0.2633954999999999,0.0689916146056895,6,155.60650634765625,161.1999969482422,150.60800170898438,157.63949584960938,0.013064938926210523,0.005585582585797999,253456000.0,225532000.0,0.12381391554191867,23.21999931335449,284.5,21932.71,3.9,0.3186985714285714,0.1184230518295278,7.0,-0.003687251817275361,158.55963427352907,157.89601722335817,-0.004185283683400209,0.0005,-0.00468528368340021,0,1
2022-02-08,156.75050354003906,161.79249572753906,155.55050659179688,161.4134979248047,76040000,21.440000534057617,284.5,21932.71,3.9,0.2828392857142857,0.1290710811035458,7,158.52000427246094,162.6909942626953,157.25,157.9355010986328,-0.003687251817275361,-0.0075030474488044785,102624000.0,253456000.0,-0.5951013193611514,22.86000061035156,284.5,21932.71,3.9,0.2633954999999999,0.0689916146056895,6.0,0.029747874995339707,156.7896911659241,161.3731445503235,0.029233129744154596,0.0005,0.028733129744154595,1,0
2022-02-09,162.87350463867188,163.83450317382812,160.25,161.1894989013672,68786000,19.959999084472656,284.5,21932.71,3.9,-0.0082105,0.1952852152941947,2,156.75050354003906,161.79249572753906,155.55050659179688,161.4134979248047,0.029747874995339707,0.009045133973537567,76040000.0,102624000.0,-0.25904271905207354,21.440000534057617,284.5,21932.71,3.9,0.2828392857142857,0.1290710811035458,7.0,-0.010339347342224747,162.91422301483155,161.14920152664186,-0.01083405399189119,0.0005,-0.011334053991891191,0,1
2022-02-10,158.35000610351562,160.7165069580078,157.75,159.0034942626953,68268000,23.90999984741211,284.5,21932.71,3.9,0.2650956666666667,0.1625808372320264,6,162.87350463867188,163.83450317382812,160.25,161.1894989013672,-0.010339347342224747,-0.017615867145223008,68786000.0,76040000.0,-0.09539715938979487,19.959999084472656,284.5,21932.71,3.9,-0.0082105,0.1952852152941947,2.0,0.004126859071621913,158.3895936050415,158.96374338912963,0.0036249211265724224,0.0005,0.0031249211265724224,1,0
2022-02-11,158.13450622558594,159.0,152.73399353027344,153.2935028076172,77100000,27.36000061035156,284.5,21932.71,3.9,0.1781367142857143,0.2103013058025035,7,158.35000610351562,160.7165069580078,157.75,159.0034942626953,0.004126859071621913,-0.005465213460489671,68268000.0,68786000.0,-0.0075306021574157445,23.90999984741211,284.5,21932.71,3.9,0.2650956666666667,0.1625808372320264,6.0,-0.030613200961103648,158.17403985214236,153.25517943191528,-0.031097773217559133,0.0005,-0.03159777321755913,0,1
2022-02-14,151.75100708007812,158.44850158691406,151.64999389648438,155.16700744628906,83230000,28.32999992370605,284.5,21932.71,3.9,0.180977125,0.1899362888477814,8,158.13450622558594,159.0,152.73399353027344,153.2935028076172,-0.030613200961103648,-0.010062368588934167,77100000.0,68268000.0,0.129372473193883,27.36000061035156,284.5,21932.71,3.9,0.1781367142857143,0.2103013058025035,7.0,0.022510561425192588,151.78894483184817,155.1282156944275,0.021999433926354506,0.0005,0.021499433926354505,1,0
2022-02-15,157.60549926757812,158.0070037841797,154.6374969482422,156.510498046875,56440000,25.700000762939453,284.5,21932.71,3.9,0.18790175,0.1232938732158584,12,151.75100708007812,158.44850158691406,151.64999389648438,155.16700744628906,0.022510561425192588,0.015715272604797326,83230000.0,77100000.0,0.07950713359273665,28.32999992370605,284.5,21932.71,3.9,0.180977125,0.1899362888477814,8.0,-0.006947734855647814,157.64490064239504,156.4713704223633,-0.007444136887712061,0.0005,-0.007944136887712061,0,1
2022-02-16,155.79049682617188,158.83399963378906,154.7344970703125,158.10049438476562,52704000,24.290000915527344,284.5,21932.71,3.9,0.0370956666666666,0.3822169372363466,3,157.60549926757812,158.0070037841797,154.6374969482422,156.510498046875,-0.006947734855647814,-0.0046003381861802195,56440000.0,83230000.0,-0.3218791301213505,25.700000762939453,284.5,21932.71,3.9,0.18790175,0.1232938732158584,12.0,0.014827589651833506,155.82944445037842,158.06096926116945,0.014320302678751062,0.0005,0.013820302678751062,1,0
2022-02-17,158.14599609375,160.3489990234375,154.5,154.65249633789062,64032000,28.11000061035156,284.5,21932.71,3.9,0.1842366666666667,0.1070183380609759,3,155.79049682617188,158.83399963378906,154.7344970703125,158.10049438476562,0.014827589651833506,0.00028780244591541937,52704000.0,56440000.0,-0.066194188518781,24.290000915527344,284.5,21932.71,3.9,0.0370956666666666,0.3822169372363466,3.0,-0.022090345896512043,158.18553259277346,154.61383321380615,-0.022579178515409137,0.0005,-0.023079178515409138,0,1
2022-02-18,155.49949645996094,155.49949645996094,150.89300537109375,152.60150146484375,63604000,27.75,284.5,21932.71,3.9,0.29946575,0.115415943616628,4,158.14599609375,160.3489990234375,154.5,154.65249633789062,-0.022090345896512043,0.005476795668527323,64032000.0,52704000.0,0.2149362477231329,28.11000061035156,284.5,21932.71,3.9,0.1842366666666667,0.1070183380609759,3.0,-0.01863668411211472,155.53837133407595,152.56335108947755,-0.019127243130304117,0.0005,-0.019627243130304117,0,1
2022-02-22,150.47850036621094,152.9824981689453,148.48550415039062,150.19749450683594,66128000,28.809999465942383,284.5,21932.71,3.9,0.03518225,0.2201470247559949,4,155.49949645996094,155.49949645996094,150.89300537109375,152.60150146484375,-0.01863668411211472,-0.013912059044333236,63604000.0,64032000.0,-0.006684157921039491,27.75,284.5,21932.71,3.9,0.29946575,0.115415943616628,4.0,-0.0018674153363512636,150.5161199913025,150.15994513320922,-0.0023663568932940082,0.0005,-0.0028663568932940082,0,1
2022-02-23,151.65049743652344,151.76300048828125,144.6510009765625,144.82699584960938,64244000,31.020000457763672,284.5,21932.71,3.9,0.234816,0.0,1,150.47850036621094,152.9824981689453,148.48550415039062,150.19749450683594,-0.0018674153363512636,0.009673949185759367,66128000.0,63604000.0,0.03968303880259105,28.809999465942383,284.5,21932.71,3.9,0.03518225,0.2201470247559949,4.0,-0.044994917275297364,151.68841006088257,144.79078910064698,-0.045472300470860816,0.0005,-0.045972300470860816,0,1
2022-02-24,139.83749389648438,151.74899291992188,139.5,151.35800170898438,100786000,30.31999969482422,284.5,21932.71,3.9,0.0465488,0.2411800074440251,5,151.65049743652344,151.76300048828125,144.6510009765625,144.82699584960938,-0.044994917275297364,-0.034451463443363695,64244000.0,66128000.0,-0.02849020082264697,31.020000457763672,284.5,21932.71,3.9,0.234816,0.0,1.0,0.08238497052176963,139.8724532699585,151.32016220855712,0.08184391330081398,0.0005,0.08134391330081397,1,0
2022-02-25,150.5500030517578,153.99000549316406,149.2135009765625,153.7884979248047,62396000,27.59000015258789,284.5,21932.71,3.9,0.245473,0.2005680100564394,2,139.83749389648438,151.74899291992188,139.5,151.35800170898438,0.08238497052176963,-0.005338327991275316,100786000.0,64244000.0,0.5688001992403959,30.31999969482422,284.5,21932.71,3.9,0.0465488,0.2411800074440251,5.0,0.021511091380938208,150.58764055252075,153.7500508003235,0.021000463492219845,0.0005,0.020500463492219845,1,0
2022-02-28,152.4250030517578,154.4499969482422,150.85000610351562,153.56300354003906,57684000,30.14999961853028,284.5,21932.71,3.9,0.3101890909090909,0.0937905476585509,11,150.5500030517578,153.99000549316406,149.2135009765625,153.7884979248047,0.021511091380938208,-0.008866039342640297,62396000.0,100786000.0,-0.3809060782251503,27.59000015258789,284.5,21932.71,3.9,0.245473,0.2005680100564394,2.0,0.007465969922892723,152.46310930252076,153.52461278915405,0.006962362839701974,0.0005,0.006462362839701974,1,0
2022-03-01,152.7324981689453,154.0989990234375,149.9770050048828,151.14199829101562,44874000,33.31999969482422,287.674,21932.71,3.7,0.1898866666666666,0.1342901629321125,3,152.4250030517578,154.4499969482422,150.85000610351562,153.56300354003906,0.007465969922892723,-0.0054082386509014535,57684000.0,62396000.0,-0.07551766138855054,30.14999961853028,284.5,21932.71,3.9,0.3101890909090909,0.0937905476585509,11.0,-0.010413631001899515,152.77068129348757,151.10421279144288,-0.010908300519019365,0.0005,-0.011408300519019365,0,1
2022-03-02,150.8489990234375,152.99949645996094,148.75,152.05250549316406,47334000,30.739999771118164,287.674,21932.71,3.7,0.1427745714285714,0.1754249298378626,7,152.7324981689453,154.0989990234375,149.9770050048828,151.14199829101562,-0.010413631001899515,-0.0019385694968381273,44874000.0,57684000.0,-0.22207197836488457,33.31999969482422,287.674,21932.71,3.7,0.1898866666666666,0.1342901629321125,3.0,0.007978219792758257,150.88671127319338,152.01449236679076,0.0074743566486477064,0.0005,0.006974356648647706,1,0
2022-03-03,153.531494140625,153.9290008544922,146.8560028076172,147.89849853515625,65198000,30.479999542236328,287.674,21932.71,3.7,-0.189431,0.2507646590504066,4,150.8489990234375,152.99949645996094,148.75,152.05250549316406,0.007978219792758257,0.009726828523239472,47334000.0,44874000.0,0.0548201631234122,30.739999771118164,287.674,21932.71,3.7,0.1427745714285714,0.1754249298378626,7.0,-0.03668951205743676,153.56987701416017,147.86152391052246,-0.03717104691769313,0.0005,-0.03767104691769313,0,1
2022-03-04,147.15899658203125,147.85000610351562,143.8070068359375,145.64100646972656,60934000,31.979999542236328,287.674,21932.71,3.7,0.2668073333333333,0.1049059148253011,3,153.531494140625,153.9290008544922,146.8560028076172,147.89849853515625,-0.03668951205743676,-0.005000063965823309,65198000.0,47334000.0,0.3774031351671103,30.479999542236328,287.674,21932.71,3.7,-0.189431,0.2507646590504066,4.0,-0.010315306216827302,147.19578633117678,145.60459621810912,-0.01081002488405225,0.0005,-0.01131002488405225,0,1
2022-03-07,145.44349670410156,146.09449768066406,137.41650390625,137.4530029296875,86934000,36.45000076293945,287.674,21932.71,3.7,0.1601719999999999,0.0747086598594834,2,147.15899658203125,147.85000610351562,143.8070068359375,145.64100646972656,-0.010315306216827302,-0.0013561411748830299,60934000.0,65198000.0,-0.06540077916500509,31.979999542236328,287.674,21932.71,3.7,0.2668073333333333,0.1049059148253011,3.0,-0.05493881786045318,145.4798575782776,137.4186396789551,-0.05541123034840101,0.0005,-0.05591123034840101,0,1
2022-03-08,136.68350219726562,140.69949340820312,133.57249450683594,136.01449584960938,91662000,35.130001068115234,287.674,21932.71,3.7,-0.0674146,0.1269957342838727,5,145.44349670410156,146.09449768066406,137.41650390625,137.4530029296875,-0.05493881786045318,-0.005598282438511015,86934000.0,60934000.0,0.4266911740571766,36.45000076293945,287.674,21932.71,3.7,0.1601719999999999,0.0747086598594834,2.0,-0.004894565451584065,136.71767307281496,135.98049222564697,-0.005391993811768359,0.0005,-0.005891993811768359,0,1
2022-03-09,139.5,140.25,136.8280029296875,139.2790069580078,82656000,32.45000076293945,287.674,21932.71,3.7,0.265323,0.2299043869307412,7,136.68350219726562,140.69949340820312,133.57249450683594,136.01449584960938,-0.004894565451584065,0.02562597558898827,91662000.0,86934000.0,0.05438608599627304,35.130001068115234,287.674,21932.71,3.7,-0.0674146,0.1269957342838727,5.0,-0.0015841795124887925,139.534875,139.24418720626832,-0.0020832626519475816,0.0005,-0.0025832626519475817,0,1
2022-03-10,145.68499755859375,148.67449951171875,143.97799682617188,146.8175048828125,135062000,30.229999542236328,287.674,21932.71,3.7,0.1942463333333333,0.2531520118179325,6,139.5,140.25,136.8280029296875,139.2790069580078,-0.0015841795124887925,0.04599394223508013,82656000.0,91662000.0,-0.09825227466125552,32.45000076293945,287.674,21932.71,3.7,0.265323,0.2299043869307412,7.0,0.007773671573582996,145.7214188079834,146.7808005065918,0.007269910678019853,0.0005,0.006769910678019853,1,0
2022-03-11,149.57449340820312,149.6750030517578,145.36900329589844,145.52450561523438,68900000,30.75,287.674,21932.71,3.7,0.2270926,0.257757934685433,5,145.68499755859375,148.67449951171875,143.97799682617188,146.8175048828125,0.007773671573582996,0.018778336599516665,135062000.0,82656000.0,0.634025358110724,30.229999542236328,287.674,21932.71,3.7,0.1942463333333333,0.2531520118179325,6.0,-0.02707672745991485,149.6118870315552,145.48812448883058,-0.027563067511172212,0.0005,-0.028063067511172213,0,1
2022-03-14,145.9810028076172,147.4499969482422,140.88400268554688,141.85299682617188,74086000,31.770000457763672,287.674,21932.71,3.7,0.314621,0.0,1,149.57449340820312,149.6750030517578,145.36900329589844,145.52450561523438,-0.02707672745991485,0.0031369094191584512,68900000.0,135062000.0,-0.4898639143504465,30.75,287.674,21932.71,3.7,0.2270926,0.257757934685433,5.0,-0.028277693001502735,146.0174980583191,141.81753357696533,-0.028763432720072424,0.0005,-0.029263432720072424,0,1
2022-03-15,142.85000610351562,147.98500061035156,142.0,147.3665008544922,75584000,29.82999992370605,287.674,21932.71,3.7,0.15774125,0.2256038460365869,8,145.9810028076172,147.4499969482422,140.88400268554688,141.85299682617188,-0.028277693001502735,0.0070284682005379295,74086000.0,68900000.0,0.07526850507982585,31.770000457763672,287.674,21932.71,3.7,0.314621,0.0,1.0,0.03161704275814814,142.88571860504152,147.32965922927858,0.031101363156669226,0.0005,0.030601363156669226,1,0
2022-03-16,148.5,153.14999389648438,147.35350036621094,153.10400390625,84958000,26.670000076293945,287.674,21932.71,3.7,0.1444747142857143,0.1958673541351512,7,142.85000610351562,147.98500061035156,142.0,147.3665008544922,0.03161704275814814,0.0076917015667421484,75584000.0,74086000.0,0.020219744621116087,29.82999992370605,287.674,21932.71,3.7,0.15774125,0.2256038460365869,8.0,0.031003393308080884,148.537125,153.06572790527343,0.030488020454640052,0.0005,0.029988020454640052,1,0
2022-03-17,152.6405029296875,157.49850463867188,152.13999938964844,157.23899841308594,72934000,25.670000076293945,287.674,21932.71,3.7,0.161371875,0.2269128750483242,8,148.5,153.14999389648438,147.35350036621094,153.10400390625,0.031003393308080884,-0.0030273602566678326,84958000.0,75584000.0,0.12402095681625736,26.670000076293945,287.674,21932.71,3.7,0.1444747142857143,0.1958673541351512,7.0,0.030126312447468218,152.67866305541995,157.19968866348268,0.02961137802484992,0.0005,0.02911137802484992,1,0
2022-03-18,156.81300354003906,161.593994140625,156.01100158691406,161.25050354003906,102962000,23.8700008392334,287.674,21932.71,3.7,0.0,0.0,0,152.6405029296875,157.49850463867188,152.13999938964844,157.23899841308594,0.030126312447468218,-0.0027092189427951885,72934000.0,84958000.0,-0.14152875538501375,25.670000076293945,287.674,21932.71,3.7,0.161371875,0.2269128750483242,8.0,0.028298035876004102,156.85220679092407,161.21019091415405,0.027784015363194525,0.0005,0.027284015363194525,1,0
2022-03-21,161.12100219726562,163.08399963378906,159.55299377441406,161.4915008544922,66538000,23.530000686645508,287.674,21932.71,3.7,0.1103258,0.2122252284406828,5,156.81300354003906,161.593994140625,156.01100158691406,161.25050354003906,0.028298035876004102,-0.0008031065945867111,102962000.0,72934000.0,0.41171470096251395,23.8700008392334,287.674,21932.71,3.7,0.0,0.0,0.0,0.00229950566452497,161.16128244781495,161.45112797927857,0.00179848116781689,0.0005,0.00129848116781689,1,0
2022-03-22,161.8054962158203,166.16700744628906,161.69900512695312,164.88900756835938,64086000,22.940000534057617,287.674,21932.71,3.7,0.2207702857142857,0.211139413465538,7,161.12100219726562,163.08399963378906,159.55299377441406,161.4915008544922,0.00229950566452497,0.0019443460471089136,66538000.0,102962000.0,-0.3537615819428527,23.530000686645508,287.674,21932.71,3.7,0.1103258,0.2122252284406828,5.0,0.019056901184779207,161.84594758987427,164.84778531646728,0.018547500084461932,0.0005,0.01804750008446193,1,0
2022-03-23,163.7050018310547,166.3699951171875,162.68699645996094,163.4080047607422,55812000,23.56999969482422,287.674,21932.71,3.7,-0.0569625,0.3856680592744231,2,161.8054962158203,166.16700744628906,161.69900512695312,164.88900756835938,0.019056901184779207,-0.00718062261860497,64086000.0,66538000.0,-0.03685112266674684,22.940000534057617,287.674,21932.71,3.7,0.2207702857142857,0.211139413465538,7.0,-0.0018142211110874218,163.74592808151246,163.367152759552,-0.0023131892584951075,0.0005,-0.0028131892584951075,0,1
2022-03-24,163.74949645996094,164.11849975585938,160.0500030517578,163.64950561523438,56798000,21.670000076293945,287.674,21932.71,3.7,0.18746725,0.1536208334056614,4,163.7050018310547,166.3699951171875,162.68699645996094,163.4080047607422,-0.0018142211110874218,0.002089810102747114,55812000.0,64086000.0,-0.12910776144555758,23.56999969482422,287.674,21932.71,3.7,-0.0569625,0.3856680592744231,2.0,-0.0006106329905631869,163.79043383407594,163.60859323883057,-0.0011102027816202176,0.0005,-0.0016102027816202176,0,1
2022-03-25,164.0,165.36849975585938,162.25,164.77349853515625,49032000,20.809999465942383,287.674,21932.71,3.7,0.0,0.0,0,163.74949645996094,164.11849975585938,160.0500030517578,163.64950561523438,-0.0006106329905631869,0.0021417381216517484,56798000.0,55812000.0,0.01766645165914138,21.670000076293945,287.674,21932.71,3.7,0.18746725,0.1536208334056614,4.0,0.004716454482660115,164.04100000000003,164.73230516052246,0.004214221813585883,0.0005,0.0037142218135858833,1,0
2022-03-28,164.97500610351562,169.03750610351562,164.89999389648438,168.99049377441406,59854000,19.6299991607666,287.674,21932.71,3.7,0.130118,0.2823144370791783,4,164.0,165.36849975585938,162.25,164.77349853515625,0.004716454482660115,0.0012229367595564256,49032000.0,56798000.0,-0.13673016655516035,20.809999465942383,287.674,21932.71,3.7,0.0,0.0,0.0,0.024339975889310583,165.0162498550415,168.94824615097048,0.023827933911860333,0.0005,0.023327933911860332,1,0
2022-03-29,170.38400268554688,170.8314971923828,167.86849975585938,169.31500244140625,66154000,18.89999961853028,287.674,21932.71,3.7,0.372522,0.051516971650127,2,164.97500610351562,169.03750610351562,164.89999389648438,168.99049377441406,0.024339975889310583,0.008246078699509551,59854000.0,49032000.0,0.22071300375265124,19.6299991607666,287.674,21932.71,3.7,0.130118,0.2823144370791783,4.0,-0.0062740646263225175,170.42659868621828,169.2726736907959,-0.006770803409313686,0.0005,-0.007270803409313686,0,1
2022-03-30,168.50950622558594,168.95050048828125,165.5,166.30099487304688,56168000,19.32999992370605,287.674,21932.71,3.7,0.18365325,0.1536937791935175,8,170.38400268554688,170.8314971923828,167.86849975585938,169.31500244140625,-0.0062740646263225175,-0.004757382418602019,66154000.0,59854000.0,0.10525612323320077,18.89999961853028,287.674,21932.71,3.7,0.372522,0.051516971650127,2.0,-0.013106152893134104,168.55163360214235,166.25941962432861,-0.013599476485789408,0.0005,-0.014099476485789408,0,1
2022-03-31,166.44500732421875,166.4949951171875,162.95350646972656,162.99749755859375,59966000,20.559999465942383,287.674,21932.71,3.7,0.1569285,0.0904216492015785,4,168.50950622558594,168.95050048828125,165.5,166.30099487304688,-0.013106152893134104,0.0008659746821226832,56168000.0,66154000.0,-0.1509508117422983,19.32999992370605,287.674,21932.71,3.7,0.18365325,0.1536937791935175,8.0,-0.020712605448774957,166.4866185760498,162.95674818420412,-0.021202126765721307,0.0005,-0.021702126765721308,0,1
2022-04-01,164.14950561523438,165.82699584960938,162.3195037841797,163.55999755859375,57090000,19.6299991607666,288.561,21967.045,3.7,0.0608208333333333,0.2581883442182599,6,166.44500732421875,166.4949951171875,162.95350646972656,162.99749755859375,-0.020712605448774957,0.007067642595104839,59966000.0,56168000.0,0.06761857285286998,20.559999465942383,287.674,21932.71,3.7,0.1569285,0.0904216492015785,4.0,-0.0035912874329480093,164.1905429916382,163.51910755920412,-0.004089367269272559,0.0005,-0.0045893672692725596,0,1
2022-04-04,164.125,168.39450073242188,163.20550537109375,168.34649658203125,49882000,18.56999969482422,288.561,21967.045,3.7,0.131599,0.2299163321482404,5,164.14950561523438,165.82699584960938,162.3195037841797,163.55999755859375,-0.0035912874329480093,0.0034544048045968,57090000.0,59966000.0,-0.04796051095620857,19.6299991607666,288.561,21967.045,3.7,0.0608208333333333,0.2581883442182599,6.0,0.025721228222581827,164.16603125,168.30440995788575,0.025208495791578356,0.0005,0.024708495791578355,1,0
2022-04-05,167.7415008544922,168.11050415039062,163.26600646972656,164.05499267578125,53728000,21.030000686645508,288.561,21967.045,3.7,0.255855,0.1515654691214328,4,164.125,168.39450073242188,163.20550537109375,168.34649658203125,0.025721228222581827,-0.003593753002422928,49882000.0,57090000.0,-0.1262567875284638,18.56999969482422,288.561,21967.045,3.7,0.131599,0.2299163321482404,5.0,-0.02197731724070362,167.7834362297058,164.0139789276123,-0.022466206359803564,0.0005,-0.022966206359803565,0,1
2022-04-06,161.65049743652344,162.1999969482422,157.25450134277344,158.75599670410156,79056000,22.100000381469727,288.561,21967.045,3.7,0.236431,0.3931520361526823,3,167.7415008544922,168.11050415039062,163.26600646972656,164.05499267578125,-0.02197731724070362,-0.014656641654361424,53728000.0,49882000.0,0.07710196062707997,21.030000686645508,288.561,21967.045,3.7,0.255855,0.1515654691214328,4.0,-0.017905919117622737,161.69091006088257,158.71630770492555,-0.018396843426986553,0.0005,-0.018896843426986554,0,1
2022-04-07,158.39999389648438,160.07899475097656,154.51150512695312,157.7845001220703,68136000,21.549999237060547,288.561,21967.045,3.7,0.1180286666666666,0.2719124317759916,3,161.65049743652344,162.1999969482422,157.25450134277344,158.75599670410156,-0.017905919117622737,-0.0022424526632573993,79056000.0,53728000.0,0.47141155449672434,22.100000381469727,288.561,21967.045,3.7,0.236431,0.3931520361526823,3.0,-0.003885693170015525,158.4395938949585,157.7450539970398,-0.004383625840262861,0.0005,-0.004883625840262862,0,1
2022-04-08,156.75,157.36849975585938,154.2310028076172,154.4604949951172,46002000,21.15999984741211,288.561,21967.045,3.7,0.146951,0.0,1,158.39999389648438,160.07899475097656,154.51150512695312,157.7845001220703,-0.003885693170015525,-0.006556411569387133,68136000.0,79056000.0,-0.13812993321190048,21.549999237060547,288.561,21967.045,3.7,0.1180286666666666,0.2719124317759916,3.0,-0.01460609253513756,156.78918750000003,154.42187987136842,-0.015098666345417566,0.0005,-0.015598666345417567,0,1
2022-04-11,152.71299743652344,154.13650512695312,150.5345001220703,151.1219940185547,52112000,24.3700008392334,288.561,21967.045,3.7,0.0998608571428571,0.2312957271463155,7,156.75,157.36849975585938,154.2310028076172,154.4604949951172,-0.01460609253513756,-0.011313556638860911,46002000.0,68136000.0,-0.3248502994011976,21.15999984741211,288.561,21967.045,3.7,0.146951,0.0,1.0,-0.010418258070208242,152.75117568588257,151.08421352005004,-0.010912925274372154,0.0005,-0.011412925274372154,0,1
2022-04-12,153.6925048828125,155.0989990234375,150.38299560546875,150.78750610351562,55178000,24.26000022888184,288.561,21967.045,3.7,0.19045425,0.0910161681566993,8,152.71299743652344,154.13650512695312,150.5345001220703,151.1219940185547,-0.010418258070208242,0.017009508648636595,52112000.0,46002000.0,0.13282031216034085,24.3700008392334,288.561,21967.045,3.7,0.0998608571428571,0.2312957271463155,7.0,-0.018901369208029206,153.73092800903322,150.74980922698975,-0.01939179591674811,0.0005,-0.019891795916748112,0,1
2022-04-13,150.01849365234375,156.02499389648438,149.60000610351562,155.54100036621094,53390000,21.81999969482422,288.561,21967.045,3.7,0.254671,0.1511599676799383,3,153.6925048828125,155.0989990234375,150.38299560546875,150.78750610351562,-0.018901369208029206,-0.005099974600309087,55178000.0,52112000.0,0.05883481731654894,24.26000022888184,288.561,21967.045,3.7,0.19045425,0.0910161681566993,8.0,0.03681217281560745,150.05599827575685,155.5021151161194,0.03629389629832902,0.0005,0.03579389629832902,1,0
2022-04-14,155.38999938964844,155.89700317382812,151.4720001220703,151.7064971923828,51598000,22.700000762939453,288.561,21967.045,3.7,0.266137,0.1656944358047869,4,150.01849365234375,156.02499389648438,149.60000610351562,155.54100036621094,0.03681217281560745,-0.0009708114015403169,53390000.0,55178000.0,-0.032404219072818874,21.81999969482422,288.561,21967.045,3.7,0.254671,0.1511599676799383,3.0,-0.023704885846797974,155.42884688949587,151.66857056808473,-0.024192911397486916,0.0005,-0.024692911397486916,0,1
2022-04-18,151.52349853515625,154.0395050048828,150.25050354003906,152.78500366210938,46514000,22.170000076293945,288.561,21967.045,3.7,0.0965778,0.2336617582076707,5,155.38999938964844,155.89700317382812,151.4720001220703,151.7064971923828,-0.023704885846797974,-0.001206267764488067,51598000.0,53390000.0,-0.03356433789099078,22.700000762939453,288.561,21967.045,3.7,0.266137,0.1656944358047869,4.0,0.008325475184698394,151.56137940979005,152.74680741119386,0.007821438456288021,0.0005,0.007321438456288021,1,0
2022-04-19,152.0294952392578,158.6490020751953,151.55050659179688,158.11549377441406,54926000,21.3700008392334,288.561,21967.045,3.7,0.0570626,0.2151054215129564,10,151.52349853515625,154.0395050048828,150.25050354003906,152.78500366210938,0.008325475184698394,-0.004944912162468507,46514000.0,51598000.0,-0.09853095081204699,22.170000076293945,288.561,21967.045,3.7,0.0965778,0.2336617582076707,5.0,0.04003169599148082,152.06750261306763,158.07596490097046,0.039511810114954304,0.0005,0.039011810114954304,1,0
2022-04-20,157.6024932861328,157.6024932861328,153.60350036621094,153.9980010986328,59630000,20.31999969482422,288.561,21967.045,3.7,0.0548981999999999,0.3031747439102846,10,152.0294952392578,158.6490020751953,151.55050659179688,158.11549377441406,0.04003169599148082,-0.003244466914881561,54926000.0,46514000.0,0.18084877671238764,21.3700008392334,288.561,21967.045,3.7,0.0570626,0.2151054215129564,10.0,-0.022870781498081527,157.64189390945435,153.95950159835814,-0.023359223996707867,0.0005,-0.023859223996707868,0,1
2022-04-21,154.71400451660156,156.73800659179688,147.58949279785156,148.29600524902344,63970000,22.68000030517578,288.561,21967.045,3.7,0.232128,0.2568997563380927,8,157.6024932861328,157.6024932861328,153.60350036621094,153.9980010986328,-0.022870781498081527,0.004649433193033126,59630000.0,54926000.0,0.08564250081928404,20.31999969482422,288.561,21967.045,3.7,0.0548981999999999,0.3031747439102846,10.0,-0.04148298848336929,154.75268301773073,148.2589312477112,-0.041962127204447364,0.0005,-0.042462127204447364,0,1
2022-04-22,148.25,149.61500549316406,143.69749450683594,144.35000610351562,73078000,28.209999084472656,288.561,21967.045,3.7,0.2110943333333333,0.1061944955698426,3,154.71400451660156,156.73800659179688,147.58949279785156,148.29600524902344,-0.04148298848336929,-0.00031022581455364406,63970000.0,59630000.0,0.07278215663256749,22.68000030517578,288.561,21967.045,3.7,0.232128,0.2568997563380927,8.0,-0.026306872826201477,148.28706250000002,144.31391860198974,-0.02679359770856804,0.0005,-0.02729359770856804,0,1
2022-04-25,144.0229949951172,146.22149658203125,142.30650329589844,146.07400512695312,61874000,27.020000457763672,288.561,21967.045,3.7,0.1716073636363636,0.1674568531319472,11,148.25,149.61500549316406,143.69749450683594,144.35000610351562,-0.026306872826201477,-0.0022654041882335108,73078000.0,63970000.0,0.14237924026887594,28.209999084472656,288.561,21967.045,3.7,0.2110943333333333,0.1061944955698426,3.0,0.014240851829983692,144.05900074386597,146.0374866256714,0.013733858152487954,0.0005,0.013233858152487954,1,0
2022-04-26,144.8000030517578,144.8560028076172,138.92950439453125,139.39100646972656,77530000,33.52000045776367,288.561,21967.045,3.7,0.0357525,0.1674920939238625,4,144.0229949951172,146.22149658203125,142.30650329589844,146.07400512695312,0.014240851829983692,-0.008721620757150328,61874000.0,73078000.0,-0.15331563534853165,27.020000457763672,288.561,21967.045,3.7,0.1716073636363636,0.1674568531319472,11.0,-0.03735494798365324,144.83620305252077,139.35615871810913,-0.037836150209105246,0.0005,-0.038336150209105246,0,1
2022-04-27,140.19149780273438,141.94850158691406,135.7834930419922,138.16700744628906,71336000,31.600000381469727,288.561,21967.045,3.7,0.2478756666666667,0.1222286601393742,6,144.8000030517578,144.8560028076172,138.92950439453125,139.39100646972656,-0.03735494798365324,0.005742776046183895,77530000.0,61874000.0,0.2530303520056889,33.52000045776367,288.561,21967.045,3.7,0.0357525,0.1674920939238625,4.0,-0.01444089255180081,140.22654567718507,138.13246569442748,-0.014933548941427732,0.0005,-0.015433548941427733,0,1
2022-04-28,142.17799377441406,145.9375,140.3000030517578,144.59649658203125,117316000,29.989999771118164,288.561,21967.045,3.7,0.1979935,0.1877367109411476,4,140.19149780273438,141.94850158691406,135.7834930419922,138.16700744628906,-0.01444089255180081,0.029029986262706142,71336000.0,77530000.0,-0.07989165484328642,31.600000381469727,288.561,21967.045,3.7,0.2478756666666667,0.1222286601393742,6.0,0.01701038777811492,142.21353827285768,144.56034745788574,0.016502009678750484,0.0005,0.016002009678750484,1,0
2022-04-29,129.8489990234375,130.76100158691406,121.625,124.28150177001952,272662000,33.400001525878906,288.561,21967.045,3.7,0.020509375,0.3404042388174927,16,142.17799377441406,145.9375,140.3000030517578,144.59649658203125,0.01701038777811492,-0.1019906976115934,117316000.0,71336000.0,0.6445553437254683,29.989999771118164,288.561,21967.045,3.7,0.1979935,0.1877367109411476,4.0,-0.042876705213669486,129.88146127319337,124.25043139457702,-0.04335514725055334,0.0005,-0.04385514725055334,0,1
2022-05-02,122.4010009765625,124.66799926757812,118.375,124.5,148788000,32.34000015258789,291.298,21967.045,3.6,-0.0129215,0.2514477882139087,4,129.8489990234375,130.76100158691406,121.625,124.28150177001952,-0.042876705213669486,-0.015130979000695155,272662000.0,117316000.0,1.324167206519145,33.400001525878906,288.561,21967.045,3.7,0.020509375,0.3404042388174927,16.0,0.017148544592698434,122.43160122680665,124.468875,0.01664009743219208,0.0005,0.01614009743219208,1,0
2022-05-03,124.05349731445312,126.22049713134766,122.8249969482422,124.25350189208984,79134000,29.25,291.298,21967.045,3.6,0.2114862222222222,0.1927506503508988,9,122.4010009765625,124.66799926757812,118.375,124.5,0.017148544592698434,-0.0035863669521837283,148788000.0,272662000.0,-0.454313399006829,32.34000015258789,291.298,21967.045,3.6,-0.0129215,0.2514477882139087,4.0,0.0016122445716282297,124.08451068878175,124.22243851661682,0.0011115636195802026,0.0005,0.0006115636195802025,1,0
2022-05-04,123.5999984741211,126.0,119.18299865722656,125.92849731445312,110746000,25.420000076293945,291.298,21967.045,3.6,0.1388256153846153,0.21057208624623,13,124.05349731445312,126.22049713134766,122.8249969482422,124.25350189208984,0.0016122445716282297,-0.0052594366196317965,79134000.0,148788000.0,-0.4681425921445278,29.25,291.298,21967.045,3.6,0.2114862222222222,0.1927506503508988,9.0,0.018838987613900127,123.63089847373963,125.89701519012452,0.018329695443135785,0.0005,0.017829695443135785,1,0
2022-05-05,123.0,123.4990005493164,115.07250213623048,116.40699768066406,144392000,31.200000762939453,291.298,21967.045,3.6,-0.0429026666666666,0.3537672351723658,9,123.5999984741211,126.0,119.18299865722656,125.92849731445312,0.018838987613900127,-0.023255239099220226,110746000.0,79134000.0,0.3994743093992468,25.420000076293945,291.298,21967.045,3.6,0.1388256153846153,0.21057208624623,13.0,-0.053601644872649845,123.03075000000001,116.3778959312439,-0.05407472577998684,0.0005,-0.054574725779986843,0,1
2022-05-06,114.8499984741211,119.05049896240234,113.0814971923828,114.77249908447266,124260000,30.190000534057617,291.298,21967.045,3.6,-0.0951118,0.2890282341721998,5,123.0,123.4990005493164,115.07250213623048,116.40699768066406,-0.053601644872649845,-0.013375477742448405,144392000.0,110746000.0,0.3038123273075326,31.200000762939453,291.298,21967.045,3.6,-0.0429026666666666,0.3537672351723658,9.0,-0.0006747879031613335,114.87871097373963,114.74380595970155,-0.001174325624779371,0.0005,-0.001674325624779371,0,1
2022-05-09,111.3125,114.0,107.95700073242188,108.78900146484376,128124000,34.75,291.298,21967.045,3.6,0.201052,0.0,1,114.8499984741211,119.05049896240234,113.0814971923828,114.77249908447266,-0.0006747879031613335,-0.03014658661328007,124260000.0,144392000.0,-0.13942600698099616,30.190000534057617,291.298,21967.045,3.6,-0.0951118,0.2890282341721998,5.0,-0.02267039672234683,111.34032812500001,108.76180421447755,-0.023158939388319366,0.0005,-0.023658939388319367,0,1
2022-05-10,111.25,112.64250183105467,107.1709976196289,108.85900115966795,105434000,32.9900016784668,291.298,21967.045,3.6,0.086754,0.1839512886880654,4,111.3125,114.0,107.95700073242188,108.78900146484376,-0.02267039672234683,0.02262175865224325,128124000.0,124260000.0,0.03109608884596815,34.75,291.298,21967.045,3.6,0.201052,0.0,1.0,-0.021492124407479052,111.27781250000001,108.83178640937804,-0.021981256062361676,0.0005,-0.022481256062361676,0,1
2022-05-11,108.10350036621094,110.15599822998048,104.42849731445312,105.37200164794922,109704000,32.560001373291016,291.298,21967.045,3.6,0.151274625,0.186566055838475,8,111.25,112.64250183105467,107.1709976196289,108.85900115966795,-0.021492124407479052,-0.006940177526972624,105434000.0,128124000.0,-0.17709406512441073,32.9900016784668,291.298,21967.045,3.6,0.086754,0.1839512886880654,4.0,-0.025267440082962223,108.1305262413025,105.34565864753723,-0.02575468455180363,0.0005,-0.02625468455180363,0,1
2022-05-12,102.75,110.78050231933594,102.40550231933594,106.93049621582033,132026000,31.770000457763672,291.298,21967.045,3.6,0.1669121,0.1260493278059118,10,108.10350036621094,110.15599822998048,104.42849731445312,105.37200164794922,-0.025267440082962223,-0.02488328594828637,109704000.0,105434000.0,0.04049926968530082,32.560001373291016,291.298,21967.045,3.6,0.151274625,0.186566055838475,8.0,0.040686094557861985,102.7756875,106.90376359176638,0.04016588156383172,0.0005,0.03966588156383172,1,0
2022-05-13,109.06900024414062,113.18399810791016,107.8000030517578,113.05500030517578,93684000,28.8700008392334,291.298,21967.045,3.6,0.08360275,0.1360116067286783,4,102.75,110.78050231933594,102.40550231933594,106.93049621582033,0.040686094557861985,0.019999009674509516,132026000.0,109704000.0,0.20347480492962888,31.770000457763672,291.298,21967.045,3.6,0.1669121,0.1260493278059118,10.0,0.03654567340044257,109.09626749420167,113.02673655509949,0.036027530099567606,0.0005,0.035527530099567606,1,0
2022-05-16,113.0999984741211,113.99250030517578,110.35399627685548,110.8105010986328,74566000,27.46999931335449,291.298,21967.045,3.6,0.1867878,0.0583751298259798,5,109.06900024414062,113.18399810791016,107.8000030517578,113.05500030517578,0.03654567340044257,0.0003980201567719277,93684000.0,132026000.0,-0.29041249450865736,28.8700008392334,291.298,21967.045,3.6,0.08360275,0.1360116067286783,4.0,-0.020243124724817485,113.12827347373964,110.78279847335814,-0.02073288072345547,0.0005,-0.02123288072345547,0,1
2022-05-17,113.2750015258789,115.8000030517578,111.27649688720705,115.36849975585938,76448000,26.100000381469727,291.298,21967.045,3.6,-0.0736705,0.2391935460409972,4,113.0999984741211,113.99250030517578,110.35399627685548,110.8105010986328,-0.020243124724817485,0.02224067577361155,74566000.0,93684000.0,-0.20406899790786048,27.46999931335449,291.298,21967.045,3.6,0.1867878,0.0583751298259798,5.0,0.018481555522223303,113.30332027626038,115.33965763092041,0.0179724420228371,0.0005,0.017472442022837098,1,0
2022-05-18,111.4394989013672,112.85299682617188,106.2490005493164,107.1125030517578,108380000,30.959999084472656,291.298,21967.045,3.6,0.13395,0.1920686000663007,8,113.2750015258789,115.8000030517578,111.27649688720705,115.36849975585938,0.018481555522223303,-0.0340560973125823,76448000.0,74566000.0,0.02523938524260383,26.100000381469727,291.298,21967.045,3.6,-0.0736705,0.2391935460409972,4.0,-0.038828206266784626,111.46735877609255,107.08572492599487,-0.03930867204720612,0.0005,-0.03980867204720612,0,1
2022-05-19,106.28050231933594,110.03399658203124,106.19300079345705,107.31900024414062,88142000,29.350000381469727,291.298,21967.045,3.6,-0.0297006,0.2240765735698401,5,111.4394989013672,112.85299682617188,106.2490005493164,107.1125030517578,-0.038828206266784626,-0.007767540751240087,108380000.0,76448000.0,0.4176956885726246,30.959999084472656,291.298,21967.045,3.6,0.13395,0.1920686000663007,8.0,0.00977129296664736,106.30707244491578,107.2921704940796,0.009266533510028374,0.0005,0.008766533510028374,1,0
2022-05-20,109.56849670410156,109.89800262451172,105.0094985961914,107.59100341796876,99500000,29.43000030517578,291.298,21967.045,3.6,0.134214,0.0,1,106.28050231933594,110.03399658203124,106.19300079345705,107.31900024414062,0.00977129296664736,0.020960840623221788,88142000.0,108380000.0,-0.18673186934858832,29.350000381469727,291.298,21967.045,3.6,-0.0297006,0.2240765735698401,5.0,-0.018048009652566255,109.5958888282776,107.56410566711428,-0.01853886293441953,0.0005,-0.01903886293441953,0,1
2022-05-23,108.46099853515624,108.81900024414062,103.9499969482422,107.55699920654295,107798000,28.479999542236328,291.298,21967.045,3.6,0.173062625,0.2052659313315551,8,109.56849670410156,109.89800262451172,105.0094985961914,107.59100341796876,-0.018048009652566255,0.008086132571956117,99500000.0,88142000.0,0.12886024823580122,29.43000030517578,291.298,21967.045,3.6,0.134214,0.0,1.0,-0.008334787073901562,108.48811378479003,107.53010995674133,-0.008830495753194834,0.0005,-0.009330495753194834,0,1
2022-05-24,104.0250015258789,105.4000015258789,101.26000213623048,104.0999984741211,102934000,29.450000762939453,291.298,21967.045,3.6,0.1351295,0.2241709973040669,6,108.46099853515624,108.81900024414062,103.9499969482422,107.55699920654295,-0.008334787073901562,-0.032838380642077114,107798000.0,99500000.0,0.08339698492462322,28.479999542236328,291.298,21967.045,3.6,0.173062625,0.2052659313315551,8.0,0.000720951186177432,104.05100777626039,104.07397347450257,0.0002207157694382733,0.0005,-0.0002792842305617267,0,1
2022-05-25,103.65550231933594,108.1750030517578,103.6500015258789,106.7750015258789,93120000,28.3700008392334,291.298,21967.045,3.6,0.1216885,0.0086896352340014,2,104.0250015258789,105.4000015258789,101.26000213623048,104.0999984741211,0.000720951186177432,-0.004269895881849228,102934000.0,107798000.0,-0.04512143082431952,29.450000762939453,291.298,21967.045,3.6,0.1351295,0.2241709973040669,6.0,0.03009487327486582,103.68141619491578,106.74830777549744,0.029579954567904965,0.0005,0.029079954567904964,1,0
2022-05-26,107.97000122070312,112.66549682617188,107.45349884033205,111.07749938964844,93002000,27.5,291.298,21967.045,3.6,0.0499893333333333,0.2630426372721097,6,103.65550231933594,108.1750030517578,103.6500015258789,106.7750015258789,0.03009487327486582,0.011191755352347954,93120000.0,102934000.0,-0.09534264674451587,28.3700008392334,291.298,21967.045,3.6,0.1216885,0.0086896352340014,2.0,0.02878112562574886,107.99699372100831,111.04973001480103,0.028266863628435335,0.0005,0.027766863628435334,1,0
2022-05-27,113.5500030517578,115.18699645996094,112.62799835205078,115.14649963378906,93660000,25.71999931335449,291.298,21967.045,3.6,0.1392844285714285,0.1886853920682583,7,107.97000122070312,112.66549682617188,107.45349884033205,111.07749938964844,0.02878112562574886,0.02225926650937704,93002000.0,93120000.0,-0.001267182130584188,27.5,291.298,21967.045,3.6,0.0499893333333333,0.2630426372721097,6.0,0.014059855034117108,113.57839055252074,115.11771300888061,0.013552951832400462,0.0005,0.013052951832400461,1,0
2022-05-31,116.27999877929688,121.99449920654295,115.6750030517578,120.20950317382812,144634000,26.190000534057617,291.298,21967.045,3.6,0.1238756666666666,0.2237002103493274,3,113.5500030517578,115.18699645996094,112.62799835205078,115.14649963378906,0.014059855034117108,0.009843973973266973,93660000.0,93002000.0,0.007075116664157832,25.71999931335449,291.298,21967.045,3.6,0.1392844285714285,0.1886853920682583,7.0,0.033793467799991816,116.30906877899172,120.17945079803467,0.03327670025797702,0.0005,0.03277670025797702,1,0
2022-06-01,122.25599670410156,125.1790008544922,120.62249755859376,121.68399810791016,127528000,25.690000534057617,294.957,21967.045,3.6,0.21610525,0.150277063433679,4,116.27999877929688,121.99449920654295,115.6750030517578,120.20950317382812,0.033793467799991816,0.017024390553499913,144634000.0,93660000.0,0.5442451420029895,26.190000534057617,291.298,21967.045,3.6,0.1238756666666666,0.2237002103493274,3.0,-0.004678695619126372,122.2865607032776,121.65357710838319,-0.005176231887249805,0.0005,-0.005676231887249805,0,1
2022-06-02,121.68399810791016,125.61000061035156,120.04499816894533,125.51100158691406,100560000,24.71999931335449,294.957,21967.045,3.6,-0.0181376666666666,0.2533344145715961,3,122.25599670410156,125.1790008544922,120.62249755859376,121.68399810791016,-0.004678695619126372,0.0,127528000.0,144634000.0,-0.1182709459739757,25.690000534057617,294.957,21967.045,3.6,0.21610525,0.150277063433679,4.0,0.03145034300738625,121.71441910743714,125.47962383651733,0.030934746734950558,0.0005,0.030434746734950557,1,0
2022-06-03,124.1999969482422,124.4000015258789,121.04650115966795,122.3499984741211,97604000,24.790000915527344,294.957,21967.045,3.6,-0.0048075,0.1865930433813115,6,121.68399810791016,125.61000061035156,120.04499816894533,125.51100158691406,0.03145034300738625,-0.01044533644139567,100560000.0,127528000.0,-0.21146728561570793,24.71999931335449,294.957,21967.045,3.6,-0.0181376666666666,0.2533344145715961,3.0,-0.01489531819305967,124.23104694747927,122.31941097450256,-0.01538774742665483,0.0005,-0.01588774742665483,0,1
2022-06-06,125.25,128.99000549316406,123.80999755859376,124.79000091552734,135269000,25.06999969482422,294.957,21967.045,3.6,0.0948531666666666,0.2474517698618594,6,124.1999969482422,124.4000015258789,121.04650115966795,122.3499984741211,-0.01489531819305967,0.023702505615415204,97604000.0,100560000.0,-0.029395385839299903,24.790000915527344,294.957,21967.045,3.6,-0.0048075,0.1865930433813115,6.0,-0.003672647381019245,125.28131250000001,124.75880341529846,-0.004170686547537161,0.0005,-0.004670686547537162,0,1
2022-06-07,122.01000213623048,124.0999984741211,120.62999725341795,123.0,85156700,24.020000457763672,294.957,21967.045,3.6,0.0682089999999999,0.1123389441979049,5,125.25,128.99000549316406,123.80999755859376,124.79000091552734,-0.003672647381019245,-0.02227741613030909,135269000.0,97604000.0,0.38589606983320346,25.06999969482422,294.957,21967.045,3.6,0.0948531666666666,0.2474517698618594,6.0,0.008114071358380492,122.04050463676455,122.96925,0.0076101403054642525,0.0005,0.007110140305464252,1,0
2022-06-08,122.61000061035156,123.75,120.75,121.18000030517578,64926600,23.959999084472656,294.957,21967.045,3.6,-0.2203646,0.1282157718449645,5,122.01000213623048,124.0999984741211,120.62999725341795,123.0,0.008114071358380492,-0.003170726745109209,85156700.0,135269000.0,-0.3704640383236366,24.020000457763672,294.957,21967.045,3.6,0.0682089999999999,0.1123389441979049,5.0,-0.011662998923882673,122.64065311050416,121.14970530509949,-0.012157043913173515,0.0005,-0.012657043913173516,0,1
2022-06-09,119.98999786376952,121.3000030517578,116.0999984741211,116.1500015258789,67029800,26.09000015258789,294.957,21967.045,3.6,-0.1315003333333333,0.4407231877928971,3,122.61000061035156,123.75,120.75,121.18000030517578,-0.011662998923882673,-0.009820122449326618,64926600.0,85156700.0,-0.2375632216842597,23.959999084472656,294.957,21967.045,3.6,-0.2203646,0.1282157718449645,5.0,-0.03200263693854166,120.01999536323547,116.12096402549744,-0.03248651465064445,0.0005,-0.03298651465064445,0,1
2022-06-10,113.41999816894533,114.5,109.0500030517578,109.6500015258789,87266000,27.75,294.957,21967.045,3.6,0.1651155,0.1156669653574433,4,119.98999786376952,121.3000030517578,116.0999984741211,116.1500015258789,-0.03200263693854166,-0.02350411813232145,67029800.0,64926600.0,0.03239350281702724,26.09000015258789,294.957,21967.045,3.6,-0.1315003333333333,0.4407231877928971,3.0,-0.0332392585428436,113.44835316848757,109.62258902549743,-0.03372251809868332,0.0005,-0.03422251809868332,0,1
2022-06-13,104.19000244140624,106.54000091552734,101.86000061035156,103.66999816894533,99277700,34.02000045776367,294.957,21967.045,3.6,0.0423864444444444,0.31372933148102,9,113.41999816894533,114.5,109.0500030517578,109.6500015258789,-0.0332392585428436,-0.0497947925991048,87266000.0,67029800.0,0.30189855855156966,27.75,294.957,21967.045,3.6,0.1651155,0.1156669653574433,4.0,-0.0049909229319132775,104.2160499420166,103.6440806694031,-0.005488303125398941,0.0005,-0.005988303125398942,0,1
2022-06-14,104.19000244140624,104.87999725341795,101.43000030517578,102.30999755859376,69728800,32.689998626708984,294.957,21967.045,3.6,0.1449394,0.2533374892663934,5,104.19000244140624,106.54000091552734,101.86000061035156,103.66999816894533,-0.0049909229319132775,0.005015957187666675,99277700.0,87266000.0,0.13764467261018032,34.02000045776367,294.957,21967.045,3.6,0.0423864444444444,0.31372933148102,9.0,-0.018044004595064056,104.2160499420166,102.28442005920412,-0.018534859878945542,0.0005,-0.019034859878945543,0,1
2022-06-15,103.86000061035156,109.05999755859376,103.52999877929688,107.66999816894533,85011100,29.6200008392334,294.957,21967.045,3.6,0.3270673333333333,0.0187388070680428,3,104.19000244140624,104.87999725341795,101.43000030517578,102.30999755859376,-0.018044004595064056,0.01515006439981681,69728800.0,99277700.0,-0.29763884538018104,32.689998626708984,294.957,21967.045,3.6,0.1449394,0.2533374892663934,5.0,0.036683973966913586,103.88596561050416,107.64308066940309,0.03616576153303841,0.0005,0.03566576153303841,1,0
2022-06-16,104.47000122070312,104.58000183105467,102.01000213623048,103.66000366210938,82186300,32.95000076293945,294.957,21967.045,3.6,0.154319,0.2188444867693343,7,103.86000061035156,109.05999755859376,103.52999877929688,107.66999816894533,0.036683973966913586,-0.029720414253384453,85011100.0,69728800.0,0.21916768967772282,29.6200008392334,294.957,21967.045,3.6,0.3270673333333333,0.0187388070680428,3.0,-0.007753398574989467,104.49611872100832,103.63408866119386,-0.008249397875876863,0.0005,-0.008749397875876863,0,1
2022-06-17,102.8000030517578,106.9800033569336,102.51000213623048,106.22000122070312,99772100,31.1299991607666,294.957,21967.045,3.6,0.0328534999999999,0.1480773523686184,2,104.47000122070312,104.58000183105467,102.01000213623048,103.66000366210938,-0.007753398574989467,-0.00829635905816517,82186300.0,85011100.0,-0.03322860191198562,32.95000076293945,294.957,21967.045,3.6,0.154319,0.2188444867693343,7.0,0.033268463690836914,102.82570305252075,106.19344622039796,0.032751958585267804,0.0005,0.032251958585267804,1,0
2022-06-21,108.1999969482422,111.62999725341795,103.55999755859376,108.68000030517578,70901200,30.190000534057617,294.957,21967.045,3.6,0.17629675,0.0850136660244496,4,102.8000030517578,106.9800033569336,102.51000213623048,106.22000122070312,0.033268463690836914,0.018640516896860637,99772100.0,82186300.0,0.21397483522192862,31.1299991607666,294.957,21967.045,3.6,0.0328534999999999,0.1480773523686184,2.0,0.004436260355563437,108.22704694747927,108.65283030509949,0.003934167748537387,0.0005,0.003434167748537387,1,0
2022-06-22,107.43000030517578,112.12999725341795,107.0199966430664,108.9499969482422,60040100,28.950000762939453,294.957,21967.045,3.6,0.30018875,0.2437225819830817,8,108.1999969482422,111.62999725341795,103.55999755859376,108.68000030517578,0.004436260355563437,-0.011501656206201472,70901200.0,99772100.0,-0.2893684707448274,30.190000534057617,294.957,21967.045,3.6,0.17629675,0.0850136660244496,4.0,0.0141487167341392,107.45685780525208,108.92275944900514,0.013641769112677338,0.0005,0.013141769112677337,1,0
2022-06-23,110.38999938964844,113.0,107.93000030517578,112.44000244140624,64345300,29.049999237060547,294.957,21967.045,3.6,-0.0537045,0.1002189512043505,2,107.43000030517578,112.12999725341795,107.0199966430664,108.9499969482422,0.0141487167341392,0.013217094830120235,60040100.0,70901200.0,-0.15318640587183296,28.950000762939453,294.957,21967.045,3.6,0.30018875,0.2437225819830817,8.0,0.01857055044018807,110.41759688949585,112.41189244079588,0.018061392454464364,0.0005,0.017561392454464364,1,0
2022-06-24,112.37999725341795,116.70999908447266,111.43000030517578,116.45999908447266,69867600,27.229999542236328,294.957,21967.045,3.6,0.0566614999999999,0.2551426653678291,4,110.38999938964844,113.0,107.93000030517578,112.44000244140624,0.01857055044018807,-0.0005336640580344554,64345300.0,60040100.0,0.07170541021750454,29.049999237060547,294.957,21967.045,3.6,-0.0537045,0.1002189512043505,2.0,0.03630540959931028,112.40809225273132,116.43088408470155,0.035787386400310206,0.0005,0.035287386400310206,1,0
2022-06-27,117.08999633789062,117.9800033569336,112.6999969482422,113.22000122070312,62133200,26.950000762939453,294.957,21967.045,3.6,-0.037531,0.2196663646806219,3,112.37999725341795,116.70999908447266,111.43000030517578,116.45999908447266,0.03630540959931028,0.005409559147952603,69867600.0,64345300.0,0.08582289615558558,27.229999542236328,294.957,21967.045,3.6,0.0566614999999999,0.2551426653678291,4.0,-0.0330514581793967,117.11926883697511,113.19169622039796,-0.03353481161194882,0.0005,-0.03403481161194882,0,1
2022-06-28,113.5,114.8499984741211,107.04000091552734,107.4000015258789,74942900,28.36000061035156,294.957,21967.045,3.6,0.111392,0.0065904718343985,3,117.08999633789062,117.9800033569336,112.6999969482422,113.22000122070312,-0.0330514581793967,0.0024730504882353177,62133200.0,69867600.0,-0.11070081124870468,26.950000762939453,294.957,21967.045,3.6,-0.037531,0.2196663646806219,3.0,-0.053744479948203416,113.52837500000001,107.37315152549743,-0.054217489455852586,0.0005,-0.054717489455852586,0,1
2022-06-29,107.37999725341795,110.98999786376952,106.91000366210938,108.91999816894533,66375300,28.15999984741211,294.957,21967.045,3.6,0.2585321666666667,0.1832957826687964,6,113.5,114.8499984741211,107.04000091552734,107.4000015258789,-0.053744479948203416,-0.00018625951747430758,74942900.0,62133200.0,0.20616514198528324,28.36000061035156,294.957,21967.045,3.6,0.111392,0.0065904718343985,3.0,0.014341599505659719,107.40684225273132,108.8927681694031,0.013834555466916587,0.0005,0.013334555466916587,1,0
2022-06-30,108.11000061035156,108.18000030517578,102.5199966430664,106.20999908447266,97679400,28.709999084472656,294.957,21967.045,3.6,0.0428405555555555,0.2684576490808704,9,107.37999725341795,110.98999786376952,106.91000366210938,108.91999816894533,0.014341599505659719,-0.0074366284631898205,66375300.0,74942900.0,-0.11432170359033345,28.15999984741211,294.957,21967.045,3.6,0.2585321666666667,0.1832957826687964,6.0,-0.017574706457794464,108.13702811050416,106.18344658470154,-0.01806579633209704,0.0005,-0.01856579633209704,0,1
2022-07-01,106.29000091552734,109.75,105.8499984741211,109.55999755859376,73021200,26.700000762939453,294.913,22125.625,3.5,0.0229532499999999,0.3621805282216545,4,108.11000061035156,108.18000030517578,102.5199966430664,106.20999908447266,-0.017574706457794464,0.0007532419898719223,97679400.0,66375300.0,0.47162272712891684,28.709999084472656,294.957,21967.045,3.6,0.0428405555555555,0.2684576490808704,9.0,0.030764856664788454,106.31657341575624,109.53260755920412,0.030249603049859575,0.0005,0.029749603049859574,1,0
2022-07-05,107.5999984741211,114.08000183105467,106.31999969482422,113.5,76583700,27.540000915527344,294.913,22125.625,3.5,0.2710675,0.113434916674717,4,106.29000091552734,109.75,105.8499984741211,109.55999755859376,0.030764856664788454,-0.01788973282355577,73021200.0,97679400.0,-0.25244012555359674,26.700000762939453,294.913,22125.625,3.5,0.0229532499999999,0.3621805282216545,4.0,0.05483272871326217,107.62689847373963,113.471625,0.05430544417004124,0.0005,0.05380544417004124,1,0
2022-07-06,113.20999908447266,115.4800033569336,112.01000213623048,114.33000183105467,66958900,26.729999542236328,294.913,22125.625,3.5,0.1374783,0.3210698486813007,10,107.5999984741211,114.08000183105467,106.31999969482422,113.5,0.05483272871326217,-0.002555074145615399,76583700.0,73021200.0,0.04878720152503657,27.540000915527344,294.913,22125.625,3.5,0.2710675,0.113434916674717,4.0,0.009893143323376652,113.23830158424379,114.30141933059691,0.00938832295680636,0.0005,0.00888832295680636,1,0
2022-07-07,113.8499984741211,116.98999786376952,113.48999786376952,116.33000183105467,57872300,26.07999992370605,294.913,22125.625,3.5,0.278515,0.1474211342944649,4,113.20999908447266,115.4800033569336,112.01000213623048,114.33000183105467,0.009893143323376652,-0.004198402424963499,66958900.0,76583700.0,-0.1256768737995161,26.729999542236328,294.913,22125.625,3.5,0.1374783,0.3210698486813007,10.0,0.02178307764753562,113.87846097373964,116.30091933059691,0.021272313799673537,0.0005,0.020772313799673536,1,0
2022-07-08,114.5999984741211,116.58000183105467,113.69000244140624,115.54000091552734,45719700,24.63999938964844,294.913,22125.625,3.5,-0.0238669999999999,0.2383336451937353,4,113.8499984741211,116.98999786376952,113.48999786376952,116.33000183105467,0.02178307764753562,-0.01487151491191463,57872300.0,66958900.0,-0.13570414089837202,26.07999992370605,294.913,22125.625,3.5,0.278515,0.1474211342944649,4.0,0.008202464693911171,114.62864847373963,115.51111591529846,0.007698489455373769,0.0005,0.007198489455373769,1,0
2022-07-11,114.08000183105467,114.3000030517578,110.87000274658205,111.75,53487600,26.170000076293945,294.913,22125.625,3.5,0.2767141666666666,0.1389336499965601,6,114.5999984741211,116.58000183105467,113.69000244140624,115.54000091552734,0.008202464693911171,-0.012636308403183194,45719700.0,57872300.0,-0.20998992609590428,24.63999938964844,294.913,22125.625,3.5,-0.0238669999999999,0.2383336451937353,4.0,-0.020424279397411427,114.10852183151245,111.7220625,-0.020913944841351784,0.0005,-0.021413944841351784,0,1
2022-07-12,112.16000366210938,113.2300033569336,108.33999633789062,109.22000122070312,54280300,27.290000915527344,294.913,22125.625,3.5,0.2328985,0.139515367534548,6,114.08000183105467,114.3000030517578,110.87000274658205,111.75,-0.020424279397411427,0.0036689365736857216,53487600.0,45719700.0,0.1699026896501945,26.170000076293945,294.913,22125.625,3.5,0.2767141666666666,0.1389336499965601,6.0,-0.026212574406320743,112.18804366302491,109.19269622039795,-0.026699346426112713,0.0005,-0.027199346426112714,0,1
2022-07-13,107.02999877929688,111.77999877929688,106.01000213623048,110.4000015258789,61353800,26.81999969482422,294.913,22125.625,3.5,0.1047304999999999,0.1642244918102453,4,112.16000366210938,113.2300033569336,108.33999633789062,109.22000122070312,-0.026212574406320743,-0.02005129478968659,54280300.0,53487600.0,0.014820257405454784,27.290000915527344,294.913,22125.625,3.5,0.2328985,0.139515367534548,6.0,0.031486525133305854,107.05675627899171,110.37240152549744,0.030970910774328786,0.0005,0.030470910774328785,1,0
2022-07-14,110.23999786376952,111.18000030517578,107.58000183105467,110.62999725341795,51163100,26.39999961853028,294.913,22125.625,3.5,0.3713903333333333,0.4386028735454583,3,107.02999877929688,111.77999877929688,106.01000213623048,110.4000015258789,0.031486525133305854,-0.0014493085135681705,61353800.0,54280300.0,0.13031431292752615,26.81999969482422,294.913,22125.625,3.5,0.1047304999999999,0.1642244918102453,4.0,0.003537730381039994,110.26755786323547,110.6023397541046,0.0030360869267129775,0.0005,0.0025360869267129775,1,0
2022-07-15,112.5,115.58999633789062,111.58999633789062,113.5500030517578,84317800,24.229999542236328,294.913,22125.625,3.5,0.2463709999999999,0.2090294702021702,3,110.23999786376952,111.18000030517578,107.58000183105467,110.62999725341795,0.003537730381039994,0.016903216062624127,51163100.0,61353800.0,-0.16609729144731056,26.39999961853028,294.913,22125.625,3.5,0.3713903333333333,0.4386028735454583,3.0,0.009333360460069384,112.528125,113.52161555099487,0.008828819914975528,0.0005,0.008328819914975527,1,0
2022-07-18,115.0,117.23999786376952,113.1500015258789,113.76000213623048,59115400,25.299999237060547,294.913,22125.625,3.5,0.0516873333333333,0.2335562888927064,3,112.5,115.58999633789062,111.58999633789062,113.5500030517578,0.009333360460069384,0.0127696777566908,84317800.0,51163100.0,0.6480197642441525,24.229999542236328,294.913,22125.625,3.5,0.2463709999999999,0.2090294702021702,3.0,-0.010782590119734925,115.02875000000002,113.73156213569642,-0.011277075203404374,0.0005,-0.011777075203404375,0,1
2022-07-19,115.6999969482422,118.9499969482422,114.02999877929688,118.20999908447266,60990000,24.5,294.913,22125.625,3.5,0.0021268,0.2018821059967921,5,115.0,117.23999786376952,113.1500015258789,113.76000213623048,-0.010782590119734925,0.017053399925999635,59115400.0,84317800.0,-0.2988977416393691,25.299999237060547,294.913,22125.625,3.5,0.0516873333333333,0.2335562888927064,3.0,0.0216940553365208,115.72892194747928,118.18044658470154,0.02118333598868949,0.0005,0.02068333598868949,1,0
2022-07-20,118.62000274658205,123.4800033569336,118.31999969482422,122.7699966430664,71268300,23.8799991607666,294.913,22125.625,3.5,0.250680625,0.2116877348805057,8,115.6999969482422,118.9499969482422,114.02999877929688,118.20999908447266,0.0216940553365208,0.0034684346949058753,60990000.0,59115400.0,0.03171085706939314,24.5,294.913,22125.625,3.5,0.0021268,0.2018821059967921,5.0,0.03498561625690022,118.6496577472687,122.73930414390564,0.0344682527896385,0.0005,0.0339682527896385,1,0
2022-07-21,123.1999969482422,124.8499984741211,121.26000213623048,124.62999725341795,60239900,23.11000061035156,294.913,22125.625,3.5,0.1954212222222222,0.2695863875359705,9,118.62000274658205,123.4800033569336,118.31999969482422,122.7699966430664,0.03498561625690022,0.003502486901795221,71268300.0,60990000.0,0.16852434825381213,23.8799991607666,294.913,22125.625,3.5,0.250680625,0.2116877348805057,8.0,0.011607145621736592,123.23079694747928,124.5988397541046,0.011101468468214026,0.0005,0.010601468468214026,1,0
2022-07-22,125.01000213623048,125.5,121.3499984741211,122.41999816894533,51463800,23.030000686645508,294.913,22125.625,3.5,0.113969,0.0,1,123.1999969482422,124.8499984741211,121.26000213623048,124.62999725341795,0.011607145621736592,0.003049064360001852,60239900.0,71268300.0,-0.1547448164190811,23.11000061035156,294.913,22125.625,3.5,0.1954212222222222,0.2695863875359705,9.0,-0.02071837391429432,125.04125463676455,122.38939316940309,-0.021207892347728907,0.0005,-0.021707892347728908,0,1
2022-07-25,122.6999969482422,123.63999938964844,120.02999877929688,121.13999938964844,50221300,23.36000061035156,294.913,22125.625,3.5,0.1939996666666666,0.1026576151167884,6,125.01000213623048,125.5,121.3499984741211,122.41999816894533,-0.02071837391429432,0.002287198035328064,51463800.0,60239900.0,-0.14568583281180747,23.030000686645508,294.913,22125.625,3.5,0.113969,0.0,1.0,-0.012713916849173224,122.73067194747927,121.10971438980103,-0.013207436510833226,0.0005,-0.013707436510833226,0,1
2022-07-26,115.79000091552734,118.1500015258789,114.52999877929688,114.80999755859376,67075100,24.690000534057617,294.913,22125.625,3.5,0.1449521666666666,0.2444454704987733,6,122.6999969482422,123.63999938964844,120.02999877929688,121.13999938964844,-0.012713916849173224,-0.04416376507410036,50221300.0,51463800.0,-0.024143184141085627,23.36000061035156,294.913,22125.625,3.5,0.1939996666666666,0.1026576151167884,6.0,-0.008463626817383996,115.81894841575624,114.78129505920411,-0.008959271092906618,0.0005,-0.009459271092906618,0,1
2022-07-27,117.30999755859376,121.9000015258789,117.16000366210938,120.97000122070312,61582000,23.239999771118164,294.913,22125.625,3.5,0.1238175,0.1519183564040238,2,115.79000091552734,118.1500015258789,114.52999877929688,114.80999755859376,-0.008463626817383996,0.02177510716106501,67075100.0,50221300.0,0.33559067566948686,24.690000534057617,294.913,22125.625,3.5,0.1449521666666666,0.2444454704987733,6.0,0.03119941810825866,117.33932505798342,120.93975872039795,0.030683947266914702,0.0005,0.0301839472669147,1,0
2022-07-28,121.56999969482422,122.83999633789062,118.08000183105467,122.27999877929688,82245500,22.32999992370605,294.913,22125.625,3.5,0.1114457499999999,0.1339108785981059,4,117.30999755859376,121.9000015258789,117.16000366210938,120.97000122070312,0.03119941810825866,0.004959894751314753,61582000.0,67075100.0,-0.08189477168129455,23.239999771118164,294.913,22125.625,3.5,0.1238175,0.1519183564040238,2.0,0.005840249126058739,121.60039219474794,122.24942877960206,0.005337454700102162,0.0005,0.004837454700102162,1,0
2022-07-29,134.89999389648438,137.64999389648438,132.41000366210938,134.9499969482422,148892900,21.32999992370605,294.913,22125.625,3.5,0.145854375,0.2315125488607089,8,121.56999969482422,122.83999633789062,118.08000183105467,122.27999877929688,0.005840249126058739,0.10320571837725745,82245500.0,61582000.0,0.33554447728232284,22.32999992370605,294.913,22125.625,3.5,0.1114457499999999,0.1339108785981059,4.0,0.0003706675613059929,134.9337188949585,134.91625944900514,-0.000129392757394875,0.0005,-0.000629392757394875,0,1
2022-08-01,134.9600067138672,138.8300018310547,133.50999450683594,135.38999938964844,76846900,22.84000015258789,295.097,22125.625,3.6,0.05313275,0.3241898610242409,4,134.89999389648438,137.64999389648438,132.41000366210938,134.9499969482422,0.0003706675613059929,7.417388552322102e-05,148892900.0,82245500.0,0.8103470706604008,21.32999992370605,294.913,22125.625,3.5,0.145854375,0.2315125488607089,8.0,0.0031860747954235435,134.99374671554565,135.35615188980103,0.002684607124943561,0.0005,0.002184607124943561,1,0
2022-08-02,134.72000122070312,137.44000244140625,134.08999633789062,134.16000366210938,61922400,23.93000030517578,295.097,22125.625,3.6,0.1693289999999999,0.0487628606728522,3,134.9600067138672,138.8300018310547,133.50999450683594,135.38999938964844,0.0031860747954235435,-0.004948653312399243,76846900.0,148892900.0,-0.48387800895811683,22.84000015258789,295.097,22125.625,3.6,0.05313275,0.3241898610242409,4.0,-0.004156751436457773,134.75368122100832,134.12646366119384,-0.0046545486114459855,0.0005,-0.005154548611445986,0,1
2022-08-03,136.2100067138672,140.49000549316406,136.0500030517578,139.52000427246094,71827800,21.950000762939453,295.097,22125.625,3.6,0.1647525555555555,0.0851678829050468,9,134.72000122070312,137.44000244140625,134.08999633789062,134.16000366210938,-0.004156751436457773,0.01528028470333731,61922400.0,76846900.0,-0.19421082698196024,23.93000030517578,295.097,22125.625,3.6,0.1693289999999999,0.0487628606728522,3.0,0.024300693014038144,136.24405921554566,139.48512427139283,0.023788670673116297,0.0005,0.023288670673116296,1,0
2022-08-04,140.5800018310547,143.55999755859375,139.5500030517578,142.57000732421875,70585000,21.440000534057617,295.097,22125.625,3.6,0.197086,0.1126785495269618,5,136.2100067138672,140.49000549316406,136.0500030517578,139.52000427246094,0.024300693014038144,0.007597459332955081,71827800.0,61922400.0,0.15996473004922285,21.950000762939453,295.097,22125.625,3.6,0.1647525555555555,0.0851678829050468,9.0,0.014155679806830523,140.61514683151248,142.5343648223877,0.013648728704702462,0.0005,0.013148728704702461,1,0
2022-08-05,140.10000610351562,142.86000061035156,139.60000610351562,140.8000030517578,50686900,21.14999961853028,295.097,22125.625,3.6,0.0671615714285714,0.1968915370915817,7,140.5800018310547,143.55999755859375,139.5500030517578,142.57000732421875,0.014155679806830523,-0.017324830566123883,70585000.0,71827800.0,-0.017302492906646205,21.440000534057617,295.097,22125.625,3.6,0.197086,0.1126785495269618,5.0,0.004996409120246348,140.13503110504152,140.76480305099489,0.004494036508839061,0.0005,0.003994036508839061,1,0
2022-08-08,142.0500030517578,144.22999572753906,138.2899932861328,139.41000366210938,52229000,21.290000915527344,295.097,22125.625,3.6,0.081536125,0.1994730368656644,8,140.10000610351562,142.86000061035156,139.60000610351562,140.8000030517578,0.004996409120246348,0.008877840716668972,50686900.0,70585000.0,-0.28190267053906637,21.14999961853028,295.097,22125.625,3.6,0.0671615714285714,0.1968915370915817,7.0,-0.018585000583819178,142.08551555252077,139.37515116119386,-0.019075585437314024,0.0005,-0.019575585437314025,0,1
2022-08-09,138.0500030517578,138.9499969482422,136.2100067138672,137.8300018310547,40434700,21.770000457763672,295.097,22125.625,3.6,0.2893476,0.1664666475042373,5,142.0500030517578,144.22999572753906,138.2899932861328,139.41000366210938,-0.018585000583819178,-0.009755401869494418,52229000.0,50686900.0,0.030424034612493545,21.290000915527344,295.097,22125.625,3.6,0.081536125,0.1994730368656644,8.0,-0.0015936343052498358,138.08451555252077,137.79554433059693,-0.002092712718493983,0.0005,-0.002592712718493983,0,1
2022-08-10,142.89999389648438,144.60000610351562,141.00999450683594,142.69000244140625,54773800,19.739999771118164,295.097,22125.625,3.6,0.24797475,0.2194191153134035,4,138.0500030517578,138.9499969482422,136.2100067138672,137.8300018310547,-0.0015936343052498358,0.03678438654919436,40434700.0,52229000.0,-0.22581898945030543,21.770000457763672,295.097,22125.625,3.6,0.2893476,0.1664666475042373,5.0,-0.0014694993985111537,142.9357188949585,142.6543299407959,-0.001968639863695776,0.0005,-0.002468639863695776,0,1
2022-08-11,143.86000061035156,144.49000549316406,139.75999450683594,140.63999938964844,44867300,20.200000762939453,295.097,22125.625,3.6,0.2518003333333333,0.0980948410790971,3,142.89999389648438,144.60000610351562,141.00999450683594,142.69000244140625,-0.0014694993985111537,0.008199580551733199,54773800.0,40434700.0,0.3546236277256911,19.739999771118164,295.097,22125.625,3.6,0.24797475,0.2194191153134035,4.0,-0.022382880627288326,143.89596561050416,140.60483938980104,-0.022871567015377625,0.0005,-0.023371567015377626,0,1
2022-08-12,142.0500030517578,143.57000732421875,140.1199951171875,143.5500030517578,47643500,19.530000686645508,295.097,22125.625,3.6,0.0,0.0,0,143.86000061035156,144.49000549316406,139.75999450683594,140.63999938964844,-0.022382880627288326,0.010025623352023061,44867300.0,54773800.0,-0.1808620179720961,20.200000762939453,295.097,22125.625,3.6,0.2518003333333333,0.0980948410790971,3.0,0.010559661863952519,142.08551555252077,143.5141155509949,0.010054508321406308,0.0005,0.009554508321406308,1,0
2022-08-15,142.8000030517578,143.75999450683594,141.49000549316406,143.17999267578125,39014600,19.950000762939453,295.097,22125.625,3.6,0.1506753333333333,0.0390505465561409,3,142.0500030517578,143.57000732421875,140.1199951171875,143.5500030517578,0.010559661863952519,-0.005224660286002103,47643500.0,44867300.0,0.06187579818709832,19.530000686645508,295.097,22125.625,3.6,0.0,0.0,0.0,0.0026609917080022694,142.83570305252076,143.1441976776123,0.0021597865134470595,0.0005,0.0016597865134470595,1,0
2022-08-16,143.91000366210938,146.57000732421875,142.0,144.77999877929688,59102900,19.690000534057617,295.097,22125.625,3.6,0.218303,0.1647785074334635,2,142.8000030517578,143.75999450683594,141.49000549316406,143.17999267578125,0.0026609917080022694,0.005098554432679592,39014600.0,47643500.0,-0.1811138980133702,19.950000762939453,295.097,22125.625,3.6,0.1506753333333333,0.0390505465561409,3.0,0.006045410986370348,143.94598116302492,144.74380377960205,0.005542514005122179,0.0005,0.005042514005122178,1,0
2022-08-17,142.69000244140625,143.3800048828125,140.77999877929688,142.10000610351562,48149800,19.89999961853028,295.097,22125.625,3.6,0.160611,0.0767491194520605,4,143.91000366210938,146.57000732421875,142.0,144.77999877929688,0.006045410986370348,-0.01443567036546689,59102900.0,39014600.0,0.5148918609956272,19.690000534057617,295.097,22125.625,3.6,0.218303,0.1647785074334635,2.0,-0.0041348120246399445,142.7256749420166,142.06448110198974,-0.004632620166592161,0.0005,-0.005132620166592161,0,1
2022-08-18,141.32000732421875,142.77000427246094,140.3800048828125,142.3000030517578,37458700,19.559999465942383,295.097,22125.625,3.6,0.1530573333333333,0.1513729869027716,6,142.69000244140625,143.3800048828125,140.77999877929688,142.10000610351562,-0.0041348120246399445,-0.005489083362379743,48149800.0,59102900.0,-0.18532254762456668,19.89999961853028,295.097,22125.625,3.6,0.160611,0.0767491194520605,4.0,0.006934585881323452,141.3553373260498,142.26442805099487,0.006431244423747096,0.0005,0.005931244423747095,1,0
2022-08-19,140.47000122070312,141.11000061035156,137.91000366210938,138.22999572753906,47792800,20.600000381469727,295.097,22125.625,3.6,0.3346736666666667,0.255865869540794,6,141.32000732421875,142.77000427246094,140.3800048828125,142.3000030517578,0.006934585881323452,-0.012860167194719385,37458700.0,48149800.0,-0.22203830545505898,19.559999465942383,295.097,22125.625,3.6,0.1530573333333333,0.1513729869027716,6.0,-0.01594650440448575,140.5051187210083,138.19543822860717,-0.01643840817634057,0.0005,-0.01693840817634057,0,1
2022-08-22,135.72000122070312,136.32000732421875,132.85000610351562,133.22000122070312,50461500,23.799999237060547,295.097,22125.625,3.6,0.2431874,0.1129052682353662,5,140.47000122070312,141.11000061035156,137.91000366210938,138.22999572753906,-0.01594650440448575,-0.01815810304865606,47792800.0,37458700.0,0.27587983565900576,20.600000381469727,295.097,22125.625,3.6,0.3346736666666667,0.255865869540794,6.0,-0.018420276875289687,135.75393122100832,133.18669622039795,-0.018910944070053448,0.0005,-0.01941094407005345,0,1
2022-08-23,133.41000366210938,134.99000549316406,132.9499969482422,133.6199951171875,36252100,24.11000061035156,295.097,22125.625,3.6,0.0870042,0.2668240944362034,5,135.72000122070312,136.32000732421875,132.85000610351562,133.22000122070312,-0.018420276875289687,0.0014262305934937825,50461500.0,47792800.0,0.05583895482164669,23.799999237060547,295.097,22125.625,3.6,0.2431874,0.1129052682353662,5.0,0.0015740308021425786,133.4433561630249,133.5865901184082,0.0010733689522040013,0.0005,0.0005733689522040013,1,0
2022-08-24,132.75,135.47000122070312,132.10000610351562,133.8000030517578,38627000,22.81999969482422,295.097,22125.625,3.6,0.0964281999999999,0.1318947913088307,10,133.41000366210938,134.99000549316406,132.9499969482422,133.6199951171875,0.0015740308021425786,-0.00651096504250348,36252100.0,50461500.0,-0.2815889341379071,24.11000061035156,295.097,22125.625,3.6,0.0870042,0.2668240944362034,5.0,0.007909627508533523,132.78318750000003,133.76655305099487,0.00740579865199309,0.0005,0.006905798651993089,1,0
2022-08-25,135.25999450683594,137.4199981689453,134.27999877929688,137.27999877929688,37496300,21.780000686645508,295.097,22125.625,3.6,0.1227978999999999,0.2726400463633119,10,132.75,135.47000122070312,132.10000610351562,133.8000030517578,0.007909627508533523,0.010911744557384973,38627000.0,36252100.0,0.06551068765671508,22.81999969482422,295.097,22125.625,3.6,0.0964281999999999,0.1318947913088307,10.0,0.014934232991994145,135.29380950546266,137.24567877960206,0.014426892710568406,0.0005,0.013926892710568406,1,0
2022-08-26,136.5500030517578,137.8300018310547,130.5,130.75,53322700,25.559999465942383,295.097,22125.625,3.6,-0.105297,0.17530538527001,4,135.25999450683594,137.4199981689453,134.27999877929688,137.27999877929688,0.014934232991994145,-0.00531756799264449,37496300.0,38627000.0,-0.02927227069148519,21.780000686645508,295.097,22125.625,3.6,0.1227978999999999,0.2726400463633119,10.0,-0.04247530517856801,136.58414055252075,130.7173125,-0.04295394786530715,0.0005,-0.04345394786530715,0,1
2022-08-29,129.89999389648438,131.9499969482422,128.77000427246094,129.7899932861328,48101600,26.209999084472656,295.097,22125.625,3.6,0.0692643636363636,0.210979716545109,11,136.5500030517578,137.8300018310547,130.5,130.75,-0.04247530517856801,-0.006501002703752423,53322700.0,37496300.0,0.42207897845920805,25.559999465942383,295.097,22125.625,3.6,-0.105297,0.17530538527001,4.0,-0.0008468099732107381,129.9324688949585,129.7575457878113,-0.001346261705291063,0.0005,-0.001846261705291063,0,1
2022-08-30,131.25,132.07000732421875,126.8499984741211,128.72999572753906,49203000,26.209999084472656,295.097,22125.625,3.6,0.242279,0.1043578511804454,3,129.89999389648438,131.9499969482422,128.77000427246094,129.7899932861328,-0.0008468099732107381,0.011248992906937705,48101600.0,53322700.0,-0.09791514683239966,26.209999084472656,295.097,22125.625,3.6,0.0692643636363636,0.210979716545109,11.0,-0.019200032552083357,131.2828125,128.69781322860717,-0.019690309966453823,0.0005,-0.020190309966453823,0,1
2022-08-31,129.4499969482422,130.58999633789062,126.73999786376952,126.7699966430664,53648700,25.8700008392334,295.097,22125.625,3.6,0.1609259999999999,0.1541646771767125,5,131.25,132.07000732421875,126.8499984741211,128.72999572753906,-0.019200032552083357,0.005593111509356596,49203000.0,48101600.0,0.022897367239343325,26.209999084472656,295.097,22125.625,3.6,0.242279,0.1043578511804454,3.0,-0.020702976966830877,129.48235944747927,126.73830414390564,-0.021192503096815085,0.0005,-0.021692503096815086,0,1
2022-09-01,126.0,128.02000427246094,123.66000366210938,127.81999969482422,56636100,25.559999465942383,296.349,22125.625,3.5,0.1824867142857142,0.1805941972570125,7,129.4499969482422,130.58999633789062,126.73999786376952,126.7699966430664,-0.020702976966830877,-0.006073965949801252,53648700.0,49203000.0,0.09035424669227488,25.8700008392334,295.097,22125.625,3.6,0.1609259999999999,0.1541646771767125,5.0,0.01444444202241435,126.03150000000001,127.78804469490052,0.01393734657526502,0.0005,0.013437346575265019,1,0
2022-09-02,129.5,131.3800048828125,126.38999938964844,127.51000213623048,57429800,25.46999931335449,296.349,22125.625,3.5,0.263915,0.0800162033590697,2,126.0,128.02000427246094,123.66000366210938,127.81999969482422,0.01444444202241435,0.013143485441925007,56636100.0,53648700.0,0.05568448070503096,25.559999465942383,296.349,22125.625,3.5,0.1824867142857142,0.1805941972570125,7.0,-0.015366778870807063,129.532375,127.47812463569643,-0.015858972432981067,0.0005,-0.016358972432981067,0,1
2022-09-06,127.91999816894533,128.6199951171875,124.73999786376952,126.11000061035156,43888600,26.90999984741211,296.349,22125.625,3.5,0.0833571111111111,0.1539200577421965,9,129.5,131.3800048828125,126.38999938964844,127.51000213623048,-0.015366778870807063,0.0032154029162105857,57429800.0,56636100.0,0.01401402992084555,25.46999931335449,296.349,22125.625,3.5,0.263915,0.0800162033590697,2.0,-0.014149449534882619,127.95197816848757,126.07847311019898,-0.014642251609596424,0.0005,-0.015142251609596424,0,1
2022-09-07,126.12000274658205,129.82000732421875,125.4000015258789,129.47999572753906,47900300,24.63999938964844,296.349,22125.625,3.5,0.1831658461538461,0.1625238936089327,13,127.91999816894533,128.6199951171875,124.73999786376952,126.11000061035156,-0.014149449534882619,7.931279186479401e-05,43888600.0,57429800.0,-0.23578699560158667,26.90999984741211,296.349,22125.625,3.5,0.0833571111111111,0.1539200577421965,9.0,0.026641237771841686,126.1515327472687,129.4476257286072,0.026128045451035975,0.0005,0.025628045451035975,1,0
2022-09-08,127.72000122070312,130.27999877929688,127.0999984741211,129.82000732421875,43988500,23.61000061035156,296.349,22125.625,3.5,0.374445875,0.1246792741126922,8,126.12000274658205,129.82000732421875,125.4000015258789,129.47999572753906,0.026641237771841686,-0.01359279089365617,47900300.0,43888600.0,0.0914064244473507,24.63999938964844,296.349,22125.625,3.5,0.1831658461538461,0.1625238936089327,13.0,0.01644226498155721,127.7519312210083,129.7875523223877,0.015934170872593967,0.0005,0.015434170872593966,1,0
2022-09-09,130.91000366210938,133.69000244140625,130.75999450683594,133.27000427246094,49387600,22.790000915527344,296.349,22125.625,3.5,0.1789155,0.0506620795516725,2,127.72000122070312,130.27999877929688,127.0999984741211,129.82000732421875,0.01644226498155721,0.008396212266175596,43988500.0,47900300.0,-0.08166545929774971,23.61000061035156,296.349,22125.625,3.5,0.374445875,0.1246792741126922,8.0,0.018027656743811127,130.94273116302492,133.23668677139284,0.01751877013709091,0.0005,0.01701877013709091,1,0
2022-09-12,134.10000610351562,136.49000549316406,134.0,136.4499969482422,53826900,23.8700008392334,296.349,22125.625,3.5,0.340879,0.1855735605871698,5,130.91000366210938,133.69000244140625,130.75999450683594,133.27000427246094,0.018027656743811127,0.006227971819958933,49387600.0,43988500.0,0.12273889766643564,22.790000915527344,296.349,22125.625,3.5,0.1789155,0.0506620795516725,2.0,0.017524166575447753,134.13353110504153,136.41588444900512,0.01701553165089087,0.0005,0.01651553165089087,1,0
2022-09-13,131.00999450683594,131.39999389648438,126.2699966430664,126.81999969482422,72694000,27.270000457763672,296.349,22125.625,3.5,0.2363915714285714,0.4186143719343047,7,134.10000610351562,136.49000549316406,134.0,136.4499969482422,0.017524166575447753,-0.039868102331066635,53826900.0,49387600.0,0.08988693518211055,23.8700008392334,296.349,22125.625,3.5,0.340879,0.1855735605871698,5.0,-0.031982253169189234,131.04274700546264,126.78829469490051,-0.032466141070629284,0.0005,-0.032966141070629285,0,1
2022-09-14,127.36000061035156,128.83999633789062,126.33000183105467,128.5500030517578,45316800,26.15999984741211,296.349,22125.625,3.5,0.1452214285714285,0.2167223427828467,7,131.00999450683594,131.39999389648438,126.2699966430664,126.81999969482422,-0.031982253169189234,0.004258010698839243,72694000.0,53826900.0,0.3505143339111114,27.270000457763672,296.349,22125.625,3.5,0.2363915714285714,0.4186143719343047,7.0,0.009343612089379505,127.39184061050416,128.51786555099488,0.008839066419752184,0.0005,0.008339066419752184,1,0
2022-09-15,127.37999725341795,130.3699951171875,125.5,126.27999877929688,52887200,26.270000457763672,296.349,22125.625,3.5,0.0859586666666666,0.3209081857323057,9,127.36000061035156,128.83999633789062,126.33000183105467,128.5500030517578,0.009343612089379505,-0.009101561809133352,45316800.0,72694000.0,-0.37660879852532536,26.15999984741211,296.349,22125.625,3.5,0.1452214285714285,0.2167223427828467,7.0,-0.008635566791014071,127.41184225273132,126.24842877960205,-0.009131125118036931,0.0005,-0.009631125118036932,0,1
2022-09-16,122.77999877929688,123.87000274658205,120.6999969482422,123.52999877929688,115667800,26.299999237060547,296.349,22125.625,3.5,-0.07345,0.1895671115647437,3,127.37999725341795,130.3699951171875,125.5,126.27999877929688,-0.008635566791014071,-0.027716186520693964,52887200.0,45316800.0,0.16705504360413803,26.270000457763672,296.349,22125.625,3.5,0.0859586666666666,0.3209081857323057,9.0,0.006108486784953904,122.8106937789917,123.49911627960205,0.005605558273689137,0.0005,0.005105558273689137,1,0
2022-09-19,122.16000366210938,124.70999908447266,121.8000030517578,124.66000366210938,47279700,25.76000022888184,296.349,22125.625,3.5,0.102313,0.0388342808739907,3,122.77999877929688,123.87000274658205,120.6999969482422,123.52999877929688,0.006108486784953904,-0.01109038396118811,115667800.0,52887200.0,1.1870660575715863,26.299999237060547,296.349,22125.625,3.5,-0.07345,0.1895671115647437,3.0,0.02046496336816528,122.19054366302491,124.62883866119385,0.019954858412720045,0.0005,0.019454858412720044,1,0
2022-09-20,123.3499984741211,124.4000015258789,121.13999938964844,122.19000244140624,47698400,27.15999984741211,296.349,22125.625,3.5,0.089202625,0.2413623929949897,8,122.16000366210938,124.70999908447266,121.8000030517578,124.66000366210938,0.02046496336816528,-0.010508624655098275,47279700.0,115667800.0,-0.5912457918279763,25.76000022888184,296.349,22125.625,3.5,0.102313,0.0388342808739907,3.0,-0.009404102529909864,123.38083597373964,122.15945494079588,-0.009899276685106151,0.0005,-0.010399276685106151,0,1
2022-09-21,122.48999786376952,123.76000213623048,118.4499969482422,118.54000091552734,58498900,27.989999771118164,296.349,22125.625,3.5,0.2213696666666667,0.100405055987568,6,123.3499984741211,124.4000015258789,121.13999938964844,122.19000244140624,-0.009404102529909864,0.002455155220306482,47698400.0,47279700.0,0.008855809152765293,27.15999984741211,296.349,22125.625,3.5,0.089202625,0.2413623929949897,8.0,-0.03224750605870097,122.52062036323547,118.51036591529846,-0.032731261366844566,0.0005,-0.03323126136684457,0,1
2022-09-22,117.08000183105467,118.79000091552734,116.26000213623048,117.30999755859376,55229200,27.350000381469727,296.349,22125.625,3.5,-0.2512189999999999,0.0186393347520774,2,122.48999786376952,123.76000213623048,118.4499969482422,118.54000091552734,-0.03224750605870097,-0.0123165098126925,58498900.0,47698400.0,0.22643317176257494,27.989999771118164,296.349,22125.625,3.5,0.2213696666666667,0.100405055987568,6.0,0.0019644322167928774,117.10927183151244,117.28067005920411,0.001463575214934787,0.0005,0.0009635752149347869,1,0
2022-09-23,116.0,116.0500030517578,112.05999755859376,113.77999877929688,65126700,29.920000076293945,296.349,22125.625,3.5,-0.0893219999999999,0.3047573658371524,2,117.08000183105467,118.79000091552734,116.26000213623048,117.30999755859376,0.0019644322167928774,-0.011166972857018842,55229200.0,58498900.0,-0.055893358678539284,27.350000381469727,296.349,22125.625,3.5,-0.2512189999999999,0.0186393347520774,2.0,-0.019137941557785587,116.02900000000001,113.75155377960205,-0.019628250009893766,0.0005,-0.020128250009893767,0,1
2022-09-26,113.3000030517578,117.33999633789062,113.12999725341795,115.1500015258789,62723300,32.2599983215332,296.349,22125.625,3.5,0.2436125,0.1386804979932891,4,116.0,116.0500030517578,112.05999755859376,113.77999877929688,-0.019137941557785587,-0.004218630099215748,65126700.0,55229200.0,0.17920773793572975,29.920000076293945,296.349,22125.625,3.5,-0.0893219999999999,0.3047573658371524,2.0,0.016328317954907634,113.32832805252075,115.12121402549744,0.015820280805217468,0.0005,0.015320280805217468,1,0
2022-09-27,117.1999969482422,118.31999969482422,113.0500030517578,114.41000366210938,60094700,32.599998474121094,296.349,22125.625,3.5,0.2891289999999999,0.0487526013323049,4,113.3000030517578,117.33999633789062,113.12999725341795,115.1500015258789,0.016328317954907634,0.01780282583758863,62723300.0,65126700.0,-0.03690345127267314,32.2599983215332,296.349,22125.625,3.5,0.2436125,0.1386804979932891,4.0,-0.023805404085163406,117.22929694747927,114.38140116119385,-0.024293379389294878,0.0005,-0.02479337938929488,0,1
2022-09-28,114.37999725341795,118.6999969482422,113.8000030517578,118.01000213623048,55763800,30.18000030517578,296.349,22125.625,3.5,0.2408124444444444,0.1143743316998083,9,117.1999969482422,118.31999969482422,113.0500030517578,114.41000366210938,-0.023805404085163406,-0.00026227084809860024,60094700.0,62723300.0,-0.041907871556502885,32.599998474121094,296.349,22125.625,3.5,0.2891289999999999,0.0487526013323049,4.0,0.03173636098950028,114.40859225273132,117.98049963569643,0.0312206217438169,0.0005,0.0307206217438169,1,0
2022-09-29,115.5999984741211,116.06999969482422,113.05999755859376,114.8000030517578,58969700,31.84000015258789,296.349,22125.625,3.5,0.051389,0.206238978830385,5,114.37999725341795,118.6999969482422,113.8000030517578,118.01000213623048,0.03173636098950028,-0.020422028798264824,55763800.0,60094700.0,-0.07206791946710778,30.18000030517578,296.349,22125.625,3.5,0.2408124444444444,0.1143743316998083,9.0,-0.00692037571732651,115.62889847373964,114.77130305099486,-0.0074167914255409695,0.0005,-0.00791679142554097,0,1
2022-09-30,114.08000183105467,116.91999816894533,112.83999633789062,113.0,59479600,31.6200008392334,296.349,22125.625,3.5,0.26114625,0.3923496000774266,4,115.5999984741211,116.06999969482422,113.05999755859376,114.8000030517578,-0.00692037571732651,-0.0062717874700622955,58969700.0,55763800.0,0.05749070185317362,31.84000015258789,296.349,22125.625,3.5,0.051389,0.206238978830385,5.0,-0.009467056571879184,114.10852183151245,112.97175,-0.009962199257921855,0.0005,-0.010462199257921856,0,1
2022-10-03,113.58000183105467,116.91000366210938,112.4499969482422,115.87999725341795,50941900,30.100000381469727,298.007,22278.345,3.6,0.0944786666666666,0.2157910007908887,3,114.08000183105467,116.91999816894533,112.83999633789062,113.0,-0.009467056571879184,0.005132759566855549,59479600.0,58969700.0,0.008646813533051745,31.6200008392334,296.349,22125.625,3.5,0.26114625,0.3923496000774266,4.0,0.0202500033921853,113.60839683151245,115.85102725410461,0.01974000588986491,0.0005,0.01924000588986491,1,0
2022-10-04,119.88999938964844,123.0,119.79000091552734,121.08999633789062,62812600,29.06999969482422,298.007,22278.345,3.6,0.133817375,0.1690403997450968,8,113.58000183105467,116.91000366210938,112.4499969482422,115.87999725341795,0.0202500033921853,0.03460478280354984,50941900.0,59479600.0,-0.1435399700065233,30.100000381469727,298.007,22278.345,3.6,0.0944786666666666,0.2157910007908887,3.0,0.010009149673461337,119.91997188949586,121.05972383880615,0.009504271318213409,0.0005,0.009004271318213408,1,0
2022-10-05,118.58000183105467,121.75,117.69000244140624,120.9499969482422,48217500,28.549999237060547,298.007,22278.345,3.6,0.2062433333333333,0.2320300463618164,6,119.88999938964844,123.0,119.79000091552734,121.08999633789062,0.010009149673461337,-0.020728339109302163,62812600.0,50941900.0,0.2330242884541016,29.06999969482422,298.007,22278.345,3.6,0.133817375,0.1690403997450968,8.0,0.01998646551350336,118.60964683151245,120.91975944900514,0.01947659974718796,0.0005,0.01897659974718796,1,0
2022-10-06,120.7699966430664,121.52999877929688,119.5,120.3000030517578,42253800,30.520000457763672,298.007,22278.345,3.6,0.139845,0.2107311808784937,10,118.58000183105467,121.75,117.69000244140624,120.9499969482422,0.01998646551350336,-0.0014882208327200441,48217500.0,62812600.0,-0.23235943106956247,28.549999237060547,298.007,22278.345,3.6,0.2062433333333333,0.2320300463618164,6.0,-0.0038916420002698127,120.80018914222718,120.26992805099486,-0.004389571696845618,0.0005,-0.004889571696845618,0,1
2022-10-07,118.0,118.16999816894533,113.87999725341795,114.55999755859376,54678000,31.36000061035156,298.007,22278.345,3.6,-0.223102,0.1152944989017255,3,120.7699966430664,121.52999877929688,119.5,120.3000030517578,-0.0038916420002698127,-0.01911889437582348,42253800.0,48217500.0,-0.12368331000155541,30.520000457763672,298.007,22278.345,3.6,0.139845,0.2107311808784937,10.0,-0.029152563062764703,118.02950000000001,114.53135755920412,-0.02963786545563518,0.0005,-0.030137865455635182,0,1
2022-10-10,115.0999984741211,116.25,112.43000030517578,113.66999816894533,42339700,32.45000076293945,298.007,22278.345,3.6,0.2383338,0.2192015043611699,5,118.0,118.16999816894533,113.87999725341795,114.55999755859376,-0.029152563062764703,0.00471369524297649,54678000.0,42253800.0,0.29403745935276837,31.36000061035156,298.007,22278.345,3.6,-0.223102,0.1152944989017255,3.0,-0.012423981964667763,115.12877347373963,113.6415806694031,-0.012917646557537132,0.0005,-0.013417646557537133,0,1
2022-10-11,112.70999908447266,115.4800033569336,110.38999938964844,112.20999908447266,56432200,33.630001068115234,298.007,22278.345,3.6,0.0212702222222222,0.2961582307719042,9,115.0999984741211,116.25,112.43000030517578,113.66999816894533,-0.012423981964667763,-0.008445492213748795,42339700.0,54678000.0,-0.2256538278649548,32.45000076293945,298.007,22278.345,3.6,0.2383338,0.2192015043611699,5.0,-0.004436163641748148,112.73817658424379,112.18194658470154,-0.004933821145551409,0.0005,-0.00543382114555141,0,1
2022-10-12,112.48999786376952,113.83000183105467,111.4000015258789,112.9000015258789,45728700,33.56999969482422,298.007,22278.345,3.6,0.1568085,0.1085511871192572,4,112.70999908447266,115.4800033569336,110.38999938964844,112.20999908447266,-0.004436163641748148,0.002495310414235785,56432200.0,42339700.0,0.33284364320011717,33.630001068115234,298.007,22278.345,3.6,0.0212702222222222,0.2961582307719042,9.0,0.0036448010480534254,112.51812036323547,112.87177652549744,0.003143104071773317,0.0005,0.002643104071773317,1,0
2022-10-13,107.87999725341795,113.44000244140624,105.3499984741211,112.52999877929688,86868100,31.940000534057617,298.007,22278.345,3.6,0.0540526,0.1117213049413584,5,112.48999786376952,113.83000183105467,111.4000015258789,112.9000015258789,0.0036448010480534254,-0.0444641647884324,45728700.0,56432200.0,-0.18967008197447555,33.56999969482422,298.007,22278.345,3.6,0.1568085,0.1085511871192572,4.0,0.0431034635174834,107.90696725273132,112.50186627960205,0.042582042141068754,0.0005,0.042082042141068754,1,0
2022-10-14,114.0999984741211,114.95999908447266,106.5999984741211,106.9000015258789,67737300,32.02000045776367,298.007,22278.345,3.6,0.0864146666666666,0.0911662656967764,15,107.87999725341795,113.44000244140624,105.3499984741211,112.52999877929688,0.0431034635174834,0.013951832505600947,86868100.0,45728700.0,0.8996407070395616,31.940000534057617,298.007,22278.345,3.6,0.0540526,0.1117213049413584,5.0,-0.0631025157276861,114.12852347373963,106.87327652549745,-0.06357084738690744,0.0005,-0.06407084738690744,0,1
2022-10-17,110.11000061035156,114.19000244140624,110.08999633789062,113.79000091552734,62782000,31.3700008392334,298.007,22278.345,3.6,0.19725975,0.0833912139471739,4,114.0999984741211,114.95999908447266,106.5999984741211,106.9000015258789,-0.0631025157276861,0.030028054617899702,67737300.0,86868100.0,-0.220228138983125,32.02000045776367,298.007,22278.345,3.6,0.0864146666666666,0.0911662656967764,15.0,0.03342112691651211,110.13752811050416,113.76155341529847,0.032904545498408266,0.0005,0.032404545498408266,1,0
2022-10-18,119.05999755859376,119.5199966430664,114.79000091552734,116.36000061035156,65607400,30.5,298.007,22278.345,3.6,0.1301439999999999,0.1204037501222449,5,110.11000061035156,114.19000244140624,110.08999633789062,113.79000091552734,0.03342112691651211,0.0463133544306642,62782000.0,67737300.0,-0.07315467253640162,31.3700008392334,298.007,22278.345,3.6,0.19725975,0.0833912139471739,4.0,-0.022677616358201536,119.08976255798342,116.33091061019898,-0.023166155415258127,0.0005,-0.023666155415258128,0,1
2022-10-19,114.70999908447266,116.58999633789062,113.22000122070312,115.06999969482422,47198100,30.76000022888184,298.007,22278.345,3.6,0.333784,0.0723943289491656,3,119.05999755859376,119.5199966430664,114.79000091552734,116.36000061035156,-0.022677616358201536,-0.014180143668133693,65607400.0,62782000.0,0.04500334490777602,30.5,298.007,22278.345,3.6,0.1301439999999999,0.1204037501222449,5.0,0.0031383542256544494,114.73867658424379,115.04123219490052,0.00263691040949543,0.0005,0.00213691040949543,1,0
2022-10-20,113.83000183105467,118.23999786376952,113.51000213623048,115.25,48795100,29.979999542236328,298.007,22278.345,3.6,0.1808884,0.1878480830013977,5,114.70999908447266,116.58999633789062,113.22000122070312,115.06999969482422,0.0031383542256544494,-0.010776030825220606,47198100.0,65607400.0,-0.2805979203565452,30.76000022888184,298.007,22278.345,3.6,0.333784,0.0723943289491656,3.0,0.012474726751325882,113.85845933151245,115.2211875,0.011968615915658898,0.0005,0.011468615915658897,1,0
2022-10-21,114.79000091552734,119.58999633789062,114.5,119.31999969482422,55660500,29.690000534057617,298.007,22278.345,3.6,0.04574475,0.2141318611469344,4,113.83000183105467,118.23999786376952,113.51000213623048,115.25,0.012474726751325882,-0.003991315266574036,48795100.0,47198100.0,0.033836107809424476,29.979999542236328,298.007,22278.345,3.6,0.1808884,0.1878480830013977,5.0,0.03946335694021341,114.81869841575623,119.29016969490051,0.03894375516218762,0.0005,0.03844375516218762,1,0
2022-10-24,119.9800033569336,120.38999938964844,116.56999969482422,119.81999969482422,49531500,29.850000381469727,298.007,22278.345,3.6,0.0607646666666666,0.139820697557026,3,114.79000091552734,119.58999633789062,114.5,119.31999969482422,0.03946335694021341,0.005531374989921289,55660500.0,48795100.0,0.14069855374822482,29.690000534057617,298.007,22278.345,3.6,0.04574475,0.2141318611469344,4.0,-0.0013335860779514208,120.00999835777284,119.79004469490052,-0.001832794482811373,0.0005,-0.002332794482811373,0,1
2022-10-25,119.6500015258789,121.31999969482422,118.9499969482422,120.5999984741211,50934600,28.459999084472656,298.007,22278.345,3.6,0.1573111111111111,0.115774971112547,9,119.9800033569336,120.38999938964844,116.56999969482422,119.81999969482422,-0.0013335860779514208,-0.0014187795808570103,49531500.0,55660500.0,-0.11011399466407956,29.850000381469727,298.007,22278.345,3.6,0.0607646666666666,0.139820697557026,3.0,0.007939798881128501,119.67991402626039,120.56984847450256,0.0074359549426723515,0.0005,0.006935954942672351,1,0
2022-10-26,116.0,119.3499984741211,114.76000213623048,115.66000366210938,68802300,27.280000686645508,298.007,22278.345,3.6,0.105347,0.1513291957422625,4,119.6500015258789,121.31999969482422,118.9499969482422,120.5999984741211,0.007939798881128501,-0.03814260806237224,50934600.0,49531500.0,0.028327428000363364,28.459999084472656,298.007,22278.345,3.6,0.1573111111111111,0.115774971112547,9.0,-0.0029310029128502,116.02900000000001,115.63108866119386,-0.0034294128089197295,0.0005,-0.00392941280891973,0,1
2022-10-27,113.91999816894533,114.12000274658205,109.7699966430664,110.95999908447266,129605400,27.38999938964844,298.007,22278.345,3.6,-0.2200186,0.4805050479540251,5,116.0,119.3499984741211,114.76000213623048,115.66000366210938,-0.0029310029128502,-0.015044141778235876,68802300.0,50934600.0,0.35079690426546994,27.280000686645508,298.007,22278.345,3.6,0.105347,0.1513291957422625,4.0,-0.02598313844846578,113.94847816848757,110.93225908470154,-0.026470025157564248,0.0005,-0.026970025157564248,0,1
2022-10-28,97.91000366210938,103.95999908447266,97.66000366210938,103.41000366210938,223133400,25.75,298.007,22278.345,3.6,0.1515998,0.0845240415869946,5,113.91999816894533,114.12000274658205,109.7699966430664,110.95999908447266,-0.02598313844846578,-0.11760990924692116,129605400.0,68802300.0,0.8837364448572214,27.38999938964844,298.007,22278.345,3.6,-0.2200186,0.4805050479540251,5.0,0.056174035280201595,97.93448116302491,103.38415116119386,0.055646080251318786,0.0005,0.055146080251318785,1,0
2022-10-31,103.55999755859376,104.87000274658205,100.73999786376952,102.44000244140624,99251400,25.8799991607666,298.007,22278.345,3.6,0.1393685,0.2475540505240363,8,97.91000366210938,103.95999908447266,97.66000366210938,103.41000366210938,0.056174035280201595,0.0014504776247228346,223133400.0,129605400.0,0.7216365984750635,25.75,298.007,22278.345,3.6,0.1515998,0.0845240415869946,5.0,-0.010814939586627936,103.58588755798343,102.4143924407959,-0.011309408499606377,0.0005,-0.011809408499606378,0,1
2022-11-01,103.98999786376952,104.58000183105467,96.05999755859376,96.79000091552734,153370000,25.809999465942383,298.786,22278.345,3.6,0.0607217272727272,0.1936295259179709,11,103.55999755859376,104.87000274658205,100.73999786376952,102.44000244140624,-0.010814939586627936,0.015130763231383737,99251400.0,223133400.0,-0.5551925440117884,25.8799991607666,298.007,22278.345,3.6,0.1393685,0.2475540505240363,8.0,-0.06923739875131474,104.01599536323546,96.76580341529846,-0.0697026637356929,0.0005,-0.0702026637356929,0,1
2022-11-02,97.31999969482422,97.73999786376952,92.01000213623048,92.12000274658205,135761800,25.86000061035156,298.786,22278.345,3.6,-0.0928061428571428,0.2198313869858962,7,103.98999786376952,104.58000183105467,96.05999755859376,96.79000091552734,-0.06923739875131474,0.005475759626858867,153370000.0,99251400.0,0.5452678753146052,25.809999465942383,298.786,22278.345,3.6,0.0607217272727272,0.1936295259179709,11.0,-0.05343194579272825,97.34432969474793,92.0969727458954,-0.05390511152839794,0.0005,-0.05440511152839794,0,1
2022-11-03,92.47000122070312,93.5,89.0199966430664,89.30000305175781,136683300,25.299999237060547,298.786,22278.345,3.6,0.1977476666666666,0.1402703987114411,6,97.31999969482422,97.73999786376952,92.01000213623048,92.12000274658205,-0.05343194579272825,0.003799375419949902,135761800.0,153370000.0,-0.11480863271826303,25.86000061035156,298.786,22278.345,3.6,-0.0928061428571428,0.2198313869858962,7.0,-0.034281368304292625,92.49311872100832,89.27767805099488,-0.03476410693548282,0.0005,-0.03526410693548282,0,1
2022-11-04,91.48999786376952,92.44000244140624,88.04000091552734,90.9800033569336,129101300,24.549999237060547,298.786,22278.345,3.6,0.241054,0.0969185174876297,4,92.47000122070312,93.5,89.0199966430664,89.30000305175781,-0.034281368304292625,0.024524017213553684,136683300.0,135761800.0,0.006787623617247274,25.299999237060547,298.786,22278.345,3.6,0.1977476666666666,0.1402703987114411,6.0,-0.005574319802644556,91.51287036323546,90.95725835609436,-0.006071408370601383,0.0005,-0.006571408370601384,0,1
2022-11-07,91.9499969482422,92.0999984741211,89.04000091552734,90.52999877929688,77495700,24.350000381469727,298.786,22278.345,3.6,0.150205125,0.1489792658463754,8,91.48999786376952,92.44000244140624,88.04000091552734,90.9800033569336,-0.005574319802644556,0.010661613052520114,129101300.0,136683300.0,-0.05547129751769231,24.549999237060547,298.786,22278.345,3.6,0.241054,0.0969185174876297,4.0,-0.015443156237891276,91.97298444747928,90.50736627960205,-0.01593531162092665,0.0005,-0.01643531162092665,0,1
2022-11-08,90.79000091552734,91.72000122070312,88.2300033569336,89.9800033569336,88703400,25.540000915527344,298.786,22278.345,3.6,0.1696656666666666,0.1116200900480434,3,91.9499969482422,92.0999984741211,89.04000091552734,90.52999877929688,-0.015443156237891276,0.0028719997761661453,77495700.0,129101300.0,-0.3997295147299059,24.350000381469727,298.786,22278.345,3.6,0.150205125,0.1489792658463754,8.0,-0.008921660429846101,90.81269841575623,89.95750835609437,-0.009417075745802195,0.0005,-0.009917075745802195,0,1
2022-11-09,89.47000122070312,89.4800033569336,85.87000274658203,86.13999938964844,90796200,26.09000015258789,298.786,22278.345,3.6,-0.0260918571428571,0.2770381079276691,7,90.79000091552734,91.72000122070312,88.2300033569336,89.9800033569336,-0.008921660429846101,-0.005667949735536082,88703400.0,77495700.0,0.1446235081430325,25.540000915527344,298.786,22278.345,3.6,0.1696656666666666,0.1116200900480434,3.0,-0.037219199571041583,89.4923687210083,86.11846438980103,-0.03770046965373541,0.0005,-0.038200469653735414,0,1
2022-11-10,92.94000244140624,98.69000244140624,91.6500015258789,96.62999725341795,173414900,23.530000686645508,298.786,22278.345,3.6,0.2050235,0.0994181850350662,4,89.47000122070312,89.4800033569336,85.87000274658203,86.13999938964844,-0.037219199571041583,0.07894129440375841,90796200.0,88703400.0,0.023593233179336925,26.09000015258789,298.786,22278.345,3.6,-0.0260918571428571,0.2770381079276691,7.0,0.03970297735184669,92.96323744201659,96.60583975410461,0.0391832557935603,0.0005,0.0386832557935603,1,0
2022-11-11,97.87999725341795,101.19000244140624,96.66000366210938,100.79000091552734,111590500,22.520000457763672,298.786,22278.345,3.6,0.2301059999999999,0.1224213970268269,2,92.94000244140624,98.69000244140624,91.6500015258789,96.62999725341795,0.03970297735184669,0.012935941586770472,173414900.0,90796200.0,0.9099356581002289,23.530000686645508,298.786,22278.345,3.6,0.2050235,0.0994181850350662,4.0,0.029730320226462492,97.90446725273132,100.76480341529846,0.029215583750468177,0.0005,0.028715583750468177,1,0
2022-11-14,98.7699966430664,100.12000274658205,97.29000091552734,98.48999786376952,99533100,23.729999542236328,298.786,22278.345,3.6,0.1450409999999999,0.2271991387056109,8,97.87999725341795,101.19000244140624,96.66000366210938,100.79000091552734,0.029730320226462492,-0.020041713008356,111590500.0,173414900.0,-0.35651146470113004,22.520000457763672,298.786,22278.345,3.6,0.2301059999999999,0.1224213970268269,2.0,-0.0028348566246159113,98.79468914222718,98.46537536430358,-0.003333314581814406,0.0005,-0.003833314581814406,0,1
2022-11-15,103.20999908447266,103.79000091552734,97.33999633789062,98.94000244140624,111336300,24.540000915527344,298.786,22278.345,3.6,0.1123067142857142,0.2464489449180866,7,98.7699966430664,100.12000274658205,97.29000091552734,98.48999786376952,-0.0028348566246159113,0.04792366050440777,99533100.0,111590500.0,-0.1080504164781052,23.729999542236328,298.786,22278.345,3.6,0.1450409999999999,0.2271991387056109,8.0,-0.041371927923103846,103.23580158424379,98.91526744079589,-0.041851122160583065,0.0005,-0.042351122160583066,0,1
2022-11-16,96.8499984741211,98.48999786376952,95.54000091552734,97.12000274658205,87958800,24.11000061035156,298.786,22278.345,3.6,-0.0635821428571428,0.2086483034561816,7,103.20999908447266,103.79000091552734,97.33999633789062,98.94000244140624,-0.041371927923103846,-0.021123953059561273,111336300.0,99533100.0,0.11858567652368901,24.540000915527344,298.786,22278.345,3.6,0.1123067142857142,0.2464489449180866,7.0,0.002787860368764994,96.87421097373964,97.0957227458954,0.002286591755733758,0.0005,0.0017865917557337578,1,0
2022-11-17,95.37000274658205,96.97000122070312,94.02999877929688,94.8499984741211,82617900,23.93000030517578,298.786,22278.345,3.6,0.054912,0.2252080794287807,8,96.8499984741211,98.48999786376952,95.54000091552734,97.12000274658205,0.002787860368764994,-0.018018945124685826,87958800.0,111336300.0,-0.2099719498492405,24.11000061035156,298.786,22278.345,3.6,-0.0635821428571428,0.2086483034561816,7.0,-0.005452493000788872,95.3938452472687,94.82628597450257,-0.005949642466921978,0.0005,-0.006449642466921979,0,1
2022-11-18,95.9499969482422,95.98999786376952,92.4800033569336,94.13999938964844,72428200,23.1200008392334,298.786,22278.345,3.6,0.161282,0.0449936408506802,3,95.37000274658205,96.97000122070312,94.02999877929688,94.8499984741211,-0.005452493000788872,0.011597242929015206,82617900.0,87958800.0,-0.06072047367631206,23.93000030517578,298.786,22278.345,3.6,0.054912,0.2252080794287807,8.0,-0.01886396681773861,95.97398444747927,94.11646438980102,-0.019354412222978512,0.0005,-0.019854412222978512,0,1
2022-11-21,93.97000122070312,95.0199966430664,90.58999633789062,92.45999908447266,84330300,22.36000061035156,298.786,22278.345,3.6,0.101599,0.0,1,95.9499969482422,95.98999786376952,92.4800033569336,94.13999938964844,-0.01886396681773861,-0.0018058016788558007,72428200.0,82617900.0,-0.12333525785574317,23.1200008392334,298.786,22278.345,3.6,0.161282,0.0449936408506802,3.0,-0.016068980702511615,93.9934937210083,92.43688408470155,-0.016560823251523082,0.0005,-0.017060823251523083,0,1
2022-11-22,92.62000274658205,93.3499984741211,90.87000274658205,93.1999969482422,62192000,21.290000915527344,298.786,22278.345,3.6,-0.1000165714285714,0.2534345333176842,7,93.97000122070312,95.0199966430664,90.58999633789062,92.45999908447266,-0.016068980702511615,0.0017305176691946311,84330300.0,72428200.0,0.1643296395602818,22.36000061035156,298.786,22278.345,3.6,0.101599,0.0,1.0,0.0062620836154267945,92.6431577472687,93.17669694900515,0.005759078324941713,0.0005,0.005259078324941713,1,0
2022-11-23,93.23999786376952,94.58000183105467,92.83000183105467,94.12999725341795,59414700,20.350000381469727,298.786,22278.345,3.6,0.278557,0.1256725074230636,4,92.62000274658205,93.3499984741211,90.87000274658205,93.1999969482422,0.0062620836154267945,0.0004291943866643333,62192000.0,84330300.0,-0.26251892854644177,21.290000915527344,298.786,22278.345,3.6,-0.1000165714285714,0.2534345333176842,7.0,0.009545253217924765,93.26330786323547,94.1064647541046,0.009040606752932057,0.0005,0.008540606752932056,1,0
2022-11-25,93.79000091552734,94.43000030517578,93.06999969482422,93.41000366210938,35088600,20.5,298.786,22278.345,3.6,0.307168,0.156981588280282,3,93.23999786376952,94.58000183105467,92.83000183105467,94.12999725341795,0.009545253217924765,-0.003611987122184579,59414700.0,62192000.0,-0.04465686905068178,20.350000381469727,298.786,22278.345,3.6,0.278557,0.1256725074230636,4.0,-0.004051575324753642,93.81344841575623,93.38665116119385,-0.0045494250746537235,0.0005,-0.005049425074653724,0,1
2022-11-28,93.93000030517578,96.4000015258789,93.43000030517578,93.9499969482422,74943100,22.209999084472656,298.786,22278.345,3.6,0.203825,0.1487714313057113,9,93.79000091552734,94.43000030517578,93.06999969482422,93.41000366210938,-0.004051575324753642,0.005566819641153131,35088600.0,59414700.0,-0.4094289796969437,20.5,298.786,22278.345,3.6,0.307168,0.156981588280282,3.0,0.00021288877889324986,93.95348280525208,93.92650944900514,-0.00028709267013393713,0.0005,-0.0007870926701339371,0,1
2022-11-29,94.04000091552734,94.41000366210938,91.44000244140624,92.41999816894533,65567300,21.88999938964844,298.786,22278.345,3.6,0.2526892,0.1442498322380307,5,93.93000030517578,96.4000015258789,93.43000030517578,93.9499969482422,0.00021288877889324986,0.0009579986185068723,74943100.0,35088600.0,1.135824740799006,22.209999084472656,298.786,22278.345,3.6,0.203825,0.1487714313057113,9.0,-0.017226741076249108,94.06351091575624,92.3968931694031,-0.01771800488975761,0.0005,-0.01821800488975761,0,1
2022-11-30,92.47000122070312,96.54000091552734,91.52999877929688,96.54000091552734,102805800,20.57999992370605,298.786,22278.345,3.6,0.3723996666666667,0.0457613708856425,3,94.04000091552734,94.41000366210938,91.44000244140624,92.41999816894533,-0.017226741076249108,0.0005410414709854372,65567300.0,74943100.0,-0.12510558010010264,21.88999938964844,298.786,22278.345,3.6,0.2526892,0.1442498322380307,5.0,0.04401427101866395,92.49311872100832,96.51586591529846,0.043492394352321107,0.0005,0.042992394352321106,1,0
2022-12-01,96.98999786376952,97.2300033569336,94.91999816894533,95.5,68488000,19.84000015258789,298.832,22278.345,3.5,0.341016,0.0964932600392379,3,92.47000122070312,96.54000091552734,91.52999877929688,96.54000091552734,0.04401427101866395,0.0046612486427870525,102805800.0,65567300.0,0.5679431667919832,20.57999992370605,298.786,22278.345,3.6,0.3723996666666667,0.0457613708856425,3.0,-0.01536238680881652,97.01424536323547,95.476125,-0.015854582566472875,0.0005,-0.016354582566472875,0,1
2022-12-02,94.4800033569336,95.36000061035156,93.77999877929688,94.12999725341795,72496400,19.059999465942383,298.832,22278.345,3.5,0.0751578333333333,0.100243589916596,6,96.98999786376952,97.2300033569336,94.91999816894533,95.5,-0.01536238680881652,-0.010680593121114246,68488000.0,102805800.0,-0.3338119055539668,19.84000015258789,298.832,22278.345,3.5,0.341016,0.0964932600392379,3.0,-0.00370455219178345,94.50362335777284,94.1064647541046,-0.004202575409883114,0.0005,-0.004702575409883114,0,1
2022-12-05,93.0500030517578,94.05999755859376,90.81999969482422,91.01000213623048,71535500,20.75,298.832,22278.345,3.5,0.2195915,0.1007987787649235,2,94.4800033569336,95.36000061035156,93.77999877929688,94.12999725341795,-0.00370455219178345,-0.01147343283940172,72496400.0,68488000.0,0.05852704123350083,19.059999465942383,298.832,22278.345,3.5,0.0751578333333333,0.100243589916596,6.0,-0.021923706057189407,93.07326555252075,90.98724963569643,-0.022412621975181457,0.0005,-0.022912621975181457,0,1
2022-12-06,90.5,91.04000091552734,87.9000015258789,88.25,75503600,22.170000076293945,298.832,22278.345,3.5,-0.020921,0.2548860628221951,5,93.0500030517578,94.05999755859376,90.81999969482422,91.01000213623048,-0.021923706057189407,-0.005603803145362796,71535500.0,72496400.0,-0.013254451255510613,20.75,298.832,22278.345,3.5,0.2195915,0.1007987787649235,2.0,-0.024861878453038666,90.522625,88.2279375,-0.025349325652012533,0.0005,-0.025849325652012534,0,1
2022-12-07,88.33999633789062,89.88999938964844,87.4800033569336,88.45999908447266,68086900,22.68000030517578,298.832,22278.345,3.5,0.0734121428571428,0.329545075065112,14,90.5,91.04000091552734,87.9000015258789,88.25,-0.024861878453038666,0.0010197885313385502,75503600.0,71535500.0,0.05547036086977797,22.170000076293945,298.832,22278.345,3.5,-0.020921,0.2548860628221951,5.0,0.001358419193532967,88.36208133697511,88.43788408470154,0.0008578651224540046,0.0005,0.0003578651224540046,1,0
2022-12-08,89.23999786376953,90.86000061035156,87.87999725341797,90.3499984741211,73305900,22.290000915527344,298.832,22278.345,3.5,0.1459330909090909,0.2564352532891897,11,88.33999633789062,89.88999938964844,87.4800033569336,88.45999908447266,0.001358419193532967,0.008817530944715823,68086900.0,75503600.0,-0.0982297532832872,22.68000030517578,298.832,22278.345,3.5,0.0734121428571428,0.329545075065112,14.0,0.01243837558183336,89.26230786323548,90.32741097450257,0.011932282917208603,0.0005,0.011432282917208603,1,0
2022-12-09,88.9000015258789,90.3000030517578,88.62999725341797,89.08999633789062,67398500,22.82999992370605,298.832,22278.345,3.5,0.1120562857142857,0.3329968557662941,7,89.23999786376953,90.86000061035156,87.87999725341797,90.3499984741211,0.01243837558183336,-0.016048665995910483,73305900.0,68086900.0,0.07665204319773711,22.290000915527344,298.832,22278.345,3.5,0.1459330909090909,0.2564352532891897,11.0,0.0021371744516383018,88.92222652626039,89.06772383880616,0.0016362311002502405,0.0005,0.0011362311002502405,1,0
2022-12-12,89.20999908447266,90.58000183105467,87.87000274658203,90.5500030517578,61999800,25.0,298.832,22278.345,3.5,0.0859960833333333,0.187700077839117,12,88.9000015258789,90.3000030517578,88.62999725341797,89.08999633789062,0.0021371744516383018,0.0013469834045889417,67398500.0,73305900.0,-0.08058560088614963,22.82999992370605,298.832,22278.345,3.5,0.1120562857142857,0.3329968557662941,7.0,0.015020782210930061,89.23230158424379,90.52736555099486,0.014513398665710886,0.0005,0.014013398665710886,1,0
2022-12-13,95.2300033569336,96.25,90.5199966430664,92.48999786376952,100212000,22.549999237060547,298.832,22278.345,3.5,0.33490425,0.0533157132958943,4,89.20999908447266,90.58000183105467,87.87000274658203,90.5500030517578,0.015020782210930061,0.05168415403035098,61999800.0,67398500.0,-0.08010118919560527,25.0,298.832,22278.345,3.5,0.0859960833333333,0.187700077839117,12.0,-0.028772502326753102,95.25381085777283,92.46687536430358,-0.029257994702495793,0.0005,-0.029757994702495794,0,1
2022-12-14,92.5,93.45999908447266,89.87000274658203,91.58000183105467,70298000,21.13999938964844,298.832,22278.345,3.5,0.19448625,0.2559886387036681,8,95.2300033569336,96.25,90.5199966430664,92.48999786376952,-0.028772502326753102,0.00010814289611316141,100212000.0,61999800.0,0.616327794605789,22.549999237060547,298.832,22278.345,3.5,0.33490425,0.0533157132958943,4.0,-0.009945926150760287,92.52312500000001,91.55710683059691,-0.010440829461857204,0.0005,-0.010940829461857204,0,1
2022-12-15,89.88999938964844,89.97000122070312,87.47000122070312,88.44999694824219,84802900,22.82999992370605,298.832,22278.345,3.5,0.209961875,0.2170412801535607,8,92.5,93.45999908447266,89.87000274658203,91.58000183105467,-0.009945926150760287,-0.018453837165497422,70298000.0,100212000.0,-0.2985071648106016,21.13999938964844,298.832,22278.345,3.5,0.19448625,0.2559886387036681,8.0,-0.0160196067547429,89.91247188949586,88.42788444900513,-0.01651147398455821,0.0005,-0.017011473984558212,0,1
2022-12-16,88.2699966430664,89.3499984741211,86.7300033569336,87.86000061035156,146144100,22.6200008392334,298.832,22278.345,3.5,0.0440444,0.1830126780821482,5,89.88999938964844,89.97000122070312,87.47000122070312,88.44999694824219,-0.0160196067547429,-0.002035051570223434,84802900.0,70298000.0,0.2063344618623575,22.82999992370605,298.832,22278.345,3.5,0.209961875,0.2170412801535607,8.0,-0.004644794928142182,88.29206414222718,87.83803561019897,-0.005142348142374686,0.0005,-0.005642348142374687,0,1
2022-12-19,87.51000213623047,87.62999725341797,84.51000213623047,84.91999816894531,83531500,22.420000076293945,298.832,22278.345,3.5,0.2246764285714285,0.2548165642979652,7,88.2699966430664,89.3499984741211,86.7300033569336,87.86000061035156,-0.004644794928142182,-0.003983592894260202,146144100.0,84802900.0,0.7233384707362602,22.6200008392334,298.832,22278.345,3.5,0.0440444,0.1830126780821482,5.0,-0.029596662142153618,87.53187963676453,84.89876816940308,-0.030081742540982837,0.0005,-0.030581742540982837,0,1
2022-12-20,85.33000183105469,86.61000061035156,84.33000183105469,85.19000244140625,74348300,21.479999542236328,298.832,22278.345,3.5,0.2100933333333333,0.089120621058578,6,87.51000213623047,87.62999725341797,84.51000213623047,84.91999816894531,-0.029596662142153618,0.0048281167092547594,83531500.0,146144100.0,-0.42843056955429604,22.420000076293945,298.832,22278.345,3.5,0.2246764285714285,0.2548165642979652,7.0,-0.0016406819013742302,85.35133433151246,85.1687049407959,-0.002139736796699654,0.0005,-0.002639736796699654,0,1
2022-12-21,86.18000030517578,87.2300033569336,85.20999908447266,86.7699966430664,59267200,20.06999969482422,298.832,22278.345,3.5,0.1553478571428571,0.1418286315974652,7,85.33000183105469,86.61000061035156,84.33000183105469,85.19000244140625,-0.0016406819013742302,0.011621056877542113,74348300.0,83531500.0,-0.10993696988561197,21.479999542236328,298.832,22278.345,3.5,0.2100933333333333,0.089120621058578,6.0,0.00684609347646048,86.20154530525208,86.74830414390564,0.006342796254027894,0.0005,0.005842796254027893,1,0
2022-12-22,85.5199966430664,85.68000030517578,82.25,83.79000091552734,81431300,21.96999931335449,298.832,22278.345,3.5,0.0,0.0,0,86.18000030517578,87.2300033569336,85.20999908447266,86.7699966430664,0.00684609347646048,-0.014405901214240568,59267200.0,74348300.0,-0.20284391169670324,20.06999969482422,298.832,22278.345,3.5,0.1553478571428571,0.1418286315974652,7.0,-0.020229136990726482,85.54137664222718,83.76905341529846,-0.020718899981483574,0.0005,-0.021218899981483574,0,1
2022-12-23,83.25,85.77999877929688,82.93000030517578,85.25,57433700,20.8700008392334,298.832,22278.345,3.5,0.0506465,0.0331003755341234,2,85.5199966430664,85.68000030517578,82.25,83.79000091552734,-0.020229136990726482,-0.00644469399244596,81431300.0,59267200.0,0.3739690756438636,21.96999931335449,298.832,22278.345,3.5,0.0,0.0,0.0,0.024024024024023927,83.2708125,85.2286875,0.023512139983022262,0.0005,0.02301213998302226,1,0
2022-12-27,84.97000122070312,85.3499984741211,83.0,83.04000091552734,57284000,21.64999961853028,298.832,22278.345,3.5,0.260687,0.0685016765342279,2,83.25,85.77999877929688,82.93000030517578,85.25,0.024024024024023927,-0.003284443158907635,57433700.0,81431300.0,-0.29469749346995566,20.8700008392334,298.832,22278.345,3.5,0.0506465,0.0331003755341234,2.0,-0.022713902288441168,84.9912437210083,83.01924091529847,-0.023202423207067335,0.0005,-0.023702423207067336,0,1
2022-12-28,82.80000305175781,83.4800033569336,81.69000244140625,81.81999969482422,58228600,22.13999938964844,298.832,22278.345,3.5,0.1182375,0.0173615927984732,2,84.97000122070312,85.3499984741211,83.0,83.04000091552734,-0.022713902288441168,-0.0028901476532215975,57284000.0,57433700.0,-0.002606483649843172,21.64999961853028,298.832,22278.345,3.5,0.260687,0.0685016765342279,2.0,-0.011835788898715394,82.82070305252076,81.79954469490052,-0.012329747514612022,0.0005,-0.012829747514612022,0,1
2022-12-29,82.87000274658203,84.55000305175781,82.55000305175781,84.18000030517578,54995900,21.440000534057617,298.832,22278.345,3.5,0.26329075,0.1388787907094408,4,82.80000305175781,83.4800033569336,81.69000244140625,81.81999969482422,-0.011835788898715394,0.012833085500784103,58228600.0,57284000.0,0.016489770267439363,22.13999938964844,298.832,22278.345,3.5,0.1182375,0.0173615927984732,2.0,0.015807861894245878,82.89072024726869,84.1589553050995,0.01530008490754553,0.0005,0.01480008490754553,1,0
2022-12-30,83.12000274658203,84.05000305175781,82.47000122070312,84.0,62401200,21.670000076293945,298.832,22278.345,3.5,-0.092816,0.3045141211044243,2,82.87000274658203,84.55000305175781,82.55000305175781,84.18000030517578,0.015807861894245878,-0.012592035575563876,54995900.0,58228600.0,-0.05551739179715809,21.440000534057617,298.832,22278.345,3.5,0.26329075,0.1388787907094408,4.0,0.010587069590227483,83.14078274726869,83.979,0.010081902347242933,0.0005,0.009581902347242932,1,0
2023-01-03,85.45999908447266,86.95999908447266,84.20999908447266,85.81999969482422,76706000,22.89999961853028,300.42,22439.607,3.5,0.068995,0.2035280113497893,3,83.12000274658203,84.05000305175781,82.47000122070312,84.0,0.010587069590227483,0.017380941481817347,62401200.0,54995900.0,0.13465185586561912,21.670000076293945,298.832,22278.345,3.5,-0.092816,0.3045141211044243,2.0,0.004212504261739136,85.48136408424378,85.79854469490051,0.0037105235047973917,0.0005,0.0032105235047973917,1,0
2023-01-04,86.55000305175781,86.9800033569336,83.36000061035156,85.13999938964844,68885100,22.01000022888184,300.42,22439.607,3.5,0.0611832499999999,0.2527380887495704,8,85.45999908447266,86.95999908447266,84.20999908447266,85.81999969482422,0.004212504261739136,0.008506214862846528,76706000.0,62401200.0,0.22923918129779564,22.89999961853028,300.42,22439.607,3.5,0.068995,0.2035280113497893,3.0,-0.016291202916147496,86.57164055252076,85.11871438980103,-0.0167829343818231,0.0005,-0.0172829343818231,0,1
2023-01-05,85.33000183105469,85.41999816894531,83.06999969482422,83.12000274658203,67930800,22.459999084472656,300.42,22439.607,3.5,-0.0728366666666666,0.2813661090321054,6,86.55000305175781,86.9800033569336,83.36000061035156,85.13999938964844,-0.016291202916147496,0.002231647201883291,68885100.0,76706000.0,-0.10195942951007742,22.01000022888184,300.42,22439.607,3.5,0.0611832499999999,0.2527380887495704,8.0,-0.025899437912215717,85.35133433151246,83.09922274589539,-0.026386366461122468,0.0005,-0.02688636646112247,0,1
2023-01-06,83.02999877929688,86.4000015258789,81.43000030517578,86.08000183105469,83303400,21.1299991607666,300.42,22439.607,3.5,0.111521,0.0,1,85.33000183105469,85.41999816894531,83.06999969482422,83.12000274658203,-0.025899437912215717,-0.0010828195898833215,67930800.0,68885100.0,-0.013853503878197171,22.459999084472656,300.42,22439.607,3.5,-0.0728366666666666,0.2813661090321054,6.0,0.03673374800191276,83.05075627899171,86.05848183059693,0.03621551068724038,0.0005,0.03571551068724038,1,0
2023-01-09,87.45999908447266,89.4800033569336,87.08000183105469,87.36000061035156,65266100,21.96999931335449,300.42,22439.607,3.5,0.140711,0.0,1,83.02999877929688,86.4000015258789,81.43000030517578,86.08000183105469,0.03673374800191276,0.016031566264675723,83303400.0,67930800.0,0.22629793849034607,21.1299991607666,300.42,22439.607,3.5,0.111521,0.0,1.0,-0.0011433623961567552,87.48186408424378,87.33816061019898,-0.0016426658890854595,0.0005,-0.0021426658890854595,0,1
2023-01-10,87.56999969482422,90.19000244140624,87.29000091552734,89.87000274658203,67756600,20.57999992370605,300.42,22439.607,3.5,0.1386197499999999,0.2911931425410232,4,87.45999908447266,89.4800033569336,87.08000183105469,87.36000061035156,-0.0011433623961567552,0.002403835657113884,65266100.0,83303400.0,-0.21652537591502863,21.96999931335449,300.42,22439.607,3.5,0.140711,0.0,1.0,0.026264737464578802,87.59189219474793,89.84753524589539,0.02575173334687597,0.0005,0.02525173334687597,1,0
2023-01-11,90.93000030517578,95.26000213623048,90.93000030517578,95.08999633789062,103126200,21.09000015258789,300.42,22439.607,3.5,0.1668316666666666,0.4300452331956876,3,87.56999969482422,90.19000244140624,87.29000091552734,89.87000274658203,0.026264737464578802,0.011794787205946289,67756600.0,65266100.0,0.03815916685691345,20.57999992370605,300.42,22439.607,3.5,0.1386197499999999,0.2911931425410232,4.0,0.045749433836502984,90.95273280525208,95.06622383880615,0.04522668980559241,0.0005,0.04472668980559241,1,0
2023-01-12,96.93000030517578,97.19000244140624,93.5,95.2699966430664,85254800,18.82999992370605,300.42,22439.607,3.5,0.06757025,0.2518147262312445,4,90.93000030517578,95.26000213623048,90.93000030517578,95.08999633789062,0.045749433836502984,0.019350131855583763,103126200.0,67756600.0,0.5220096640032115,21.09000015258789,300.42,22439.607,3.5,0.1668316666666666,0.4300452331956876,3.0,-0.017125798585401752,96.95423280525209,95.24617914390564,-0.017617112857541306,0.0005,-0.018117112857541307,0,1
2023-01-13,94.18000030517578,98.37000274658205,94.12000274658205,98.12000274658205,85549400,18.350000381469727,300.42,22439.607,3.5,0.0,0.0,0,96.93000030517578,97.19000244140624,93.5,95.2699966430664,-0.017125798585401752,-0.011441129172853337,85254800.0,103126200.0,-0.1732964077024074,18.82999992370605,300.42,22439.607,3.5,0.06757025,0.2518147262312445,4.0,0.04183481024250679,94.20354530525208,98.0954727458954,0.04131402303418774,0.0005,0.04081402303418774,1,0
2023-01-17,98.68000030517578,98.88999938964844,95.7300033569336,96.0500030517578,72755000,19.36000061035156,300.42,22439.607,3.5,-0.1807744,0.191163213291156,5,94.18000030517578,98.37000274658205,94.12000274658205,98.12000274658205,0.04183481024250679,0.00570727214551825,85549400.0,85254800.0,0.0034555239118501113,18.350000381469727,300.42,22439.607,3.5,0.0,0.0,0.0,-0.026651775894654506,98.70467030525208,96.02599055099486,-0.02713832836858865,0.0005,-0.02763832836858865,0,1
2023-01-18,97.25,99.31999969482422,95.37999725341795,95.45999908447266,79570400,20.34000015258789,300.42,22439.607,3.5,-0.0407368333333333,0.1455967750980998,6,98.68000030517578,98.88999938964844,95.7300033569336,96.0500030517578,-0.026651775894654506,0.012493460802865064,72755000.0,85549400.0,-0.1495556953058701,19.36000061035156,300.42,22439.607,3.5,-0.1807744,0.191163213291156,5.0,-0.018406179079972662,97.27431250000001,95.43613408470154,-0.018896853321872298,0.0005,-0.0193968533218723,0,1
2023-01-19,94.73999786376952,95.44000244140624,92.86000061035156,93.68000030517578,69002700,20.520000457763672,300.42,22439.607,3.5,0.102925875,0.2900351031919301,8,97.25,99.31999969482422,95.37999725341795,95.45999908447266,-0.018406179079972662,-0.007542439007002355,79570400.0,72755000.0,0.09367603601127072,20.34000015258789,300.42,22439.607,3.5,-0.0407368333333333,0.1455967750980998,6.0,-0.011188490421099151,94.76368286323547,93.6565803050995,-0.011682772605342562,0.0005,-0.012182772605342562,0,1
2023-01-20,93.86000061035156,97.3499984741211,93.1999969482422,97.25,67481500,19.850000381469727,300.42,22439.607,3.5,-0.0459886,0.3554098047477025,5,94.73999786376952,95.44000244140624,92.86000061035156,93.68000030517578,-0.011188490421099151,0.0019214379226024647,69002700.0,79570400.0,-0.1328094366749445,20.520000457763672,300.42,22439.607,3.5,0.102925875,0.2900351031919301,8.0,0.0361176152525462,93.88346561050416,97.2256875,0.03559968592725138,0.0005,0.03509968592725138,1,0
2023-01-23,97.55999755859376,97.77999877929688,95.86000061035156,97.5199966430664,76501100,19.809999465942383,300.42,22439.607,3.5,0.1933981666666666,0.2312124190777101,6,93.86000061035156,97.3499984741211,93.1999969482422,97.25,0.0361176152525462,0.0031876355639461895,67481500.0,69002700.0,-0.02204551416104006,19.850000381469727,300.42,22439.607,3.5,-0.0459886,0.3554098047477025,5.0,-0.00041001349455072056,97.58438755798342,97.49561664390565,-0.0009096835702844253,0.0005,-0.0014096835702844253,0,1
2023-01-24,96.93000030517578,98.08999633789062,96.0,96.31999969482422,66929500,19.200000762939453,300.42,22439.607,3.5,0.14157,0.1678425014972582,8,97.55999755859376,97.77999877929688,95.86000061035156,97.5199966430664,-0.00041001349455072056,-0.006050003673093607,76501100.0,67481500.0,0.1336603365366804,19.809999465942383,300.42,22439.607,3.5,0.1933981666666666,0.2312124190777101,6.0,-0.006293207556288372,96.95423280525209,96.29591969490052,-0.006789936770206784,0.0005,-0.007289936770206784,0,1
2023-01-25,92.55999755859376,97.23999786376952,91.5199966430664,97.18000030517578,94261600,19.07999992370605,300.42,22439.607,3.5,0.1436107999999999,0.2040894200778178,5,96.93000030517578,98.08999633789062,96.0,96.31999969482422,-0.006293207556288372,-0.039036567152652246,66929500.0,76501100.0,-0.1251171551781608,19.200000762939453,300.42,22439.607,3.5,0.14157,0.1678425014972582,8.0,0.049913600566566574,92.58313755798342,97.15570530509949,0.04938877497268157,0.0005,0.04888877497268157,1,0
2023-01-26,98.23999786376952,99.48999786376952,96.91999816894533,99.22000122070312,68523600,18.729999542236328,300.42,22439.607,3.5,-0.0425725,0.2336970786404913,6,92.55999755859376,97.23999786376952,91.5199966430664,97.18000030517578,0.049913600566566574,0.01090756899840506,94261600.0,66929500.0,0.4083714953794664,19.07999992370605,300.42,22439.607,3.5,0.1436107999999999,0.2040894200778178,5.0,0.009975604420234152,98.26455786323547,99.19519622039795,0.009470742833420642,0.0005,0.008970742833420642,1,0
2023-01-27,99.52999877929688,103.48999786376952,99.52999877929688,102.23999786376952,87775600,18.51000022888184,300.42,22439.607,3.5,0.11663,0.365804123143794,3,98.23999786376952,99.48999786376952,96.91999816894533,99.22000122070312,0.009975604420234152,0.0031243454422480443,68523600.0,94261600.0,-0.2730486221324484,18.729999542236328,300.42,22439.607,3.5,-0.0425725,0.2336970786404913,6.0,0.027227962601325206,99.5548812789917,102.21443786430358,0.02671447699142715,0.0005,0.02621447699142715,1,0
2023-01-30,101.08999633789062,101.73999786376952,99.01000213623048,100.5500030517578,70691900,19.940000534057617,300.42,22439.607,3.5,0.1339018571428571,0.2142512245701515,7,99.52999877929688,103.48999786376952,99.52999877929688,102.23999786376952,0.027227962601325206,-0.01124805897796688,87775600.0,68523600.0,0.28095429895685564,18.51000022888184,300.42,22439.607,3.5,0.11663,0.365804123143794,3.0,-0.005341708435005921,101.1152688369751,100.52486555099486,-0.005838913279577307,0.0005,-0.006338913279577307,0,1
2023-01-31,101.16000366210938,103.3499984741211,101.13999938964844,103.12999725341795,66527300,19.39999961853028,300.42,22439.607,3.5,0.1055452,0.3040545900775056,5,101.08999633789062,101.73999786376952,99.01000213623048,100.5500030517578,-0.005341708435005921,0.006066639401667517,70691900.0,87775600.0,-0.19462925915630314,19.940000534057617,300.42,22439.607,3.5,0.1339018571428571,0.2142512245701515,7.0,0.019474036377941095,101.18529366302491,103.1042147541046,0.01896442676215604,0.0005,0.01846442676215604,1,0
2023-02-01,102.52999877929688,106.23999786376952,101.23999786376952,105.1500015258789,80450100,17.8700008392334,301.45,22439.607,3.6,0.0810841428571428,0.2868403347366083,7,101.16000366210938,103.3499984741211,101.13999938964844,103.12999725341795,0.019474036377941095,-0.005817885097453512,66527300.0,70691900.0,-0.0589119828438619,19.39999961853028,300.42,22439.607,3.5,0.1055452,0.3040545900775056,5.0,0.02555352362991603,102.55563127899171,105.12371402549743,0.025040875030250875,0.0005,0.024540875030250875,1,0
2023-02-02,110.25,114.0,108.87999725341795,112.91000366210938,158154200,18.729999542236328,301.45,22439.607,3.6,0.0083451428571428,0.2417076292144627,7,102.52999877929688,106.23999786376952,101.23999786376952,105.1500015258789,0.02555352362991603,0.048502124584999695,80450100.0,66527300.0,0.20927949879222507,17.8700008392334,301.45,22439.607,3.6,0.0810841428571428,0.2868403347366083,7.0,0.024127017343395618,110.27756250000002,112.88177616119386,0.023615081818605166,0.0005,0.023115081818605165,1,0
2023-02-03,105.26000213623048,108.77999877929688,102.5199966430664,103.38999938964844,144374800,18.32999992370605,301.45,22439.607,3.6,-0.2358573333333333,0.2342689788818257,3,110.25,114.0,108.87999725341795,112.91000366210938,0.024127017343395618,-0.06775308898910348,158154200.0,80450100.0,0.9658670405630323,18.729999542236328,301.45,22439.607,3.6,0.0083451428571428,0.2417076292144627,7.0,-0.017765558698752737,105.28631713676455,103.36415188980102,-0.01825655317078556,0.0005,-0.01875655317078556,0,1
2023-02-06,102.93000030517578,103.9499969482422,100.6500015258789,102.18000030517578,81945200,19.43000030517578,301.45,22439.607,3.6,0.0776298333333333,0.2617775239652302,6,105.26000213623048,108.77999877929688,102.5199966430664,103.38999938964844,-0.017765558698752737,-0.0044491642053217095,144374800.0,158154200.0,-0.08712636148771258,18.32999992370605,301.45,22439.607,3.6,-0.2358573333333333,0.2342689788818257,3.0,-0.007286505370410312,102.95573280525208,102.15445530509949,-0.007782738059552874,0.0005,-0.008282738059552874,0,1
2023-02-07,101.16999816894533,102.41000366210938,98.08000183105467,102.11000061035156,119501300,18.65999984741211,301.45,22439.607,3.6,0.2703525,0.0772323239615382,2,102.93000030517578,103.9499969482422,100.6500015258789,102.18000030517578,-0.007286505370410312,-0.009884538395125597,81945200.0,144374800.0,-0.43241341286706547,19.43000030517578,301.45,22439.607,3.6,0.0776298333333333,0.2617775239652302,6.0,0.009291316184828924,101.19529066848757,102.08447311019897,0.008786796656618412,0.0005,0.008286796656618411,1,0
2023-02-08,102.04000091552734,102.66999816894533,98.77999877929688,100.0500030517578,75878300,19.6299991607666,301.45,22439.607,3.6,0.0710954444444444,0.2582083206066911,9,101.16999816894533,102.41000366210938,98.08000183105467,102.11000061035156,0.009291316184828924,-0.000685532214335538,119501300.0,81945200.0,0.4583075030630226,18.65999984741211,301.45,22439.607,3.6,0.2703525,0.0772323239615382,2.0,-0.019502134907044333,102.06551091575624,100.02499055099486,-0.0199922613079907,0.0005,-0.0204922613079907,0,1
2023-02-09,101.31999969482422,101.77999877929688,97.56999969482422,98.23999786376952,64622500,20.709999084472656,301.45,22439.607,3.6,0.144818,0.0522469720845141,3,102.04000091552734,102.66999816894533,98.77999877929688,100.0500030517578,-0.019502134907044333,0.012693619233668851,75878300.0,119501300.0,-0.3650420539358149,19.6299991607666,301.45,22439.607,3.6,0.0710954444444444,0.2582083206066911,9.0,-0.030398754839436104,101.34532969474793,98.21543786430358,-0.030883434292153233,0.0005,-0.031383434292153234,0,1
2023-02-10,97.55999755859376,98.81999969482422,96.2300033569336,97.61000061035156,52740100,20.530000686645508,301.45,22439.607,3.6,0.2631903333333333,0.1555901628070789,3,101.31999969482422,101.77999877929688,97.56999969482422,98.23999786376952,-0.030398754839436104,-0.0069218273611805214,64622500.0,75878300.0,-0.14834017103704222,20.709999084472656,301.45,22439.607,3.6,0.144818,0.0522469720845141,3.0,0.000512536418707521,97.58438755798342,97.58559811019897,1.2405183307029333e-05,0.0005,-0.0004875948166929707,0,1
2023-02-13,97.8499984741211,99.68000030517578,96.91000366210938,99.54000091552734,52841500,20.34000015258789,301.45,22439.607,3.6,0.0523243333333333,0.2317113860524193,3,97.55999755859376,98.81999969482422,96.2300033569336,97.61000061035156,0.000512536418707521,0.0024587425701141363,52740100.0,64622500.0,-0.18387403768037447,20.530000686645508,301.45,22439.607,3.6,0.2631903333333333,0.1555901628070789,3.0,0.01727135889381959,97.87446097373963,99.51511591529847,0.016762850341510704,0.0005,0.016262850341510704,1,0
2023-02-14,98.41000366210938,100.91999816894533,97.5199966430664,99.6999969482422,56202900,18.90999984741211,301.45,22439.607,3.6,0.1381663333333333,0.2948053978675877,6,97.8499984741211,99.68000030517578,96.91000366210938,99.54000091552734,0.01727135889381959,-0.011352192515819981,52841500.0,52740100.0,0.001922635717414245,20.34000015258789,301.45,22439.607,3.6,0.0523243333333333,0.2317113860524193,3.0,0.013108355229433988,98.43460616302491,99.67507194900514,0.012601927658711931,0.0005,0.01210192765871193,1,0
2023-02-15,99.08999633789062,101.16999816894533,98.4499969482422,101.16000366210938,47957600,18.229999542236328,301.45,22439.607,3.6,0.1180015,0.0175638253378926,2,98.41000366210938,100.91999816894533,97.5199966430664,99.6999969482422,0.013108355229433988,-0.006118361374356396,56202900.0,52841500.0,0.06361288002800825,18.90999984741211,301.45,22439.607,3.6,0.1381663333333333,0.2948053978675877,6.0,0.020890174596032374,99.1147688369751,101.13471366119386,0.02037985708811152,0.0005,0.01987985708811152,1,0
2023-02-16,99.20999908447266,100.62999725341795,98.0999984741211,98.1500015258789,56339200,20.170000076293945,301.45,22439.607,3.6,0.2269693333333333,0.0950766947907495,3,99.08999633789062,101.16999816894533,98.4499969482422,101.16000366210938,0.020890174596032374,-0.0192764383851749,47957600.0,56202900.0,-0.14670595289566912,18.229999542236328,301.45,22439.607,3.6,0.1180015,0.0175638253378926,2.0,-0.010684382303957185,99.23480158424378,98.12546402549744,-0.011178916479261503,0.0005,-0.011678916479261503,0,1
2023-02-17,97.8000030517578,97.94000244140624,95.6500015258789,97.1999969482422,60029400,20.020000457763672,301.45,22439.607,3.6,0.129967,0.0,1,99.20999908447266,100.62999725341795,98.0999984741211,98.1500015258789,-0.010684382303957185,-0.003565954851552644,56339200.0,47957600.0,0.17477104775885355,20.170000076293945,301.45,22439.607,3.6,0.2269693333333333,0.0950766947907495,3.0,-0.006135031541850355,97.82445305252075,97.17569694900514,-0.006631839824009056,0.0005,-0.007131839824009056,0,1
2023-02-21,95.33999633789062,95.61000061035156,94.2699966430664,94.58000183105467,56580400,22.8700008392334,301.45,22439.607,3.6,0.0237174,0.2853617164850604,5,97.8000030517578,97.94000244140624,95.6500015258789,97.1999969482422,-0.006135031541850355,-0.019135809349273947,60029400.0,56339200.0,0.06549968760649771,20.020000457763672,301.45,22439.607,3.6,0.129967,0.0,1.0,-0.007971413216154133,95.36383133697511,94.55635683059691,-0.008467303536966009,0.0005,-0.00896730353696601,0,1
2023-02-22,95.0999984741211,97.01000213623048,94.8000030517578,95.79000091552734,59534100,22.290000915527344,301.45,22439.607,3.6,0.1117765,0.2796013504743853,6,95.33999633789062,95.61000061035156,94.2699966430664,94.58000183105467,-0.007971413216154133,0.005497955519130571,56580400.0,60029400.0,-0.05745518029498875,22.8700008392334,301.45,22439.607,3.6,0.0237174,0.2853617164850604,5.0,0.007255546293136961,95.12377347373963,95.76605341529846,0.006752044395464729,0.0005,0.006252044395464729,1,0
2023-02-23,96.12000274658205,96.43000030517578,93.66999816894533,95.81999969482422,48467000,21.13999938964844,301.45,22439.607,3.6,-0.1282965,0.0279469813128359,2,95.0999984741211,97.01000213623048,94.8000030517578,95.79000091552734,0.007255546293136961,0.0034450550986602213,59534100.0,56580400.0,0.05220358993573737,22.290000915527344,301.45,22439.607,3.6,0.1117765,0.2796013504743853,6.0,-0.0031211302869890156,96.1440327472687,95.79604469490052,-0.0036194451431315056,0.0005,-0.004119445143131506,0,1
2023-02-24,93.52999877929688,94.13999938964844,92.31999969482422,93.5,57053800,21.670000076293945,301.45,22439.607,3.6,-0.0663556666666666,0.2987060343420155,3,96.12000274658205,96.43000030517578,93.66999816894533,95.81999969482422,-0.0031211302869890156,-0.023898986879782202,48467000.0,59534100.0,-0.1858951424477736,21.13999938964844,301.45,22439.607,3.6,-0.1282965,0.0279469813128359,2.0,-0.0003207396523938755,93.55338127899171,93.476625,-0.0008204543538924414,0.0005,-0.0013204543538924414,0,1
2023-02-27,94.27999877929688,94.77999877929688,93.13999938964844,93.76000213623048,47470300,20.950000762939453,301.45,22439.607,3.6,0.0360393999999999,0.1857790943440622,5,93.52999877929688,94.13999938964844,92.31999969482422,93.5,-0.0003207396523938755,0.008342232933656435,57053800.0,48467000.0,0.17716796995894124,21.670000076293945,301.45,22439.607,3.6,-0.0663556666666666,0.2987060343420155,3.0,-0.005515450252430165,94.3035687789917,93.73656213569643,-0.006012568247805161,0.0005,-0.006512568247805162,0,1
2023-02-28,93.13999938964844,94.69000244140624,92.91999816894533,94.2300033569336,43959300,20.700000762939453,301.45,22439.607,3.6,0.1456048181818181,0.121017638462183,11,94.27999877929688,94.77999877929688,93.13999938964844,93.76000213623048,-0.005515450252430165,-0.006612657129435595,47470300.0,57053800.0,-0.16797303597656943,20.950000762939453,301.45,22439.607,3.6,0.0360393999999999,0.1857790943440622,5.0,0.01170285564127127,93.16328438949586,94.20644585609436,0.011197130644699849,0.0005,0.010697130644699848,1,0
2023-03-01,93.87000274658205,94.68000030517578,91.58999633789062,92.16999816894533,52299500,20.57999992370605,301.821,22439.607,3.5,0.2939029999999999,0.1100151570761956,5,93.13999938964844,94.69000244140624,92.91999816894533,94.2300033569336,0.01170285564127127,-0.0038204456916752783,43959300.0,47470300.0,-0.0739620352093836,20.700000762939453,301.45,22439.607,3.6,0.1456048181818181,0.121017638462183,11.0,-0.018110200574151136,93.8934702472687,92.1469556694031,-0.018601022768315434,0.0005,-0.019101022768315434,0,1
2023-03-02,91.41000366210938,92.2300033569336,90.38999938964844,92.12999725341795,55509400,19.59000015258789,301.821,22439.607,3.5,0.2087623333333333,0.3098537811522289,3,93.87000274658205,94.68000030517578,91.58999633789062,92.16999816894533,-0.018110200574151136,-0.008245573634957704,52299500.0,43959300.0,0.18972549608387768,20.57999992370605,301.821,22439.607,3.5,0.2939029999999999,0.1100151570761956,5.0,0.007876529509505126,91.43285616302491,92.10696475410461,0.007372717197828393,0.0005,0.006872717197828393,1,0
2023-03-03,92.73999786376952,94.94000244140624,92.66000366210938,94.9000015258789,55759600,18.489999771118164,301.821,22439.607,3.5,-0.0620603999999999,0.2139767793518726,5,91.41000366210938,92.2300033569336,90.38999938964844,92.12999725341795,0.007876529509505126,0.006621085732518406,55509400.0,52299500.0,0.06137534775667075,19.59000015258789,301.821,22439.607,3.5,0.2087623333333333,0.3098537811522289,3.0,0.023290960878415534,92.76318286323547,94.87627652549745,0.022779443277376465,0.0005,0.022279443277376465,1,0
2023-03-06,95.19000244140624,96.5500030517578,93.73999786376952,93.75,52112400,18.61000061035156,301.821,22439.607,3.5,0.108429,0.0,1,92.73999786376952,94.94000244140624,92.66000366210938,94.9000015258789,0.023290960878415534,0.0030558578594779284,55759600.0,55509400.0,0.004507344701978333,18.489999771118164,301.821,22439.607,3.5,-0.0620603999999999,0.2139767793518726,5.0,-0.0151276647176537,95.21379994201659,93.7265625,-0.015619977807022623,0.0005,-0.016119977807022623,0,1
2023-03-07,94.05999755859376,95.08999633789062,92.77999877929688,93.5500030517578,49100700,19.59000015258789,301.821,22439.607,3.5,0.1062962499999999,0.3064077949164859,4,95.19000244140624,96.5500030517578,93.73999786376952,93.75,-0.0151276647176537,0.00330664062500019,52112400.0,55759600.0,-0.06540936448611534,18.61000061035156,301.821,22439.607,3.5,0.108429,0.0,1.0,-0.005422012758593442,94.08351255798343,93.52661555099486,-0.005919177461038649,0.0005,-0.00641917746103865,0,1
2023-03-08,93.5999984741211,94.16999816894533,92.18000030517578,93.91999816894533,44899100,19.11000061035156,301.821,22439.607,3.5,0.1413574,0.1207909458870986,5,94.05999755859376,95.08999633789062,92.77999877929688,93.5500030517578,-0.005422012758593442,0.0005344245936116376,49100700.0,52112400.0,-0.05779238722453772,19.59000015258789,301.821,22439.607,3.5,0.1062962499999999,0.3064077949164859,4.0,0.0034188002141122276,93.62339847373963,93.8965181694031,0.0029172162100061794,0.0005,0.0024172162100061794,1,0
2023-03-09,93.68000030517578,96.20999908447266,92.18000030517578,92.25,56218700,22.61000061035156,301.821,22439.607,3.5,0.16639875,0.2080979341530946,8,93.5999984741211,94.16999816894533,92.18000030517578,93.91999816894533,0.0034188002141122276,-0.0025553435737704078,44899100.0,49100700.0,-0.08557108147134362,19.11000061035156,301.821,22439.607,3.5,0.1413574,0.1207909458870986,5.0,-0.01526473420705976,93.70342030525208,92.2269375,-0.015756978778813213,0.0005,-0.016256978778813214,0,1
2023-03-10,92.66999816894533,93.56999969482422,90.25,90.7300033569336,69827500,24.799999237060547,301.821,22439.607,3.5,-0.008998,0.2667100552547654,5,93.68000030517578,96.20999908447266,92.18000030517578,92.25,-0.01526473420705976,0.004552825679624117,56218700.0,44899100.0,0.25211195770071115,22.61000061035156,301.821,22439.607,3.5,0.16639875,0.2080979341530946,8.0,-0.02093444318920734,92.69316566848757,90.70732085609437,-0.021423853615006205,0.0005,-0.021923853615006206,0,1
2023-03-13,89.97000122070312,94.0199966430664,88.12000274658203,92.43000030517578,72397100,26.520000457763672,301.821,22439.607,3.5,0.1684346666666666,0.1523986324883965,3,92.66999816894533,93.56999969482422,90.25,90.7300033569336,-0.02093444318920734,-0.00837652494335972,69827500.0,56218700.0,0.2420689201280002,24.799999237060547,301.821,22439.607,3.5,-0.008998,0.2667100552547654,5.0,0.027342436935597014,89.9924937210083,92.40689280509949,0.026828894102837397,0.0005,0.026328894102837397,1,0
2023-03-14,93.83000183105467,95.06999969482422,92.70999908447266,94.87999725341795,60912700,23.729999542236328,301.821,22439.607,3.5,0.20841825,0.141378340152408,4,89.97000122070312,94.0199966430664,88.12000274658203,92.43000030517578,0.027342436935597014,0.015146613883549875,72397100.0,69827500.0,0.036799255307722545,26.520000457763672,301.821,22439.607,3.5,0.1684346666666666,0.1523986324883965,3.0,0.011190401810434292,93.85345933151244,94.8562772541046,0.010684932976737338,0.0005,0.010184932976737338,1,0
2023-03-15,93.22000122070312,96.66999816894533,93.06999969482422,96.1999969482422,70731800,26.13999938964844,301.821,22439.607,3.5,0.324082,0.1688355962734162,3,93.83000183105467,95.06999969482422,92.70999908447266,94.87999725341795,0.011190401810434292,-0.017495742841150075,60912700.0,72397100.0,-0.15863066338292553,23.729999542236328,301.821,22439.607,3.5,0.20841825,0.141378340152408,4.0,0.031967342721695324,93.24330622100831,96.17594694900514,0.03145148801401132,0.0005,0.03095148801401132,1,0
2023-03-16,95.75,100.98999786376952,95.61000061035156,100.04000091552734,84446900,22.989999771118164,301.821,22439.607,3.5,0.112011,0.0459888108348106,2,93.22000122070312,96.66999816894533,93.06999969482422,96.1999969482422,0.031967342721695324,-0.004677723103092335,70731800.0,60912700.0,0.16119955280261755,26.13999938964844,301.821,22439.607,3.5,0.324082,0.1688355962734162,3.0,0.04480418710733525,95.7739375,100.01499091529847,0.044281915581662945,0.0005,0.043781915581662945,1,0
2023-03-17,99.79000091552734,100.66000366210938,97.45999908447266,98.9499969482422,87300200,25.51000022888184,301.821,22439.607,3.5,0.0,0.0,0,95.75,100.98999786376952,95.61000061035156,100.04000091552734,0.04480418710733525,-0.0024990003769701508,84446900.0,70731800.0,0.19390288385139365,22.989999771118164,301.821,22439.607,3.5,0.112011,0.0459888108348106,2.0,-0.008417716801067177,99.81494841575623,98.92525944900514,-0.008913384025860505,0.0005,-0.009413384025860505,0,1
2023-03-20,98.41000366210938,98.4800033569336,95.6999969482422,97.70999908447266,62388900,24.14999961853028,301.821,22439.607,3.5,0.0202996666666666,0.2895167304254914,6,99.79000091552734,100.66000366210938,97.45999908447266,98.9499969482422,-0.008417716801067177,-0.00545723398470932,87300200.0,84446900.0,0.03378809642509073,25.51000022888184,301.821,22439.607,3.5,0.0,0.0,0.0,-0.007113144513642977,98.43460616302491,97.68557158470153,-0.007609463861549259,0.0005,-0.00810946386154926,0,1
2023-03-21,98.13999938964844,100.8499984741211,98.0,100.61000061035156,58597300,21.3799991607666,301.821,22439.607,3.5,0.3926555,0.0704030866688386,2,98.41000366210938,98.4800033569336,95.6999969482422,97.70999908447266,-0.007113144513642977,0.0044007809764079475,62388900.0,87300200.0,-0.2853521526869355,24.14999961853028,301.821,22439.607,3.5,0.0202996666666666,0.2895167304254914,6.0,0.025168139760184838,98.16453438949586,100.58484811019898,0.024655683804293727,0.0005,0.024155683804293726,1,0
2023-03-22,100.4499969482422,102.0999984741211,98.61000061035156,98.6999969482422,57475400,22.26000022888184,301.821,22439.607,3.5,0.0,0.0,0,98.13999938964844,100.8499984741211,98.0,100.61000061035156,0.025168139760184838,-0.0015903355644438788,58597300.0,62388900.0,-0.06077363120683321,21.3799991607666,301.821,22439.607,3.5,0.3926555,0.0704030866688386,2.0,-0.01742160331673981,100.47510944747927,98.67532194900514,-0.017912769723479882,0.0005,-0.018412769723479883,0,1
2023-03-23,100.43000030517578,101.05999755859376,97.62000274658205,98.70999908447266,57559300,22.61000061035156,301.821,22439.607,3.5,0.048889,0.2526379392094544,2,100.4499969482422,102.0999984741211,98.61000061035156,98.6999969482422,-0.01742160331673981,0.017527896762152828,57475400.0,58597300.0,-0.01914593334505177,22.26000022888184,301.821,22439.607,3.5,0.0,0.0,0.0,-0.01712636876905882,100.45510780525208,98.68532158470154,-0.017617682756177477,0.0005,-0.018117682756177478,0,1
2023-03-24,98.06999969482422,98.3000030517578,96.4000015258789,98.12999725341795,56095400,21.739999771118164,301.821,22439.607,3.5,0.2246522,0.227587206486217,5,100.43000030517578,101.05999755859376,97.62000274658205,98.70999908447266,-0.01712636876905882,-0.006483632819211604,57559300.0,57475400.0,0.0014597549560333434,22.61000061035156,301.821,22439.607,3.5,0.048889,0.2526379392094544,2.0,0.0006117829996985513,98.09451719474794,98.1054647541046,0.0001116021534102174,0.0005,-0.0003883978465897826,0,1
2023-03-27,99.06999969482422,99.33999633789062,97.08000183105467,98.04000091552734,46721300,20.600000381469727,301.821,22439.607,3.5,0.223363,0.0,1,98.06999969482422,98.3000030517578,96.4000015258789,98.12999725341795,0.0006117829996985513,0.009579154873292639,56095400.0,57559300.0,-0.02543290137301879,21.739999771118164,301.821,22439.607,3.5,0.2246522,0.227587206486217,5.0,-0.010396676920053416,99.09476719474793,98.01549091529847,-0.010891354912095363,0.0005,-0.011391354912095364,0,1
2023-03-28,98.11000061035156,98.44000244140624,96.29000091552734,97.23999786376952,38720100,19.96999931335449,301.821,22439.607,3.5,-0.0719141818181818,0.3261173273387411,11,99.06999969482422,99.33999633789062,97.08000183105467,98.04000091552734,-0.010396676920053416,0.0007139911686102618,46721300.0,56095400.0,-0.16710995910538118,20.600000381469727,301.821,22439.607,3.5,0.223363,0.0,1.0,-0.008867625534294987,98.13452811050416,97.21568786430358,-0.009363067860946206,0.0005,-0.009863067860946206,0,1
2023-03-29,98.69000244140624,100.41999816894533,98.55999755859376,100.25,49783300,19.1200008392334,301.821,22439.607,3.5,0.113544,0.0,1,98.11000061035156,98.44000244140624,96.29000091552734,97.23999786376952,-0.008867625534294987,0.014911606432449043,38720100.0,46721300.0,-0.17125379644830085,19.96999931335449,301.821,22439.607,3.5,-0.0719141818181818,0.3261173273387411,11.0,0.015807047522569118,98.7146749420166,100.2249375,0.01529927094295247,0.0005,0.01479927094295247,1,0
2023-03-30,101.5500030517578,103.04000091552734,101.01000213623048,102.0,53633400,19.020000457763672,301.821,22439.607,3.5,0.26459675,0.147821042039296,4,98.69000244140624,100.41999816894533,98.55999755859376,100.25,0.015807047522569118,0.012967611488855946,49783300.0,38720100.0,0.28572240257643955,19.1200008392334,301.821,22439.607,3.5,0.113544,0.0,1.0,0.004431284438394911,101.57539055252074,101.9745,0.003929194318705642,0.0005,0.003429194318705642,1,0
2023-03-31,102.16000366210938,103.48999786376952,101.9499969482422,103.29000091552734,56750300,18.700000762939453,301.821,22439.607,3.5,0.2316765,0.0832261984934231,4,101.5500030517578,103.04000091552734,101.01000213623048,102.0,0.004431284438394911,0.0015686633540135109,53633400.0,49783300.0,0.07733717933523887,19.020000457763672,301.821,22439.607,3.5,0.26459675,0.147821042039296,4.0,0.011061053376186125,102.18554366302492,103.26417841529846,0.010555649200541861,0.0005,0.01005564920054186,1,0
2023-04-03,102.3000030517578,103.29000091552734,101.43000030517578,102.41000366210938,41135700,18.549999237060547,302.845,22580.499,3.4,0.0909383333333333,0.1817322624118605,3,102.16000366210938,103.48999786376952,101.9499969482422,103.29000091552734,0.011061053376186125,-0.009584643769915191,56750300.0,53633400.0,0.058114906010060974,18.700000762939453,301.821,22439.607,3.5,0.2316765,0.0832261984934231,4.0,0.0010752747514184424,102.32557805252074,102.38440116119385,0.0005748622171761752,0.0005,7.486221717617524e-05,1,0
2023-04-04,102.75,104.1999969482422,102.11000061035156,103.9499969482422,48662500,19.0,302.845,22580.499,3.4,0.1942485,0.0796265875226359,2,102.3000030517578,103.29000091552734,101.43000030517578,102.41000366210938,0.0010752747514184424,0.003319952404380322,41135700.0,56750300.0,-0.27514568204925793,18.549999237060547,302.845,22580.499,3.4,0.0909383333333333,0.1817322624118605,3.0,0.011678802415982403,102.7756875,103.92400944900514,0.011173089443017759,0.0005,0.010673089443017758,1,0
2023-04-05,103.91000366210938,103.91000366210938,100.75,101.0999984741211,45175400,19.07999992370605,302.845,22580.499,3.4,0.047781,0.0,1,102.75,104.1999969482422,102.11000061035156,103.9499969482422,0.011678802415982403,-0.00038473580862863344,48662500.0,41135700.0,0.18297488556168973,19.0,302.845,22580.499,3.4,0.1942485,0.0796265875226359,2.0,-0.02704268202247162,103.9359811630249,101.07472347450256,-0.027529039092192953,0.0005,-0.028029039092192953,0,1
2023-04-06,100.75,102.37999725341795,99.8000030517578,102.05999755859376,43808000,18.39999961853028,302.845,22580.499,3.4,0.07799375,0.1584121622758703,4,103.91000366210938,103.91000366210938,100.75,101.0999984741211,-0.02704268202247162,-0.003461903851667114,45175400.0,48662500.0,-0.07165887490367329,19.07999992370605,302.845,22580.499,3.4,0.047781,0.0,1.0,0.01300245715725823,100.77518750000002,102.03448255920412,0.012496082522338137,0.0005,0.011996082522338136,1,0
2023-04-10,100.95999908447266,102.1999969482422,99.56999969482422,102.16999816894533,37261200,18.96999931335449,302.845,22580.499,3.4,-0.177994,0.0,1,100.75,102.37999725341795,99.8000030517578,102.05999755859376,0.01300245715725823,-0.010777959047956975,43808000.0,45175400.0,-0.03026868605479971,18.39999961853028,302.845,22580.499,3.4,0.07799375,0.1584121622758703,4.0,0.011984935572951771,100.98523908424379,102.14445566940309,0.011479069571665335,0.0005,0.010979069571665334,1,0
2023-04-11,100.8000030517578,101.0,99.01000213623048,99.91999816894533,60417800,19.100000381469727,302.845,22580.499,3.4,-0.1390486666666666,0.0357456645809437,3,100.95999908447266,102.1999969482422,99.56999969482422,102.16999816894533,0.011984935572951771,-0.01340897662464613,37261200.0,43808000.0,-0.14944302410518628,18.96999931335449,302.845,22580.499,3.4,-0.177994,0.0,1.0,-0.008730206906448323,100.82520305252075,99.89501816940309,-0.009225717925240629,0.0005,-0.009725717925240629,0,1
2023-04-12,100.4000015258789,100.51000213623048,97.70999908447266,97.83000183105467,56735000,19.09000015258789,302.845,22580.499,3.4,0.25076,0.0,1,100.8000030517578,101.0,99.01000213623048,99.91999816894533,-0.008730206906448323,0.004803876758704417,60417800.0,37261200.0,0.6214668341330929,19.100000381469727,302.845,22580.499,3.4,-0.1390486666666666,0.0357456645809437,3.0,-0.025597606133121342,100.42510152626039,97.80554433059692,-0.026084685560198162,0.0005,-0.026584685560198162,0,1
2023-04-13,98.9499969482422,102.56999969482422,98.70999908447266,102.4000015258789,67925100,17.799999237060547,302.845,22580.499,3.4,0.193955,0.2549337332249304,7,100.4000015258789,100.51000213623048,97.70999908447266,97.83000183105467,-0.025597606133121342,0.011448380826177162,56735000.0,60417800.0,-0.060955546213202094,19.09000015258789,302.845,22580.499,3.4,0.25076,0.0,1.0,0.034866141324302324,98.97473444747926,102.37440152549743,0.03434883757957641,0.0005,0.03384883757957641,1,0
2023-04-14,102.06999969482422,103.1999969482422,101.11000061035156,102.51000213623048,51450500,17.06999969482422,302.845,22580.499,3.4,0.251622,0.3131309243399636,2,98.9499969482422,102.56999969482422,98.70999908447266,102.4000015258789,0.034866141324302324,-0.003222674083371846,67925100.0,56735000.0,0.19723451132457925,17.799999237060547,302.845,22580.499,3.4,0.193955,0.2549337332249304,7.0,0.004310791052432705,102.09551719474793,102.48437463569643,0.003808761164378449,0.0005,0.003308761164378449,1,0
2023-04-17,103.16000366210938,103.7300033569336,101.58999633789062,102.73999786376952,39919500,16.950000762939453,302.845,22580.499,3.4,-0.14525,0.0,1,102.06999969482422,103.1999969482422,101.11000061035156,102.51000213623048,0.004310791052432705,0.006340859548662037,51450500.0,67925100.0,-0.2425406808381585,17.06999969482422,302.845,22580.499,3.4,0.251622,0.3131309243399636,2.0,-0.004071401545462816,103.18579366302491,102.71431286430358,-0.004569241384730249,0.0005,-0.00506924138473025,0,1
2023-04-18,103.9499969482422,104.1999969482422,101.5199966430664,102.3000030517578,39790500,16.829999923706055,302.845,22580.499,3.4,0.228045,0.1636881487768738,2,103.16000366210938,103.7300033569336,101.58999633789062,102.73999786376952,-0.004071401545462816,0.011777293260966548,39919500.0,51450500.0,-0.22411832732432146,16.950000762939453,302.845,22580.499,3.4,-0.14525,0.0,1.0,-0.015872957623134454,103.97598444747928,102.27442805099486,-0.016364898159189067,0.0005,-0.016864898159189068,0,1
2023-04-19,101.58000183105467,105.12000274658205,101.38999938964844,104.3000030517578,58398900,16.459999084472656,302.845,22580.499,3.4,0.186546,0.2195608981991101,2,103.9499969482422,104.1999969482422,101.5199966430664,102.3000030517578,-0.015872957623134454,-0.007038134889779446,39790500.0,39919500.0,-0.0032315034005937493,16.829999923706055,302.845,22580.499,3.4,0.228045,0.1636881487768738,2.0,0.02677693612594112,101.60539683151245,104.27392805099487,0.026263675972916234,0.0005,0.025763675972916233,1,0
2023-04-20,103.52999877929688,105.25,103.20999908447266,103.80999755859376,57696900,17.170000076293945,302.845,22580.499,3.4,0.1016454999999999,0.3340761343054902,2,101.58000183105467,105.12000274658205,101.38999938964844,104.3000030517578,0.02677693612594112,-0.007382591082752077,58398900.0,39790500.0,0.46765936592905333,16.459999084472656,302.845,22580.499,3.4,0.186546,0.2195608981991101,2.0,0.002704518328970451,103.5558812789917,103.78404505920412,0.002203291376543959,0.0005,0.0017032913765439588,1,0
2023-04-21,106.0999984741211,108.1500015258789,105.08000183105467,106.95999908447266,86774200,16.770000457763672,302.845,22580.499,3.4,0.2268513333333333,0.2945510452372107,3,103.52999877929688,105.25,103.20999908447266,103.80999755859376,0.002704518328970451,0.022059541175066366,57696900.0,58398900.0,-0.0120207743639007,17.170000076293945,302.845,22580.499,3.4,0.1016454999999999,0.3340761343054902,2.0,0.008105566660882912,106.12652347373964,106.93325908470155,0.0076016398592528844,0.0005,0.007101639859252884,1,0
2023-04-24,107.66000366210938,109.2300033569336,105.06999969482422,106.20999908447266,69575600,16.889999389648438,302.845,22580.499,3.4,0.1803055,0.0895006266151248,2,106.0999984741211,108.1500015258789,105.08000183105467,106.95999908447266,0.008105566660882912,0.006544545471469876,86774200.0,57696900.0,0.5039664176064917,16.770000457763672,302.845,22580.499,3.4,0.2268513333333333,0.2945510452372107,3.0,-0.013468368273398479,107.68691866302491,106.18344658470154,-0.013961510803629285,0.0005,-0.014461510803629285,0,1
2023-04-25,104.91000366210938,105.4499969482422,102.4499969482422,102.56999969482422,65026800,18.76000022888184,302.845,22580.499,3.4,0.1088415,0.2955430573715106,2,107.66000366210938,109.2300033569336,105.06999969482422,106.20999908447266,-0.013468368273398479,-0.012239859086425109,69575600.0,86774200.0,-0.19819946481788364,16.889999389648438,302.845,22580.499,3.4,0.1803055,0.0895006266151248,2.0,-0.022304869751237133,104.93623116302491,102.54435719490051,-0.022793595135015665,0.0005,-0.023293595135015666,0,1
2023-04-26,105.04000091552734,106.62000274658205,104.0999984741211,104.9800033569336,73803800,18.84000015258789,302.845,22580.499,3.4,0.349339,0.0,1,104.91000366210938,105.4499969482422,102.4499969482422,102.56999969482422,-0.022304869751237133,0.024081127308687833,65026800.0,69575600.0,-0.06537924214810942,18.76000022888184,302.845,22580.499,3.4,0.1088415,0.2955430573715106,2.0,-0.0005711877196383774,105.06626091575623,104.95375835609437,-0.0010707772284013206,0.0005,-0.0015707772284013206,0,1
2023-04-27,108.16000366210938,110.86000061035156,106.8000030517578,109.81999969482422,149961200,17.030000686645508,302.845,22580.499,3.4,-0.0481919999999999,0.5414019638697296,2,105.04000091552734,106.62000274658205,104.0999984741211,104.9800033569336,-0.0005711877196383774,0.030291486030570303,73803800.0,65026800.0,0.13497511795136785,18.84000015258789,302.845,22580.499,3.4,0.349339,0.0,1.0,0.015347595936670455,108.18704366302491,109.79254469490051,0.014840049025429902,0.0005,0.014340049025429902,1,0
2023-04-28,107.7300033569336,109.4800033569336,104.33000183105467,105.4499969482422,130715900,15.779999732971191,302.845,22580.499,3.4,0.110312,0.0,1,108.16000366210938,110.86000061035156,106.8000030517578,109.81999969482422,0.015347595936670455,-0.019031108574926736,149961200.0,73803800.0,1.031889956885689,17.030000686645508,302.845,22580.499,3.4,-0.0481919999999999,0.5414019638697296,2.0,-0.021164079992991525,107.75693585777283,105.42363444900515,-0.02165337562908598,0.0005,-0.02215337562908598,0,1
2023-05-01,104.9499969482422,105.2300033569336,101.81999969482422,102.0500030517578,74728100,16.079999923706055,303.334,22580.499,3.6,0.145472,0.0,1,107.7300033569336,109.4800033569336,104.33000183105467,105.4499969482422,-0.021164079992991525,-0.0047415838261750665,130715900.0,149961200.0,-0.12833519603737498,15.779999732971191,302.845,22580.499,3.4,0.110312,0.0,1.0,-0.027632148459371342,104.97623444747927,102.02449055099486,-0.02811821086953925,0.0005,-0.02861821086953925,0,1
2023-05-02,101.47000122070312,103.9000015258789,101.1500015258789,103.62999725341795,73469400,17.780000686645508,303.334,22580.499,3.6,-0.0406175,0.2584496498440267,2,104.9499969482422,105.2300033569336,101.81999969482422,102.0500030517578,-0.027632148459371342,-0.005683506258794546,74728100.0,130715900.0,-0.4283166776191726,16.079999923706055,303.334,22580.499,3.6,0.145472,0.0,1.0,0.02128704057090447,101.4953687210083,103.6040897541046,0.0207765246795919,0.0005,0.0202765246795919,1,0
2023-05-03,103.73999786376952,105.95999908447266,103.27999877929688,103.6500015258789,65051900,18.34000015258789,303.334,22580.499,3.6,0.2342725,0.1200858233285678,2,101.47000122070312,103.9000015258789,101.1500015258789,103.62999725341795,0.02128704057090447,0.0010614746045256584,73469400.0,74728100.0,-0.016843730805413237,17.780000686645508,303.334,22580.499,3.6,-0.0406175,0.2584496498440267,2.0,-0.0008675182161541617,103.76593286323546,103.62408902549744,-0.0013669595967009673,0.0005,-0.0018669595967009673,0,1
2023-05-04,104.04000091552734,105.38999938964844,103.30999755859376,104.0,45345500,20.09000015258789,303.334,22580.499,3.6,0.3659015,0.1148702037105358,2,103.73999786376952,105.95999908447266,103.27999877929688,103.6500015258789,-0.0008675182161541617,0.0037626568635511504,65051900.0,73469400.0,-0.1145715086825263,18.34000015258789,303.334,22580.499,3.6,0.2342725,0.1200858233285678,2.0,-0.0003844763088749481,104.06601091575624,103.974,-0.0008841591500102775,0.0005,-0.0013841591500102775,0,1
2023-05-05,104.2699966430664,105.76000213623048,103.5500030517578,105.66000366210938,56951700,17.190000534057617,303.334,22580.499,3.6,-0.14089775,0.361471358263579,4,104.04000091552734,105.38999938964844,103.30999755859376,104.0,-0.0003844763088749481,0.002596121567946197,45345500.0,65051900.0,-0.302933503863838,20.09000015258789,303.334,22580.499,3.6,0.3659015,0.1148702037105358,2.0,0.013330843615553034,104.29606414222718,105.63358866119385,0.012824304828442212,0.0005,0.012324304828442212,1,0
2023-05-08,105.04000091552734,106.0999984741211,104.6999969482422,105.83000183105467,49430900,16.979999542236328,303.334,22580.499,3.6,0.182653,0.0575695037208648,4,104.2699966430664,105.76000213623048,103.5500030517578,105.66000366210938,0.013330843615553034,-0.005867903890716675,56951700.0,45345500.0,0.2559504250697424,17.190000534057617,303.334,22580.499,3.6,-0.14089775,0.361471358263579,4.0,0.007520953052567503,105.06626091575623,105.8035443305969,0.007017318484683122,0.0005,0.006517318484683121,1,0
2023-05-09,105.4800033569336,106.79000091552734,105.16000366210938,106.62000274658205,44089400,17.709999084472656,303.334,22580.499,3.6,0.0,0.0,0,105.04000091552734,106.0999984741211,104.6999969482422,105.83000183105467,0.007520953052567503,-0.003307176302234316,49430900.0,56951700.0,-0.13205575952956627,16.979999542236328,303.334,22580.499,3.6,0.182653,0.0575695037208648,4.0,0.01080772993332979,105.50637335777283,106.5933477458954,0.010302452387749517,0.0005,0.009802452387749516,1,0
2023-05-10,108.0999984741211,110.66999816894533,108.0500030517578,110.19000244140624,78627600,16.940000534057617,303.334,22580.499,3.6,0.332506,0.0,1,105.4800033569336,106.79000091552734,105.16000366210938,106.62000274658205,0.01080772993332979,0.01388103253998918,44089400.0,49430900.0,-0.10805993821678339,17.709999084472656,303.334,22580.499,3.6,0.0,0.0,0.0,0.019333987019301224,108.12702347373963,110.16245494079588,0.01882444741069378,0.0005,0.018324447410693778,1,0
2023-05-11,111.02999877929688,113.27999877929688,110.48999786376952,112.18000030517578,74924800,16.93000030517578,303.334,22580.499,3.6,0.1665265,0.0474574716193351,2,108.0999984741211,110.66999816894533,108.0500030517578,110.19000244140624,0.019333987019301224,0.007623162893905189,78627600.0,44089400.0,0.7833674307203091,16.940000534057617,303.334,22580.499,3.6,0.332506,0.0,1.0,0.010357574876361575,111.0577562789917,112.15195530509949,0.009852522352054471,0.0005,0.009352522352054471,1,0
2023-05-12,112.16000366210938,112.63999938964844,109.31999969482422,110.26000213623048,49852700,17.030000686645508,303.334,22580.499,3.6,0.1370626666666666,0.0081750650965807,3,111.02999877929688,113.27999877929688,110.48999786376952,112.18000030517578,0.010357574876361575,-0.00017825497425572046,74924800.0,78627600.0,-0.04709287832771192,16.93000030517578,303.334,22580.499,3.6,0.1665265,0.0474574716193351,2.0,-0.01694009864338797,112.18804366302491,110.23243713569643,-0.017431505742291686,0.0005,-0.017931505742291687,0,1
2023-05-15,111.1500015258789,112.29000091552734,109.25,111.1999969482422,53011100,17.1200008392334,303.334,22580.499,3.6,-0.0085666666666666,0.1256367569078943,3,112.16000366210938,112.63999938964844,109.31999969482422,110.26000213623048,-0.01694009864338797,0.008071824527527083,49852700.0,74924800.0,-0.3346301892030409,17.030000686645508,303.334,22580.499,3.6,0.1370626666666666,0.0081750650965807,3.0,0.0004498013646150323,111.17778902626038,111.17219694900514,-5.029851109850103e-05,0.0005,-0.000550298511098501,0,1
2023-05-16,111.0500030517578,114.79000091552734,111.0500030517578,113.4000015258789,71472900,17.989999771118164,303.334,22580.499,3.6,0.310733,0.0,1,111.1500015258789,112.29000091552734,109.25,111.1999969482422,0.0004498013646150323,-0.0013488660125973162,53011100.0,49852700.0,0.06335464277762282,17.1200008392334,303.334,22580.499,3.6,-0.0085666666666666,0.1256367569078943,3.0,0.021161624579387306,111.07776555252075,113.37165152549744,0.020651171380397182,0.0005,0.02015117138039718,1,0
2023-05-17,114.88999938964844,115.83000183105467,114.22000122070312,115.5,65655200,16.8700008392334,303.334,22580.499,3.6,0.0,0.0,0,111.0500030517578,114.79000091552734,111.0500030517578,113.4000015258789,0.021161624579387306,0.013139310791186354,71472900.0,53011100.0,0.34826291097524864,17.989999771118164,303.334,22580.499,3.6,0.310733,0.0,1.0,0.005309431748561133,114.91872188949586,115.471125,0.004806902664957757,0.0005,0.004306902664957757,1,0
2023-05-18,116.69000244140624,118.5999984741211,116.33999633789062,118.1500015258789,73174100,16.049999237060547,303.334,22580.499,3.6,0.346494,0.0,1,114.88999938964844,115.83000183105467,114.22000122070312,115.5,0.005309431748561133,0.010303051440746724,65655200.0,71472900.0,-0.08139728484502518,16.8700008392334,303.334,22580.499,3.6,0.0,0.0,0.0,0.012511775250032997,116.7191749420166,118.12046402549744,0.012005645894746841,0.0005,0.011505645894746841,1,0
2023-05-19,118.16000366210938,118.30999755859376,115.6999969482422,116.25,55056300,16.809999465942383,303.334,22580.499,3.6,0.2860506666666667,0.169420435621956,3,116.69000244140624,118.5999984741211,116.33999633789062,118.1500015258789,0.012511775250032997,8.465625138631694e-05,73174100.0,65655200.0,0.11452101280629723,16.049999237060547,303.334,22580.499,3.6,0.346494,0.0,1.0,-0.016164553172926643,118.1895436630249,116.2209375,-0.016656347947646477,0.0005,-0.017156347947646478,0,1
2023-05-22,116.7699966430664,116.7699966430664,114.25,115.01000213623048,70741100,17.209999084472656,303.334,22580.499,3.6,0.0,0.0,0,118.16000366210938,118.30999755859376,115.6999969482422,116.25,-0.016164553172926643,0.0044730894027218415,55056300.0,73174100.0,-0.24759853554741362,16.809999465942383,303.334,22580.499,3.6,0.2860506666666667,0.169420435621956,3.0,-0.01507231786788299,116.79918914222718,114.98124963569643,-0.015564658623760108,0.0005,-0.01606465862376011,0,1
2023-05-23,114.2699966430664,117.13999938964844,113.77999877929688,114.98999786376952,67576300,18.530000686645508,303.334,22580.499,3.6,0.14071925,0.1041680958111295,4,116.7699966430664,116.7699966430664,114.25,115.01000213623048,-0.01507231786788299,-0.006434270754012594,70741100.0,55056300.0,0.2848865615742431,17.209999084472656,303.334,22580.499,3.6,0.0,0.0,0.0,0.006300877236848912,114.29856414222718,114.96125036430358,0.005797852554401128,0.0005,0.005297852554401128,1,0
2023-05-24,115.3499984741211,117.33999633789062,115.0199966430664,116.75,63487900,20.030000686645508,303.334,22580.499,3.6,0.0095593333333333,0.2700779882077274,3,114.2699966430664,117.13999938964844,113.77999877929688,114.98999786376952,0.006300877236848912,0.0031307123840289552,67576300.0,70741100.0,-0.04473778326884936,18.530000686645508,303.334,22580.499,3.6,0.14071925,0.1041680958111295,4.0,0.012136987814464595,115.37883597373964,116.72081250000001,0.011631045806059337,0.0005,0.011131045806059336,1,0
2023-05-25,116.62999725341795,116.87000274658205,114.30999755859376,115.0,66496700,19.13999938964844,303.334,22580.499,3.6,0.1768982499999999,0.19155100344534,4,115.3499984741211,117.33999633789062,115.0199966430664,116.75,0.012136987814464595,-0.0010278607844286247,63487900.0,67576300.0,-0.06050050091526171,20.030000686645508,303.334,22580.499,3.6,0.0095593333333333,0.2700779882077274,3.0,-0.013975797751895946,116.65915475273133,114.97125,-0.014468686630800476,0.0005,-0.014968686630800476,0,1
2023-05-26,116.04000091552734,121.5,116.0199966430664,120.11000061035156,96779900,17.950000762939453,303.334,22580.499,3.6,0.217576,0.0,1,116.62999725341795,116.87000274658205,114.30999755859376,115.0,-0.013975797751895946,0.009043486221976815,66496700.0,63487900.0,0.04739170771123313,19.13999938964844,303.334,22580.499,3.6,0.1768982499999999,0.19155100344534,4.0,0.035074109468398174,116.06901091575624,120.07997311019898,0.03455670176558945,0.0005,0.03405670176558945,1,0
2023-05-30,122.37000274658205,122.91999816894533,119.86000061035156,121.66000366210938,64314800,17.459999084472656,303.334,22580.499,3.6,0.169152,0.0779358952088188,2,116.04000091552734,121.5,116.0199966430664,120.11000061035156,0.035074109468398174,0.018816102945183877,96779900.0,66496700.0,0.45540906541226867,17.950000762939453,303.334,22580.499,3.6,0.217576,0.0,1.0,-0.005802068060282828,122.4005952472687,121.62958866119385,-0.006299042782572206,0.0005,-0.006799042782572207,0,1
2023-05-31,121.4499969482422,122.04000091552734,119.16999816894533,120.58000183105467,72800800,17.940000534057617,303.334,22580.499,3.6,-0.0816794999999999,0.2832337425246151,2,122.37000274658205,122.91999816894533,119.86000061035156,121.66000366210938,-0.005802068060282828,-0.001726177112820304,64314800.0,96779900.0,-0.33545291945951583,17.459999084472656,303.334,22580.499,3.6,0.169152,0.0779358952088188,2.0,-0.007163401721272056,121.48035944747927,120.54985683059691,-0.007659695946855116,0.0005,-0.008159695946855117,0,1
2023-06-01,120.69000244140624,123.48999786376952,119.93000030517578,122.7699966430664,54375100,15.649999618530272,304.014,22580.499,3.6,-0.107165,0.2311362362071339,2,121.4499969482422,122.04000091552734,119.16999816894533,120.58000183105467,-0.007163401721272056,0.0009122624704027693,72800800.0,64314800.0,0.13194474677679158,17.940000534057617,303.334,22580.499,3.6,-0.0816794999999999,0.2832337425246151,2.0,0.01723418808173438,120.7201749420166,122.73930414390564,0.016725698110186205,0.0005,0.016225698110186204,1,0
2023-06-02,124.91999816894533,126.38999938964844,124.0199966430664,124.25,61264400,14.600000381469728,304.014,22580.499,3.6,0.049747,0.0,1,120.69000244140624,123.48999786376952,119.93000030517578,122.7699966430664,0.01723418808173438,0.017512434508976105,54375100.0,72800800.0,-0.2530974934341381,15.649999618530272,304.014,22580.499,3.6,-0.107165,0.2311362362071339,2.0,-0.005363418017659605,124.95122816848757,124.21893750000001,-0.005860612010152644,0.0005,-0.006360612010152644,0,1
2023-06-05,123.36000061035156,125.8000030517578,123.02999877929688,125.3000030517578,47950100,14.729999542236328,304.014,22580.499,3.6,0.098168,0.2105822708286083,4,124.91999816894533,126.38999938964844,124.0199966430664,124.25,-0.005363418017659605,-0.0071629729549169685,61264400.0,54375100.0,0.1266995371042996,14.600000381469728,304.014,22580.499,3.6,0.049747,0.0,1.0,0.015726349155379626,123.39084061050416,125.26867805099486,0.01521861291486215,0.0005,0.01471861291486215,1,0
2023-06-06,125.06999969482422,127.4000015258789,125.0,126.61000061035156,45695200,13.960000038146973,304.014,22580.499,3.6,0.2237341666666666,0.1214088852109542,6,123.36000061035156,125.8000030517578,123.02999877929688,125.3000030517578,0.015726349155379626,-0.0018356213194868909,47950100.0,61264400.0,-0.21732523292483075,14.729999542236328,304.014,22580.499,3.6,0.098168,0.2105822708286083,4.0,0.012313112011553606,125.10126719474793,126.57834811019897,0.011807081963059796,0.0005,0.011307081963059795,1,0
2023-06-07,127.01000213623048,127.37000274658205,120.62999725341795,121.2300033569336,95663300,13.9399995803833,304.014,22580.499,3.6,0.141818,0.0514339288991226,4,125.06999969482422,127.4000015258789,125.0,126.61000061035156,0.012313112011553606,0.0031593201480974997,45695200.0,47950100.0,-0.047025970748757584,13.960000038146973,304.014,22580.499,3.6,0.2237341666666666,0.1214088852109542,6.0,-0.0455082173221073,127.04175463676455,121.19969585609437,-0.045985343931793876,0.0005,-0.04648534393179388,0,1
2023-06-08,123.01000213623048,125.62999725341795,122.26000213623048,124.25,62159300,13.649999618530272,304.014,22580.499,3.6,0.16302,0.1681457499254738,2,127.01000213623048,127.37000274658205,120.62999725341795,121.2300033569336,-0.0455082173221073,0.01468282380605146,95663300.0,45695200.0,1.093508727393687,13.9399995803833,304.014,22580.499,3.6,0.141818,0.0514339288991226,4.0,0.010080463720310018,123.04075463676455,124.21893750000001,0.009575549716950738,0.0005,0.009075549716950737,1,0
2023-06-09,124.08000183105467,125.8000030517578,123.19000244140624,123.43000030517578,51396000,13.829999923706056,304.014,22580.499,3.6,-0.240739,0.0,1,123.01000213623048,125.62999725341795,122.26000213623048,124.25,0.010080463720310018,-0.001368194518674648,62159300.0,95663300.0,-0.3502283529838507,13.649999618530272,304.014,22580.499,3.6,0.16302,0.1681457499254738,2.0,-0.005238567990705878,124.11102183151245,123.39914280509949,-0.0057358243926101116,0.0005,-0.006235824392610112,0,1
2023-06-12,124.0199966430664,126.77999877929688,123.52999877929688,126.56999969482422,51338000,15.010000228881836,304.014,22580.499,3.6,0.2398711666666666,0.1423345265203305,6,124.08000183105467,125.8000030517578,123.19000244140624,123.43000030517578,-0.005238567990705878,0.004780007586744572,51396000.0,62159300.0,-0.1731567118677334,13.829999923706056,304.014,22580.499,3.6,-0.240739,0.0,1.0,0.020561224970008674,124.05100164222718,126.53835719490051,0.02005107189579225,0.0005,0.01955107189579225,1,0
2023-06-13,128.1199951171875,128.41000366210938,125.18000030517578,126.66000366210938,50564800,14.609999656677246,304.014,22580.499,3.6,0.1105155,0.1314194810517071,6,124.0199966430664,126.77999877929688,123.52999877929688,126.56999969482422,0.020561224970008674,0.012246151742913103,51338000.0,51396000.0,-0.0011284924896879378,15.010000228881836,304.014,22580.499,3.6,0.2398711666666666,0.1423345265203305,6.0,-0.011395500395880553,128.1520251159668,126.62833866119385,-0.011889679101006356,0.0005,-0.012389679101006357,0,1
2023-06-14,126.6999969482422,126.9499969482422,124.12000274658205,126.41999816894533,52422500,13.880000114440918,304.014,22580.499,3.6,0.153552,0.2387472607424009,3,128.1199951171875,128.41000366210938,125.18000030517578,126.66000366210938,-0.011395500395880553,0.00031575307892395266,50564800.0,51338000.0,-0.015060968483384674,14.609999656677246,304.014,22580.499,3.6,0.1105155,0.1314194810517071,6.0,-0.0022099351700162195,126.73167194747927,126.38839316940309,-0.0027087055098463653,0.0005,-0.0032087055098463653,0,1
2023-06-15,125.20999908447266,127.69000244140624,124.31999969482422,127.11000061035156,60458500,14.5,304.014,22580.499,3.6,0.3405588333333333,0.0318697316801799,6,126.6999969482422,126.9499969482422,124.12000274658205,126.41999816894533,-0.0022099351700162195,-0.009571263265291674,52422500.0,50564800.0,0.03673899629781974,13.880000114440918,304.014,22580.499,3.6,0.153552,0.2387472607424009,3.0,0.015174519126041064,125.24130158424379,127.07822311019898,0.014667058731576477,0.0005,0.014167058731576476,1,0
2023-06-16,127.70999908447266,127.9000015258789,125.3000030517578,125.48999786376952,84247100,13.539999961853027,304.014,22580.499,3.6,0.2935776315789474,0.0938809736931767,19,125.20999908447266,127.69000244140624,124.31999969482422,127.11000061035156,0.015174519126041064,0.004720308954764052,60458500.0,52422500.0,0.1532929562687777,14.5,304.014,22580.499,3.6,0.3405588333333333,0.0318697316801799,6.0,-0.017383143345218732,127.74192658424379,125.45862536430357,-0.017874328977138254,0.0005,-0.018374328977138255,0,1
2023-06-20,124.97000122070312,127.25,124.5,125.77999877929688,56930100,13.880000114440918,304.014,22580.499,3.6,0.138458,0.185188437565632,2,127.70999908447266,127.9000015258789,125.3000030517578,125.48999786376952,-0.017383143345218732,-0.004143729794552242,84247100.0,60458500.0,0.3934699008410727,13.539999961853027,304.014,22580.499,3.6,0.2935776315789474,0.0938809736931767,19.0,0.006481535974087516,125.00124372100831,125.74855377960205,0.005978420984847688,0.0005,0.005478420984847687,1,0
2023-06-21,125.63999938964844,126.7300033569336,123.8499984741211,124.83000183105467,52137700,13.199999809265137,304.014,22580.499,3.6,0.2137845,0.1500020970270082,2,124.97000122070312,127.25,124.5,125.77999877929688,0.006481535974087516,-0.0011130496979420146,56930100.0,84247100.0,-0.32424854980171425,13.880000114440918,304.014,22580.499,3.6,0.138458,0.185188437565632,2.0,-0.006446972003571139,125.67140938949586,124.79879433059692,-0.006943624354481703,0.0005,-0.007443624354481704,0,1
2023-06-22,125.30999755859376,130.3300018310547,125.13999938964844,130.14999389648438,90354600,12.90999984741211,304.014,22580.499,3.6,0.2407838,0.2150616555170477,10,125.63999938964844,126.7300033569336,123.8499984741211,124.83000183105467,-0.006446972003571139,0.0038451952294986658,52137700.0,56930100.0,-0.08418042476651189,13.199999809265137,304.014,22580.499,3.6,0.2137845,0.1500020970270082,2.0,0.03862418348246699,125.34132505798343,130.11745639801026,0.03810500118629978,0.0005,0.03760500118629978,1,0
2023-06-23,129.11000061035156,130.83999633789062,128.27999877929688,129.3300018310547,71927800,13.4399995803833,304.014,22580.499,3.6,-0.205064,0.0,1,125.30999755859376,130.3300018310547,125.13999938964844,130.14999389648438,0.03862418348246699,-0.007990728658504365,90354600.0,52137700.0,0.7329993459627102,12.90999984741211,304.014,22580.499,3.6,0.2407838,0.2150616555170477,10.0,0.0017039828027503034,129.14227811050415,129.29766933059693,0.0012032559930514886,0.0005,0.0007032559930514885,1,0
2023-06-26,129.3300018310547,131.49000549316406,127.0999984741211,127.33000183105467,59989300,14.25,304.014,22580.499,3.6,0.1384536666666666,0.2334567765932985,3,129.11000061035156,130.83999633789062,128.27999877929688,129.3300018310547,0.0017039828027503034,0.0,71927800.0,90354600.0,-0.20393870372952794,13.4399995803833,304.014,22580.499,3.6,-0.205064,0.0,1.0,-0.015464315871677181,129.36233433151247,127.29816933059692,-0.015956460677539974,0.0005,-0.016456460677539975,0,1
2023-06-27,128.6300048828125,130.08999633789062,127.5500030517578,129.17999267578125,46801000,13.739999771118164,304.014,22580.499,3.6,0.15582125,0.1748725878354009,4,129.3300018310547,131.49000549316406,127.0999984741211,127.33000183105467,-0.015464315871677181,0.010209715173669087,59989300.0,71927800.0,-0.1659789399926037,14.25,304.014,22580.499,3.6,0.1384536666666666,0.2334567765932985,3.0,0.004275734837060785,128.66216238403322,129.1476976776123,0.003773722472733221,0.0005,0.003273722472733221,1,0
2023-06-28,128.94000244140625,131.47999572753906,128.44000244140625,129.0399932861328,52149500,13.43000030517578,304.014,22580.499,3.6,0.1887057999999999,0.2134239975487761,5,128.6300048828125,130.08999633789062,127.5500030517578,129.17999267578125,0.004275734837060785,-0.0018577972440154689,46801000.0,59989300.0,-0.21984420554998974,13.739999771118164,304.014,22580.499,3.6,0.15582125,0.1748725878354009,4.0,0.0007754835026623219,128.97223744201662,129.00773328781128,0.0002752208265799361,0.0005,-0.00022477917342006394,0,1
2023-06-29,128.77000427246094,129.25999450683594,127.26000213623048,127.9000015258789,40761000,13.539999961853027,304.014,22580.499,3.6,0.3064756666666666,0.0384214058349422,3,128.94000244140625,131.47999572753906,128.44000244140625,129.0399932861328,0.0007754835026623219,-0.002092289427458427,52149500.0,46801000.0,0.11428174611653596,13.43000030517578,304.014,22580.499,3.6,0.1887057999999999,0.2134239975487761,5.0,-0.006756253146821489,128.80219677352906,127.86802652549744,-0.0072527508958109,0.0005,-0.0077527508958109,0,1
2023-06-30,129.47000122070312,131.25,128.9499969482422,130.36000061035156,54350700,13.59000015258789,304.014,22580.499,3.6,0.2326478,0.1091803244966784,5,128.77000427246094,129.25999450683594,127.26000213623048,127.9000015258789,-0.006756253146821489,0.012275212479231579,40761000.0,52149500.0,-0.2183817678021841,13.539999961853027,304.014,22580.499,3.6,0.3064756666666666,0.0384214058349422,3.0,0.006874174567522262,129.5023687210083,130.32741061019897,0.006370863308053254,0.0005,0.0058708633080532535,1,0
2023-07-03,130.82000732421875,131.85000610351562,130.07000732421875,130.22000122070312,28264800,13.56999969482422,304.609,22840.989,3.5,0.2553835,0.0653967706580378,2,129.47000122070312,131.25,128.9499969482422,130.36000061035156,0.006874174567522262,0.0035287412681299646,54350700.0,40761000.0,0.3333995731213659,13.59000015258789,304.014,22580.499,3.6,0.2326478,0.1091803244966784,5.0,-0.004586501069584803,130.8527123260498,130.18744622039796,-0.005084083423461561,0.0005,-0.005584083423461561,0,1
2023-07-05,130.24000549316406,131.39999389648438,129.63999938964844,130.3800048828125,35895400,14.18000030517578,304.609,22840.989,3.5,0.218337,0.0,1,130.82000732421875,131.85000610351562,130.07000732421875,130.22000122070312,-0.004586501069584803,0.00015361904679322969,28264800.0,54350700.0,-0.4799551799700832,13.56999969482422,304.609,22840.989,3.5,0.2553835,0.0653967706580378,2.0,0.001074933843240533,130.27256549453736,130.3474098815918,0.0005745214794099507,0.0005,7.452147940995068e-05,1,0
2023-07-06,128.25,128.72999572753906,127.37000274658205,128.36000061035156,40639900,15.4399995803833,304.609,22840.989,3.5,0.140077,0.0,1,130.24000549316406,131.39999389648438,129.63999938964844,130.3800048828125,0.001074933843240533,-0.016336898320620352,35895400.0,28264800.0,0.26996829979338255,14.18000030517578,304.609,22840.989,3.5,0.218337,0.0,1.0,0.0008577045641446901,128.28206250000002,128.32791061019898,0.00035740078780666096,0.0005,-0.00014259921219333905,0,1
2023-07-07,128.58999633789062,130.97000122070312,128.1300048828125,129.77999877929688,41992300,14.829999923706056,304.609,22840.989,3.5,0.379595,0.303165414280719,3,128.25,128.72999572753906,127.37000274658205,128.36000061035156,0.0008577045641446901,0.0017918021692540087,40639900.0,35895400.0,0.13217571053672605,15.4399995803833,304.609,22840.989,3.5,0.140077,0.0,1.0,0.009254238084581035,128.6221438369751,129.74755377960204,0.008749737090786969,0.0005,0.008249737090786968,1,0
2023-07-10,129.07000732421875,129.27999877929688,125.91999816894533,127.12999725341795,61889300,15.06999969482422,304.609,22840.989,3.5,0.40107,0.0,1,128.58999633789062,130.97000122070312,128.1300048828125,129.77999877929688,0.009254238084581035,-0.005470730942797486,41992300.0,40639900.0,0.03327764093907715,14.829999923706056,304.609,22840.989,3.5,0.379595,0.303165414280719,3.0,-0.015030680721413225,129.1022748260498,127.0982147541046,-0.01552304229066015,0.0005,-0.01602304229066015,0,1
2023-07-11,127.75,129.77000427246094,127.3499984741211,128.77999877929688,49951500,14.84000015258789,304.609,22840.989,3.5,0.26102975,0.1162987655863838,4,129.07000732421875,129.27999877929688,125.91999816894533,127.12999725341795,-0.015030680721413225,0.004876919373687505,61889300.0,41992300.0,0.4738249631480056,15.06999969482422,304.609,22840.989,3.5,0.40107,0.0,1.0,0.008062612753791498,127.78193750000001,128.74780377960207,0.007558707423747313,0.0005,0.007058707423747312,1,0
2023-07-12,130.30999755859375,131.25999450683594,128.8300018310547,130.8000030517578,54022800,13.539999961853027,304.609,22840.989,3.5,0.1251268,0.0140712284005341,5,127.75,129.77000427246094,127.3499984741211,128.77999877929688,0.008062612753791498,0.011880717454571421,49951500.0,61889300.0,-0.1928895624930319,14.84000015258789,304.609,22840.989,3.5,0.26102975,0.1162987655863838,4.0,0.0037603062109161645,130.3425750579834,130.76730305099488,0.00325855149648957,0.0005,0.00275855149648957,1,0
2023-07-13,134.0399932861328,134.6699981689453,132.7100067138672,134.3000030517578,61170900,13.609999656677246,304.609,22840.989,3.5,0.17478175,0.1706528433815689,8,130.30999755859375,131.25999450683594,128.8300018310547,130.8000030517578,0.0037603062109161645,0.02477056696315927,54022800.0,49951500.0,0.08150505990811086,13.539999961853027,304.609,22840.989,3.5,0.1251268,0.0140712284005341,5.0,0.001939792439932253,134.07350328445435,134.26642805099488,0.0014389477548835128,0.0005,0.0009389477548835128,1,0
2023-07-14,134.05999755859375,136.64999389648438,134.05999755859375,134.67999267578125,54487100,13.34000015258789,304.609,22840.989,3.5,0.2016285,0.1056254896533029,2,134.0399932861328,134.6699981689453,132.7100067138672,134.3000030517578,0.001939792439932253,-0.0017870847930775424,61170900.0,54022800.0,0.13231635531664399,13.609999656677246,304.609,22840.989,3.5,0.17478175,0.1706528433815689,8.0,0.004624758529601758,134.09351255798342,134.64632267761232,0.004122571697044997,0.0005,0.0036225716970449966,1,0
2023-07-17,134.55999755859375,135.6199951171875,133.2100067138672,133.55999755859375,48450200,13.479999542236328,304.609,22840.989,3.5,0.0,0.0,0,134.05999755859375,136.64999389648438,134.05999755859375,134.67999267578125,0.004624758529601758,-0.0008909646845346453,54487100.0,61170900.0,-0.10926437243852882,13.34000015258789,304.609,22840.989,3.5,0.2016285,0.1056254896533029,2.0,-0.0074316291479163965,134.5936375579834,133.5266075592041,-0.007927789293306065,0.0005,-0.008427789293306065,0,1
2023-07-18,132.7100067138672,133.86000061035156,131.35000610351562,132.8300018310547,54882900,13.300000190734863,304.609,22840.989,3.5,0.0095681999999999,0.1965321671297093,5,134.55999755859375,135.6199951171875,133.2100067138672,133.55999755859375,-0.0074316291479163965,-0.006364112460796267,48450200.0,54487100.0,-0.11079503221863529,13.479999542236328,304.609,22840.989,3.5,0.0,0.0,0.0,0.0009041904236068987,132.74318421554565,132.79679433059692,0.0004038634101486416,0.0005,-9.613658985135843e-05,0,1
2023-07-19,133.38999938964844,135.99000549316406,132.52999877929688,135.36000061035156,54531000,13.760000228881836,304.609,22840.989,3.5,0.1071118,0.2365186733647049,5,132.7100067138672,133.86000061035156,131.35000610351562,132.8300018310547,0.0009041904236068987,0.004215896641377892,54882900.0,48450200.0,0.13276931777371415,13.300000190734863,304.609,22840.989,3.5,0.0095681999999999,0.1965321671297093,5.0,0.014768732511561966,133.42334688949586,135.32616061019897,0.014261474959693876,0.0005,0.013761474959693876,1,0
2023-07-20,134.07000732421875,134.7899932861328,129.3300018310547,129.9600067138672,59820600,13.989999771118164,304.609,22840.989,3.5,0.0018177499999999,0.1137863088992549,4,133.38999938964844,135.99000549316406,132.52999877929688,135.36000061035156,0.014768732511561966,-0.009530092200916829,54531000.0,54882900.0,-0.006411833193945671,13.760000228881836,304.609,22840.989,3.5,0.1071118,0.2365186733647049,5.0,-0.030655630534966893,134.1035248260498,129.92751671218872,-0.031140181581937765,0.0005,-0.031640181581937765,0,1
2023-07-21,131.33999633789062,131.3699951171875,128.4199981689453,130.0,133307300,13.600000381469728,304.609,22840.989,3.5,0.21516,0.0,1,134.07000732421875,134.7899932861328,129.3300018310547,129.9600067138672,-0.030655630534966893,0.010618571504553476,59820600.0,54531000.0,0.09700170545194475,13.989999771118164,304.609,22840.989,3.5,0.0018177499999999,0.1137863088992549,4.0,-0.0102025001922742,131.3728313369751,129.9675,-0.010697275248414129,0.0005,-0.01119727524841413,0,1
2023-07-24,130.30999755859375,131.66000366210938,128.35000610351562,128.8000030517578,45591100,13.90999984741211,304.609,22840.989,3.5,0.0,0.0,0,131.33999633789062,131.3699951171875,128.4199981689453,130.0,-0.0102025001922742,0.002384596604567246,133307300.0,59820600.0,1.2284514030283882,13.600000381469728,304.609,22840.989,3.5,0.21516,0.0,1.0,-0.011587710345531743,130.3425750579834,128.76780305099487,-0.01208179296970291,0.0005,-0.01258179296970291,0,1
2023-07-25,129.30999755859375,129.5800018310547,128.52999877929688,129.1300048828125,39236700,13.859999656677246,304.609,22840.989,3.5,0.1227249999999999,0.1742141019378167,4,130.30999755859375,131.66000366210938,128.35000610351562,128.8000030517578,-0.011587710345531743,0.0039595845865858514,45591100.0,133307300.0,-0.6579999744950202,13.90999984741211,304.609,22840.989,3.5,0.0,0.0,0.0,-0.0013919470975142234,129.3423250579834,129.0977223815918,-0.0018911263291574443,0.0005,-0.0023911263291574443,0,1
2023-07-26,126.51000213623048,129.0800018310547,126.11000061035156,128.14999389648438,53910100,13.1899995803833,304.609,22840.989,3.5,0.4082989999999999,0.1096793328298454,2,129.30999755859375,129.5800018310547,128.52999877929688,129.1300048828125,-0.0013919470975142234,-0.020289651107499806,39236700.0,45591100.0,-0.13937808037094956,13.859999656677246,304.609,22840.989,3.5,0.1227249999999999,0.1742141019378167,4.0,0.012963336752519261,126.54162963676455,128.11795639801025,0.01245698167291276,0.0005,0.011956981672912759,1,0
2023-07-27,131.0,132.6300048828125,127.79000091552734,128.25,52610700,14.40999984741211,304.609,22840.989,3.5,0.378206,0.0615720300785998,2,126.51000213623048,129.0800018310547,126.11000061035156,128.14999389648438,0.012963336752519261,0.022239611699223172,53910100.0,39236700.0,0.3739713074748896,13.1899995803833,304.609,22840.989,3.5,0.4082989999999999,0.1096793328298454,2.0,-0.020992366412213692,131.03275000000002,128.2179375,-0.02148174788363988,0.0005,-0.02198174788363988,0,1
2023-07-28,129.69000244140625,133.00999450683594,129.3300018310547,132.2100067138672,46317400,13.329999923706056,304.609,22840.989,3.5,0.1912903333333333,0.0582185095767087,3,131.0,132.6300048828125,127.79000091552734,128.25,-0.020992366412213692,0.011228089211744674,52610700.0,53910100.0,-0.02410309014451839,14.40999984741211,304.609,22840.989,3.5,0.378206,0.0615720300785998,2.0,0.019430983306515603,129.7224249420166,132.17695421218872,0.018921395211886072,0.0005,0.01842139521188607,1,0
2023-07-31,133.1999969482422,133.8699951171875,132.3800048828125,133.67999267578125,41901500,13.630000114440918,304.609,22840.989,3.5,0.315644,0.0,1,129.69000244140625,133.00999450683594,129.3300018310547,132.2100067138672,0.019430983306515603,0.007488012889353968,46317400.0,52610700.0,-0.11962015331482001,13.329999923706056,304.609,22840.989,3.5,0.1912903333333333,0.0582185095767087,3.0,0.0036035716106328497,133.23329694747926,133.6465726776123,0.0031018952439192393,0.0005,0.0026018952439192393,1,0
2023-08-01,133.5500030517578,133.69000244140625,131.6199951171875,131.69000244140625,42098500,13.93000030517578,306.082,22840.989,3.7,0.276709,0.0,1,133.1999969482422,133.8699951171875,132.3800048828125,133.67999267578125,0.0036035716106328497,-0.0009723940091671546,41901500.0,46317400.0,-0.09533998022341494,13.630000114440918,304.609,22840.989,3.5,0.315644,0.0,1.0,-0.013927372278911276,133.58339055252077,131.6570799407959,-0.014420285364500462,0.0005,-0.014920285364500463,0,1
2023-08-02,130.14999389648438,130.22999572753906,126.81999969482422,128.2100067138672,51027600,16.09000015258789,306.082,22840.989,3.7,0.0072074999999999,0.3400130028403326,2,133.5500030517578,133.69000244140625,131.6199951171875,131.69000244140625,-0.013927372278911276,-0.011694194823992698,42098500.0,41901500.0,0.004701502332852048,13.93000030517578,306.082,22840.989,3.7,0.276709,0.0,1.0,-0.014905780050671114,130.18253139495852,128.17795421218872,-0.015398204054644982,0.0005,-0.015898204054644982,0,1
2023-08-03,127.4800033569336,129.83999633789062,126.41000366210938,128.91000366210938,88585200,15.920000076293944,306.082,22840.989,3.7,0.1340334,0.1519767739666163,5,130.14999389648438,130.22999572753906,126.81999969482422,128.2100067138672,-0.014905780050671114,-0.005693809521145843,51027600.0,42098500.0,0.212100193593596,16.09000015258789,306.082,22840.989,3.7,0.0072074999999999,0.3400130028403326,2.0,0.011217447972384331,127.51187335777284,128.87777616119385,0.010711965618986463,0.0005,0.010211965618986463,1,0
2023-08-04,141.05999755859375,143.6300048828125,139.32000732421875,139.57000732421875,153128500,17.100000381469727,306.082,22840.989,3.7,0.2259726666666666,0.1937397783273567,3,127.4800033569336,129.83999633789062,126.41000366210938,128.91000366210938,0.011217447972384331,0.09425175355925952,88585200.0,51027600.0,0.7360252098864144,15.920000076293944,306.082,22840.989,3.7,0.1340334,0.1519767739666163,5.0,-0.010562811996052135,141.0952625579834,139.5351148223877,-0.011057406941317849,0.0005,-0.01155740694131785,0,1
2023-08-07,140.99000549316406,142.5399932861328,138.9499969482422,142.22000122070312,71213100,15.770000457763672,306.082,22840.989,3.7,0.380707,0.0718632621719888,2,141.05999755859375,143.6300048828125,139.32000732421875,139.57000732421875,-0.010562811996052135,0.010174092530114143,153128500.0,88585200.0,0.7286013916545879,17.100000381469727,306.082,22840.989,3.7,0.2259726666666666,0.1937397783273567,3.0,0.00872399233716381,141.02525299453737,142.18444622039794,0.008219756399979516,0.0005,0.007719756399979516,1,0
2023-08-08,140.6199951171875,140.83999633789062,138.4199981689453,139.94000244140625,51710500,15.989999771118164,306.082,22840.989,3.7,0.174091,0.1317804350178735,5,140.99000549316406,142.5399932861328,138.9499969482422,142.22000122070312,0.00872399233716381,-0.011250218603448547,71213100.0,153128500.0,-0.5349454869602981,15.770000457763672,306.082,22840.989,3.7,0.380707,0.0718632621719888,2.0,-0.004835675575259213,140.65515011596682,139.90501744079592,-0.005333133373022103,0.0005,-0.0058331333730221036,0,1
2023-08-09,139.97000122070312,140.32000732421875,137.10000610351562,137.85000610351562,50017300,15.960000038146973,306.082,22840.989,3.7,0.2655486,0.1653108739309063,5,140.6199951171875,140.83999633789062,138.4199981689453,139.94000244140625,-0.004835675575259213,0.00021436886360959306,51710500.0,71213100.0,-0.2738625337192174,15.989999771118164,306.082,22840.989,3.7,0.174091,0.1317804350178735,5.0,-0.015146067719501666,140.0049937210083,137.81554360198976,-0.0156383716096693,0.0005,-0.0161383716096693,0,1
2023-08-10,139.07000732421875,140.41000366210938,137.49000549316406,138.55999755859375,58928400,15.850000381469728,306.082,22840.989,3.7,0.436899,0.4190526917345837,2,139.97000122070312,140.32000732421875,137.10000610351562,137.85000610351562,-0.015146067719501666,0.008850207955645617,50017300.0,51710500.0,-0.0327438334574216,15.960000038146973,306.082,22840.989,3.7,0.2655486,0.1653108739309063,5.0,-0.0036672879755876853,139.1047748260498,138.5253575592041,-0.004165329821138486,0.0005,-0.004665329821138486,0,1
2023-08-11,137.39999389648438,139.3300018310547,137.0,138.41000366210938,42905800,14.84000015258789,306.082,22840.989,3.7,0.1850276666666666,0.1149932399158025,3,139.07000732421875,140.41000366210938,137.49000549316406,138.55999755859375,-0.0036672879755876853,-0.008371851057653479,58928400.0,50017300.0,0.1781603565166452,15.850000381469728,306.082,22840.989,3.7,0.436899,0.4190526917345837,2.0,0.007350871983196283,137.43434389495852,138.37540116119385,0.0068473224345917405,0.0005,0.00634732243459174,1,0
2023-08-14,138.3000030517578,140.58999633789062,137.75,140.57000732421875,47148700,14.81999969482422,306.082,22840.989,3.7,-0.613961,0.0,1,137.39999389648438,139.3300018310547,137.0,138.41000366210938,0.007350871983196283,-0.0007947446531401114,42905800.0,58928400.0,-0.27189945764690704,14.84000015258789,306.082,22840.989,3.7,0.1850276666666666,0.1149932399158025,3.0,0.01641362416753811,138.33457805252075,140.5348648223877,0.01590554437540259,0.0005,0.015405544375402591,1,0
2023-08-15,140.0500030517578,141.27999877929688,137.22999572753906,137.6699981689453,42781500,16.459999084472656,306.082,22840.989,3.7,0.110848,0.2181982224308896,3,138.3000030517578,140.58999633789062,137.75,140.57000732421875,0.01641362416753811,-0.0036992547867026326,47148700.0,42905800.0,0.0988887283304356,14.81999969482422,306.082,22840.989,3.7,-0.613961,0.0,1.0,-0.01699396523349539,140.08501555252076,137.63558066940308,-0.017485345405835573,0.0005,-0.017985345405835573,0,1
2023-08-16,137.19000244140625,137.27000427246094,135.00999450683594,135.07000732421875,41675900,16.780000686645508,306.082,22840.989,3.7,0.322506,0.0,1,140.0500030517578,141.27999877929688,137.22999572753906,137.6699981689453,-0.01699396523349539,-0.0034865673997469537,42781500.0,47148700.0,-0.09262609573540737,16.459999084472656,306.082,22840.989,3.7,0.110848,0.2181982224308896,3.0,-0.015452985490637006,137.22429994201661,135.0362398223877,-0.015945135960274248,0.0005,-0.01644513596027425,0,1
2023-08-17,135.4600067138672,136.08999633789062,133.52999877929688,133.97999572753906,48354100,17.889999389648438,306.082,22840.989,3.7,0.1891567499999999,0.3117144030287714,4,137.19000244140625,137.27000427246094,135.00999450683594,135.07000732421875,-0.015452985490637006,0.002887387047461276,41675900.0,42781500.0,-0.02584294613325855,16.780000686645508,306.082,22840.989,3.7,0.322506,0.0,1.0,-0.010925815096513025,135.49387171554565,133.9465007286072,-0.011420228585592329,0.0005,-0.01192022858559233,0,1
2023-08-18,131.6199951171875,134.07000732421875,131.14999389648438,133.22000122070312,48497700,17.299999237060547,306.082,22840.989,3.7,0.257008,0.0,1,135.4600067138672,136.08999633789062,133.52999877929688,133.97999572753906,-0.010925815096513025,-0.017614574455957155,48354100.0,41675900.0,0.16024129053001857,17.889999389648438,306.082,22840.989,3.7,0.1891567499999999,0.3117144030287714,4.0,0.01215625408655474,131.65290011596682,133.18669622039795,0.011650302447421046,0.0005,0.011150302447421045,1,0
2023-08-21,133.74000549316406,135.19000244140625,132.7100067138672,134.67999267578125,41442500,17.1299991607666,306.082,22840.989,3.7,0.041663,0.0,1,131.6199951171875,134.07000732421875,131.14999389648438,133.22000122070312,0.01215625408655474,0.0039033498550975487,48497700.0,48354100.0,0.0029697585106536195,17.299999237060547,306.082,22840.989,3.7,0.257008,0.0,1.0,0.007028466756457741,133.77344049453737,134.64632267761232,0.0065250783701762405,0.0005,0.00602507837017624,1,0
2023-08-22,135.0800018310547,135.64999389648438,133.72999572753906,134.25,32905400,16.969999313354492,306.082,22840.989,3.7,0.2143145,0.0817590140051847,6,133.74000549316406,135.19000244140625,132.7100067138672,134.67999267578125,0.007028466756457741,0.0029700711094957644,41442500.0,48497700.0,-0.14547494004870332,17.1299991607666,306.082,22840.989,3.7,0.041663,0.0,1.0,-0.006144520430883427,135.11377183151245,134.2164375,-0.0066413239697832305,0.0005,-0.007141323969783231,0,1
2023-08-23,134.5,135.9499969482422,133.22000122070312,135.52000427246094,42801000,15.979999542236328,306.082,22840.989,3.7,0.20120475,0.0899582958834259,4,135.0800018310547,135.64999389648438,133.72999572753906,134.25,-0.006144520430883427,0.0018621973929235924,32905400.0,41442500.0,-0.20599867285998674,16.969999313354492,306.082,22840.989,3.7,0.2143145,0.0817590140051847,6.0,0.007583674888185454,134.533625,135.48612427139284,0.007080008967221607,0.0005,0.006580008967221607,1,0
2023-08-24,136.39999389648438,136.77999877929688,131.8300018310547,131.83999633789062,43646300,17.200000762939453,306.082,22840.989,3.7,0.2390755,0.1554892456490159,2,134.5,135.9499969482422,133.22000122070312,135.52000427246094,0.007583674888185454,0.00649342972461997,42801000.0,32905400.0,0.3007287557665308,15.979999542236328,306.082,22840.989,3.7,0.20120475,0.0899582958834259,4.0,-0.0334310686410616,136.4340938949585,131.80703633880614,-0.03391423231582247,0.0005,-0.03441423231582247,0,1
2023-08-25,132.47000122070312,133.8699951171875,130.5800018310547,133.25999450683594,44147500,15.68000030517578,306.082,22840.989,3.7,0.183966,0.2114121996527163,2,136.39999389648438,136.77999877929688,131.8300018310547,131.83999633789062,-0.0334310686410616,0.004778556586105154,43646300.0,42801000.0,0.01974953856218309,17.200000762939453,306.082,22840.989,3.7,0.2390755,0.1554892456490159,2.0,0.005963563666136373,132.50311872100832,133.22667950820923,0.005460707598319958,0.0005,0.004960707598319958,1,0
2023-08-28,133.77999877929688,133.9499969482422,131.85000610351562,133.13999938964844,34108400,15.079999923706056,306.082,22840.989,3.7,0.12446625,0.1783003125373499,4,132.47000122070312,133.8699951171875,130.5800018310547,133.25999450683594,0.005963563666136373,0.0039021784023431927,44147500.0,43646300.0,0.01148321850878542,15.68000030517578,306.082,22840.989,3.7,0.183966,0.2114121996527163,2.0,-0.0047839691694442354,133.8134437789917,133.10671438980103,-0.0052814528139484285,0.0005,-0.005781452813948429,0,1
2023-08-29,133.3800048828125,135.13999938964844,133.25,134.91000366210938,38646100,14.449999809265137,306.082,22840.989,3.7,0.319105,0.0,1,133.77999877929688,133.9499969482422,131.85000610351562,133.13999938964844,-0.0047839691694442354,0.0018026550568146504,34108400.0,44147500.0,-0.22739905996942067,15.079999923706056,306.082,22840.989,3.7,0.12446625,0.1783003125373499,4.0,0.011470975583192766,133.4133498840332,134.87627616119386,0.010965366497672546,0.0005,0.010465366497672546,1,0
2023-08-30,134.92999267578125,135.67999267578125,133.9199981689453,135.07000732421875,36137000,13.880000114440918,306.082,22840.989,3.7,0.1909221666666666,0.1822950327676721,6,133.3800048828125,135.13999938964844,133.25,134.91000366210938,0.011470975583192766,0.00014816554094787548,38646100.0,34108400.0,0.13303760950381727,14.449999809265137,306.082,22840.989,3.7,0.319105,0.0,1.0,0.0010376836584726767,134.9637251739502,135.0362398223877,0.0005372899150792865,0.0005,3.728991507928646e-05,1,0
2023-08-31,135.05999755859375,138.7899932861328,135.0,138.00999450683594,58781300,13.56999969482422,306.082,22840.989,3.7,0.05153,0.454319104763381,3,134.92999267578125,135.67999267578125,133.9199981689453,135.07000732421875,0.0010376836584726767,-7.410798165552457e-05,36137000.0,38646100.0,-0.06492505065194154,13.880000114440918,306.082,22840.989,3.7,0.1909221666666666,0.1822950327676721,6.0,0.021842122031450417,135.0937625579834,137.97549200820924,0.021331328668775296,0.0005,0.020831328668775295,1,0
2023-09-01,139.4600067138672,139.9600067138672,136.8800048828125,138.1199951171875,40991500,13.09000015258789,307.276,22840.989,3.7,0.0,0.0,0,135.05999755859375,138.7899932861328,135.0,138.00999450683594,0.021842122031450417,0.010506573905844308,58781300.0,36137000.0,0.6266236820986799,13.56999969482422,306.082,22840.989,3.7,0.05153,0.454319104763381,3.0,-0.0096085725811631,139.49487171554566,138.0854651184082,-0.010103644526886169,0.0005,-0.010603644526886169,0,1
2023-09-05,137.72999572753906,137.8000030517578,135.82000732421875,137.27000427246094,40636700,14.010000228881836,307.276,22840.989,3.7,0.1923825,0.133004664220846,2,139.4600067138672,139.9600067138672,136.8800048828125,138.1199951171875,-0.0096085725811631,-0.0028236273055001204,40991500.0,58781300.0,-0.3026438680328608,13.09000015258789,307.276,22840.989,3.7,0.0,0.0,0.0,-0.0033398059198962438,137.76442822647095,137.23568677139284,-0.003838011465549851,0.0005,-0.004338011465549851,0,1
2023-09-06,136.32000732421875,137.4499969482422,134.61000061035156,135.36000061035156,41785500,14.449999809265137,307.276,22840.989,3.7,0.3266033333333333,0.108922111517053,3,137.72999572753906,137.8000030517578,135.82000732421875,137.27000427246094,-0.0033398059198962438,-0.006920644850834101,40636700.0,40991500.0,-0.008655452959760002,14.010000228881836,307.276,22840.989,3.7,0.1923825,0.133004664220846,2.0,-0.007042302393543309,136.3540873260498,135.32616061019897,-0.007538657153656536,0.0005,-0.008038657153656537,0,1
2023-09-07,133.89999389648438,138.02999877929688,133.16000366210938,137.85000610351562,48498900,14.399999618530272,307.276,22840.989,3.7,0.2305863333333333,0.0922372277029906,3,136.32000732421875,137.4499969482422,134.61000061035156,135.36000061035156,-0.007042302393543309,-0.010786101560903316,41785500.0,40636700.0,0.02827001208267399,14.449999809265137,307.276,22840.989,3.7,0.3266033333333333,0.108922111517053,3.0,0.029499719096962362,133.9334688949585,137.81554360198976,0.02898509789271486,0.0005,0.02848509789271486,1,0
2023-09-08,136.86000061035156,138.85000610351562,136.75,138.22999572753906,38348200,13.84000015258789,307.276,22840.989,3.7,0.270991,0.0,1,133.89999389648438,138.02999877929688,133.16000366210938,137.85000610351562,0.029499719096962362,-0.007181758790932746,48498900.0,41785500.0,0.16066338801737445,14.399999618530272,307.276,22840.989,3.7,0.2305863333333333,0.0922372277029906,3.0,0.010010193709467874,136.89421561050415,138.19543822860717,0.009505314832332301,0.0005,0.0090053148323323,1,0
2023-09-11,138.75,143.6199951171875,138.63999938964844,143.10000610351562,56764500,13.800000190734863,307.276,22840.989,3.7,0.164792,0.11438557452756,4,136.86000061035156,138.85000610351562,136.75,138.22999572753906,0.010010193709467874,0.003761877222986376,38348200.0,48498900.0,-0.20929753045945376,13.84000015258789,307.276,22840.989,3.7,0.270991,0.0,1.0,0.03135139534065323,138.78468750000002,143.06423110198975,0.03083584852968535,0.0005,0.03033584852968535,1,0
2023-09-12,142.32000732421875,143.0,140.61000061035156,141.22999572753906,42668500,14.229999542236328,307.276,22840.989,3.7,0.481221,0.0578314352061229,2,138.75,143.6199951171875,138.63999938964844,143.10000610351562,0.03135139534065323,-0.00545072498971555,56764500.0,38348200.0,0.4802389681914667,13.800000190734863,307.276,22840.989,3.7,0.164792,0.11438557452756,4.0,-0.007658878165994865,142.35558732604983,141.1946882286072,-0.00815492471527457,0.0005,-0.00865492471527457,0,1
2023-09-13,140.9499969482422,144.97999572753906,140.8699951171875,144.85000610351562,60465200,13.479999542236328,307.276,22840.989,3.7,0.117527,0.0,1,142.32000732421875,143.0,140.61000061035156,141.22999572753906,-0.007658878165994865,-0.001982573021081513,42668500.0,56764500.0,-0.24832421671995697,14.229999542236328,307.276,22840.989,3.7,0.481221,0.0578314352061229,2.0,0.027669451860332872,140.98523444747926,144.81379360198974,0.02715574556097744,0.0005,0.02665574556097744,1,0
2023-09-14,145.0800018310547,145.86000061035156,142.9499969482422,144.72000122070312,64033600,12.81999969482422,307.276,22840.989,3.7,0.162699,0.0559291919841508,3,140.9499969482422,144.97999572753906,140.8699951171875,144.85000610351562,0.027669451860332872,0.001587819936815782,60465200.0,42668500.0,0.41709223431805675,13.479999542236328,307.276,22840.989,3.7,0.117527,0.0,1.0,-0.0024813937538461506,145.11627183151245,144.68382122039796,-0.002980028398308021,0.0005,-0.003480028398308021,0,1
2023-09-15,142.69000244140625,143.57000732421875,140.08999633789062,140.38999938964844,102909300,13.789999961853027,307.276,22840.989,3.7,-0.0055535,0.3435457083191405,2,145.0800018310547,145.86000061035156,142.9499969482422,144.72000122070312,-0.0024813937538461506,-0.01402707823503302,64033600.0,60465200.0,0.05901576443971068,12.81999969482422,307.276,22840.989,3.7,0.162699,0.0559291919841508,3.0,-0.016118880176642203,142.7256749420166,140.35490188980103,-0.016610697782152517,0.0005,-0.017110697782152517,0,1
2023-09-18,140.47999572753906,141.75,139.22000122070312,139.97999572753906,42823500,14.0,307.276,22840.989,3.7,0.0,0.0,0,142.69000244140625,143.57000732421875,140.08999633789062,140.38999938964844,-0.016118880176642203,0.0006410452189036242,102909300.0,64033600.0,0.6071140776092552,13.789999961853027,307.276,22840.989,3.7,-0.0055535,0.3435457083191405,2.0,-0.003559225620776263,140.51511572647095,139.94500072860717,-0.004057321484000176,0.0005,-0.004557321484000176,0,1
2023-09-19,138.6999969482422,138.83999633789062,135.55999755859375,137.6300048828125,61482500,14.109999656677246,307.276,22840.989,3.7,0.2239074,0.1089608588338032,5,140.47999572753906,141.75,139.22000122070312,139.97999572753906,-0.003559225620776263,-0.009144155010465171,42823500.0,102909300.0,-0.583871428529783,14.0,307.276,22840.989,3.7,0.0,0.0,0.0,-0.0077144346717539225,138.73467194747926,137.5955973815918,-0.008210453449723598,0.0005,-0.008710453449723599,0,1
2023-09-20,138.5500030517578,139.3699951171875,135.1999969482422,135.2899932861328,46263700,15.140000343322754,307.276,22840.989,3.7,0.161486,0.166957509597502,3,138.6999969482422,138.83999633789062,135.55999755859375,137.6300048828125,-0.0077144346717539225,0.006684575574408047,61482500.0,42823500.0,0.43571870585075945,14.109999656677246,307.276,22840.989,3.7,0.2239074,0.1089608588338032,5.0,-0.023529481730918178,138.58464055252077,135.25617078781127,-0.02401759496174527,0.0005,-0.02451759496174527,0,1
2023-09-21,131.94000244140625,132.24000549316406,129.30999755859375,129.3300018310547,70343300,17.540000915527344,307.276,22840.989,3.7,0.0,0.0,0,138.5500030517578,139.3699951171875,135.1999969482422,135.2899932861328,-0.023529481730918178,-0.024761556737174728,46263700.0,61482500.0,-0.2475305981376814,15.140000343322754,307.276,22840.989,3.7,0.161486,0.166957509597502,3.0,-0.01978172322310401,131.9729874420166,129.29766933059693,-0.020271709864831955,0.0005,-0.020771709864831955,0,1
2023-09-22,131.11000061035156,132.02999877929688,128.52000427246094,129.1199951171875,59904300,17.200000762939453,307.276,22840.989,3.7,0.027244,0.0,1,131.94000244140625,132.24000549316406,129.30999755859375,129.3300018310547,-0.01978172322310401,0.013763231687123234,70343300.0,46263700.0,0.5204858236587215,17.540000915527344,307.276,22840.989,3.7,0.0,0.0,0.0,-0.01517813655632727,131.14277811050417,129.0877151184082,-0.01567042441608424,0.0005,-0.01617042441608424,0,1
2023-09-25,129.36000061035156,131.77999877929688,128.77000427246094,131.27000427246094,46017800,16.899999618530273,307.276,22840.989,3.7,0.1069685,0.0172413846456715,2,131.11000061035156,132.02999877929688,128.52000427246094,129.1199951171875,-0.01517813655632727,0.001858778672863437,59904300.0,70343300.0,-0.14840077164420773,17.200000762939453,307.276,22840.989,3.7,0.027244,0.0,1.0,0.014765025147630784,129.39234061050416,131.23718677139283,0.014257769448981605,0.0005,0.013757769448981605,1,0
2023-09-26,130.1199951171875,130.38999938964844,125.27999877929688,125.9800033569336,73048200,18.940000534057617,307.276,22840.989,3.7,0.260872,0.1668540200714384,4,129.36000061035156,131.77999877929688,128.77000427246094,131.27000427246094,0.014765025147630784,-0.008760639276635507,46017800.0,59904300.0,-0.23181140585901183,16.899999618530273,307.276,22840.989,3.7,0.1069685,0.0172413846456715,2.0,-0.03181672237633715,130.1525251159668,125.94850835609437,-0.03230069302248739,0.0005,-0.03280069302248739,0,1
2023-09-27,125.76000213623048,127.4800033569336,124.12999725341795,125.9800033569336,66553400,18.21999931335449,307.276,22840.989,3.7,0.4229443333333333,0.2519593642560905,3,130.1199951171875,130.38999938964844,125.27999877929688,125.9800033569336,-0.03181672237633715,-0.0017463185810512316,73048200.0,46017800.0,0.5873900968755568,18.940000534057617,307.276,22840.989,3.7,0.260872,0.1668540200714384,4.0,0.0017493735445772707,125.79144213676454,125.94850835609437,0.0012486240451798913,0.0005,0.0007486240451798913,1,0
2023-09-28,124.04000091552734,126.58000183105467,123.04000091552734,125.9800033569336,54555000,17.34000015258789,307.276,22840.989,3.7,0.135621,0.0038838963683394,3,125.76000213623048,127.4800033569336,124.12999725341795,125.9800033569336,0.0017493735445772707,-0.015399288694331381,66553400.0,73048200.0,-0.08891115729066557,18.21999931335449,307.276,22840.989,3.7,0.4229443333333333,0.2519593642560905,3.0,0.015640135658556042,124.07101091575623,125.94850835609437,0.01513244251401269,0.0005,0.014632442514012689,1,0
2023-09-29,128.1999969482422,129.14999389648438,126.31999969482422,127.12000274658205,62411700,17.520000457763672,307.276,22840.989,3.7,0.2266729999999999,0.1663164433632465,3,124.04000091552734,126.58000183105467,123.04000091552734,125.9800033569336,0.015640135658556042,0.017621793396994878,54555000.0,66553400.0,-0.18028229962706643,17.34000015258789,307.276,22840.989,3.7,0.135621,0.0038838963683394,3.0,-0.00842429194515637,128.23204694747926,127.08822274589541,-0.008919955883199271,0.0005,-0.009419955883199271,0,1
2023-10-02,127.27999877929688,130.47000122070312,126.54000091552734,129.4600067138672,48029700,17.610000610351562,307.696,23033.78,3.9,0.0,0.0,0,128.1999969482422,129.14999389648438,126.31999969482422,127.12000274658205,-0.00842429194515637,0.001258622004860932,62411700.0,54555000.0,0.14401429749793793,17.520000457763672,307.276,22840.989,3.7,0.2266729999999999,0.1663164433632465,3.0,0.017127655212744397,127.31181877899171,129.42764171218872,0.016619218494317467,0.0005,0.016119218494317467,1,0
2023-10-03,128.05999755859375,128.52000427246094,124.25,124.72000122070312,51565000,19.780000686645508,307.696,23033.78,3.9,0.24066475,0.1833393250058026,4,127.27999877929688,130.47000122070312,126.54000091552734,129.4600067138672,0.017127655212744397,-0.01081422124724385,48029700.0,62411700.0,-0.23043756218785905,17.610000610351562,307.696,23033.78,3.9,0.0,0.0,0.0,-0.02608149618589839,128.0920125579834,124.68882122039795,-0.026568333728419824,0.0005,-0.027068333728419824,0,1
2023-10-04,126.05999755859376,127.36000061035156,125.68000030517578,127.0,44203900,18.57999992370605,307.696,23033.78,3.9,0.270578,0.0478994133575767,2,128.05999755859375,128.52000427246094,124.25,124.72000122070312,-0.02608149618589839,0.010744037241624094,51565000.0,48029700.0,0.07360653928714944,19.780000686645508,307.696,23033.78,3.9,0.24066475,0.1833393250058026,4.0,0.00745678613050349,126.09151255798342,126.96825,0.006953183638061411,0.0005,0.0064531836380614105,1,0
2023-10-05,126.70999908447266,126.7300033569336,124.33000183105467,125.95999908447266,39660600,18.489999771118164,307.696,23033.78,3.9,0.0397116666666666,0.3078228934928871,3,126.05999755859376,127.36000061035156,125.68000030517578,127.0,0.00745678613050349,-0.002283471775805901,44203900.0,51565000.0,-0.14275380587607878,18.57999992370605,307.696,23033.78,3.9,0.270578,0.0478994133575767,2.0,-0.005919027743816807,126.74167658424379,125.92850908470155,-0.006415944000880747,0.0005,-0.006915944000880747,0,1
2023-10-06,124.16000366210938,128.4499969482422,124.12999725341795,127.95999908447266,46836700,17.450000762939453,307.696,23033.78,3.9,0.0,0.0,0,126.70999908447266,126.7300033569336,124.33000183105467,125.95999908447266,-0.005919027743816807,-0.014290214635172771,39660600.0,44203900.0,-0.10278052389042591,18.489999771118164,307.696,23033.78,3.9,0.0397116666666666,0.3078228934928871,3.0,0.03060563233152469,124.19104366302491,127.92800908470154,0.030090458308864587,0.0005,0.029590458308864587,1,0
2023-10-09,126.22000122070312,128.7899932861328,124.76000213623048,128.25999450683594,38773700,17.700000762939453,307.696,23033.78,3.9,-0.0027039999999999,0.2080364718793317,2,124.16000366210938,128.4499969482422,124.12999725341795,127.95999908447266,0.03060563233152469,-0.013597982777577844,46836700.0,39660600.0,0.18093775686701674,17.450000762939453,307.696,23033.78,3.9,0.0,0.0,0.0,0.016162203029659095,126.25155622100831,128.22792950820923,0.01565424891667222,0.0005,0.01515424891667222,1,0
2023-10-10,128.82000732421875,130.74000549316406,128.0500030517578,129.47999572753906,42178600,17.030000686645508,307.696,23033.78,3.9,0.1331606666666666,0.2142225666458446,3,126.22000122070312,128.7899932861328,124.76000213623048,128.25999450683594,0.016162203029659095,0.004366231415618538,38773700.0,46836700.0,-0.1721513257765812,17.700000762939453,307.696,23033.78,3.9,-0.0027039999999999,0.2080364718793317,2.0,0.005123337725476462,128.85221232604982,129.4476257286072,0.004620901665628674,0.0005,0.0041209016656286734,1,0
2023-10-11,129.74000549316406,132.0500030517578,129.61000061035156,131.8300018310547,40741800,16.09000015258789,307.696,23033.78,3.9,0.141545,0.0,1,128.82000732421875,130.74000549316406,128.0500030517578,129.47999572753906,0.005123337725476462,0.0020081076166555967,42178600.0,38773700.0,0.0878146785063072,17.030000686645508,307.696,23033.78,3.9,0.1331606666666666,0.2142225666458446,3.0,0.016109112451060836,129.77244049453736,131.79704433059692,0.01560118487672879,0.0005,0.01510118487672879,1,0
2023-10-12,132.1699981689453,134.47999572753906,131.22999572753906,132.3300018310547,55528600,16.690000534057617,307.696,23033.78,3.9,0.0523809999999999,0.1688510555578495,3,129.74000549316406,132.0500030517578,129.61000061035156,131.8300018310547,0.016109112451060836,0.0025790513021939354,40741800.0,42178600.0,-0.0340646678647466,16.09000015258789,307.696,23033.78,3.9,0.141545,0.0,1.0,0.0012105898791407999,132.20304066848755,132.29691933059692,0.0007101097042447879,0.0005,0.0002101097042447879,1,0
2023-10-13,132.97999572753906,133.30999755859375,128.9499969482422,129.7899932861328,45786600,19.31999969482422,307.696,23033.78,3.9,0.3647924999999999,0.0617353717450538,2,132.1699981689453,134.47999572753906,131.22999572753906,132.3300018310547,0.0012105898791407999,0.004911916326534982,55528600.0,40741800.0,0.36293929085116505,16.690000534057617,307.696,23033.78,3.9,0.0523809999999999,0.1688510555578495,3.0,-0.023988588839649272,133.01324072647097,129.7575457878113,-0.02447647257429586,0.0005,-0.02497647257429586,0,1
2023-10-16,130.69000244140625,133.07000732421875,130.42999267578125,132.5500030517578,42832900,17.209999084472656,307.696,23033.78,3.9,0.1931545,0.216967937632499,2,132.97999572753906,133.30999755859375,128.9499969482422,129.7899932861328,-0.023988588839649272,0.0069343493476363705,45786600.0,55528600.0,-0.17544112403338097,19.31999969482422,307.696,23033.78,3.9,0.3647924999999999,0.0617353717450538,2.0,0.014232156826115894,130.72267494201662,132.51686555099488,0.013725167495035384,0.0005,0.013225167495035384,1,0
2023-10-17,130.38999938964844,132.5800018310547,128.7100067138672,131.47000122070312,49344600,17.8799991607666,307.696,23033.78,3.9,0.0,0.0,0,130.69000244140625,133.07000732421875,130.42999267578125,132.5500030517578,0.014232156826115894,-0.016295764710514082,42832900.0,45786600.0,-0.06451014052146264,17.209999084472656,307.696,23033.78,3.9,0.1931545,0.216967937632499,2.0,0.00828285785804228,130.42259688949585,131.43713372039795,0.007778842432969668,0.0005,0.007278842432969668,1,0
2023-10-18,129.89999389648438,130.6699981689453,127.51000213623048,128.1300048828125,42699500,19.21999931335449,307.696,23033.78,3.9,0.144165,0.1836373359205583,4,130.38999938964844,132.5800018310547,128.7100067138672,131.47000122070312,0.00828285785804228,-0.011941943482476458,49344600.0,42832900.0,0.15202566251643024,17.8799991607666,307.696,23033.78,3.9,0.0,0.0,0.0,-0.0136257821157586,129.9324688949585,128.0979723815918,-0.014118845958740023,0.0005,-0.014618845958740023,0,1
2023-10-19,130.57000732421875,132.24000549316406,127.47000122070312,128.39999389648438,60961400,21.39999961853028,307.696,23033.78,3.9,0.22069,0.1313054866256547,2,129.89999389648438,130.6699981689453,127.51000213623048,128.1300048828125,-0.0136257821157586,0.019043177619776586,42699500.0,49344600.0,-0.13466721789213,19.21999931335449,307.696,23033.78,3.9,0.144165,0.1836373359205583,4.0,-0.016619539756523194,130.60264982604983,128.36789389801027,-0.01711110709481045,0.0005,-0.017611107094810452,0,1
2023-10-20,128.0500030517578,128.1699981689453,124.97000122070312,125.16999816894533,56406400,21.709999084472656,307.696,23033.78,3.9,0.220849,0.0722533512855978,3,130.57000732421875,132.24000549316406,127.47000122070312,128.39999389648438,-0.016619539756523194,-0.002725785524637314,60961400.0,42699500.0,0.42768416491996386,21.39999961853028,307.696,23033.78,3.9,0.22069,0.1313054866256547,2.0,-0.02249125196544033,128.08201555252077,125.1387056694031,-0.02297988418140373,0.0005,-0.023479884181403732,0,1
2023-10-23,124.62999725341795,127.87999725341795,123.9800033569336,126.55999755859376,48260000,20.3700008392334,307.696,23033.78,3.9,0.0516783333333333,0.1606554392615865,3,128.0500030517578,128.1699981689453,124.97000122070312,125.16999816894533,-0.02249125196544033,-0.004314140156801094,56406400.0,60961400.0,-0.07471941261191506,21.709999084472656,307.696,23033.78,3.9,0.220849,0.0722533512855978,3.0,0.015485840870648637,124.66115475273132,126.52835755920412,0.014978224854217403,0.0005,0.014478224854217403,1,0
2023-10-24,127.73999786376952,128.8000030517578,126.33999633789062,128.55999755859375,46477400,18.96999931335449,307.696,23033.78,3.9,0.243129,0.0,1,124.62999725341795,127.87999725341795,123.9800033569336,126.55999755859376,0.015485840870648637,0.009323643551979677,48260000.0,56406400.0,-0.1444233278493221,20.3700008392334,307.696,23033.78,3.9,0.0516783333333333,0.1606554392615865,3.0,0.006419286899462362,127.77193286323546,128.5278575592041,0.005916203026980593,0.0005,0.005416203026980593,1,0
2023-10-25,126.04000091552734,126.33999633789062,120.79000091552734,121.38999938964844,74577500,20.190000534057617,307.696,23033.78,3.9,0.172288,0.2124672029702467,2,127.73999786376952,128.8000030517578,126.33999633789062,128.55999755859375,0.006419286899462362,-0.01960171663754018,46477400.0,48260000.0,-0.03693742229589725,18.96999931335449,307.696,23033.78,3.9,0.243129,0.0,1.0,-0.03689306166377582,126.07151091575624,121.35965188980103,-0.037374494774666256,0.0005,-0.037874494774666256,0,1
2023-10-26,120.62999725341795,121.63999938964844,118.3499984741211,119.56999969482422,100419500,20.68000030517578,307.696,23033.78,3.9,0.1552049999999999,0.0148435855506679,2,126.04000091552734,126.33999633789062,120.79000091552734,121.38999938964844,-0.03689306166377582,-0.006260829887567265,74577500.0,46477400.0,0.6045970729860104,20.190000534057617,307.696,23033.78,3.9,0.172288,0.2124672029702467,2.0,-0.0087871804918217,120.66015475273132,119.54010719490051,-0.009282663030941052,0.0005,-0.009782663030941052,0,1
2023-10-27,126.1999969482422,130.02000427246094,125.5199966430664,127.73999786376952,125309300,21.270000457763672,307.696,23033.78,3.9,0.292546,0.0,1,120.62999725341795,121.63999938964844,118.3499984741211,119.56999969482422,-0.0087871804918217,0.05544866831428941,100419500.0,74577500.0,0.3465120176997083,20.68000030517578,307.696,23033.78,3.9,0.1552049999999999,0.0148435855506679,2.0,0.01220286016456007,126.23154694747927,127.70806286430359,0.011696885228211995,0.0005,0.011196885228211995,1,0
2023-10-30,129.72000122070312,133.0,128.55999755859375,132.7100067138672,72485500,19.75,307.696,23033.78,3.9,0.273767,0.0625478374366372,2,126.1999969482422,130.02000427246094,125.5199966430664,127.73999786376952,0.01220286016456007,0.015500261390682057,125309300.0,100419500.0,0.2478582347054108,21.270000457763672,307.696,23033.78,3.9,0.292546,0.0,1.0,0.02304968751948233,129.75243122100832,132.67682921218872,0.022538290524970916,0.0005,0.022038290524970916,1,0
2023-10-31,132.75,133.57000732421875,131.7100067138672,133.08999633789062,51589400,18.13999938964844,307.696,23033.78,3.9,0.042114,0.3760450430892554,2,129.72000122070312,133.0,128.55999755859375,132.7100067138672,0.02304968751948233,0.00030135848172352375,72485500.0,125309300.0,-0.42154732330321854,19.75,307.696,23033.78,3.9,0.273767,0.0625478374366372,2.0,0.0025611776865583913,132.78318750000003,133.05672383880616,0.002060022386539906,0.0005,0.0015600223865399059,1,0
2023-11-01,133.9600067138672,137.35000610351562,133.7100067138672,137.0,61529400,16.8700008392334,308.148,23033.78,3.7,0.26765,0.0781649978059233,2,132.75,133.57000732421875,131.7100067138672,133.08999633789062,0.0025611776865583913,0.006537008039039671,51589400.0,72485500.0,-0.28827972491049936,18.13999938964844,307.696,23033.78,3.9,0.042114,0.3760450430892554,2.0,0.02269329004010956,133.99349671554566,136.96575,0.022182071199799536,0.0005,0.021682071199799535,1,0
2023-11-02,138.72999572753906,138.80999755859375,136.47000122070312,138.07000732421875,52236700,15.65999984741211,308.148,23033.78,3.7,0.307325,0.0,1,133.9600067138672,137.35000610351562,133.7100067138672,137.0,0.02269329004010956,0.012627706040431175,61529400.0,51589400.0,0.19267523948718157,16.8700008392334,308.148,23033.78,3.7,0.26765,0.0781649978059233,2.0,-0.004757359069025746,138.76467822647095,138.0354898223877,-0.005254856015254772,0.0005,-0.005754856015254772,0,1
2023-11-03,138.99000549316406,139.49000549316406,137.4499969482422,138.60000610351562,44059800,14.90999984741211,308.148,23033.78,3.7,0.221818,0.1157302349215623,3,138.72999572753906,138.80999755859375,136.47000122070312,138.07000732421875,-0.004757359069025746,0.006663273123358016,52236700.0,61529400.0,-0.15102861396340617,15.65999984741211,308.148,23033.78,3.7,0.307325,0.0,1.0,-0.0028059527608812473,139.02475299453735,138.56535610198975,-0.003304425166399394,0.0005,-0.003804425166399394,0,1
2023-11-06,138.75999450683594,140.72999572753906,138.36000061035156,139.74000549316406,44970400,14.890000343322754,308.148,23033.78,3.7,0.13705075,0.2537280052764837,4,138.99000549316406,139.49000549316406,137.4499969482422,138.60000610351562,-0.0028059527608812473,0.0011543174334409656,44059800.0,52236700.0,-0.15653553918987995,14.90999984741211,308.148,23033.78,3.7,0.221818,0.1157302349215623,3.0,0.007062633504787641,138.79468450546267,139.70507049179076,0.006559228039401344,0.0005,0.006059228039401343,1,0
2023-11-07,140.5500030517578,143.3699951171875,140.5,142.7100067138672,53553500,14.8100004196167,308.148,23033.78,3.7,0.3733193333333333,0.0877012016812388,3,138.75999450683594,140.72999572753906,138.36000061035156,139.74000549316406,0.007062633504787641,0.005796461476691217,44970400.0,44059800.0,0.020667365716594333,14.890000343322754,308.148,23033.78,3.7,0.13705075,0.2537280052764837,4.0,0.015368222093271378,140.58514055252076,142.67432921218872,0.01486066487153015,0.0005,0.014360664871530149,1,0
2023-11-08,142.97000122070312,143.1199951171875,141.22000122070312,142.0800018310547,44521700,14.449999809265137,308.148,23033.78,3.7,0.284346,0.1071267298732362,4,140.5500030517578,143.3699951171875,140.5,142.7100067138672,0.015368222093271378,0.0018218379553245345,53553500.0,44970400.0,0.19086109974561039,14.8100004196167,308.148,23033.78,3.7,0.3733193333333333,0.0877012016812388,3.0,-0.00622507786283466,143.00574372100832,142.04448183059694,-0.006721841133085604,0.0005,-0.007221841133085605,0,1
2023-11-09,142.02000427246094,142.64999389648438,139.83999633789062,140.60000610351562,36235400,15.289999961853027,308.148,23033.78,3.7,0.344335,0.0,1,142.97000122070312,143.1199951171875,141.22000122070312,142.0800018310547,-0.00622507786283466,-0.00042228010853417874,44521700.0,53553500.0,-0.16865004154723784,14.449999809265137,308.148,23033.78,3.7,0.284346,0.1071267298732362,4.0,-0.009998578553913395,142.05550927352905,140.56485610198976,-0.010493455545388497,0.0005,-0.010993455545388497,0,1
2023-11-10,140.4600067138672,143.64999389648438,139.91000366210938,143.55999755859375,49287800,14.170000076293944,308.148,23033.78,3.7,0.1036623333333333,0.2165717315263774,3,142.02000427246094,142.64999389648438,139.83999633789062,140.60000610351562,-0.009998578553913395,-0.0009957281904053872,36235400.0,44521700.0,-0.18611822998672556,15.289999961853027,308.148,23033.78,3.7,0.344335,0.0,1.0,0.022070274074823315,140.49512171554568,143.5241075592041,0.021559366664638313,0.0005,0.021059366664638313,1,0
2023-11-13,142.0800018310547,143.22999572753906,140.6699981689453,142.58999633789062,35680600,14.760000228881836,308.148,23033.78,3.7,0.1127113999999999,0.3242414749909394,5,140.4600067138672,143.64999389648438,139.91000366210938,143.55999755859375,0.022070274074823315,-0.010309248765032919,49287800.0,36235400.0,0.36021128509689415,14.170000076293944,308.148,23033.78,3.7,0.1036623333333333,0.2165717315263774,3.0,0.0035894883182951975,142.11552183151247,142.55434883880616,0.0030878189914678167,0.0005,0.0025878189914678167,1,0
2023-11-14,145.0,147.25999450683594,144.67999267578125,145.8000030517578,56674600,14.15999984741211,308.148,23033.78,3.7,0.2501431428571428,0.2414178639913435,7,142.0800018310547,143.22999572753906,140.6699981689453,142.58999633789062,0.0035894883182951975,0.016901632120099652,35680600.0,49287800.0,-0.2760764327074854,14.760000228881836,308.148,23033.78,3.7,0.1127113999999999,0.3242414749909394,5.0,0.005517262425915881,145.03625000000002,145.7635530509949,0.005014629452946062,0.0005,0.004514629452946062,1,0
2023-11-15,147.05999755859375,147.2899932861328,142.58999633789062,143.1999969482422,63875700,14.18000030517578,308.148,23033.78,3.7,0.08198325,0.1424484133791949,4,145.0,147.25999450683594,144.67999267578125,145.8000030517578,0.005517262425915881,0.008641937451734139,56674600.0,35680600.0,0.5883869665868848,14.15999984741211,308.148,23033.78,3.7,0.2501431428571428,0.2414178639913435,7.0,-0.026247794603788233,147.09676255798342,143.16419694900512,-0.02673454901788297,0.0005,-0.02723454901788297,0,1
2023-11-16,140.91000366210938,143.32000732421875,139.52000427246094,142.8300018310547,49653500,14.31999969482422,308.148,23033.78,3.7,0.327583,0.0,1,147.05999755859375,147.2899932861328,142.58999633789062,143.1999969482422,-0.026247794603788233,-0.01599157356798342,63875700.0,56674600.0,0.12706044683156126,14.18000030517578,308.148,23033.78,3.7,0.08198325,0.1424484133791949,4.0,0.013625705195135174,140.9452311630249,142.79429433059693,0.013119019014082856,0.0005,0.012619019014082855,1,0
2023-11-17,142.66000366210938,145.22999572753906,142.5399932861328,145.17999267578125,49636700,13.800000190734863,308.148,23033.78,3.7,0.145113,0.0,1,140.91000366210938,143.32000732421875,139.52000427246094,142.8300018310547,0.013625705195135174,-0.0011902133078902644,49653500.0,63875700.0,-0.22265431142046188,14.31999969482422,308.148,23033.78,3.7,0.327583,0.0,1.0,0.017664299376021875,142.69566866302492,145.1436976776123,0.017155594402576968,0.0005,0.016655594402576968,1,0
2023-11-20,145.1300048828125,146.6300048828125,144.72999572753906,146.1300048828125,41951200,13.40999984741211,308.148,23033.78,3.7,0.2884658,0.1091563749934011,5,142.66000366210938,145.22999572753906,142.5399932861328,145.17999267578125,0.017664299376021875,-0.0003443159904298332,49636700.0,49653500.0,-0.00033834472897176227,13.800000190734863,308.148,23033.78,3.7,0.145113,0.0,1.0,0.0068903739154937416,145.1662873840332,146.0934723815918,0.0063870545583750715,0.0005,0.005887054558375071,1,0
2023-11-21,143.91000366210938,144.0500030517578,141.5,143.89999389648438,71226000,13.350000381469728,308.148,23033.78,3.7,0.2294613333333333,0.1198093980509598,3,145.1300048828125,146.6300048828125,144.72999572753906,146.1300048828125,0.0068903739154937416,-0.015191960217091793,41951200.0,49636700.0,-0.1548350313376997,13.40999984741211,308.148,23033.78,3.7,0.2884658,0.1091563749934011,5.0,-6.955573184819208e-05,143.94598116302492,143.86401889801024,-0.0005693959939170323,0.0005,-0.0010693959939170323,0,1
2023-11-22,144.57000732421875,147.74000549316406,144.57000732421875,146.7100067138672,45669100,12.850000381469728,308.148,23033.78,3.7,0.2972844,0.0620646665124368,5,143.91000366210938,144.0500030517578,141.5,143.89999389648438,-6.955573184819208e-05,0.004656104629277236,71226000.0,41951200.0,0.6978298594557486,13.350000381469728,308.148,23033.78,3.7,0.2294613333333333,0.1198093980509598,3.0,0.014802512839673376,144.60614982604983,146.67332921218872,0.014295238401862864,0.0005,0.013795238401862864,1,0
2023-11-24,146.6999969482422,147.1999969482422,145.32000732421875,146.74000549316406,22378400,12.460000038146973,308.148,23033.78,3.7,0.0,0.0,0,144.57000732421875,147.74000549316406,144.57000732421875,146.7100067138672,0.014802512839673376,-6.822824052155063e-05,45669100.0,71226000.0,-0.3588141970628703,12.850000381469728,308.148,23033.78,3.7,0.2972844,0.0620646665124368,5.0,0.00027272355660645786,146.73667194747927,146.70332049179078,-0.00022728780233227663,0.0005,-0.0007272878023322766,0,1
2023-11-27,147.52999877929688,149.25999450683594,146.8800048828125,147.72999572753906,53762400,12.6899995803833,308.148,23033.78,3.7,0.129108,0.0,1,146.6999969482422,147.1999969482422,145.32000732421875,146.74000549316406,0.00027272355660645786,0.005383625845438722,22378400.0,45669100.0,-0.5099881539158863,12.460000038146973,308.148,23033.78,3.7,0.0,0.0,0.0,0.0013556358021895587,147.5668812789917,147.69306322860717,0.0008550831224583,0.0005,0.00035508312245829997,1,0
2023-11-28,146.97999572753906,147.60000610351562,145.52999877929688,147.02999877929688,42711700,12.6899995803833,308.148,23033.78,3.7,0.1507156666666666,0.3071145001140997,3,147.52999877929688,149.25999450683594,146.8800048828125,147.72999572753906,0.0013556358021895587,-0.005076829497668411,53762400.0,22378400.0,1.4024237657741394,12.6899995803833,308.148,23033.78,3.7,0.129108,0.0,1.0,0.00034020311070426246,147.01674072647097,146.99324127960205,-0.00015984197957863433,0.0005,-0.0006598419795786343,0,1
2023-11-29,147.85000610351562,148.5399932861328,145.97000122070312,146.32000732421875,40610900,12.979999542236328,308.148,23033.78,3.7,0.1487419999999999,0.0152042100090731,2,146.97999572753906,147.60000610351562,145.52999877929688,147.02999877929688,0.00034020311070426246,0.005577142971004534,42711700.0,53762400.0,-0.20554699938990817,12.6899995803833,308.148,23033.78,3.7,0.1507156666666666,0.3071145001140997,3.0,-0.010348317322527945,147.88696860504152,146.2834273223877,-0.010843019488325334,0.0005,-0.011343019488325334,0,1
2023-11-30,144.75999450683594,146.92999267578125,144.3300018310547,146.08999633789062,65814000,12.920000076293944,308.148,23033.78,3.7,0.305074,0.0530896592473525,3,147.85000610351562,148.5399932861328,145.97000122070312,146.32000732421875,-0.010348317322527945,-0.010661650760624308,40610900.0,42711700.0,-0.04918558615086732,12.979999542236328,308.148,23033.78,3.7,0.1487419999999999,0.0152042100090731,2.0,0.009187633887288493,144.79618450546266,146.05347383880616,0.00868316618726972,0.0005,0.00818316618726972,1,0
2023-12-01,146.0,147.25,145.5500030517578,147.02999877929688,39951800,12.630000114440918,308.741,23033.78,3.8,0.024321,0.1401853335837954,2,144.75999450683594,146.92999267578125,144.3300018310547,146.08999633789062,0.009187633887288493,-0.0006160335419714835,65814000.0,40610900.0,0.620599395728733,12.920000076293944,308.148,23033.78,3.7,0.305074,0.0530896592473525,3.0,0.007054786159567561,146.03650000000002,146.99324127960205,0.006551384616873435,0.0005,0.006051384616873434,1,0
2023-12-04,145.25,145.35000610351562,142.80999755859375,144.83999633789062,48294200,13.079999923706056,308.741,23033.78,3.8,0.32164,0.0054095053378289,3,146.0,147.25,145.5500030517578,147.02999877929688,0.007054786159567561,-0.012106364647181844,39951800.0,65814000.0,-0.39295894490533934,12.630000114440918,308.741,23033.78,3.8,0.024321,0.1401853335837954,2.0,-0.0028227446616824192,145.2863125,144.80378633880616,-0.003321208673348619,0.0005,-0.003821208673348619,0,1
2023-12-05,143.5500030517578,148.57000732421875,143.1300048828125,146.8800048828125,46822400,12.850000381469728,308.741,23033.78,3.8,0.3091813333333333,0.0208690018288689,3,145.25,145.35000610351562,142.80999755859375,144.83999633789062,-0.0028227446616824192,-0.008906333324694704,48294200.0,39951800.0,0.20881161799968972,13.079999923706056,308.741,23033.78,3.8,0.32164,0.0054095053378289,3.0,0.02319750442536761,143.58589055252077,146.8432848815918,0.02268603354087606,0.0005,0.02218603354087606,1,0
2023-12-06,147.5800018310547,147.85000610351562,144.27999877929688,144.52000427246094,39679000,12.970000267028809,308.741,23033.78,3.8,0.1178073333333333,0.1571050686090893,6,143.5500030517578,148.57000732421875,143.1300048828125,146.8800048828125,0.02319750442536761,0.004765774271322298,46822400.0,48294200.0,-0.030475709298425024,12.850000381469728,308.741,23033.78,3.8,0.3091813333333333,0.0208690018288689,3.0,-0.020734500072013495,147.61689683151246,144.48387427139284,-0.021224010444384378,0.0005,-0.02172401044438438,0,1
2023-12-07,146.14999389648438,147.9199981689453,145.33999633789062,146.8800048828125,52352800,13.0600004196167,308.741,23033.78,3.8,0.1009159999999999,0.1824030460619193,4,147.5800018310547,147.85000610351562,144.27999877929688,144.52000427246094,-0.020734500072013495,0.011278643619124562,39679000.0,46822400.0,-0.15256373018042646,12.970000267028809,308.741,23033.78,3.8,0.1178073333333333,0.1571050686090893,6.0,0.004994943666198015,146.1865313949585,146.8432848815918,0.004492571787334754,0.0005,0.003992571787334753,1,0
2023-12-08,145.47999572753906,147.83999633789062,145.39999389648438,147.4199981689453,41906000,12.350000381469728,308.741,23033.78,3.8,0.0,0.0,0,146.14999389648438,147.9199981689453,145.33999633789062,146.8800048828125,0.004994943666198015,-0.009531652428732107,52352800.0,39679000.0,0.3194082512160086,13.0600004196167,308.741,23033.78,3.8,0.1009159999999999,0.1824030460619193,4.0,0.013335183519248783,145.51636572647095,147.38314316940307,0.012828642562728199,0.0005,0.012328642562728198,1,0
2023-12-11,145.66000366210938,146.19000244140625,143.63999938964844,145.88999938964844,50907300,12.630000114440918,308.741,23033.78,3.8,0.1656525999999999,0.1042621177336236,5,145.47999572753906,147.83999633789062,145.39999389648438,147.4199981689453,0.013335183519248783,-0.011938641491631041,41906000.0,52352800.0,-0.19954615607952197,12.350000381469728,308.741,23033.78,3.8,0.0,0.0,0.0,0.0015789902633298603,145.6964186630249,145.85352688980103,0.0010783259342805884,0.0005,0.0005783259342805884,1,0
2023-12-12,145.52000427246094,147.5,145.3000030517578,147.47999572753906,44944300,12.06999969482422,308.741,23033.78,3.8,0.024017,0.17629586268543,2,145.66000366210938,146.19000244140625,143.63999938964844,145.88999938964844,0.0015789902633298603,-0.002536123920319655,50907300.0,41906000.0,0.2147974037130722,12.630000114440918,308.741,23033.78,3.8,0.1656525999999999,0.1042621177336236,5.0,0.013468879862100547,145.55638427352906,147.44312572860719,0.012962272074116488,0.0005,0.012462272074116487,1,0
2023-12-13,148.1199951171875,149.4600067138672,146.82000732421875,148.83999633789062,52766200,12.1899995803833,308.741,23033.78,3.8,0.129152,0.0,1,145.52000427246094,147.5,145.3000030517578,147.47999572753906,0.013468879862100547,0.0043395674544959295,44944300.0,50907300.0,-0.11713447776645003,12.06999969482422,308.741,23033.78,3.8,0.024017,0.17629586268543,2.0,0.004860931977033189,148.1570251159668,148.80278633880616,0.004358627087267086,0.0005,0.0038586270872670862,1,0
2023-12-14,149.92999267578125,150.5399932861328,145.52000427246094,147.4199981689453,58400800,12.479999542236328,308.741,23033.78,3.8,0.1909188,0.2384593561064442,5,148.1199951171875,149.4600067138672,146.82000732421875,148.83999633789062,0.004860931977033189,0.00732327576396985,52766200.0,44944300.0,0.1740354171719216,12.1899995803833,308.741,23033.78,3.8,0.129152,0.0,1.0,-0.01674111004769885,149.96747517395022,147.38314316940307,-0.017232616616033147,0.0005,-0.017732616616033148,0,1
2023-12-15,148.3800048828125,150.57000732421875,147.8800048828125,149.97000122070312,110089300,12.279999732971191,308.741,23033.78,3.8,0.2876265,0.1203432101969197,2,149.92999267578125,150.5399932861328,145.52000427246094,147.4199981689453,-0.01674111004769885,0.006512052135335233,58400800.0,52766200.0,0.10678426720135237,12.479999542236328,308.741,23033.78,3.8,0.1909188,0.2384593561064442,5.0,0.010715704849493468,148.4170998840332,149.93250872039795,0.010210473304954837,0.0005,0.009710473304954836,1,0
2023-12-18,150.55999755859375,154.85000610351562,150.0500030517578,154.07000732421875,62512800,12.5600004196167,308.741,23033.78,3.8,0.0,0.0,0,148.3800048828125,150.57000732421875,147.8800048828125,149.97000122070312,0.010715704849493468,0.003934095706396468,110089300.0,58400800.0,0.8850649306173888,12.279999732971191,308.741,23033.78,3.8,0.2876265,0.1203432101969197,2.0,0.023313030170972304,150.5976375579834,154.0314898223877,0.022801501538044944,0.0005,0.022301501538044943,1,0
2023-12-19,154.39999389648438,155.1199951171875,152.69000244140625,153.7899932861328,43171300,12.529999732971191,308.741,23033.78,3.8,0.2238145,0.1514686364911891,2,150.55999755859375,154.85000610351562,150.0500030517578,154.07000732421875,0.023313030170972304,0.002141796304138577,62512800.0,110089300.0,-0.43216279874610886,12.5600004196167,308.741,23033.78,3.8,0.0,0.0,0.0,-0.00395078131130322,154.4385938949585,153.7515457878113,-0.0044486814456139445,0.0005,-0.004948681445613945,0,1
2023-12-20,152.89999389648438,155.6300048828125,151.55999755859375,152.1199951171875,50322100,13.670000076293944,308.741,23033.78,3.8,0.0923425,0.1634541898015057,4,154.39999389648438,155.1199951171875,152.69000244140625,153.7899932861328,-0.00395078131130322,-0.005787108579896727,43171300.0,62512800.0,-0.30940063475000323,12.529999732971191,308.741,23033.78,3.8,0.2238145,0.1514686364911891,2.0,-0.005101365666665414,152.9382188949585,152.08196511840822,-0.005598690652585558,0.0005,-0.006098690652585559,0,1
2023-12-21,153.3000030517578,153.97000122070312,152.10000610351562,153.83999633789062,36305700,13.649999618530272,308.741,23033.78,3.8,0.137241,0.0,1,152.89999389648438,155.6300048828125,151.55999755859375,152.1199951171875,-0.005101365666665414,0.007757086329520879,50322100.0,43171300.0,0.16563781956994572,13.670000076293944,308.741,23033.78,3.8,0.0923425,0.1634541898015057,4.0,0.0035224610266348932,153.33832805252075,153.80153633880616,0.00302082520507696,0.0005,0.00252082520507696,1,0
2023-12-22,153.77000427246094,154.35000610351562,152.7100067138672,153.4199981689453,29514100,13.029999732971191,308.741,23033.78,3.8,0.146719,0.2491839000477358,3,153.3000030517578,153.97000122070312,152.10000610351562,153.83999633789062,0.0035224610266348932,-0.0004549666347882786,36305700.0,50322100.0,-0.2785336859948213,13.649999618530272,308.741,23033.78,3.8,0.137241,0.0,1.0,-0.002276166311964589,153.80844677352906,153.38164316940308,-0.0027749035445004955,0.0005,-0.0032749035445004955,0,1
2023-12-26,153.55999755859375,153.97999572753906,153.02999877929688,153.41000366210938,25067200,12.989999771118164,308.741,23033.78,3.8,0.045691,0.0,1,153.77000427246094,154.35000610351562,152.7100067138672,153.4199981689453,-0.002276166311964589,0.0009125237343197146,29514100.0,36305700.0,-0.18706704456875922,13.029999732971191,308.741,23033.78,3.8,0.146719,0.2491839000477358,3.0,-0.000976777148144592,153.59838755798341,153.37165116119385,-0.0014761639128794135,0.0005,-0.0019761639128794135,0,1
2023-12-27,153.55999755859375,154.77999877929688,153.1199951171875,153.33999633789062,31434700,12.43000030517578,308.741,23033.78,3.8,0.32182,0.0,1,153.55999755859375,153.97999572753906,153.02999877929688,153.41000366210938,-0.000976777148144592,0.0009777321745898515,25067200.0,29514100.0,-0.15067035755791303,12.989999771118164,308.741,23033.78,3.8,0.045691,0.0,1.0,-0.0014326727285807195,153.59838755798341,153.30166133880616,-0.001931831602498102,0.0005,-0.002431831602498102,0,1
2023-12-28,153.72000122070312,154.0800018310547,152.9499969482422,153.3800048828125,27057000,12.470000267028809,308.741,23033.78,3.8,0.0,0.0,0,153.55999755859375,154.77999877929688,153.1199951171875,153.33999633789062,-0.0014326727285807195,0.0024781850260067184,31434700.0,25067200.0,0.25401720176166465,12.43000030517578,308.741,23033.78,3.8,0.32182,0.0,1.0,-0.00221178984641357,153.75843122100832,153.3416598815918,-0.002710559259137324,0.0005,-0.003210559259137324,0,1
2023-12-29,153.10000610351562,153.88999938964844,151.02999877929688,151.94000244140625,39823200,12.449999809265137,308.741,23033.78,3.8,0.1988784999999999,0.1397419776319914,2,153.72000122070312,154.0800018310547,152.9499969482422,153.3800048828125,-0.00221178984641357,-0.0018255233432207252,27057000.0,31434700.0,-0.1392632982023051,12.470000267028809,308.741,23033.78,3.8,0.0,0.0,0.0,-0.007576770841701053,153.13828110504153,151.9020174407959,-0.008072858434382213,0.0005,-0.008572858434382213,0,1
2024-01-02,151.5399932861328,152.3800048828125,148.38999938964844,149.92999267578125,47339400,13.199999809265137,309.698,23082.119,3.7,0.0,0.0,0,153.10000610351562,153.88999938964844,151.02999877929688,151.94000244140625,-0.007576770841701053,-0.002632678352283757,39823200.0,27057000.0,0.47182614480541085,12.449999809265137,308.741,23033.78,3.8,0.1988784999999999,0.1397419776319914,2.0,-0.010624262120109806,151.57787828445436,149.8925101776123,-0.011118826347992883,0.0005,-0.011618826347992883,0,1
2024-01-03,149.1999969482422,151.0500030517578,148.3300018310547,148.47000122070312,49425500,14.039999961853027,309.698,23082.119,3.7,0.106985,0.0,1,151.5399932861328,152.3800048828125,148.38999938964844,149.92999267578125,-0.010624262120109806,-0.0048689105796040355,47339400.0,39823200.0,0.1887392273850419,13.199999809265137,309.698,23082.119,3.7,0.0,0.0,0.0,-0.004892732858381321,149.23729694747925,148.43288372039797,-0.005390162134632948,0.0005,-0.005890162134632948,0,1
2024-01-04,145.58999633789062,147.3800048828125,144.0500030517578,144.57000732421875,56039800,14.130000114440918,309.698,23082.119,3.7,0.23008525,0.0864942860477885,4,149.1999969482422,151.0500030517578,148.3300018310547,148.47000122070312,-0.004892732858381321,-0.019397890881211244,49425500.0,47339400.0,0.04406688720178109,14.039999961853027,309.698,23082.119,3.7,0.106985,0.0,1.0,-0.007005900400633647,145.6263938369751,144.5338648223877,-0.007502273357194111,0.0005,-0.008002273357194112,0,1
2024-01-05,144.69000244140625,146.58999633789062,144.52999877929688,145.24000549316406,45153100,13.350000381469728,309.698,23082.119,3.7,0.1786225,0.0704709689198325,2,145.58999633789062,147.3800048828125,144.0500030517578,144.57000732421875,-0.007005900400633647,0.0008300139109655991,56039800.0,49425500.0,0.13382363354948357,14.130000114440918,309.698,23082.119,3.7,0.23008525,0.0864942860477885,4.0,0.003801251243882975,144.72617494201663,145.20369549179077,0.0032994760620561614,0.0005,0.0027994760620561614,1,0
2024-01-08,146.74000549316406,149.39999389648438,146.14999389648438,149.10000610351562,46757100,13.079999923706056,309.698,23082.119,3.7,0.1901946666666666,0.0926082598385983,3,144.69000244140625,146.58999633789062,144.52999877929688,145.24000549316406,0.003801251243882975,0.010327733016166851,45153100.0,56039800.0,-0.19426728860559817,13.350000381469728,309.698,23082.119,3.7,0.1786225,0.0704709689198325,2.0,0.016082871214431638,146.77669049453738,149.06273110198975,0.015574956757438585,0.0005,0.015074956757438585,1,0
2024-01-09,148.3300018310547,151.7100067138672,148.2100067138672,151.3699951171875,43812600,12.760000228881836,309.698,23082.119,3.7,0.1750789999999999,0.2410498524040203,3,146.74000549316406,149.39999389648438,146.14999389648438,149.10000610351562,0.016082871214431638,-0.00516434769242291,46757100.0,45153100.0,0.03552358531307931,13.079999923706056,309.698,23082.119,3.7,0.1901946666666666,0.0926082598385983,3.0,0.020494797064691594,148.36708433151247,151.3321526184082,0.019984677196126288,0.0005,0.019484677196126288,1,0
2024-01-10,152.05999755859375,154.4199981689453,151.8800048828125,153.72999572753906,44421800,12.6899995803833,309.698,23082.119,3.7,0.3314766666666666,0.1385459013552308,3,148.3300018310547,151.7100067138672,148.2100067138672,151.3699951171875,0.020494797064691594,0.004558383191279436,43812600.0,46757100.0,-0.06297439319376097,12.760000228881836,309.698,23082.119,3.7,0.1750789999999999,0.2410498524040203,3.0,0.010982495039839835,152.09801255798342,153.69156322860718,0.01047713013354623,0.0005,0.00997713013354623,1,0
2024-01-11,155.0399932861328,157.1699981689453,153.1199951171875,155.17999267578125,49072700,12.4399995803833,309.698,23082.119,3.7,-0.1867305,0.0622543881224448,2,152.05999755859375,154.4199981689453,151.8800048828125,153.72999572753906,0.010982495039839835,0.008521418038126338,44421800.0,43812600.0,0.013904675823849688,12.6899995803833,309.698,23082.119,3.7,0.3314766666666666,0.1385459013552308,3.0,0.0009029888784248818,155.07875328445436,155.1411976776123,0.0004026624655886213,0.0005,-9.733753441137872e-05,0,1
2024-01-12,155.38999938964844,156.1999969482422,154.00999450683594,154.6199951171875,40484200,12.699999809265137,309.698,23082.119,3.7,0.0,0.0,0,155.0399932861328,157.1699981689453,153.1199951171875,155.17999267578125,0.0009029888784248818,0.001353310502507643,49072700.0,44421800.0,0.10469859393360914,12.4399995803833,309.698,23082.119,3.7,-0.1867305,0.0622543881224448,2.0,-0.004955301341691309,155.42884688949587,154.5813401184082,-0.005452699341520595,0.0005,-0.005952699341520595,0,1
2024-01-16,153.52999877929688,154.99000549316406,152.14999389648438,153.16000366210938,41384600,13.84000015258789,309.698,23082.119,3.7,0.2234925,0.0303610438638067,2,155.38999938964844,156.1999969482422,154.00999450683594,154.6199951171875,-0.004955301341691309,-0.007049517347769374,40484200.0,49072700.0,-0.1750158438398539,12.699999809265137,309.698,23082.119,3.7,0.0,0.0,0.0,-0.0024099206678127594,153.56838127899172,153.12171366119387,-0.002908591039885944,0.0005,-0.003408591039885944,0,1
2024-01-17,151.49000549316406,152.14999389648438,149.91000366210938,151.7100067138672,34953400,14.789999961853027,309.698,23082.119,3.7,0.200902,0.0979917421418764,4,153.52999877929688,154.99000549316406,152.14999389648438,153.16000366210938,-0.0024099206678127594,-0.010903617974765467,41384600.0,40484200.0,0.02224077541361824,13.84000015258789,309.698,23082.119,3.7,0.2234925,0.0303610438638067,2.0,0.0014522490773363206,151.52787799453736,151.67207921218872,0.0009516481030411583,0.0005,0.0004516481030411583,1,0
2024-01-18,152.77000427246094,153.77999877929688,151.82000732421875,153.5,37850200,14.130000114440918,309.698,23082.119,3.7,0.2365475,0.13518820996115,2,151.49000549316406,152.14999389648438,149.91000366210938,151.7100067138672,0.0014522490773363206,0.00698699829730387,34953400.0,41384600.0,-0.1554008012642384,14.789999961853027,309.698,23082.119,3.7,0.200902,0.0979917421418764,4.0,0.0047783969832004836,152.80819677352906,153.461625,0.00427613335061694,0.0005,0.0037761333506169397,1,0
2024-01-19,153.8300018310547,155.75999450683594,152.74000549316406,155.33999633789062,51651600,13.300000190734863,309.698,23082.119,3.7,0.01352925,0.2942023256472491,4,152.77000427246094,153.77999877929688,151.82000732421875,153.5,0.0047783969832004836,0.002149849062245579,37850200.0,34953400.0,0.0828760578370058,14.130000114440918,309.698,23082.119,3.7,0.2365475,0.13518820996115,2.0,0.00981599485706508,153.86845933151247,155.30116133880617,0.009311213055086975,0.0005,0.008811213055086975,1,0
2024-01-22,156.88999938964844,157.0500030517578,153.89999389648438,154.77999877929688,43687500,13.1899995803833,309.698,23082.119,3.7,0.1206664999999999,0.218493221390657,4,153.8300018310547,155.75999450683594,152.74000549316406,155.33999633789062,0.00981599485706508,0.009978132408258178,51651600.0,37850200.0,0.36463215518015746,13.300000190734863,309.698,23082.119,3.7,0.01352925,0.2942023256472491,4.0,-0.013448917193958354,156.92922188949586,154.74130377960205,-0.013942069447298144,0.0005,-0.014442069447298145,0,1
2024-01-23,154.85000610351562,156.2100067138672,153.92999267578125,156.02000427246094,37986000,12.550000190734863,309.698,23082.119,3.7,-0.0671496666666666,0.1674384195497954,3,156.88999938964844,157.0500030517578,153.89999389648438,154.77999877929688,-0.013448917193958354,0.00045230213703884026,43687500.0,51651600.0,-0.15418883442139253,13.1899995803833,309.698,23082.119,3.7,0.1206664999999999,0.218493221390657,4.0,0.007555686941098205,154.8887186050415,155.98099927139282,0.007052035010610247,0.0005,0.0065520350106102465,1,0
2024-01-24,157.8000030517578,158.50999450683594,156.47999572753906,156.8699951171875,48547300,13.140000343322754,309.698,23082.119,3.7,-0.084795,0.2004230435952912,3,154.85000610351562,156.2100067138672,153.92999267578125,156.02000427246094,0.007555686941098205,0.011408785607955885,37986000.0,43687500.0,-0.13050643776824034,12.550000190734863,309.698,23082.119,3.7,-0.0671496666666666,0.1674384195497954,3.0,-0.005893586290142694,157.83945305252075,156.8307776184082,-0.006390515264753982,0.0005,-0.0068905152647539825,0,1
2024-01-25,156.9499969482422,158.50999450683594,154.5500030517578,157.75,43638600,13.449999809265137,309.698,23082.119,3.7,0.118545,0.014075383783992,4,157.8000030517578,158.50999450683594,156.47999572753906,156.8699951171875,-0.005893586290142694,0.0005099881018988395,48547300.0,37986000.0,0.2780313799820986,13.140000343322754,309.698,23082.119,3.7,-0.084795,0.2004230435952912,3.0,0.005097184245385078,156.98923444747925,157.7105625,0.004594761259008928,0.0005,0.004094761259008928,1,0
2024-01-26,158.4199981689453,160.72000122070312,157.91000366210938,159.1199951171875,51047400,13.260000228881836,309.698,23082.119,3.7,0.2055356666666666,0.4678602205043011,3,156.9499969482422,158.50999450683594,154.5500030517578,157.75,0.005097184245385078,0.004247215017086026,43638600.0,48547300.0,-0.10111169931180519,13.449999809265137,309.698,23082.119,3.7,0.118545,0.014075383783992,4.0,0.004418614798213039,158.45960316848758,159.0802151184082,0.003916531011760371,0.0005,0.0034165310117603713,1,0
2024-01-29,159.33999633789062,161.2899932861328,158.89999389648438,161.25999450683594,45270400,13.600000381469728,309.698,23082.119,3.7,0.0330094999999999,0.2703418575024963,6,158.4199981689453,160.72000122070312,157.91000366210938,159.1199951171875,0.004418614798213039,0.001382612037796438,51047400.0,43638600.0,0.16977629896467805,13.260000228881836,309.698,23082.119,3.7,0.2055356666666666,0.4678602205043011,3.0,0.01204969381870602,159.37983133697512,161.21967950820923,0.011543795446389504,0.0005,0.011043795446389504,1,0
2024-01-30,160.6999969482422,161.72999572753906,158.49000549316406,159.0,45207400,13.3100004196167,309.698,23082.119,3.7,0.174285,0.0462447834896002,2,159.33999633789062,161.2899932861328,158.89999389648438,161.25999450683594,0.01204969381870602,-0.0034726378374644318,45270400.0,51047400.0,-0.11316932889823972,13.600000381469728,309.698,23082.119,3.7,0.0330094999999999,0.2703418575024963,6.0,-0.01057869931876676,160.74017194747927,158.96025,-0.011073286322356601,0.0005,-0.011573286322356602,0,1
2024-01-31,157.0,159.00999450683594,154.80999755859375,155.1999969482422,50284400,14.350000381469728,309.698,23082.119,3.7,0.1666366666666666,0.2477764695871395,6,160.6999969482422,161.72999572753906,158.49000549316406,159.0,-0.01057869931876676,-0.012578616352201255,45207400.0,45270400.0,-0.0013916378030678356,13.3100004196167,309.698,23082.119,3.7,0.174285,0.0462447834896002,2.0,-0.011464987590814046,157.03925,155.16119694900513,-0.011959131561026126,0.0005,-0.012459131561026127,0,1
2024-02-01,155.8699951171875,159.75999450683594,155.6199951171875,159.27999877929688,76542400,13.880000114440918,310.967,23082.119,3.9,0.0454754999999999,0.2432268109789708,4,157.0,159.00999450683594,154.80999755859375,155.1999969482422,-0.011464987590814046,0.0043169985961324375,50284400.0,45207400.0,0.11230462269451458,14.350000381469728,309.698,23082.119,3.7,0.1666366666666666,0.2477764695871395,6.0,0.02187722954341309,155.9089626159668,159.24017877960205,0.021366418631369344,0.0005,0.020866418631369343,1,0
2024-02-02,169.19000244140625,172.5,167.3300018310547,171.80999755859375,117218300,13.850000381469728,310.967,23082.119,3.9,0.170425125,0.2758380286899425,8,155.8699951171875,159.75999450683594,155.6199951171875,159.27999877929688,0.02187722954341309,0.06221750212241628,76542400.0,50284400.0,0.5221897845057315,13.880000114440918,310.967,23082.119,3.9,0.0454754999999999,0.2432268109789708,4.0,0.01548551970790868,169.23229994201662,171.7670450592041,0.01497790385201836,0.0005,0.014477903852018359,1,0
2024-02-05,170.1999969482422,170.5500030517578,167.6999969482422,170.30999755859375,55081300,13.670000076293944,310.967,23082.119,3.9,0.108606,0.4107720625614648,3,169.19000244140625,172.5,167.3300018310547,171.80999755859375,0.01548551970790868,-0.009370820285370729,117218300.0,76542400.0,0.5314165743431092,13.850000381469728,310.967,23082.119,3.9,0.170425125,0.2758380286899425,8.0,0.0006463020700582245,170.24254694747927,170.2674200592041,0.00014610396854863872,0.0005,-0.0003538960314513613,0,1
2024-02-06,169.38999938964844,170.7100067138672,167.64999389648438,169.14999389648438,42505500,13.0600004196167,310.967,23082.119,3.9,0.0917456,0.2486295869718646,5,170.1999969482422,170.5500030517578,167.6999969482422,170.30999755859375,0.0006463020700582245,-0.005401903482670112,55081300.0,117218300.0,-0.5300964098609176,13.670000076293944,310.967,23082.119,3.9,0.108606,0.4107720625614648,3.0,-0.0014168811265651282,169.43234688949588,169.10770639801027,-0.0019160478943099912,0.0005,-0.0024160478943099912,0,1
2024-02-07,169.47999572753906,170.8800048828125,168.94000244140625,170.52999877929688,47174100,12.829999923706056,310.967,23082.119,3.9,0.178884,0.0569659365059506,2,169.38999938964844,170.7100067138672,167.64999389648438,169.14999389648438,-0.0014168811265651282,0.0019509420216512474,42505500.0,55081300.0,-0.2283134203441095,13.0600004196167,310.967,23082.119,3.9,0.0917456,0.2486295869718646,5.0,0.006195439451425422,169.52236572647095,170.48736627960204,0.005692467474693874,0.0005,0.005192467474693874,1,0
2024-02-08,169.64999389648438,171.42999267578125,168.8800048828125,169.83999633789062,42316500,12.789999961853027,310.967,23082.119,3.9,0.38559,0.0763321770290878,2,169.47999572753906,170.8800048828125,168.94000244140625,170.52999877929688,0.006195439451425422,-0.005160411007516741,47174100.0,42505500.0,0.10983519779793194,12.829999923706056,310.967,23082.119,3.9,0.178884,0.0569659365059506,2.0,0.001119967275225342,169.6924063949585,169.79753633880617,0.0006195324003064329,0.0005,0.00011953240030643285,1,0
2024-02-09,170.89999389648438,175.0,170.5800018310547,174.4499969482422,56986000,12.93000030517578,310.967,23082.119,3.9,0.0398363333333333,0.1335254768062385,3,169.64999389648438,171.42999267578125,168.8800048828125,169.83999633789062,0.001119967275225342,0.0062411539180966535,42316500.0,47174100.0,-0.10297175780778012,12.789999961853027,310.967,23082.119,3.9,0.38559,0.0763321770290878,2.0,0.020772400108499012,170.94271889495852,174.40638444900515,0.02026214147310368,0.0005,0.019762141473103678,1,0
2024-02-12,174.8000030517578,175.38999938964844,171.5399932861328,172.33999633789062,51050400,13.93000030517578,310.967,23082.119,3.9,0.1748082,0.1832599963117974,5,170.89999389648438,175.0,170.5800018310547,174.4499969482422,0.020772400108499012,0.0020063405539609835,56986000.0,42316500.0,0.34666146774898676,12.93000030517578,310.967,23082.119,3.9,0.0398363333333333,0.1335254768062385,3.0,-0.014073264707774591,174.84370305252077,172.29691133880615,-0.014566104865381346,0.0005,-0.015066104865381347,0,1
2024-02-13,167.72999572753906,170.9499969482422,165.75,168.63999938964844,56345100,15.850000381469728,310.967,23082.119,3.9,0.1217708999999999,0.2000049140143256,10,174.8000030517578,175.38999938964844,171.5399932861328,172.33999633789062,-0.014073264707774591,-0.026749452874033852,51050400.0,56986000.0,-0.1041589162250377,13.93000030517578,310.967,23082.119,3.9,0.1748082,0.1832599963117974,5.0,0.00542540800864022,167.77192822647095,168.59783938980104,0.004922820951400286,0.0005,0.004422820951400286,1,0
2024-02-14,169.2100067138672,171.2100067138672,168.27999877929688,170.97999572753906,42815500,14.380000114440918,310.967,23082.119,3.9,0.0269567999999999,0.2371262942351607,5,167.72999572753906,170.9499969482422,165.75,168.63999938964844,0.00542540800864022,0.003380024467989573,56345100.0,51050400.0,0.10371515208499837,15.850000381469728,310.967,23082.119,3.9,0.1217708999999999,0.2000049140143256,10.0,0.010460309340126095,169.25230921554567,170.93725072860718,0.009955205461425809,0.0005,0.009455205461425809,1,0
2024-02-15,170.5800018310547,171.1699981689453,167.58999633789062,169.8000030517578,49855200,14.010000228881836,310.967,23082.119,3.9,0.1496855,0.0574259644716569,6,169.2100067138672,171.2100067138672,168.27999877929688,170.97999572753906,0.010460309340126095,-0.002339419268215348,42815500.0,56345100.0,-0.24012025890450106,14.380000114440918,310.967,23082.119,3.9,0.0269567999999999,0.2371262942351607,5.0,-0.004572627335702517,170.62264683151247,169.7575530509949,-0.00507021662471252,0.0005,-0.005570216624712521,0,1
2024-02-16,168.74000549316406,170.4199981689453,167.1699981689453,169.50999450683594,48107700,14.239999771118164,310.967,23082.119,3.9,0.0859822,0.2506184366476257,5,170.5800018310547,171.1699981689453,167.58999633789062,169.8000030517578,-0.004572627335702517,-0.006242623907790179,49855200.0,42815500.0,0.16441942754376337,14.010000228881836,310.967,23082.119,3.9,0.1496855,0.0574259644716569,6.0,0.004563168120218286,168.78219049453736,169.46761700820923,0.004061012075169401,0.0005,0.003561012075169401,1,0
2024-02-20,167.8300018310547,168.7100067138672,165.74000549316406,167.0800018310547,41980300,15.420000076293944,310.967,23082.119,3.9,0.2644214,0.2628932014560285,5,168.74000549316406,170.4199981689453,167.1699981689453,169.50999450683594,0.004563168120218286,-0.009910876822743941,48107700.0,49855200.0,-0.03505150917055788,14.239999771118164,310.967,23082.119,3.9,0.0859822,0.2506184366476257,5.0,-0.004468807673344233,167.87195933151247,167.03823183059694,-0.004966448859211159,0.0005,-0.005466448859211159,0,1
2024-02-21,168.94000244140625,170.22999572753906,167.13999938964844,168.58999633789062,44420100,15.34000015258789,310.967,23082.119,3.9,0.0998159999999999,0.1217287309964249,5,167.8300018310547,168.7100067138672,165.74000549316406,167.0800018310547,-0.004468807673344233,0.011132395199709988,41980300.0,48107700.0,-0.12736838385539118,15.420000076293944,310.967,23082.119,3.9,0.2644214,0.2628932014560285,5.0,-0.0020717775450311837,168.9822374420166,168.54784883880615,-0.002570616946408477,0.0005,-0.003070616946408477,0,1
2024-02-22,173.10000610351562,174.8000030517578,171.77000427246094,174.5800018310547,55392400,14.539999961853027,310.967,23082.119,3.9,0.129814,0.0,1,168.94000244140625,170.22999572753906,167.13999938964844,168.58999633789062,-0.0020717775450311837,0.02675134861849071,44420100.0,41980300.0,0.05811773617625415,15.34000015258789,310.967,23082.119,3.9,0.0998159999999999,0.1217287309964249,5.0,0.008549946131451991,173.14328110504152,174.53635683059693,0.008045797195620041,0.0005,0.007545797195620041,1,0
2024-02-23,174.27999877929688,175.75,173.6999969482422,174.99000549316406,59715200,13.75,310.967,23082.119,3.9,0.0178089999999999,0.4755773936090738,2,173.10000610351562,174.8000030517578,171.77000427246094,174.5800018310547,0.008549946131451991,-0.001718427360587027,55392400.0,44420100.0,0.24701205085085354,14.539999961853027,310.967,23082.119,3.9,0.129814,0.0,1.0,0.0040739426144151825,174.32356877899173,174.9462579917908,0.003572031120981256,0.0005,0.003072031120981256,1,0
2024-02-26,175.6999969482422,176.3699951171875,174.25999450683594,174.72999572753906,44368600,13.739999771118164,310.967,23082.119,3.9,-0.143593,0.0,1,174.27999877929688,175.75,173.6999969482422,174.99000549316406,0.0040739426144151825,0.004057325748846097,59715200.0,55392400.0,0.0780395866580974,13.75,310.967,23082.119,3.9,0.0178089999999999,0.4755773936090738,2.0,-0.005520781090217475,175.74392194747927,174.6863132286072,-0.006017896420839719,0.0005,-0.006517896420839719,0,1
2024-02-27,174.0800018310547,174.6199951171875,172.86000061035156,173.5399932861328,31141700,13.43000030517578,310.967,23082.119,3.9,0.186516,0.2156378697770871,2,175.6999969482422,176.3699951171875,174.25999450683594,174.72999572753906,-0.005520781090217475,-0.0037199903415434665,44368600.0,59715200.0,-0.2569965435935909,13.739999771118164,310.967,23082.119,3.9,-0.143593,0.0,1.0,-0.0031020711123725953,174.12352183151248,173.49660828781128,-0.003600395495720665,0.0005,-0.004100395495720666,0,1
2024-02-28,172.44000244140625,174.0500030517578,172.27000427246094,173.16000366210938,28180500,13.84000015258789,310.967,23082.119,3.9,0.1734404,0.1999524887499528,5,174.0800018310547,174.6199951171875,172.86000061035156,173.5399932861328,-0.0031020711123725953,-0.006338543778279915,31141700.0,44368600.0,-0.2981139815094459,13.43000030517578,310.967,23082.119,3.9,0.186516,0.2156378697770871,2.0,0.004175372364354724,172.48311244201662,173.11671366119384,0.0036734101687214693,0.0005,0.0031734101687214693,1,0
2024-02-29,173.00999450683594,177.22000122070312,172.85000610351562,176.75999450683594,53805400,13.399999618530272,310.967,23082.119,3.9,0.37864525,0.1583990806967746,4,172.44000244140625,174.0500030517578,172.27000427246094,173.16000366210938,0.004175372364354724,-0.0008663037196866563,28180500.0,31141700.0,-0.09508793675361327,13.84000015258789,310.967,23082.119,3.9,0.1734404,0.1999524887499528,5.0,0.0216750483732997,173.05324700546265,176.71580450820923,0.021164338526574733,0.0005,0.020664338526574733,1,0
2024-03-01,176.75,178.72999572753906,176.07000732421875,178.22000122070312,31981200,13.109999656677246,312.345,23082.119,3.9,0.27318375,0.1778317282008941,4,173.00999450683594,177.22000122070312,172.85000610351562,176.75999450683594,0.0216750483732997,-5.654281028821817e-05,53805400.0,28180500.0,0.9093131775518533,13.399999618530272,310.967,23082.119,3.9,0.37864525,0.1583990806967746,4.0,0.008316838589550901,176.79418750000002,178.17544622039796,0.007812806178358889,0.0005,0.007312806178358888,1,0
2024-03-04,177.52999877929688,180.13999938964844,177.49000549316406,177.5800018310547,37381500,13.489999771118164,312.345,23082.119,3.9,0.2198893333333333,0.0787181612230197,3,176.75,178.72999572753906,176.07000732421875,178.22000122070312,0.008316838589550901,-0.003871633019190579,31981200.0,53805400.0,-0.40561356295093054,13.109999656677246,312.345,23082.119,3.9,0.27318375,0.1778317282008941,4.0,0.00028165973132221467,177.57438127899172,177.53560683059692,-0.00021835609458709104,0.0005,-0.000718356094587091,0,1
2024-03-05,176.92999267578125,176.92999267578125,173.3000030517578,174.1199951171875,37228300,14.460000038146973,312.345,23082.119,3.9,0.1359437142857143,0.0434807410267821,7,177.52999877929688,180.13999938964844,177.49000549316406,177.5800018310547,0.00028165973132221467,-0.003660373626371727,37381500.0,31981200.0,0.1688585794154065,13.489999771118164,312.345,23082.119,3.9,0.2198893333333333,0.0787181612230197,3.0,-0.015881974085326434,176.9742251739502,174.0764651184082,-0.01637391011427647,0.0005,-0.01687391011427647,0,1
