Date,ticker,Open,High,Low,Close,adjusted_close,volume,vix,cpi,gdp,unemployment,sentiment_mean,sentiment_std,news_count
2020-08-03,AMZN,159.02549743652344,159.1999969482422,155.1999969482422,155.59449768066406,155.59449768066406,101494000,24.280000686645508,259.316,20558.879,8.4,0.25901975,0.1842069016726596,12
2020-08-04,AMZN,155.0605010986328,158.36199951171875,155.0605010986328,156.94149780273438,156.94149780273438,93886000,23.76000022888184,259.316,20558.879,8.4,0.0979748888888888,0.0874795431607362,9
2020-08-05,AMZN,157.18850708007812,160.67950439453125,156.36500549316406,160.25149536132812,160.25149536132812,78330000,22.989999771118164,259.316,20558.879,8.4,0.0661503333333333,0.2598981870946134,6
2020-08-06,AMZN,159.71800231933594,162.37350463867188,158.27149963378906,161.25,161.25,78812000,22.64999961853028,259.316,20558.879,8.4,0.1737111428571428,0.3109943248144723,7
2020-08-07,AMZN,161.20050048828125,162.04049682617188,157.0334930419922,158.3730010986328,158.3730010986328,78722000,22.209999084472656,259.316,20558.879,8.4,0.0921925,0.0608373461329469,2
2020-08-10,AMZN,158.5155029296875,158.62550354003906,155.0760040283203,157.4080047607422,157.4080047607422,63346000,22.1299991607666,259.316,20558.879,8.4,0.2112165454545454,0.1177573519380965,11
2020-08-11,AMZN,155.66000366210938,157.96099853515625,153.64999389648438,154.0334930419922,154.0334930419922,74362000,24.030000686645508,259.316,20558.879,8.4,0.2846320833333333,0.182521073361884,12
2020-08-12,AMZN,155.39999389648438,158.71949768066406,155.0709991455078,158.11199951171875,158.11199951171875,70442000,22.280000686645508,259.316,20558.879,8.4,0.198436,0.1327861682254593,2
2020-08-13,AMZN,159.14950561523438,160.87600708007812,157.75,158.05099487304688,158.05099487304688,62980000,22.1299991607666,259.316,20558.879,8.4,0.16642525,0.1361610811080023,8
2020-08-14,AMZN,158.90899658203125,158.91200256347656,156.0,157.4010009765625,157.4010009765625,55034000,22.049999237060547,259.316,20558.879,8.4,-0.0580194999999999,0.3829471123804173,2
2020-08-17,AMZN,158.656005859375,159.74850463867188,157.70899963378906,159.12049865722656,159.12049865722656,53824000,21.350000381469727,259.316,20558.879,8.4,0.204562909090909,0.0982738864790179,11
2020-08-18,AMZN,160.60000610351562,166.0,160.29100036621094,165.62449645996094,165.62449645996094,106920000,21.51000022888184,259.316,20558.879,8.4,0.1605933,0.1503384726402024,10
2020-08-19,AMZN,165.15049743652344,165.7949981689453,162.8000030517578,163.0240020751953,163.0240020751953,83702000,22.540000915527344,259.316,20558.879,8.4,0.2116958571428571,0.2224799023285987,7
2020-08-20,AMZN,162.60000610351562,165.63099670410156,161.89999389648438,164.86849975585938,164.86849975585938,66650000,22.71999931335449,259.316,20558.879,8.4,0.14554125,0.1185953478749623,4
2020-08-21,AMZN,164.75,165.72000122070312,163.76950073242188,164.23599243164062,164.23599243164062,71518000,22.540000915527344,259.316,20558.879,8.4,0.1554545,0.3217039982411367,4
2020-08-24,AMZN,165.50750732421875,169.01600646972656,162.8780059814453,165.3730010986328,165.3730010986328,93326000,22.3700008392334,259.316,20558.879,8.4,0.2329304999999999,0.1351514404085283,2
2020-08-25,AMZN,164.74949645996094,167.8699951171875,163.35000610351562,167.32449340820312,167.32449340820312,79856000,22.030000686645508,259.316,20558.879,8.4,0.1470898,0.3181144182966248,5
2020-08-26,AMZN,167.5554962158203,172.58700561523438,167.22850036621094,172.09249877929688,172.09249877929688,130174000,23.270000457763672,259.316,20558.879,8.4,0.200747,0.0,1
2020-08-27,AMZN,172.50250244140625,172.64999389648438,168.89999389648438,170.0,170.0,85296000,24.46999931335449,259.316,20558.879,8.4,0.1951086,0.073578752743574,5
2020-08-28,AMZN,171.14999389648438,171.6685028076172,169.3249969482422,170.08999633789062,170.08999633789062,57940000,22.959999084472656,259.316,20558.879,8.4,0.1318824,0.1158770829771788,5
2020-08-31,AMZN,170.44949340820312,174.75,170.25,172.54800415039062,172.54800415039062,83718000,26.40999984741211,259.316,20558.879,8.4,0.240643,0.1226694765436781,5
2020-09-01,AMZN,174.47900390625,175.69349670410156,173.35000610351562,174.95599365234375,174.95599365234375,68644000,26.1200008392334,259.997,20558.879,7.8,0.1582101,0.2182103791194024,10
2020-09-02,AMZN,177.35000610351562,177.6125030517578,174.33450317382812,176.57249450683594,176.57249450683594,78630000,26.56999969482422,259.997,20558.879,7.8,0.119895,0.0,1
2020-09-03,AMZN,174.25,174.42050170898438,165.14999389648438,168.39999389648438,168.39999389648438,163222000,33.599998474121094,259.997,20558.879,7.8,0.151259909090909,0.1170564921065504,11
2020-09-04,AMZN,165.89999389648438,169.0749969482422,155.55650329589844,164.7310028076172,164.7310028076172,175636000,30.75,259.997,20558.879,7.8,0.0,0.0,0
2020-09-08,AMZN,157.1999969482422,162.54249572753906,156.5,157.49200439453125,157.49200439453125,121884000,31.459999084472656,259.997,20558.879,7.8,0.2831373333333333,0.0668122147689577,3
2020-09-09,AMZN,160.14950561523438,165.15899658203125,159.25,163.4304962158203,163.4304962158203,103774000,28.809999465942383,259.997,20558.879,7.8,0.2305824285714285,0.1460688322456883,7
2020-09-10,AMZN,165.36099243164062,167.4945068359375,158.52749633789062,158.7554931640625,158.7554931640625,106614000,29.709999084472656,259.997,20558.879,7.8,0.0082426666666666,0.2475698949805219,6
2020-09-11,AMZN,160.4344940185547,160.86700439453125,154.19900512695312,155.81100463867188,155.81100463867188,101880000,26.8700008392334,259.997,20558.879,7.8,0.1034554999999999,0.3213439696034453,2
2020-09-14,AMZN,158.64700317382812,159.3695068359375,154.8000030517578,155.14849853515625,155.14849853515625,90592000,25.850000381469727,259.997,20558.879,7.8,0.1629162857142857,0.2940190914241875,7
2020-09-15,AMZN,156.80799865722656,158.75100708007812,155.4459991455078,157.80650329589844,157.80650329589844,80430000,25.59000015258789,259.997,20558.879,7.8,0.243294,0.1414187382854549,9
2020-09-16,AMZN,158.99949645996094,159.36199951171875,153.70750427246094,153.90499877929688,153.90499877929688,90244000,26.040000915527344,259.997,20558.879,7.8,0.1990014,0.142203465002791,5
2020-09-17,AMZN,150.46249389648438,151.47149658203125,148.62750244140625,150.43649291992188,150.43649291992188,128982000,26.459999084472656,259.997,20558.879,7.8,0.2325686,0.1229834903098785,5
2020-09-18,AMZN,151.58700561523438,151.88999938964844,145.27699279785156,147.74549865722656,147.74549865722656,177852000,25.82999992370605,259.997,20558.879,7.8,0.3745239999999999,0.0478117321167095,2
2020-09-21,AMZN,145.3249969482422,148.10000610351562,143.5500030517578,148.02349853515625,148.02349853515625,122358000,27.780000686645508,259.997,20558.879,7.8,0.2224615,0.1262603268643796,6
2020-09-22,AMZN,151.69200134277344,156.69949340820312,150.00999450683594,156.44949340820312,156.44949340820312,138976000,26.86000061035156,259.997,20558.879,7.8,0.0660144444444444,0.2511184406908974,9
2020-09-23,AMZN,156.02149963378906,156.35000610351562,149.61900329589844,149.9929962158203,149.9929962158203,113054000,28.57999992370605,259.997,20558.879,7.8,0.1811085714285714,0.2194975244855525,7
2020-09-24,AMZN,148.88949584960938,153.46499633789062,148.25,150.989501953125,150.989501953125,110588000,28.51000022888184,259.997,20558.879,7.8,0.1506683999999999,0.2927856155095397,5
2020-09-25,AMZN,152.7429962158203,155.07699584960938,149.9499969482422,154.75650024414062,154.75650024414062,92304000,26.3799991607666,259.997,20558.879,7.8,0.2337535714285714,0.2753037067899481,7
2020-09-28,AMZN,157.4425048828125,158.7519989013672,155.85850524902344,158.70249938964844,158.70249938964844,84484000,26.190000534057617,259.997,20558.879,7.8,0.127237,0.0,1
2020-09-29,AMZN,158.76950073242188,159.41299438476562,156.6269989013672,157.24400329589844,157.24400329589844,69916000,26.270000457763672,259.997,20558.879,7.8,0.2796349999999999,0.09692312649724,2
2020-09-30,AMZN,157.0570068359375,160.6439971923828,156.69949340820312,157.43649291992188,157.43649291992188,97922000,26.3700008392334,259.997,20558.879,7.8,0.2380628,0.16065584431241,10
2020-10-01,AMZN,160.39999389648438,161.1999969482422,158.60000610351562,161.06300354003906,161.06300354003906,99438000,26.700000762939453,260.319,20791.917,6.9,0.3296745,0.1565743796574011,6
2020-10-02,AMZN,157.68150329589844,159.7899932861328,156.14999389648438,156.25,156.25,112262000,27.6299991607666,260.319,20791.917,6.9,0.3736109999999999,0.1079589765049669,3
2020-10-05,AMZN,157.29200744628906,160.12649536132812,157.04249572753906,159.9600067138672,159.9600067138672,75506000,27.959999084472656,260.319,20791.917,6.9,0.239352,0.2002287040201778,6
2020-10-06,AMZN,158.25,159.10000610351562,154.5,154.9980010986328,154.9980010986328,101738000,29.479999542236328,260.319,20791.917,6.9,0.25605325,0.1032146239360004,4
2020-10-07,AMZN,156.75,160.0,156.6195068359375,159.7845001220703,159.7845001220703,86188000,28.059999465942383,260.319,20791.917,6.9,0.1367412499999999,0.2197755300928275,4
2020-10-08,AMZN,161.24949645996094,161.6645050048828,158.74949645996094,159.52749633789062,159.52749633789062,63482000,26.36000061035156,260.319,20791.917,6.9,0.1791545,0.1133433960047959,6
2020-10-09,AMZN,160.5,164.44949340820312,159.89149475097656,164.33250427246094,164.33250427246094,98158000,25.0,260.319,20791.917,6.9,0.0,0.0,0
2020-10-12,AMZN,167.4969940185547,174.81199645996094,166.9774932861328,172.14649963378906,172.14649963378906,167284000,25.06999969482422,260.319,20791.917,6.9,0.3652483333333333,0.2579896651851258,3
2020-10-13,AMZN,173.39950561523438,174.61900329589844,171.21099853515625,172.18150329589844,172.18150329589844,114894000,26.06999969482422,260.319,20791.917,6.9,0.045373125,0.2890684292043952,8
2020-10-14,AMZN,172.35000610351562,173.24400329589844,167.0,168.1855010986328,168.1855010986328,116254000,26.39999961853028,260.319,20791.917,6.9,0.1469301999999999,0.2179476061091289,5
2020-10-15,AMZN,164.60049438476562,167.79400634765625,164.0,166.9324951171875,166.9324951171875,104468000,26.96999931335449,260.319,20791.917,6.9,0.1839812,0.1449844671635551,5
2020-10-16,AMZN,168.1614990234375,169.98300170898438,158.0,163.635498046875,163.635498046875,129488000,27.40999984741211,260.319,20791.917,6.9,0.2501562222222222,0.2859497469642951,9
2020-10-19,AMZN,164.98049926757812,166.4499969482422,159.63699340820312,160.36050415039062,160.36050415039062,104472000,29.18000030517578,260.319,20791.917,6.9,0.1124255,0.1471326577089532,2
2020-10-20,AMZN,161.11399841308594,163.3000030517578,159.60049438476562,160.85049438476562,160.85049438476562,90194000,29.350000381469727,260.319,20791.917,6.9,0.2575422,0.0376529625952593,5
2020-10-21,AMZN,160.625,161.69400024414062,158.0,159.2469940185547,159.2469940185547,91854000,28.64999961853028,260.319,20791.917,6.9,0.2233795,0.0983755440832053,4
2020-10-22,AMZN,159.49349975585938,159.9375,156.0970001220703,158.82000732421875,158.82000732421875,84240000,28.11000061035156,260.319,20791.917,6.9,0.2079083333333333,0.0932884657450569,6
2020-10-23,AMZN,159.5500030517578,160.26649475097656,157.0,160.22000122070312,160.22000122070312,69334000,27.549999237060547,260.319,20791.917,6.9,0.0834849999999999,0.1807169441184196,5
2020-10-26,AMZN,159.93699645996094,164.1490020751953,157.6649932861328,160.3520050048828,160.3520050048828,118024000,32.459999084472656,260.319,20791.917,6.9,0.0006033333333333,0.1894246744865445,3
2020-10-27,AMZN,161.2469940185547,164.58299255371094,160.56500244140625,164.31649780273438,164.31649780273438,85820000,33.349998474121094,260.319,20791.917,6.9,0.2205296666666666,0.1058310415476795,6
2020-10-28,AMZN,162.46499633789062,163.2010040283203,158.12350463867188,158.13900756835938,158.13900756835938,111766000,40.27999877929688,260.319,20791.917,6.9,0.2979248571428571,0.2417801944159395,7
2020-10-29,AMZN,160.06350708007812,162.8625030517578,158.1999969482422,160.55050659179688,160.55050659179688,131930000,37.59000015258789,260.319,20791.917,6.9,0.1904338461538461,0.1409597108318816,13
2020-10-30,AMZN,157.8874969482422,158.35000610351562,150.9499969482422,151.8074951171875,151.8074951171875,167728000,38.02000045776367,260.319,20791.917,6.9,0.253058,0.1613620973556057,3
2020-11-02,AMZN,153.08700561523438,153.98550415039062,147.50599670410156,150.2239990234375,150.2239990234375,145148000,37.130001068115234,260.911,20791.917,6.7,0.039267,0.0,1
2020-11-03,AMZN,150.92649841308594,153.7449951171875,149.0489959716797,152.42050170898438,152.42050170898438,97958000,35.54999923706055,260.911,20791.917,6.7,0.347745625,0.2259879200797736,8
2020-11-04,AMZN,157.99949645996094,162.24249267578125,156.9864959716797,162.05799865722656,162.05799865722656,136780000,29.56999969482422,260.911,20791.917,6.7,0.0953291666666666,0.1858994620997238,6
2020-11-05,AMZN,165.99850463867188,168.33999633789062,164.44400024414062,166.10000610351562,166.10000610351562,115786000,27.57999992370605,260.911,20791.917,6.7,0.2935649999999999,0.1218867824827614,4
2020-11-06,AMZN,165.23199462890625,166.10000610351562,161.60000610351562,165.56849670410156,165.56849670410156,92946000,24.86000061035156,260.911,20791.917,6.7,0.274061,0.2460448755816711,2
2020-11-09,AMZN,161.55149841308594,164.4499969482422,155.60549926757812,157.18699645996094,157.18699645996094,143808000,25.75,260.911,20791.917,6.7,0.0867631428571428,0.2765126048491753,7
2020-11-10,AMZN,154.75100708007812,155.6999969482422,150.9739990234375,151.75100708007812,151.75100708007812,131820000,24.799999237060547,260.911,20791.917,6.7,0.17903,0.2296780199104825,5
2020-11-11,AMZN,153.08900451660156,156.95750427246094,152.5,156.8695068359375,156.8695068359375,87338000,23.450000762939453,260.911,20791.917,6.7,0.1551493333333333,0.2561422351298851,3
2020-11-12,AMZN,157.99749755859375,158.79400634765625,154.30250549316406,155.51400756835938,155.51400756835938,87240000,25.350000381469727,260.911,20791.917,6.7,0.1112938888888889,0.2768862206482315,9
2020-11-13,AMZN,156.10000610351562,157.08599853515625,154.26950073242188,156.4405059814453,156.4405059814453,75124000,23.100000381469727,260.911,20791.917,6.7,0.0746753333333333,0.2114217262758647,6
2020-11-16,AMZN,154.66000366210938,157.13499450683594,153.63450622558594,156.55299377441406,156.55299377441406,76174000,22.450000762939453,260.911,20791.917,6.7,0.1475921666666666,0.2561622446945815,6
2020-11-17,AMZN,159.177001953125,159.46249389648438,156.76300048828125,156.7830047607422,156.7830047607422,68894000,22.709999084472656,260.911,20791.917,6.7,0.2450216666666666,0.1464868231463675,12
2020-11-18,AMZN,156.6999969482422,157.0,155.2550048828125,155.2729949951172,155.2729949951172,58336000,23.84000015258789,260.911,20791.917,6.7,0.2410622,0.1315524268502865,5
2020-11-19,AMZN,155.2655029296875,156.25,154.04600524902344,155.8509979248047,155.8509979248047,60206000,23.11000061035156,260.911,20791.917,6.7,0.1976506666666666,0.0748535005349337,3
2020-11-20,AMZN,155.8509979248047,156.64450073242188,154.90249633789062,154.97000122070312,154.97000122070312,67488000,23.700000762939453,260.911,20791.917,6.7,0.2588455,0.1894340157057941,14
2020-11-23,AMZN,155.8350067138672,156.9875030517578,153.2729949951172,154.91949462890625,154.91949462890625,94178000,22.65999984741211,260.911,20791.917,6.7,0.088848,0.2850937720174589,8
2020-11-24,AMZN,155.02499389648438,156.71249389648438,154.31300354003906,155.9029998779297,155.9029998779297,72042000,21.63999938964844,260.911,20791.917,6.7,0.176533,0.1098879433817316,4
2020-11-25,AMZN,157.093505859375,159.89999389648438,157.01300048828125,159.2534942626953,159.2534942626953,75808000,21.25,260.911,20791.917,6.7,0.048024,0.1455638211259927,6
2020-11-27,AMZN,160.56300354003906,160.8094940185547,159.50250244140625,159.76699829101562,159.76699829101562,47858000,20.84000015258789,260.911,20791.917,6.7,0.031421,0.0,1
2020-11-30,AMZN,160.4239959716797,161.41949462890625,156.27749633789062,158.40199279785156,158.40199279785156,81278000,20.56999969482422,260.911,20791.917,6.7,0.2463173333333333,0.0991333326249719,3
2020-12-01,AMZN,159.4250030517578,162.44749450683594,157.85899353027344,161.00399780273438,161.00399780273438,90740000,20.770000457763672,262.045,20791.917,6.7,0.2888512222222222,0.1875515998570645,9
2020-12-02,AMZN,161.08250427246094,161.60000610351562,158.66299438476562,160.17649841308594,160.17649841308594,62586000,21.170000076293945,262.045,20791.917,6.7,0.258257,0.1834381403252878,9
2020-12-03,AMZN,160.2729949951172,161.4320068359375,159.0655059814453,159.3365020751953,159.3365020751953,57840000,21.280000686645508,262.045,20791.917,6.7,0.0904204999999999,0.1472794280378045,8
2020-12-04,AMZN,159.91050720214844,159.91050720214844,157.93800354003906,158.12899780273438,158.12899780273438,58272000,20.790000915527344,262.045,20791.917,6.7,0.1929938,0.0812754174963131,5
2020-12-07,AMZN,157.82400512695312,159.03799438476562,157.08450317382812,157.89999389648438,157.89999389648438,55026000,21.299999237060547,262.045,20791.917,6.7,0.1691851111111111,0.2340063148354358,9
2020-12-08,AMZN,157.94500732421875,159.2064971923828,156.00100708007812,158.864501953125,158.864501953125,65726000,20.68000030517578,262.045,20791.917,6.7,0.2119675,0.1240389346918942,6
2020-12-09,AMZN,158.39450073242188,158.72149658203125,154.39999389648438,155.2100067138672,155.2100067138672,82016000,22.270000457763672,262.045,20791.917,6.7,0.2662993333333333,0.08427240439353,6
2020-12-10,AMZN,154.44949340820312,157.10499572753906,153.8000030517578,155.07449340820312,155.07449340820312,60604000,22.520000457763672,262.045,20791.917,6.7,0.1904204285714285,0.3285965955087672,7
2020-12-11,AMZN,154.83299255371094,155.93350219726562,153.64100646972656,155.8209991455078,155.8209991455078,61294000,23.309999465942383,262.045,20791.917,6.7,0.179384,0.0852841488789095,2
2020-12-14,AMZN,157.14999389648438,159.52349853515625,156.3000030517578,157.84849548339844,157.84849548339844,83116000,24.71999931335449,262.045,20791.917,6.7,0.2369483333333333,0.1845298198404077,3
2020-12-15,AMZN,159.05050659179688,159.4250030517578,156.52450561523438,158.25599670410156,158.25599670410156,66390000,22.88999938964844,262.045,20791.917,6.7,0.1535321999999999,0.0964014583276622,5
2020-12-16,AMZN,158.80050659179688,162.35000610351562,158.1840057373047,162.04800415039062,162.04800415039062,88552000,22.5,262.045,20791.917,6.7,0.1315832499999999,0.2750251895680042,4
2020-12-17,AMZN,162.5,163.17550659179688,161.0500030517578,161.8040008544922,161.8040008544922,69486000,21.93000030517578,262.045,20791.917,6.7,0.0914691111111111,0.1846436248137506,9
2020-12-18,AMZN,162.19949340820312,162.4709930419922,158.5800018310547,160.08250427246094,160.08250427246094,119914000,21.56999969482422,262.045,20791.917,6.7,0.2563245,0.0574064640306298,2
2020-12-21,AMZN,160.00050354003906,161.34849548339844,158.3000030517578,160.3090057373047,160.3090057373047,76736000,25.15999984741211,262.045,20791.917,6.7,0.13310925,0.2344046846181122,4
2020-12-22,AMZN,160.14199829101562,161.10000610351562,159.00399780273438,160.3260040283203,160.3260040283203,47388000,24.229999542236328,262.045,20791.917,6.7,0.1912435555555555,0.1104123506815599,9
2020-12-23,AMZN,160.25,160.50650024414062,159.20849609375,159.2635040283203,159.2635040283203,41876000,23.309999465942383,262.045,20791.917,6.7,0.29135925,0.1722871739768131,4
2020-12-24,AMZN,159.69500732421875,160.10000610351562,158.4499969482422,158.63450622558594,158.63450622558594,29038000,21.530000686645508,262.045,20791.917,6.7,0.2845229999999999,0.0848287721118253,2
2020-12-28,AMZN,159.6999969482422,165.1999969482422,158.63450622558594,164.197998046875,164.197998046875,113736000,21.700000762939453,262.045,20791.917,6.7,0.2752645,0.2284428664775943,2
2020-12-29,AMZN,165.4969940185547,167.53250122070312,164.06100463867188,166.10000610351562,166.10000610351562,97458000,23.07999992370605,262.045,20791.917,6.7,0.294723,0.1592948729526472,3
2020-12-30,AMZN,167.0500030517578,167.10499572753906,164.12350463867188,164.29249572753906,164.29249572753906,64186000,22.770000457763672,262.045,20791.917,6.7,0.2016895,0.283915393461679,2
2020-12-31,AMZN,163.75,164.14599609375,162.05999755859375,162.84649658203125,162.84649658203125,59144000,22.75,262.045,20791.917,6.7,0.2103,0.0,1
2021-01-04,AMZN,163.5,163.60000610351562,157.2010040283203,159.3314971923828,159.3314971923828,88228000,26.96999931335449,262.687,21082.134,6.4,0.0770251666666666,0.1863157167038755,12
2021-01-05,AMZN,158.30050659179688,161.16900634765625,158.2530059814453,160.92550659179688,160.92550659179688,53110000,25.34000015258789,262.687,21082.134,6.4,0.1359139999999999,0.2277346410906049,4
2021-01-06,AMZN,157.32400512695312,159.87550354003906,156.55799865722656,156.91900634765625,156.91900634765625,87896000,25.06999969482422,262.687,21082.134,6.4,0.1981641666666666,0.232480985466267,6
2021-01-07,AMZN,157.85000610351562,160.427001953125,157.75,158.10800170898438,158.10800170898438,70290000,22.3700008392334,262.687,21082.134,6.4,0.2000256249999999,0.3114587206938792,8
2021-01-08,AMZN,159.0,159.53199768066406,157.11000061035156,159.13499450683594,159.13499450683594,70754000,21.559999465942383,262.687,21082.134,6.4,0.3073802857142857,0.1958431364482931,7
2021-01-11,AMZN,157.40049743652344,157.81900024414062,155.5,155.7104949951172,155.7104949951172,73668000,24.07999992370605,262.687,21082.134,6.4,0.27083475,0.1915053925896518,4
2021-01-12,AMZN,156.0,157.10699462890625,154.3000030517578,156.04150390625,156.04150390625,70292000,23.32999992370605,262.687,21082.134,6.4,0.174683125,0.1548103804829245,8
2021-01-13,AMZN,156.4219970703125,159.49749755859375,156.10400390625,158.29449462890625,158.29449462890625,66424000,22.209999084472656,262.687,21082.134,6.4,0.0719516,0.1909026136562828,5
2021-01-14,AMZN,158.37600708007812,158.89999389648438,156.0294952392578,156.37350463867188,156.37350463867188,61418000,23.25,262.687,21082.134,6.4,-0.0033472222222222,0.2374213427278484,9
2021-01-15,AMZN,156.1510009765625,157.12750244140625,154.7584991455078,155.21249389648438,155.21249389648438,84880000,24.34000015258789,262.687,21082.134,6.4,0.0738163333333333,0.1667194748464218,6
2021-01-19,AMZN,155.35000610351562,157.25,154.8000030517578,156.03799438476562,156.03799438476562,66102000,23.239999771118164,262.687,21082.134,6.4,0.120459,0.2163574425551383,7
2021-01-20,AMZN,159.09950256347656,163.99000549316406,158.75,163.16900634765625,163.16900634765625,106196000,21.57999992370605,262.687,21082.134,6.4,0.2371005714285714,0.0887851643385258,7
2021-01-21,AMZN,164.64999389648438,167.42750549316406,164.47850036621094,165.34950256347656,165.34950256347656,98722000,21.31999969482422,262.687,21082.134,6.4,0.2077434545454545,0.1579010280494485,11
2021-01-22,AMZN,165.2154998779297,166.0955047607422,164.1580047607422,164.6114959716797,164.6114959716797,56438000,21.90999984741211,262.687,21082.134,6.4,0.285176,0.1045517923662717,3
2021-01-25,AMZN,166.4250030517578,168.1945037841797,162.15750122070312,164.6999969482422,164.6999969482422,74996000,23.190000534057617,262.687,21082.134,6.4,0.200461,0.1579499014624574,4
2021-01-26,AMZN,164.8179931640625,166.89999389648438,164.14349365234375,166.30650329589844,166.30650329589844,59104000,23.020000457763672,262.687,21082.134,6.4,0.1857423333333333,0.1085014514588015,6
2021-01-27,AMZN,167.07449340820312,167.3260040283203,160.35400390625,161.62899780273438,161.62899780273438,93204000,37.209999084472656,262.687,21082.134,6.4,0.2737251666666666,0.0772935807513578,6
2021-01-28,AMZN,161.7519989013672,165.08399963378906,161.4344940185547,161.88099670410156,161.88099670410156,62984000,30.209999084472656,262.687,21082.134,6.4,0.2021917999999999,0.2423648098424264,10
2021-01-29,AMZN,161.5,161.84950256347656,159.2274932861328,160.30999755859375,160.30999755859375,85872000,33.09000015258789,262.687,21082.134,6.4,0.0583907499999999,0.3268869412660132,4
2021-02-01,AMZN,162.1179962158203,167.51300048828125,161.75149536132812,167.1439971923828,167.1439971923828,83204000,30.239999771118164,263.579,21082.134,6.2,0.221491,0.0881639076379898,4
2021-02-02,AMZN,169.0,171.38699340820312,168.05650329589844,169.0,169.0,141972000,25.559999465942383,263.579,21082.134,6.2,0.423517375,0.218146545974383,8
2021-02-03,AMZN,171.25050354003906,171.6999969482422,165.43099975585938,165.62649536132812,165.62649536132812,141776000,22.90999984741211,263.579,21082.134,6.2,0.2919267,0.1302254463152694,10
2021-02-04,AMZN,166.5,167.35000610351562,163.8874969482422,166.5500030517578,166.5500030517578,73414000,21.770000457763672,263.579,21082.134,6.2,0.2258967999999999,0.2864665671534812,5
2021-02-05,AMZN,165.9499969482422,168.85000610351562,165.135498046875,167.6074981689453,167.6074981689453,72416000,20.8700008392334,263.579,21082.134,6.2,0.2251282222222222,0.0844209416388756,9
2021-02-08,AMZN,167.9250030517578,168.25,165.1999969482422,166.14700317382812,166.14700317382812,65148000,21.239999771118164,263.579,21082.134,6.2,0.223802,0.069389675836299,4
2021-02-09,AMZN,165.62449645996094,166.89999389648438,164.89199829101562,165.25,165.25,44070000,21.6299991607666,263.579,21082.134,6.2,0.1860684,0.1305748574297517,5
2021-02-10,AMZN,165.6999969482422,165.8975067138672,162.6999969482422,164.32899475097656,164.32899475097656,63032000,21.989999771118164,263.579,21082.134,6.2,0.0813665,0.266626320175447,6
2021-02-11,AMZN,164.60000610351562,164.60000610351562,162.4029998779297,163.10650634765625,163.10650634765625,46028000,21.25,263.579,21082.134,6.2,0.1914136666666666,0.3144391143955641,6
2021-02-12,AMZN,162.5,164.0124969482422,161.66549682617188,163.885498046875,163.885498046875,46706000,19.96999931335449,263.579,21082.134,6.2,-0.0398646,0.2144119294554293,5
2021-02-16,AMZN,162.70249938964844,165.4149932861328,162.67950439453125,163.44749450683594,163.44749450683594,51494000,21.459999084472656,263.579,21082.134,6.2,0.0260546666666666,0.2755620890983857,6
2021-02-17,AMZN,163.17999267578125,166.04550170898438,162.97500610351562,165.4320068359375,165.4320068359375,65950000,21.5,263.579,21082.134,6.2,-0.0022479999999999,0.3923117528560673,3
2021-02-18,AMZN,164.12100219726562,166.89999389648438,163.69700622558594,166.4114990234375,166.4114990234375,60548000,22.489999771118164,263.579,21082.134,6.2,0.00047025,0.3167904845368172,8
2021-02-19,AMZN,166.4114990234375,166.6750030517578,162.28750610351562,162.4949951171875,162.4949951171875,86104000,22.049999237060547,263.579,21082.134,6.2,0.2445553333333333,0.0114811223028645,3
2021-02-22,AMZN,160.406494140625,161.61599731445312,158.61300659179688,159.03700256347656,159.03700256347656,70314000,23.450000762939453,263.579,21082.134,6.2,0.13808875,0.3243239704332434,4
2021-02-23,AMZN,156.35150146484375,160.2364959716797,154.67999267578125,159.72500610351562,159.72500610351562,93544000,23.11000061035156,263.579,21082.134,6.2,0.0975497999999999,0.1400507521068701,5
2021-02-24,AMZN,158.33749389648438,158.56149291992188,156.2689971923828,157.97650146484375,157.97650146484375,60226000,21.34000015258789,263.579,21082.134,6.2,0.2191072499999999,0.0949720902383958,4
2021-02-25,AMZN,156.83700561523438,158.91299438476562,152.38800048828125,152.85800170898438,152.85800170898438,90676000,28.88999938964844,263.579,21082.134,6.2,0.1015097142857143,0.1066233894911028,7
2021-02-26,AMZN,154.75999450683594,156.1219940185547,151.8350067138672,154.64649963378906,154.64649963378906,85518000,27.950000762939453,263.579,21082.134,6.2,0.0,0.0,0
2021-03-01,AMZN,156.39450073242188,157.47799682617188,154.89950561523438,157.3070068359375,157.3070068359375,54582000,23.350000381469727,264.961,21082.134,6.1,0.1424413333333333,0.2439120311430605,3
2021-03-02,AMZN,157.17349243164062,158.17599487304688,154.3560028076172,154.72650146484375,154.72650146484375,51916000,24.100000381469727,264.961,21082.134,6.1,0.1772281999999999,0.3270398251691986,5
2021-03-03,AMZN,154.0590057373047,155.38900756835938,149.75,150.25,150.25,79774000,26.670000076293945,264.961,21082.134,6.1,0.2574805,0.0640504393466586,2
2021-03-04,AMZN,150.60000610351562,152.906494140625,147.27149963378906,148.8784942626953,148.8784942626953,109632000,28.56999969482422,264.961,21082.134,6.1,0.149502,0.2235141485997027,9
2021-03-05,AMZN,150.25,150.4499969482422,144.0500030517578,150.0229949951172,150.0229949951172,107772000,24.65999984741211,264.961,21082.134,6.1,0.228729,0.1500248219878964,5
2021-03-08,AMZN,150.75,153.22950744628906,147.5655059814453,147.59750366210938,147.59750366210938,83700000,25.46999931335449,264.961,21082.134,6.1,0.1168131999999999,0.2228396482639478,10
2021-03-09,AMZN,150.89950561523438,154.54800415039062,150.25750732421875,153.1425018310547,153.1425018310547,80600000,24.030000686645508,264.961,21082.134,6.1,0.1731974,0.1100417912445085,5
2021-03-10,AMZN,154.92250061035156,155.822998046875,151.50250244140625,152.8820037841797,152.8820037841797,60250000,22.559999465942383,264.961,21082.134,6.1,0.1235,0.0,1
2021-03-11,AMZN,155.20050048828125,156.58900451660156,154.14649963378906,155.67950439453125,155.67950439453125,55528000,21.90999984741211,264.961,21082.134,6.1,0.1560454545454545,0.1374490348066247,11
2021-03-12,AMZN,153.75,154.94900512695312,152.27499389648438,154.47450256347656,154.47450256347656,48438000,20.690000534057617,264.961,21082.134,6.1,0.25328125,0.1092610096462441,4
2021-03-15,AMZN,153.72850036621094,154.11199951171875,151.60450744628906,154.08399963378906,154.08399963378906,58272000,20.030000686645508,264.961,21082.134,6.1,0.2643793333333333,0.075104772039243,6
2021-03-16,AMZN,155.24850463867188,156.44549560546875,153.79299926757812,154.59300231933594,154.59300231933594,50776000,19.790000915527344,264.961,21082.134,6.1,0.13551,0.0,1
2021-03-17,AMZN,153.66099548339844,158.65249633789062,153.51100158691406,156.7864990234375,156.7864990234375,62372000,19.229999542236328,264.961,21082.134,6.1,0.2027012222222222,0.1527294436829207,9
2021-03-18,AMZN,155.0500030517578,155.8314971923828,151.25,151.39950561523438,151.39950561523438,72992000,21.57999992370605,264.961,21082.134,6.1,0.1475955714285714,0.144184799606682,7
2021-03-19,AMZN,151.4615020751953,153.864501953125,150.8314971923828,153.7480010986328,153.7480010986328,92508000,20.950000762939453,264.961,21082.134,6.1,-0.003255,0.1872970299871303,2
2021-03-22,AMZN,153.3925018310547,156.32899475097656,153.00250244140625,155.5435028076172,155.5435028076172,58044000,18.8799991607666,264.961,21082.134,6.1,0.1461276666666666,0.0177879351340545,3
2021-03-23,AMZN,156.35000610351562,159.10000610351562,156.04249572753906,156.875,156.875,76346000,20.299999237060547,264.961,21082.134,6.1,0.043784,0.2622743904234647,2
2021-03-24,AMZN,157.552001953125,158.0155029296875,154.25750732421875,154.35350036621094,154.35350036621094,59180000,21.200000762939453,264.961,21082.134,6.1,0.1458122222222222,0.172535842634058,9
2021-03-25,AMZN,153.64950561523438,155.48899841308594,151.85699462890625,152.31300354003906,152.31300354003906,71270000,19.809999465942383,264.961,21082.134,6.1,0.2388205,0.1354441826159396,2
2021-03-26,AMZN,152.2030029296875,152.83299255371094,149.8000030517578,152.60150146484375,152.60150146484375,66258000,18.86000061035156,264.961,21082.134,6.1,0.15853875,0.3181702110520667,4
2021-03-29,AMZN,152.77200317382812,154.5625,151.42250061035156,153.7864990234375,153.7864990234375,54920000,20.739999771118164,264.961,21082.134,6.1,0.2272165,0.0865941327977825,4
2021-03-30,AMZN,153.50050354003906,153.64999389648438,151.6999969482422,152.76449584960938,152.76449584960938,46752000,19.61000061035156,264.961,21082.134,6.1,0.309161,0.0,1
2021-03-31,AMZN,153.2030029296875,155.9665069580078,153.125,154.70399475097656,154.70399475097656,61878000,19.39999961853028,264.961,21082.134,6.1,0.1771555,0.0829553372526445,6
2021-04-01,AMZN,155.89700317382812,158.1219940185547,155.77749633789062,158.0500030517578,158.0500030517578,58806000,17.329999923706055,266.614,21440.929,6.1,0.1891605999999999,0.0818787972817138,5
2021-04-05,AMZN,158.64999389648438,161.79800415039062,158.06199645996094,161.3365020751953,161.3365020751953,66698000,17.90999984741211,266.614,21440.929,6.1,-0.0574445,0.4305523693170205,2
2021-04-06,AMZN,161.1875,162.36549377441406,160.8520050048828,161.1909942626953,161.1909942626953,50756000,18.1200008392334,266.614,21440.929,6.1,0.148855,0.0315188817615726,5
2021-04-07,AMZN,161.69000244140625,165.1804962158203,161.1824951171875,163.96949768066406,163.96949768066406,66924000,17.15999984741211,266.614,21440.929,6.1,0.1696857777777777,0.1746628977056788,9
2021-04-08,AMZN,165.5449981689453,166.22500610351562,164.60000610351562,164.96499633789062,164.96499633789062,56242000,16.950000762939453,266.614,21440.929,6.1,0.1123054,0.1541305593090913,10
2021-04-09,AMZN,165.23500061035156,168.61000061035156,164.44500732421875,168.61000061035156,168.61000061035156,86830000,16.690000534057617,266.614,21440.929,6.1,0.414892,0.0929562574547835,2
2021-04-12,AMZN,167.760498046875,169.7519989013672,167.5574951171875,168.96949768066406,168.96949768066406,65636000,16.90999984741211,266.614,21440.929,6.1,0.1938585833333333,0.1079711600402948,12
2021-04-13,AMZN,170.04249572753906,171.60000610351562,169.781494140625,170.0,170.0,66316000,16.649999618530273,266.614,21440.929,6.1,0.1880229,0.1084428056478006,10
2021-04-14,AMZN,170.20199584960938,170.2064971923828,166.3000030517578,166.64999389648438,166.64999389648438,62904000,16.989999771118164,266.614,21440.929,6.1,0.1529274,0.0845969751486422,5
2021-04-15,AMZN,168.5500030517578,169.85000610351562,167.60000610351562,168.95449829101562,168.95449829101562,64672000,16.56999969482422,266.614,21440.929,6.1,0.294730375,0.256089145711264,8
2021-04-16,AMZN,169.0,170.33999633789062,167.7794952392578,169.9720001220703,169.9720001220703,63720000,16.25,266.614,21440.929,6.1,0.0617741428571428,0.2011096737814374,7
2021-04-19,AMZN,169.51649475097656,171.79649353027344,168.00799560546875,168.60049438476562,168.60049438476562,54508000,17.290000915527344,266.614,21440.929,6.1,0.302618,0.0227291028566168,4
2021-04-20,AMZN,168.67999267578125,169.14950561523438,165.8000030517578,166.7344970703125,166.7344970703125,52460000,18.68000030517578,266.614,21440.929,6.1,-0.0736441666666666,0.1885776350678061,6
2021-04-21,AMZN,165.8000030517578,168.14300537109375,165.1905059814453,168.1009979248047,168.1009979248047,44224000,17.5,266.614,21440.929,6.1,0.1667178333333333,0.051002167924184,6
2021-04-22,AMZN,168.58399963378906,168.64349365234375,165.07249450683594,165.45199584960938,165.45199584960938,51612000,18.709999084472656,266.614,21440.929,6.1,0.2244285,0.116592878686193,4
2021-04-23,AMZN,165.9550018310547,168.75,165.4250030517578,167.04400634765625,167.04400634765625,63856000,17.329999923706055,266.614,21440.929,6.1,0.221081,0.0,1
2021-04-26,AMZN,167.39999389648438,171.42250061035156,166.5469970703125,170.4499969482422,170.4499969482422,97614000,17.639999389648438,266.614,21440.929,6.1,0.09823,0.0864415371527677,7
2021-04-27,AMZN,172.17349243164062,173.0,169.90049743652344,170.8715057373047,170.8715057373047,76542000,17.559999465942383,266.614,21440.929,6.1,0.4263166666666667,0.2668069217736551,3
2021-04-28,AMZN,171.74000549316406,174.49400329589844,171.25,172.9250030517578,172.9250030517578,92638000,17.280000686645508,266.614,21440.929,6.1,0.1249152222222222,0.2065910720195682,9
2021-04-29,AMZN,175.2550048828125,175.72250366210938,171.75,173.5655059814453,173.5655059814453,153648000,17.610000610351562,266.614,21440.929,6.1,0.393528,0.0663267870823445,4
2021-04-30,AMZN,176.25599670410156,177.6999969482422,173.125,173.37100219726562,173.37100219726562,140186000,18.61000061035156,266.614,21440.929,6.1,0.0993343333333333,0.0642457003801292,3
2021-05-03,AMZN,174.2364959716797,174.33250427246094,168.63499450683594,169.32449340820312,169.32449340820312,117510000,18.309999465942383,268.383,21440.929,5.8,0.2617026666666666,0.0655186189745581,3
2021-05-04,AMZN,167.8094940185547,168.3990020751953,163.60650634765625,165.593505859375,165.593505859375,108788000,19.479999542236328,268.383,21440.929,5.8,0.0967352,0.1370092857553823,5
2021-05-05,AMZN,166.9429931640625,167.73500061035156,163.21800231933594,163.52699279785156,163.52699279785156,74226000,19.14999961853028,268.383,21440.929,5.8,0.0116444,0.3088861242404715,5
2021-05-06,AMZN,163.5,165.72000122070312,162.36000061035156,165.31849670410156,165.31849670410156,88954000,18.38999938964844,268.383,21440.929,5.8,0.22694725,0.1173394946235068,8
2021-05-07,AMZN,165.95449829101562,166.54449462890625,164.45350646972656,164.58050537109375,164.58050537109375,94206000,16.690000534057617,268.383,21440.929,5.8,0.0807556666666666,0.1697243521753237,3
2021-05-10,AMZN,164.11599731445312,164.14999389648438,159.5,159.52450561523438,159.52450561523438,116772000,19.65999984741211,268.383,21440.929,5.8,0.2280824,0.093248030600115,5
2021-05-11,AMZN,156.81399536132812,161.89999389648438,156.36849975585938,161.19549560546875,161.19549560546875,92396000,21.84000015258789,268.383,21440.929,5.8,0.2344014999999999,0.1408747626954523,2
2021-05-12,AMZN,159.25,160.39700317382812,156.65499877929688,157.5970001220703,157.5970001220703,98728000,27.59000015258789,268.383,21440.929,5.8,0.2288772499999999,0.1410989079555543,4
2021-05-13,AMZN,159.27349853515625,160.19200134277344,156.64999389648438,158.07350158691406,158.07350158691406,67018000,23.1299991607666,268.383,21440.929,5.8,0.2734856,0.1427425185766315,10
2021-05-14,AMZN,159.2779998779297,161.4429931640625,159.14999389648438,161.14500427246094,161.14500427246094,66500000,18.809999465942383,268.383,21440.929,5.8,0.3944109999999999,0.0831812133116607,2
2021-05-17,AMZN,162.29649353027344,164.6374969482422,161.72950744628906,163.51950073242188,163.51950073242188,74478000,19.71999931335449,268.383,21440.929,5.8,0.237598,0.1063235864001962,3
2021-05-18,AMZN,164.62899780273438,165.60000610351562,161.51849365234375,161.61399841308594,161.61399841308594,56568000,21.34000015258789,268.383,21440.929,5.8,0.1546126666666666,0.0591292260758868,3
2021-05-19,AMZN,159.75,161.7375030517578,159.1999969482422,161.58999633789062,161.58999633789062,53594000,22.18000030517578,268.383,21440.929,5.8,0.0938646666666666,0.3619027879774715,6
2021-05-20,AMZN,162.22000122070312,162.98399353027344,161.8090057373047,162.38400268554688,162.38400268554688,52664000,20.670000076293945,268.383,21440.929,5.8,0.0562388333333333,0.2059359019330205,6
2021-05-21,AMZN,162.5,162.83450317382812,159.85049438476562,160.1540069580078,160.1540069580078,82098000,20.14999961853028,268.383,21440.929,5.8,0.0404393333333333,0.1047319224989846,3
2021-05-24,AMZN,160.77499389648438,162.8975067138672,160.52499389648438,162.24949645996094,162.24949645996094,48456000,18.39999961853028,268.383,21440.929,5.8,0.30764425,0.1149603479447732,4
2021-05-25,AMZN,163.33349609375,163.99099731445312,160.68800354003906,162.95249938964844,162.95249938964844,65222000,18.84000015258789,268.383,21440.929,5.8,0.1538271666666666,0.0538524140718563,6
2021-05-26,AMZN,163.72950744628906,164.7864990234375,162.92550659179688,163.25799560546875,163.25799560546875,47680000,17.360000610351562,268.383,21440.929,5.8,0.27600375,0.1637257338145523,12
2021-05-27,AMZN,162.8000030517578,163.01800537109375,161.5019989013672,161.5054931640625,161.5054931640625,51224000,16.739999771118164,268.383,21440.929,5.8,0.1779315555555555,0.2440708461841106,9
2021-05-28,AMZN,162.10000610351562,162.39950561523438,160.98500061035156,161.15350341796875,161.15350341796875,46596000,16.760000228881836,268.383,21440.929,5.8,0.2765895,0.0607977481532005,2
2021-06-01,AMZN,162.1750030517578,162.5489959716797,160.4530029296875,160.9324951171875,160.9324951171875,48600000,17.899999618530273,270.654,21440.929,5.9,0.1253445,0.0178865511954279,4
2021-06-02,AMZN,161.15499877929688,161.75,160.39999389648438,161.69949340820312,161.69949340820312,40290000,17.479999542236328,270.654,21440.929,5.9,-0.0058736666666666,0.2996783111062038,6
2021-06-03,AMZN,160.2115020751953,160.7220001220703,159.20150756835938,159.35049438476562,159.35049438476562,47966000,18.040000915527344,270.654,21440.929,5.9,-0.003937,0.2215781706305926,5
2021-06-04,AMZN,160.60000610351562,161.0500030517578,159.9405059814453,160.31100463867188,160.31100463867188,44994000,16.420000076293945,270.654,21440.929,5.9,0.02290975,0.3617342392672416,4
2021-06-07,AMZN,159.8665008544922,160.39999389648438,158.61000061035156,159.90049743652344,159.90049743652344,44316000,16.420000076293945,270.654,21440.929,5.9,0.1280471666666666,0.1758714912604276,6
2021-06-08,AMZN,161.1304931640625,163.97650146484375,160.90049743652344,163.20550537109375,163.20550537109375,68334000,17.06999969482422,270.654,21440.929,5.9,0.14691575,0.1613131371718196,8
2021-06-09,AMZN,163.64349365234375,164.87899780273438,163.53500366210938,164.0574951171875,164.0574951171875,49110000,17.889999389648438,270.654,21440.929,5.9,0.1793275,0.254788677894054,12
2021-06-10,AMZN,164.10049438476562,167.5500030517578,164.0574951171875,167.4824981689453,167.4824981689453,69530000,16.100000381469727,270.654,21440.929,5.9,0.1659696666666666,0.1051903282734048,6
2021-06-11,AMZN,167.4824981689453,168.32899475097656,166.67250061035156,167.3415069580078,167.3415069580078,56348000,15.649999618530272,270.654,21440.929,5.9,0.2212005,0.1177990399982105,2
2021-06-14,AMZN,167.3415069580078,169.25,166.77499389648438,169.19349670410156,169.19349670410156,51394000,16.389999389648438,270.654,21440.929,5.9,0.1931328,0.2652809665754405,5
2021-06-15,AMZN,169.1999969482422,169.84950256347656,168.15550231933594,169.156494140625,169.156494140625,48524000,17.020000457763672,270.654,21440.929,5.9,0.2367645,0.2088948647614734,8
2021-06-16,AMZN,169.60000610351562,171.3175048828125,168.02650451660156,170.7624969482422,170.7624969482422,84056000,18.14999961853028,270.654,21440.929,5.9,0.1778781666666666,0.423632788167024,6
2021-06-17,AMZN,170.15899658203125,174.86000061035156,170.0500030517578,174.46200561523438,174.46200561523438,102730000,17.75,270.654,21440.929,5.9,0.22658,0.1633297015885353,3
2021-06-18,AMZN,173.99949645996094,175.35000610351562,173.6855010986328,174.34500122070312,174.34500122070312,104954000,20.700000762939453,270.654,21440.929,5.9,0.101634,0.3409250211542121,3
2021-06-21,AMZN,173.8209991455078,174.10000610351562,171.6999969482422,172.697998046875,172.697998046875,65542000,17.889999389648438,270.654,21440.929,5.9,0.26378575,0.1921314805799427,12
2021-06-22,AMZN,172.9029998779297,176.18899536132812,172.80450439453125,175.27200317382812,175.27200317382812,66902000,16.65999984741211,270.654,21440.929,5.9,0.1415449999999999,0.1953726635676035,5
2021-06-23,AMZN,175.25,176.0500030517578,174.16000366210938,175.1909942626953,175.1909942626953,56266000,16.31999969482422,270.654,21440.929,5.9,0.117428,0.2990550871712434,3
2021-06-24,AMZN,175.3820037841797,176.2429962158203,171.54249572753906,172.45399475097656,172.45399475097656,76640000,15.970000267028809,270.654,21440.929,5.9,0.1015978888888888,0.2185875330247841,9
2021-06-25,AMZN,173.1999969482422,173.24099731445312,169.70899963378906,170.072998046875,170.072998046875,78820000,15.619999885559082,270.654,21440.929,5.9,0.065509,0.1220780438025883,4
2021-06-28,AMZN,170.8000030517578,172.39999389648438,170.67550659179688,172.1945037841797,172.1945037841797,44856000,15.760000228881836,270.654,21440.929,5.9,0.15269975,0.0351749395296803,4
2021-06-29,AMZN,171.9409942626953,172.80149841308594,171.15150451660156,172.40699768066406,172.40699768066406,41968000,16.020000457763672,270.654,21440.929,5.9,0.1668344444444444,0.1622658404171308,9
2021-06-30,AMZN,172.05299377441406,173.5800018310547,171.75,172.00799560546875,172.00799560546875,48080000,15.829999923706056,270.654,21440.929,5.9,0.20728,0.0804557691447087,4
2021-07-01,AMZN,171.73049926757812,172.85000610351562,170.4709930419922,171.64849853515625,171.64849853515625,40742000,15.479999542236328,271.903,21617.828,5.4,0.17876975,0.0696934884876868,4
2021-07-02,AMZN,172.58200073242188,175.58599853515625,171.8459930419922,175.5489959716797,175.5489959716797,63388000,15.06999969482422,271.903,21617.828,5.4,0.1853553333333333,0.1785273113264933,6
2021-07-06,AMZN,176.5054931640625,184.2740020751953,176.4499969482422,183.78700256347656,183.78700256347656,134896000,16.440000534057617,271.903,21617.828,5.4,0.1181761428571428,0.1958505377427972,7
2021-07-07,AMZN,185.86900329589844,186.7100067138672,183.94549560546875,184.82899475097656,184.82899475097656,106562000,16.200000762939453,271.903,21617.828,5.4,0.18515725,0.0910242133624345,4
2021-07-08,AMZN,182.1779937744141,187.9994964599609,181.05599975585932,186.57049560546875,186.57049560546875,103612000,19.0,271.903,21617.828,5.4,0.0505375,0.4033089592514652,2
2021-07-09,AMZN,186.12600708007807,187.3999938964844,184.6699981689453,185.9669952392578,185.9669952392578,74964000,16.18000030517578,271.903,21617.828,5.4,0.3325059999999999,0.0183171828620014,3
2021-07-12,AMZN,187.1999969482422,187.864501953125,184.8394927978516,185.9275054931641,185.9275054931641,51432000,16.170000076293945,271.903,21617.828,5.4,0.1733846666666666,0.0456375692750318,3
2021-07-13,AMZN,185.10499572753903,188.6540069580078,183.5659942626953,183.8679962158203,183.8679962158203,76918000,17.1200008392334,271.903,21617.828,5.4,0.000969,0.1660937260464705,2
2021-07-14,AMZN,185.4425048828125,185.88299560546875,183.04150390625,184.08399963378903,184.08399963378903,65932000,16.329999923706055,271.903,21617.828,5.4,0.1355195,0.2539279188175258,4
2021-07-15,AMZN,184.7100067138672,184.7700042724609,181.04600524902344,181.5599975585937,181.5599975585937,63706000,17.010000228881836,271.903,21617.828,5.4,0.1851526666666666,0.1103437206707598,6
2021-07-16,AMZN,181.66549682617188,182.3029937744141,178.5229949951172,178.68150329589844,178.68150329589844,80874000,18.450000762939453,271.903,21617.828,5.4,0.067782,0.0795142865444108,4
2021-07-19,AMZN,176.62899780273438,177.510498046875,174.95799255371094,177.47950744628906,177.47950744628906,75692000,22.5,271.903,21617.828,5.4,0.1861553333333333,0.1105572160572675,3
2021-07-20,AMZN,178.36599731445312,179.60000610351562,175.89999389648438,178.6595001220703,178.6595001220703,65114000,19.729999542236328,271.903,21617.828,5.4,0.2492776,0.0987197041314448,5
2021-07-21,AMZN,178.81900024414062,179.32249450683594,177.1820068359375,179.25999450683594,179.25999450683594,46380000,17.90999984741211,271.903,21617.828,5.4,0.1774157272727272,0.1924642914221185,11
2021-07-22,AMZN,179.3614959716797,182.00100708007807,179.11349487304688,181.9015045166016,181.9015045166016,65308000,17.690000534057617,271.903,21617.828,5.4,0.1515998571428571,0.1944476573223315,7
2021-07-23,AMZN,182.0,183.3054962158203,181.1020050048828,182.83200073242188,182.83200073242188,48726000,17.200000762939453,271.903,21617.828,5.4,0.030814,0.1951049324133042,4
2021-07-26,AMZN,183.6584930419922,185.60400390625,182.3625030517578,184.99099731445312,184.99099731445312,58002000,17.579999923706055,271.903,21617.828,5.4,0.180736,0.0,1
2021-07-27,AMZN,184.9250030517578,184.9250030517578,179.3074951171875,181.3195037841797,181.3195037841797,82638000,19.36000061035156,271.903,21617.828,5.4,0.0748375714285714,0.1788988604070813,7
2021-07-28,AMZN,181.68899536132807,182.92100524902344,180.0500030517578,181.51600646972656,181.51600646972656,59988000,18.309999465942383,271.903,21617.828,5.4,0.13067975,0.0139067697513357,4
2021-07-29,AMZN,181.3874969482422,181.8975067138672,179.00050354003906,179.99600219726562,179.99600219726562,110400000,17.700000762939453,271.903,21617.828,5.4,0.1548631428571428,0.1862857574663439,7
2021-07-30,AMZN,167.3975067138672,168.40699768066406,165.3489990234375,166.37950134277344,166.37950134277344,199312000,18.239999771118164,271.903,21617.828,5.4,0.0749734,0.2385760555405759,5
2021-08-02,AMZN,167.65499877929688,167.9459991455078,165.85000610351562,166.57400512695312,166.57400512695312,67078000,19.459999084472656,272.676,21617.828,5.1,0.1465583333333333,0.1999974462561959,9
2021-08-03,AMZN,167.03599548339844,169.5500030517578,164.98849487304688,168.31199645996094,168.31199645996094,83146000,18.040000915527344,272.676,21617.828,5.1,0.2106297777777778,0.2030601948005675,9
2021-08-04,AMZN,168.96749877929688,169.44400024414062,167.2779998779297,167.73599243164062,167.73599243164062,43678000,17.969999313354492,272.676,21617.828,5.1,0.434096,0.0,1
2021-08-05,AMZN,167.81100463867188,169.4499969482422,167.04600524902344,168.79949951171875,168.79949951171875,48670000,17.280000686645508,272.676,21617.828,5.1,0.2833445,0.0605205622949754,2
2021-08-06,AMZN,168.75,168.75,166.45199584960938,167.2469940185547,167.2469940185547,52752000,16.149999618530273,272.676,21617.828,5.1,0.0140146666666666,0.2022065175416789,3
2021-08-09,AMZN,167.1804962158203,167.74400329589844,166.42599487304688,167.093505859375,167.093505859375,42964000,16.719999313354492,272.676,21617.828,5.1,0.128031,0.0026276087988892,2
2021-08-10,AMZN,167.25050354003906,167.89999389648438,165.75,166.03399658203125,166.03399658203125,48252000,16.790000915527344,272.676,21617.828,5.1,0.1649928571428571,0.2086155532356337,7
2021-08-11,AMZN,166.57249450683594,166.88499450683594,163.88949584960938,164.60549926757812,164.60549926757812,58944000,16.170000076293945,272.676,21617.828,5.1,0.13424,0.1878519374294553,7
2021-08-12,AMZN,164.5,165.72549438476562,163.48350524902344,165.1750030517578,165.1750030517578,46282000,15.59000015258789,272.676,21617.828,5.1,0.1037663333333333,0.1425381972969585,6
2021-08-13,AMZN,165.2834930419922,165.30349731445312,164.14999389648438,164.69850158691406,164.69850158691406,41134000,15.449999809265137,272.676,21617.828,5.1,0.059286,0.1463602609030197,6
2021-08-16,AMZN,164.14999389648438,165.0,160.55650329589844,164.94949340820312,164.94949340820312,66394000,16.1200008392334,272.676,21617.828,5.1,0.2222922857142857,0.2101786846857646,7
2021-08-17,AMZN,163.875,164.02450561523438,161.28399658203125,162.09800720214844,162.09800720214844,67758000,17.90999984741211,272.676,21617.828,5.1,-0.122919,0.3188061633657668,2
2021-08-18,AMZN,162.09950256347656,162.7050018310547,160.0,160.06100463867188,160.06100463867188,56086000,21.56999969482422,272.676,21617.828,5.1,0.2717384,0.1188988001234663,5
2021-08-19,AMZN,159.7010040283203,161.64999389648438,159.1230010986328,159.3874969482422,159.3874969482422,75658000,21.670000076293945,272.676,21617.828,5.1,0.2408016,0.0990947115556627,5
2021-08-20,AMZN,160.19349670410156,160.3905029296875,158.78799438476562,159.99749755859375,159.99749755859375,67168000,18.559999465942383,272.676,21617.828,5.1,0.14523375,0.1765949126001369,4
2021-08-23,AMZN,160.59500122070312,164.0449981689453,160.50050354003906,163.2935028076172,163.2935028076172,65362000,17.149999618530273,272.676,21617.828,5.1,0.2384051428571429,0.0868350980219185,7
2021-08-24,AMZN,164.0,165.77450561523438,163.72900390625,165.28900146484375,165.28900146484375,51036000,17.219999313354492,272.676,21617.828,5.1,0.1090243333333333,0.2393439824736217,3
2021-08-25,AMZN,165.49349975585938,166.0500030517578,164.3074951171875,164.95899963378906,164.95899963378906,33606000,16.790000915527344,272.676,21617.828,5.1,0.115325,0.1878371012988745,12
2021-08-26,AMZN,164.9499969482422,166.60000610351562,164.8000030517578,165.8000030517578,165.8000030517578,41976000,18.84000015258789,272.676,21617.828,5.1,0.1731586666666666,0.0935597348239793,3
2021-08-27,AMZN,166.6614990234375,167.61599731445312,165.6875,167.48150634765625,167.48150634765625,48048000,16.389999389648438,272.676,21617.828,5.1,0.1783678,0.2009129936880639,5
2021-08-30,AMZN,167.8715057373047,172.25,167.76100158691406,171.07850646972656,171.07850646972656,63844000,16.190000534057617,272.676,21617.828,5.1,0.0996319999999999,0.315956523037585,2
2021-08-31,AMZN,171.24000549316406,173.62899780273438,169.7794952392578,173.5395050048828,173.5395050048828,87128000,16.479999542236328,272.676,21617.828,5.1,0.2689458,0.1325335332121648,5
2021-09-01,AMZN,174.82000732421875,176.35000610351562,173.76199340820312,173.9499969482422,173.9499969482422,72598000,16.110000610351562,273.91,21617.828,4.7,0.05816475,0.285797943033623,4
2021-09-02,AMZN,174.73800659179688,175.59800720214844,172.75,173.156005859375,173.156005859375,58474000,16.40999984741211,273.91,21617.828,4.7,0.1559918888888888,0.2154392471495412,9
2021-09-03,AMZN,172.60000610351562,174.1334991455078,171.82200622558594,173.90249633789062,173.90249633789062,51514000,16.40999984741211,273.91,21617.828,4.7,0.2729885,0.1415149285752802,4
2021-09-07,AMZN,173.89999389648438,176.4044952392578,173.8470001220703,175.46449279785156,175.46449279785156,54758000,18.13999938964844,273.91,21617.828,4.7,0.0,0.0,0
2021-09-08,AMZN,175.58250427246094,177.281494140625,174.7834930419922,176.27499389648438,176.27499389648438,61068000,17.959999084472656,273.91,21617.828,4.7,0.257526625,0.1045455263741078,8
2021-09-09,AMZN,176.30099487304688,177.49949645996094,174.01849365234375,174.20799255371094,174.20799255371094,54384000,18.799999237060547,273.91,21617.828,4.7,0.0985718571428571,0.1694837236506095,7
2021-09-10,AMZN,175.0915069580078,175.42250061035156,173.14549255371094,173.45750427246094,173.45750427246094,47946000,20.950000762939453,273.91,21617.828,4.7,-0.1325434,0.1704310282087742,5
2021-09-13,AMZN,174.13999938964844,174.8979949951172,171.89999389648438,172.85850524902344,172.85850524902344,51380000,19.3700008392334,273.91,21617.828,4.7,0.1773043333333333,0.1278023502809449,3
2021-09-14,AMZN,173.77749633789062,174.3404998779297,171.885498046875,172.5,172.5,38738000,19.459999084472656,273.91,21617.828,4.7,0.2188333,0.0876390226098574,10
2021-09-15,AMZN,172.12600708007812,174.27099609375,170.10049438476562,173.7895050048828,173.7895050048828,59150000,18.18000030517578,273.91,21617.828,4.7,0.3158685,0.2764282924840847,4
2021-09-16,AMZN,172.9980010986328,174.62750244140625,172.3070068359375,174.41200256347656,174.41200256347656,51672000,18.690000534057617,273.91,21617.828,4.7,0.082589,0.0655327979488133,3
2021-09-17,AMZN,174.42050170898438,174.87049865722656,172.60650634765625,173.12600708007812,173.12600708007812,92332000,20.809999465942383,273.91,21617.828,4.7,0.1331737499999999,0.1963263043360466,4
2021-09-20,AMZN,169.8000030517578,170.9499969482422,165.25050354003906,167.7864990234375,167.7864990234375,93382000,25.709999084472656,273.91,21617.828,4.7,0.1887798333333333,0.218407496076867,6
2021-09-21,AMZN,168.75,168.98500061035156,166.6195068359375,167.18150329589844,167.18150329589844,55618000,24.36000061035156,273.91,21617.828,4.7,0.0854551666666666,0.1738762914228581,6
2021-09-22,AMZN,167.5500030517578,169.4499969482422,167.05250549316406,169.00250244140625,169.00250244140625,48228000,20.8700008392334,273.91,21617.828,4.7,0.2317977777777778,0.0938854486192852,9
2021-09-23,AMZN,169.00250244140625,171.447998046875,169.00250244140625,170.8000030517578,170.8000030517578,47588000,18.6299991607666,273.91,21617.828,4.7,0.1856298333333333,0.1244208299995087,6
2021-09-24,AMZN,170.10049438476562,171.46299743652344,169.6699981689453,171.2760009765625,171.2760009765625,42324000,17.75,273.91,21617.828,4.7,0.0618145,0.0674346524014174,2
2021-09-27,AMZN,168.5749969482422,170.77850341796875,166.98049926757812,170.2899932861328,170.2899932861328,72690000,18.76000022888184,273.91,21617.828,4.7,0.2231375,0.1549691173037389,6
2021-09-28,AMZN,167.885498046875,168.45950317382812,164.5050048828125,165.79800415039062,165.79800415039062,88616000,23.25,273.91,21617.828,4.7,0.2037382727272727,0.1609406569926262,11
2021-09-29,AMZN,166.10549926757812,167.56500244140625,164.89349365234375,165.05599975585938,165.05599975585938,51246000,22.559999465942383,273.91,21617.828,4.7,0.1383595,0.2508579991483229,6
2021-09-30,AMZN,165.8000030517578,166.3925018310547,163.69949340820312,164.2519989013672,164.2519989013672,56848000,23.13999938964844,273.91,21617.828,4.7,-0.0831275,0.3528328487832446,2
2021-10-01,AMZN,164.45050048828125,165.45849609375,162.7969970703125,164.16299438476562,164.16299438476562,56712000,21.100000381469727,276.55,21988.737,4.5,0.1453871666666666,0.2568958570186889,6
2021-10-04,AMZN,163.96949768066406,163.99949645996094,158.8125,159.48899841308594,159.48899841308594,90462000,22.959999084472656,276.55,21988.737,4.5,0.0357056666666666,0.3344741202554641,6
2021-10-05,AMZN,160.22500610351562,163.0364990234375,160.1230010986328,161.0500030517578,161.0500030517578,65384000,21.299999237060547,276.55,21988.737,4.5,0.1304122,0.017571307839771,5
2021-10-06,AMZN,160.67649841308594,163.2169952392578,159.93099975585938,163.10049438476562,163.10049438476562,50660000,21.0,276.55,21988.737,4.5,0.19732175,0.1569676850399015,8
2021-10-07,AMZN,164.57699584960938,166.28750610351562,164.1529998779297,165.1215057373047,165.1215057373047,48182000,19.540000915527344,276.55,21988.737,4.5,0.0758524999999999,0.2157321740777979,4
2021-10-08,AMZN,165.85000610351562,166.07150268554688,164.41000366210938,164.43099975585938,164.43099975585938,39964000,18.770000457763672,276.55,21988.737,4.5,0.24321825,0.0902891172119689,4
2021-10-11,AMZN,163.75,164.62950134277344,161.90499877929688,162.31500244140625,162.31500244140625,40684000,20.0,276.55,21988.737,4.5,0.03668,0.1269286797654494,3
2021-10-12,AMZN,162.85000610351562,163.37649536132812,161.81399536132812,162.3665008544922,162.3665008544922,36392000,19.850000381469727,276.55,21988.737,4.5,0.110966,0.2006866860494238,5
2021-10-13,AMZN,163.48550415039062,164.41900634765625,163.05450439453125,164.21400451660156,164.21400451660156,48402000,18.63999938964844,276.55,21988.737,4.5,0.032461,0.1966567442372623,7
2021-10-14,AMZN,165.12249755859375,165.6300048828125,164.53900146484375,164.9929962158203,164.9929962158203,42190000,16.860000610351562,276.55,21988.737,4.5,0.2640248333333333,0.1046170914380946,6
2021-10-15,AMZN,165.5709991455078,170.52099609375,165.1999969482422,170.4510040283203,170.4510040283203,103598000,16.299999237060547,276.55,21988.737,4.5,0.423309,0.0,1
2021-10-18,AMZN,169.41799926757812,172.45849609375,169.2550048828125,172.33700561523438,172.33700561523438,63482000,16.309999465942383,276.55,21988.737,4.5,0.286868,0.1775364879369872,3
2021-10-19,AMZN,171.71449279785156,172.7344970703125,171.10000610351562,172.20750427246094,172.20750427246094,47722000,15.699999809265137,276.55,21988.737,4.5,0.2293674444444444,0.2056574611928236,9
2021-10-20,AMZN,172.63299560546875,173.14300537109375,170.01849365234375,170.7530059814453,170.7530059814453,42796000,15.489999771118164,276.55,21988.737,4.5,0.1331665,0.0144567981413589,2
2021-10-21,AMZN,170.71249389648438,172.01400756835938,170.14999389648438,171.75050354003906,171.75050354003906,37628000,15.010000228881836,276.55,21988.737,4.5,0.1124488571428571,0.1796443087960471,7
2021-10-22,AMZN,171.0500030517578,171.49200439453125,166.56500244140625,166.77749633789062,166.77749633789062,62782000,15.43000030517578,276.55,21988.737,4.5,0.123956,0.0,1
2021-10-25,AMZN,166.75,167.38999938964844,164.88499450683594,166.01849365234375,166.01849365234375,44520000,15.239999771118164,276.55,21988.737,4.5,0.2070355,0.1887154335387392,8
2021-10-26,AMZN,167.47549438476562,170.80599975585938,167.19900512695312,168.80349731445312,168.80349731445312,53966000,15.979999542236328,276.55,21988.737,4.5,0.2069862999999999,0.1342358987628785,10
2021-10-27,AMZN,169.39999389648438,171.85000610351562,168.57249450683594,169.62449645996094,169.62449645996094,54044000,16.979999542236328,276.55,21988.737,4.5,0.27415975,0.1219109499631458,4
2021-10-28,AMZN,170.10499572753906,173.9499969482422,169.3000030517578,172.32850646972656,172.32850646972656,114174000,16.530000686645508,276.55,21988.737,4.5,0.0293894,0.2780705402812387,5
2021-10-29,AMZN,165.00100708007812,168.74099731445312,163.66600036621094,168.6215057373047,168.6215057373047,129722000,16.260000228881836,276.55,21988.737,4.5,0.1303641999999999,0.237869751483547,10
2021-11-01,AMZN,168.08999633789062,168.79299926757812,164.6009979248047,165.90550231933594,165.90550231933594,72178000,16.40999984741211,278.919,21988.737,4.1,0.1623289,0.2804851607429329,10
2021-11-02,AMZN,165.75050354003906,166.55599975585938,164.17750549316406,165.6374969482422,165.6374969482422,52552000,16.030000686645508,278.919,21988.737,4.1,0.2503156666666666,0.1903750287997352,9
2021-11-03,AMZN,165.4499969482422,169.74600219726562,164.87600708007812,169.1999969482422,169.1999969482422,67944000,15.100000381469728,278.919,21988.737,4.1,0.2324985833333333,0.1713814805049931,12
2021-11-04,AMZN,168.5,174.93150329589844,168.25,173.85000610351562,173.85000610351562,107060000,15.4399995803833,278.919,21988.737,4.1,0.1515584545454545,0.1986326388161641,11
2021-11-05,AMZN,173.85000610351562,178.3125,173.8489990234375,175.94949340820312,175.94949340820312,99940000,16.479999542236328,278.919,21988.737,4.1,0.1139605,0.304364220859647,6
2021-11-08,AMZN,176.16200256347656,178.9499969482422,174.39300537109375,174.44900512695312,174.44900512695312,61480000,17.219999313354492,278.919,21988.737,4.1,0.15961,0.1330403443095364,9
2021-11-09,AMZN,175.7624969482422,179.68850708007812,175.07150268554688,178.81149291992188,178.81149291992188,85898000,17.780000686645508,278.919,21988.737,4.1,0.2298065,0.1424076369671635,8
2021-11-10,AMZN,178.19349670410156,180.2725067138672,173.1544952392578,174.1024932861328,174.1024932861328,80548000,18.729999542236328,278.919,21988.737,4.1,0.2493328333333333,0.2403578098505781,6
2021-11-11,AMZN,175.64999389648438,177.16200256347656,173.37350463867188,173.625,173.625,45288000,17.65999984741211,278.919,21988.737,4.1,0.203949,0.1094861296009681,3
2021-11-12,AMZN,174.25,177.0364990234375,172.3524932861328,176.25750732421875,176.25750732421875,53788000,16.290000915527344,278.919,21988.737,4.1,0.124567,0.0,1
2021-11-15,AMZN,176.85000610351562,179.69400024414062,176.29049682617188,177.28399658203125,177.28399658203125,58594000,16.489999771118164,278.919,21988.737,4.1,0.2502419999999999,0.0850011696184235,5
2021-11-16,AMZN,176.9499969482422,178.8249969482422,176.25750732421875,177.03500366210938,177.03500366210938,44342000,16.3700008392334,278.919,21988.737,4.1,0.1441093,0.2135064805345105,10
2021-11-17,AMZN,178.23599243164062,179.3625030517578,177.2675018310547,177.4499969482422,177.4499969482422,51206000,17.110000610351562,278.919,21988.737,4.1,0.0346436666666666,0.275300156201675,6
2021-11-18,AMZN,178.3175048828125,185.2100067138672,178.0500030517578,184.8029937744141,184.8029937744141,114070000,17.59000015258789,278.919,21988.737,4.1,0.320473,0.1046180475847472,10
2021-11-19,AMZN,185.634506225586,188.1074981689453,183.78599548339844,183.82850646972656,183.82850646972656,98734000,17.90999984741211,278.919,21988.737,4.1,0.084865,0.3412027038828971,9
2021-11-22,AMZN,183.81900024414065,185.67300415039065,178.375,178.6284942626953,178.6284942626953,96844000,19.170000076293945,278.919,21988.737,4.1,0.2140501666666666,0.0799437138852497,6
2021-11-23,AMZN,179.2519989013672,181.0525054931641,176.385498046875,179.0019989013672,179.0019989013672,73804000,19.3799991607666,278.919,21988.737,4.1,-0.0202293333333333,0.2555285346107814,3
2021-11-24,AMZN,178.1334991455078,180.6820068359375,176.84249877929688,179.02049255371094,179.02049255371094,46560000,18.57999992370605,278.919,21988.737,4.1,0.108022,0.0029684342674211,2
2021-11-26,AMZN,180.10499572753906,181.6750030517578,175.20750427246094,175.22799682617188,175.22799682617188,59826000,28.6200008392334,278.919,21988.737,4.1,0.2339629999999999,0.1604948545530354,2
2021-11-29,AMZN,177.3820037841797,179.8000030517578,176.5749969482422,178.07850646972656,178.07850646972656,65312000,22.959999084472656,278.919,21988.737,4.1,0.1850256666666666,0.1365077027492099,6
2021-11-30,AMZN,178.1750030517578,179.2884979248047,174.60049438476562,175.35350036621094,175.35350036621094,80022000,27.190000534057617,278.919,21988.737,4.1,0.3857669999999999,0.0667910160725228,3
2021-12-01,AMZN,177.25,177.99400329589844,172.0800018310547,172.18600463867188,172.18600463867188,74916000,31.1200008392334,280.845,21988.737,3.9,0.2954833333333334,0.1502552642083908,3
2021-12-02,AMZN,173.0,174.63499450683594,171.1875,171.8679962158203,171.8679962158203,64726000,27.950000762939453,280.845,21988.737,3.9,0.1072641666666666,0.1984258231313824,6
2021-12-03,AMZN,172.75,173.49349975585938,166.92999267578125,169.489501953125,169.489501953125,80712000,30.670000076293945,280.845,21988.737,3.9,0.0619295714285714,0.1914409257123958,7
2021-12-06,AMZN,169.64999389648438,173.69549560546875,166.9344940185547,171.36849975585938,171.36849975585938,68860000,27.18000030517578,280.845,21988.737,3.9,0.244014,0.0,1
2021-12-07,AMZN,174.60000610351562,177.49949645996094,173.33450317382812,176.1645050048828,176.1645050048828,66410000,21.88999938964844,280.845,21988.737,3.9,0.1253355,0.2541592578147498,10
2021-12-08,AMZN,176.15049743652344,177.17999267578125,174.75050354003906,176.1580047607422,176.1580047607422,45254000,19.89999961853028,280.845,21988.737,3.9,0.2230014285714285,0.2035141904297725,7
2021-12-09,AMZN,175.75,176.96949768066406,174.13949584960938,174.17100524902344,174.17100524902344,46062000,21.57999992370605,280.845,21988.737,3.9,0.2900746666666666,0.199514659422142,3
2021-12-10,AMZN,175.41700744628906,175.927001953125,170.5,172.21200561523438,172.21200561523438,60690000,18.690000534057617,280.845,21988.737,3.9,0.0114099999999999,0.139967007545826,4
2021-12-13,AMZN,172.0,172.10000610351562,169.1300048828125,169.5675048828125,169.5675048828125,62170000,20.309999465942383,280.845,21988.737,3.9,0.1355836249999999,0.1845946866476757,8
2021-12-14,AMZN,167.5500030517578,169.49899291992188,166.44000244140625,169.0915069580078,169.0915069580078,55976000,21.88999938964844,280.845,21988.737,3.9,0.1095334,0.3059241487465479,5
2021-12-15,AMZN,168.59800720214844,173.60000610351562,165.19500732421875,173.31500244140625,173.31500244140625,75794000,19.290000915527344,280.845,21988.737,3.9,0.22864525,0.1263763052115256,4
2021-12-16,AMZN,173.36849975585938,174.16600036621094,168.16050720214844,168.87100219726562,168.87100219726562,60876000,20.56999969482422,280.845,21988.737,3.9,0.1503325555555555,0.1388538560700702,9
2021-12-17,AMZN,167.7104949951172,170.89849853515625,165.61349487304688,170.0175018310547,170.0175018310547,85542000,21.56999969482422,280.845,21988.737,3.9,0.0485851666666666,0.1835082879429882,6
2021-12-20,AMZN,166.85000610351562,167.87449645996094,165.60000610351562,167.07899475097656,167.07899475097656,57372000,22.8700008392334,280.845,21988.737,3.9,0.0195299999999999,0.2385344431684168,7
2021-12-21,AMZN,167.85049438476562,170.7165069580078,165.6475067138672,170.41700744628906,170.41700744628906,55956000,21.01000022888184,280.845,21988.737,3.9,0.047192,0.0215370583413798,2
2021-12-22,AMZN,169.27000427246094,172.0500030517578,168.50050354003906,171.03700256347656,171.03700256347656,55036000,18.6299991607666,280.845,21988.737,3.9,0.0318921999999999,0.1608310555573767,5
2021-12-23,AMZN,170.42799377441406,171.97500610351562,170.14999389648438,171.06849670410156,171.06849670410156,36788000,17.959999084472656,280.845,21988.737,3.9,0.0991886,0.1563434559001431,5
2021-12-27,AMZN,171.03700256347656,172.9429931640625,169.2154998779297,169.66949462890625,169.66949462890625,58688000,17.68000030517578,280.845,21988.737,3.9,0.186823,0.0968382736834976,2
2021-12-28,AMZN,170.1824951171875,172.17599487304688,169.135498046875,170.66099548339844,170.66099548339844,54638000,17.540000915527344,280.845,21988.737,3.9,0.0788229999999999,0.2474447292649411,3
2021-12-29,AMZN,170.83999633789062,171.21200561523438,168.60049438476562,169.2010040283203,169.2010040283203,35754000,16.950000762939453,280.845,21988.737,3.9,0.453254,0.0053329993437089,2
2021-12-30,AMZN,169.6999969482422,170.88800048828125,168.5240020751953,168.64450073242188,168.64450073242188,37584000,17.329999923706055,280.845,21988.737,3.9,0.108342,0.0,1
2021-12-31,AMZN,168.95599365234375,169.35000610351562,166.55850219726562,166.7169952392578,166.7169952392578,47830000,17.219999313354492,280.845,21988.737,3.9,0.0,0.0,0
2022-01-03,AMZN,167.5500030517578,170.70350646972656,166.16050720214844,170.4044952392578,170.4044952392578,63520000,16.600000381469727,282.543,21932.71,4.0,0.238543,0.0,1
2022-01-04,AMZN,170.43800354003906,171.39999389648438,166.34950256347656,167.52200317382812,167.52200317382812,70726000,16.90999984741211,282.543,21932.71,4.0,-0.06571575,0.2753399035233542,4
2022-01-05,AMZN,166.88299560546875,167.12649536132812,164.35699462890625,164.35699462890625,164.35699462890625,64302000,19.729999542236328,282.543,21932.71,4.0,0.2000692857142857,0.2440139291473025,7
2022-01-06,AMZN,163.45050048828125,164.8000030517578,161.93699645996094,163.25399780273438,163.25399780273438,51958000,19.61000061035156,282.543,21932.71,4.0,0.2612695,0.0911836081632366,4
2022-01-07,AMZN,163.83900451660156,165.24349975585938,162.031005859375,162.5540008544922,162.5540008544922,46606000,18.76000022888184,282.543,21932.71,4.0,0.129459,0.0,1
2022-01-10,AMZN,160.5854949951172,161.6614990234375,156.30450439453125,161.48599243164062,161.48599243164062,87798000,19.39999961853028,282.543,21932.71,4.0,0.1102148,0.2694370222050043,5
2022-01-11,AMZN,161.5,166.35000610351562,160.70150756835938,165.36199951171875,165.36199951171875,62806000,18.40999984741211,282.543,21932.71,4.0,0.2866376666666667,0.0379746205291551,3
2022-01-12,AMZN,166.5749969482422,166.8780059814453,164.41700744628906,165.20700073242188,165.20700073242188,50030000,17.6200008392334,282.543,21932.71,4.0,0.074604,0.1900720441543153,3
2022-01-13,AMZN,165.25050354003906,166.22149658203125,161.09100341796875,161.21400451660156,161.21400451660156,52188000,20.309999465942383,282.543,21932.71,4.0,0.2651531666666666,0.0743776606903354,6
2022-01-14,AMZN,160.14999389648438,162.25,159.80050659179688,162.13800048828125,162.13800048828125,45974000,19.190000534057617,282.543,21932.71,4.0,-0.1036869999999999,0.2297898658100483,3
2022-01-18,AMZN,159.10499572753906,159.7344970703125,157.6645050048828,158.91749572753906,158.91749572753906,67292000,22.790000915527344,282.543,21932.71,4.0,0.0562718,0.2534936051534633,5
2022-01-19,AMZN,158.76199340820312,159.25,156.25,156.2989959716797,156.2989959716797,53242000,23.850000381469727,282.543,21932.71,4.0,0.125254,0.2373593204574027,6
2022-01-20,AMZN,156.76600646972656,158.0,151.3509979248047,151.66749572753906,151.66749572753906,71974000,25.59000015258789,282.543,21932.71,4.0,0.239882,0.0934605345587109,4
2022-01-21,AMZN,149.9499969482422,150.89999389648438,142.07049560546875,142.64300537109375,142.64300537109375,163972000,28.850000381469727,282.543,21932.71,4.0,0.198932,0.1193497251693526,2
2022-01-24,AMZN,139.0,144.94500732421875,135.3520050048828,144.54400634765625,144.54400634765625,155624000,29.89999961853028,282.543,21932.71,4.0,0.24394,0.101894312549818,4
2022-01-25,AMZN,142.24249267578125,143.60000610351562,138.14500427246094,139.98599243164062,139.98599243164062,90824000,31.15999984741211,282.543,21932.71,4.0,-0.0358396666666666,0.1807671945938569,3
2022-01-26,AMZN,144.75,145.18499755859375,137.31849670410156,138.87249755859375,138.87249755859375,95602000,31.959999084472656,282.543,21932.71,4.0,0.20443575,0.1000165975871838,4
2022-01-27,AMZN,140.8000030517578,144.24349975585938,139.35000610351562,139.6374969482422,139.6374969482422,77516000,30.489999771118164,282.543,21932.71,4.0,0.2628095,0.1138851134832819,6
2022-01-28,AMZN,140.86050415039062,143.9980010986328,137.92950439453125,143.97799682617188,143.97799682617188,74392000,27.65999984741211,282.543,21932.71,4.0,0.2394485,0.1390801256848008,2
2022-01-31,AMZN,144.75,150.36050415039062,144.30050659179688,149.57350158691406,149.57350158691406,78308000,24.82999992370605,282.543,21932.71,4.0,0.121372,0.0133284503600381,3
2022-02-01,AMZN,150.0,151.70799255371094,147.62750244140625,151.19349670410156,151.19349670410156,59220000,21.959999084472656,284.5,21932.71,3.9,0.2462245,0.1657662137399134,4
2022-02-02,AMZN,155.05050659179688,155.0749969482422,148.86349487304688,150.6125030517578,150.6125030517578,87330000,22.09000015258789,284.5,21932.71,3.9,0.1642338,0.2334990950286531,5
2022-02-03,AMZN,141.7375030517578,144.24749755859375,138.33299255371094,138.8455047607422,138.8455047607422,225532000,24.350000381469727,284.5,21932.71,3.9,0.1537881818181818,0.1603507075037825,11
2022-02-04,AMZN,155.60650634765625,161.1999969482422,150.60800170898438,157.63949584960938,157.63949584960938,253456000,23.21999931335449,284.5,21932.71,3.9,0.3186985714285714,0.1184230518295278,7
2022-02-07,AMZN,158.52000427246094,162.6909942626953,157.25,157.9355010986328,157.9355010986328,102624000,22.86000061035156,284.5,21932.71,3.9,0.2633954999999999,0.0689916146056895,6
2022-02-08,AMZN,156.75050354003906,161.79249572753906,155.55050659179688,161.4134979248047,161.4134979248047,76040000,21.440000534057617,284.5,21932.71,3.9,0.2828392857142857,0.1290710811035458,7
2022-02-09,AMZN,162.87350463867188,163.83450317382812,160.25,161.1894989013672,161.1894989013672,68786000,19.959999084472656,284.5,21932.71,3.9,-0.0082105,0.1952852152941947,2
2022-02-10,AMZN,158.35000610351562,160.7165069580078,157.75,159.0034942626953,159.0034942626953,68268000,23.90999984741211,284.5,21932.71,3.9,0.2650956666666667,0.1625808372320264,6
2022-02-11,AMZN,158.13450622558594,159.0,152.73399353027344,153.2935028076172,153.2935028076172,77100000,27.36000061035156,284.5,21932.71,3.9,0.1781367142857143,0.2103013058025035,7
2022-02-14,AMZN,151.75100708007812,158.44850158691406,151.64999389648438,155.16700744628906,155.16700744628906,83230000,28.32999992370605,284.5,21932.71,3.9,0.180977125,0.1899362888477814,8
2022-02-15,AMZN,157.60549926757812,158.0070037841797,154.6374969482422,156.510498046875,156.510498046875,56440000,25.700000762939453,284.5,21932.71,3.9,0.18790175,0.1232938732158584,12
2022-02-16,AMZN,155.79049682617188,158.83399963378906,154.7344970703125,158.10049438476562,158.10049438476562,52704000,24.290000915527344,284.5,21932.71,3.9,0.0370956666666666,0.3822169372363466,3
2022-02-17,AMZN,158.14599609375,160.3489990234375,154.5,154.65249633789062,154.65249633789062,64032000,28.11000061035156,284.5,21932.71,3.9,0.1842366666666667,0.1070183380609759,3
2022-02-18,AMZN,155.49949645996094,155.49949645996094,150.89300537109375,152.60150146484375,152.60150146484375,63604000,27.75,284.5,21932.71,3.9,0.29946575,0.115415943616628,4
2022-02-22,AMZN,150.47850036621094,152.9824981689453,148.48550415039062,150.19749450683594,150.19749450683594,66128000,28.809999465942383,284.5,21932.71,3.9,0.03518225,0.2201470247559949,4
2022-02-23,AMZN,151.65049743652344,151.76300048828125,144.6510009765625,144.82699584960938,144.82699584960938,64244000,31.020000457763672,284.5,21932.71,3.9,0.234816,0.0,1
2022-02-24,AMZN,139.83749389648438,151.74899291992188,139.5,151.35800170898438,151.35800170898438,100786000,30.31999969482422,284.5,21932.71,3.9,0.0465488,0.2411800074440251,5
2022-02-25,AMZN,150.5500030517578,153.99000549316406,149.2135009765625,153.7884979248047,153.7884979248047,62396000,27.59000015258789,284.5,21932.71,3.9,0.245473,0.2005680100564394,2
2022-02-28,AMZN,152.4250030517578,154.4499969482422,150.85000610351562,153.56300354003906,153.56300354003906,57684000,30.14999961853028,284.5,21932.71,3.9,0.3101890909090909,0.0937905476585509,11
2022-03-01,AMZN,152.7324981689453,154.0989990234375,149.9770050048828,151.14199829101562,151.14199829101562,44874000,33.31999969482422,287.674,21932.71,3.7,0.1898866666666666,0.1342901629321125,3
2022-03-02,AMZN,150.8489990234375,152.99949645996094,148.75,152.05250549316406,152.05250549316406,47334000,30.739999771118164,287.674,21932.71,3.7,0.1427745714285714,0.1754249298378626,7
2022-03-03,AMZN,153.531494140625,153.9290008544922,146.8560028076172,147.89849853515625,147.89849853515625,65198000,30.479999542236328,287.674,21932.71,3.7,-0.189431,0.2507646590504066,4
2022-03-04,AMZN,147.15899658203125,147.85000610351562,143.8070068359375,145.64100646972656,145.64100646972656,60934000,31.979999542236328,287.674,21932.71,3.7,0.2668073333333333,0.1049059148253011,3
2022-03-07,AMZN,145.44349670410156,146.09449768066406,137.41650390625,137.4530029296875,137.4530029296875,86934000,36.45000076293945,287.674,21932.71,3.7,0.1601719999999999,0.0747086598594834,2
2022-03-08,AMZN,136.68350219726562,140.69949340820312,133.57249450683594,136.01449584960938,136.01449584960938,91662000,35.130001068115234,287.674,21932.71,3.7,-0.0674146,0.1269957342838727,5
2022-03-09,AMZN,139.5,140.25,136.8280029296875,139.2790069580078,139.2790069580078,82656000,32.45000076293945,287.674,21932.71,3.7,0.265323,0.2299043869307412,7
2022-03-10,AMZN,145.68499755859375,148.67449951171875,143.97799682617188,146.8175048828125,146.8175048828125,135062000,30.229999542236328,287.674,21932.71,3.7,0.1942463333333333,0.2531520118179325,6
2022-03-11,AMZN,149.57449340820312,149.6750030517578,145.36900329589844,145.52450561523438,145.52450561523438,68900000,30.75,287.674,21932.71,3.7,0.2270926,0.257757934685433,5
2022-03-14,AMZN,145.9810028076172,147.4499969482422,140.88400268554688,141.85299682617188,141.85299682617188,74086000,31.770000457763672,287.674,21932.71,3.7,0.314621,0.0,1
2022-03-15,AMZN,142.85000610351562,147.98500061035156,142.0,147.3665008544922,147.3665008544922,75584000,29.82999992370605,287.674,21932.71,3.7,0.15774125,0.2256038460365869,8
2022-03-16,AMZN,148.5,153.14999389648438,147.35350036621094,153.10400390625,153.10400390625,84958000,26.670000076293945,287.674,21932.71,3.7,0.1444747142857143,0.1958673541351512,7
2022-03-17,AMZN,152.6405029296875,157.49850463867188,152.13999938964844,157.23899841308594,157.23899841308594,72934000,25.670000076293945,287.674,21932.71,3.7,0.161371875,0.2269128750483242,8
2022-03-18,AMZN,156.81300354003906,161.593994140625,156.01100158691406,161.25050354003906,161.25050354003906,102962000,23.8700008392334,287.674,21932.71,3.7,0.0,0.0,0
2022-03-21,AMZN,161.12100219726562,163.08399963378906,159.55299377441406,161.4915008544922,161.4915008544922,66538000,23.530000686645508,287.674,21932.71,3.7,0.1103258,0.2122252284406828,5
2022-03-22,AMZN,161.8054962158203,166.16700744628906,161.69900512695312,164.88900756835938,164.88900756835938,64086000,22.940000534057617,287.674,21932.71,3.7,0.2207702857142857,0.211139413465538,7
2022-03-23,AMZN,163.7050018310547,166.3699951171875,162.68699645996094,163.4080047607422,163.4080047607422,55812000,23.56999969482422,287.674,21932.71,3.7,-0.0569625,0.3856680592744231,2
2022-03-24,AMZN,163.74949645996094,164.11849975585938,160.0500030517578,163.64950561523438,163.64950561523438,56798000,21.670000076293945,287.674,21932.71,3.7,0.18746725,0.1536208334056614,4
2022-03-25,AMZN,164.0,165.36849975585938,162.25,164.77349853515625,164.77349853515625,49032000,20.809999465942383,287.674,21932.71,3.7,0.0,0.0,0
2022-03-28,AMZN,164.97500610351562,169.03750610351562,164.89999389648438,168.99049377441406,168.99049377441406,59854000,19.6299991607666,287.674,21932.71,3.7,0.130118,0.2823144370791783,4
2022-03-29,AMZN,170.38400268554688,170.8314971923828,167.86849975585938,169.31500244140625,169.31500244140625,66154000,18.89999961853028,287.674,21932.71,3.7,0.372522,0.051516971650127,2
2022-03-30,AMZN,168.50950622558594,168.95050048828125,165.5,166.30099487304688,166.30099487304688,56168000,19.32999992370605,287.674,21932.71,3.7,0.18365325,0.1536937791935175,8
2022-03-31,AMZN,166.44500732421875,166.4949951171875,162.95350646972656,162.99749755859375,162.99749755859375,59966000,20.559999465942383,287.674,21932.71,3.7,0.1569285,0.0904216492015785,4
2022-04-01,AMZN,164.14950561523438,165.82699584960938,162.3195037841797,163.55999755859375,163.55999755859375,57090000,19.6299991607666,288.561,21967.045,3.7,0.0608208333333333,0.2581883442182599,6
2022-04-04,AMZN,164.125,168.39450073242188,163.20550537109375,168.34649658203125,168.34649658203125,49882000,18.56999969482422,288.561,21967.045,3.7,0.131599,0.2299163321482404,5
2022-04-05,AMZN,167.7415008544922,168.11050415039062,163.26600646972656,164.05499267578125,164.05499267578125,53728000,21.030000686645508,288.561,21967.045,3.7,0.255855,0.1515654691214328,4
2022-04-06,AMZN,161.65049743652344,162.1999969482422,157.25450134277344,158.75599670410156,158.75599670410156,79056000,22.100000381469727,288.561,21967.045,3.7,0.236431,0.3931520361526823,3
2022-04-07,AMZN,158.39999389648438,160.07899475097656,154.51150512695312,157.7845001220703,157.7845001220703,68136000,21.549999237060547,288.561,21967.045,3.7,0.1180286666666666,0.2719124317759916,3
2022-04-08,AMZN,156.75,157.36849975585938,154.2310028076172,154.4604949951172,154.4604949951172,46002000,21.15999984741211,288.561,21967.045,3.7,0.146951,0.0,1
2022-04-11,AMZN,152.71299743652344,154.13650512695312,150.5345001220703,151.1219940185547,151.1219940185547,52112000,24.3700008392334,288.561,21967.045,3.7,0.0998608571428571,0.2312957271463155,7
2022-04-12,AMZN,153.6925048828125,155.0989990234375,150.38299560546875,150.78750610351562,150.78750610351562,55178000,24.26000022888184,288.561,21967.045,3.7,0.19045425,0.0910161681566993,8
2022-04-13,AMZN,150.01849365234375,156.02499389648438,149.60000610351562,155.54100036621094,155.54100036621094,53390000,21.81999969482422,288.561,21967.045,3.7,0.254671,0.1511599676799383,3
2022-04-14,AMZN,155.38999938964844,155.89700317382812,151.4720001220703,151.7064971923828,151.7064971923828,51598000,22.700000762939453,288.561,21967.045,3.7,0.266137,0.1656944358047869,4
2022-04-18,AMZN,151.52349853515625,154.0395050048828,150.25050354003906,152.78500366210938,152.78500366210938,46514000,22.170000076293945,288.561,21967.045,3.7,0.0965778,0.2336617582076707,5
2022-04-19,AMZN,152.0294952392578,158.6490020751953,151.55050659179688,158.11549377441406,158.11549377441406,54926000,21.3700008392334,288.561,21967.045,3.7,0.0570626,0.2151054215129564,10
2022-04-20,AMZN,157.6024932861328,157.6024932861328,153.60350036621094,153.9980010986328,153.9980010986328,59630000,20.31999969482422,288.561,21967.045,3.7,0.0548981999999999,0.3031747439102846,10
2022-04-21,AMZN,154.71400451660156,156.73800659179688,147.58949279785156,148.29600524902344,148.29600524902344,63970000,22.68000030517578,288.561,21967.045,3.7,0.232128,0.2568997563380927,8
2022-04-22,AMZN,148.25,149.61500549316406,143.69749450683594,144.35000610351562,144.35000610351562,73078000,28.209999084472656,288.561,21967.045,3.7,0.2110943333333333,0.1061944955698426,3
2022-04-25,AMZN,144.0229949951172,146.22149658203125,142.30650329589844,146.07400512695312,146.07400512695312,61874000,27.020000457763672,288.561,21967.045,3.7,0.1716073636363636,0.1674568531319472,11
2022-04-26,AMZN,144.8000030517578,144.8560028076172,138.92950439453125,139.39100646972656,139.39100646972656,77530000,33.52000045776367,288.561,21967.045,3.7,0.0357525,0.1674920939238625,4
2022-04-27,AMZN,140.19149780273438,141.94850158691406,135.7834930419922,138.16700744628906,138.16700744628906,71336000,31.600000381469727,288.561,21967.045,3.7,0.2478756666666667,0.1222286601393742,6
2022-04-28,AMZN,142.17799377441406,145.9375,140.3000030517578,144.59649658203125,144.59649658203125,117316000,29.989999771118164,288.561,21967.045,3.7,0.1979935,0.1877367109411476,4
2022-04-29,AMZN,129.8489990234375,130.76100158691406,121.625,124.28150177001952,124.28150177001952,272662000,33.400001525878906,288.561,21967.045,3.7,0.020509375,0.3404042388174927,16
2022-05-02,AMZN,122.4010009765625,124.66799926757812,118.375,124.5,124.5,148788000,32.34000015258789,291.298,21967.045,3.6,-0.0129215,0.2514477882139087,4
2022-05-03,AMZN,124.05349731445312,126.22049713134766,122.8249969482422,124.25350189208984,124.25350189208984,79134000,29.25,291.298,21967.045,3.6,0.2114862222222222,0.1927506503508988,9
2022-05-04,AMZN,123.5999984741211,126.0,119.18299865722656,125.92849731445312,125.92849731445312,110746000,25.420000076293945,291.298,21967.045,3.6,0.1388256153846153,0.21057208624623,13
2022-05-05,AMZN,123.0,123.4990005493164,115.07250213623048,116.40699768066406,116.40699768066406,144392000,31.200000762939453,291.298,21967.045,3.6,-0.0429026666666666,0.3537672351723658,9
2022-05-06,AMZN,114.8499984741211,119.05049896240234,113.0814971923828,114.77249908447266,114.77249908447266,124260000,30.190000534057617,291.298,21967.045,3.6,-0.0951118,0.2890282341721998,5
2022-05-09,AMZN,111.3125,114.0,107.95700073242188,108.78900146484376,108.78900146484376,128124000,34.75,291.298,21967.045,3.6,0.201052,0.0,1
2022-05-10,AMZN,111.25,112.64250183105467,107.1709976196289,108.85900115966795,108.85900115966795,105434000,32.9900016784668,291.298,21967.045,3.6,0.086754,0.1839512886880654,4
2022-05-11,AMZN,108.10350036621094,110.15599822998048,104.42849731445312,105.37200164794922,105.37200164794922,109704000,32.560001373291016,291.298,21967.045,3.6,0.151274625,0.186566055838475,8
2022-05-12,AMZN,102.75,110.78050231933594,102.40550231933594,106.93049621582033,106.93049621582033,132026000,31.770000457763672,291.298,21967.045,3.6,0.1669121,0.1260493278059118,10
2022-05-13,AMZN,109.06900024414062,113.18399810791016,107.8000030517578,113.05500030517578,113.05500030517578,93684000,28.8700008392334,291.298,21967.045,3.6,0.08360275,0.1360116067286783,4
2022-05-16,AMZN,113.0999984741211,113.99250030517578,110.35399627685548,110.8105010986328,110.8105010986328,74566000,27.46999931335449,291.298,21967.045,3.6,0.1867878,0.0583751298259798,5
2022-05-17,AMZN,113.2750015258789,115.8000030517578,111.27649688720705,115.36849975585938,115.36849975585938,76448000,26.100000381469727,291.298,21967.045,3.6,-0.0736705,0.2391935460409972,4
2022-05-18,AMZN,111.4394989013672,112.85299682617188,106.2490005493164,107.1125030517578,107.1125030517578,108380000,30.959999084472656,291.298,21967.045,3.6,0.13395,0.1920686000663007,8
2022-05-19,AMZN,106.28050231933594,110.03399658203124,106.19300079345705,107.31900024414062,107.31900024414062,88142000,29.350000381469727,291.298,21967.045,3.6,-0.0297006,0.2240765735698401,5
2022-05-20,AMZN,109.56849670410156,109.89800262451172,105.0094985961914,107.59100341796876,107.59100341796876,99500000,29.43000030517578,291.298,21967.045,3.6,0.134214,0.0,1
2022-05-23,AMZN,108.46099853515624,108.81900024414062,103.9499969482422,107.55699920654295,107.55699920654295,107798000,28.479999542236328,291.298,21967.045,3.6,0.173062625,0.2052659313315551,8
2022-05-24,AMZN,104.0250015258789,105.4000015258789,101.26000213623048,104.0999984741211,104.0999984741211,102934000,29.450000762939453,291.298,21967.045,3.6,0.1351295,0.2241709973040669,6
2022-05-25,AMZN,103.65550231933594,108.1750030517578,103.6500015258789,106.7750015258789,106.7750015258789,93120000,28.3700008392334,291.298,21967.045,3.6,0.1216885,0.0086896352340014,2
2022-05-26,AMZN,107.97000122070312,112.66549682617188,107.45349884033205,111.07749938964844,111.07749938964844,93002000,27.5,291.298,21967.045,3.6,0.0499893333333333,0.2630426372721097,6
2022-05-27,AMZN,113.5500030517578,115.18699645996094,112.62799835205078,115.14649963378906,115.14649963378906,93660000,25.71999931335449,291.298,21967.045,3.6,0.1392844285714285,0.1886853920682583,7
2022-05-31,AMZN,116.27999877929688,121.99449920654295,115.6750030517578,120.20950317382812,120.20950317382812,144634000,26.190000534057617,291.298,21967.045,3.6,0.1238756666666666,0.2237002103493274,3
2022-06-01,AMZN,122.25599670410156,125.1790008544922,120.62249755859376,121.68399810791016,121.68399810791016,127528000,25.690000534057617,294.957,21967.045,3.6,0.21610525,0.150277063433679,4
2022-06-02,AMZN,121.68399810791016,125.61000061035156,120.04499816894533,125.51100158691406,125.51100158691406,100560000,24.71999931335449,294.957,21967.045,3.6,-0.0181376666666666,0.2533344145715961,3
2022-06-03,AMZN,124.1999969482422,124.4000015258789,121.04650115966795,122.3499984741211,122.3499984741211,97604000,24.790000915527344,294.957,21967.045,3.6,-0.0048075,0.1865930433813115,6
2022-06-06,AMZN,125.25,128.99000549316406,123.80999755859376,124.79000091552734,124.79000091552734,135269000,25.06999969482422,294.957,21967.045,3.6,0.0948531666666666,0.2474517698618594,6
2022-06-07,AMZN,122.01000213623048,124.0999984741211,120.62999725341795,123.0,123.0,85156700,24.020000457763672,294.957,21967.045,3.6,0.0682089999999999,0.1123389441979049,5
2022-06-08,AMZN,122.61000061035156,123.75,120.75,121.18000030517578,121.18000030517578,64926600,23.959999084472656,294.957,21967.045,3.6,-0.2203646,0.1282157718449645,5
2022-06-09,AMZN,119.98999786376952,121.3000030517578,116.0999984741211,116.1500015258789,116.1500015258789,67029800,26.09000015258789,294.957,21967.045,3.6,-0.1315003333333333,0.4407231877928971,3
2022-06-10,AMZN,113.41999816894533,114.5,109.0500030517578,109.6500015258789,109.6500015258789,87266000,27.75,294.957,21967.045,3.6,0.1651155,0.1156669653574433,4
2022-06-13,AMZN,104.19000244140624,106.54000091552734,101.86000061035156,103.66999816894533,103.66999816894533,99277700,34.02000045776367,294.957,21967.045,3.6,0.0423864444444444,0.31372933148102,9
2022-06-14,AMZN,104.19000244140624,104.87999725341795,101.43000030517578,102.30999755859376,102.30999755859376,69728800,32.689998626708984,294.957,21967.045,3.6,0.1449394,0.2533374892663934,5
2022-06-15,AMZN,103.86000061035156,109.05999755859376,103.52999877929688,107.66999816894533,107.66999816894533,85011100,29.6200008392334,294.957,21967.045,3.6,0.3270673333333333,0.0187388070680428,3
2022-06-16,AMZN,104.47000122070312,104.58000183105467,102.01000213623048,103.66000366210938,103.66000366210938,82186300,32.95000076293945,294.957,21967.045,3.6,0.154319,0.2188444867693343,7
2022-06-17,AMZN,102.8000030517578,106.9800033569336,102.51000213623048,106.22000122070312,106.22000122070312,99772100,31.1299991607666,294.957,21967.045,3.6,0.0328534999999999,0.1480773523686184,2
2022-06-21,AMZN,108.1999969482422,111.62999725341795,103.55999755859376,108.68000030517578,108.68000030517578,70901200,30.190000534057617,294.957,21967.045,3.6,0.17629675,0.0850136660244496,4
2022-06-22,AMZN,107.43000030517578,112.12999725341795,107.0199966430664,108.9499969482422,108.9499969482422,60040100,28.950000762939453,294.957,21967.045,3.6,0.30018875,0.2437225819830817,8
2022-06-23,AMZN,110.38999938964844,113.0,107.93000030517578,112.44000244140624,112.44000244140624,64345300,29.049999237060547,294.957,21967.045,3.6,-0.0537045,0.1002189512043505,2
2022-06-24,AMZN,112.37999725341795,116.70999908447266,111.43000030517578,116.45999908447266,116.45999908447266,69867600,27.229999542236328,294.957,21967.045,3.6,0.0566614999999999,0.2551426653678291,4
2022-06-27,AMZN,117.08999633789062,117.9800033569336,112.6999969482422,113.22000122070312,113.22000122070312,62133200,26.950000762939453,294.957,21967.045,3.6,-0.037531,0.2196663646806219,3
2022-06-28,AMZN,113.5,114.8499984741211,107.04000091552734,107.4000015258789,107.4000015258789,74942900,28.36000061035156,294.957,21967.045,3.6,0.111392,0.0065904718343985,3
2022-06-29,AMZN,107.37999725341795,110.98999786376952,106.91000366210938,108.91999816894533,108.91999816894533,66375300,28.15999984741211,294.957,21967.045,3.6,0.2585321666666667,0.1832957826687964,6
2022-06-30,AMZN,108.11000061035156,108.18000030517578,102.5199966430664,106.20999908447266,106.20999908447266,97679400,28.709999084472656,294.957,21967.045,3.6,0.0428405555555555,0.2684576490808704,9
2022-07-01,AMZN,106.29000091552734,109.75,105.8499984741211,109.55999755859376,109.55999755859376,73021200,26.700000762939453,294.913,22125.625,3.5,0.0229532499999999,0.3621805282216545,4
2022-07-05,AMZN,107.5999984741211,114.08000183105467,106.31999969482422,113.5,113.5,76583700,27.540000915527344,294.913,22125.625,3.5,0.2710675,0.113434916674717,4
2022-07-06,AMZN,113.20999908447266,115.4800033569336,112.01000213623048,114.33000183105467,114.33000183105467,66958900,26.729999542236328,294.913,22125.625,3.5,0.1374783,0.3210698486813007,10
2022-07-07,AMZN,113.8499984741211,116.98999786376952,113.48999786376952,116.33000183105467,116.33000183105467,57872300,26.07999992370605,294.913,22125.625,3.5,0.278515,0.1474211342944649,4
2022-07-08,AMZN,114.5999984741211,116.58000183105467,113.69000244140624,115.54000091552734,115.54000091552734,45719700,24.63999938964844,294.913,22125.625,3.5,-0.0238669999999999,0.2383336451937353,4
2022-07-11,AMZN,114.08000183105467,114.3000030517578,110.87000274658205,111.75,111.75,53487600,26.170000076293945,294.913,22125.625,3.5,0.2767141666666666,0.1389336499965601,6
2022-07-12,AMZN,112.16000366210938,113.2300033569336,108.33999633789062,109.22000122070312,109.22000122070312,54280300,27.290000915527344,294.913,22125.625,3.5,0.2328985,0.139515367534548,6
2022-07-13,AMZN,107.02999877929688,111.77999877929688,106.01000213623048,110.4000015258789,110.4000015258789,61353800,26.81999969482422,294.913,22125.625,3.5,0.1047304999999999,0.1642244918102453,4
2022-07-14,AMZN,110.23999786376952,111.18000030517578,107.58000183105467,110.62999725341795,110.62999725341795,51163100,26.39999961853028,294.913,22125.625,3.5,0.3713903333333333,0.4386028735454583,3
2022-07-15,AMZN,112.5,115.58999633789062,111.58999633789062,113.5500030517578,113.5500030517578,84317800,24.229999542236328,294.913,22125.625,3.5,0.2463709999999999,0.2090294702021702,3
2022-07-18,AMZN,115.0,117.23999786376952,113.1500015258789,113.76000213623048,113.76000213623048,59115400,25.299999237060547,294.913,22125.625,3.5,0.0516873333333333,0.2335562888927064,3
2022-07-19,AMZN,115.6999969482422,118.9499969482422,114.02999877929688,118.20999908447266,118.20999908447266,60990000,24.5,294.913,22125.625,3.5,0.0021268,0.2018821059967921,5
2022-07-20,AMZN,118.62000274658205,123.4800033569336,118.31999969482422,122.7699966430664,122.7699966430664,71268300,23.8799991607666,294.913,22125.625,3.5,0.250680625,0.2116877348805057,8
2022-07-21,AMZN,123.1999969482422,124.8499984741211,121.26000213623048,124.62999725341795,124.62999725341795,60239900,23.11000061035156,294.913,22125.625,3.5,0.1954212222222222,0.2695863875359705,9
2022-07-22,AMZN,125.01000213623048,125.5,121.3499984741211,122.41999816894533,122.41999816894533,51463800,23.030000686645508,294.913,22125.625,3.5,0.113969,0.0,1
2022-07-25,AMZN,122.6999969482422,123.63999938964844,120.02999877929688,121.13999938964844,121.13999938964844,50221300,23.36000061035156,294.913,22125.625,3.5,0.1939996666666666,0.1026576151167884,6
2022-07-26,AMZN,115.79000091552734,118.1500015258789,114.52999877929688,114.80999755859376,114.80999755859376,67075100,24.690000534057617,294.913,22125.625,3.5,0.1449521666666666,0.2444454704987733,6
2022-07-27,AMZN,117.30999755859376,121.9000015258789,117.16000366210938,120.97000122070312,120.97000122070312,61582000,23.239999771118164,294.913,22125.625,3.5,0.1238175,0.1519183564040238,2
2022-07-28,AMZN,121.56999969482422,122.83999633789062,118.08000183105467,122.27999877929688,122.27999877929688,82245500,22.32999992370605,294.913,22125.625,3.5,0.1114457499999999,0.1339108785981059,4
2022-07-29,AMZN,134.89999389648438,137.64999389648438,132.41000366210938,134.9499969482422,134.9499969482422,148892900,21.32999992370605,294.913,22125.625,3.5,0.145854375,0.2315125488607089,8
2022-08-01,AMZN,134.9600067138672,138.8300018310547,133.50999450683594,135.38999938964844,135.38999938964844,76846900,22.84000015258789,295.097,22125.625,3.6,0.05313275,0.3241898610242409,4
2022-08-02,AMZN,134.72000122070312,137.44000244140625,134.08999633789062,134.16000366210938,134.16000366210938,61922400,23.93000030517578,295.097,22125.625,3.6,0.1693289999999999,0.0487628606728522,3
2022-08-03,AMZN,136.2100067138672,140.49000549316406,136.0500030517578,139.52000427246094,139.52000427246094,71827800,21.950000762939453,295.097,22125.625,3.6,0.1647525555555555,0.0851678829050468,9
2022-08-04,AMZN,140.5800018310547,143.55999755859375,139.5500030517578,142.57000732421875,142.57000732421875,70585000,21.440000534057617,295.097,22125.625,3.6,0.197086,0.1126785495269618,5
2022-08-05,AMZN,140.10000610351562,142.86000061035156,139.60000610351562,140.8000030517578,140.8000030517578,50686900,21.14999961853028,295.097,22125.625,3.6,0.0671615714285714,0.1968915370915817,7
2022-08-08,AMZN,142.0500030517578,144.22999572753906,138.2899932861328,139.41000366210938,139.41000366210938,52229000,21.290000915527344,295.097,22125.625,3.6,0.081536125,0.1994730368656644,8
2022-08-09,AMZN,138.0500030517578,138.9499969482422,136.2100067138672,137.8300018310547,137.8300018310547,40434700,21.770000457763672,295.097,22125.625,3.6,0.2893476,0.1664666475042373,5
2022-08-10,AMZN,142.89999389648438,144.60000610351562,141.00999450683594,142.69000244140625,142.69000244140625,54773800,19.739999771118164,295.097,22125.625,3.6,0.24797475,0.2194191153134035,4
2022-08-11,AMZN,143.86000061035156,144.49000549316406,139.75999450683594,140.63999938964844,140.63999938964844,44867300,20.200000762939453,295.097,22125.625,3.6,0.2518003333333333,0.0980948410790971,3
2022-08-12,AMZN,142.0500030517578,143.57000732421875,140.1199951171875,143.5500030517578,143.5500030517578,47643500,19.530000686645508,295.097,22125.625,3.6,0.0,0.0,0
2022-08-15,AMZN,142.8000030517578,143.75999450683594,141.49000549316406,143.17999267578125,143.17999267578125,39014600,19.950000762939453,295.097,22125.625,3.6,0.1506753333333333,0.0390505465561409,3
2022-08-16,AMZN,143.91000366210938,146.57000732421875,142.0,144.77999877929688,144.77999877929688,59102900,19.690000534057617,295.097,22125.625,3.6,0.218303,0.1647785074334635,2
2022-08-17,AMZN,142.69000244140625,143.3800048828125,140.77999877929688,142.10000610351562,142.10000610351562,48149800,19.89999961853028,295.097,22125.625,3.6,0.160611,0.0767491194520605,4
2022-08-18,AMZN,141.32000732421875,142.77000427246094,140.3800048828125,142.3000030517578,142.3000030517578,37458700,19.559999465942383,295.097,22125.625,3.6,0.1530573333333333,0.1513729869027716,6
2022-08-19,AMZN,140.47000122070312,141.11000061035156,137.91000366210938,138.22999572753906,138.22999572753906,47792800,20.600000381469727,295.097,22125.625,3.6,0.3346736666666667,0.255865869540794,6
2022-08-22,AMZN,135.72000122070312,136.32000732421875,132.85000610351562,133.22000122070312,133.22000122070312,50461500,23.799999237060547,295.097,22125.625,3.6,0.2431874,0.1129052682353662,5
2022-08-23,AMZN,133.41000366210938,134.99000549316406,132.9499969482422,133.6199951171875,133.6199951171875,36252100,24.11000061035156,295.097,22125.625,3.6,0.0870042,0.2668240944362034,5
2022-08-24,AMZN,132.75,135.47000122070312,132.10000610351562,133.8000030517578,133.8000030517578,38627000,22.81999969482422,295.097,22125.625,3.6,0.0964281999999999,0.1318947913088307,10
2022-08-25,AMZN,135.25999450683594,137.4199981689453,134.27999877929688,137.27999877929688,137.27999877929688,37496300,21.780000686645508,295.097,22125.625,3.6,0.1227978999999999,0.2726400463633119,10
2022-08-26,AMZN,136.5500030517578,137.8300018310547,130.5,130.75,130.75,53322700,25.559999465942383,295.097,22125.625,3.6,-0.105297,0.17530538527001,4
2022-08-29,AMZN,129.89999389648438,131.9499969482422,128.77000427246094,129.7899932861328,129.7899932861328,48101600,26.209999084472656,295.097,22125.625,3.6,0.0692643636363636,0.210979716545109,11
2022-08-30,AMZN,131.25,132.07000732421875,126.8499984741211,128.72999572753906,128.72999572753906,49203000,26.209999084472656,295.097,22125.625,3.6,0.242279,0.1043578511804454,3
2022-08-31,AMZN,129.4499969482422,130.58999633789062,126.73999786376952,126.7699966430664,126.7699966430664,53648700,25.8700008392334,295.097,22125.625,3.6,0.1609259999999999,0.1541646771767125,5
2022-09-01,AMZN,126.0,128.02000427246094,123.66000366210938,127.81999969482422,127.81999969482422,56636100,25.559999465942383,296.349,22125.625,3.5,0.1824867142857142,0.1805941972570125,7
2022-09-02,AMZN,129.5,131.3800048828125,126.38999938964844,127.51000213623048,127.51000213623048,57429800,25.46999931335449,296.349,22125.625,3.5,0.263915,0.0800162033590697,2
2022-09-06,AMZN,127.91999816894533,128.6199951171875,124.73999786376952,126.11000061035156,126.11000061035156,43888600,26.90999984741211,296.349,22125.625,3.5,0.0833571111111111,0.1539200577421965,9
2022-09-07,AMZN,126.12000274658205,129.82000732421875,125.4000015258789,129.47999572753906,129.47999572753906,47900300,24.63999938964844,296.349,22125.625,3.5,0.1831658461538461,0.1625238936089327,13
2022-09-08,AMZN,127.72000122070312,130.27999877929688,127.0999984741211,129.82000732421875,129.82000732421875,43988500,23.61000061035156,296.349,22125.625,3.5,0.374445875,0.1246792741126922,8
2022-09-09,AMZN,130.91000366210938,133.69000244140625,130.75999450683594,133.27000427246094,133.27000427246094,49387600,22.790000915527344,296.349,22125.625,3.5,0.1789155,0.0506620795516725,2
2022-09-12,AMZN,134.10000610351562,136.49000549316406,134.0,136.4499969482422,136.4499969482422,53826900,23.8700008392334,296.349,22125.625,3.5,0.340879,0.1855735605871698,5
2022-09-13,AMZN,131.00999450683594,131.39999389648438,126.2699966430664,126.81999969482422,126.81999969482422,72694000,27.270000457763672,296.349,22125.625,3.5,0.2363915714285714,0.4186143719343047,7
2022-09-14,AMZN,127.36000061035156,128.83999633789062,126.33000183105467,128.5500030517578,128.5500030517578,45316800,26.15999984741211,296.349,22125.625,3.5,0.1452214285714285,0.2167223427828467,7
2022-09-15,AMZN,127.37999725341795,130.3699951171875,125.5,126.27999877929688,126.27999877929688,52887200,26.270000457763672,296.349,22125.625,3.5,0.0859586666666666,0.3209081857323057,9
2022-09-16,AMZN,122.77999877929688,123.87000274658205,120.6999969482422,123.52999877929688,123.52999877929688,115667800,26.299999237060547,296.349,22125.625,3.5,-0.07345,0.1895671115647437,3
2022-09-19,AMZN,122.16000366210938,124.70999908447266,121.8000030517578,124.66000366210938,124.66000366210938,47279700,25.76000022888184,296.349,22125.625,3.5,0.102313,0.0388342808739907,3
2022-09-20,AMZN,123.3499984741211,124.4000015258789,121.13999938964844,122.19000244140624,122.19000244140624,47698400,27.15999984741211,296.349,22125.625,3.5,0.089202625,0.2413623929949897,8
2022-09-21,AMZN,122.48999786376952,123.76000213623048,118.4499969482422,118.54000091552734,118.54000091552734,58498900,27.989999771118164,296.349,22125.625,3.5,0.2213696666666667,0.100405055987568,6
2022-09-22,AMZN,117.08000183105467,118.79000091552734,116.26000213623048,117.30999755859376,117.30999755859376,55229200,27.350000381469727,296.349,22125.625,3.5,-0.2512189999999999,0.0186393347520774,2
2022-09-23,AMZN,116.0,116.0500030517578,112.05999755859376,113.77999877929688,113.77999877929688,65126700,29.920000076293945,296.349,22125.625,3.5,-0.0893219999999999,0.3047573658371524,2
2022-09-26,AMZN,113.3000030517578,117.33999633789062,113.12999725341795,115.1500015258789,115.1500015258789,62723300,32.2599983215332,296.349,22125.625,3.5,0.2436125,0.1386804979932891,4
2022-09-27,AMZN,117.1999969482422,118.31999969482422,113.0500030517578,114.41000366210938,114.41000366210938,60094700,32.599998474121094,296.349,22125.625,3.5,0.2891289999999999,0.0487526013323049,4
2022-09-28,AMZN,114.37999725341795,118.6999969482422,113.8000030517578,118.01000213623048,118.01000213623048,55763800,30.18000030517578,296.349,22125.625,3.5,0.2408124444444444,0.1143743316998083,9
2022-09-29,AMZN,115.5999984741211,116.06999969482422,113.05999755859376,114.8000030517578,114.8000030517578,58969700,31.84000015258789,296.349,22125.625,3.5,0.051389,0.206238978830385,5
2022-09-30,AMZN,114.08000183105467,116.91999816894533,112.83999633789062,113.0,113.0,59479600,31.6200008392334,296.349,22125.625,3.5,0.26114625,0.3923496000774266,4
2022-10-03,AMZN,113.58000183105467,116.91000366210938,112.4499969482422,115.87999725341795,115.87999725341795,50941900,30.100000381469727,298.007,22278.345,3.6,0.0944786666666666,0.2157910007908887,3
2022-10-04,AMZN,119.88999938964844,123.0,119.79000091552734,121.08999633789062,121.08999633789062,62812600,29.06999969482422,298.007,22278.345,3.6,0.133817375,0.1690403997450968,8
2022-10-05,AMZN,118.58000183105467,121.75,117.69000244140624,120.9499969482422,120.9499969482422,48217500,28.549999237060547,298.007,22278.345,3.6,0.2062433333333333,0.2320300463618164,6
2022-10-06,AMZN,120.7699966430664,121.52999877929688,119.5,120.3000030517578,120.3000030517578,42253800,30.520000457763672,298.007,22278.345,3.6,0.139845,0.2107311808784937,10
2022-10-07,AMZN,118.0,118.16999816894533,113.87999725341795,114.55999755859376,114.55999755859376,54678000,31.36000061035156,298.007,22278.345,3.6,-0.223102,0.1152944989017255,3
2022-10-10,AMZN,115.0999984741211,116.25,112.43000030517578,113.66999816894533,113.66999816894533,42339700,32.45000076293945,298.007,22278.345,3.6,0.2383338,0.2192015043611699,5
2022-10-11,AMZN,112.70999908447266,115.4800033569336,110.38999938964844,112.20999908447266,112.20999908447266,56432200,33.630001068115234,298.007,22278.345,3.6,0.0212702222222222,0.2961582307719042,9
2022-10-12,AMZN,112.48999786376952,113.83000183105467,111.4000015258789,112.9000015258789,112.9000015258789,45728700,33.56999969482422,298.007,22278.345,3.6,0.1568085,0.1085511871192572,4
2022-10-13,AMZN,107.87999725341795,113.44000244140624,105.3499984741211,112.52999877929688,112.52999877929688,86868100,31.940000534057617,298.007,22278.345,3.6,0.0540526,0.1117213049413584,5
2022-10-14,AMZN,114.0999984741211,114.95999908447266,106.5999984741211,106.9000015258789,106.9000015258789,67737300,32.02000045776367,298.007,22278.345,3.6,0.0864146666666666,0.0911662656967764,15
2022-10-17,AMZN,110.11000061035156,114.19000244140624,110.08999633789062,113.79000091552734,113.79000091552734,62782000,31.3700008392334,298.007,22278.345,3.6,0.19725975,0.0833912139471739,4
2022-10-18,AMZN,119.05999755859376,119.5199966430664,114.79000091552734,116.36000061035156,116.36000061035156,65607400,30.5,298.007,22278.345,3.6,0.1301439999999999,0.1204037501222449,5
2022-10-19,AMZN,114.70999908447266,116.58999633789062,113.22000122070312,115.06999969482422,115.06999969482422,47198100,30.76000022888184,298.007,22278.345,3.6,0.333784,0.0723943289491656,3
2022-10-20,AMZN,113.83000183105467,118.23999786376952,113.51000213623048,115.25,115.25,48795100,29.979999542236328,298.007,22278.345,3.6,0.1808884,0.1878480830013977,5
2022-10-21,AMZN,114.79000091552734,119.58999633789062,114.5,119.31999969482422,119.31999969482422,55660500,29.690000534057617,298.007,22278.345,3.6,0.04574475,0.2141318611469344,4
2022-10-24,AMZN,119.9800033569336,120.38999938964844,116.56999969482422,119.81999969482422,119.81999969482422,49531500,29.850000381469727,298.007,22278.345,3.6,0.0607646666666666,0.139820697557026,3
2022-10-25,AMZN,119.6500015258789,121.31999969482422,118.9499969482422,120.5999984741211,120.5999984741211,50934600,28.459999084472656,298.007,22278.345,3.6,0.1573111111111111,0.115774971112547,9
2022-10-26,AMZN,116.0,119.3499984741211,114.76000213623048,115.66000366210938,115.66000366210938,68802300,27.280000686645508,298.007,22278.345,3.6,0.105347,0.1513291957422625,4
2022-10-27,AMZN,113.91999816894533,114.12000274658205,109.7699966430664,110.95999908447266,110.95999908447266,129605400,27.38999938964844,298.007,22278.345,3.6,-0.2200186,0.4805050479540251,5
2022-10-28,AMZN,97.91000366210938,103.95999908447266,97.66000366210938,103.41000366210938,103.41000366210938,223133400,25.75,298.007,22278.345,3.6,0.1515998,0.0845240415869946,5
2022-10-31,AMZN,103.55999755859376,104.87000274658205,100.73999786376952,102.44000244140624,102.44000244140624,99251400,25.8799991607666,298.007,22278.345,3.6,0.1393685,0.2475540505240363,8
2022-11-01,AMZN,103.98999786376952,104.58000183105467,96.05999755859376,96.79000091552734,96.79000091552734,153370000,25.809999465942383,298.786,22278.345,3.6,0.0607217272727272,0.1936295259179709,11
2022-11-02,AMZN,97.31999969482422,97.73999786376952,92.01000213623048,92.12000274658205,92.12000274658205,135761800,25.86000061035156,298.786,22278.345,3.6,-0.0928061428571428,0.2198313869858962,7
2022-11-03,AMZN,92.47000122070312,93.5,89.0199966430664,89.30000305175781,89.30000305175781,136683300,25.299999237060547,298.786,22278.345,3.6,0.1977476666666666,0.1402703987114411,6
2022-11-04,AMZN,91.48999786376952,92.44000244140624,88.04000091552734,90.9800033569336,90.9800033569336,129101300,24.549999237060547,298.786,22278.345,3.6,0.241054,0.0969185174876297,4
2022-11-07,AMZN,91.9499969482422,92.0999984741211,89.04000091552734,90.52999877929688,90.52999877929688,77495700,24.350000381469727,298.786,22278.345,3.6,0.150205125,0.1489792658463754,8
2022-11-08,AMZN,90.79000091552734,91.72000122070312,88.2300033569336,89.9800033569336,89.9800033569336,88703400,25.540000915527344,298.786,22278.345,3.6,0.1696656666666666,0.1116200900480434,3
2022-11-09,AMZN,89.47000122070312,89.4800033569336,85.87000274658203,86.13999938964844,86.13999938964844,90796200,26.09000015258789,298.786,22278.345,3.6,-0.0260918571428571,0.2770381079276691,7
2022-11-10,AMZN,92.94000244140624,98.69000244140624,91.6500015258789,96.62999725341795,96.62999725341795,173414900,23.530000686645508,298.786,22278.345,3.6,0.2050235,0.0994181850350662,4
2022-11-11,AMZN,97.87999725341795,101.19000244140624,96.66000366210938,100.79000091552734,100.79000091552734,111590500,22.520000457763672,298.786,22278.345,3.6,0.2301059999999999,0.1224213970268269,2
2022-11-14,AMZN,98.7699966430664,100.12000274658205,97.29000091552734,98.48999786376952,98.48999786376952,99533100,23.729999542236328,298.786,22278.345,3.6,0.1450409999999999,0.2271991387056109,8
2022-11-15,AMZN,103.20999908447266,103.79000091552734,97.33999633789062,98.94000244140624,98.94000244140624,111336300,24.540000915527344,298.786,22278.345,3.6,0.1123067142857142,0.2464489449180866,7
2022-11-16,AMZN,96.8499984741211,98.48999786376952,95.54000091552734,97.12000274658205,97.12000274658205,87958800,24.11000061035156,298.786,22278.345,3.6,-0.0635821428571428,0.2086483034561816,7
2022-11-17,AMZN,95.37000274658205,96.97000122070312,94.02999877929688,94.8499984741211,94.8499984741211,82617900,23.93000030517578,298.786,22278.345,3.6,0.054912,0.2252080794287807,8
2022-11-18,AMZN,95.9499969482422,95.98999786376952,92.4800033569336,94.13999938964844,94.13999938964844,72428200,23.1200008392334,298.786,22278.345,3.6,0.161282,0.0449936408506802,3
2022-11-21,AMZN,93.97000122070312,95.0199966430664,90.58999633789062,92.45999908447266,92.45999908447266,84330300,22.36000061035156,298.786,22278.345,3.6,0.101599,0.0,1
2022-11-22,AMZN,92.62000274658205,93.3499984741211,90.87000274658205,93.1999969482422,93.1999969482422,62192000,21.290000915527344,298.786,22278.345,3.6,-0.1000165714285714,0.2534345333176842,7
2022-11-23,AMZN,93.23999786376952,94.58000183105467,92.83000183105467,94.12999725341795,94.12999725341795,59414700,20.350000381469727,298.786,22278.345,3.6,0.278557,0.1256725074230636,4
2022-11-25,AMZN,93.79000091552734,94.43000030517578,93.06999969482422,93.41000366210938,93.41000366210938,35088600,20.5,298.786,22278.345,3.6,0.307168,0.156981588280282,3
2022-11-28,AMZN,93.93000030517578,96.4000015258789,93.43000030517578,93.9499969482422,93.9499969482422,74943100,22.209999084472656,298.786,22278.345,3.6,0.203825,0.1487714313057113,9
2022-11-29,AMZN,94.04000091552734,94.41000366210938,91.44000244140624,92.41999816894533,92.41999816894533,65567300,21.88999938964844,298.786,22278.345,3.6,0.2526892,0.1442498322380307,5
2022-11-30,AMZN,92.47000122070312,96.54000091552734,91.52999877929688,96.54000091552734,96.54000091552734,102805800,20.57999992370605,298.786,22278.345,3.6,0.3723996666666667,0.0457613708856425,3
2022-12-01,AMZN,96.98999786376952,97.2300033569336,94.91999816894533,95.5,95.5,68488000,19.84000015258789,298.832,22278.345,3.5,0.341016,0.0964932600392379,3
2022-12-02,AMZN,94.4800033569336,95.36000061035156,93.77999877929688,94.12999725341795,94.12999725341795,72496400,19.059999465942383,298.832,22278.345,3.5,0.0751578333333333,0.100243589916596,6
2022-12-05,AMZN,93.0500030517578,94.05999755859376,90.81999969482422,91.01000213623048,91.01000213623048,71535500,20.75,298.832,22278.345,3.5,0.2195915,0.1007987787649235,2
2022-12-06,AMZN,90.5,91.04000091552734,87.9000015258789,88.25,88.25,75503600,22.170000076293945,298.832,22278.345,3.5,-0.020921,0.2548860628221951,5
2022-12-07,AMZN,88.33999633789062,89.88999938964844,87.4800033569336,88.45999908447266,88.45999908447266,68086900,22.68000030517578,298.832,22278.345,3.5,0.0734121428571428,0.329545075065112,14
2022-12-08,AMZN,89.23999786376953,90.86000061035156,87.87999725341797,90.3499984741211,90.3499984741211,73305900,22.290000915527344,298.832,22278.345,3.5,0.1459330909090909,0.2564352532891897,11
2022-12-09,AMZN,88.9000015258789,90.3000030517578,88.62999725341797,89.08999633789062,89.08999633789062,67398500,22.82999992370605,298.832,22278.345,3.5,0.1120562857142857,0.3329968557662941,7
2022-12-12,AMZN,89.20999908447266,90.58000183105467,87.87000274658203,90.5500030517578,90.5500030517578,61999800,25.0,298.832,22278.345,3.5,0.0859960833333333,0.187700077839117,12
2022-12-13,AMZN,95.2300033569336,96.25,90.5199966430664,92.48999786376952,92.48999786376952,100212000,22.549999237060547,298.832,22278.345,3.5,0.33490425,0.0533157132958943,4
2022-12-14,AMZN,92.5,93.45999908447266,89.87000274658203,91.58000183105467,91.58000183105467,70298000,21.13999938964844,298.832,22278.345,3.5,0.19448625,0.2559886387036681,8
2022-12-15,AMZN,89.88999938964844,89.97000122070312,87.47000122070312,88.44999694824219,88.44999694824219,84802900,22.82999992370605,298.832,22278.345,3.5,0.209961875,0.2170412801535607,8
2022-12-16,AMZN,88.2699966430664,89.3499984741211,86.7300033569336,87.86000061035156,87.86000061035156,146144100,22.6200008392334,298.832,22278.345,3.5,0.0440444,0.1830126780821482,5
2022-12-19,AMZN,87.51000213623047,87.62999725341797,84.51000213623047,84.91999816894531,84.91999816894531,83531500,22.420000076293945,298.832,22278.345,3.5,0.2246764285714285,0.2548165642979652,7
2022-12-20,AMZN,85.33000183105469,86.61000061035156,84.33000183105469,85.19000244140625,85.19000244140625,74348300,21.479999542236328,298.832,22278.345,3.5,0.2100933333333333,0.089120621058578,6
2022-12-21,AMZN,86.18000030517578,87.2300033569336,85.20999908447266,86.7699966430664,86.7699966430664,59267200,20.06999969482422,298.832,22278.345,3.5,0.1553478571428571,0.1418286315974652,7
2022-12-22,AMZN,85.5199966430664,85.68000030517578,82.25,83.79000091552734,83.79000091552734,81431300,21.96999931335449,298.832,22278.345,3.5,0.0,0.0,0
2022-12-23,AMZN,83.25,85.77999877929688,82.93000030517578,85.25,85.25,57433700,20.8700008392334,298.832,22278.345,3.5,0.0506465,0.0331003755341234,2
2022-12-27,AMZN,84.97000122070312,85.3499984741211,83.0,83.04000091552734,83.04000091552734,57284000,21.64999961853028,298.832,22278.345,3.5,0.260687,0.0685016765342279,2
2022-12-28,AMZN,82.80000305175781,83.4800033569336,81.69000244140625,81.81999969482422,81.81999969482422,58228600,22.13999938964844,298.832,22278.345,3.5,0.1182375,0.0173615927984732,2
2022-12-29,AMZN,82.87000274658203,84.55000305175781,82.55000305175781,84.18000030517578,84.18000030517578,54995900,21.440000534057617,298.832,22278.345,3.5,0.26329075,0.1388787907094408,4
2022-12-30,AMZN,83.12000274658203,84.05000305175781,82.47000122070312,84.0,84.0,62401200,21.670000076293945,298.832,22278.345,3.5,-0.092816,0.3045141211044243,2
2023-01-03,AMZN,85.45999908447266,86.95999908447266,84.20999908447266,85.81999969482422,85.81999969482422,76706000,22.89999961853028,300.42,22439.607,3.5,0.068995,0.2035280113497893,3
2023-01-04,AMZN,86.55000305175781,86.9800033569336,83.36000061035156,85.13999938964844,85.13999938964844,68885100,22.01000022888184,300.42,22439.607,3.5,0.0611832499999999,0.2527380887495704,8
2023-01-05,AMZN,85.33000183105469,85.41999816894531,83.06999969482422,83.12000274658203,83.12000274658203,67930800,22.459999084472656,300.42,22439.607,3.5,-0.0728366666666666,0.2813661090321054,6
2023-01-06,AMZN,83.02999877929688,86.4000015258789,81.43000030517578,86.08000183105469,86.08000183105469,83303400,21.1299991607666,300.42,22439.607,3.5,0.111521,0.0,1
2023-01-09,AMZN,87.45999908447266,89.4800033569336,87.08000183105469,87.36000061035156,87.36000061035156,65266100,21.96999931335449,300.42,22439.607,3.5,0.140711,0.0,1
2023-01-10,AMZN,87.56999969482422,90.19000244140624,87.29000091552734,89.87000274658203,89.87000274658203,67756600,20.57999992370605,300.42,22439.607,3.5,0.1386197499999999,0.2911931425410232,4
2023-01-11,AMZN,90.93000030517578,95.26000213623048,90.93000030517578,95.08999633789062,95.08999633789062,103126200,21.09000015258789,300.42,22439.607,3.5,0.1668316666666666,0.4300452331956876,3
2023-01-12,AMZN,96.93000030517578,97.19000244140624,93.5,95.2699966430664,95.2699966430664,85254800,18.82999992370605,300.42,22439.607,3.5,0.06757025,0.2518147262312445,4
2023-01-13,AMZN,94.18000030517578,98.37000274658205,94.12000274658205,98.12000274658205,98.12000274658205,85549400,18.350000381469727,300.42,22439.607,3.5,0.0,0.0,0
2023-01-17,AMZN,98.68000030517578,98.88999938964844,95.7300033569336,96.0500030517578,96.0500030517578,72755000,19.36000061035156,300.42,22439.607,3.5,-0.1807744,0.191163213291156,5
2023-01-18,AMZN,97.25,99.31999969482422,95.37999725341795,95.45999908447266,95.45999908447266,79570400,20.34000015258789,300.42,22439.607,3.5,-0.0407368333333333,0.1455967750980998,6
2023-01-19,AMZN,94.73999786376952,95.44000244140624,92.86000061035156,93.68000030517578,93.68000030517578,69002700,20.520000457763672,300.42,22439.607,3.5,0.102925875,0.2900351031919301,8
2023-01-20,AMZN,93.86000061035156,97.3499984741211,93.1999969482422,97.25,97.25,67481500,19.850000381469727,300.42,22439.607,3.5,-0.0459886,0.3554098047477025,5
2023-01-23,AMZN,97.55999755859376,97.77999877929688,95.86000061035156,97.5199966430664,97.5199966430664,76501100,19.809999465942383,300.42,22439.607,3.5,0.1933981666666666,0.2312124190777101,6
2023-01-24,AMZN,96.93000030517578,98.08999633789062,96.0,96.31999969482422,96.31999969482422,66929500,19.200000762939453,300.42,22439.607,3.5,0.14157,0.1678425014972582,8
2023-01-25,AMZN,92.55999755859376,97.23999786376952,91.5199966430664,97.18000030517578,97.18000030517578,94261600,19.07999992370605,300.42,22439.607,3.5,0.1436107999999999,0.2040894200778178,5
2023-01-26,AMZN,98.23999786376952,99.48999786376952,96.91999816894533,99.22000122070312,99.22000122070312,68523600,18.729999542236328,300.42,22439.607,3.5,-0.0425725,0.2336970786404913,6
2023-01-27,AMZN,99.52999877929688,103.48999786376952,99.52999877929688,102.23999786376952,102.23999786376952,87775600,18.51000022888184,300.42,22439.607,3.5,0.11663,0.365804123143794,3
2023-01-30,AMZN,101.08999633789062,101.73999786376952,99.01000213623048,100.5500030517578,100.5500030517578,70691900,19.940000534057617,300.42,22439.607,3.5,0.1339018571428571,0.2142512245701515,7
2023-01-31,AMZN,101.16000366210938,103.3499984741211,101.13999938964844,103.12999725341795,103.12999725341795,66527300,19.39999961853028,300.42,22439.607,3.5,0.1055452,0.3040545900775056,5
2023-02-01,AMZN,102.52999877929688,106.23999786376952,101.23999786376952,105.1500015258789,105.1500015258789,80450100,17.8700008392334,301.45,22439.607,3.6,0.0810841428571428,0.2868403347366083,7
2023-02-02,AMZN,110.25,114.0,108.87999725341795,112.91000366210938,112.91000366210938,158154200,18.729999542236328,301.45,22439.607,3.6,0.0083451428571428,0.2417076292144627,7
2023-02-03,AMZN,105.26000213623048,108.77999877929688,102.5199966430664,103.38999938964844,103.38999938964844,144374800,18.32999992370605,301.45,22439.607,3.6,-0.2358573333333333,0.2342689788818257,3
2023-02-06,AMZN,102.93000030517578,103.9499969482422,100.6500015258789,102.18000030517578,102.18000030517578,81945200,19.43000030517578,301.45,22439.607,3.6,0.0776298333333333,0.2617775239652302,6
2023-02-07,AMZN,101.16999816894533,102.41000366210938,98.08000183105467,102.11000061035156,102.11000061035156,119501300,18.65999984741211,301.45,22439.607,3.6,0.2703525,0.0772323239615382,2
2023-02-08,AMZN,102.04000091552734,102.66999816894533,98.77999877929688,100.0500030517578,100.0500030517578,75878300,19.6299991607666,301.45,22439.607,3.6,0.0710954444444444,0.2582083206066911,9
2023-02-09,AMZN,101.31999969482422,101.77999877929688,97.56999969482422,98.23999786376952,98.23999786376952,64622500,20.709999084472656,301.45,22439.607,3.6,0.144818,0.0522469720845141,3
2023-02-10,AMZN,97.55999755859376,98.81999969482422,96.2300033569336,97.61000061035156,97.61000061035156,52740100,20.530000686645508,301.45,22439.607,3.6,0.2631903333333333,0.1555901628070789,3
2023-02-13,AMZN,97.8499984741211,99.68000030517578,96.91000366210938,99.54000091552734,99.54000091552734,52841500,20.34000015258789,301.45,22439.607,3.6,0.0523243333333333,0.2317113860524193,3
2023-02-14,AMZN,98.41000366210938,100.91999816894533,97.5199966430664,99.6999969482422,99.6999969482422,56202900,18.90999984741211,301.45,22439.607,3.6,0.1381663333333333,0.2948053978675877,6
2023-02-15,AMZN,99.08999633789062,101.16999816894533,98.4499969482422,101.16000366210938,101.16000366210938,47957600,18.229999542236328,301.45,22439.607,3.6,0.1180015,0.0175638253378926,2
2023-02-16,AMZN,99.20999908447266,100.62999725341795,98.0999984741211,98.1500015258789,98.1500015258789,56339200,20.170000076293945,301.45,22439.607,3.6,0.2269693333333333,0.0950766947907495,3
2023-02-17,AMZN,97.8000030517578,97.94000244140624,95.6500015258789,97.1999969482422,97.1999969482422,60029400,20.020000457763672,301.45,22439.607,3.6,0.129967,0.0,1
2023-02-21,AMZN,95.33999633789062,95.61000061035156,94.2699966430664,94.58000183105467,94.58000183105467,56580400,22.8700008392334,301.45,22439.607,3.6,0.0237174,0.2853617164850604,5
2023-02-22,AMZN,95.0999984741211,97.01000213623048,94.8000030517578,95.79000091552734,95.79000091552734,59534100,22.290000915527344,301.45,22439.607,3.6,0.1117765,0.2796013504743853,6
2023-02-23,AMZN,96.12000274658205,96.43000030517578,93.66999816894533,95.81999969482422,95.81999969482422,48467000,21.13999938964844,301.45,22439.607,3.6,-0.1282965,0.0279469813128359,2
2023-02-24,AMZN,93.52999877929688,94.13999938964844,92.31999969482422,93.5,93.5,57053800,21.670000076293945,301.45,22439.607,3.6,-0.0663556666666666,0.2987060343420155,3
2023-02-27,AMZN,94.27999877929688,94.77999877929688,93.13999938964844,93.76000213623048,93.76000213623048,47470300,20.950000762939453,301.45,22439.607,3.6,0.0360393999999999,0.1857790943440622,5
2023-02-28,AMZN,93.13999938964844,94.69000244140624,92.91999816894533,94.2300033569336,94.2300033569336,43959300,20.700000762939453,301.45,22439.607,3.6,0.1456048181818181,0.121017638462183,11
2023-03-01,AMZN,93.87000274658205,94.68000030517578,91.58999633789062,92.16999816894533,92.16999816894533,52299500,20.57999992370605,301.821,22439.607,3.5,0.2939029999999999,0.1100151570761956,5
2023-03-02,AMZN,91.41000366210938,92.2300033569336,90.38999938964844,92.12999725341795,92.12999725341795,55509400,19.59000015258789,301.821,22439.607,3.5,0.2087623333333333,0.3098537811522289,3
2023-03-03,AMZN,92.73999786376952,94.94000244140624,92.66000366210938,94.9000015258789,94.9000015258789,55759600,18.489999771118164,301.821,22439.607,3.5,-0.0620603999999999,0.2139767793518726,5
2023-03-06,AMZN,95.19000244140624,96.5500030517578,93.73999786376952,93.75,93.75,52112400,18.61000061035156,301.821,22439.607,3.5,0.108429,0.0,1
2023-03-07,AMZN,94.05999755859376,95.08999633789062,92.77999877929688,93.5500030517578,93.5500030517578,49100700,19.59000015258789,301.821,22439.607,3.5,0.1062962499999999,0.3064077949164859,4
2023-03-08,AMZN,93.5999984741211,94.16999816894533,92.18000030517578,93.91999816894533,93.91999816894533,44899100,19.11000061035156,301.821,22439.607,3.5,0.1413574,0.1207909458870986,5
2023-03-09,AMZN,93.68000030517578,96.20999908447266,92.18000030517578,92.25,92.25,56218700,22.61000061035156,301.821,22439.607,3.5,0.16639875,0.2080979341530946,8
2023-03-10,AMZN,92.66999816894533,93.56999969482422,90.25,90.7300033569336,90.7300033569336,69827500,24.799999237060547,301.821,22439.607,3.5,-0.008998,0.2667100552547654,5
2023-03-13,AMZN,89.97000122070312,94.0199966430664,88.12000274658203,92.43000030517578,92.43000030517578,72397100,26.520000457763672,301.821,22439.607,3.5,0.1684346666666666,0.1523986324883965,3
2023-03-14,AMZN,93.83000183105467,95.06999969482422,92.70999908447266,94.87999725341795,94.87999725341795,60912700,23.729999542236328,301.821,22439.607,3.5,0.20841825,0.141378340152408,4
2023-03-15,AMZN,93.22000122070312,96.66999816894533,93.06999969482422,96.1999969482422,96.1999969482422,70731800,26.13999938964844,301.821,22439.607,3.5,0.324082,0.1688355962734162,3
2023-03-16,AMZN,95.75,100.98999786376952,95.61000061035156,100.04000091552734,100.04000091552734,84446900,22.989999771118164,301.821,22439.607,3.5,0.112011,0.0459888108348106,2
2023-03-17,AMZN,99.79000091552734,100.66000366210938,97.45999908447266,98.9499969482422,98.9499969482422,87300200,25.51000022888184,301.821,22439.607,3.5,0.0,0.0,0
2023-03-20,AMZN,98.41000366210938,98.4800033569336,95.6999969482422,97.70999908447266,97.70999908447266,62388900,24.14999961853028,301.821,22439.607,3.5,0.0202996666666666,0.2895167304254914,6
2023-03-21,AMZN,98.13999938964844,100.8499984741211,98.0,100.61000061035156,100.61000061035156,58597300,21.3799991607666,301.821,22439.607,3.5,0.3926555,0.0704030866688386,2
2023-03-22,AMZN,100.4499969482422,102.0999984741211,98.61000061035156,98.6999969482422,98.6999969482422,57475400,22.26000022888184,301.821,22439.607,3.5,0.0,0.0,0
2023-03-23,AMZN,100.43000030517578,101.05999755859376,97.62000274658205,98.70999908447266,98.70999908447266,57559300,22.61000061035156,301.821,22439.607,3.5,0.048889,0.2526379392094544,2
2023-03-24,AMZN,98.06999969482422,98.3000030517578,96.4000015258789,98.12999725341795,98.12999725341795,56095400,21.739999771118164,301.821,22439.607,3.5,0.2246522,0.227587206486217,5
2023-03-27,AMZN,99.06999969482422,99.33999633789062,97.08000183105467,98.04000091552734,98.04000091552734,46721300,20.600000381469727,301.821,22439.607,3.5,0.223363,0.0,1
2023-03-28,AMZN,98.11000061035156,98.44000244140624,96.29000091552734,97.23999786376952,97.23999786376952,38720100,19.96999931335449,301.821,22439.607,3.5,-0.0719141818181818,0.3261173273387411,11
2023-03-29,AMZN,98.69000244140624,100.41999816894533,98.55999755859376,100.25,100.25,49783300,19.1200008392334,301.821,22439.607,3.5,0.113544,0.0,1
2023-03-30,AMZN,101.5500030517578,103.04000091552734,101.01000213623048,102.0,102.0,53633400,19.020000457763672,301.821,22439.607,3.5,0.26459675,0.147821042039296,4
2023-03-31,AMZN,102.16000366210938,103.48999786376952,101.9499969482422,103.29000091552734,103.29000091552734,56750300,18.700000762939453,301.821,22439.607,3.5,0.2316765,0.0832261984934231,4
2023-04-03,AMZN,102.3000030517578,103.29000091552734,101.43000030517578,102.41000366210938,102.41000366210938,41135700,18.549999237060547,302.845,22580.499,3.4,0.0909383333333333,0.1817322624118605,3
2023-04-04,AMZN,102.75,104.1999969482422,102.11000061035156,103.9499969482422,103.9499969482422,48662500,19.0,302.845,22580.499,3.4,0.1942485,0.0796265875226359,2
2023-04-05,AMZN,103.91000366210938,103.91000366210938,100.75,101.0999984741211,101.0999984741211,45175400,19.07999992370605,302.845,22580.499,3.4,0.047781,0.0,1
2023-04-06,AMZN,100.75,102.37999725341795,99.8000030517578,102.05999755859376,102.05999755859376,43808000,18.39999961853028,302.845,22580.499,3.4,0.07799375,0.1584121622758703,4
2023-04-10,AMZN,100.95999908447266,102.1999969482422,99.56999969482422,102.16999816894533,102.16999816894533,37261200,18.96999931335449,302.845,22580.499,3.4,-0.177994,0.0,1
2023-04-11,AMZN,100.8000030517578,101.0,99.01000213623048,99.91999816894533,99.91999816894533,60417800,19.100000381469727,302.845,22580.499,3.4,-0.1390486666666666,0.0357456645809437,3
2023-04-12,AMZN,100.4000015258789,100.51000213623048,97.70999908447266,97.83000183105467,97.83000183105467,56735000,19.09000015258789,302.845,22580.499,3.4,0.25076,0.0,1
2023-04-13,AMZN,98.9499969482422,102.56999969482422,98.70999908447266,102.4000015258789,102.4000015258789,67925100,17.799999237060547,302.845,22580.499,3.4,0.193955,0.2549337332249304,7
2023-04-14,AMZN,102.06999969482422,103.1999969482422,101.11000061035156,102.51000213623048,102.51000213623048,51450500,17.06999969482422,302.845,22580.499,3.4,0.251622,0.3131309243399636,2
2023-04-17,AMZN,103.16000366210938,103.7300033569336,101.58999633789062,102.73999786376952,102.73999786376952,39919500,16.950000762939453,302.845,22580.499,3.4,-0.14525,0.0,1
2023-04-18,AMZN,103.9499969482422,104.1999969482422,101.5199966430664,102.3000030517578,102.3000030517578,39790500,16.829999923706055,302.845,22580.499,3.4,0.228045,0.1636881487768738,2
2023-04-19,AMZN,101.58000183105467,105.12000274658205,101.38999938964844,104.3000030517578,104.3000030517578,58398900,16.459999084472656,302.845,22580.499,3.4,0.186546,0.2195608981991101,2
2023-04-20,AMZN,103.52999877929688,105.25,103.20999908447266,103.80999755859376,103.80999755859376,57696900,17.170000076293945,302.845,22580.499,3.4,0.1016454999999999,0.3340761343054902,2
2023-04-21,AMZN,106.0999984741211,108.1500015258789,105.08000183105467,106.95999908447266,106.95999908447266,86774200,16.770000457763672,302.845,22580.499,3.4,0.2268513333333333,0.2945510452372107,3
2023-04-24,AMZN,107.66000366210938,109.2300033569336,105.06999969482422,106.20999908447266,106.20999908447266,69575600,16.889999389648438,302.845,22580.499,3.4,0.1803055,0.0895006266151248,2
2023-04-25,AMZN,104.91000366210938,105.4499969482422,102.4499969482422,102.56999969482422,102.56999969482422,65026800,18.76000022888184,302.845,22580.499,3.4,0.1088415,0.2955430573715106,2
2023-04-26,AMZN,105.04000091552734,106.62000274658205,104.0999984741211,104.9800033569336,104.9800033569336,73803800,18.84000015258789,302.845,22580.499,3.4,0.349339,0.0,1
2023-04-27,AMZN,108.16000366210938,110.86000061035156,106.8000030517578,109.81999969482422,109.81999969482422,149961200,17.030000686645508,302.845,22580.499,3.4,-0.0481919999999999,0.5414019638697296,2
2023-04-28,AMZN,107.7300033569336,109.4800033569336,104.33000183105467,105.4499969482422,105.4499969482422,130715900,15.779999732971191,302.845,22580.499,3.4,0.110312,0.0,1
2023-05-01,AMZN,104.9499969482422,105.2300033569336,101.81999969482422,102.0500030517578,102.0500030517578,74728100,16.079999923706055,303.334,22580.499,3.6,0.145472,0.0,1
2023-05-02,AMZN,101.47000122070312,103.9000015258789,101.1500015258789,103.62999725341795,103.62999725341795,73469400,17.780000686645508,303.334,22580.499,3.6,-0.0406175,0.2584496498440267,2
2023-05-03,AMZN,103.73999786376952,105.95999908447266,103.27999877929688,103.6500015258789,103.6500015258789,65051900,18.34000015258789,303.334,22580.499,3.6,0.2342725,0.1200858233285678,2
2023-05-04,AMZN,104.04000091552734,105.38999938964844,103.30999755859376,104.0,104.0,45345500,20.09000015258789,303.334,22580.499,3.6,0.3659015,0.1148702037105358,2
2023-05-05,AMZN,104.2699966430664,105.76000213623048,103.5500030517578,105.66000366210938,105.66000366210938,56951700,17.190000534057617,303.334,22580.499,3.6,-0.14089775,0.361471358263579,4
2023-05-08,AMZN,105.04000091552734,106.0999984741211,104.6999969482422,105.83000183105467,105.83000183105467,49430900,16.979999542236328,303.334,22580.499,3.6,0.182653,0.0575695037208648,4
2023-05-09,AMZN,105.4800033569336,106.79000091552734,105.16000366210938,106.62000274658205,106.62000274658205,44089400,17.709999084472656,303.334,22580.499,3.6,0.0,0.0,0
2023-05-10,AMZN,108.0999984741211,110.66999816894533,108.0500030517578,110.19000244140624,110.19000244140624,78627600,16.940000534057617,303.334,22580.499,3.6,0.332506,0.0,1
2023-05-11,AMZN,111.02999877929688,113.27999877929688,110.48999786376952,112.18000030517578,112.18000030517578,74924800,16.93000030517578,303.334,22580.499,3.6,0.1665265,0.0474574716193351,2
2023-05-12,AMZN,112.16000366210938,112.63999938964844,109.31999969482422,110.26000213623048,110.26000213623048,49852700,17.030000686645508,303.334,22580.499,3.6,0.1370626666666666,0.0081750650965807,3
2023-05-15,AMZN,111.1500015258789,112.29000091552734,109.25,111.1999969482422,111.1999969482422,53011100,17.1200008392334,303.334,22580.499,3.6,-0.0085666666666666,0.1256367569078943,3
2023-05-16,AMZN,111.0500030517578,114.79000091552734,111.0500030517578,113.4000015258789,113.4000015258789,71472900,17.989999771118164,303.334,22580.499,3.6,0.310733,0.0,1
2023-05-17,AMZN,114.88999938964844,115.83000183105467,114.22000122070312,115.5,115.5,65655200,16.8700008392334,303.334,22580.499,3.6,0.0,0.0,0
2023-05-18,AMZN,116.69000244140624,118.5999984741211,116.33999633789062,118.1500015258789,118.1500015258789,73174100,16.049999237060547,303.334,22580.499,3.6,0.346494,0.0,1
2023-05-19,AMZN,118.16000366210938,118.30999755859376,115.6999969482422,116.25,116.25,55056300,16.809999465942383,303.334,22580.499,3.6,0.2860506666666667,0.169420435621956,3
2023-05-22,AMZN,116.7699966430664,116.7699966430664,114.25,115.01000213623048,115.01000213623048,70741100,17.209999084472656,303.334,22580.499,3.6,0.0,0.0,0
2023-05-23,AMZN,114.2699966430664,117.13999938964844,113.77999877929688,114.98999786376952,114.98999786376952,67576300,18.530000686645508,303.334,22580.499,3.6,0.14071925,0.1041680958111295,4
2023-05-24,AMZN,115.3499984741211,117.33999633789062,115.0199966430664,116.75,116.75,63487900,20.030000686645508,303.334,22580.499,3.6,0.0095593333333333,0.2700779882077274,3
2023-05-25,AMZN,116.62999725341795,116.87000274658205,114.30999755859376,115.0,115.0,66496700,19.13999938964844,303.334,22580.499,3.6,0.1768982499999999,0.19155100344534,4
2023-05-26,AMZN,116.04000091552734,121.5,116.0199966430664,120.11000061035156,120.11000061035156,96779900,17.950000762939453,303.334,22580.499,3.6,0.217576,0.0,1
2023-05-30,AMZN,122.37000274658205,122.91999816894533,119.86000061035156,121.66000366210938,121.66000366210938,64314800,17.459999084472656,303.334,22580.499,3.6,0.169152,0.0779358952088188,2
2023-05-31,AMZN,121.4499969482422,122.04000091552734,119.16999816894533,120.58000183105467,120.58000183105467,72800800,17.940000534057617,303.334,22580.499,3.6,-0.0816794999999999,0.2832337425246151,2
2023-06-01,AMZN,120.69000244140624,123.48999786376952,119.93000030517578,122.7699966430664,122.7699966430664,54375100,15.649999618530272,304.014,22580.499,3.6,-0.107165,0.2311362362071339,2
2023-06-02,AMZN,124.91999816894533,126.38999938964844,124.0199966430664,124.25,124.25,61264400,14.600000381469728,304.014,22580.499,3.6,0.049747,0.0,1
2023-06-05,AMZN,123.36000061035156,125.8000030517578,123.02999877929688,125.3000030517578,125.3000030517578,47950100,14.729999542236328,304.014,22580.499,3.6,0.098168,0.2105822708286083,4
2023-06-06,AMZN,125.06999969482422,127.4000015258789,125.0,126.61000061035156,126.61000061035156,45695200,13.960000038146973,304.014,22580.499,3.6,0.2237341666666666,0.1214088852109542,6
2023-06-07,AMZN,127.01000213623048,127.37000274658205,120.62999725341795,121.2300033569336,121.2300033569336,95663300,13.9399995803833,304.014,22580.499,3.6,0.141818,0.0514339288991226,4
2023-06-08,AMZN,123.01000213623048,125.62999725341795,122.26000213623048,124.25,124.25,62159300,13.649999618530272,304.014,22580.499,3.6,0.16302,0.1681457499254738,2
2023-06-09,AMZN,124.08000183105467,125.8000030517578,123.19000244140624,123.43000030517578,123.43000030517578,51396000,13.829999923706056,304.014,22580.499,3.6,-0.240739,0.0,1
2023-06-12,AMZN,124.0199966430664,126.77999877929688,123.52999877929688,126.56999969482422,126.56999969482422,51338000,15.010000228881836,304.014,22580.499,3.6,0.2398711666666666,0.1423345265203305,6
2023-06-13,AMZN,128.1199951171875,128.41000366210938,125.18000030517578,126.66000366210938,126.66000366210938,50564800,14.609999656677246,304.014,22580.499,3.6,0.1105155,0.1314194810517071,6
2023-06-14,AMZN,126.6999969482422,126.9499969482422,124.12000274658205,126.41999816894533,126.41999816894533,52422500,13.880000114440918,304.014,22580.499,3.6,0.153552,0.2387472607424009,3
2023-06-15,AMZN,125.20999908447266,127.69000244140624,124.31999969482422,127.11000061035156,127.11000061035156,60458500,14.5,304.014,22580.499,3.6,0.3405588333333333,0.0318697316801799,6
2023-06-16,AMZN,127.70999908447266,127.9000015258789,125.3000030517578,125.48999786376952,125.48999786376952,84247100,13.539999961853027,304.014,22580.499,3.6,0.2935776315789474,0.0938809736931767,19
2023-06-20,AMZN,124.97000122070312,127.25,124.5,125.77999877929688,125.77999877929688,56930100,13.880000114440918,304.014,22580.499,3.6,0.138458,0.185188437565632,2
2023-06-21,AMZN,125.63999938964844,126.7300033569336,123.8499984741211,124.83000183105467,124.83000183105467,52137700,13.199999809265137,304.014,22580.499,3.6,0.2137845,0.1500020970270082,2
2023-06-22,AMZN,125.30999755859376,130.3300018310547,125.13999938964844,130.14999389648438,130.14999389648438,90354600,12.90999984741211,304.014,22580.499,3.6,0.2407838,0.2150616555170477,10
2023-06-23,AMZN,129.11000061035156,130.83999633789062,128.27999877929688,129.3300018310547,129.3300018310547,71927800,13.4399995803833,304.014,22580.499,3.6,-0.205064,0.0,1
2023-06-26,AMZN,129.3300018310547,131.49000549316406,127.0999984741211,127.33000183105467,127.33000183105467,59989300,14.25,304.014,22580.499,3.6,0.1384536666666666,0.2334567765932985,3
2023-06-27,AMZN,128.6300048828125,130.08999633789062,127.5500030517578,129.17999267578125,129.17999267578125,46801000,13.739999771118164,304.014,22580.499,3.6,0.15582125,0.1748725878354009,4
2023-06-28,AMZN,128.94000244140625,131.47999572753906,128.44000244140625,129.0399932861328,129.0399932861328,52149500,13.43000030517578,304.014,22580.499,3.6,0.1887057999999999,0.2134239975487761,5
2023-06-29,AMZN,128.77000427246094,129.25999450683594,127.26000213623048,127.9000015258789,127.9000015258789,40761000,13.539999961853027,304.014,22580.499,3.6,0.3064756666666666,0.0384214058349422,3
2023-06-30,AMZN,129.47000122070312,131.25,128.9499969482422,130.36000061035156,130.36000061035156,54350700,13.59000015258789,304.014,22580.499,3.6,0.2326478,0.1091803244966784,5
2023-07-03,AMZN,130.82000732421875,131.85000610351562,130.07000732421875,130.22000122070312,130.22000122070312,28264800,13.56999969482422,304.609,22840.989,3.5,0.2553835,0.0653967706580378,2
2023-07-05,AMZN,130.24000549316406,131.39999389648438,129.63999938964844,130.3800048828125,130.3800048828125,35895400,14.18000030517578,304.609,22840.989,3.5,0.218337,0.0,1
2023-07-06,AMZN,128.25,128.72999572753906,127.37000274658205,128.36000061035156,128.36000061035156,40639900,15.4399995803833,304.609,22840.989,3.5,0.140077,0.0,1
2023-07-07,AMZN,128.58999633789062,130.97000122070312,128.1300048828125,129.77999877929688,129.77999877929688,41992300,14.829999923706056,304.609,22840.989,3.5,0.379595,0.303165414280719,3
2023-07-10,AMZN,129.07000732421875,129.27999877929688,125.91999816894533,127.12999725341795,127.12999725341795,61889300,15.06999969482422,304.609,22840.989,3.5,0.40107,0.0,1
2023-07-11,AMZN,127.75,129.77000427246094,127.3499984741211,128.77999877929688,128.77999877929688,49951500,14.84000015258789,304.609,22840.989,3.5,0.26102975,0.1162987655863838,4
2023-07-12,AMZN,130.30999755859375,131.25999450683594,128.8300018310547,130.8000030517578,130.8000030517578,54022800,13.539999961853027,304.609,22840.989,3.5,0.1251268,0.0140712284005341,5
2023-07-13,AMZN,134.0399932861328,134.6699981689453,132.7100067138672,134.3000030517578,134.3000030517578,61170900,13.609999656677246,304.609,22840.989,3.5,0.17478175,0.1706528433815689,8
2023-07-14,AMZN,134.05999755859375,136.64999389648438,134.05999755859375,134.67999267578125,134.67999267578125,54487100,13.34000015258789,304.609,22840.989,3.5,0.2016285,0.1056254896533029,2
2023-07-17,AMZN,134.55999755859375,135.6199951171875,133.2100067138672,133.55999755859375,133.55999755859375,48450200,13.479999542236328,304.609,22840.989,3.5,0.0,0.0,0
2023-07-18,AMZN,132.7100067138672,133.86000061035156,131.35000610351562,132.8300018310547,132.8300018310547,54882900,13.300000190734863,304.609,22840.989,3.5,0.0095681999999999,0.1965321671297093,5
2023-07-19,AMZN,133.38999938964844,135.99000549316406,132.52999877929688,135.36000061035156,135.36000061035156,54531000,13.760000228881836,304.609,22840.989,3.5,0.1071118,0.2365186733647049,5
2023-07-20,AMZN,134.07000732421875,134.7899932861328,129.3300018310547,129.9600067138672,129.9600067138672,59820600,13.989999771118164,304.609,22840.989,3.5,0.0018177499999999,0.1137863088992549,4
2023-07-21,AMZN,131.33999633789062,131.3699951171875,128.4199981689453,130.0,130.0,133307300,13.600000381469728,304.609,22840.989,3.5,0.21516,0.0,1
2023-07-24,AMZN,130.30999755859375,131.66000366210938,128.35000610351562,128.8000030517578,128.8000030517578,45591100,13.90999984741211,304.609,22840.989,3.5,0.0,0.0,0
2023-07-25,AMZN,129.30999755859375,129.5800018310547,128.52999877929688,129.1300048828125,129.1300048828125,39236700,13.859999656677246,304.609,22840.989,3.5,0.1227249999999999,0.1742141019378167,4
2023-07-26,AMZN,126.51000213623048,129.0800018310547,126.11000061035156,128.14999389648438,128.14999389648438,53910100,13.1899995803833,304.609,22840.989,3.5,0.4082989999999999,0.1096793328298454,2
2023-07-27,AMZN,131.0,132.6300048828125,127.79000091552734,128.25,128.25,52610700,14.40999984741211,304.609,22840.989,3.5,0.378206,0.0615720300785998,2
2023-07-28,AMZN,129.69000244140625,133.00999450683594,129.3300018310547,132.2100067138672,132.2100067138672,46317400,13.329999923706056,304.609,22840.989,3.5,0.1912903333333333,0.0582185095767087,3
2023-07-31,AMZN,133.1999969482422,133.8699951171875,132.3800048828125,133.67999267578125,133.67999267578125,41901500,13.630000114440918,304.609,22840.989,3.5,0.315644,0.0,1
2023-08-01,AMZN,133.5500030517578,133.69000244140625,131.6199951171875,131.69000244140625,131.69000244140625,42098500,13.93000030517578,306.082,22840.989,3.7,0.276709,0.0,1
2023-08-02,AMZN,130.14999389648438,130.22999572753906,126.81999969482422,128.2100067138672,128.2100067138672,51027600,16.09000015258789,306.082,22840.989,3.7,0.0072074999999999,0.3400130028403326,2
2023-08-03,AMZN,127.4800033569336,129.83999633789062,126.41000366210938,128.91000366210938,128.91000366210938,88585200,15.920000076293944,306.082,22840.989,3.7,0.1340334,0.1519767739666163,5
2023-08-04,AMZN,141.05999755859375,143.6300048828125,139.32000732421875,139.57000732421875,139.57000732421875,153128500,17.100000381469727,306.082,22840.989,3.7,0.2259726666666666,0.1937397783273567,3
2023-08-07,AMZN,140.99000549316406,142.5399932861328,138.9499969482422,142.22000122070312,142.22000122070312,71213100,15.770000457763672,306.082,22840.989,3.7,0.380707,0.0718632621719888,2
2023-08-08,AMZN,140.6199951171875,140.83999633789062,138.4199981689453,139.94000244140625,139.94000244140625,51710500,15.989999771118164,306.082,22840.989,3.7,0.174091,0.1317804350178735,5
2023-08-09,AMZN,139.97000122070312,140.32000732421875,137.10000610351562,137.85000610351562,137.85000610351562,50017300,15.960000038146973,306.082,22840.989,3.7,0.2655486,0.1653108739309063,5
2023-08-10,AMZN,139.07000732421875,140.41000366210938,137.49000549316406,138.55999755859375,138.55999755859375,58928400,15.850000381469728,306.082,22840.989,3.7,0.436899,0.4190526917345837,2
2023-08-11,AMZN,137.39999389648438,139.3300018310547,137.0,138.41000366210938,138.41000366210938,42905800,14.84000015258789,306.082,22840.989,3.7,0.1850276666666666,0.1149932399158025,3
2023-08-14,AMZN,138.3000030517578,140.58999633789062,137.75,140.57000732421875,140.57000732421875,47148700,14.81999969482422,306.082,22840.989,3.7,-0.613961,0.0,1
2023-08-15,AMZN,140.0500030517578,141.27999877929688,137.22999572753906,137.6699981689453,137.6699981689453,42781500,16.459999084472656,306.082,22840.989,3.7,0.110848,0.2181982224308896,3
2023-08-16,AMZN,137.19000244140625,137.27000427246094,135.00999450683594,135.07000732421875,135.07000732421875,41675900,16.780000686645508,306.082,22840.989,3.7,0.322506,0.0,1
2023-08-17,AMZN,135.4600067138672,136.08999633789062,133.52999877929688,133.97999572753906,133.97999572753906,48354100,17.889999389648438,306.082,22840.989,3.7,0.1891567499999999,0.3117144030287714,4
2023-08-18,AMZN,131.6199951171875,134.07000732421875,131.14999389648438,133.22000122070312,133.22000122070312,48497700,17.299999237060547,306.082,22840.989,3.7,0.257008,0.0,1
2023-08-21,AMZN,133.74000549316406,135.19000244140625,132.7100067138672,134.67999267578125,134.67999267578125,41442500,17.1299991607666,306.082,22840.989,3.7,0.041663,0.0,1
2023-08-22,AMZN,135.0800018310547,135.64999389648438,133.72999572753906,134.25,134.25,32905400,16.969999313354492,306.082,22840.989,3.7,0.2143145,0.0817590140051847,6
2023-08-23,AMZN,134.5,135.9499969482422,133.22000122070312,135.52000427246094,135.52000427246094,42801000,15.979999542236328,306.082,22840.989,3.7,0.20120475,0.0899582958834259,4
2023-08-24,AMZN,136.39999389648438,136.77999877929688,131.8300018310547,131.83999633789062,131.83999633789062,43646300,17.200000762939453,306.082,22840.989,3.7,0.2390755,0.1554892456490159,2
2023-08-25,AMZN,132.47000122070312,133.8699951171875,130.5800018310547,133.25999450683594,133.25999450683594,44147500,15.68000030517578,306.082,22840.989,3.7,0.183966,0.2114121996527163,2
2023-08-28,AMZN,133.77999877929688,133.9499969482422,131.85000610351562,133.13999938964844,133.13999938964844,34108400,15.079999923706056,306.082,22840.989,3.7,0.12446625,0.1783003125373499,4
2023-08-29,AMZN,133.3800048828125,135.13999938964844,133.25,134.91000366210938,134.91000366210938,38646100,14.449999809265137,306.082,22840.989,3.7,0.319105,0.0,1
2023-08-30,AMZN,134.92999267578125,135.67999267578125,133.9199981689453,135.07000732421875,135.07000732421875,36137000,13.880000114440918,306.082,22840.989,3.7,0.1909221666666666,0.1822950327676721,6
2023-08-31,AMZN,135.05999755859375,138.7899932861328,135.0,138.00999450683594,138.00999450683594,58781300,13.56999969482422,306.082,22840.989,3.7,0.05153,0.454319104763381,3
2023-09-01,AMZN,139.4600067138672,139.9600067138672,136.8800048828125,138.1199951171875,138.1199951171875,40991500,13.09000015258789,307.276,22840.989,3.7,0.0,0.0,0
2023-09-05,AMZN,137.72999572753906,137.8000030517578,135.82000732421875,137.27000427246094,137.27000427246094,40636700,14.010000228881836,307.276,22840.989,3.7,0.1923825,0.133004664220846,2
2023-09-06,AMZN,136.32000732421875,137.4499969482422,134.61000061035156,135.36000061035156,135.36000061035156,41785500,14.449999809265137,307.276,22840.989,3.7,0.3266033333333333,0.108922111517053,3
2023-09-07,AMZN,133.89999389648438,138.02999877929688,133.16000366210938,137.85000610351562,137.85000610351562,48498900,14.399999618530272,307.276,22840.989,3.7,0.2305863333333333,0.0922372277029906,3
2023-09-08,AMZN,136.86000061035156,138.85000610351562,136.75,138.22999572753906,138.22999572753906,38348200,13.84000015258789,307.276,22840.989,3.7,0.270991,0.0,1
2023-09-11,AMZN,138.75,143.6199951171875,138.63999938964844,143.10000610351562,143.10000610351562,56764500,13.800000190734863,307.276,22840.989,3.7,0.164792,0.11438557452756,4
2023-09-12,AMZN,142.32000732421875,143.0,140.61000061035156,141.22999572753906,141.22999572753906,42668500,14.229999542236328,307.276,22840.989,3.7,0.481221,0.0578314352061229,2
2023-09-13,AMZN,140.9499969482422,144.97999572753906,140.8699951171875,144.85000610351562,144.85000610351562,60465200,13.479999542236328,307.276,22840.989,3.7,0.117527,0.0,1
2023-09-14,AMZN,145.0800018310547,145.86000061035156,142.9499969482422,144.72000122070312,144.72000122070312,64033600,12.81999969482422,307.276,22840.989,3.7,0.162699,0.0559291919841508,3
2023-09-15,AMZN,142.69000244140625,143.57000732421875,140.08999633789062,140.38999938964844,140.38999938964844,102909300,13.789999961853027,307.276,22840.989,3.7,-0.0055535,0.3435457083191405,2
2023-09-18,AMZN,140.47999572753906,141.75,139.22000122070312,139.97999572753906,139.97999572753906,42823500,14.0,307.276,22840.989,3.7,0.0,0.0,0
2023-09-19,AMZN,138.6999969482422,138.83999633789062,135.55999755859375,137.6300048828125,137.6300048828125,61482500,14.109999656677246,307.276,22840.989,3.7,0.2239074,0.1089608588338032,5
2023-09-20,AMZN,138.5500030517578,139.3699951171875,135.1999969482422,135.2899932861328,135.2899932861328,46263700,15.140000343322754,307.276,22840.989,3.7,0.161486,0.166957509597502,3
2023-09-21,AMZN,131.94000244140625,132.24000549316406,129.30999755859375,129.3300018310547,129.3300018310547,70343300,17.540000915527344,307.276,22840.989,3.7,0.0,0.0,0
2023-09-22,AMZN,131.11000061035156,132.02999877929688,128.52000427246094,129.1199951171875,129.1199951171875,59904300,17.200000762939453,307.276,22840.989,3.7,0.027244,0.0,1
2023-09-25,AMZN,129.36000061035156,131.77999877929688,128.77000427246094,131.27000427246094,131.27000427246094,46017800,16.899999618530273,307.276,22840.989,3.7,0.1069685,0.0172413846456715,2
2023-09-26,AMZN,130.1199951171875,130.38999938964844,125.27999877929688,125.9800033569336,125.9800033569336,73048200,18.940000534057617,307.276,22840.989,3.7,0.260872,0.1668540200714384,4
2023-09-27,AMZN,125.76000213623048,127.4800033569336,124.12999725341795,125.9800033569336,125.9800033569336,66553400,18.21999931335449,307.276,22840.989,3.7,0.4229443333333333,0.2519593642560905,3
2023-09-28,AMZN,124.04000091552734,126.58000183105467,123.04000091552734,125.9800033569336,125.9800033569336,54555000,17.34000015258789,307.276,22840.989,3.7,0.135621,0.0038838963683394,3
2023-09-29,AMZN,128.1999969482422,129.14999389648438,126.31999969482422,127.12000274658205,127.12000274658205,62411700,17.520000457763672,307.276,22840.989,3.7,0.2266729999999999,0.1663164433632465,3
2023-10-02,AMZN,127.27999877929688,130.47000122070312,126.54000091552734,129.4600067138672,129.4600067138672,48029700,17.610000610351562,307.696,23033.78,3.9,0.0,0.0,0
2023-10-03,AMZN,128.05999755859375,128.52000427246094,124.25,124.72000122070312,124.72000122070312,51565000,19.780000686645508,307.696,23033.78,3.9,0.24066475,0.1833393250058026,4
2023-10-04,AMZN,126.05999755859376,127.36000061035156,125.68000030517578,127.0,127.0,44203900,18.57999992370605,307.696,23033.78,3.9,0.270578,0.0478994133575767,2
2023-10-05,AMZN,126.70999908447266,126.7300033569336,124.33000183105467,125.95999908447266,125.95999908447266,39660600,18.489999771118164,307.696,23033.78,3.9,0.0397116666666666,0.3078228934928871,3
2023-10-06,AMZN,124.16000366210938,128.4499969482422,124.12999725341795,127.95999908447266,127.95999908447266,46836700,17.450000762939453,307.696,23033.78,3.9,0.0,0.0,0
2023-10-09,AMZN,126.22000122070312,128.7899932861328,124.76000213623048,128.25999450683594,128.25999450683594,38773700,17.700000762939453,307.696,23033.78,3.9,-0.0027039999999999,0.2080364718793317,2
2023-10-10,AMZN,128.82000732421875,130.74000549316406,128.0500030517578,129.47999572753906,129.47999572753906,42178600,17.030000686645508,307.696,23033.78,3.9,0.1331606666666666,0.2142225666458446,3
2023-10-11,AMZN,129.74000549316406,132.0500030517578,129.61000061035156,131.8300018310547,131.8300018310547,40741800,16.09000015258789,307.696,23033.78,3.9,0.141545,0.0,1
2023-10-12,AMZN,132.1699981689453,134.47999572753906,131.22999572753906,132.3300018310547,132.3300018310547,55528600,16.690000534057617,307.696,23033.78,3.9,0.0523809999999999,0.1688510555578495,3
2023-10-13,AMZN,132.97999572753906,133.30999755859375,128.9499969482422,129.7899932861328,129.7899932861328,45786600,19.31999969482422,307.696,23033.78,3.9,0.3647924999999999,0.0617353717450538,2
2023-10-16,AMZN,130.69000244140625,133.07000732421875,130.42999267578125,132.5500030517578,132.5500030517578,42832900,17.209999084472656,307.696,23033.78,3.9,0.1931545,0.216967937632499,2
2023-10-17,AMZN,130.38999938964844,132.5800018310547,128.7100067138672,131.47000122070312,131.47000122070312,49344600,17.8799991607666,307.696,23033.78,3.9,0.0,0.0,0
2023-10-18,AMZN,129.89999389648438,130.6699981689453,127.51000213623048,128.1300048828125,128.1300048828125,42699500,19.21999931335449,307.696,23033.78,3.9,0.144165,0.1836373359205583,4
2023-10-19,AMZN,130.57000732421875,132.24000549316406,127.47000122070312,128.39999389648438,128.39999389648438,60961400,21.39999961853028,307.696,23033.78,3.9,0.22069,0.1313054866256547,2
2023-10-20,AMZN,128.0500030517578,128.1699981689453,124.97000122070312,125.16999816894533,125.16999816894533,56406400,21.709999084472656,307.696,23033.78,3.9,0.220849,0.0722533512855978,3
2023-10-23,AMZN,124.62999725341795,127.87999725341795,123.9800033569336,126.55999755859376,126.55999755859376,48260000,20.3700008392334,307.696,23033.78,3.9,0.0516783333333333,0.1606554392615865,3
2023-10-24,AMZN,127.73999786376952,128.8000030517578,126.33999633789062,128.55999755859375,128.55999755859375,46477400,18.96999931335449,307.696,23033.78,3.9,0.243129,0.0,1
2023-10-25,AMZN,126.04000091552734,126.33999633789062,120.79000091552734,121.38999938964844,121.38999938964844,74577500,20.190000534057617,307.696,23033.78,3.9,0.172288,0.2124672029702467,2
2023-10-26,AMZN,120.62999725341795,121.63999938964844,118.3499984741211,119.56999969482422,119.56999969482422,100419500,20.68000030517578,307.696,23033.78,3.9,0.1552049999999999,0.0148435855506679,2
2023-10-27,AMZN,126.1999969482422,130.02000427246094,125.5199966430664,127.73999786376952,127.73999786376952,125309300,21.270000457763672,307.696,23033.78,3.9,0.292546,0.0,1
2023-10-30,AMZN,129.72000122070312,133.0,128.55999755859375,132.7100067138672,132.7100067138672,72485500,19.75,307.696,23033.78,3.9,0.273767,0.0625478374366372,2
2023-10-31,AMZN,132.75,133.57000732421875,131.7100067138672,133.08999633789062,133.08999633789062,51589400,18.13999938964844,307.696,23033.78,3.9,0.042114,0.3760450430892554,2
2023-11-01,AMZN,133.9600067138672,137.35000610351562,133.7100067138672,137.0,137.0,61529400,16.8700008392334,308.148,23033.78,3.7,0.26765,0.0781649978059233,2
2023-11-02,AMZN,138.72999572753906,138.80999755859375,136.47000122070312,138.07000732421875,138.07000732421875,52236700,15.65999984741211,308.148,23033.78,3.7,0.307325,0.0,1
2023-11-03,AMZN,138.99000549316406,139.49000549316406,137.4499969482422,138.60000610351562,138.60000610351562,44059800,14.90999984741211,308.148,23033.78,3.7,0.221818,0.1157302349215623,3
2023-11-06,AMZN,138.75999450683594,140.72999572753906,138.36000061035156,139.74000549316406,139.74000549316406,44970400,14.890000343322754,308.148,23033.78,3.7,0.13705075,0.2537280052764837,4
2023-11-07,AMZN,140.5500030517578,143.3699951171875,140.5,142.7100067138672,142.7100067138672,53553500,14.8100004196167,308.148,23033.78,3.7,0.3733193333333333,0.0877012016812388,3
2023-11-08,AMZN,142.97000122070312,143.1199951171875,141.22000122070312,142.0800018310547,142.0800018310547,44521700,14.449999809265137,308.148,23033.78,3.7,0.284346,0.1071267298732362,4
2023-11-09,AMZN,142.02000427246094,142.64999389648438,139.83999633789062,140.60000610351562,140.60000610351562,36235400,15.289999961853027,308.148,23033.78,3.7,0.344335,0.0,1
2023-11-10,AMZN,140.4600067138672,143.64999389648438,139.91000366210938,143.55999755859375,143.55999755859375,49287800,14.170000076293944,308.148,23033.78,3.7,0.1036623333333333,0.2165717315263774,3
2023-11-13,AMZN,142.0800018310547,143.22999572753906,140.6699981689453,142.58999633789062,142.58999633789062,35680600,14.760000228881836,308.148,23033.78,3.7,0.1127113999999999,0.3242414749909394,5
2023-11-14,AMZN,145.0,147.25999450683594,144.67999267578125,145.8000030517578,145.8000030517578,56674600,14.15999984741211,308.148,23033.78,3.7,0.2501431428571428,0.2414178639913435,7
2023-11-15,AMZN,147.05999755859375,147.2899932861328,142.58999633789062,143.1999969482422,143.1999969482422,63875700,14.18000030517578,308.148,23033.78,3.7,0.08198325,0.1424484133791949,4
2023-11-16,AMZN,140.91000366210938,143.32000732421875,139.52000427246094,142.8300018310547,142.8300018310547,49653500,14.31999969482422,308.148,23033.78,3.7,0.327583,0.0,1
2023-11-17,AMZN,142.66000366210938,145.22999572753906,142.5399932861328,145.17999267578125,145.17999267578125,49636700,13.800000190734863,308.148,23033.78,3.7,0.145113,0.0,1
2023-11-20,AMZN,145.1300048828125,146.6300048828125,144.72999572753906,146.1300048828125,146.1300048828125,41951200,13.40999984741211,308.148,23033.78,3.7,0.2884658,0.1091563749934011,5
2023-11-21,AMZN,143.91000366210938,144.0500030517578,141.5,143.89999389648438,143.89999389648438,71226000,13.350000381469728,308.148,23033.78,3.7,0.2294613333333333,0.1198093980509598,3
2023-11-22,AMZN,144.57000732421875,147.74000549316406,144.57000732421875,146.7100067138672,146.7100067138672,45669100,12.850000381469728,308.148,23033.78,3.7,0.2972844,0.0620646665124368,5
2023-11-24,AMZN,146.6999969482422,147.1999969482422,145.32000732421875,146.74000549316406,146.74000549316406,22378400,12.460000038146973,308.148,23033.78,3.7,0.0,0.0,0
2023-11-27,AMZN,147.52999877929688,149.25999450683594,146.8800048828125,147.72999572753906,147.72999572753906,53762400,12.6899995803833,308.148,23033.78,3.7,0.129108,0.0,1
2023-11-28,AMZN,146.97999572753906,147.60000610351562,145.52999877929688,147.02999877929688,147.02999877929688,42711700,12.6899995803833,308.148,23033.78,3.7,0.1507156666666666,0.3071145001140997,3
2023-11-29,AMZN,147.85000610351562,148.5399932861328,145.97000122070312,146.32000732421875,146.32000732421875,40610900,12.979999542236328,308.148,23033.78,3.7,0.1487419999999999,0.0152042100090731,2
2023-11-30,AMZN,144.75999450683594,146.92999267578125,144.3300018310547,146.08999633789062,146.08999633789062,65814000,12.920000076293944,308.148,23033.78,3.7,0.305074,0.0530896592473525,3
2023-12-01,AMZN,146.0,147.25,145.5500030517578,147.02999877929688,147.02999877929688,39951800,12.630000114440918,308.741,23033.78,3.8,0.024321,0.1401853335837954,2
2023-12-04,AMZN,145.25,145.35000610351562,142.80999755859375,144.83999633789062,144.83999633789062,48294200,13.079999923706056,308.741,23033.78,3.8,0.32164,0.0054095053378289,3
2023-12-05,AMZN,143.5500030517578,148.57000732421875,143.1300048828125,146.8800048828125,146.8800048828125,46822400,12.850000381469728,308.741,23033.78,3.8,0.3091813333333333,0.0208690018288689,3
2023-12-06,AMZN,147.5800018310547,147.85000610351562,144.27999877929688,144.52000427246094,144.52000427246094,39679000,12.970000267028809,308.741,23033.78,3.8,0.1178073333333333,0.1571050686090893,6
2023-12-07,AMZN,146.14999389648438,147.9199981689453,145.33999633789062,146.8800048828125,146.8800048828125,52352800,13.0600004196167,308.741,23033.78,3.8,0.1009159999999999,0.1824030460619193,4
2023-12-08,AMZN,145.47999572753906,147.83999633789062,145.39999389648438,147.4199981689453,147.4199981689453,41906000,12.350000381469728,308.741,23033.78,3.8,0.0,0.0,0
2023-12-11,AMZN,145.66000366210938,146.19000244140625,143.63999938964844,145.88999938964844,145.88999938964844,50907300,12.630000114440918,308.741,23033.78,3.8,0.1656525999999999,0.1042621177336236,5
2023-12-12,AMZN,145.52000427246094,147.5,145.3000030517578,147.47999572753906,147.47999572753906,44944300,12.06999969482422,308.741,23033.78,3.8,0.024017,0.17629586268543,2
2023-12-13,AMZN,148.1199951171875,149.4600067138672,146.82000732421875,148.83999633789062,148.83999633789062,52766200,12.1899995803833,308.741,23033.78,3.8,0.129152,0.0,1
2023-12-14,AMZN,149.92999267578125,150.5399932861328,145.52000427246094,147.4199981689453,147.4199981689453,58400800,12.479999542236328,308.741,23033.78,3.8,0.1909188,0.2384593561064442,5
2023-12-15,AMZN,148.3800048828125,150.57000732421875,147.8800048828125,149.97000122070312,149.97000122070312,110089300,12.279999732971191,308.741,23033.78,3.8,0.2876265,0.1203432101969197,2
2023-12-18,AMZN,150.55999755859375,154.85000610351562,150.0500030517578,154.07000732421875,154.07000732421875,62512800,12.5600004196167,308.741,23033.78,3.8,0.0,0.0,0
2023-12-19,AMZN,154.39999389648438,155.1199951171875,152.69000244140625,153.7899932861328,153.7899932861328,43171300,12.529999732971191,308.741,23033.78,3.8,0.2238145,0.1514686364911891,2
2023-12-20,AMZN,152.89999389648438,155.6300048828125,151.55999755859375,152.1199951171875,152.1199951171875,50322100,13.670000076293944,308.741,23033.78,3.8,0.0923425,0.1634541898015057,4
2023-12-21,AMZN,153.3000030517578,153.97000122070312,152.10000610351562,153.83999633789062,153.83999633789062,36305700,13.649999618530272,308.741,23033.78,3.8,0.137241,0.0,1
2023-12-22,AMZN,153.77000427246094,154.35000610351562,152.7100067138672,153.4199981689453,153.4199981689453,29514100,13.029999732971191,308.741,23033.78,3.8,0.146719,0.2491839000477358,3
2023-12-26,AMZN,153.55999755859375,153.97999572753906,153.02999877929688,153.41000366210938,153.41000366210938,25067200,12.989999771118164,308.741,23033.78,3.8,0.045691,0.0,1
2023-12-27,AMZN,153.55999755859375,154.77999877929688,153.1199951171875,153.33999633789062,153.33999633789062,31434700,12.43000030517578,308.741,23033.78,3.8,0.32182,0.0,1
2023-12-28,AMZN,153.72000122070312,154.0800018310547,152.9499969482422,153.3800048828125,153.3800048828125,27057000,12.470000267028809,308.741,23033.78,3.8,0.0,0.0,0
2023-12-29,AMZN,153.10000610351562,153.88999938964844,151.02999877929688,151.94000244140625,151.94000244140625,39823200,12.449999809265137,308.741,23033.78,3.8,0.1988784999999999,0.1397419776319914,2
2024-01-02,AMZN,151.5399932861328,152.3800048828125,148.38999938964844,149.92999267578125,149.92999267578125,47339400,13.199999809265137,309.698,23082.119,3.7,0.0,0.0,0
2024-01-03,AMZN,149.1999969482422,151.0500030517578,148.3300018310547,148.47000122070312,148.47000122070312,49425500,14.039999961853027,309.698,23082.119,3.7,0.106985,0.0,1
2024-01-04,AMZN,145.58999633789062,147.3800048828125,144.0500030517578,144.57000732421875,144.57000732421875,56039800,14.130000114440918,309.698,23082.119,3.7,0.23008525,0.0864942860477885,4
2024-01-05,AMZN,144.69000244140625,146.58999633789062,144.52999877929688,145.24000549316406,145.24000549316406,45153100,13.350000381469728,309.698,23082.119,3.7,0.1786225,0.0704709689198325,2
2024-01-08,AMZN,146.74000549316406,149.39999389648438,146.14999389648438,149.10000610351562,149.10000610351562,46757100,13.079999923706056,309.698,23082.119,3.7,0.1901946666666666,0.0926082598385983,3
2024-01-09,AMZN,148.3300018310547,151.7100067138672,148.2100067138672,151.3699951171875,151.3699951171875,43812600,12.760000228881836,309.698,23082.119,3.7,0.1750789999999999,0.2410498524040203,3
2024-01-10,AMZN,152.05999755859375,154.4199981689453,151.8800048828125,153.72999572753906,153.72999572753906,44421800,12.6899995803833,309.698,23082.119,3.7,0.3314766666666666,0.1385459013552308,3
2024-01-11,AMZN,155.0399932861328,157.1699981689453,153.1199951171875,155.17999267578125,155.17999267578125,49072700,12.4399995803833,309.698,23082.119,3.7,-0.1867305,0.0622543881224448,2
2024-01-12,AMZN,155.38999938964844,156.1999969482422,154.00999450683594,154.6199951171875,154.6199951171875,40484200,12.699999809265137,309.698,23082.119,3.7,0.0,0.0,0
2024-01-16,AMZN,153.52999877929688,154.99000549316406,152.14999389648438,153.16000366210938,153.16000366210938,41384600,13.84000015258789,309.698,23082.119,3.7,0.2234925,0.0303610438638067,2
2024-01-17,AMZN,151.49000549316406,152.14999389648438,149.91000366210938,151.7100067138672,151.7100067138672,34953400,14.789999961853027,309.698,23082.119,3.7,0.200902,0.0979917421418764,4
2024-01-18,AMZN,152.77000427246094,153.77999877929688,151.82000732421875,153.5,153.5,37850200,14.130000114440918,309.698,23082.119,3.7,0.2365475,0.13518820996115,2
2024-01-19,AMZN,153.8300018310547,155.75999450683594,152.74000549316406,155.33999633789062,155.33999633789062,51651600,13.300000190734863,309.698,23082.119,3.7,0.01352925,0.2942023256472491,4
2024-01-22,AMZN,156.88999938964844,157.0500030517578,153.89999389648438,154.77999877929688,154.77999877929688,43687500,13.1899995803833,309.698,23082.119,3.7,0.1206664999999999,0.218493221390657,4
2024-01-23,AMZN,154.85000610351562,156.2100067138672,153.92999267578125,156.02000427246094,156.02000427246094,37986000,12.550000190734863,309.698,23082.119,3.7,-0.0671496666666666,0.1674384195497954,3
2024-01-24,AMZN,157.8000030517578,158.50999450683594,156.47999572753906,156.8699951171875,156.8699951171875,48547300,13.140000343322754,309.698,23082.119,3.7,-0.084795,0.2004230435952912,3
2024-01-25,AMZN,156.9499969482422,158.50999450683594,154.5500030517578,157.75,157.75,43638600,13.449999809265137,309.698,23082.119,3.7,0.118545,0.014075383783992,4
2024-01-26,AMZN,158.4199981689453,160.72000122070312,157.91000366210938,159.1199951171875,159.1199951171875,51047400,13.260000228881836,309.698,23082.119,3.7,0.2055356666666666,0.4678602205043011,3
2024-01-29,AMZN,159.33999633789062,161.2899932861328,158.89999389648438,161.25999450683594,161.25999450683594,45270400,13.600000381469728,309.698,23082.119,3.7,0.0330094999999999,0.2703418575024963,6
2024-01-30,AMZN,160.6999969482422,161.72999572753906,158.49000549316406,159.0,159.0,45207400,13.3100004196167,309.698,23082.119,3.7,0.174285,0.0462447834896002,2
2024-01-31,AMZN,157.0,159.00999450683594,154.80999755859375,155.1999969482422,155.1999969482422,50284400,14.350000381469728,309.698,23082.119,3.7,0.1666366666666666,0.2477764695871395,6
2024-02-01,AMZN,155.8699951171875,159.75999450683594,155.6199951171875,159.27999877929688,159.27999877929688,76542400,13.880000114440918,310.967,23082.119,3.9,0.0454754999999999,0.2432268109789708,4
2024-02-02,AMZN,169.19000244140625,172.5,167.3300018310547,171.80999755859375,171.80999755859375,117218300,13.850000381469728,310.967,23082.119,3.9,0.170425125,0.2758380286899425,8
2024-02-05,AMZN,170.1999969482422,170.5500030517578,167.6999969482422,170.30999755859375,170.30999755859375,55081300,13.670000076293944,310.967,23082.119,3.9,0.108606,0.4107720625614648,3
2024-02-06,AMZN,169.38999938964844,170.7100067138672,167.64999389648438,169.14999389648438,169.14999389648438,42505500,13.0600004196167,310.967,23082.119,3.9,0.0917456,0.2486295869718646,5
2024-02-07,AMZN,169.47999572753906,170.8800048828125,168.94000244140625,170.52999877929688,170.52999877929688,47174100,12.829999923706056,310.967,23082.119,3.9,0.178884,0.0569659365059506,2
2024-02-08,AMZN,169.64999389648438,171.42999267578125,168.8800048828125,169.83999633789062,169.83999633789062,42316500,12.789999961853027,310.967,23082.119,3.9,0.38559,0.0763321770290878,2
2024-02-09,AMZN,170.89999389648438,175.0,170.5800018310547,174.4499969482422,174.4499969482422,56986000,12.93000030517578,310.967,23082.119,3.9,0.0398363333333333,0.1335254768062385,3
2024-02-12,AMZN,174.8000030517578,175.38999938964844,171.5399932861328,172.33999633789062,172.33999633789062,51050400,13.93000030517578,310.967,23082.119,3.9,0.1748082,0.1832599963117974,5
2024-02-13,AMZN,167.72999572753906,170.9499969482422,165.75,168.63999938964844,168.63999938964844,56345100,15.850000381469728,310.967,23082.119,3.9,0.1217708999999999,0.2000049140143256,10
2024-02-14,AMZN,169.2100067138672,171.2100067138672,168.27999877929688,170.97999572753906,170.97999572753906,42815500,14.380000114440918,310.967,23082.119,3.9,0.0269567999999999,0.2371262942351607,5
2024-02-15,AMZN,170.5800018310547,171.1699981689453,167.58999633789062,169.8000030517578,169.8000030517578,49855200,14.010000228881836,310.967,23082.119,3.9,0.1496855,0.0574259644716569,6
2024-02-16,AMZN,168.74000549316406,170.4199981689453,167.1699981689453,169.50999450683594,169.50999450683594,48107700,14.239999771118164,310.967,23082.119,3.9,0.0859822,0.2506184366476257,5
2024-02-20,AMZN,167.8300018310547,168.7100067138672,165.74000549316406,167.0800018310547,167.0800018310547,41980300,15.420000076293944,310.967,23082.119,3.9,0.2644214,0.2628932014560285,5
2024-02-21,AMZN,168.94000244140625,170.22999572753906,167.13999938964844,168.58999633789062,168.58999633789062,44420100,15.34000015258789,310.967,23082.119,3.9,0.0998159999999999,0.1217287309964249,5
2024-02-22,AMZN,173.10000610351562,174.8000030517578,171.77000427246094,174.5800018310547,174.5800018310547,55392400,14.539999961853027,310.967,23082.119,3.9,0.129814,0.0,1
2024-02-23,AMZN,174.27999877929688,175.75,173.6999969482422,174.99000549316406,174.99000549316406,59715200,13.75,310.967,23082.119,3.9,0.0178089999999999,0.4755773936090738,2
2024-02-26,AMZN,175.6999969482422,176.3699951171875,174.25999450683594,174.72999572753906,174.72999572753906,44368600,13.739999771118164,310.967,23082.119,3.9,-0.143593,0.0,1
2024-02-27,AMZN,174.0800018310547,174.6199951171875,172.86000061035156,173.5399932861328,173.5399932861328,31141700,13.43000030517578,310.967,23082.119,3.9,0.186516,0.2156378697770871,2
2024-02-28,AMZN,172.44000244140625,174.0500030517578,172.27000427246094,173.16000366210938,173.16000366210938,28180500,13.84000015258789,310.967,23082.119,3.9,0.1734404,0.1999524887499528,5
2024-02-29,AMZN,173.00999450683594,177.22000122070312,172.85000610351562,176.75999450683594,176.75999450683594,53805400,13.399999618530272,310.967,23082.119,3.9,0.37864525,0.1583990806967746,4
2024-03-01,AMZN,176.75,178.72999572753906,176.07000732421875,178.22000122070312,178.22000122070312,31981200,13.109999656677246,312.345,23082.119,3.9,0.27318375,0.1778317282008941,4
2024-03-04,AMZN,177.52999877929688,180.13999938964844,177.49000549316406,177.5800018310547,177.5800018310547,37381500,13.489999771118164,312.345,23082.119,3.9,0.2198893333333333,0.0787181612230197,3
2024-03-05,AMZN,176.92999267578125,176.92999267578125,173.3000030517578,174.1199951171875,174.1199951171875,37228300,14.460000038146973,312.345,23082.119,3.9,0.1359437142857143,0.0434807410267821,7
2024-03-06,AMZN,175.5399932861328,176.4600067138672,173.25999450683594,173.50999450683594,173.50999450683594,32090900,14.5,312.345,23082.119,3.9,-0.1113926666666666,0.2214011503816846,3
2024-03-07,AMZN,174.8300018310547,177.99000549316406,173.72000122070312,176.82000732421875,176.82000732421875,34063300,14.4399995803833,312.345,23082.119,3.9,0.273269,0.0541997347779488,2
2024-03-08,AMZN,176.44000244140625,178.7899932861328,174.3300018310547,175.35000610351562,175.35000610351562,37893200,14.739999771118164,312.345,23082.119,3.9,0.1608803333333333,0.2421628796499028,3
2024-03-11,AMZN,174.30999755859375,174.47000122070312,171.47000122070312,171.9600067138672,171.9600067138672,28484800,15.220000267028809,312.345,23082.119,3.9,0.2258239999999999,0.2310100563774227,5
2024-03-12,AMZN,173.5,176.75999450683594,171.97999572753906,175.38999938964844,175.38999938964844,36610600,13.84000015258789,312.345,23082.119,3.9,0.3239645,0.0019367654736699,2
2024-03-13,AMZN,175.89999389648438,177.6199951171875,175.5500030517578,176.55999755859375,176.55999755859375,30772600,13.75,312.345,23082.119,3.9,0.1786566666666666,0.1876142783052505,9
2024-03-14,AMZN,177.69000244140625,179.52999877929688,176.47000122070312,178.75,178.75,43705800,14.399999618530272,312.345,23082.119,3.9,-0.1250106666666666,0.3023349108461233,3
2024-03-15,AMZN,176.63999938964844,177.92999267578125,173.89999389648438,174.4199981689453,174.4199981689453,72147400,14.40999984741211,312.345,23082.119,3.9,0.347797,0.0,1
2024-03-18,AMZN,175.8000030517578,176.69000244140625,174.27999877929688,174.47999572753906,174.47999572753906,31250700,14.329999923706056,312.345,23082.119,3.9,0.299233,0.2141494448902448,6
2024-03-19,AMZN,174.22000122070312,176.08999633789062,173.52000427246094,175.89999389648438,175.89999389648438,26880900,13.81999969482422,312.345,23082.119,3.9,0.540439,0.0,1
2024-03-20,AMZN,176.13999938964844,178.52999877929688,174.63999938964844,178.14999389648438,178.14999389648438,29947200,13.039999961853027,312.345,23082.119,3.9,0.2122526666666666,0.1521583154607945,6
2024-03-21,AMZN,179.99000549316406,181.4199981689453,178.14999389648438,178.14999389648438,178.14999389648438,32824300,12.920000076293944,312.345,23082.119,3.9,0.1499865,0.1971090135677886,4
2024-03-22,AMZN,177.75,179.25999450683594,176.75,178.8699951171875,178.8699951171875,27995400,13.0600004196167,312.345,23082.119,3.9,0.115841,0.2030367951694142,4
2024-03-25,AMZN,178.00999450683594,180.9900054931641,177.24000549316406,179.7100067138672,179.7100067138672,29815500,13.1899995803833,312.345,23082.119,3.9,0.2807936666666666,0.0605151254673848,3
2024-03-26,AMZN,180.1499938964844,180.4499969482422,177.9499969482422,178.3000030517578,178.3000030517578,29659000,13.239999771118164,312.345,23082.119,3.9,0.2416906666666666,0.1691920239412406,3
2024-03-27,AMZN,179.8800048828125,180.0,177.30999755859375,179.8300018310547,179.8300018310547,33272600,12.779999732971191,312.345,23082.119,3.9,0.520646,0.0,1
2024-03-28,AMZN,180.1699981689453,181.6999969482422,179.25999450683594,180.3800048828125,180.3800048828125,38051600,13.010000228881836,312.345,23082.119,3.9,-0.077189,0.1618493260072466,3
2024-04-01,AMZN,180.7899932861328,183.0,179.9499969482422,180.97000122070312,180.97000122070312,29174500,13.649999618530272,313.023,23286.508,3.9,0.256711,0.0,1
2024-04-02,AMZN,179.07000732421875,180.7899932861328,178.3800048828125,180.69000244140625,180.69000244140625,32611500,14.609999656677246,313.023,23286.508,3.9,0.3340205,0.2422050366963907,6
2024-04-03,AMZN,179.89999389648438,182.8699951171875,179.8000030517578,182.41000366210932,182.41000366210932,31046600,14.329999923706056,313.023,23286.508,3.9,0.1200074,0.0175511730462667,5
2024-04-04,AMZN,184.0,185.1000061035156,180.0,180.0,180.0,41624300,16.350000381469727,313.023,23286.508,3.9,0.0,0.0,0
2024-04-05,AMZN,182.3800048828125,186.2700042724609,181.97000122070312,185.07000732421875,185.07000732421875,42374000,16.030000686645508,313.023,23286.508,3.9,0.3321119999999999,0.0102601193950167,2
2024-04-08,AMZN,186.8999938964844,187.2899932861328,184.8099975585937,185.19000244140625,185.19000244140625,39221300,15.1899995803833,313.023,23286.508,3.9,0.1666555,0.0474956553855192,2
2024-04-09,AMZN,187.2400054931641,187.33999633789065,184.1999969482422,185.6699981689453,185.6699981689453,36520100,14.979999542236328,313.023,23286.508,3.9,0.1676887142857142,0.2569325003969683,7
2024-04-10,AMZN,182.7700042724609,186.2700042724609,182.6699981689453,185.9499969482422,185.9499969482422,35879200,15.800000190734863,313.023,23286.508,3.9,0.1078655,0.207429484979836,4
2024-04-11,AMZN,186.7400054931641,189.7700042724609,185.509994506836,189.0500030517578,189.0500030517578,40020700,14.90999984741211,313.023,23286.508,3.9,0.28373375,0.0994098284757766,4
2024-04-12,AMZN,187.72000122070312,188.3800048828125,185.0800018310547,186.1300048828125,186.1300048828125,38608800,17.309999465942383,313.023,23286.508,3.9,0.2467563333333333,0.0815139778954096,3
2024-04-15,AMZN,187.42999267578125,188.69000244140625,183.0,183.6199951171875,183.6199951171875,48052400,19.229999542236328,313.023,23286.508,3.9,-0.1022835,0.1549942709021853,2
2024-04-16,AMZN,183.2700042724609,184.8300018310547,182.259994506836,183.32000732421875,183.32000732421875,32891300,18.39999961853028,313.023,23286.508,3.9,0.2178478333333333,0.1923583419282009,6
2024-04-17,AMZN,184.3099975585937,184.57000732421875,179.82000732421875,181.27999877929688,181.27999877929688,31359700,18.209999084472656,313.023,23286.508,3.9,0.2100285,0.1357213684741647,2
2024-04-18,AMZN,181.47000122070312,182.38999938964844,178.64999389648438,179.22000122070312,179.22000122070312,30723800,18.0,313.023,23286.508,3.9,0.20551,0.0,1
2024-04-19,AMZN,178.74000549316406,179.0,173.44000244140625,174.6300048828125,174.6300048828125,56000700,18.709999084472656,313.023,23286.508,3.9,0.264239,0.0,1
2024-04-22,AMZN,176.94000244140625,178.8699951171875,174.55999755859375,177.22999572753906,177.22999572753906,37924900,16.940000534057617,313.023,23286.508,3.9,0.3106405,0.130135224902791,2
2024-04-23,AMZN,178.0800018310547,179.92999267578125,175.97999572753906,179.5399932861328,179.5399932861328,37046500,15.6899995803833,313.023,23286.508,3.9,0.284072,0.1219617513321287,5
2024-04-24,AMZN,179.94000244140625,180.32000732421875,176.17999267578125,176.58999633789062,176.58999633789062,34185100,15.970000267028809,313.023,23286.508,3.9,0.0933813999999999,0.271372436867306,5
2024-04-25,AMZN,169.67999267578125,173.9199981689453,166.32000732421875,173.6699981689453,173.6699981689453,49249400,15.369999885559082,313.023,23286.508,3.9,0.04619525,0.1266956251688142,4
2024-04-26,AMZN,177.8000030517578,180.82000732421875,176.1300048828125,179.6199951171875,179.6199951171875,43919800,15.029999732971191,313.023,23286.508,3.9,0.1964587142857143,0.0809786165410644,7
2024-04-29,AMZN,182.75,183.52999877929688,179.38999938964844,180.9600067138672,180.9600067138672,54063900,14.670000076293944,313.023,23286.508,3.9,0.0598794999999999,0.1263449687548604,4
2024-04-30,AMZN,181.08999633789065,182.9900054931641,174.8000030517578,175.0,175.0,94639800,15.649999618530272,313.023,23286.508,3.9,0.1668898571428571,0.2959365922346815,7
2024-05-01,AMZN,181.63999938964844,185.1499938964844,176.55999755859375,179.0,179.0,94645100,15.390000343322754,313.175,23286.508,3.9,0.15692425,0.2130665206852467,4
2024-05-02,AMZN,180.8500061035156,185.1000061035156,179.91000366210938,184.72000122070312,184.72000122070312,54303500,14.68000030517578,313.175,23286.508,3.9,0.1860977142857142,0.2276731436450907,7
2024-05-03,AMZN,186.9900054931641,187.8699951171875,185.4199981689453,186.2100067138672,186.2100067138672,39172000,13.489999771118164,313.175,23286.508,3.9,0.296572,0.0,1
2024-05-06,AMZN,186.27999877929688,188.75,184.8000030517578,188.6999969482422,188.6999969482422,34725300,13.489999771118164,313.175,23286.508,3.9,0.2042666,0.0945888293129796,5
2024-05-07,AMZN,188.9199981689453,189.94000244140625,187.3099975585937,188.759994506836,188.759994506836,34048900,13.229999542236328,313.175,23286.508,3.9,0.0,0.0,0
2024-05-08,AMZN,187.44000244140625,188.42999267578125,186.38999938964844,188.0,188.0,26136400,13.0,313.175,23286.508,3.9,0.188715875,0.1051451183941746,8
2024-05-09,AMZN,188.8800048828125,191.6999969482422,187.44000244140625,189.5,189.5,43368400,12.6899995803833,313.175,23286.508,3.9,0.074611,0.0476646539062227,2
2024-05-10,AMZN,189.16000366210932,189.88999938964844,186.92999267578125,187.47999572753903,187.47999572753903,34141800,12.550000190734863,313.175,23286.508,3.9,0.2246449999999999,0.0130942033740124,2
2024-05-13,AMZN,188.0,188.3099975585937,185.3600006103516,186.57000732421875,186.57000732421875,24898600,13.600000381469728,313.175,23286.508,3.9,0.114034,0.326130375405297,2
2024-05-14,AMZN,183.82000732421875,187.72000122070312,183.4499969482422,187.07000732421875,187.07000732421875,38698200,13.420000076293944,313.175,23286.508,3.9,0.2566982,0.1406472859130243,5
2024-05-15,AMZN,185.97000122070312,186.72000122070312,182.72999572753903,185.9900054931641,185.9900054931641,75459900,12.449999809265137,313.175,23286.508,3.9,0.137995,0.4018332273991288,2
2024-05-16,AMZN,185.6000061035156,187.3099975585937,183.4600067138672,183.6300048828125,183.6300048828125,38834500,12.420000076293944,313.175,23286.508,3.9,0.1161895,0.0187673210794721,2
2024-05-17,AMZN,183.759994506836,185.3000030517578,183.3500061035156,184.6999969482422,184.6999969482422,33175700,11.989999771118164,313.175,23286.508,3.9,0.0,0.0,0
2024-05-20,AMZN,184.33999633789065,186.6699981689453,183.27999877929688,183.5399932861328,183.5399932861328,30511800,12.149999618530272,313.175,23286.508,3.9,-0.1747346666666666,0.3599480035732013,3
2024-05-21,AMZN,182.3000030517578,183.259994506836,180.75,183.1499938964844,183.1499938964844,50839100,11.859999656677246,313.175,23286.508,3.9,0.1730893333333333,0.1097549272576558,3
2024-05-22,AMZN,183.8800048828125,185.22000122070312,181.97000122070312,183.1300048828125,183.1300048828125,28148800,12.289999961853027,313.175,23286.508,3.9,0.2184833333333333,0.1086838370519431,3
2024-05-23,AMZN,183.66000366210932,184.759994506836,180.0800018310547,181.0500030517578,181.0500030517578,33670200,12.770000457763672,313.175,23286.508,3.9,-0.0158034999999999,0.1860631286539598,2
2024-05-24,AMZN,181.6499938964844,182.44000244140625,180.3000030517578,180.75,180.75,27471600,11.93000030517578,313.175,23286.508,3.9,0.343485,0.0,1
2024-05-28,AMZN,179.92999267578125,182.2400054931641,179.49000549316406,182.1499938964844,182.1499938964844,29927000,12.920000076293944,313.175,23286.508,3.9,0.341048,0.0,1
2024-05-29,AMZN,181.6999969482422,184.0800018310547,181.5500030517578,182.0200042724609,182.0200042724609,32009300,14.279999732971191,313.175,23286.508,3.9,0.195355875,0.2130015763559626,8
2024-05-30,AMZN,181.3099975585937,181.33999633789065,178.36000061035156,179.32000732421875,179.32000732421875,29184700,14.470000267028809,313.175,23286.508,3.9,0.2901415,0.2288742016141181,2
2024-05-31,AMZN,178.3000030517578,179.2100067138672,173.8699951171875,176.44000244140625,176.44000244140625,58903900,12.920000076293944,313.175,23286.508,3.9,0.3240456666666667,0.084589202528061,3
2024-06-03,AMZN,177.6999969482422,178.6999969482422,175.9199981689453,178.33999633789062,178.33999633789062,30786600,13.109999656677246,313.044,23286.508,4.1,0.232666,0.1477386482204301,2
2024-06-04,AMZN,177.63999938964844,179.82000732421875,176.44000244140625,179.33999633789062,179.33999633789062,27198400,13.15999984741211,313.044,23286.508,4.1,0.0885348333333333,0.1946967844967314,6
2024-06-05,AMZN,180.10000610351562,181.5,178.75,181.27999877929688,181.27999877929688,32116400,12.630000114440918,313.044,23286.508,4.1,0.1939236666666667,0.0955914486231204,6
2024-06-06,AMZN,181.75,185.0,181.4900054931641,185.0,185.0,31371200,12.579999923706056,313.044,23286.508,4.1,0.0397796666666666,0.3412651783882049,3
2024-06-07,AMZN,184.8999938964844,186.2899932861328,183.3600006103516,184.3000030517578,184.3000030517578,28021500,12.220000267028809,313.044,23286.508,4.1,0.018517,0.0,1
2024-06-10,AMZN,184.07000732421875,187.22999572753903,183.7899932861328,187.0599975585937,187.0599975585937,34445600,12.739999771118164,313.044,23286.508,4.1,0.181366,0.0546041998567875,2
2024-06-11,AMZN,187.0599975585937,187.7700042724609,184.5399932861328,187.22999572753903,187.22999572753903,27265100,12.850000381469728,313.044,23286.508,4.1,0.1715873333333333,0.2479133794143968,6
2024-06-12,AMZN,188.0200042724609,188.3500061035156,185.42999267578125,186.88999938964844,186.88999938964844,33984200,12.039999961853027,313.044,23286.508,4.1,-0.05856625,0.28476582654569,4
2024-06-13,AMZN,186.08999633789065,187.6699981689453,182.6699981689453,183.8300018310547,183.8300018310547,39721500,11.9399995803833,313.044,23286.508,4.1,0.3322874999999999,0.1116769094866974,2
2024-06-14,AMZN,183.0800018310547,183.72000122070312,182.22999572753903,183.66000366210932,183.66000366210932,25456400,12.65999984741211,313.044,23286.508,4.1,0.04598675,0.2980727925550793,4
2024-06-17,AMZN,182.5200042724609,185.0,181.22000122070312,184.0599975585937,184.0599975585937,35601900,12.75,313.044,23286.508,4.1,0.0017469999999999,0.1914081488129489,2
2024-06-18,AMZN,183.7400054931641,184.2899932861328,181.42999267578125,182.8099975585937,182.8099975585937,36659200,12.300000190734863,313.044,23286.508,4.1,0.01661425,0.3506906618245155,4
2024-06-20,AMZN,182.91000366210932,186.509994506836,182.72000122070312,186.1000061035156,186.1000061035156,44726800,13.279999732971191,313.044,23286.508,4.1,0.305581,0.0,1
2024-06-21,AMZN,187.8000030517578,189.27999877929688,185.8600006103516,189.0800018310547,189.0800018310547,70792500,13.199999809265137,313.044,23286.508,4.1,-0.0021095,0.2075846306461535,2
2024-06-24,AMZN,189.3300018310547,191.0,185.3300018310547,185.57000732421875,185.57000732421875,50610400,13.329999923706056,313.044,23286.508,4.1,0.0102065,0.1233385145220259,2
2024-06-25,AMZN,186.8099975585937,188.83999633789065,185.4199981689453,186.33999633789065,186.33999633789065,45366400,12.84000015258789,313.044,23286.508,4.1,-0.0138259999999999,0.457561727038003,2
2024-06-26,AMZN,186.9199981689453,194.8000030517578,186.259994506836,193.6100006103516,193.6100006103516,65103900,12.550000190734863,313.044,23286.508,4.1,0.1074427999999999,0.0189973180396602,5
2024-06-27,AMZN,195.009994506836,199.83999633789065,194.1999969482422,197.8500061035156,197.8500061035156,74397500,12.239999771118164,313.044,23286.508,4.1,0.230745875,0.1566417815539989,8
2024-06-28,AMZN,197.72999572753903,198.8500061035156,192.5,193.25,193.25,76930200,12.4399995803833,313.044,23286.508,4.1,0.1363723333333333,0.097673597283674,3
2024-07-01,AMZN,193.4900054931641,198.3000030517578,192.82000732421875,197.1999969482422,197.1999969482422,41192000,12.220000267028809,313.569,23478.57,4.2,0.294112,0.1630254904853839,3
2024-07-02,AMZN,197.27999877929688,200.42999267578125,195.92999267578125,200.0,200.0,45600000,12.029999732971191,313.569,23478.57,4.2,0.220603,0.1201815478709883,4
2024-07-03,AMZN,199.94000244140625,200.02999877929688,196.759994506836,197.58999633789065,197.58999633789065,31597900,12.09000015258789,313.569,23478.57,4.2,0.26115375,0.1026717592342217,4
2024-07-05,AMZN,198.6499938964844,200.5500030517578,198.1699981689453,200.0,200.0,39858900,12.479999542236328,313.569,23478.57,4.2,0.328792,0.0040022243815158,2
2024-07-08,AMZN,200.0399932861328,201.1999969482422,197.9600067138672,199.2899932861328,199.2899932861328,34767300,12.369999885559082,313.569,23478.57,4.2,-0.0864244999999999,0.3212605310032653,2
2024-07-09,AMZN,199.3999938964844,200.57000732421875,199.0500030517578,199.33999633789065,199.33999633789065,32700100,12.510000228881836,313.569,23478.57,4.2,0.2574016,0.1107350066117305,5
2024-07-10,AMZN,200.0,200.1100006103516,197.69000244140625,199.7899932861328,199.7899932861328,32883800,12.850000381469728,313.569,23478.57,4.2,0.1917404285714286,0.1526712867763692,7
2024-07-11,AMZN,200.08999633789065,200.2700042724609,192.8600006103516,195.0500030517578,195.0500030517578,44565000,12.920000076293944,313.569,23478.57,4.2,0.21302,0.2120679679709629,4
2024-07-12,AMZN,194.8000030517578,196.47000122070312,193.8300018310547,194.4900054931641,194.4900054931641,30598500,12.460000038146973,313.569,23478.57,4.2,0.0,0.0,0
2024-07-15,AMZN,194.5599975585937,196.19000244140625,190.8300018310547,192.72000122070312,192.72000122070312,40683200,13.119999885559082,313.569,23478.57,4.2,0.226939,0.1109563676766682,2
2024-07-16,AMZN,195.58999633789065,196.6199951171875,192.2400054931641,193.0200042724609,193.0200042724609,33994700,13.1899995803833,313.569,23478.57,4.2,0.1974735,0.2554470124892179,4
2024-07-17,AMZN,191.3500061035156,191.5800018310547,185.9900054931641,187.92999267578125,187.92999267578125,48076100,14.479999542236328,313.569,23478.57,4.2,0.17738325,0.1943386102268838,4
2024-07-18,AMZN,189.58999633789065,189.67999267578125,181.4499969482422,183.75,183.75,51043600,15.93000030517578,313.569,23478.57,4.2,0.220184,0.2177185884132695,4
2024-07-19,AMZN,181.13999938964844,184.92999267578125,180.11000061035156,183.1300048828125,183.1300048828125,43081800,16.520000457763672,313.569,23478.57,4.2,0.1743235,0.0792419214336704,2
2024-07-22,AMZN,185.0,185.0599975585937,182.47999572753903,182.5500030517578,182.5500030517578,39931900,14.90999984741211,313.569,23478.57,4.2,-0.100729,0.0,1
2024-07-23,AMZN,184.1000061035156,189.38999938964844,183.5599975585937,186.41000366210932,186.41000366210932,47537700,14.720000267028809,313.569,23478.57,4.2,0.13329,0.3285198910248815,3
2024-07-24,AMZN,183.1999969482422,185.4499969482422,180.41000366210932,180.8300018310547,180.8300018310547,41532400,18.040000915527344,313.569,23478.57,4.2,0.1072261428571428,0.2694215934357826,7
2024-07-25,AMZN,182.91000366210932,183.8999938964844,176.8000030517578,179.85000610351562,179.85000610351562,44464200,18.459999084472656,313.569,23478.57,4.2,0.245855,0.0,1
2024-07-26,AMZN,180.38999938964844,183.19000244140625,180.2400054931641,182.5,182.5,29506000,16.389999389648438,313.569,23478.57,4.2,0.265356,0.0,1
2024-07-29,AMZN,183.83999633789065,184.75,182.3800048828125,183.1999969482422,183.1999969482422,33270100,16.600000381469727,313.569,23478.57,4.2,0.2663803333333333,0.1511011238354412,3
2024-07-30,AMZN,184.72000122070312,185.8600006103516,179.3800048828125,181.7100067138672,181.7100067138672,39508600,17.690000534057617,313.569,23478.57,4.2,0.255753,0.1286040001419084,5
2024-07-31,AMZN,185.0500030517578,187.94000244140625,184.4600067138672,186.97999572753903,186.97999572753903,41667300,16.360000610351562,313.569,23478.57,4.2,0.1490498333333333,0.251060457231653,6
2024-08-01,AMZN,189.2899932861328,190.6000061035156,181.8699951171875,184.07000732421875,184.07000732421875,70435600,18.59000015258789,314.062,23478.57,4.2,0.1148383333333333,0.4503564538699688,3
2024-08-02,AMZN,166.75,168.77000427246094,160.5500030517578,167.89999389648438,167.89999389648438,141448400,23.38999938964844,314.062,23478.57,4.2,0.1983209999999999,0.0816545321256981,4
2024-08-05,AMZN,154.2100067138672,162.9600067138672,151.61000061035156,161.02000427246094,161.02000427246094,83149400,38.56999969482422,314.062,23478.57,4.2,0.215477,0.1611355995324021,4
2024-08-06,AMZN,161.7100067138672,165.0800018310547,158.5399932861328,161.92999267578125,161.92999267578125,59950800,27.709999084472656,314.062,23478.57,4.2,0.1479965,0.1018778237130142,2
2024-08-07,AMZN,166.5500030517578,167.5800018310547,161.42999267578125,162.77000427246094,162.77000427246094,48408200,27.850000381469727,314.062,23478.57,4.2,0.2828198,0.0995237474033207,5
2024-08-08,AMZN,165.1699981689453,166.69000244140625,162.5500030517578,165.8000030517578,165.8000030517578,44616200,23.790000915527344,314.062,23478.57,4.2,0.35639975,0.1613574743592106,4
2024-08-09,AMZN,166.39999389648438,168.5500030517578,165.85000610351562,166.94000244140625,166.94000244140625,36401000,20.3700008392334,314.062,23478.57,4.2,0.2585296666666666,0.1221046247540744,3
2024-08-12,AMZN,168.13999938964844,168.5500030517578,166.11000061035156,166.8000030517578,166.8000030517578,30072800,20.709999084472656,314.062,23478.57,4.2,0.1899392,0.1638298548195657,5
2024-08-13,AMZN,167.80999755859375,171.0399932861328,167.10000610351562,170.22999572753906,170.22999572753906,39237900,18.1200008392334,314.062,23478.57,4.2,0.329813,0.0,1
2024-08-14,AMZN,172.11000061035156,172.27999877929688,168.86000061035156,170.10000610351562,170.10000610351562,28843800,16.190000534057617,314.062,23478.57,4.2,0.108798,0.0,1
2024-08-15,AMZN,174.86000061035156,177.91000366210938,173.99000549316406,177.58999633789062,177.58999633789062,51698500,15.229999542236328,314.062,23478.57,4.2,0.1866195,0.2682237493058112,4
2024-08-16,AMZN,177.0399932861328,178.33999633789062,176.25999450683594,177.05999755859375,177.05999755859375,31489200,14.800000190734863,314.062,23478.57,4.2,0.049799,0.0,1
2024-08-19,AMZN,177.63999938964844,178.3000030517578,176.16000366210938,178.22000122070312,178.22000122070312,31129800,14.649999618530272,314.062,23478.57,4.2,0.309929,0.0065718504243477,2
2024-08-20,AMZN,177.9199981689453,179.00999450683594,177.42999267578125,178.8800048828125,178.8800048828125,26255200,15.880000114440918,314.062,23478.57,4.2,0.2145114,0.2155835950479535,5
2024-08-21,AMZN,179.9199981689453,182.38999938964844,178.88999938964844,180.11000061035156,180.11000061035156,35599100,16.270000457763672,314.062,23478.57,4.2,0.2455004999999999,0.0538949717552574,2
2024-08-22,AMZN,181.3800048828125,181.47000122070312,175.67999267578125,176.1300048828125,176.1300048828125,32047500,17.549999237060547,314.062,23478.57,4.2,0.323002,0.1075848825439708,2
2024-08-23,AMZN,177.33999633789062,178.97000122070312,175.24000549316406,177.0399932861328,177.0399932861328,29150100,15.859999656677246,314.062,23478.57,4.2,0.0,0.0,0
2024-08-26,AMZN,176.6999969482422,177.47000122070312,174.3000030517578,175.5,175.5,22366200,16.149999618530273,314.062,23478.57,4.2,0.237819,0.0857811132242989,4
2024-08-27,AMZN,174.14999389648438,174.88999938964844,172.25,173.1199951171875,173.1199951171875,29842000,15.43000030517578,314.062,23478.57,4.2,0.0718017142857142,0.1279413952033173,7
2024-08-28,AMZN,173.69000244140625,173.69000244140625,168.9199981689453,170.8000030517578,170.8000030517578,29045000,17.110000610351562,314.062,23478.57,4.2,-0.191213,0.1485970758527906,2
2024-08-29,AMZN,173.22000122070312,174.2899932861328,170.80999755859375,172.1199951171875,172.1199951171875,26407800,15.649999618530272,314.062,23478.57,4.2,0.440501,0.0,1
2024-08-30,AMZN,172.77999877929688,178.89999389648438,172.60000610351562,178.5,178.5,43429400,15.0,314.062,23478.57,4.2,-0.120652,0.0,1
2024-09-03,AMZN,177.5500030517578,178.25999450683594,175.25999450683594,176.25,176.25,37817500,20.71999931335449,314.732,23478.57,4.1,0.1808396666666666,0.1111248080598267,3
2024-09-04,AMZN,174.47999572753906,175.97999572753906,172.5399932861328,173.3300018310547,173.3300018310547,30309200,21.31999969482422,314.732,23478.57,4.1,0.0158516,0.2006001077724037,5
2024-09-05,AMZN,175.0,179.8800048828125,175.0,177.88999938964844,177.88999938964844,40170500,19.89999961853028,314.732,23478.57,4.1,0.2260895,0.1238009623569219,2
2024-09-06,AMZN,177.24000549316406,178.3800048828125,171.16000366210938,171.38999938964844,171.38999938964844,41466500,22.3799991607666,314.732,23478.57,4.1,0.1453495,0.1125876630208656,2
2024-09-09,AMZN,174.52999877929688,175.85000610351562,173.50999450683594,175.39999389648438,175.39999389648438,29037400,19.450000762939453,314.732,23478.57,4.1,-0.1072083333333333,0.0258022098343016,3
2024-09-10,AMZN,177.49000549316406,180.5,176.7899932861328,179.5500030517578,179.5500030517578,36233800,19.07999992370605,314.732,23478.57,4.1,0.174301,0.0824097726971747,3
2024-09-11,AMZN,180.10000610351562,184.9900054931641,175.72999572753906,184.5200042724609,184.5200042724609,42564700,17.690000534057617,314.732,23478.57,4.1,0.1536686666666666,0.1627819572761879,6
2024-09-12,AMZN,184.8000030517578,187.41000366210932,183.5399932861328,187.0,187.0,33544200,17.06999969482422,314.732,23478.57,4.1,0.1817903333333333,0.1559922595269821,3
2024-09-13,AMZN,187.0,188.5,185.91000366210932,186.4900054931641,186.4900054931641,26495400,16.559999465942383,314.732,23478.57,4.1,0.1693147499999999,0.1057307215630821,4
2024-09-16,AMZN,185.2899932861328,185.8099975585937,183.3600006103516,184.88999938964844,184.88999938964844,26065500,17.139999389648438,314.732,23478.57,4.1,0.202739,0.2074072195488865,9
2024-09-17,AMZN,186.8500061035156,189.4499969482422,186.13999938964844,186.8800048828125,186.8800048828125,26091700,17.610000610351562,314.732,23478.57,4.1,0.170823,0.0877911453530479,6
2024-09-18,AMZN,186.4499969482422,188.8000030517578,185.0599975585937,186.42999267578125,186.42999267578125,34448100,18.229999542236328,314.732,23478.57,4.1,0.05800275,0.277654112490553,4
2024-09-19,AMZN,190.0399932861328,190.9900054931641,188.47000122070312,189.8699951171875,189.8699951171875,39543200,16.329999923706055,314.732,23478.57,4.1,-0.2216755,0.151676525884858,2
2024-09-20,AMZN,190.22999572753903,191.83999633789065,187.41000366210932,191.6000061035156,191.6000061035156,100378600,16.149999618530273,314.732,23478.57,4.1,0.080592,0.1965798241291986,4
2024-09-23,AMZN,191.63999938964844,194.4499969482422,190.57000732421875,193.8800048828125,193.8800048828125,36993100,15.890000343322754,314.732,23478.57,4.1,-0.20566225,0.3475480050270034,4
2024-09-24,AMZN,194.2700042724609,195.3699951171875,190.1300048828125,193.9600067138672,193.9600067138672,43478900,15.390000343322754,314.732,23478.57,4.1,0.26684925,0.0867429784377386,4
2024-09-25,AMZN,193.75,193.9499969482422,192.16000366210932,192.52999877929688,192.52999877929688,26391100,15.40999984741211,314.732,23478.57,4.1,0.3314761666666666,0.2156544600525727,6
2024-09-26,AMZN,194.3099975585937,194.52999877929688,189.5399932861328,191.16000366210932,191.16000366210932,36334900,15.369999885559082,314.732,23478.57,4.1,0.1347736666666666,0.201920937384578,6
2024-09-27,AMZN,190.67999267578125,190.8999938964844,187.33999633789065,187.97000122070312,187.97000122070312,36002300,16.959999084472656,314.732,23478.57,4.1,0.2404192857142857,0.1049327308385619,7
2024-09-30,AMZN,187.13999938964844,188.4900054931641,184.6499938964844,186.3300018310547,186.3300018310547,41583900,16.729999542236328,314.732,23478.57,4.1,0.2434235,0.1764817502250586,10
2024-10-01,AMZN,184.8999938964844,186.19000244140625,183.4499969482422,185.1300048828125,185.1300048828125,36044900,19.26000022888184,315.631,23586.542,4.1,0.0936458333333333,0.1761605347010693,6
2024-10-02,AMZN,184.44000244140625,186.6000061035156,184.0399932861328,184.759994506836,184.759994506836,23704100,18.89999961853028,315.631,23586.542,4.1,0.1590858333333333,0.0947038053858801,6
2024-10-03,AMZN,183.0500030517578,183.44000244140625,180.8800048828125,181.9600067138672,181.9600067138672,30204300,20.489999771118164,315.631,23586.542,4.1,0.1027613333333333,0.2031433190639882,3
2024-10-04,AMZN,185.75,187.6000061035156,183.6000061035156,186.509994506836,186.509994506836,40890300,19.209999084472656,315.631,23586.542,4.1,0.229033,0.1604340433698533,2
2024-10-07,AMZN,182.9499969482422,183.6000061035156,180.25,180.8000030517578,180.8000030517578,42364200,22.63999938964844,315.631,23586.542,4.1,-0.0267623333333333,0.335652963428499,3
2024-10-08,AMZN,181.9199981689453,183.08999633789065,180.9199981689453,182.72000122070312,182.72000122070312,26372100,21.420000076293945,315.631,23586.542,4.1,0.1710665,0.0917758491997395,4
2024-10-09,AMZN,182.82000732421875,185.8500061035156,182.0500030517578,185.1699981689453,185.1699981689453,26343100,20.86000061035156,315.631,23586.542,4.1,0.319182,0.1102302086907214,3
2024-10-10,AMZN,187.1300048828125,188.1300048828125,185.8300018310547,186.6499938964844,186.6499938964844,27785000,20.93000030517578,315.631,23586.542,4.1,0.2223349999999999,0.198764631836753,6
2024-10-11,AMZN,186.6300048828125,189.92999267578125,186.3000030517578,188.82000732421875,188.82000732421875,25751600,20.459999084472656,315.631,23586.542,4.1,0.1506715,0.0498022377057497,2
2024-10-14,AMZN,189.77999877929688,189.8300018310547,187.3600006103516,187.5399932861328,187.5399932861328,22614400,19.700000762939453,315.631,23586.542,4.1,0.121589,0.0250598643252512,2
2024-10-15,AMZN,187.6300048828125,188.41000366210932,184.5800018310547,187.69000244140625,187.69000244140625,32178900,20.63999938964844,315.631,23586.542,4.1,0.1870761666666666,0.1279044217006068,6
2024-10-16,AMZN,187.0500030517578,187.77999877929688,185.6100006103516,186.88999938964844,186.88999938964844,23456800,19.57999992370605,315.631,23586.542,4.1,0.2152056249999999,0.2030687318076866,8
2024-10-17,AMZN,188.22000122070312,188.94000244140625,186.0,187.52999877929688,187.52999877929688,25039400,19.11000061035156,315.631,23586.542,4.1,0.0453083333333333,0.1629783189302593,3
2024-10-18,AMZN,187.1499938964844,190.7400054931641,186.27999877929688,188.9900054931641,188.9900054931641,37417700,18.030000686645508,315.631,23586.542,4.1,0.1602075714285714,0.1976848965760553,7
2024-10-21,AMZN,188.0500030517578,189.4600067138672,186.3999938964844,189.07000732421875,189.07000732421875,24639400,18.3700008392334,315.631,23586.542,4.1,0.221198,0.1762051865742512,7
2024-10-22,AMZN,188.3500061035156,191.5200042724609,186.97999572753903,189.6999969482422,189.6999969482422,29650600,18.200000762939453,315.631,23586.542,4.1,0.206151,0.1351858857277637,5
2024-10-23,AMZN,188.8500061035156,189.16000366210932,183.69000244140625,184.7100067138672,184.7100067138672,31937100,19.239999771118164,315.631,23586.542,4.1,0.1306095,0.1893370731763856,4
2024-10-24,AMZN,185.25,187.1100006103516,183.8600006103516,186.3800048828125,186.3800048828125,21647400,19.07999992370605,315.631,23586.542,4.1,0.1958193333333333,0.1233767985576434,3
2024-10-25,AMZN,187.8500061035156,190.4499969482422,187.52999877929688,187.8300018310547,187.8300018310547,29362100,20.32999992370605,315.631,23586.542,4.1,0.125715,0.0,1
2024-10-28,AMZN,189.57000732421875,190.2100067138672,188.2100067138672,188.38999938964844,188.38999938964844,27930800,19.799999237060547,315.631,23586.542,4.1,0.2987054,0.0408290944217478,5
2024-10-29,AMZN,188.5800018310547,191.4600067138672,187.82000732421875,190.8300018310547,190.8300018310547,35690200,19.34000015258789,315.631,23586.542,4.1,0.2177098333333333,0.0668229948697801,6
2024-10-30,AMZN,194.6999969482422,195.6100006103516,192.4199981689453,192.72999572753903,192.72999572753903,37707600,20.350000381469727,315.631,23586.542,4.1,0.2396621666666666,0.0721782334514129,6
2024-10-31,AMZN,190.509994506836,190.6000061035156,185.22999572753903,186.3999938964844,186.3999938964844,75146800,23.15999984741211,315.631,23586.542,4.1,0.17079875,0.2935105975043442,8
2024-11-01,AMZN,199.0,200.5,197.0200042724609,197.92999267578125,197.92999267578125,99687800,21.8799991607666,316.528,23586.542,4.2,0.316806,0.0101087985438429,2
2024-11-04,AMZN,196.4499969482422,197.3300018310547,194.3099975585937,195.77999877929688,195.77999877929688,38492100,21.979999542236328,316.528,23586.542,4.2,0.2266935714285714,0.2313888833298156,7
2024-11-05,AMZN,196.0399932861328,199.82000732421875,195.9900054931641,199.5,199.5,30564800,20.489999771118164,316.528,23586.542,4.2,0.1092144999999999,0.0006116473657263,2
2024-11-06,AMZN,200.009994506836,207.5500030517578,199.13999938964844,207.08999633789065,207.08999633789065,72292200,16.270000457763672,316.528,23586.542,4.2,0.1652842,0.1976547202666812,5
2024-11-07,AMZN,207.44000244140625,212.25,207.19000244140625,210.0500030517578,210.0500030517578,52878400,15.199999809265137,316.528,23586.542,4.2,0.1005341428571428,0.15878545808672,7
2024-11-08,AMZN,209.72000122070312,209.9600067138672,207.44000244140625,208.17999267578125,208.17999267578125,36075800,14.9399995803833,316.528,23586.542,4.2,0.217599,0.0952329043156828,6
2024-11-11,AMZN,208.5,209.6499938964844,205.58999633789065,206.83999633789065,206.83999633789065,35456000,14.970000267028809,316.528,23586.542,4.2,0.056073,0.0425257244853041,3
2024-11-12,AMZN,208.3699951171875,209.5399932861328,206.009994506836,208.91000366210932,208.91000366210932,38942900,14.710000038146973,316.528,23586.542,4.2,0.191595,0.082858571658278,9
2024-11-13,AMZN,209.3999938964844,215.08999633789065,209.13999938964844,214.1000061035156,214.1000061035156,46212900,14.020000457763672,316.528,23586.542,4.2,0.188327,0.247709304615309,7
2024-11-14,AMZN,214.16000366210932,215.8999938964844,210.8800048828125,211.47999572753903,211.47999572753903,42620300,14.3100004196167,316.528,23586.542,4.2,0.2162865,0.1208381849437502,2
2024-11-15,AMZN,206.759994506836,207.33999633789065,199.6100006103516,202.6100006103516,202.6100006103516,86591100,16.139999389648438,316.528,23586.542,4.2,0.045783,0.1571070729152573,10
2024-11-18,AMZN,204.1499938964844,204.6699981689453,200.9499969482422,201.6999969482422,201.6999969482422,36409900,15.579999923706056,316.528,23586.542,4.2,0.0751004444444444,0.1877133018742352,9
2024-11-19,AMZN,199.3300018310547,205.3000030517578,198.77999877929688,204.6100006103516,204.6100006103516,31197900,16.350000381469727,316.528,23586.542,4.2,0.2236684285714285,0.1883527276493557,7
2024-11-20,AMZN,202.97999572753903,203.1300048828125,199.4499969482422,202.8800048828125,202.8800048828125,32769000,17.15999984741211,316.528,23586.542,4.2,0.120179,0.0232405479066221,3
2024-11-21,AMZN,203.4900054931641,203.4900054931641,195.75,198.3800048828125,198.3800048828125,58800000,16.8700008392334,316.528,23586.542,4.2,0.2684286666666667,0.1119101421456816,6
2024-11-22,AMZN,198.25,199.259994506836,196.75,197.1199951171875,197.1199951171875,31530800,15.239999771118164,316.528,23586.542,4.2,0.2478806666666666,0.1571058951546164,3
2024-11-25,AMZN,199.27999877929688,201.9499969482422,199.0,201.4499969482422,201.4499969482422,40685700,14.600000381469728,316.528,23586.542,4.2,0.16391875,0.0432658021565531,4
2024-11-26,AMZN,201.8999938964844,208.0,201.7899932861328,207.8600006103516,207.8600006103516,41673700,14.100000381469728,316.528,23586.542,4.2,0.3140754999999999,0.0192863374568631,2
2024-11-27,AMZN,206.97999572753903,207.63999938964844,205.0500030517578,205.7400054931641,205.7400054931641,28061600,14.100000381469728,316.528,23586.542,4.2,0.2044182,0.1051423403472644,5
2024-11-29,AMZN,205.8300018310547,208.1999969482422,204.58999633789065,207.88999938964844,207.88999938964844,24892400,13.510000228881836,316.528,23586.542,4.2,0.3205495,0.0063887097680204,2
2024-12-02,AMZN,209.9600067138672,212.9900054931641,209.509994506836,210.7100067138672,210.7100067138672,39523200,13.34000015258789,317.604,23586.542,4.1,0.2671573333333333,0.1588524524251986,9
2024-12-03,AMZN,210.3099975585937,214.0200042724609,209.6499938964844,213.44000244140625,213.44000244140625,32214800,13.300000190734863,317.604,23586.542,4.1,0.1448015,0.2070948146695131,4
2024-12-04,AMZN,215.9600067138672,220.0,215.75,218.16000366210932,218.16000366210932,48745700,13.449999809265137,317.604,23586.542,4.1,0.1624325999999999,0.324967497897559,5
2024-12-05,AMZN,218.02999877929688,222.1499938964844,217.3000030517578,220.5500030517578,220.5500030517578,41140200,13.539999961853027,317.604,23586.542,4.1,0.2754514999999999,0.1053734089369799,4
2024-12-06,AMZN,220.75,227.1499938964844,220.6000061035156,227.02999877929688,227.02999877929688,44178100,12.770000457763672,317.604,23586.542,4.1,0.140963,0.1657094664093354,7
2024-12-09,AMZN,227.2100067138672,230.0800018310547,225.6699981689453,226.08999633789065,226.08999633789065,46819400,14.1899995803833,317.604,23586.542,4.1,0.1896566666666666,0.1702257576240055,6
2024-12-10,AMZN,226.08999633789065,229.0599975585937,224.1999969482422,225.0399932861328,225.0399932861328,31199900,14.18000030517578,317.604,23586.542,4.1,0.16043925,0.2056264749500568,12
2024-12-11,AMZN,226.41000366210932,231.1999969482422,226.259994506836,230.259994506836,230.259994506836,35385800,13.579999923706056,317.604,23586.542,4.1,0.1649226666666666,0.1852661667997334,6
2024-12-12,AMZN,229.8300018310547,231.08999633789065,227.6300048828125,228.97000122070312,228.97000122070312,28204100,13.920000076293944,317.604,23586.542,4.1,0.2234799999999999,0.1052472257259068,3
2024-12-13,AMZN,228.3999938964844,230.1999969482422,225.8600006103516,227.4600067138672,227.4600067138672,28768100,13.8100004196167,317.604,23586.542,4.1,0.19079875,0.1015157215266257,8
2024-12-16,AMZN,230.22999572753903,233.0,228.009994506836,232.92999267578125,232.92999267578125,37552100,14.6899995803833,317.604,23586.542,4.1,0.238438,0.0,1
2024-12-17,AMZN,232.38999938964844,232.72999572753903,227.8500061035156,231.1499938964844,231.1499938964844,35948100,15.869999885559082,317.604,23586.542,4.1,0.204519,0.0,1
2024-12-18,AMZN,230.7700042724609,231.3999938964844,220.1100006103516,220.5200042724609,220.5200042724609,43281400,27.6200008392334,317.604,23586.542,4.1,0.1541908571428571,0.2229763627206769,7
2024-12-19,AMZN,224.91000366210932,226.08999633789065,222.9199981689453,223.2899932861328,223.2899932861328,39918700,24.09000015258789,317.604,23586.542,4.1,0.307941,0.0,1
2024-12-20,AMZN,219.83999633789065,226.2100067138672,218.72999572753903,224.9199981689453,224.9199981689453,88279200,18.36000061035156,317.604,23586.542,4.1,0.1597083333333333,0.1632383056556681,3
2024-12-23,AMZN,225.009994506836,226.8800048828125,223.8999938964844,225.0599975585937,225.0599975585937,28070000,16.780000686645508,317.604,23586.542,4.1,0.3204074999999999,0.2933100141565234,2
2024-12-24,AMZN,226.94000244140625,229.13999938964844,226.1300048828125,229.0500030517578,229.0500030517578,15007500,14.270000457763672,317.604,23586.542,4.1,0.0,0.0,0
2024-12-26,AMZN,228.5,228.5,226.6699981689453,227.0500030517578,227.0500030517578,16146700,14.729999542236328,317.604,23586.542,4.1,0.0830779999999999,0.2716378984199369,2
2024-12-27,AMZN,225.6000061035156,226.02999877929688,220.8999938964844,223.75,223.75,27367100,15.949999809265137,317.604,23586.542,4.1,0.0,0.0,0
2024-12-30,AMZN,220.0599975585937,223.0,218.42999267578125,221.3000030517578,221.3000030517578,28321200,17.399999618530273,317.604,23586.542,4.1,0.14206575,0.2262935411338924,4
2024-12-31,AMZN,222.97000122070312,223.22999572753903,218.94000244140625,219.38999938964844,219.38999938964844,24819700,17.350000381469727,317.604,23586.542,4.1,0.3416105,0.1141715822107235,2
2025-01-02,AMZN,222.02999877929688,225.1499938964844,218.19000244140625,220.22000122070312,220.22000122070312,33956600,17.93000030517578,318.961,23548.21,4.0,-0.284558,0.0,1
2025-01-03,AMZN,222.509994506836,225.3600006103516,221.6199951171875,224.19000244140625,224.19000244140625,27515600,16.1299991607666,318.961,23548.21,4.0,-0.148941,0.0534685863662019,2
2025-01-06,AMZN,226.77999877929688,228.83999633789065,224.83999633789065,227.6100006103516,227.6100006103516,31849800,16.040000915527344,318.961,23548.21,4.0,0.19378575,0.0906696619653821,4
2025-01-07,AMZN,227.8999938964844,228.3800048828125,221.4600067138672,222.1100006103516,222.1100006103516,28084200,17.81999969482422,318.961,23548.21,4.0,0.3272565,0.1147061549373005,2
2025-01-08,AMZN,223.19000244140625,223.5200042724609,220.1999969482422,222.1300048828125,222.1300048828125,25033300,17.700000762939453,318.961,23548.21,4.0,0.1476696666666666,0.1583291962789343,3
2025-01-10,AMZN,221.4600067138672,221.7100067138672,216.5,218.94000244140625,218.94000244140625,36811500,19.540000915527344,318.961,23548.21,4.0,-0.13475,0.0,1
2025-01-13,AMZN,218.0599975585937,219.3999938964844,216.47000122070312,218.4600067138672,218.4600067138672,27262700,19.190000534057617,318.961,23548.21,4.0,-0.140466,0.0,1
2025-01-14,AMZN,220.44000244140625,221.82000732421875,216.1999969482422,217.759994506836,217.759994506836,24711700,18.709999084472656,318.961,23548.21,4.0,0.1981986,0.1352550736638001,5
2025-01-15,AMZN,222.8300018310547,223.57000732421875,220.75,223.3500061035156,223.3500061035156,31291300,16.1200008392334,318.961,23548.21,4.0,0.188338,0.0873743565240969,2
2025-01-16,AMZN,224.4199981689453,224.6499938964844,220.3099975585937,220.66000366210932,220.66000366210932,24757300,16.600000381469727,318.961,23548.21,4.0,0.1441235,0.1493586298561285,2
2025-01-17,AMZN,225.83999633789065,226.509994506836,223.0800018310547,225.94000244140625,225.94000244140625,42370100,15.970000267028809,318.961,23548.21,4.0,0.1833952,0.078381906226501,5
2025-01-21,AMZN,228.8999938964844,231.77999877929688,226.94000244140625,230.7100067138672,230.7100067138672,39951500,15.0600004196167,318.961,23548.21,4.0,0.1587296666666666,0.0762742310963102,3
2025-01-22,AMZN,232.0200042724609,235.44000244140625,231.19000244140625,235.009994506836,235.009994506836,41448200,15.100000381469728,318.961,23548.21,4.0,0.363805,0.0929548432412211,2
2025-01-23,AMZN,234.1000061035156,235.5200042724609,231.509994506836,235.4199981689453,235.4199981689453,26404400,15.020000457763672,318.961,23548.21,4.0,0.127064,0.0,1
2025-01-24,AMZN,234.5,236.3999938964844,232.92999267578125,234.8500061035156,234.8500061035156,25890700,14.850000381469728,318.961,23548.21,4.0,-0.0035199999999999,0.4762717724681991,2
2025-01-27,AMZN,226.2100067138672,235.6100006103516,225.8600006103516,235.4199981689453,235.4199981689453,49428300,17.899999618530273,318.961,23548.21,4.0,0.2285365,0.2127771446473986,6
2025-01-28,AMZN,234.2899932861328,241.7700042724609,233.97999572753903,238.1499938964844,238.1499938964844,41587200,16.40999984741211,318.961,23548.21,4.0,0.186591,0.1897846316433446,2
2025-01-29,AMZN,239.0200042724609,240.38999938964844,236.1499938964844,237.07000732421875,237.07000732421875,26091700,16.559999465942383,318.961,23548.21,4.0,0.0701376666666666,0.2727912626576103,3
2025-01-30,AMZN,237.13999938964844,237.9499969482422,232.22000122070312,234.63999938964844,234.63999938964844,32020700,15.84000015258789,318.961,23548.21,4.0,0.24849175,0.0764423031546233,4
2025-01-31,AMZN,236.5,240.2899932861328,236.41000366210932,237.67999267578125,237.67999267578125,36110200,16.43000030517578,318.961,23548.21,4.0,0.188932,0.0925792904757862,3
2025-02-03,AMZN,234.0599975585937,239.25,232.8999938964844,237.4199981689453,237.4199981689453,37285900,18.6200008392334,319.679,23548.21,4.2,0.2937153333333333,0.1100038734333174,3
2025-02-04,AMZN,239.009994506836,242.5200042724609,238.02999877929688,242.0599975585937,242.0599975585937,29713800,17.209999084472656,319.679,23548.21,4.2,0.2114704,0.164900676060335,10
2025-02-05,AMZN,237.0200042724609,238.32000732421875,235.1999969482422,236.1699981689453,236.1699981689453,38727300,15.770000457763672,319.679,23548.21,4.2,0.1623049999999999,0.1479234969390146,7
2025-02-06,AMZN,238.009994506836,239.66000366210932,236.009994506836,238.8300018310547,238.8300018310547,60897100,15.5,319.679,23548.21,4.2,0.136334,0.0,1
2025-02-07,AMZN,232.5,234.8099975585937,228.0599975585937,229.1499938964844,229.1499938964844,77539300,16.540000915527344,319.679,23548.21,4.2,0.0095473999999999,0.2661925118430269,5
2025-02-10,AMZN,230.5500030517578,233.9199981689453,229.1999969482422,233.13999938964844,233.13999938964844,35419900,15.8100004196167,319.679,23548.21,4.2,0.2503996,0.1798705260341449,5
2025-02-11,AMZN,231.9199981689453,233.44000244140625,230.1300048828125,232.759994506836,232.759994506836,23713700,16.020000457763672,319.679,23548.21,4.2,0.0649635999999999,0.3295248796931728,5
2025-02-12,AMZN,230.4600067138672,231.17999267578125,228.16000366210932,228.92999267578125,228.92999267578125,32285200,15.890000343322754,319.679,23548.21,4.2,0.1585786666666666,0.1812364039939732,6
2025-02-13,AMZN,228.8500061035156,230.4199981689453,227.5200042724609,230.3699951171875,230.3699951171875,31346500,15.100000381469728,319.679,23548.21,4.2,0.1795494999999999,0.2055195598916452,10
2025-02-14,AMZN,229.1999969482422,229.88999938964844,227.22999572753903,228.67999267578125,228.67999267578125,27031100,14.770000457763672,319.679,23548.21,4.2,-0.00594,0.1864683341508686,3
2025-02-18,AMZN,228.82000732421875,229.3000030517578,223.72000122070312,226.6499938964844,226.6499938964844,42975100,15.350000381469728,319.679,23548.21,4.2,0.2955905,0.1248505647768563,6
2025-02-19,AMZN,225.5200042724609,226.8300018310547,223.7100067138672,226.6300048828125,226.6300048828125,28566700,15.270000457763672,319.679,23548.21,4.2,0.309873,0.0,1
2025-02-20,AMZN,224.77999877929688,225.1300048828125,221.8099975585937,222.8800048828125,222.8800048828125,30001700,15.65999984741211,319.679,23548.21,4.2,0.2368905,0.0931120273127253,8
2025-02-21,AMZN,223.27999877929688,223.3099975585937,214.7400054931641,216.5800018310547,216.5800018310547,55323900,18.209999084472656,319.679,23548.21,4.2,0.1921039999999999,0.0388308937960485,3
2025-02-24,AMZN,217.4499969482422,217.72000122070312,212.4199981689453,212.7100067138672,212.7100067138672,42387600,18.979999542236328,319.679,23548.21,4.2,0.195982,0.0786089343967974,3
2025-02-25,AMZN,211.6300048828125,213.33999633789065,204.16000366210932,212.8000030517578,212.8000030517578,58958000,19.43000030517578,319.679,23548.21,4.2,0.0527305555555555,0.1684992411474834,9
2025-02-26,AMZN,214.94000244140625,218.16000366210932,213.08999633789065,214.3500061035156,214.3500061035156,39120600,19.100000381469727,319.679,23548.21,4.2,0.1373536666666666,0.0166882905755303,3
2025-02-27,AMZN,218.3500061035156,219.97000122070312,208.3699951171875,208.7400054931641,208.7400054931641,40548600,21.1299991607666,319.679,23548.21,4.2,0.195654,0.2256456871967643,5
2025-02-28,AMZN,208.6499938964844,212.6199951171875,206.9900054931641,212.27999877929688,212.27999877929688,51771700,19.6299991607666,319.679,23548.21,4.2,0.323625,0.3543741714967387,3
2025-03-03,AMZN,213.3500061035156,214.009994506836,202.5500030517578,205.0200042724609,205.0200042724609,42948400,22.780000686645508,319.785,23548.21,4.2,0.2310439999999999,0.1112688195744881,5
2025-03-04,AMZN,200.1100006103516,206.8000030517578,197.42999267578125,203.8000030517578,203.8000030517578,60853100,23.51000022888184,319.785,23548.21,4.2,0.067096,0.2469746431832628,5
2025-03-05,AMZN,204.8000030517578,209.97999572753903,203.259994506836,208.3600006103516,208.3600006103516,38610100,21.93000030517578,319.785,23548.21,4.2,0.248141,0.0570889730858771,2
2025-03-06,AMZN,204.3999938964844,205.7700042724609,198.3000030517578,200.6999969482422,200.6999969482422,49863800,24.8700008392334,319.785,23548.21,4.2,0.1318535714285714,0.1739250902140124,7
2025-03-07,AMZN,199.4900054931641,202.2700042724609,192.52999877929688,199.25,199.25,59802800,23.3700008392334,319.785,23548.21,4.2,0.132374375,0.1843398412768714,8
2025-03-10,AMZN,195.6000061035156,196.72999572753903,190.8500061035156,194.5399932861328,194.5399932861328,62350900,27.86000061035156,319.785,23548.21,4.2,0.04893475,0.2179353969595774,8
2025-03-11,AMZN,193.8999938964844,200.17999267578125,193.3999938964844,196.58999633789065,196.58999633789065,54002900,26.920000076293945,319.785,23548.21,4.2,0.11713775,0.155689113856291,8
2025-03-12,AMZN,200.72000122070312,201.5200042724609,195.2899932861328,198.88999938964844,198.88999938964844,43679300,24.229999542236328,319.785,23548.21,4.2,-0.0526749999999999,0.3050479942418898,3
2025-03-13,AMZN,198.1699981689453,198.8800048828125,191.82000732421875,193.88999938964844,193.88999938964844,41270800,24.65999984741211,319.785,23548.21,4.2,0.079072,0.1869566572858533,9
2025-03-14,AMZN,197.41000366210932,198.6499938964844,195.32000732421875,197.9499969482422,197.9499969482422,38096700,21.770000457763672,319.785,23548.21,4.2,0.1624146,0.1786329602797311,5
2025-03-17,AMZN,198.7700042724609,199.0,194.32000732421875,195.7400054931641,195.7400054931641,47341800,20.51000022888184,319.785,23548.21,4.2,0.0400772857142857,0.213622494576074,7
2025-03-18,AMZN,192.5200042724609,194.0,189.3800048828125,192.82000732421875,192.82000732421875,40414900,21.700000762939453,319.785,23548.21,4.2,0.270196875,0.2660536230931316,8
2025-03-19,AMZN,193.3800048828125,195.97000122070312,191.9600067138672,195.5399932861328,195.5399932861328,39442900,19.89999961853028,319.785,23548.21,4.2,0.13225725,0.3684351714873549,4
2025-03-20,AMZN,193.07000732421875,199.32000732421875,192.3000030517578,194.9499969482422,194.9499969482422,38921100,19.799999237060547,319.785,23548.21,4.2,0.1351936666666666,0.2910852069486412,3
2025-03-21,AMZN,192.8999938964844,196.9900054931641,192.5200042724609,196.2100067138672,196.2100067138672,60056900,19.280000686645508,319.785,23548.21,4.2,0.2735066,0.3421223845165644,5
2025-03-24,AMZN,200.0,203.63999938964844,199.9499969482422,203.259994506836,203.259994506836,41625400,17.479999542236328,319.785,23548.21,4.2,0.1324703636363636,0.1377100638524815,11
2025-03-25,AMZN,203.6000061035156,206.2100067138672,203.22000122070312,205.7100067138672,205.7100067138672,31171200,17.149999618530273,319.785,23548.21,4.2,0.2198038,0.1413897747370721,5
2025-03-26,AMZN,205.83999633789065,206.009994506836,199.92999267578125,201.1300048828125,201.1300048828125,32855300,18.32999992370605,319.785,23548.21,4.2,0.1813903333333333,0.1908426931686583,6
2025-03-27,AMZN,200.88999938964844,203.7899932861328,199.27999877929688,201.3600006103516,201.3600006103516,27317700,18.690000534057617,319.785,23548.21,4.2,0.1018419999999999,0.1547839345474846,5
2025-03-28,AMZN,198.4199981689453,199.259994506836,191.8800048828125,192.72000122070312,192.72000122070312,52548200,21.64999961853028,319.785,23548.21,4.2,0.2758713333333333,0.1224794550700919,6
2025-03-31,AMZN,188.19000244140625,191.3300018310547,184.3999938964844,190.259994506836,190.259994506836,63547600,22.280000686645508,319.785,23548.21,4.2,0.1931762,0.0828005167175906,5
2025-04-01,AMZN,187.8600006103516,193.92999267578125,187.1999969482422,192.1699981689453,192.1699981689453,41267300,21.770000457763672,320.302,23770.976,4.2,0.1870524444444444,0.1233401552892559,9
2025-04-02,AMZN,187.66000366210932,198.33999633789065,187.66000366210932,196.009994506836,196.009994506836,53679200,21.51000022888184,320.302,23770.976,4.2,0.1844351428571428,0.2210264952461797,7
2025-04-03,AMZN,183.0,184.1300048828125,176.9199981689453,178.41000366210938,178.41000366210938,95553600,30.020000457763672,320.302,23770.976,4.2,0.1658256666666666,0.0888219720864907,3
2025-04-04,AMZN,167.14999389648438,178.13999938964844,166.0,171.0,171.0,123159400,45.310001373291016,320.302,23770.976,4.2,0.3508475,0.0714793031898045,2
2025-04-07,AMZN,162.0,183.41000366210932,161.3800048828125,175.25999450683594,175.25999450683594,109327100,46.97999954223633,320.302,23770.976,4.2,0.323168,0.0,1
2025-04-08,AMZN,185.22999572753903,185.8999938964844,168.57000732421875,170.66000366210938,170.66000366210938,87710400,52.33000183105469,320.302,23770.976,4.2,0.236641625,0.0850061196518689,8
2025-04-09,AMZN,172.1199951171875,192.6499938964844,169.92999267578125,191.1000061035156,191.1000061035156,116804300,33.619998931884766,320.302,23770.976,4.2,0.181784,0.0491029090991562,2
2025-04-10,AMZN,185.44000244140625,186.8699951171875,175.85000610351562,181.22000122070312,181.22000122070312,68302000,40.720001220703125,320.302,23770.976,4.2,-0.0099256666666666,0.428835703039443,3
2025-04-11,AMZN,179.92999267578125,185.8600006103516,178.0,184.8699951171875,184.8699951171875,50594300,37.560001373291016,320.302,23770.976,4.2,0.12545825,0.3061854064227262,4
2025-04-14,AMZN,186.83999633789065,187.44000244140625,179.22999572753906,182.1199951171875,182.1199951171875,48002500,30.88999938964844,320.302,23770.976,4.2,0.0769488,0.2619373826799069,5
2025-04-15,AMZN,181.41000366210932,182.3500061035156,177.92999267578125,179.58999633789062,179.58999633789062,43642000,30.1200008392334,320.302,23770.976,4.2,0.1861424285714285,0.20776775780332,7
2025-04-16,AMZN,176.2899932861328,179.10000610351562,171.41000366210938,174.3300018310547,174.3300018310547,51875300,32.63999938964844,320.302,23770.976,4.2,0.2060465,0.0966692302126173,6
2025-04-17,AMZN,176.0,176.2100067138672,172.0,172.61000061035156,172.61000061035156,44726500,29.64999961853028,320.302,23770.976,4.2,0.0194366,0.2163959403473179,5
2025-04-21,AMZN,169.60000610351562,169.60000610351562,165.2899932861328,167.32000732421875,167.32000732421875,48126100,33.81999969482422,320.302,23770.976,4.2,-0.0124054999999999,0.3552850951003996,2
2025-04-22,AMZN,169.85000610351562,176.77999877929688,169.35000610351562,173.17999267578125,173.17999267578125,56607200,30.56999969482422,320.302,23770.976,4.2,0.244609,0.1538777580886854,6
2025-04-23,AMZN,183.4499969482422,187.3800048828125,180.19000244140625,180.6000061035156,180.6000061035156,63470100,28.450000762939453,320.302,23770.976,4.2,0.157456,0.2090012098835793,6
2025-04-24,AMZN,180.9199981689453,186.7400054931641,180.17999267578125,186.5399932861328,186.5399932861328,43763200,26.46999931335449,320.302,23770.976,4.2,0.236166,0.0894241866573765,4
2025-04-25,AMZN,187.6199951171875,189.94000244140625,185.4900054931641,188.9900054931641,188.9900054931641,36414300,24.84000015258789,320.302,23770.976,4.2,0.259813,0.0763442623810067,5
2025-04-28,AMZN,190.1100006103516,190.22000122070312,184.88999938964844,187.6999969482422,187.6999969482422,33224700,25.14999961853028,320.302,23770.976,4.2,0.2359048,0.1397217725542444,5
2025-04-29,AMZN,183.9900054931641,188.0200042724609,183.67999267578125,187.38999938964844,187.38999938964844,41667300,24.170000076293945,320.302,23770.976,4.2,0.0960215,0.1820925888927571,4
2025-04-30,AMZN,182.1699981689453,185.0500030517578,178.85000610351562,184.4199981689453,184.4199981689453,55176500,24.700000762939453,320.302,23770.976,4.2,0.15587475,0.1376247947395876,12
2025-05-01,AMZN,190.6300048828125,191.8099975585937,187.5,190.1999969482422,190.1999969482422,74266000,24.600000381469727,320.62,23770.976,4.3,0.201228,0.1626842572259002,8
2025-05-02,AMZN,191.44000244140625,192.8800048828125,186.3999938964844,189.97999572753903,189.97999572753903,77903500,22.68000030517578,320.62,23770.976,4.3,0.1265331999999999,0.1107568184952962,5
2025-05-05,AMZN,186.509994506836,188.17999267578125,185.52999877929688,186.3500061035156,186.3500061035156,35217500,23.63999938964844,320.62,23770.976,4.3,0.1294755,0.0168007680876004,4
2025-05-06,AMZN,184.57000732421875,187.92999267578125,183.8500061035156,185.009994506836,185.009994506836,29314100,24.76000022888184,320.62,23770.976,4.3,0.065091,0.2377139812547844,5
2025-05-07,AMZN,185.5599975585937,190.9900054931641,185.009994506836,188.7100067138672,188.7100067138672,43948600,23.549999237060547,320.62,23770.976,4.3,0.2979084285714286,0.1340707449800086,14
2025-05-08,AMZN,191.42999267578125,194.3300018310547,188.82000732421875,192.0800018310547,192.0800018310547,41043600,22.479999542236328,320.62,23770.976,4.3,0.3444716,0.1926603869800432,5
2025-05-09,AMZN,193.3800048828125,194.69000244140625,191.16000366210932,193.0599975585937,193.0599975585937,29663100,21.89999961853028,320.62,23770.976,4.3,0.1903975,0.0576831840689583,4
2025-05-12,AMZN,210.7100067138672,211.66000366210932,205.75,208.63999938964844,208.63999938964844,75205000,18.38999938964844,320.62,23770.976,4.3,0.1565725714285714,0.1648699995136139,7
2025-05-13,AMZN,211.0800018310547,214.83999633789065,210.1000061035156,211.3699951171875,211.3699951171875,56193700,18.21999931335449,320.62,23770.976,4.3,0.215380875,0.1488562167092195,8
2025-05-14,AMZN,211.4499969482422,211.92999267578125,208.8500061035156,210.25,210.25,38492100,18.6200008392334,320.62,23770.976,4.3,0.1945746,0.228060211594414,10
2025-05-15,AMZN,206.4499969482422,206.8800048828125,202.6699981689453,205.1699981689453,205.1699981689453,64347300,17.829999923706055,320.62,23770.976,4.3,0.2594775,0.0817351799441342,2
2025-05-16,AMZN,206.8500061035156,206.8500061035156,204.3699951171875,205.58999633789065,205.58999633789065,43318500,17.239999771118164,320.62,23770.976,4.3,0.126354,0.1810828651621498,4
2025-05-19,AMZN,201.6499938964844,206.6199951171875,201.259994506836,206.16000366210932,206.16000366210932,34314800,18.13999938964844,320.62,23770.976,4.3,0.227899,0.0916890870223932,3
2025-05-20,AMZN,204.6300048828125,205.58999633789065,202.6499938964844,204.07000732421875,204.07000732421875,29470400,18.09000015258789,320.62,23770.976,4.3,0.2676779999999999,0.0561692306071571,3
2025-05-21,AMZN,201.6100006103516,203.4600067138672,200.0599975585937,201.1199951171875,201.1199951171875,42460900,20.8700008392334,320.62,23770.976,4.3,0.3566622499999999,0.1955540927814688,4
2025-05-22,AMZN,201.3800048828125,205.759994506836,200.16000366210932,203.1000061035156,203.1000061035156,38938900,20.280000686645508,320.62,23770.976,4.3,0.2435573999999999,0.1377469916143361,5
2025-05-23,AMZN,198.8999938964844,202.3699951171875,197.8500061035156,200.9900054931641,200.9900054931641,33393500,22.290000915527344,320.62,23770.976,4.3,0.021507,0.3829559933269095,3
2025-05-27,AMZN,203.08999633789065,206.69000244140625,202.19000244140625,206.0200042724609,206.0200042724609,34892000,18.959999084472656,320.62,23770.976,4.3,0.110975,0.0,1
2025-05-28,AMZN,205.9199981689453,207.66000366210932,204.41000366210932,204.72000122070312,204.72000122070312,28549800,19.309999465942383,320.62,23770.976,4.3,0.2718481666666666,0.0849993015016398,6
2025-05-29,AMZN,208.02999877929688,208.8099975585937,204.22999572753903,205.6999969482422,205.6999969482422,34650000,19.18000030517578,320.62,23770.976,4.3,0.155845,0.1556849846124467,10
2025-05-30,AMZN,204.83999633789065,205.9900054931641,201.6999969482422,205.009994506836,205.009994506836,51679400,18.56999969482422,320.62,23770.976,4.3,0.0574446666666666,0.1199117496675506,3
2025-06-02,AMZN,204.97999572753903,207.0,202.67999267578125,206.6499938964844,206.6499938964844,29113300,18.36000061035156,321.435,23770.976,4.1,0.1820618,0.1601840946370769,5
2025-06-03,AMZN,207.1100006103516,208.9499969482422,205.02999877929688,205.7100067138672,205.7100067138672,33139100,17.690000534057617,321.435,23770.976,4.1,0.201936375,0.1339323651335548,8
2025-06-04,AMZN,206.5500030517578,208.17999267578125,205.17999267578125,207.22999572753903,207.22999572753903,29915600,17.610000610351562,321.435,23770.976,4.1,0.2382054,0.0999991560533276,10
2025-06-05,AMZN,209.5500030517578,212.8099975585937,207.5599975585937,207.91000366210932,207.91000366210932,51864200,18.479999542236328,321.435,23770.976,4.1,0.2553166666666667,0.1089130716504375,3
2025-06-06,AMZN,212.3999938964844,213.8699951171875,210.5,213.57000732421875,213.57000732421875,39832500,16.770000457763672,321.435,23770.976,4.1,0.1408266666666666,0.2058927561043612,9
2025-06-09,AMZN,214.75,217.8500061035156,212.8800048828125,216.97999572753903,216.97999572753903,38102500,17.15999984741211,321.435,23770.976,4.1,0.2179638888888889,0.1604762951010557,9
2025-06-10,AMZN,216.77999877929688,217.69000244140625,214.1499938964844,217.6100006103516,217.6100006103516,31303300,16.950000762939453,321.435,23770.976,4.1,0.2352353333333333,0.1170018132487697,9
2025-06-11,AMZN,217.41000366210932,218.3999938964844,212.88999938964844,213.1999969482422,213.1999969482422,39326000,17.260000228881836,321.435,23770.976,4.1,0.275000125,0.1276139544949504,8
2025-06-12,AMZN,211.77999877929688,213.5800018310547,211.3300018310547,213.2400054931641,213.2400054931641,27640000,18.020000457763672,321.435,23770.976,4.1,0.2327441,0.2362236302416514,10
2025-06-13,AMZN,209.9600067138672,214.0500030517578,209.6199951171875,212.1000061035156,212.1000061035156,29337800,20.81999969482422,321.435,23770.976,4.1,0.2486783333333333,0.1265350116384131,3
2025-06-16,AMZN,212.3099975585937,217.0599975585937,211.6000061035156,216.1000061035156,216.1000061035156,33284200,19.11000061035156,321.435,23770.976,4.1,0.2805142,0.1403430853165833,10
2025-06-17,AMZN,215.1999969482422,217.41000366210932,214.5599975585937,214.82000732421875,214.82000732421875,32086300,21.600000381469727,321.435,23770.976,4.1,0.2036425,0.1125650356038676,2
2025-06-18,AMZN,215.08999633789065,217.9600067138672,212.33999633789065,212.5200042724609,212.5200042724609,44360500,20.13999938964844,321.435,23770.976,4.1,0.1920367142857142,0.1564797319769286,7
2025-06-20,AMZN,214.67999267578125,214.88999938964844,208.2700042724609,209.69000244140625,209.69000244140625,75350700,20.6200008392334,321.435,23770.976,4.1,0.0840587142857142,0.2127226304931019,7
2025-06-23,AMZN,209.7899932861328,210.38999938964844,207.3099975585937,208.47000122070312,208.47000122070312,37311700,19.82999992370605,321.435,23770.976,4.1,0.1455872,0.2090620234139991,10
2025-06-24,AMZN,212.13999938964844,214.33999633789065,211.0500030517578,212.7700042724609,212.7700042724609,38378800,17.479999542236328,321.435,23770.976,4.1,0.2609212857142857,0.1078048051382904,7
2025-06-25,AMZN,214.6199951171875,216.02999877929688,211.1100006103516,211.9900054931641,211.9900054931641,31755700,16.760000228881836,321.435,23770.976,4.1,0.1746141111111111,0.1127999981676024,9
2025-06-26,AMZN,213.1199951171875,218.0399932861328,212.009994506836,217.1199951171875,217.1199951171875,50480800,16.59000015258789,321.435,23770.976,4.1,0.2448768571428571,0.2356624264008644,7
2025-06-27,AMZN,219.9199981689453,223.3000030517578,216.7400054931641,223.3000030517578,223.3000030517578,119217100,16.31999969482422,321.435,23770.976,4.1,0.261034,0.1361482025147596,4
2025-06-30,AMZN,223.5200042724609,223.82000732421875,219.1199951171875,219.38999938964844,219.38999938964844,58887800,16.729999542236328,321.435,23770.976,4.1,0.04295,0.259330019760536,7
2025-07-01,AMZN,219.5,221.8800048828125,217.92999267578125,220.4600067138672,220.4600067138672,39256800,16.829999923706055,322.169,24026.834,4.3,0.2772964285714286,0.0960474835846956,7
2025-07-02,AMZN,219.72999572753903,221.6000061035156,219.0599975585937,219.9199981689453,219.9199981689453,30894200,16.639999389648438,322.169,24026.834,4.3,0.1550876666666666,0.1052295605496225,6
2025-07-03,AMZN,221.82000732421875,224.009994506836,221.3600006103516,223.41000366210932,223.41000366210932,29632400,16.3799991607666,322.169,24026.834,4.3,0.1606475999999999,0.1092081546282144,5
2025-07-07,AMZN,223.0,224.2899932861328,222.3699951171875,223.47000122070312,223.47000122070312,36604100,17.790000915527344,322.169,24026.834,4.3,0.1473407777777778,0.2757585894300383,9
2025-07-08,AMZN,223.9199981689453,224.0,218.42999267578125,219.3600006103516,219.3600006103516,45692000,16.809999465942383,322.169,24026.834,4.3,0.2622988888888888,0.2880111349728706,9
2025-07-09,AMZN,221.07000732421875,224.2899932861328,220.47000122070312,222.5399932861328,222.5399932861328,38155100,15.9399995803833,322.169,24026.834,4.3,0.1596997142857143,0.093907540988844,7
2025-07-10,AMZN,221.5500030517578,222.7899932861328,219.6999969482422,222.259994506836,222.259994506836,30370600,15.779999732971191,322.169,24026.834,4.3,0.2722267777777777,0.2012090760016666,9
2025-07-11,AMZN,223.5800018310547,226.67999267578125,222.3699951171875,225.0200042724609,225.0200042724609,50518300,16.399999618530273,322.169,24026.834,4.3,0.1004782499999999,0.1580661773401149,4
2025-07-14,AMZN,225.07000732421875,226.66000366210932,224.2400054931641,225.69000244140625,225.69000244140625,35702600,17.200000762939453,322.169,24026.834,4.3,0.2022705,0.1459808475873918,4
2025-07-15,AMZN,226.1999969482422,227.2700042724609,225.4600067138672,226.3500061035156,226.3500061035156,34907300,17.3799991607666,322.169,24026.834,4.3,0.1088593333333333,0.2140759738441783,3
2025-07-16,AMZN,225.8800048828125,226.1000061035156,222.17999267578125,223.19000244140625,223.19000244140625,39535900,17.15999984741211,322.169,24026.834,4.3,0.1721561818181818,0.0934939788914967,11
2025-07-17,AMZN,223.32000732421875,224.5,222.509994506836,223.8800048828125,223.8800048828125,31855800,16.520000457763672,322.169,24026.834,4.3,0.1752722857142857,0.1865286349247878,7
2025-07-18,AMZN,225.13999938964844,226.3999938964844,222.97999572753903,226.1300048828125,226.1300048828125,37833800,16.40999984741211,322.169,24026.834,4.3,0.1016477142857142,0.2208302238385213,7
2025-07-21,AMZN,225.83999633789065,229.69000244140625,225.6499938964844,229.3000030517578,229.3000030517578,40297600,16.649999618530273,322.169,24026.834,4.3,0.1909697142857143,0.2986850247488784,7
2025-07-22,AMZN,229.67999267578125,230.0,226.3500061035156,227.47000122070312,227.47000122070312,37483700,16.5,322.169,24026.834,4.3,0.3182921666666666,0.1976644339464403,6
2025-07-23,AMZN,228.47000122070312,228.7899932861328,227.08999633789065,228.2899932861328,228.2899932861328,28294900,15.369999885559082,322.169,24026.834,4.3,0.2135348333333333,0.1002342378579628,6
2025-07-24,AMZN,229.1699981689453,236.0,228.63999938964844,232.22999572753903,232.22999572753903,42902300,15.390000343322754,322.169,24026.834,4.3,0.126285,0.2831227267599689,2
2025-07-25,AMZN,232.22000122070312,232.47999572753903,231.17999267578125,231.44000244140625,231.44000244140625,28712100,14.93000030517578,322.169,24026.834,4.3,0.110486,0.0,1
2025-07-28,AMZN,233.3500061035156,234.2899932861328,232.25,232.7899932861328,232.7899932861328,26300100,15.029999732971191,322.169,24026.834,4.3,0.15362425,0.1691279686287871,8
2025-07-29,AMZN,234.1499938964844,234.72000122070312,230.3099975585937,231.009994506836,231.009994506836,33716200,15.979999542236328,322.169,24026.834,4.3,0.116574,0.2119635583217077,6
2025-07-30,AMZN,231.63999938964844,231.8000030517578,229.2899932861328,230.19000244140625,230.19000244140625,32993300,15.479999542236328,322.169,24026.834,4.3,0.2762056,0.096551546788001,10
2025-07-31,AMZN,235.7700042724609,236.52999877929688,231.3999938964844,234.1100006103516,234.1100006103516,104357300,16.719999313354492,322.169,24026.834,4.3,0.115504,0.1834306401613427,4
2025-08-01,AMZN,217.2100067138672,220.44000244140625,212.8000030517578,214.75,214.75,122258800,20.3799991607666,323.291,24026.834,4.3,0.1571923,0.1808388366308827,10
2025-08-04,AMZN,217.3999938964844,217.44000244140625,211.4199981689453,211.6499938964844,211.6499938964844,77890100,17.520000457763672,323.291,24026.834,4.3,-0.0231087999999999,0.1387054639125654,5
2025-08-05,AMZN,213.0500030517578,216.3000030517578,212.8699951171875,213.75,213.75,51505100,17.850000381469727,323.291,24026.834,4.3,0.2645188571428571,0.124613000784333,7
2025-08-06,AMZN,214.6999969482422,222.6499938964844,213.7400054931641,222.3099975585937,222.3099975585937,54823000,16.770000457763672,323.291,24026.834,4.3,0.30621675,0.1134641170915154,8
2025-08-07,AMZN,221.0,226.22000122070312,220.82000732421875,223.1300048828125,223.1300048828125,40603500,16.56999969482422,323.291,24026.834,4.3,0.1940118333333333,0.2118348743714539,12
2025-08-08,AMZN,223.13999938964844,223.8000030517578,221.8800048828125,222.69000244140625,222.69000244140625,32970500,15.149999618530272,323.291,24026.834,4.3,0.1690275714285714,0.219393334761912,7
2025-08-11,AMZN,221.77999877929688,223.0500030517578,220.3999938964844,221.3000030517578,221.3000030517578,31646200,16.25,323.291,24026.834,4.3,0.2544085,0.100142059999069,8
2025-08-12,AMZN,222.22999572753903,223.5,219.0500030517578,221.47000122070312,221.47000122070312,37185800,14.729999542236328,323.291,24026.834,4.3,0.1858232,0.1831690165167133,5
2025-08-13,AMZN,222.0,224.9199981689453,222.0,224.5599975585937,224.5599975585937,36508300,14.489999771118164,323.291,24026.834,4.3,0.1907458571428571,0.2397461820442809,7
2025-08-14,AMZN,227.3999938964844,233.1100006103516,227.0200042724609,230.97999572753903,230.97999572753903,61545800,14.829999923706056,323.291,24026.834,4.3,0.2081023333333333,0.1028211728987112,6
2025-08-15,AMZN,232.5800018310547,234.0800018310547,229.8099975585937,231.02999877929688,231.02999877929688,39649200,15.09000015258789,323.291,24026.834,4.3,0.1660345,0.1190416398702571,4
2025-08-18,AMZN,230.22999572753903,231.91000366210932,228.3300018310547,231.4900054931641,231.4900054931641,25248900,14.989999771118164,323.291,24026.834,4.3,0.239002,0.1137998510917303,5
2025-08-19,AMZN,230.08999633789065,230.52999877929688,227.1199951171875,228.009994506836,228.009994506836,29891000,15.56999969482422,323.291,24026.834,4.3,0.0215493333333333,0.2804123167484667,12
2025-08-20,AMZN,227.1199951171875,227.2700042724609,220.9199981689453,223.8099975585937,223.8099975585937,36604300,15.6899995803833,323.291,24026.834,4.3,0.1109425,0.1841606666396026,8
2025-08-21,AMZN,222.6499938964844,222.77999877929688,220.5,221.9499969482422,221.9499969482422,32140500,16.600000381469727,323.291,24026.834,4.3,0.15775,0.1055772596474575,4
2025-08-22,AMZN,222.7899932861328,229.13999938964844,220.82000732421875,228.83999633789065,228.83999633789065,37315300,14.220000267028809,323.291,24026.834,4.3,0.1671913333333333,0.1770410366335067,6
2025-08-25,AMZN,227.3500061035156,229.6000061035156,227.3099975585937,227.94000244140625,227.94000244140625,22633700,14.789999961853027,323.291,24026.834,4.3,0.1943614,0.20498729240931,5
2025-08-26,AMZN,227.1100006103516,229.0,226.0200042724609,228.7100067138672,228.7100067138672,26105400,14.619999885559082,323.291,24026.834,4.3,0.1068364,0.2284910491235925,10
2025-08-27,AMZN,228.57000732421875,229.8699951171875,227.8099975585937,229.1199951171875,229.1199951171875,21254500,14.850000381469728,323.291,24026.834,4.3,0.2065215,0.2650111250322468,8
2025-08-28,AMZN,229.009994506836,232.7100067138672,228.0200042724609,231.6000061035156,231.6000061035156,33679600,14.43000030517578,323.291,24026.834,4.3,0.1404571111111111,0.2875969299173083,9
2025-08-29,AMZN,231.32000732421875,231.8099975585937,228.16000366210932,229.0,229.0,26199200,15.359999656677246,323.291,24026.834,4.3,0.222792,0.0841878402532099,5
2025-09-02,AMZN,223.5200042724609,226.1699981689453,221.8300018310547,225.33999633789065,225.33999633789065,38843900,17.170000076293945,324.245,24026.834,4.4,0.0971572,0.1442308543072528,5
2025-09-03,AMZN,225.2100067138672,227.1699981689453,224.3600006103516,225.9900054931641,225.9900054931641,29223100,16.350000381469727,324.245,24026.834,4.4,0.1741236666666666,0.0886346395622689,3
2025-09-04,AMZN,231.19000244140625,235.7700042724609,230.77999877929688,235.67999267578125,235.67999267578125,59391800,15.300000190734863,324.245,24026.834,4.4,0.353530875,0.1769528330790338,8
2025-09-05,AMZN,235.19000244140625,236.0,231.92999267578125,232.3300018310547,232.3300018310547,36721800,15.18000030517578,324.245,24026.834,4.4,-0.0190265,0.4680346855741569,2
2025-09-08,AMZN,234.94000244140625,237.6000061035156,233.75,235.83999633789065,235.83999633789065,33947100,15.109999656677246,324.245,24026.834,4.4,0.2344455,0.1515865031755796,4
2025-09-09,AMZN,236.3600006103516,238.8500061035156,235.0800018310547,238.2400054931641,238.2400054931641,27033800,15.039999961853027,324.245,24026.834,4.4,0.2602156666666666,0.1055338293322544,18
2025-09-10,AMZN,237.5200042724609,237.67999267578125,229.1000061035156,230.3300018310547,230.3300018310547,60907700,15.350000381469728,324.245,24026.834,4.4,0.2432094444444444,0.1470752749258956,9
2025-09-11,AMZN,231.4900054931641,231.52999877929688,229.33999633789065,229.9499969482422,229.9499969482422,37485600,14.710000038146973,324.245,24026.834,4.4,0.3390401428571428,0.1329456434204453,7
2025-09-12,AMZN,230.3500061035156,230.7899932861328,226.2899932861328,228.1499938964844,228.1499938964844,38496200,14.760000228881836,324.245,24026.834,4.4,0.2042197142857142,0.0972095653261795,7
2025-09-15,AMZN,230.6300048828125,233.72999572753903,230.32000732421875,231.42999267578125,231.42999267578125,33243300,15.6899995803833,324.245,24026.834,4.4,0.1862321818181818,0.1514584553293861,11
2025-09-16,AMZN,232.94000244140625,235.8999938964844,232.22999572753903,234.0500030517578,234.0500030517578,38203900,16.360000610351562,324.245,24026.834,4.4,0.30473425,0.2005714725899889,4
2025-09-17,AMZN,233.7700042724609,234.3000030517578,228.7100067138672,231.6199951171875,231.6199951171875,42815200,15.720000267028809,324.245,24026.834,4.4,0.2003608333333333,0.102905503130623,6
2025-09-18,AMZN,232.5,233.47999572753903,228.7899932861328,231.22999572753903,231.22999572753903,37931700,15.699999809265137,324.245,24026.834,4.4,0.119273625,0.2509476742862871,8
2025-09-19,AMZN,232.3699951171875,234.16000366210932,229.6999969482422,231.47999572753903,231.47999572753903,97943200,15.449999809265137,324.245,24026.834,4.4,0.1073025,0.1443316597483528,8
2025-09-22,AMZN,230.5599975585937,230.57000732421875,227.509994506836,227.6300048828125,227.6300048828125,45914500,16.100000381469727,324.245,24026.834,4.4,0.13180975,0.2498837007257303,12
2025-09-23,AMZN,227.8300018310547,227.8600006103516,220.07000732421875,220.7100067138672,220.7100067138672,70956200,16.639999389648438,324.245,24026.834,4.4,0.1323249,0.2325517799805024,10
2025-09-24,AMZN,224.1499938964844,224.5599975585937,219.4499969482422,220.2100067138672,220.2100067138672,49509000,16.18000030517578,324.245,24026.834,4.4,0.2044962222222222,0.1375018334839373,9
2025-09-25,AMZN,220.0599975585937,220.6699981689453,216.47000122070312,218.1499938964844,218.1499938964844,52226300,16.739999771118164,324.245,24026.834,4.4,0.21473,0.2690661084073949,5
2025-09-26,AMZN,219.0800018310547,221.0500030517578,218.0200042724609,219.77999877929688,219.77999877929688,41650100,15.289999961853027,324.245,24026.834,4.4,0.1451736666666666,0.1668361552729703,6
2025-09-29,AMZN,220.0800018310547,222.6000061035156,219.3000030517578,222.1699981689453,222.1699981689453,44259200,16.1200008392334,324.245,24026.834,4.4,0.2863748,0.0819849242739175,5
2025-09-30,AMZN,222.02999877929688,222.2400054931641,217.88999938964844,219.57000732421875,219.57000732421875,48396400,16.280000686645508,324.245,24026.834,4.4,0.1994203,0.1664387599936416,20
2025-10-01,AMZN,217.3600006103516,222.1499938964844,216.6100006103516,220.6300048828125,220.6300048828125,43933800,16.290000915527344,324.245,24055.749,4.4,0.2636544285714285,0.2291024729037621,7
2025-10-02,AMZN,221.009994506836,222.8099975585937,218.9499969482422,222.41000366210932,222.41000366210932,41258600,16.6299991607666,324.245,24055.749,4.4,0.1742288333333333,0.1740613437503188,6
2025-10-03,AMZN,223.44000244140625,224.1999969482422,219.33999633789065,219.509994506836,219.509994506836,43639000,16.649999618530273,324.245,24055.749,4.4,0.1102296764705882,0.1639415374720828,34
2025-10-06,AMZN,221.0,221.72999572753903,216.02999877929688,220.8999938964844,220.8999938964844,43690900,16.3700008392334,324.245,24055.749,4.4,0.12923125,0.1929252857133645,4
2025-10-07,AMZN,220.8800048828125,222.88999938964844,220.1699981689453,221.77999877929688,221.77999877929688,31194700,17.239999771118164,324.245,24055.749,4.4,-0.0066439999999999,0.1944156473358047,3
2025-10-08,AMZN,222.9199981689453,226.72999572753903,221.19000244140625,225.22000122070312,225.22000122070312,46686000,16.299999237060547,324.245,24055.749,4.4,0.23443,0.088543676278998,3
2025-10-09,AMZN,225.0,228.2100067138672,221.75,227.7400054931641,227.7400054931641,46412100,16.43000030517578,324.245,24055.749,4.4,0.2790105,0.1798149608338156,4
2025-10-10,AMZN,226.2100067138672,228.25,216.0,216.3699951171875,216.3699951171875,72367500,21.65999984741211,324.245,24055.749,4.4,0.0946216666666666,0.2629386922479585,6
2025-10-13,AMZN,217.6999969482422,220.67999267578125,217.0399932861328,220.07000732421875,220.07000732421875,37809700,19.030000686645508,324.245,24055.749,4.4,0.1787931853448275,0.1971397652180103,232
2025-10-14,AMZN,215.5599975585937,219.32000732421875,212.6000061035156,216.38999938964844,216.38999938964844,45665600,20.809999465942383,324.245,24055.749,4.4,0.1678432256097561,0.2157421707910414,328
2025-10-15,AMZN,216.6199951171875,217.7100067138672,212.66000366210932,215.57000732421875,215.57000732421875,45909500,20.63999938964844,324.245,24055.749,4.4,0.1629603195876288,0.217197368685713,291
2025-10-16,AMZN,215.6699981689453,218.58999633789065,212.8099975585937,214.47000122070312,214.47000122070312,42414600,25.309999465942383,324.245,24055.749,4.4,0.0,0.0,0
2025-10-17,AMZN,214.5599975585937,214.8000030517578,211.02999877929688,213.0399932861328,213.0399932861328,45986900,20.780000686645508,324.245,24055.749,4.4,0.0,0.0,0
2025-10-20,AMZN,213.8800048828125,216.69000244140625,213.58999633789065,216.47999572753903,216.47999572753903,38882800,18.229999542236328,324.245,24055.749,4.4,0.0,0.0,0
2025-10-21,AMZN,218.42999267578125,223.32000732421875,217.9900054931641,222.02999877929688,222.02999877929688,50494600,17.8700008392334,324.245,24055.749,4.4,0.0,0.0,0
2025-10-22,AMZN,219.3000030517578,220.009994506836,216.5200042724609,217.9499969482422,217.9499969482422,44308500,18.600000381469727,324.245,24055.749,4.4,0.0,0.0,0
2025-10-23,AMZN,219.0,221.3000030517578,218.17999267578125,221.08999633789065,221.08999633789065,31540000,17.299999237060547,324.245,24055.749,4.4,0.0,0.0,0
2025-10-24,AMZN,221.97000122070312,225.3999938964844,221.8999938964844,224.2100067138672,224.2100067138672,38685100,16.3700008392334,324.245,24055.749,4.4,0.0,0.0,0
2025-10-27,AMZN,227.66000366210932,228.3999938964844,225.5399932861328,226.97000122070312,226.97000122070312,38267000,15.789999961853027,324.245,24055.749,4.4,0.0,0.0,0
2025-10-28,AMZN,228.22000122070312,231.4900054931641,226.2100067138672,229.25,229.25,47100000,16.420000076293945,324.245,24055.749,4.4,0.0,0.0,0
2025-10-29,AMZN,231.6699981689453,232.82000732421875,227.759994506836,230.3000030517578,230.3000030517578,52036200,16.920000076293945,324.245,24055.749,4.4,0.0,0.0,0
2025-10-30,AMZN,227.0599975585937,228.44000244140625,222.75,222.8600006103516,222.8600006103516,102252900,16.90999984741211,324.245,24055.749,4.4,0.0,0.0,0
2025-10-31,AMZN,250.1000061035156,250.5,243.97999572753903,244.22000122070312,244.22000122070312,166340800,17.440000534057617,324.245,24055.749,4.4,0.0,0.0,0
2025-11-03,AMZN,255.3600006103516,258.6000061035156,252.8999938964844,254.0,254.0,95997800,17.170000076293945,325.063,24055.749,4.5,0.1888048545454545,0.2031809626252217,55
2025-11-04,AMZN,250.3800048828125,257.010009765625,248.66000366210932,249.32000732421875,249.32000732421875,51546300,19.0,325.063,24055.749,4.5,0.2722563563218391,0.1438691004398664,261
2025-11-05,AMZN,249.02999877929688,251.0,246.16000366210932,250.1999969482422,250.1999969482422,40610700,18.010000228881836,325.063,24055.749,4.5,0.1312231379310345,0.2259603838856847,29
2025-11-06,AMZN,249.16000366210932,250.3800048828125,242.1699981689453,243.0399932861328,243.0399932861328,46004200,19.5,325.063,24055.749,4.5,0.1996261086956521,0.176805593465972,46
2025-11-07,AMZN,242.8999938964844,244.8999938964844,238.4900054931641,244.41000366210932,244.41000366210932,46374300,19.07999992370605,325.063,24055.749,4.5,0.275767423076923,0.2164396719386116,26
2025-11-10,AMZN,248.33999633789065,251.75,245.58999633789065,248.3999938964844,248.3999938964844,36476500,17.600000381469727,325.063,24055.749,4.5,0.1921775652173913,0.175549583382853,23
2025-11-11,AMZN,248.41000366210932,249.75,247.22999572753903,249.1000061035156,249.1000061035156,23564100,17.280000686645508,325.063,24055.749,4.5,0.1124435833333333,0.1500242299802743,12
2025-11-12,AMZN,250.2400054931641,250.3699951171875,243.75,244.1999969482422,244.1999969482422,31190100,17.510000228881836,325.063,24055.749,4.5,0.0472580624999999,0.2823735254265099,16
2025-11-13,AMZN,243.0500030517578,243.75,236.5,237.5800018310547,237.5800018310547,41401700,20.0,325.063,24055.749,4.5,0.1751186923076923,0.1095110383700996,13
2025-11-14,AMZN,235.0599975585937,238.72999572753903,232.88999938964844,234.69000244140625,234.69000244140625,38956700,19.82999992370605,325.063,24055.749,4.5,0.1960629565217391,0.1566848470620616,23
2025-11-17,AMZN,233.25,234.6000061035156,229.19000244140625,232.8699951171875,232.8699951171875,59919000,22.3799991607666,325.063,24055.749,4.5,0.1729239615384615,0.1680296407122292,52
2025-11-18,AMZN,228.1000061035156,230.1999969482422,222.4199981689453,222.5500030517578,222.5500030517578,60608400,24.690000534057617,325.063,24055.749,4.5,0.0892408461538461,0.2177476273637778,39
2025-11-19,AMZN,223.7400054931641,223.7400054931641,218.5200042724609,222.69000244140625,222.69000244140625,58335600,23.65999984741211,325.063,24055.749,4.5,0.1044683529411764,0.1983622696894942,17
2025-11-20,AMZN,227.0500030517578,227.41000366210932,216.7400054931641,217.13999938964844,217.13999938964844,50309000,26.420000076293945,325.063,24055.749,4.5,0.0,0.0,0
2025-11-21,AMZN,216.3500061035156,222.2100067138672,215.17999267578125,220.69000244140625,220.69000244140625,68490500,23.43000030517578,325.063,24055.749,4.5,0.0,0.0,0
2025-11-24,AMZN,222.5599975585937,227.3300018310547,222.2700042724609,226.27999877929688,226.27999877929688,54318400,20.520000457763672,325.063,24055.749,4.5,0.0,0.0,0
2025-11-25,AMZN,226.3800048828125,230.5200042724609,223.8000030517578,229.6699981689453,229.6699981689453,39379300,18.559999465942383,325.063,24055.749,4.5,0.0,0.0,0
2025-11-26,AMZN,230.7400054931641,231.75,228.7700042724609,229.16000366210932,229.16000366210932,38497900,17.190000534057617,325.063,24055.749,4.5,0.0,0.0,0
2025-11-28,AMZN,231.2400054931641,233.2899932861328,230.22000122070312,233.22000122070312,233.22000122070312,20292300,16.350000381469727,325.063,24055.749,4.5,0.0,0.0,0
2025-12-01,AMZN,233.22000122070312,235.8000030517578,232.25,233.8800048828125,233.8800048828125,42904000,17.239999771118164,326.031,24055.749,4.4,0.2636905147058823,0.2065436508989598,68
2025-12-02,AMZN,235.009994506836,238.97000122070312,233.5500030517578,234.4199981689453,234.4199981689453,45785400,16.59000015258789,326.031,24055.749,4.4,0.2754760634920635,0.2289254035581328,63
2025-12-03,AMZN,233.3500061035156,233.3800048828125,230.6100006103516,232.3800048828125,232.3800048828125,35495100,16.079999923706055,326.031,24055.749,4.4,0.2006967037037037,0.1890139767482148,54
2025-12-04,AMZN,232.7700042724609,233.5,226.8000030517578,229.1100006103516,229.1100006103516,45683200,15.779999732971191,326.031,24055.749,4.4,0.2192192698412698,0.1709964635875791,63
2025-12-05,AMZN,230.32000732421875,231.2400054931641,228.5500030517578,229.52999877929688,229.52999877929688,33117400,15.40999984741211,326.031,24055.749,4.4,0.1720833953488372,0.1584562961056784,43
2025-12-08,AMZN,229.58999633789065,230.8300018310547,226.2700042724609,226.88999938964844,226.88999938964844,35019200,16.65999984741211,326.031,24055.749,4.4,0.136552064516129,0.1924523375878094,62
2025-12-09,AMZN,226.83999633789065,228.57000732421875,225.1100006103516,227.9199981689453,227.9199981689453,25841700,16.93000030517578,326.031,24055.749,4.4,0.1636997450980392,0.1700096605253764,51
2025-12-10,AMZN,228.8099975585937,232.4199981689453,228.4600067138672,231.77999877929688,231.77999877929688,38790700,15.770000457763672,326.031,24055.749,4.4,0.20896428,0.2040859465805401,50
2025-12-11,AMZN,230.7100067138672,232.1100006103516,228.69000244140625,230.27999877929688,230.27999877929688,28249600,14.850000381469728,326.031,24055.749,4.4,0.1881083050847457,0.2150738239826641,59
2025-12-12,AMZN,229.8699951171875,230.0800018310547,225.1199951171875,226.19000244140625,226.19000244140625,35639100,15.739999771118164,326.031,24055.749,4.4,0.1213996666666666,0.2241379572335366,48
2025-12-15,AMZN,227.92999267578125,227.92999267578125,221.5,222.5399932861328,222.5399932861328,47286100,16.5,326.031,24055.749,4.4,0.152168693877551,0.1943893039731743,49
2025-12-16,AMZN,223.0399932861328,223.66000366210932,221.1300048828125,222.5599975585937,222.5599975585937,39298900,16.479999542236328,326.031,24055.749,4.4,0.1869423875,0.1808648496724146,80
2025-12-17,AMZN,224.66000366210932,225.19000244140625,220.9900054931641,221.2700042724609,221.2700042724609,44034400,17.6200008392334,326.031,24055.749,4.4,0.1663127088607595,0.189564058619876,79
2025-12-18,AMZN,225.7100067138672,229.22999572753903,224.41000366210932,226.759994506836,226.759994506836,50272400,16.8700008392334,326.031,24055.749,4.4,0.1398028771929824,0.1813960275757231,57
2025-12-19,AMZN,226.759994506836,229.1300048828125,225.5800018310547,227.3500061035156,227.3500061035156,85544400,14.90999984741211,326.031,24055.749,4.4,0.1718866349206349,0.1515125808473003,63
2025-12-22,AMZN,228.6100006103516,229.47999572753903,226.7100067138672,228.42999267578125,228.42999267578125,32261300,14.079999923706056,326.031,24055.749,4.4,0.0,0.0,0
2025-12-23,AMZN,229.0599975585937,232.4499969482422,228.72999572753903,232.13999938964844,232.13999938964844,29230200,14.0,326.031,24055.749,4.4,0.0,0.0,0
2025-12-24,AMZN,232.1300048828125,232.9499969482422,231.3300018310547,232.3800048828125,232.3800048828125,11420500,13.470000267028809,326.031,24055.749,4.4,0.0,0.0,0
2025-12-26,AMZN,232.0399932861328,232.9900054931641,231.17999267578125,232.5200042724609,232.5200042724609,15994700,13.600000381469728,326.031,24055.749,4.4,0.0,0.0,0
2025-12-29,AMZN,231.94000244140625,232.6000061035156,230.7700042724609,232.07000732421875,232.07000732421875,19797900,14.199999809265137,326.031,24055.749,4.4,0.0,0.0,0
2025-12-30,AMZN,231.2100067138672,232.7700042724609,230.1999969482422,232.52999877929688,232.52999877929688,21910500,14.329999923706056,326.031,24055.749,4.4,0.0,0.0,0
2025-12-31,AMZN,232.91000366210932,232.9900054931641,230.1199951171875,230.82000732421875,230.82000732421875,24383700,14.949999809265137,326.031,24055.749,4.4,0.0,0.0,0
2026-01-02,AMZN,231.33999633789065,235.4600067138672,224.6999969482422,226.5,226.5,51456200,14.510000228881836,326.588,24180.419,4.3,0.1007016444444444,0.2569110182382887,45
2026-01-05,AMZN,228.83999633789065,234.0,227.17999267578125,233.0599975585937,233.0599975585937,49733300,14.899999618530272,326.588,24180.419,4.3,0.2149299848484848,0.2004778444632487,66
2026-01-06,AMZN,232.1000061035156,243.17999267578125,232.07000732421875,240.92999267578125,240.92999267578125,53764700,14.75,326.588,24180.419,4.3,0.2180645348837209,0.1521370741376324,43
2026-01-07,AMZN,239.6100006103516,245.2899932861328,239.5200042724609,241.5599975585937,241.5599975585937,42236500,15.380000114440918,326.588,24180.419,4.3,0.1970080961538461,0.1481562368132939,52
2026-01-08,AMZN,243.0599975585937,246.41000366210932,241.8800048828125,246.2899932861328,246.2899932861328,39509800,15.449999809265137,326.588,24180.419,4.3,0.1365782452830188,0.2180746905701476,53
2026-01-09,AMZN,244.57000732421875,247.8600006103516,242.2400054931641,247.3800048828125,247.3800048828125,34560000,14.489999771118164,326.588,24180.419,4.3,0.1731146785714285,0.1868791720267021,56
2026-01-12,AMZN,246.72999572753903,248.94000244140625,245.9600067138672,246.47000122070312,246.47000122070312,35867800,15.119999885559082,326.588,24180.419,4.3,0.1697531698113207,0.1608686336271517,53
2026-01-13,AMZN,246.52999877929688,247.66000366210932,240.25,242.6000061035156,242.6000061035156,38371800,15.979999542236328,326.588,24180.419,4.3,0.157763581081081,0.1736551375230936,74
2026-01-14,AMZN,241.1499938964844,241.27999877929688,236.22000122070312,236.6499938964844,236.6499938964844,41410600,16.75,326.588,24180.419,4.3,0.1607190317460317,0.2357229856300007,63
2026-01-15,AMZN,239.3099975585937,240.6499938964844,236.6300048828125,238.17999267578125,238.17999267578125,43003600,15.84000015258789,326.588,24180.419,4.3,0.1510921016949152,0.1833940901335714,59
2026-01-16,AMZN,239.08999633789065,239.57000732421875,236.41000366210932,239.1199951171875,239.1199951171875,45888300,15.859999656677246,326.588,24180.419,4.3,0.1903075106382978,0.1910358950526305,47
2026-01-20,AMZN,233.759994506836,235.08999633789065,229.33999633789065,231.0,231.0,47737900,20.09000015258789,326.588,24180.419,4.3,0.1644504999999999,0.1557293040301808,50
2026-01-21,AMZN,231.08999633789065,232.3000030517578,226.8800048828125,231.3099975585937,231.3099975585937,47276100,16.899999618530273,326.588,24180.419,4.3,0.1687281304347826,0.1899628194046413,46
2026-01-22,AMZN,234.0500030517578,235.72000122070312,230.8999938964844,234.33999633789065,234.33999633789065,31913300,15.640000343322754,326.588,24180.419,4.3,0.1665886538461538,0.2046842564460154,52
2026-01-23,AMZN,234.9600067138672,240.4499969482422,234.57000732421875,239.16000366210932,239.16000366210932,33778500,16.09000015258789,326.588,24180.419,4.3,0.1313516862745098,0.2596940570705067,51
2026-01-26,AMZN,239.97999572753903,240.9499969482422,237.5399932861328,238.4199981689453,238.4199981689453,32825500,16.149999618530273,326.588,24180.419,4.3,0.0,0.0,0
2026-01-27,AMZN,239.69000244140625,244.8800048828125,238.0800018310547,244.67999267578125,244.67999267578125,38029200,16.350000381469727,326.588,24180.419,4.3,0.0,0.0,0
2026-01-28,AMZN,246.3699951171875,247.77999877929688,241.52999877929688,243.009994506836,243.009994506836,40882700,16.350000381469727,326.588,24180.419,4.3,0.0,0.0,0
2026-01-29,AMZN,242.82000732421875,243.0,236.7400054931641,241.72999572753903,241.72999572753903,47229600,16.8799991607666,326.588,24180.419,4.3,0.0,0.0,0
2026-01-30,AMZN,239.88999938964844,243.32000732421875,237.63999938964844,239.3000030517578,239.3000030517578,46585000,17.440000534057617,326.588,24180.419,4.3,0.0,0.0,0
2026-02-02,AMZN,238.3099975585937,245.6300048828125,238.1699981689453,242.9600067138672,242.9600067138672,37546100,16.34000015258789,327.46,24180.419,4.4,0.1243386515151515,0.2060692889650687,66
2026-02-03,AMZN,244.97999572753903,246.3500061035156,235.4499969482422,238.6199951171875,238.6199951171875,53831300,18.0,327.46,24180.419,4.4,0.1927863846153846,0.2419554254656455,91
2026-02-04,AMZN,238.8600006103516,238.8600006103516,231.82000732421875,232.9900054931641,232.9900054931641,51299900,18.63999938964844,327.46,24180.419,4.4,0.1324855735294117,0.2139533505246549,68
2026-02-05,AMZN,224.91000366210932,226.3099975585937,220.3800048828125,222.69000244140625,222.69000244140625,103509200,21.770000457763672,327.46,24180.419,4.4,0.0767936703296703,0.2591935206827369,91
2026-02-06,AMZN,202.6999969482422,211.44000244140625,200.3099975585937,210.32000732421875,210.32000732421875,179210900,20.3700008392334,327.46,24180.419,4.4,0.0311304712643678,0.335120507888141,87
2026-02-09,AMZN,208.97000122070312,212.8099975585937,203.3500061035156,208.72000122070312,208.72000122070312,91178400,17.360000610351562,327.46,24180.419,4.4,0.1761624868421052,0.2281992872288309,76
2026-02-10,AMZN,208.8000030517578,212.6499938964844,206.41000366210932,206.9600067138672,206.9600067138672,67175000,17.790000915527344,327.46,24180.419,4.4,0.1328805245901639,0.2294942166201294,61
2026-02-11,AMZN,208.0599975585937,208.57000732421875,202.4900054931641,204.0800018310547,204.0800018310547,65545500,17.649999618530273,327.46,24180.419,4.4,0.135599935064935,0.1992140424773484,77
2026-02-12,AMZN,203.9600067138672,203.9600067138672,197.5599975585937,199.6000061035156,199.6000061035156,83975400,20.81999969482422,327.46,24180.419,4.4,0.1270642,0.2063283704435324,80
2026-02-13,AMZN,198.8800048828125,201.16000366210932,197.27999877929688,198.7899932861328,198.7899932861328,66321600,20.600000381469727,327.46,24180.419,4.4,0.1062328,0.2123934715270483,55
2026-02-17,AMZN,198.1300048828125,201.7400054931641,196.0,201.1499938964844,201.1499938964844,69879200,20.290000915527344,327.46,24180.419,4.4,0.1462144489795918,0.2448503040966273,49
2026-02-18,AMZN,202.07000732421875,206.8600006103516,201.509994506836,204.7899932861328,204.7899932861328,51003300,19.6200008392334,327.46,24180.419,4.4,0.0,0.0,0
2026-02-19,AMZN,203.8000030517578,205.63999938964844,202.8099975585937,204.8600006103516,204.8600006103516,35669600,20.229999542236328,327.46,24180.419,4.4,0.0,0.0,0
2026-02-20,AMZN,204.759994506836,211.1699981689453,203.75,210.1100006103516,210.1100006103516,65881600,19.09000015258789,327.46,24180.419,4.4,0.0,0.0,0
2026-02-23,AMZN,208.1000061035156,208.42999267578125,203.1100006103516,205.2700042724609,205.2700042724609,53581500,21.01000022888184,327.46,24180.419,4.4,0.0,0.0,0
2026-02-24,AMZN,205.47000122070312,210.3600006103516,203.25,208.5599975585937,208.5599975585937,41137200,19.549999237060547,327.46,24180.419,4.4,0.0,0.0,0
2026-02-25,AMZN,210.4600067138672,211.58999633789065,208.92999267578125,210.63999938964844,210.63999938964844,41346400,17.93000030517578,327.46,24180.419,4.4,0.0,0.0,0
2026-02-26,AMZN,210.72999572753903,211.0500030517578,205.3500061035156,207.9199981689453,207.9199981689453,47756800,18.6299991607666,327.46,24180.419,4.4,0.0,0.0,0
2026-02-27,AMZN,206.8300018310547,210.3300018310547,205.1999969482422,210.0,210.0,57422800,19.86000061035156,327.46,24180.419,4.4,0.0,0.0,0
2026-03-02,AMZN,204.5500030517578,209.72999572753903,203.4600067138672,208.38999938964844,208.38999938964844,46001000,21.440000534057617,330.293,24180.419,4.3,0.1555328166666666,0.2043453743200874,60
2026-03-03,AMZN,203.1000061035156,209.17999267578125,202.47999572753903,208.72999572753903,208.72999572753903,43184900,23.56999969482422,330.293,24180.419,4.3,0.1378279863013698,0.184106932232217,73
2026-03-04,AMZN,210.47000122070312,217.5399932861328,210.1499938964844,216.82000732421875,216.82000732421875,54731100,21.14999961853028,330.293,24180.419,4.3,0.1544168,0.1654475146438829,75
2026-03-05,AMZN,215.97999572753903,220.47000122070312,215.58999633789065,218.94000244140625,218.94000244140625,60943400,23.75,330.293,24180.419,4.3,0.1889363181818182,0.1810416410141948,66
2026-03-06,AMZN,214.9900054931641,217.32000732421875,212.52999877929688,213.2100067138672,213.2100067138672,51152700,29.489999771118164,330.293,24180.419,4.3,0.1377829555555555,0.1946356573981658,45
2026-03-09,AMZN,210.4499969482422,213.82000732421875,207.1100006103516,213.4900054931641,213.4900054931641,54642900,25.5,330.293,24180.419,4.3,0.1644568947368421,0.1775496681624493,57
2026-03-10,AMZN,214.19000244140625,215.6499938964844,212.42999267578125,214.3300018310547,214.3300018310547,35678800,24.93000030517578,330.293,24180.419,4.3,0.1661993389830508,0.1178069964719633,59
2026-03-11,AMZN,215.7100067138672,217.0,211.3500061035156,212.6499938964844,212.6499938964844,34199300,24.229999542236328,330.293,24180.419,4.3,0.1800322950819672,0.157024424328865,61
2026-03-12,AMZN,210.38999938964844,211.7100067138672,208.1499938964844,209.52999877929688,209.52999877929688,44349500,27.290000915527344,330.293,24180.419,4.3,0.1322199642857142,0.1544120781717149,56
2026-03-13,AMZN,209.6100006103516,210.5599975585937,206.22000122070312,207.6699981689453,207.6699981689453,35662100,27.190000534057617,330.293,24180.419,4.3,0.1684153157894736,0.1613316805273885,57
2026-03-16,AMZN,208.3500061035156,212.72000122070312,207.4499969482422,211.7400054931641,211.7400054931641,42209300,23.51000022888184,330.293,24180.419,4.3,0.164449734375,0.1905330048652773,64
2026-03-17,AMZN,212.82000732421875,215.6999969482422,212.42999267578125,215.1999969482422,215.1999969482422,44969900,22.3700008392334,330.293,24180.419,4.3,0.1648718148148148,0.2040283540332146,81
2026-03-18,AMZN,213.92999267578125,215.13999938964844,208.8300018310547,209.8699951171875,209.8699951171875,37846600,25.09000015258789,330.293,24180.419,4.3,0.1672389565217391,0.181455462999107,46
2026-03-19,AMZN,207.0599975585937,209.1199951171875,206.0500030517578,208.759994506836,208.759994506836,36440600,24.059999465942383,330.293,24180.419,4.3,0.0,0.0,0
2026-03-20,AMZN,207.3999938964844,207.5399932861328,204.32000732421875,205.3699951171875,205.3699951171875,63694600,26.780000686645508,330.293,24180.419,4.3,0.0,0.0,0
2026-03-23,AMZN,209.7899932861328,212.8000030517578,209.509994506836,210.13999938964844,210.13999938964844,44277400,26.14999961853028,330.293,24180.419,4.3,0.0,0.0,0
2026-03-24,AMZN,207.9499969482422,209.3500061035156,206.63999938964844,207.2400054931641,207.2400054931641,35351400,26.950000762939453,330.293,24180.419,4.3,0.0,0.0,0
2026-03-25,AMZN,211.5599975585937,213.07000732421875,209.8999938964844,211.7100067138672,211.7100067138672,36388800,25.32999992370605,330.293,24180.419,4.3,0.0,0.0,0
2026-03-26,AMZN,210.6100006103516,212.88999938964844,207.1199951171875,207.5399932861328,207.5399932861328,46746000,27.440000534057617,330.293,24180.419,4.3,0.0,0.0,0
2026-03-27,AMZN,206.4600067138672,206.6000061035156,199.13999938964844,199.33999633789065,199.33999633789065,56009800,31.049999237060547,330.293,24180.419,4.3,0.0,0.0,0
2026-03-30,AMZN,201.47999572753903,203.8000030517578,199.97999572753903,200.9499969482422,200.9499969482422,46373800,30.61000061035156,330.293,24180.419,4.3,0.0,0.0,0
2026-03-31,AMZN,204.8500061035156,210.27999877929688,204.13999938964844,208.2700042724609,208.2700042724609,58470100,25.25,330.293,24180.419,4.3,0.0,0.0,0
2026-04-01,AMZN,210.44000244140625,213.5800018310547,208.19000244140625,210.57000732421875,210.57000732421875,45955400,24.540000915527344,332.407,24269.613,4.3,0.1907760306122449,0.172470055037171,98
2026-04-02,AMZN,206.5399932861328,212.2100067138672,204.8999938964844,209.7700042724609,209.7700042724609,31453000,23.8700008392334,332.407,24269.613,4.3,0.1487575081967213,0.2032403420649734,61
2026-04-06,AMZN,209.8000030517578,212.9499969482422,209.58999633789065,212.7899932861328,212.7899932861328,25385500,24.170000076293945,332.407,24269.613,4.3,0.1629998518518518,0.162656385296129,81
2026-04-07,AMZN,211.2400054931641,213.97000122070312,209.0800018310547,213.7700042724609,213.7700042724609,28154600,25.780000686645508,332.407,24269.613,4.3,0.1435617236842105,0.1915053423038706,76
2026-04-08,AMZN,223.7899932861328,226.1000061035156,219.6199951171875,221.25,221.25,51092700,21.040000915527344,332.407,24269.613,4.3,0.2205400307692308,0.1750626598741656,65
2026-04-09,AMZN,225.22999572753903,233.8000030517578,223.2700042724609,233.6499938964844,233.6499938964844,65964200,19.489999771118164,332.407,24269.613,4.3,0.1986673411764706,0.1840650430138858,85
2026-04-10,AMZN,235.3000030517578,240.42999267578125,235.2100067138672,238.3800048828125,238.3800048828125,56912800,19.229999542236328,332.407,24269.613,4.3,0.1943513295454545,0.1806043339777145,88
2026-04-13,AMZN,237.4499969482422,240.0,235.75,239.88999938964844,239.88999938964844,42166200,19.1200008392334,332.407,24269.613,4.3,0.151132,0.1795202892071392,68
2026-04-14,AMZN,241.77999877929688,252.17999267578125,241.77999877929688,249.0200042724609,249.0200042724609,72685000,18.36000061035156,332.407,24269.613,4.3,0.1531726511627907,0.1968085316884253,129
2026-04-15,AMZN,249.25,250.44000244140625,247.1999969482422,248.5,248.5,43045200,18.170000076293945,332.407,24269.613,4.3,0.1128441733333333,0.1762972368226665,75
2026-04-16,AMZN,248.509994506836,250.0,244.1999969482422,249.6999969482422,249.6999969482422,41895700,17.940000534057617,332.407,24269.613,4.3,0.0,0.0,0
2026-04-17,AMZN,254.9900054931641,256.17999267578125,250.1100006103516,250.5599975585937,250.5599975585937,52029300,17.479999542236328,332.407,24269.613,4.3,0.0,0.0,0
2026-04-20,AMZN,249.19000244140625,250.17999267578125,245.3699951171875,248.27999877929688,248.27999877929688,39463100,18.8700008392334,332.407,24269.613,4.3,0.0,0.0,0
2026-04-21,AMZN,255.08999633789065,255.08999633789065,249.1000061035156,249.91000366210932,249.91000366210932,42922400,19.5,332.407,24269.613,4.3,0.0,0.0,0
2026-04-22,AMZN,252.44000244140625,255.94000244140625,250.3300018310547,255.3600006103516,255.3600006103516,36065100,18.920000076293945,332.407,24269.613,4.3,0.0,0.0,0
2026-04-23,AMZN,255.38999938964844,258.7900085449219,253.07000732421875,255.0800018310547,255.0800018310547,39091400,19.309999465942383,332.407,24269.613,4.3,0.0,0.0,0
2026-04-24,AMZN,259.9800109863281,264.5,257.69000244140625,263.989990234375,263.989990234375,53777400,18.709999084472656,332.407,24269.613,4.3,0.0,0.0,0
2026-04-27,AMZN,263.4599914550781,264.1499938964844,260.3399963378906,261.1199951171875,261.1199951171875,44906800,18.020000457763672,332.407,24269.613,4.3,0.0,0.0,0
2026-04-28,AMZN,258.3900146484375,261.0299987792969,256.6300048828125,259.70001220703125,259.70001220703125,42204400,17.829999923706055,332.407,24269.613,4.3,0.0,0.0,0
2026-04-29,AMZN,257.989990234375,265.9100036621094,257.70001220703125,263.0400085449219,263.0400085449219,72367900,18.809999465942383,332.407,24269.613,4.3,0.0,0.0,0
2026-04-30,AMZN,273.1700134277344,273.8800048828125,256.1600036621094,265.0599975585937,265.0599975585937,100974900,16.889999389648438,332.407,24269.613,4.3,0.0,0.0,0
2026-05-01,AMZN,265.5799865722656,273.32000732421875,262.739990234375,268.260009765625,268.260009765625,50825200,16.989999771118164,333.979,24269.613,4.3,0.222200506849315,0.1693263881771371,73
2026-05-04,AMZN,268.79998779296875,276.1000061035156,268.79998779296875,272.04998779296875,272.04998779296875,49083700,18.290000915527344,333.979,24269.613,4.3,0.217334581081081,0.24821867431851,74
2026-05-05,AMZN,276.0799865722656,278.5599975585937,272.3800048828125,273.54998779296875,273.54998779296875,41908500,17.3799991607666,333.979,24269.613,4.3,0.1906949230769231,0.1844688567603256,78
2026-05-06,AMZN,272.8900146484375,277.79998779296875,272.2099914550781,274.989990234375,274.989990234375,44552000,17.389999389648438,333.979,24269.613,4.3,0.189332,0.1758602176910211,55
2026-05-07,AMZN,275.0199890136719,276.6300048828125,270.489990234375,271.1700134277344,271.1700134277344,35892900,17.079999923706055,333.979,24269.613,4.3,0.1699164430379746,0.1860840423242603,79
2026-05-08,AMZN,271.6300048828125,274.0,269.95001220703125,272.67999267578125,272.67999267578125,34732700,17.190000534057617,333.979,24269.613,4.3,0.1132423333333333,0.2039817090642068,54
2026-05-11,AMZN,269.8399963378906,273.6300048828125,268.4800109863281,268.989990234375,268.989990234375,38176700,18.3799991607666,333.979,24269.613,4.3,0.1392789599999999,0.1624846838221026,75
2026-05-12,AMZN,266.7099914550781,267.6499938964844,262.6300048828125,265.82000732421875,265.82000732421875,36776200,17.989999771118164,333.979,24269.613,4.3,0.1541297422680412,0.1714390719401307,97
2026-05-13,AMZN,264.42999267578125,270.7200012207031,263.20001220703125,270.1300048828125,270.1300048828125,39670900,17.8700008392334,333.979,24269.613,4.3,0.1539139393939393,0.1812253871254397,66
2026-05-14,AMZN,269.1499938964844,270.7799987792969,266.6300048828125,267.2200012207031,267.2200012207031,31338400,17.260000228881836,333.979,24269.613,4.3,0.1450523148148148,0.2287247155038847,54
2026-05-15,AMZN,262.5,264.3599853515625,260.8900146484375,264.1400146484375,264.1400146484375,40770300,18.43000030517578,333.979,24269.613,4.3,0.1864097543859649,0.241104786330126,57
2026-05-18,AMZN,263.8699951171875,268.8500061035156,262.5299987792969,264.8599853515625,264.8599853515625,33690800,17.81999969482422,333.979,24269.613,4.3,0.2008984444444444,0.2569983515894955,27
2026-05-19,AMZN,262.0400085449219,262.25,255.19000244140625,259.3399963378906,259.3399963378906,40340700,18.059999465942383,333.979,24269.613,4.3,0.0,0.0,0
2026-05-20,AMZN,260.04998779296875,265.5799865722656,259.5299987792969,265.010009765625,265.010009765625,34933200,17.440000534057617,333.979,24269.613,4.3,0.0,0.0,0
2026-05-21,AMZN,263.5,269.489990234375,261.3699951171875,268.4599914550781,268.4599914550781,36591700,16.760000228881836,333.979,24269.613,4.3,0.0,0.0,0
2026-05-22,AMZN,268.6600036621094,269.7900085449219,266.239990234375,266.32000732421875,266.32000732421875,27535500,16.700000762939453,333.979,24269.613,4.3,0.0,0.0,0
2026-05-26,AMZN,267.94000244140625,269.29998779296875,262.07000732421875,265.2900085449219,265.2900085449219,38028100,17.010000228881836,333.979,24269.613,4.3,0.0,0.0,0
2026-05-27,AMZN,266.1499938964844,272.4100036621094,265.70001220703125,271.8500061035156,271.8500061035156,40061900,16.290000915527344,333.979,24269.613,4.3,0.0,0.0,0
2026-05-28,AMZN,272.2699890136719,274.5,267.44000244140625,274.0,274.0,40630400,15.739999771118164,333.979,24269.613,4.3,0.0,0.0,0
2026-05-29,AMZN,271.2900085449219,274.75,269.6400146484375,270.6400146484375,270.6400146484375,54749600,15.31999969482422,333.979,24269.613,4.3,0.0,0.0,0
2026-06-01,AMZN,266.2900085449219,266.6300048828125,260.70001220703125,261.260009765625,261.260009765625,53604400,16.049999237060547,332.568,24269.613,4.2,0.1768686885245901,0.2392319718564348,61
2026-06-02,AMZN,257.1600036621094,261.20001220703125,254.3699951171875,256.5199890136719,256.5199890136719,41811000,15.770000457763672,332.568,24269.613,4.2,0.192963344262295,0.2150136774699759,61
2026-06-03,AMZN,254.6999969482422,257.0899963378906,247.7100067138672,250.0200042724609,250.0200042724609,51394200,16.059999465942383,332.568,24269.613,4.2,0.1456773191489361,0.1973087175351166,47
2026-06-04,AMZN,253.1199951171875,255.8300018310547,251.75,253.7899932861328,253.7899932861328,35609800,15.399999618530272,332.568,24269.613,4.2,0.1594594109589041,0.159272795205256,73
2026-06-05,AMZN,254.259994506836,256.3800048828125,245.77999877929688,246.02999877929688,246.02999877929688,55607800,21.51000022888184,332.568,24269.613,4.2,0.1960165499999999,0.2096834813360386,60
2026-06-08,AMZN,246.67999267578125,249.4199981689453,243.3600006103516,245.22000122070312,245.22000122070312,33899500,18.920000076293945,332.568,24269.613,4.2,0.2194634264705882,0.1756274962716154,68
2026-06-09,AMZN,247.72999572753903,250.42999267578125,240.3999938964844,244.19000244140625,244.19000244140625,44425400,19.8700008392334,332.568,24269.613,4.2,0.1768313220338982,0.199179327127889,59
2026-06-10,AMZN,243.6100006103516,244.07000732421875,237.4499969482422,238.0,238.0,38590200,22.21999931335449,332.568,24269.613,4.2,0.1688091363636363,0.1930085120431149,44
2026-06-11,AMZN,237.92999267578125,242.13999938964844,235.17999267578125,241.509994506836,241.509994506836,41335400,19.440000534057617,332.568,24269.613,4.2,0.2300812285714285,0.1480491522823154,70
2026-06-12,AMZN,243.2100067138672,243.3600006103516,233.58999633789065,238.5500030517578,238.5500030517578,51186600,17.68000030517578,332.568,24269.613,4.2,0.1528395714285714,0.2226231392405198,56
2026-06-15,AMZN,245.0200042724609,247.8099975585937,244.72999572753903,246.0200042724609,246.0200042724609,41711600,16.200000762939453,332.568,24269.613,4.2,0.1655790833333333,0.1739398030818798,48
2026-06-16,AMZN,248.0,249.509994506836,245.4499969482422,246.0,246.0,35187400,16.40999984741211,332.568,24269.613,4.2,0.213957046875,0.1410793734914633,64
2026-06-17,AMZN,244.8999938964844,245.91000366210932,236.0,237.5,237.5,44780800,18.440000534057617,332.568,24269.613,4.2,0.1391512325581395,0.251062662537125,43
2026-06-18,AMZN,240.1199951171875,245.72999572753903,236.0200042724609,244.38999938964844,244.38999938964844,75624400,16.399999618530273,332.568,24269.613,4.2,0.18413702,0.1967521479771233,50
2026-06-22,AMZN,240.0800018310547,242.0,232.2400054931641,232.7899932861328,232.7899932861328,68388500,17.280000686645508,332.568,24269.613,4.2,0.323894,0.0,1
2026-06-23,AMZN,232.5500030517578,236.8699951171875,232.0,234.1100006103516,234.1100006103516,60492600,19.489999771118164,332.568,24269.613,4.2,0.0,0.0,0
2026-06-24,AMZN,233.8500061035156,242.4199981689453,232.9499969482422,234.2700042724609,234.2700042724609,70282600,18.6299991607666,332.568,24269.613,4.2,0.0,0.0,0
2026-06-25,AMZN,232.0200042724609,232.32000732421875,225.5500030517578,227.009994506836,227.009994506836,77674100,18.88999938964844,332.568,24269.613,4.2,0.0,0.0,0
2026-06-26,AMZN,227.2100067138672,233.8999938964844,226.1300048828125,232.69000244140625,232.69000244140625,248372100,18.40999984741211,332.568,24269.613,4.2,0.0,0.0,0
2026-06-29,AMZN,234.22000122070312,249.7100067138672,233.8000030517578,240.13999938964844,240.13999938964844,77619200,17.649999618530273,332.568,24269.613,4.2,0.0,0.0,0
2026-06-30,AMZN,237.3500061035156,241.5399932861328,237.1699981689453,238.33999633789065,238.33999633789065,66228300,16.450000762939453,332.568,24269.613,4.2,0.0,0.0,0
2026-07-01,AMZN,239.75,244.8999938964844,234.8999938964844,241.6999969482422,241.6999969482422,53829900,16.59000015258789,332.813,24269.613,4.1,0.1406905,0.2121149673122682,66
2026-07-02,AMZN,241.6100006103516,246.72000122070312,241.0800018310547,242.6699981689453,242.6699981689453,48246400,16.149999618530273,332.813,24269.613,4.1,0.1943687384615384,0.1893721740676343,65
2026-07-06,AMZN,243.8000030517578,246.0399932861328,240.8800048828125,244.16000366210932,244.16000366210932,40044000,15.56999969482422,332.813,24269.613,4.1,0.2017489743589743,0.1976476455888486,39
2026-07-07,AMZN,246.97999572753903,248.92999267578125,242.6999969482422,245.97999572753903,245.97999572753903,40579600,16.1299991607666,332.813,24269.613,4.1,0.1534975769230769,0.1518110620723766,52
2026-07-08,AMZN,244.2700042724609,244.8000030517578,240.5200042724609,243.6199951171875,243.6199951171875,29653000,16.899999618530273,332.813,24269.613,4.1,0.1989382340425532,0.1537827269300838,47
2026-07-09,AMZN,239.82000732421875,247.5,238.25,247.0399932861328,247.0399932861328,38091700,15.84000015258789,332.813,24269.613,4.1,0.1748706346153846,0.1646217560739281,52
2026-07-10,AMZN,249.5500030517578,251.02999877929688,244.41000366210932,245.33999633789065,245.33999633789065,31654000,15.029999732971191,332.813,24269.613,4.1,0.1399171052631579,0.1702147801413943,38
2026-07-13,AMZN,244.67999267578125,249.6499938964844,244.17999267578125,247.3099975585937,247.3099975585937,34636100,17.15999984741211,332.813,24269.613,4.1,0.1114025799999999,0.1712372306202522,50
2026-07-14,AMZN,245.5500030517578,248.5599975585937,243.8000030517578,247.4900054931641,247.4900054931641,30108100,16.5,332.813,24269.613,4.1,0.2002758356164383,0.1567669967475628,73
2026-07-15,AMZN,249.75,256.4800109863281,249.75,254.9600067138672,254.9600067138672,45240600,15.670000076293944,332.813,24269.613,4.1,0.2136732179487179,0.1489609024663896,78
2026-07-16,AMZN,255.1199951171875,258.0799865722656,248.0,249.88999938964844,249.88999938964844,45343700,16.729999542236328,332.813,24269.613,4.1,0.1335994193548387,0.1860806292709878,62
2026-07-17,AMZN,244.4600067138672,250.2400054931641,243.58999633789065,247.22999572753903,247.22999572753903,43572400,18.770000457763672,332.813,24269.613,4.1,0.1615834545454545,0.2082843185125892,44
2026-07-20,AMZN,248.759994506836,252.88999938964844,248.0,249.9900054931641,249.9900054931641,32406500,18.64999961853028,332.813,24269.613,4.1,0.1574010666666666,0.1499123441591482,45
2026-07-21,AMZN,249.1100006103516,249.33999633789065,246.4199981689453,247.5500030517578,247.5500030517578,27732100,17.049999237060547,332.813,24269.613,4.1,0.1624827272727272,0.196041678910659,44
2026-07-22,AMZN,248.2700042724609,248.4499969482422,242.4499969482422,244.8500061035156,244.8500061035156,34112700,16.639999389648438,332.813,24269.613,4.1,0.1129193461538461,0.2224068203578337,52
2026-07-23,AMZN,236.259994506836,238.3500061035156,232.0500030517578,233.66000366210932,233.66000366210932,47465300,18.700000762939453,332.813,24269.613,4.1,0.2711874999999999,0.0739683190595811,2
2026-07-24,AMZN,234.3800048828125,234.9499969482422,231.33999633789065,232.1100006103516,232.1100006103516,35017400,18.57999992370605,332.813,24269.613,4.1,0.0,0.0,0
2026-07-27,AMZN,235.6699981689453,235.88999938964844,230.9900054931641,231.38999938964844,231.38999938964844,34999500,18.670000076293945,332.813,24269.613,4.1,0.0,0.0,0
2026-07-28,AMZN,232.8500061035156,233.1100006103516,228.1000061035156,230.8600006103516,230.8600006103516,44521600,18.209999084472656,332.813,24269.613,4.1,0.0,0.0,0
2026-07-29,AMZN,229.32000732421875,232.82000732421875,226.16000366210932,226.6499938964844,226.6499938964844,44957500,20.65999984741211,332.813,24269.613,4.1,0.0,0.0,0
2026-07-30,AMZN,233.3500061035156,239.82000732421875,231.0599975585937,235.5,235.5,101839800,17.09000015258789,332.813,24269.613,4.1,0.0,0.0,0
