date,decision_id,consensus_category,buy_vote_count,supporting_agents,dissenting_agents,trade_executed,net_return,reflection_category,decision_summary,outcome_summary,identified_strengths,identified_weaknesses,inconsistencies,diagnostic_labels,explainability_score
2025-05-16,decision_4f5f6a06ce314adfbccd54ea686a6f10,UNANIMOUS_NO_TRADE,0,,MA|SM|RM,False,0.0,NO_TRADE_REVIEW,EX did not execute a trade under CONFIG_4_MA_SM_RM_EX_RF. The resolved analytical decision was NO_TRADE using MAJORITY_CONSENSUS. 0 of 3 active analytical agents voted BUY; 2 BUY vote(s) were required. Consensus category was UNANIMOUS_NO_TRADE. Reason: Configuration 4 majority not reached: 0/3 agents voted BUY.,No trade was executed. The counterfactual net Open-to-Close return was -0.708825%.,The NO_TRADE decision avoided a non-profitable market outcome. | All three analytical agents reached the same directional decision. | The resolved NO_TRADE decision avoided a non-profitable Open-to-Close outcome.,,,CONFIG_4_MA_SM_RM_EX_RF | NO_TRADE | FULL_AGENT_AGREEMENT | UNANIMOUS_NO_TRADE | CONSENSUS_UNANIMOUS_NO_TRADE | CORRECT_TRADE_REJECTION,0.9148726976260195
2025-05-19,decision_5464fe147fe340cd92d982cdf6abcf0f,UNANIMOUS_NO_TRADE,0,,MA|SM|RM,False,0.0,NO_TRADE_REVIEW,EX did not execute a trade under CONFIG_4_MA_SM_RM_EX_RF. The resolved analytical decision was NO_TRADE using MAJORITY_CONSENSUS. 0 of 3 active analytical agents voted BUY; 2 BUY vote(s) were required. Consensus category was UNANIMOUS_NO_TRADE. Reason: Configuration 4 majority not reached: 0/3 agents voted BUY.,No trade was executed. The counterfactual net Open-to-Close return was 2.135448%.,All three analytical agents reached the same directional decision.,The NO_TRADE decision missed a profitable market outcome. | The resolved NO_TRADE decision missed a profitable Open-to-Close opportunity.,,CONFIG_4_MA_SM_RM_EX_RF | NO_TRADE | FULL_AGENT_AGREEMENT | UNANIMOUS_NO_TRADE | CONSENSUS_UNANIMOUS_NO_TRADE | MISSED_PROFITABLE_OPPORTUNITY,0.9329153985513597
2025-05-20,decision_32ea0d89bdc6481a9bb4bab861b631dc,UNANIMOUS_NO_TRADE,0,,MA|SM|RM,False,0.0,NO_TRADE_REVIEW,EX did not execute a trade under CONFIG_4_MA_SM_RM_EX_RF. The resolved analytical decision was NO_TRADE using MAJORITY_CONSENSUS. 0 of 3 active analytical agents voted BUY; 2 BUY vote(s) were required. Consensus category was UNANIMOUS_NO_TRADE. Reason: Configuration 4 majority not reached: 0/3 agents voted BUY.,No trade was executed. The counterfactual net Open-to-Close return was -0.373514%.,The NO_TRADE decision avoided a non-profitable market outcome. | All three analytical agents reached the same directional decision. | The resolved NO_TRADE decision avoided a non-profitable Open-to-Close outcome.,,,CONFIG_4_MA_SM_RM_EX_RF | NO_TRADE | FULL_AGENT_AGREEMENT | UNANIMOUS_NO_TRADE | CONSENSUS_UNANIMOUS_NO_TRADE | CORRECT_TRADE_REJECTION,0.9180361851614127
2025-05-21,decision_16c755e802424a838fa47251047b8841,UNANIMOUS_NO_TRADE,0,,MA|SM|RM,False,0.0,NO_TRADE_REVIEW,EX did not execute a trade under CONFIG_4_MA_SM_RM_EX_RF. The resolved analytical decision was NO_TRADE using MAJORITY_CONSENSUS. 0 of 3 active analytical agents voted BUY; 2 BUY vote(s) were required. Consensus category was UNANIMOUS_NO_TRADE. Reason: Configuration 4 majority not reached: 0/3 agents voted BUY.,No trade was executed. The counterfactual net Open-to-Close return was -0.342912%.,The NO_TRADE decision avoided a non-profitable market outcome. | All three analytical agents reached the same directional decision. | The resolved NO_TRADE decision avoided a non-profitable Open-to-Close outcome.,,,CONFIG_4_MA_SM_RM_EX_RF | NO_TRADE | FULL_AGENT_AGREEMENT | UNANIMOUS_NO_TRADE | CONSENSUS_UNANIMOUS_NO_TRADE | CORRECT_TRADE_REJECTION,0.9145424502257886
2025-05-22,decision_417be6cc4f9140608e287db417b98ae8,SINGLE_BUY,1,SM,MA|RM,False,0.0,NO_TRADE_REVIEW,EX did not execute a trade under CONFIG_4_MA_SM_RM_EX_RF. The resolved analytical decision was NO_TRADE using MAJORITY_CONSENSUS. 1 of 3 active analytical agents voted BUY; 2 BUY vote(s) were required. Consensus category was SINGLE_BUY. Reason: Configuration 4 majority not reached: 1/3 agents voted BUY.,No trade was executed. The counterfactual net Open-to-Close return was 0.753693%.,The configured majority-vote rule resolved differing analytical perspectives deterministically.,The NO_TRADE decision missed a profitable market outcome. | The resolved NO_TRADE decision missed a profitable Open-to-Close opportunity.,"MA and SM issued different analytical votes. | SM and RM issued different analytical votes. | Configuration 4 contained analytical disagreement; dissenting agent(s): MA, RM.",CONFIG_4_MA_SM_RM_EX_RF | NO_TRADE | PARTIAL_AGENT_AGREEMENT | MAJORITY_NO_TRADE | CONSENSUS_SINGLE_BUY | MISSED_PROFITABLE_OPPORTUNITY,0.7956165476142025
2025-05-23,decision_aef1b3253fb345c796640db0949451ef,UNANIMOUS_NO_TRADE,0,,MA|SM|RM,False,0.0,NO_TRADE_REVIEW,EX did not execute a trade under CONFIG_4_MA_SM_RM_EX_RF. The resolved analytical decision was NO_TRADE using MAJORITY_CONSENSUS. 0 of 3 active analytical agents voted BUY; 2 BUY vote(s) were required. Consensus category was UNANIMOUS_NO_TRADE. Reason: Configuration 4 majority not reached: 0/3 agents voted BUY.,No trade was executed. The counterfactual net Open-to-Close return was 0.950272%.,All three analytical agents reached the same directional decision.,The NO_TRADE decision missed a profitable market outcome. | The resolved NO_TRADE decision missed a profitable Open-to-Close opportunity.,,CONFIG_4_MA_SM_RM_EX_RF | NO_TRADE | FULL_AGENT_AGREEMENT | UNANIMOUS_NO_TRADE | CONSENSUS_UNANIMOUS_NO_TRADE | LOW_CONFIDENCE | MISSED_PROFITABLE_OPPORTUNITY,0.94086042679307
2025-05-27,decision_9faf1ff51c3143ddab4bb2873af32328,SINGLE_BUY,1,SM,MA|RM,False,0.0,NO_TRADE_REVIEW,EX did not execute a trade under CONFIG_4_MA_SM_RM_EX_RF. The resolved analytical decision was NO_TRADE using MAJORITY_CONSENSUS. 1 of 3 active analytical agents voted BUY; 2 BUY vote(s) were required. Consensus category was SINGLE_BUY. Reason: Configuration 4 majority not reached: 1/3 agents voted BUY.,No trade was executed. The counterfactual net Open-to-Close return was 1.342005%.,The configured majority-vote rule resolved differing analytical perspectives deterministically.,The NO_TRADE decision missed a profitable market outcome. | The resolved NO_TRADE decision missed a profitable Open-to-Close opportunity.,"MA and SM issued different analytical votes. | SM and RM issued different analytical votes. | Configuration 4 contained analytical disagreement; dissenting agent(s): MA, RM.",CONFIG_4_MA_SM_RM_EX_RF | NO_TRADE | PARTIAL_AGENT_AGREEMENT | MAJORITY_NO_TRADE | CONSENSUS_SINGLE_BUY | MISSED_PROFITABLE_OPPORTUNITY,0.799506829553551
2025-05-28,decision_10e5f7873e31497dba0a3c299bcf8ed1,UNANIMOUS_NO_TRADE,0,,MA|SM|RM,False,0.0,NO_TRADE_REVIEW,EX did not execute a trade under CONFIG_4_MA_SM_RM_EX_RF. The resolved analytical decision was NO_TRADE using MAJORITY_CONSENSUS. 0 of 3 active analytical agents voted BUY; 2 BUY vote(s) were required. Consensus category was UNANIMOUS_NO_TRADE. Reason: Configuration 4 majority not reached: 0/3 agents voted BUY.,No trade was executed. The counterfactual net Open-to-Close return was -0.682445%.,The NO_TRADE decision avoided a non-profitable market outcome. | All three analytical agents reached the same directional decision. | The resolved NO_TRADE decision avoided a non-profitable Open-to-Close outcome.,,,CONFIG_4_MA_SM_RM_EX_RF | NO_TRADE | FULL_AGENT_AGREEMENT | UNANIMOUS_NO_TRADE | CONSENSUS_UNANIMOUS_NO_TRADE | CORRECT_TRADE_REJECTION,0.9122463891428927
2025-05-29,decision_ba3aed04b7bd444fbfffa33fedb420d9,UNANIMOUS_NO_TRADE,0,,MA|SM|RM,False,0.0,NO_TRADE_REVIEW,EX did not execute a trade under CONFIG_4_MA_SM_RM_EX_RF. The resolved analytical decision was NO_TRADE using MAJORITY_CONSENSUS. 0 of 3 active analytical agents voted BUY; 2 BUY vote(s) were required. Consensus category was UNANIMOUS_NO_TRADE. Reason: Configuration 4 majority not reached: 0/3 agents voted BUY.,No trade was executed. The counterfactual net Open-to-Close return was -1.219459%.,The NO_TRADE decision avoided a non-profitable market outcome. | All three analytical agents reached the same directional decision. | The resolved NO_TRADE decision avoided a non-profitable Open-to-Close outcome.,,,CONFIG_4_MA_SM_RM_EX_RF | NO_TRADE | FULL_AGENT_AGREEMENT | UNANIMOUS_NO_TRADE | CONSENSUS_UNANIMOUS_NO_TRADE | CORRECT_TRADE_REJECTION,0.9131658316010558
2025-05-30,decision_40b6f1deae184e3ab484b26eeac7636a,UNANIMOUS_NO_TRADE,0,,MA|SM|RM,False,0.0,NO_TRADE_REVIEW,EX did not execute a trade under CONFIG_4_MA_SM_RM_EX_RF. The resolved analytical decision was NO_TRADE using MAJORITY_CONSENSUS. 0 of 3 active analytical agents voted BUY; 2 BUY vote(s) were required. Consensus category was UNANIMOUS_NO_TRADE. Reason: Configuration 4 majority not reached: 0/3 agents voted BUY.,No trade was executed. The counterfactual net Open-to-Close return was -0.017038%.,The NO_TRADE decision avoided a non-profitable market outcome. | All three analytical agents reached the same directional decision. | The resolved NO_TRADE decision avoided a non-profitable Open-to-Close outcome.,,,CONFIG_4_MA_SM_RM_EX_RF | NO_TRADE | FULL_AGENT_AGREEMENT | UNANIMOUS_NO_TRADE | CONSENSUS_UNANIMOUS_NO_TRADE | CORRECT_TRADE_REJECTION,0.910713414076188
2025-06-02,decision_dbd7a71192b145f9b33c58ad7812dc7b,UNANIMOUS_NO_TRADE,0,,MA|SM|RM,False,0.0,NO_TRADE_REVIEW,EX did not execute a trade under CONFIG_4_MA_SM_RM_EX_RF. The resolved analytical decision was NO_TRADE using MAJORITY_CONSENSUS. 0 of 3 active analytical agents voted BUY; 2 BUY vote(s) were required. Consensus category was UNANIMOUS_NO_TRADE. Reason: Configuration 4 majority not reached: 0/3 agents voted BUY.,No trade was executed. The counterfactual net Open-to-Close return was 0.714318%.,All three analytical agents reached the same directional decision.,The NO_TRADE decision missed a profitable market outcome. | The resolved NO_TRADE decision missed a profitable Open-to-Close opportunity.,,CONFIG_4_MA_SM_RM_EX_RF | NO_TRADE | FULL_AGENT_AGREEMENT | UNANIMOUS_NO_TRADE | CONSENSUS_UNANIMOUS_NO_TRADE | MISSED_PROFITABLE_OPPORTUNITY,0.9299360645583546
2025-06-03,decision_46b508cf06ea4021821831102f041f32,UNANIMOUS_NO_TRADE,0,,MA|SM|RM,False,0.0,NO_TRADE_REVIEW,EX did not execute a trade under CONFIG_4_MA_SM_RM_EX_RF. The resolved analytical decision was NO_TRADE using MAJORITY_CONSENSUS. 0 of 3 active analytical agents voted BUY; 2 BUY vote(s) were required. Consensus category was UNANIMOUS_NO_TRADE. Reason: Configuration 4 majority not reached: 0/3 agents voted BUY.,No trade was executed. The counterfactual net Open-to-Close return was -0.775616%.,The NO_TRADE decision avoided a non-profitable market outcome. | All three analytical agents reached the same directional decision. | The resolved NO_TRADE decision avoided a non-profitable Open-to-Close outcome.,,,CONFIG_4_MA_SM_RM_EX_RF | NO_TRADE | FULL_AGENT_AGREEMENT | UNANIMOUS_NO_TRADE | CONSENSUS_UNANIMOUS_NO_TRADE | CORRECT_TRADE_REJECTION,0.9129156811722428
2025-06-04,decision_ad7826c1cf5d4c5caa6dc46dfa53c46e,UNANIMOUS_NO_TRADE,0,,MA|SM|RM,False,0.0,NO_TRADE_REVIEW,EX did not execute a trade under CONFIG_4_MA_SM_RM_EX_RF. The resolved analytical decision was NO_TRADE using MAJORITY_CONSENSUS. 0 of 3 active analytical agents voted BUY; 2 BUY vote(s) were required. Consensus category was UNANIMOUS_NO_TRADE. Reason: Configuration 4 majority not reached: 0/3 agents voted BUY.,No trade was executed. The counterfactual net Open-to-Close return was 0.229062%.,All three analytical agents reached the same directional decision.,The NO_TRADE decision missed a profitable market outcome. | The resolved NO_TRADE decision missed a profitable Open-to-Close opportunity.,,CONFIG_4_MA_SM_RM_EX_RF | NO_TRADE | FULL_AGENT_AGREEMENT | UNANIMOUS_NO_TRADE | CONSENSUS_UNANIMOUS_NO_TRADE | LOW_CONFIDENCE | MISSED_PROFITABLE_OPPORTUNITY,0.9417890922431874
2025-06-05,decision_90f501734cdf4f999bf2138b4eee0d8b,UNANIMOUS_NO_TRADE,0,,MA|SM|RM,False,0.0,NO_TRADE_REVIEW,EX did not execute a trade under CONFIG_4_MA_SM_RM_EX_RF. The resolved analytical decision was NO_TRADE using MAJORITY_CONSENSUS. 0 of 3 active analytical agents voted BUY; 2 BUY vote(s) were required. Consensus category was UNANIMOUS_NO_TRADE. Reason: Configuration 4 majority not reached: 0/3 agents voted BUY.,No trade was executed. The counterfactual net Open-to-Close return was -0.882225%.,The NO_TRADE decision avoided a non-profitable market outcome. | All three analytical agents reached the same directional decision. | The resolved NO_TRADE decision avoided a non-profitable Open-to-Close outcome.,,,CONFIG_4_MA_SM_RM_EX_RF | NO_TRADE | FULL_AGENT_AGREEMENT | UNANIMOUS_NO_TRADE | CONSENSUS_UNANIMOUS_NO_TRADE | CORRECT_TRADE_REJECTION,0.9151348521660453
2025-06-06,decision_2bf6c5d7ab944f3590b90634653e38d8,UNANIMOUS_NO_TRADE,0,,MA|SM|RM,False,0.0,NO_TRADE_REVIEW,EX did not execute a trade under CONFIG_4_MA_SM_RM_EX_RF. The resolved analytical decision was NO_TRADE using MAJORITY_CONSENSUS. 0 of 3 active analytical agents voted BUY; 2 BUY vote(s) were required. Consensus category was UNANIMOUS_NO_TRADE. Reason: Configuration 4 majority not reached: 0/3 agents voted BUY.,No trade was executed. The counterfactual net Open-to-Close return was 0.450591%.,All three analytical agents reached the same directional decision.,The NO_TRADE decision missed a profitable market outcome. | The resolved NO_TRADE decision missed a profitable Open-to-Close opportunity.,,CONFIG_4_MA_SM_RM_EX_RF | NO_TRADE | FULL_AGENT_AGREEMENT | UNANIMOUS_NO_TRADE | CONSENSUS_UNANIMOUS_NO_TRADE | MISSED_PROFITABLE_OPPORTUNITY,0.9280503787429736
2025-06-09,decision_1a0a1b437f4943a38d158ed35a9e79ee,UNANIMOUS_NO_TRADE,0,,MA|SM|RM,False,0.0,NO_TRADE_REVIEW,EX did not execute a trade under CONFIG_4_MA_SM_RM_EX_RF. The resolved analytical decision was NO_TRADE using MAJORITY_CONSENSUS. 0 of 3 active analytical agents voted BUY; 2 BUY vote(s) were required. Consensus category was UNANIMOUS_NO_TRADE. Reason: Configuration 4 majority not reached: 0/3 agents voted BUY.,No trade was executed. The counterfactual net Open-to-Close return was 0.937908%.,All three analytical agents reached the same directional decision.,The NO_TRADE decision missed a profitable market outcome. | The resolved NO_TRADE decision missed a profitable Open-to-Close opportunity.,,CONFIG_4_MA_SM_RM_EX_RF | NO_TRADE | FULL_AGENT_AGREEMENT | UNANIMOUS_NO_TRADE | CONSENSUS_UNANIMOUS_NO_TRADE | MISSED_PROFITABLE_OPPORTUNITY,0.9364176945478206
2025-06-10,decision_edaab6effa714784835ac8457b564635,UNANIMOUS_NO_TRADE,0,,MA|SM|RM,False,0.0,NO_TRADE_REVIEW,EX did not execute a trade under CONFIG_4_MA_SM_RM_EX_RF. The resolved analytical decision was NO_TRADE using MAJORITY_CONSENSUS. 0 of 3 active analytical agents voted BUY; 2 BUY vote(s) were required. Consensus category was UNANIMOUS_NO_TRADE. Reason: Configuration 4 majority not reached: 0/3 agents voted BUY.,No trade was executed. The counterfactual net Open-to-Close return was 0.282699%.,All three analytical agents reached the same directional decision.,The NO_TRADE decision missed a profitable market outcome. | The resolved NO_TRADE decision missed a profitable Open-to-Close opportunity.,,CONFIG_4_MA_SM_RM_EX_RF | NO_TRADE | FULL_AGENT_AGREEMENT | UNANIMOUS_NO_TRADE | CONSENSUS_UNANIMOUS_NO_TRADE | MISSED_PROFITABLE_OPPORTUNITY,0.9219788125429503
2025-06-11,decision_bfc8cf83d7e04ec791aed718e15223e4,UNANIMOUS_NO_TRADE,0,,MA|SM|RM,False,0.0,NO_TRADE_REVIEW,EX did not execute a trade under CONFIG_4_MA_SM_RM_EX_RF. The resolved analytical decision was NO_TRADE using MAJORITY_CONSENSUS. 0 of 3 active analytical agents voted BUY; 2 BUY vote(s) were required. Consensus category was UNANIMOUS_NO_TRADE. Reason: Configuration 4 majority not reached: 0/3 agents voted BUY.,No trade was executed. The counterfactual net Open-to-Close return was -2.035456%.,The NO_TRADE decision avoided a non-profitable market outcome. | All three analytical agents reached the same directional decision. | The resolved NO_TRADE decision avoided a non-profitable Open-to-Close outcome.,,,CONFIG_4_MA_SM_RM_EX_RF | NO_TRADE | FULL_AGENT_AGREEMENT | UNANIMOUS_NO_TRADE | CONSENSUS_UNANIMOUS_NO_TRADE | CORRECT_TRADE_REJECTION,0.914268398078011
2025-06-12,decision_d73d727e13584ddcb63be47fd104fe71,UNANIMOUS_NO_TRADE,0,,MA|SM|RM,False,0.0,NO_TRADE_REVIEW,EX did not execute a trade under CONFIG_4_MA_SM_RM_EX_RF. The resolved analytical decision was NO_TRADE using MAJORITY_CONSENSUS. 0 of 3 active analytical agents voted BUY; 2 BUY vote(s) were required. Consensus category was UNANIMOUS_NO_TRADE. Reason: Configuration 4 majority not reached: 0/3 agents voted BUY.,No trade was executed. The counterfactual net Open-to-Close return was 0.589066%.,All three analytical agents reached the same directional decision.,The NO_TRADE decision missed a profitable market outcome. | The resolved NO_TRADE decision missed a profitable Open-to-Close opportunity.,,CONFIG_4_MA_SM_RM_EX_RF | NO_TRADE | FULL_AGENT_AGREEMENT | UNANIMOUS_NO_TRADE | CONSENSUS_UNANIMOUS_NO_TRADE | MISSED_PROFITABLE_OPPORTUNITY,0.9358958515536748
2025-06-13,decision_bc8910e0f53740c797893bb5e133bf22,UNANIMOUS_NO_TRADE,0,,MA|SM|RM,False,0.0,NO_TRADE_REVIEW,EX did not execute a trade under CONFIG_4_MA_SM_RM_EX_RF. The resolved analytical decision was NO_TRADE using MAJORITY_CONSENSUS. 0 of 3 active analytical agents voted BUY; 2 BUY vote(s) were required. Consensus category was UNANIMOUS_NO_TRADE. Reason: Configuration 4 majority not reached: 0/3 agents voted BUY.,No trade was executed. The counterfactual net Open-to-Close return was 0.918744%.,All three analytical agents reached the same directional decision.,The NO_TRADE decision missed a profitable market outcome. | The resolved NO_TRADE decision missed a profitable Open-to-Close opportunity.,,CONFIG_4_MA_SM_RM_EX_RF | NO_TRADE | FULL_AGENT_AGREEMENT | UNANIMOUS_NO_TRADE | CONSENSUS_UNANIMOUS_NO_TRADE | MISSED_PROFITABLE_OPPORTUNITY,0.9333361869409528
2025-06-16,decision_d4cbd76089084da0a8edf9fceac492c8,UNANIMOUS_NO_TRADE,0,,MA|SM|RM,False,0.0,NO_TRADE_REVIEW,EX did not execute a trade under CONFIG_4_MA_SM_RM_EX_RF. The resolved analytical decision was NO_TRADE using MAJORITY_CONSENSUS. 0 of 3 active analytical agents voted BUY; 2 BUY vote(s) were required. Consensus category was UNANIMOUS_NO_TRADE. Reason: Configuration 4 majority not reached: 0/3 agents voted BUY.,No trade was executed. The counterfactual net Open-to-Close return was 1.684250%.,All three analytical agents reached the same directional decision.,The NO_TRADE decision missed a profitable market outcome. | The resolved NO_TRADE decision missed a profitable Open-to-Close opportunity.,,CONFIG_4_MA_SM_RM_EX_RF | NO_TRADE | FULL_AGENT_AGREEMENT | UNANIMOUS_NO_TRADE | CONSENSUS_UNANIMOUS_NO_TRADE | MISSED_PROFITABLE_OPPORTUNITY,0.9297612863616944
2025-06-17,decision_82a91aff53be4faf9eeb1720c26f9e87,UNANIMOUS_NO_TRADE,0,,MA|SM|RM,False,0.0,NO_TRADE_REVIEW,EX did not execute a trade under CONFIG_4_MA_SM_RM_EX_RF. The resolved analytical decision was NO_TRADE using MAJORITY_CONSENSUS. 0 of 3 active analytical agents voted BUY; 2 BUY vote(s) were required. Consensus category was UNANIMOUS_NO_TRADE. Reason: Configuration 4 majority not reached: 0/3 agents voted BUY.,No trade was executed. The counterfactual net Open-to-Close return was -0.276474%.,The NO_TRADE decision avoided a non-profitable market outcome. | All three analytical agents reached the same directional decision. | The resolved NO_TRADE decision avoided a non-profitable Open-to-Close outcome.,,,CONFIG_4_MA_SM_RM_EX_RF | NO_TRADE | FULL_AGENT_AGREEMENT | UNANIMOUS_NO_TRADE | CONSENSUS_UNANIMOUS_NO_TRADE | LOW_CONFIDENCE | CORRECT_TRADE_REJECTION,0.9088930630760015
2025-06-18,decision_e765b6189b12448eb3ad70bde7e0f41e,UNANIMOUS_NO_TRADE,0,,MA|SM|RM,False,0.0,NO_TRADE_REVIEW,EX did not execute a trade under CONFIG_4_MA_SM_RM_EX_RF. The resolved analytical decision was NO_TRADE using MAJORITY_CONSENSUS. 0 of 3 active analytical agents voted BUY; 2 BUY vote(s) were required. Consensus category was UNANIMOUS_NO_TRADE. Reason: Configuration 4 majority not reached: 0/3 agents voted BUY.,No trade was executed. The counterfactual net Open-to-Close return was -1.294235%.,The NO_TRADE decision avoided a non-profitable market outcome. | All three analytical agents reached the same directional decision. | The resolved NO_TRADE decision avoided a non-profitable Open-to-Close outcome.,,,CONFIG_4_MA_SM_RM_EX_RF | NO_TRADE | FULL_AGENT_AGREEMENT | UNANIMOUS_NO_TRADE | CONSENSUS_UNANIMOUS_NO_TRADE | CORRECT_TRADE_REJECTION,0.9194942573733108
2025-06-20,decision_e14a2a41d74b4c91909c271d5f7d58e5,UNANIMOUS_NO_TRADE,0,,MA|SM|RM,False,0.0,NO_TRADE_REVIEW,EX did not execute a trade under CONFIG_4_MA_SM_RM_EX_RF. The resolved analytical decision was NO_TRADE using MAJORITY_CONSENSUS. 0 of 3 active analytical agents voted BUY; 2 BUY vote(s) were required. Consensus category was UNANIMOUS_NO_TRADE. Reason: Configuration 4 majority not reached: 0/3 agents voted BUY.,No trade was executed. The counterfactual net Open-to-Close return was -2.423211%.,The NO_TRADE decision avoided a non-profitable market outcome. | All three analytical agents reached the same directional decision. | The resolved NO_TRADE decision avoided a non-profitable Open-to-Close outcome.,,,CONFIG_4_MA_SM_RM_EX_RF | NO_TRADE | FULL_AGENT_AGREEMENT | UNANIMOUS_NO_TRADE | CONSENSUS_UNANIMOUS_NO_TRADE | CORRECT_TRADE_REJECTION,0.9181430891885431
2025-06-23,decision_2f52275aafcc4c3ca6c8bd3d7d64ed62,UNANIMOUS_NO_TRADE,0,,MA|SM|RM,False,0.0,NO_TRADE_REVIEW,EX did not execute a trade under CONFIG_4_MA_SM_RM_EX_RF. The resolved analytical decision was NO_TRADE using MAJORITY_CONSENSUS. 0 of 3 active analytical agents voted BUY; 2 BUY vote(s) were required. Consensus category was UNANIMOUS_NO_TRADE. Reason: Configuration 4 majority not reached: 0/3 agents voted BUY.,No trade was executed. The counterfactual net Open-to-Close return was -0.728870%.,The NO_TRADE decision avoided a non-profitable market outcome. | All three analytical agents reached the same directional decision. | The resolved NO_TRADE decision avoided a non-profitable Open-to-Close outcome.,,,CONFIG_4_MA_SM_RM_EX_RF | NO_TRADE | FULL_AGENT_AGREEMENT | UNANIMOUS_NO_TRADE | CONSENSUS_UNANIMOUS_NO_TRADE | CORRECT_TRADE_REJECTION,0.9203662389782417
2025-06-24,decision_070f1ba33b694483932618094be78dfb,UNANIMOUS_NO_TRADE,0,,MA|SM|RM,False,0.0,NO_TRADE_REVIEW,EX did not execute a trade under CONFIG_4_MA_SM_RM_EX_RF. The resolved analytical decision was NO_TRADE using MAJORITY_CONSENSUS. 0 of 3 active analytical agents voted BUY; 2 BUY vote(s) were required. Consensus category was UNANIMOUS_NO_TRADE. Reason: Configuration 4 majority not reached: 0/3 agents voted BUY.,No trade was executed. The counterfactual net Open-to-Close return was 0.196840%.,All three analytical agents reached the same directional decision.,The NO_TRADE decision missed a profitable market outcome. | The resolved NO_TRADE decision missed a profitable Open-to-Close opportunity.,,CONFIG_4_MA_SM_RM_EX_RF | NO_TRADE | FULL_AGENT_AGREEMENT | UNANIMOUS_NO_TRADE | CONSENSUS_UNANIMOUS_NO_TRADE | LOW_CONFIDENCE | MISSED_PROFITABLE_OPPORTUNITY,0.9417003203467428
2025-06-25,decision_adfeddf66444467e853d8949f97dcf94,UNANIMOUS_NO_TRADE,0,,MA|SM|RM,False,0.0,NO_TRADE_REVIEW,EX did not execute a trade under CONFIG_4_MA_SM_RM_EX_RF. The resolved analytical decision was NO_TRADE using MAJORITY_CONSENSUS. 0 of 3 active analytical agents voted BUY; 2 BUY vote(s) were required. Consensus category was UNANIMOUS_NO_TRADE. Reason: Configuration 4 majority not reached: 0/3 agents voted BUY.,No trade was executed. The counterfactual net Open-to-Close return was -1.324792%.,The NO_TRADE decision avoided a non-profitable market outcome. | All three analytical agents reached the same directional decision. | The resolved NO_TRADE decision avoided a non-profitable Open-to-Close outcome.,,,CONFIG_4_MA_SM_RM_EX_RF | NO_TRADE | FULL_AGENT_AGREEMENT | UNANIMOUS_NO_TRADE | CONSENSUS_UNANIMOUS_NO_TRADE | CORRECT_TRADE_REJECTION,0.9101694889976572
2025-06-26,decision_3f421538f6604d9288cfbb3901b28896,UNANIMOUS_NO_TRADE,0,,MA|SM|RM,False,0.0,NO_TRADE_REVIEW,EX did not execute a trade under CONFIG_4_MA_SM_RM_EX_RF. The resolved analytical decision was NO_TRADE using MAJORITY_CONSENSUS. 0 of 3 active analytical agents voted BUY; 2 BUY vote(s) were required. Consensus category was UNANIMOUS_NO_TRADE. Reason: Configuration 4 majority not reached: 0/3 agents voted BUY.,No trade was executed. The counterfactual net Open-to-Close return was 1.775951%.,All three analytical agents reached the same directional decision.,The NO_TRADE decision missed a profitable market outcome. | The resolved NO_TRADE decision missed a profitable Open-to-Close opportunity.,,CONFIG_4_MA_SM_RM_EX_RF | NO_TRADE | FULL_AGENT_AGREEMENT | UNANIMOUS_NO_TRADE | CONSENSUS_UNANIMOUS_NO_TRADE | MISSED_PROFITABLE_OPPORTUNITY,0.9384178167089509
2025-06-27,decision_1bb12b5230c64c088c72f3447b368f5e,UNANIMOUS_NO_TRADE,0,,MA|SM|RM,False,0.0,NO_TRADE_REVIEW,EX did not execute a trade under CONFIG_4_MA_SM_RM_EX_RF. The resolved analytical decision was NO_TRADE using MAJORITY_CONSENSUS. 0 of 3 active analytical agents voted BUY; 2 BUY vote(s) were required. Consensus category was UNANIMOUS_NO_TRADE. Reason: Configuration 4 majority not reached: 0/3 agents voted BUY.,No trade was executed. The counterfactual net Open-to-Close return was 1.436169%.,All three analytical agents reached the same directional decision.,The NO_TRADE decision missed a profitable market outcome. | The resolved NO_TRADE decision missed a profitable Open-to-Close opportunity.,,CONFIG_4_MA_SM_RM_EX_RF | NO_TRADE | FULL_AGENT_AGREEMENT | UNANIMOUS_NO_TRADE | CONSENSUS_UNANIMOUS_NO_TRADE | MISSED_PROFITABLE_OPPORTUNITY,0.9290464131693402
2025-06-30,decision_2dba782fa68548658dc09e8b0ec423dd,UNANIMOUS_NO_TRADE,0,,MA|SM|RM,False,0.0,NO_TRADE_REVIEW,EX did not execute a trade under CONFIG_4_MA_SM_RM_EX_RF. The resolved analytical decision was NO_TRADE using MAJORITY_CONSENSUS. 0 of 3 active analytical agents voted BUY; 2 BUY vote(s) were required. Consensus category was UNANIMOUS_NO_TRADE. Reason: Configuration 4 majority not reached: 0/3 agents voted BUY.,No trade was executed. The counterfactual net Open-to-Close return was -1.946775%.,The NO_TRADE decision avoided a non-profitable market outcome. | All three analytical agents reached the same directional decision. | The resolved NO_TRADE decision avoided a non-profitable Open-to-Close outcome.,,,CONFIG_4_MA_SM_RM_EX_RF | NO_TRADE | FULL_AGENT_AGREEMENT | UNANIMOUS_NO_TRADE | CONSENSUS_UNANIMOUS_NO_TRADE | CORRECT_TRADE_REJECTION,0.9354113911225415
2025-07-01,decision_8e40d669467f426d8e721456e14dd686,UNANIMOUS_NO_TRADE,0,,MA|SM|RM,False,0.0,NO_TRADE_REVIEW,EX did not execute a trade under CONFIG_4_MA_SM_RM_EX_RF. The resolved analytical decision was NO_TRADE using MAJORITY_CONSENSUS. 0 of 3 active analytical agents voted BUY; 2 BUY vote(s) were required. Consensus category was UNANIMOUS_NO_TRADE. Reason: Configuration 4 majority not reached: 0/3 agents voted BUY.,No trade was executed. The counterfactual net Open-to-Close return was 0.337155%.,All three analytical agents reached the same directional decision.,The NO_TRADE decision missed a profitable market outcome. | The resolved NO_TRADE decision missed a profitable Open-to-Close opportunity.,,CONFIG_4_MA_SM_RM_EX_RF | NO_TRADE | FULL_AGENT_AGREEMENT | UNANIMOUS_NO_TRADE | CONSENSUS_UNANIMOUS_NO_TRADE | MISSED_PROFITABLE_OPPORTUNITY,0.9290878857107374
2025-07-02,decision_5016ec84e53c4797aa6df021d2ffbfe5,SINGLE_BUY,1,MA,SM|RM,False,0.0,NO_TRADE_REVIEW,EX did not execute a trade under CONFIG_4_MA_SM_RM_EX_RF. The resolved analytical decision was NO_TRADE using MAJORITY_CONSENSUS. 1 of 3 active analytical agents voted BUY; 2 BUY vote(s) were required. Consensus category was SINGLE_BUY. Reason: Configuration 4 majority not reached: 1/3 agents voted BUY.,No trade was executed. The counterfactual net Open-to-Close return was -0.013560%.,The NO_TRADE decision avoided a non-profitable market outcome. | The configured majority-vote rule resolved differing analytical perspectives deterministically. | The resolved NO_TRADE decision avoided a non-profitable Open-to-Close outcome.,,"MA and SM issued different analytical votes. | MA and RM issued different analytical votes. | Configuration 4 contained analytical disagreement; dissenting agent(s): SM, RM.",CONFIG_4_MA_SM_RM_EX_RF | NO_TRADE | PARTIAL_AGENT_AGREEMENT | MAJORITY_NO_TRADE | CONSENSUS_SINGLE_BUY | CORRECT_TRADE_REJECTION,0.7865051402661086
2025-07-03,decision_69485c1dcbad454983a38af00d5e0d2c,UNANIMOUS_NO_TRADE,0,,MA|SM|RM,False,0.0,NO_TRADE_REVIEW,EX did not execute a trade under CONFIG_4_MA_SM_RM_EX_RF. The resolved analytical decision was NO_TRADE using MAJORITY_CONSENSUS. 0 of 3 active analytical agents voted BUY; 2 BUY vote(s) were required. Consensus category was UNANIMOUS_NO_TRADE. Reason: Configuration 4 majority not reached: 0/3 agents voted BUY.,No trade was executed. The counterfactual net Open-to-Close return was 0.616450%.,All three analytical agents reached the same directional decision.,The NO_TRADE decision missed a profitable market outcome. | The resolved NO_TRADE decision missed a profitable Open-to-Close opportunity.,,CONFIG_4_MA_SM_RM_EX_RF | NO_TRADE | FULL_AGENT_AGREEMENT | UNANIMOUS_NO_TRADE | CONSENSUS_UNANIMOUS_NO_TRADE | LOW_CONFIDENCE | MISSED_PROFITABLE_OPPORTUNITY,0.9411625803971118
2025-07-07,decision_8c7dbbcd3aba43fdaca38a00611d5e53,UNANIMOUS_NO_TRADE,0,,MA|SM|RM,False,0.0,NO_TRADE_REVIEW,EX did not execute a trade under CONFIG_4_MA_SM_RM_EX_RF. The resolved analytical decision was NO_TRADE using MAJORITY_CONSENSUS. 0 of 3 active analytical agents voted BUY; 2 BUY vote(s) were required. Consensus category was UNANIMOUS_NO_TRADE. Reason: Configuration 4 majority not reached: 0/3 agents voted BUY.,No trade was executed. The counterfactual net Open-to-Close return was 0.110670%.,All three analytical agents reached the same directional decision.,The NO_TRADE decision missed a profitable market outcome. | The resolved NO_TRADE decision missed a profitable Open-to-Close opportunity.,,CONFIG_4_MA_SM_RM_EX_RF | NO_TRADE | FULL_AGENT_AGREEMENT | UNANIMOUS_NO_TRADE | CONSENSUS_UNANIMOUS_NO_TRADE | MISSED_PROFITABLE_OPPORTUNITY,0.9335458641097564
2025-07-08,decision_19a6ad22770d46ffa185fdcac4186f2d,UNANIMOUS_NO_TRADE,0,,MA|SM|RM,False,0.0,NO_TRADE_REVIEW,EX did not execute a trade under CONFIG_4_MA_SM_RM_EX_RF. The resolved analytical decision was NO_TRADE using MAJORITY_CONSENSUS. 0 of 3 active analytical agents voted BUY; 2 BUY vote(s) were required. Consensus category was UNANIMOUS_NO_TRADE. Reason: Configuration 4 majority not reached: 0/3 agents voted BUY.,No trade was executed. The counterfactual net Open-to-Close return was -2.135410%.,The NO_TRADE decision avoided a non-profitable market outcome. | All three analytical agents reached the same directional decision. | The resolved NO_TRADE decision avoided a non-profitable Open-to-Close outcome.,,,CONFIG_4_MA_SM_RM_EX_RF | NO_TRADE | FULL_AGENT_AGREEMENT | UNANIMOUS_NO_TRADE | CONSENSUS_UNANIMOUS_NO_TRADE | CORRECT_TRADE_REJECTION,0.9136658858926807
2025-07-09,decision_bdf994e96b714c59afdd28f70c64c694,UNANIMOUS_NO_TRADE,0,,MA|SM|RM,False,0.0,NO_TRADE_REVIEW,EX did not execute a trade under CONFIG_4_MA_SM_RM_EX_RF. The resolved analytical decision was NO_TRADE using MAJORITY_CONSENSUS. 0 of 3 active analytical agents voted BUY; 2 BUY vote(s) were required. Consensus category was UNANIMOUS_NO_TRADE. Reason: Configuration 4 majority not reached: 0/3 agents voted BUY.,No trade was executed. The counterfactual net Open-to-Close return was 0.564621%.,All three analytical agents reached the same directional decision.,The NO_TRADE decision missed a profitable market outcome. | The resolved NO_TRADE decision missed a profitable Open-to-Close opportunity.,,CONFIG_4_MA_SM_RM_EX_RF | NO_TRADE | FULL_AGENT_AGREEMENT | UNANIMOUS_NO_TRADE | CONSENSUS_UNANIMOUS_NO_TRADE | MISSED_PROFITABLE_OPPORTUNITY,0.936138602643989
2025-07-10,decision_1b631b2501a64208afeca24e23f5e886,UNANIMOUS_NO_TRADE,0,,MA|SM|RM,False,0.0,NO_TRADE_REVIEW,EX did not execute a trade under CONFIG_4_MA_SM_RM_EX_RF. The resolved analytical decision was NO_TRADE using MAJORITY_CONSENSUS. 0 of 3 active analytical agents voted BUY; 2 BUY vote(s) were required. Consensus category was UNANIMOUS_NO_TRADE. Reason: Configuration 4 majority not reached: 0/3 agents voted BUY.,No trade was executed. The counterfactual net Open-to-Close return was 0.220318%.,All three analytical agents reached the same directional decision.,The NO_TRADE decision missed a profitable market outcome. | The resolved NO_TRADE decision missed a profitable Open-to-Close opportunity.,,CONFIG_4_MA_SM_RM_EX_RF | NO_TRADE | FULL_AGENT_AGREEMENT | UNANIMOUS_NO_TRADE | CONSENSUS_UNANIMOUS_NO_TRADE | LOW_CONFIDENCE | MISSED_PROFITABLE_OPPORTUNITY,0.9455635656953835
2025-07-11,decision_5ef13296a48549849d8f59ef1c484fe3,UNANIMOUS_NO_TRADE,0,,MA|SM|RM,False,0.0,NO_TRADE_REVIEW,EX did not execute a trade under CONFIG_4_MA_SM_RM_EX_RF. The resolved analytical decision was NO_TRADE using MAJORITY_CONSENSUS. 0 of 3 active analytical agents voted BUY; 2 BUY vote(s) were required. Consensus category was UNANIMOUS_NO_TRADE. Reason: Configuration 4 majority not reached: 0/3 agents voted BUY.,No trade was executed. The counterfactual net Open-to-Close return was 0.543756%.,All three analytical agents reached the same directional decision.,The NO_TRADE decision missed a profitable market outcome. | The resolved NO_TRADE decision missed a profitable Open-to-Close opportunity.,,CONFIG_4_MA_SM_RM_EX_RF | NO_TRADE | FULL_AGENT_AGREEMENT | UNANIMOUS_NO_TRADE | CONSENSUS_UNANIMOUS_NO_TRADE | MISSED_PROFITABLE_OPPORTUNITY,0.9359733040412573
2025-07-14,decision_501f889573914408a86efbaedcb9a641,UNANIMOUS_NO_TRADE,0,,MA|SM|RM,False,0.0,NO_TRADE_REVIEW,EX did not execute a trade under CONFIG_4_MA_SM_RM_EX_RF. The resolved analytical decision was NO_TRADE using MAJORITY_CONSENSUS. 0 of 3 active analytical agents voted BUY; 2 BUY vote(s) were required. Consensus category was UNANIMOUS_NO_TRADE. Reason: Configuration 4 majority not reached: 0/3 agents voted BUY.,No trade was executed. The counterfactual net Open-to-Close return was 0.175342%.,All three analytical agents reached the same directional decision.,The NO_TRADE decision missed a profitable market outcome. | The resolved NO_TRADE decision missed a profitable Open-to-Close opportunity.,,CONFIG_4_MA_SM_RM_EX_RF | NO_TRADE | FULL_AGENT_AGREEMENT | UNANIMOUS_NO_TRADE | CONSENSUS_UNANIMOUS_NO_TRADE | MISSED_PROFITABLE_OPPORTUNITY,0.9261318280872319
2025-07-15,decision_51a7b0917bb84a9e9b0efd9635a76a94,UNANIMOUS_NO_TRADE,0,,MA|SM|RM,False,0.0,NO_TRADE_REVIEW,EX did not execute a trade under CONFIG_4_MA_SM_RM_EX_RF. The resolved analytical decision was NO_TRADE using MAJORITY_CONSENSUS. 0 of 3 active analytical agents voted BUY; 2 BUY vote(s) were required. Consensus category was UNANIMOUS_NO_TRADE. Reason: Configuration 4 majority not reached: 0/3 agents voted BUY.,No trade was executed. The counterfactual net Open-to-Close return was -0.033704%.,The NO_TRADE decision avoided a non-profitable market outcome. | All three analytical agents reached the same directional decision. | The resolved NO_TRADE decision avoided a non-profitable Open-to-Close outcome.,,,CONFIG_4_MA_SM_RM_EX_RF | NO_TRADE | FULL_AGENT_AGREEMENT | UNANIMOUS_NO_TRADE | CONSENSUS_UNANIMOUS_NO_TRADE | CORRECT_TRADE_REJECTION,0.9159050332953725
2025-07-16,decision_20264725558a458bae224f977f6a3c64,UNANIMOUS_NO_TRADE,0,,MA|SM|RM,False,0.0,NO_TRADE_REVIEW,EX did not execute a trade under CONFIG_4_MA_SM_RM_EX_RF. The resolved analytical decision was NO_TRADE using MAJORITY_CONSENSUS. 0 of 3 active analytical agents voted BUY; 2 BUY vote(s) were required. Consensus category was UNANIMOUS_NO_TRADE. Reason: Configuration 4 majority not reached: 0/3 agents voted BUY.,No trade was executed. The counterfactual net Open-to-Close return was -1.290291%.,The NO_TRADE decision avoided a non-profitable market outcome. | All three analytical agents reached the same directional decision. | The resolved NO_TRADE decision avoided a non-profitable Open-to-Close outcome.,,,CONFIG_4_MA_SM_RM_EX_RF | NO_TRADE | FULL_AGENT_AGREEMENT | UNANIMOUS_NO_TRADE | CONSENSUS_UNANIMOUS_NO_TRADE | CORRECT_TRADE_REJECTION,0.9156331097235352
2025-07-17,decision_1ac7b5e557154aabbadcaeaaadec0a48,UNANIMOUS_NO_TRADE,0,,MA|SM|RM,False,0.0,NO_TRADE_REVIEW,EX did not execute a trade under CONFIG_4_MA_SM_RM_EX_RF. The resolved analytical decision was NO_TRADE using MAJORITY_CONSENSUS. 0 of 3 active analytical agents voted BUY; 2 BUY vote(s) were required. Consensus category was UNANIMOUS_NO_TRADE. Reason: Configuration 4 majority not reached: 0/3 agents voted BUY.,No trade was executed. The counterfactual net Open-to-Close return was 0.150647%.,All three analytical agents reached the same directional decision.,The NO_TRADE decision missed a profitable market outcome. | The resolved NO_TRADE decision missed a profitable Open-to-Close opportunity.,,CONFIG_4_MA_SM_RM_EX_RF | NO_TRADE | FULL_AGENT_AGREEMENT | UNANIMOUS_NO_TRADE | CONSENSUS_UNANIMOUS_NO_TRADE | MISSED_PROFITABLE_OPPORTUNITY,0.9344863026201246
2025-07-18,decision_2759ea83137b42dca9cd99f6b104703e,UNANIMOUS_NO_TRADE,0,,MA|SM|RM,False,0.0,NO_TRADE_REVIEW,EX did not execute a trade under CONFIG_4_MA_SM_RM_EX_RF. The resolved analytical decision was NO_TRADE using MAJORITY_CONSENSUS. 0 of 3 active analytical agents voted BUY; 2 BUY vote(s) were required. Consensus category was UNANIMOUS_NO_TRADE. Reason: Configuration 4 majority not reached: 0/3 agents voted BUY.,No trade was executed. The counterfactual net Open-to-Close return was 0.339522%.,All three analytical agents reached the same directional decision.,The NO_TRADE decision missed a profitable market outcome. | The resolved NO_TRADE decision missed a profitable Open-to-Close opportunity.,,CONFIG_4_MA_SM_RM_EX_RF | NO_TRADE | FULL_AGENT_AGREEMENT | UNANIMOUS_NO_TRADE | CONSENSUS_UNANIMOUS_NO_TRADE | LOW_CONFIDENCE | MISSED_PROFITABLE_OPPORTUNITY,0.9448600484317421
2025-07-21,decision_56ab3067a0874d059d5a1051dc8845a4,UNANIMOUS_NO_TRADE,0,,MA|SM|RM,False,0.0,NO_TRADE_REVIEW,EX did not execute a trade under CONFIG_4_MA_SM_RM_EX_RF. The resolved analytical decision was NO_TRADE using MAJORITY_CONSENSUS. 0 of 3 active analytical agents voted BUY; 2 BUY vote(s) were required. Consensus category was UNANIMOUS_NO_TRADE. Reason: Configuration 4 majority not reached: 0/3 agents voted BUY.,No trade was executed. The counterfactual net Open-to-Close return was 1.431308%.,All three analytical agents reached the same directional decision.,The NO_TRADE decision missed a profitable market outcome. | The resolved NO_TRADE decision missed a profitable Open-to-Close opportunity.,,CONFIG_4_MA_SM_RM_EX_RF | NO_TRADE | FULL_AGENT_AGREEMENT | UNANIMOUS_NO_TRADE | CONSENSUS_UNANIMOUS_NO_TRADE | MISSED_PROFITABLE_OPPORTUNITY,0.9388427719417555
2025-07-22,decision_3f54b4ac2c0d402b9010e0d16af9fbb0,UNANIMOUS_NO_TRADE,0,,MA|SM|RM,False,0.0,NO_TRADE_REVIEW,EX did not execute a trade under CONFIG_4_MA_SM_RM_EX_RF. The resolved analytical decision was NO_TRADE using MAJORITY_CONSENSUS. 0 of 3 active analytical agents voted BUY; 2 BUY vote(s) were required. Consensus category was UNANIMOUS_NO_TRADE. Reason: Configuration 4 majority not reached: 0/3 agents voted BUY.,No trade was executed. The counterfactual net Open-to-Close return was -1.061711%.,The NO_TRADE decision avoided a non-profitable market outcome. | All three analytical agents reached the same directional decision. | The resolved NO_TRADE decision avoided a non-profitable Open-to-Close outcome.,,,CONFIG_4_MA_SM_RM_EX_RF | NO_TRADE | FULL_AGENT_AGREEMENT | UNANIMOUS_NO_TRADE | CONSENSUS_UNANIMOUS_NO_TRADE | CORRECT_TRADE_REJECTION,0.912969811081048
2025-07-23,decision_4d50dc8dd6944e57abde84ee0cdff9ef,UNANIMOUS_NO_TRADE,0,,MA|SM|RM,False,0.0,NO_TRADE_REVIEW,EX did not execute a trade under CONFIG_4_MA_SM_RM_EX_RF. The resolved analytical decision was NO_TRADE using MAJORITY_CONSENSUS. 0 of 3 active analytical agents voted BUY; 2 BUY vote(s) were required. Consensus category was UNANIMOUS_NO_TRADE. Reason: Configuration 4 majority not reached: 0/3 agents voted BUY.,No trade was executed. The counterfactual net Open-to-Close return was -0.178737%.,The NO_TRADE decision avoided a non-profitable market outcome. | All three analytical agents reached the same directional decision. | The resolved NO_TRADE decision avoided a non-profitable Open-to-Close outcome.,,,CONFIG_4_MA_SM_RM_EX_RF | NO_TRADE | FULL_AGENT_AGREEMENT | UNANIMOUS_NO_TRADE | CONSENSUS_UNANIMOUS_NO_TRADE | CORRECT_TRADE_REJECTION,0.9163948976773598
2025-07-24,decision_847ee1c944884b32bf8b8b060d3d124c,UNANIMOUS_NO_TRADE,0,,MA|SM|RM,False,0.0,NO_TRADE_REVIEW,EX did not execute a trade under CONFIG_4_MA_SM_RM_EX_RF. The resolved analytical decision was NO_TRADE using MAJORITY_CONSENSUS. 0 of 3 active analytical agents voted BUY; 2 BUY vote(s) were required. Consensus category was UNANIMOUS_NO_TRADE. Reason: Configuration 4 majority not reached: 0/3 agents voted BUY.,No trade was executed. The counterfactual net Open-to-Close return was 1.234597%.,All three analytical agents reached the same directional decision.,The NO_TRADE decision missed a profitable market outcome. | The resolved NO_TRADE decision missed a profitable Open-to-Close opportunity.,,CONFIG_4_MA_SM_RM_EX_RF | NO_TRADE | FULL_AGENT_AGREEMENT | UNANIMOUS_NO_TRADE | CONSENSUS_UNANIMOUS_NO_TRADE | MISSED_PROFITABLE_OPPORTUNITY,0.9396337212101092
2025-07-25,decision_230a74decb4c4ad194531c245c9cdafb,UNANIMOUS_NO_TRADE,0,,MA|SM|RM,False,0.0,NO_TRADE_REVIEW,EX did not execute a trade under CONFIG_4_MA_SM_RM_EX_RF. The resolved analytical decision was NO_TRADE using MAJORITY_CONSENSUS. 0 of 3 active analytical agents voted BUY; 2 BUY vote(s) were required. Consensus category was UNANIMOUS_NO_TRADE. Reason: Configuration 4 majority not reached: 0/3 agents voted BUY.,No trade was executed. The counterfactual net Open-to-Close return was -0.435707%.,The NO_TRADE decision avoided a non-profitable market outcome. | All three analytical agents reached the same directional decision. | The resolved NO_TRADE decision avoided a non-profitable Open-to-Close outcome.,,,CONFIG_4_MA_SM_RM_EX_RF | NO_TRADE | FULL_AGENT_AGREEMENT | UNANIMOUS_NO_TRADE | CONSENSUS_UNANIMOUS_NO_TRADE | CORRECT_TRADE_REJECTION,0.9179172986881479
2025-07-28,decision_67a9eb263d894e3b9ee140f3811f1785,UNANIMOUS_NO_TRADE,0,,MA|SM|RM,False,0.0,NO_TRADE_REVIEW,EX did not execute a trade under CONFIG_4_MA_SM_RM_EX_RF. The resolved analytical decision was NO_TRADE using MAJORITY_CONSENSUS. 0 of 3 active analytical agents voted BUY; 2 BUY vote(s) were required. Consensus category was UNANIMOUS_NO_TRADE. Reason: Configuration 4 majority not reached: 0/3 agents voted BUY.,No trade was executed. The counterfactual net Open-to-Close return was -0.339856%.,The NO_TRADE decision avoided a non-profitable market outcome. | All three analytical agents reached the same directional decision. | The resolved NO_TRADE decision avoided a non-profitable Open-to-Close outcome.,,,CONFIG_4_MA_SM_RM_EX_RF | NO_TRADE | FULL_AGENT_AGREEMENT | UNANIMOUS_NO_TRADE | CONSENSUS_UNANIMOUS_NO_TRADE | CORRECT_TRADE_REJECTION,0.9203798981337716
2025-07-29,decision_5d1e06a81588449296debdcb80672ffd,UNANIMOUS_NO_TRADE,0,,MA|SM|RM,False,0.0,NO_TRADE_REVIEW,EX did not execute a trade under CONFIG_4_MA_SM_RM_EX_RF. The resolved analytical decision was NO_TRADE using MAJORITY_CONSENSUS. 0 of 3 active analytical agents voted BUY; 2 BUY vote(s) were required. Consensus category was UNANIMOUS_NO_TRADE. Reason: Configuration 4 majority not reached: 0/3 agents voted BUY.,No trade was executed. The counterfactual net Open-to-Close return was -1.440338%.,The NO_TRADE decision avoided a non-profitable market outcome. | All three analytical agents reached the same directional decision. | The resolved NO_TRADE decision avoided a non-profitable Open-to-Close outcome.,,,CONFIG_4_MA_SM_RM_EX_RF | NO_TRADE | FULL_AGENT_AGREEMENT | UNANIMOUS_NO_TRADE | CONSENSUS_UNANIMOUS_NO_TRADE | LOW_CONFIDENCE | CORRECT_TRADE_REJECTION,0.9079174740952656
2025-07-30,decision_6681ede471ca4abca90c3cfabe595476,UNANIMOUS_NO_TRADE,0,,MA|SM|RM,False,0.0,NO_TRADE_REVIEW,EX did not execute a trade under CONFIG_4_MA_SM_RM_EX_RF. The resolved analytical decision was NO_TRADE using MAJORITY_CONSENSUS. 0 of 3 active analytical agents voted BUY; 2 BUY vote(s) were required. Consensus category was UNANIMOUS_NO_TRADE. Reason: Configuration 4 majority not reached: 0/3 agents voted BUY.,No trade was executed. The counterfactual net Open-to-Close return was -0.725645%.,The NO_TRADE decision avoided a non-profitable market outcome. | All three analytical agents reached the same directional decision. | The resolved NO_TRADE decision avoided a non-profitable Open-to-Close outcome.,,,CONFIG_4_MA_SM_RM_EX_RF | NO_TRADE | FULL_AGENT_AGREEMENT | UNANIMOUS_NO_TRADE | CONSENSUS_UNANIMOUS_NO_TRADE | CORRECT_TRADE_REJECTION,0.9162471045766394
2025-07-31,decision_2e8173d0341b4f4f80fee550d32aafc9,UNANIMOUS_NO_TRADE,0,,MA|SM|RM,False,0.0,NO_TRADE_REVIEW,EX did not execute a trade under CONFIG_4_MA_SM_RM_EX_RF. The resolved analytical decision was NO_TRADE using MAJORITY_CONSENSUS. 0 of 3 active analytical agents voted BUY; 2 BUY vote(s) were required. Consensus category was UNANIMOUS_NO_TRADE. Reason: Configuration 4 majority not reached: 0/3 agents voted BUY.,No trade was executed. The counterfactual net Open-to-Close return was -0.803713%.,The NO_TRADE decision avoided a non-profitable market outcome. | All three analytical agents reached the same directional decision. | The resolved NO_TRADE decision avoided a non-profitable Open-to-Close outcome.,,,CONFIG_4_MA_SM_RM_EX_RF | NO_TRADE | FULL_AGENT_AGREEMENT | UNANIMOUS_NO_TRADE | CONSENSUS_UNANIMOUS_NO_TRADE | LOW_CONFIDENCE | CORRECT_TRADE_REJECTION,0.9053635882333412
2025-08-01,decision_329fed08fde64ea8b4440d3b9940780d,UNANIMOUS_NO_TRADE,0,,MA|SM|RM,False,0.0,NO_TRADE_REVIEW,EX did not execute a trade under CONFIG_4_MA_SM_RM_EX_RF. The resolved analytical decision was NO_TRADE using MAJORITY_CONSENSUS. 0 of 3 active analytical agents voted BUY; 2 BUY vote(s) were required. Consensus category was UNANIMOUS_NO_TRADE. Reason: Configuration 4 majority not reached: 0/3 agents voted BUY.,No trade was executed. The counterfactual net Open-to-Close return was -1.231969%.,The NO_TRADE decision avoided a non-profitable market outcome. | All three analytical agents reached the same directional decision. | The resolved NO_TRADE decision avoided a non-profitable Open-to-Close outcome.,,,CONFIG_4_MA_SM_RM_EX_RF | NO_TRADE | FULL_AGENT_AGREEMENT | UNANIMOUS_NO_TRADE | CONSENSUS_UNANIMOUS_NO_TRADE | CORRECT_TRADE_REJECTION,0.9112510587677591
2025-08-04,decision_4502adf988e8431987c484385a505093,UNANIMOUS_NO_TRADE,0,,MA|SM|RM,False,0.0,NO_TRADE_REVIEW,EX did not execute a trade under CONFIG_4_MA_SM_RM_EX_RF. The resolved analytical decision was NO_TRADE using MAJORITY_CONSENSUS. 0 of 3 active analytical agents voted BUY; 2 BUY vote(s) were required. Consensus category was UNANIMOUS_NO_TRADE. Reason: Configuration 4 majority not reached: 0/3 agents voted BUY.,No trade was executed. The counterfactual net Open-to-Close return was -2.743560%.,The NO_TRADE decision avoided a non-profitable market outcome. | All three analytical agents reached the same directional decision. | The resolved NO_TRADE decision avoided a non-profitable Open-to-Close outcome.,,,CONFIG_4_MA_SM_RM_EX_RF | NO_TRADE | FULL_AGENT_AGREEMENT | UNANIMOUS_NO_TRADE | CONSENSUS_UNANIMOUS_NO_TRADE | CORRECT_TRADE_REJECTION,0.9157805316818043
2025-08-05,decision_4af5a424a5154a4daa776251c3329f50,UNANIMOUS_NO_TRADE,0,,MA|SM|RM,False,0.0,NO_TRADE_REVIEW,EX did not execute a trade under CONFIG_4_MA_SM_RM_EX_RF. The resolved analytical decision was NO_TRADE using MAJORITY_CONSENSUS. 0 of 3 active analytical agents voted BUY; 2 BUY vote(s) were required. Consensus category was UNANIMOUS_NO_TRADE. Reason: Configuration 4 majority not reached: 0/3 agents voted BUY.,No trade was executed. The counterfactual net Open-to-Close return was 0.228408%.,All three analytical agents reached the same directional decision.,The NO_TRADE decision missed a profitable market outcome. | The resolved NO_TRADE decision missed a profitable Open-to-Close opportunity.,,CONFIG_4_MA_SM_RM_EX_RF | NO_TRADE | FULL_AGENT_AGREEMENT | UNANIMOUS_NO_TRADE | CONSENSUS_UNANIMOUS_NO_TRADE | MISSED_PROFITABLE_OPPORTUNITY,0.9378980201417911
2025-08-06,decision_4f657d55ad834430a48e03a64fcbbda8,UNANIMOUS_NO_TRADE,0,,MA|SM|RM,False,0.0,NO_TRADE_REVIEW,EX did not execute a trade under CONFIG_4_MA_SM_RM_EX_RF. The resolved analytical decision was NO_TRADE using MAJORITY_CONSENSUS. 0 of 3 active analytical agents voted BUY; 2 BUY vote(s) were required. Consensus category was UNANIMOUS_NO_TRADE. Reason: Configuration 4 majority not reached: 0/3 agents voted BUY.,No trade was executed. The counterfactual net Open-to-Close return was 3.442722%.,All three analytical agents reached the same directional decision.,The NO_TRADE decision missed a profitable market outcome. | The resolved NO_TRADE decision missed a profitable Open-to-Close opportunity.,,CONFIG_4_MA_SM_RM_EX_RF | NO_TRADE | FULL_AGENT_AGREEMENT | UNANIMOUS_NO_TRADE | CONSENSUS_UNANIMOUS_NO_TRADE | LOW_CONFIDENCE | MISSED_PROFITABLE_OPPORTUNITY,0.9407935838852673
2025-08-07,decision_ec0ed25b78184af3b55e9d9a8e813c70,UNANIMOUS_NO_TRADE,0,,MA|SM|RM,False,0.0,NO_TRADE_REVIEW,EX did not execute a trade under CONFIG_4_MA_SM_RM_EX_RF. The resolved analytical decision was NO_TRADE using MAJORITY_CONSENSUS. 0 of 3 active analytical agents voted BUY; 2 BUY vote(s) were required. Consensus category was UNANIMOUS_NO_TRADE. Reason: Configuration 4 majority not reached: 0/3 agents voted BUY.,No trade was executed. The counterfactual net Open-to-Close return was 0.863334%.,All three analytical agents reached the same directional decision.,The NO_TRADE decision missed a profitable market outcome. | The resolved NO_TRADE decision missed a profitable Open-to-Close opportunity.,,CONFIG_4_MA_SM_RM_EX_RF | NO_TRADE | FULL_AGENT_AGREEMENT | UNANIMOUS_NO_TRADE | CONSENSUS_UNANIMOUS_NO_TRADE | MISSED_PROFITABLE_OPPORTUNITY,0.9314767756024337
2025-08-08,decision_ec02cbe7343449638abb7cee464e91d0,UNANIMOUS_NO_TRADE,0,,MA|SM|RM,False,0.0,NO_TRADE_REVIEW,EX did not execute a trade under CONFIG_4_MA_SM_RM_EX_RF. The resolved analytical decision was NO_TRADE using MAJORITY_CONSENSUS. 0 of 3 active analytical agents voted BUY; 2 BUY vote(s) were required. Consensus category was UNANIMOUS_NO_TRADE. Reason: Configuration 4 majority not reached: 0/3 agents voted BUY.,No trade was executed. The counterfactual net Open-to-Close return was -0.301552%.,The NO_TRADE decision avoided a non-profitable market outcome. | All three analytical agents reached the same directional decision. | The resolved NO_TRADE decision avoided a non-profitable Open-to-Close outcome.,,,CONFIG_4_MA_SM_RM_EX_RF | NO_TRADE | FULL_AGENT_AGREEMENT | UNANIMOUS_NO_TRADE | CONSENSUS_UNANIMOUS_NO_TRADE | CORRECT_TRADE_REJECTION,0.9148112460438023
2025-08-11,decision_3dcf3acd6d2a4c36badc092980dde83e,UNANIMOUS_NO_TRADE,0,,MA|SM|RM,False,0.0,NO_TRADE_REVIEW,EX did not execute a trade under CONFIG_4_MA_SM_RM_EX_RF. The resolved analytical decision was NO_TRADE using MAJORITY_CONSENSUS. 0 of 3 active analytical agents voted BUY; 2 BUY vote(s) were required. Consensus category was UNANIMOUS_NO_TRADE. Reason: Configuration 4 majority not reached: 0/3 agents voted BUY.,No trade was executed. The counterfactual net Open-to-Close return was -0.316308%.,The NO_TRADE decision avoided a non-profitable market outcome. | All three analytical agents reached the same directional decision. | The resolved NO_TRADE decision avoided a non-profitable Open-to-Close outcome.,,,CONFIG_4_MA_SM_RM_EX_RF | NO_TRADE | FULL_AGENT_AGREEMENT | UNANIMOUS_NO_TRADE | CONSENSUS_UNANIMOUS_NO_TRADE | CORRECT_TRADE_REJECTION,0.911105397458112
2025-08-12,decision_afd63c1541d647c8bac29114b632774d,UNANIMOUS_NO_TRADE,0,,MA|SM|RM,False,0.0,NO_TRADE_REVIEW,EX did not execute a trade under CONFIG_4_MA_SM_RM_EX_RF. The resolved analytical decision was NO_TRADE using MAJORITY_CONSENSUS. 0 of 3 active analytical agents voted BUY; 2 BUY vote(s) were required. Consensus category was UNANIMOUS_NO_TRADE. Reason: Configuration 4 majority not reached: 0/3 agents voted BUY.,No trade was executed. The counterfactual net Open-to-Close return was -0.441802%.,The NO_TRADE decision avoided a non-profitable market outcome. | All three analytical agents reached the same directional decision. | The resolved NO_TRADE decision avoided a non-profitable Open-to-Close outcome.,,,CONFIG_4_MA_SM_RM_EX_RF | NO_TRADE | FULL_AGENT_AGREEMENT | UNANIMOUS_NO_TRADE | CONSENSUS_UNANIMOUS_NO_TRADE | CORRECT_TRADE_REJECTION,0.913222109599596
2025-08-13,decision_0b0111f226f1480c84383ac698d19078,UNANIMOUS_NO_TRADE,0,,MA|SM|RM,False,0.0,NO_TRADE_REVIEW,EX did not execute a trade under CONFIG_4_MA_SM_RM_EX_RF. The resolved analytical decision was NO_TRADE using MAJORITY_CONSENSUS. 0 of 3 active analytical agents voted BUY; 2 BUY vote(s) were required. Consensus category was UNANIMOUS_NO_TRADE. Reason: Configuration 4 majority not reached: 0/3 agents voted BUY.,No trade was executed. The counterfactual net Open-to-Close return was 1.052588%.,All three analytical agents reached the same directional decision.,The NO_TRADE decision missed a profitable market outcome. | The resolved NO_TRADE decision missed a profitable Open-to-Close opportunity.,,CONFIG_4_MA_SM_RM_EX_RF | NO_TRADE | FULL_AGENT_AGREEMENT | UNANIMOUS_NO_TRADE | CONSENSUS_UNANIMOUS_NO_TRADE | MISSED_PROFITABLE_OPPORTUNITY,0.9350130056548678
2025-08-14,decision_b3a9bf1b964f4482b4002bd661345c38,UNANIMOUS_NO_TRADE,0,,MA|SM|RM,False,0.0,NO_TRADE_REVIEW,EX did not execute a trade under CONFIG_4_MA_SM_RM_EX_RF. The resolved analytical decision was NO_TRADE using MAJORITY_CONSENSUS. 0 of 3 active analytical agents voted BUY; 2 BUY vote(s) were required. Consensus category was UNANIMOUS_NO_TRADE. Reason: Configuration 4 majority not reached: 0/3 agents voted BUY.,No trade was executed. The counterfactual net Open-to-Close return was 1.473545%.,All three analytical agents reached the same directional decision.,The NO_TRADE decision missed a profitable market outcome. | The resolved NO_TRADE decision missed a profitable Open-to-Close opportunity.,,CONFIG_4_MA_SM_RM_EX_RF | NO_TRADE | FULL_AGENT_AGREEMENT | UNANIMOUS_NO_TRADE | CONSENSUS_UNANIMOUS_NO_TRADE | MISSED_PROFITABLE_OPPORTUNITY,0.9341732252911068
2025-08-15,decision_fd4c14a0eac54a92abab49b1e161cec9,UNANIMOUS_NO_TRADE,0,,MA|SM|RM,False,0.0,NO_TRADE_REVIEW,EX did not execute a trade under CONFIG_4_MA_SM_RM_EX_RF. The resolved analytical decision was NO_TRADE using MAJORITY_CONSENSUS. 0 of 3 active analytical agents voted BUY; 2 BUY vote(s) were required. Consensus category was UNANIMOUS_NO_TRADE. Reason: Configuration 4 majority not reached: 0/3 agents voted BUY.,No trade was executed. The counterfactual net Open-to-Close return was -0.766093%.,The NO_TRADE decision avoided a non-profitable market outcome. | All three analytical agents reached the same directional decision. | The resolved NO_TRADE decision avoided a non-profitable Open-to-Close outcome.,,,CONFIG_4_MA_SM_RM_EX_RF | NO_TRADE | FULL_AGENT_AGREEMENT | UNANIMOUS_NO_TRADE | CONSENSUS_UNANIMOUS_NO_TRADE | CORRECT_TRADE_REJECTION,0.9209326626933875
2025-08-18,decision_d7876fd6987340789507c7f8d824190a,SINGLE_BUY,1,RM,MA|SM,False,0.0,NO_TRADE_REVIEW,EX did not execute a trade under CONFIG_4_MA_SM_RM_EX_RF. The resolved analytical decision was NO_TRADE using MAJORITY_CONSENSUS. 1 of 3 active analytical agents voted BUY; 2 BUY vote(s) were required. Consensus category was SINGLE_BUY. Reason: Configuration 4 majority not reached: 1/3 agents voted BUY.,No trade was executed. The counterfactual net Open-to-Close return was 0.447022%.,The configured majority-vote rule resolved differing analytical perspectives deterministically.,The NO_TRADE decision missed a profitable market outcome. | The resolved NO_TRADE decision missed a profitable Open-to-Close opportunity.,"MA and RM issued different analytical votes. | SM and RM issued different analytical votes. | Configuration 4 contained analytical disagreement; dissenting agent(s): MA, SM.",CONFIG_4_MA_SM_RM_EX_RF | NO_TRADE | PARTIAL_AGENT_AGREEMENT | MAJORITY_NO_TRADE | CONSENSUS_SINGLE_BUY | MISSED_PROFITABLE_OPPORTUNITY,0.7829614251189344
2025-08-19,decision_ded9d2cb856e4babbf83dd72a5f68a7e,UNANIMOUS_NO_TRADE,0,,MA|SM|RM,False,0.0,NO_TRADE_REVIEW,EX did not execute a trade under CONFIG_4_MA_SM_RM_EX_RF. The resolved analytical decision was NO_TRADE using MAJORITY_CONSENSUS. 0 of 3 active analytical agents voted BUY; 2 BUY vote(s) were required. Consensus category was UNANIMOUS_NO_TRADE. Reason: Configuration 4 majority not reached: 0/3 agents voted BUY.,No trade was executed. The counterfactual net Open-to-Close return was -1.003531%.,The NO_TRADE decision avoided a non-profitable market outcome. | All three analytical agents reached the same directional decision. | The resolved NO_TRADE decision avoided a non-profitable Open-to-Close outcome.,,,CONFIG_4_MA_SM_RM_EX_RF | NO_TRADE | FULL_AGENT_AGREEMENT | UNANIMOUS_NO_TRADE | CONSENSUS_UNANIMOUS_NO_TRADE | CORRECT_TRADE_REJECTION,0.9116558856912619
2025-08-20,decision_c7be2de7215241b68d140a3e379d1cad,UNANIMOUS_NO_TRADE,0,,MA|SM|RM,False,0.0,NO_TRADE_REVIEW,EX did not execute a trade under CONFIG_4_MA_SM_RM_EX_RF. The resolved analytical decision was NO_TRADE using MAJORITY_CONSENSUS. 0 of 3 active analytical agents voted BUY; 2 BUY vote(s) were required. Consensus category was UNANIMOUS_NO_TRADE. Reason: Configuration 4 majority not reached: 0/3 agents voted BUY.,No trade was executed. The counterfactual net Open-to-Close return was -1.556637%.,The NO_TRADE decision avoided a non-profitable market outcome. | All three analytical agents reached the same directional decision. | The resolved NO_TRADE decision avoided a non-profitable Open-to-Close outcome.,,,CONFIG_4_MA_SM_RM_EX_RF | NO_TRADE | FULL_AGENT_AGREEMENT | UNANIMOUS_NO_TRADE | CONSENSUS_UNANIMOUS_NO_TRADE | CORRECT_TRADE_REJECTION,0.910437562579404
2025-08-21,decision_d5035da3530d441e915ddf81aabd5487,UNANIMOUS_NO_TRADE,0,,MA|SM|RM,False,0.0,NO_TRADE_REVIEW,EX did not execute a trade under CONFIG_4_MA_SM_RM_EX_RF. The resolved analytical decision was NO_TRADE using MAJORITY_CONSENSUS. 0 of 3 active analytical agents voted BUY; 2 BUY vote(s) were required. Consensus category was UNANIMOUS_NO_TRADE. Reason: Configuration 4 majority not reached: 0/3 agents voted BUY.,No trade was executed. The counterfactual net Open-to-Close return was -0.414224%.,The NO_TRADE decision avoided a non-profitable market outcome. | All three analytical agents reached the same directional decision. | The resolved NO_TRADE decision avoided a non-profitable Open-to-Close outcome.,,,CONFIG_4_MA_SM_RM_EX_RF | NO_TRADE | FULL_AGENT_AGREEMENT | UNANIMOUS_NO_TRADE | CONSENSUS_UNANIMOUS_NO_TRADE | CORRECT_TRADE_REJECTION,0.9111484445159832
2025-08-22,decision_f10781dfcf02429f889f60e847b95583,SINGLE_BUY,1,MA,SM|RM,False,0.0,NO_TRADE_REVIEW,EX did not execute a trade under CONFIG_4_MA_SM_RM_EX_RF. The resolved analytical decision was NO_TRADE using MAJORITY_CONSENSUS. 1 of 3 active analytical agents voted BUY; 2 BUY vote(s) were required. Consensus category was SINGLE_BUY. Reason: Configuration 4 majority not reached: 1/3 agents voted BUY.,No trade was executed. The counterfactual net Open-to-Close return was 2.614218%.,The configured majority-vote rule resolved differing analytical perspectives deterministically.,The NO_TRADE decision missed a profitable market outcome. | The resolved NO_TRADE decision missed a profitable Open-to-Close opportunity.,"MA and SM issued different analytical votes. | MA and RM issued different analytical votes. | Configuration 4 contained analytical disagreement; dissenting agent(s): SM, RM.",CONFIG_4_MA_SM_RM_EX_RF | NO_TRADE | PARTIAL_AGENT_AGREEMENT | MAJORITY_NO_TRADE | CONSENSUS_SINGLE_BUY | MISSED_PROFITABLE_OPPORTUNITY,0.7957062261206044
2025-08-25,decision_d61d2181618d4d42be952330838e76f2,UNANIMOUS_NO_TRADE,0,,MA|SM|RM,False,0.0,NO_TRADE_REVIEW,EX did not execute a trade under CONFIG_4_MA_SM_RM_EX_RF. The resolved analytical decision was NO_TRADE using MAJORITY_CONSENSUS. 0 of 3 active analytical agents voted BUY; 2 BUY vote(s) were required. Consensus category was UNANIMOUS_NO_TRADE. Reason: Configuration 4 majority not reached: 0/3 agents voted BUY.,No trade was executed. The counterfactual net Open-to-Close return was 0.159393%.,All three analytical agents reached the same directional decision.,The NO_TRADE decision missed a profitable market outcome. | The resolved NO_TRADE decision missed a profitable Open-to-Close opportunity.,,CONFIG_4_MA_SM_RM_EX_RF | NO_TRADE | FULL_AGENT_AGREEMENT | UNANIMOUS_NO_TRADE | CONSENSUS_UNANIMOUS_NO_TRADE | MISSED_PROFITABLE_OPPORTUNITY,0.9394244846351683
2025-08-26,decision_6094dc6feadc491abfe48ece8b067a8d,UNANIMOUS_NO_TRADE,0,,MA|SM|RM,False,0.0,NO_TRADE_REVIEW,EX did not execute a trade under CONFIG_4_MA_SM_RM_EX_RF. The resolved analytical decision was NO_TRADE using MAJORITY_CONSENSUS. 0 of 3 active analytical agents voted BUY; 2 BUY vote(s) were required. Consensus category was UNANIMOUS_NO_TRADE. Reason: Configuration 4 majority not reached: 0/3 agents voted BUY.,No trade was executed. The counterfactual net Open-to-Close return was 0.604167%.,All three analytical agents reached the same directional decision.,The NO_TRADE decision missed a profitable market outcome. | The resolved NO_TRADE decision missed a profitable Open-to-Close opportunity.,,CONFIG_4_MA_SM_RM_EX_RF | NO_TRADE | FULL_AGENT_AGREEMENT | UNANIMOUS_NO_TRADE | CONSENSUS_UNANIMOUS_NO_TRADE | MISSED_PROFITABLE_OPPORTUNITY,0.9357138618903328
2025-08-27,decision_bea1e17f0be749ae91506c761ddd5f58,UNANIMOUS_NO_TRADE,0,,MA|SM|RM,False,0.0,NO_TRADE_REVIEW,EX did not execute a trade under CONFIG_4_MA_SM_RM_EX_RF. The resolved analytical decision was NO_TRADE using MAJORITY_CONSENSUS. 0 of 3 active analytical agents voted BUY; 2 BUY vote(s) were required. Consensus category was UNANIMOUS_NO_TRADE. Reason: Configuration 4 majority not reached: 0/3 agents voted BUY.,No trade was executed. The counterfactual net Open-to-Close return was 0.140513%.,All three analytical agents reached the same directional decision.,The NO_TRADE decision missed a profitable market outcome. | The resolved NO_TRADE decision missed a profitable Open-to-Close opportunity.,,CONFIG_4_MA_SM_RM_EX_RF | NO_TRADE | FULL_AGENT_AGREEMENT | UNANIMOUS_NO_TRADE | CONSENSUS_UNANIMOUS_NO_TRADE | MISSED_PROFITABLE_OPPORTUNITY,0.9365175521831096
2025-08-28,decision_c297c35ab09c448c846b932161790430,UNANIMOUS_NO_TRADE,0,,MA|SM|RM,False,0.0,NO_TRADE_REVIEW,EX did not execute a trade under CONFIG_4_MA_SM_RM_EX_RF. The resolved analytical decision was NO_TRADE using MAJORITY_CONSENSUS. 0 of 3 active analytical agents voted BUY; 2 BUY vote(s) were required. Consensus category was UNANIMOUS_NO_TRADE. Reason: Configuration 4 majority not reached: 0/3 agents voted BUY.,No trade was executed. The counterfactual net Open-to-Close return was 1.030407%.,All three analytical agents reached the same directional decision.,The NO_TRADE decision missed a profitable market outcome. | The resolved NO_TRADE decision missed a profitable Open-to-Close opportunity.,,CONFIG_4_MA_SM_RM_EX_RF | NO_TRADE | FULL_AGENT_AGREEMENT | UNANIMOUS_NO_TRADE | CONSENSUS_UNANIMOUS_NO_TRADE | LOW_CONFIDENCE | MISSED_PROFITABLE_OPPORTUNITY,0.9411846794153371
2025-08-29,decision_17b40fb43d33476c8e1f9d440a6dce49,UNANIMOUS_NO_TRADE,0,,MA|SM|RM,False,0.0,NO_TRADE_REVIEW,EX did not execute a trade under CONFIG_4_MA_SM_RM_EX_RF. The resolved analytical decision was NO_TRADE using MAJORITY_CONSENSUS. 0 of 3 active analytical agents voted BUY; 2 BUY vote(s) were required. Consensus category was UNANIMOUS_NO_TRADE. Reason: Configuration 4 majority not reached: 0/3 agents voted BUY.,No trade was executed. The counterfactual net Open-to-Close return was -1.102429%.,The NO_TRADE decision avoided a non-profitable market outcome. | All three analytical agents reached the same directional decision. | The resolved NO_TRADE decision avoided a non-profitable Open-to-Close outcome.,,,CONFIG_4_MA_SM_RM_EX_RF | NO_TRADE | FULL_AGENT_AGREEMENT | UNANIMOUS_NO_TRADE | CONSENSUS_UNANIMOUS_NO_TRADE | CORRECT_TRADE_REJECTION,0.9210950028485405
2025-09-02,decision_b23d87e440ae494096cfd2d99486e935,UNANIMOUS_NO_TRADE,0,,MA|SM|RM,False,0.0,NO_TRADE_REVIEW,EX did not execute a trade under CONFIG_4_MA_SM_RM_EX_RF. The resolved analytical decision was NO_TRADE using MAJORITY_CONSENSUS. 0 of 3 active analytical agents voted BUY; 2 BUY vote(s) were required. Consensus category was UNANIMOUS_NO_TRADE. Reason: Configuration 4 majority not reached: 0/3 agents voted BUY.,No trade was executed. The counterfactual net Open-to-Close return was 0.713847%.,All three analytical agents reached the same directional decision.,The NO_TRADE decision missed a profitable market outcome. | The resolved NO_TRADE decision missed a profitable Open-to-Close opportunity.,,CONFIG_4_MA_SM_RM_EX_RF | NO_TRADE | FULL_AGENT_AGREEMENT | UNANIMOUS_NO_TRADE | CONSENSUS_UNANIMOUS_NO_TRADE | MISSED_PROFITABLE_OPPORTUNITY,0.9387917270806131
2025-09-03,decision_b81ac4b4c41b4c07b61d9852bcf7e286,UNANIMOUS_NO_TRADE,0,,MA|SM|RM,False,0.0,NO_TRADE_REVIEW,EX did not execute a trade under CONFIG_4_MA_SM_RM_EX_RF. The resolved analytical decision was NO_TRADE using MAJORITY_CONSENSUS. 0 of 3 active analytical agents voted BUY; 2 BUY vote(s) were required. Consensus category was UNANIMOUS_NO_TRADE. Reason: Configuration 4 majority not reached: 0/3 agents voted BUY.,No trade was executed. The counterfactual net Open-to-Close return was 0.246182%.,All three analytical agents reached the same directional decision.,The NO_TRADE decision missed a profitable market outcome. | The resolved NO_TRADE decision missed a profitable Open-to-Close opportunity.,,CONFIG_4_MA_SM_RM_EX_RF | NO_TRADE | FULL_AGENT_AGREEMENT | UNANIMOUS_NO_TRADE | CONSENSUS_UNANIMOUS_NO_TRADE | MISSED_PROFITABLE_OPPORTUNITY,0.9253888833099828
2025-09-04,decision_f8adc1ee53e344f7873c885c60857469,UNANIMOUS_NO_TRADE,0,,MA|SM|RM,False,0.0,NO_TRADE_REVIEW,EX did not execute a trade under CONFIG_4_MA_SM_RM_EX_RF. The resolved analytical decision was NO_TRADE using MAJORITY_CONSENSUS. 0 of 3 active analytical agents voted BUY; 2 BUY vote(s) were required. Consensus category was UNANIMOUS_NO_TRADE. Reason: Configuration 4 majority not reached: 0/3 agents voted BUY.,No trade was executed. The counterfactual net Open-to-Close return was 1.841163%.,All three analytical agents reached the same directional decision.,The NO_TRADE decision missed a profitable market outcome. | The resolved NO_TRADE decision missed a profitable Open-to-Close opportunity.,,CONFIG_4_MA_SM_RM_EX_RF | NO_TRADE | FULL_AGENT_AGREEMENT | UNANIMOUS_NO_TRADE | CONSENSUS_UNANIMOUS_NO_TRADE | LOW_CONFIDENCE | MISSED_PROFITABLE_OPPORTUNITY,0.9424945680848869
2025-09-05,decision_3eabc374cee741128fe06ed2c65a6ae5,UNANIMOUS_NO_TRADE,0,,MA|SM|RM,False,0.0,NO_TRADE_REVIEW,EX did not execute a trade under CONFIG_4_MA_SM_RM_EX_RF. The resolved analytical decision was NO_TRADE using MAJORITY_CONSENSUS. 0 of 3 active analytical agents voted BUY; 2 BUY vote(s) were required. Consensus category was UNANIMOUS_NO_TRADE. Reason: Configuration 4 majority not reached: 0/3 agents voted BUY.,No trade was executed. The counterfactual net Open-to-Close return was -1.315418%.,The NO_TRADE decision avoided a non-profitable market outcome. | All three analytical agents reached the same directional decision. | The resolved NO_TRADE decision avoided a non-profitable Open-to-Close outcome.,,,CONFIG_4_MA_SM_RM_EX_RF | NO_TRADE | FULL_AGENT_AGREEMENT | UNANIMOUS_NO_TRADE | CONSENSUS_UNANIMOUS_NO_TRADE | CORRECT_TRADE_REJECTION,0.916955460030162
2025-09-08,decision_b9bfdd2941f24907ac3ec243fc2797bc,UNANIMOUS_NO_TRADE,0,,MA|SM|RM,False,0.0,NO_TRADE_REVIEW,EX did not execute a trade under CONFIG_4_MA_SM_RM_EX_RF. The resolved analytical decision was NO_TRADE using MAJORITY_CONSENSUS. 0 of 3 active analytical agents voted BUY; 2 BUY vote(s) were required. Consensus category was UNANIMOUS_NO_TRADE. Reason: Configuration 4 majority not reached: 0/3 agents voted BUY.,No trade was executed. The counterfactual net Open-to-Close return was 0.282895%.,All three analytical agents reached the same directional decision.,The NO_TRADE decision missed a profitable market outcome. | The resolved NO_TRADE decision missed a profitable Open-to-Close opportunity.,,CONFIG_4_MA_SM_RM_EX_RF | NO_TRADE | FULL_AGENT_AGREEMENT | UNANIMOUS_NO_TRADE | CONSENSUS_UNANIMOUS_NO_TRADE | MISSED_PROFITABLE_OPPORTUNITY,0.9326690598270434
2025-09-09,decision_b35c34ba3415417e90caeb6c956d69c2,UNANIMOUS_NO_TRADE,0,,MA|SM|RM,False,0.0,NO_TRADE_REVIEW,EX did not execute a trade under CONFIG_4_MA_SM_RM_EX_RF. The resolved analytical decision was NO_TRADE using MAJORITY_CONSENSUS. 0 of 3 active analytical agents voted BUY; 2 BUY vote(s) were required. Consensus category was UNANIMOUS_NO_TRADE. Reason: Configuration 4 majority not reached: 0/3 agents voted BUY.,No trade was executed. The counterfactual net Open-to-Close return was 0.695014%.,All three analytical agents reached the same directional decision.,The NO_TRADE decision missed a profitable market outcome. | The resolved NO_TRADE decision missed a profitable Open-to-Close opportunity.,,CONFIG_4_MA_SM_RM_EX_RF | NO_TRADE | FULL_AGENT_AGREEMENT | UNANIMOUS_NO_TRADE | CONSENSUS_UNANIMOUS_NO_TRADE | MISSED_PROFITABLE_OPPORTUNITY,0.9302328002610404
2025-09-10,decision_37f3f81b78bb4613ac4364971b491682,UNANIMOUS_NO_TRADE,0,,MA|SM|RM,False,0.0,NO_TRADE_REVIEW,EX did not execute a trade under CONFIG_4_MA_SM_RM_EX_RF. The resolved analytical decision was NO_TRADE using MAJORITY_CONSENSUS. 0 of 3 active analytical agents voted BUY; 2 BUY vote(s) were required. Consensus category was UNANIMOUS_NO_TRADE. Reason: Configuration 4 majority not reached: 0/3 agents voted BUY.,No trade was executed. The counterfactual net Open-to-Close return was -3.125589%.,The NO_TRADE decision avoided a non-profitable market outcome. | All three analytical agents reached the same directional decision. | The resolved NO_TRADE decision avoided a non-profitable Open-to-Close outcome.,,,CONFIG_4_MA_SM_RM_EX_RF | NO_TRADE | FULL_AGENT_AGREEMENT | UNANIMOUS_NO_TRADE | CONSENSUS_UNANIMOUS_NO_TRADE | CORRECT_TRADE_REJECTION,0.9148796259770117
2025-09-11,decision_d57347bfad6743908451163dddb33be7,UNANIMOUS_NO_TRADE,0,,MA|SM|RM,False,0.0,NO_TRADE_REVIEW,EX did not execute a trade under CONFIG_4_MA_SM_RM_EX_RF. The resolved analytical decision was NO_TRADE using MAJORITY_CONSENSUS. 0 of 3 active analytical agents voted BUY; 2 BUY vote(s) were required. Consensus category was UNANIMOUS_NO_TRADE. Reason: Configuration 4 majority not reached: 0/3 agents voted BUY.,No trade was executed. The counterfactual net Open-to-Close return was -0.764914%.,The NO_TRADE decision avoided a non-profitable market outcome. | All three analytical agents reached the same directional decision. | The resolved NO_TRADE decision avoided a non-profitable Open-to-Close outcome.,,,CONFIG_4_MA_SM_RM_EX_RF | NO_TRADE | FULL_AGENT_AGREEMENT | UNANIMOUS_NO_TRADE | CONSENSUS_UNANIMOUS_NO_TRADE | CORRECT_TRADE_REJECTION,0.930331511092428
2025-09-12,decision_0037ec3fb5994f0a962abba5ed720f76,SINGLE_BUY,1,RM,MA|SM,False,0.0,NO_TRADE_REVIEW,EX did not execute a trade under CONFIG_4_MA_SM_RM_EX_RF. The resolved analytical decision was NO_TRADE using MAJORITY_CONSENSUS. 1 of 3 active analytical agents voted BUY; 2 BUY vote(s) were required. Consensus category was SINGLE_BUY. Reason: Configuration 4 majority not reached: 1/3 agents voted BUY.,No trade was executed. The counterfactual net Open-to-Close return was -1.054584%.,The NO_TRADE decision avoided a non-profitable market outcome. | The configured majority-vote rule resolved differing analytical perspectives deterministically. | The resolved NO_TRADE decision avoided a non-profitable Open-to-Close outcome.,,"MA and RM issued different analytical votes. | SM and RM issued different analytical votes. | Configuration 4 contained analytical disagreement; dissenting agent(s): MA, SM.",CONFIG_4_MA_SM_RM_EX_RF | NO_TRADE | PARTIAL_AGENT_AGREEMENT | MAJORITY_NO_TRADE | CONSENSUS_SINGLE_BUY | CORRECT_TRADE_REJECTION,0.7990508166137723
2025-09-15,decision_a257fa4ed104407a9202e1d88ac38eb3,SINGLE_BUY,1,SM,MA|RM,False,0.0,NO_TRADE_REVIEW,EX did not execute a trade under CONFIG_4_MA_SM_RM_EX_RF. The resolved analytical decision was NO_TRADE using MAJORITY_CONSENSUS. 1 of 3 active analytical agents voted BUY; 2 BUY vote(s) were required. Consensus category was SINGLE_BUY. Reason: Configuration 4 majority not reached: 1/3 agents voted BUY.,No trade was executed. The counterfactual net Open-to-Close return was 0.246710%.,The configured majority-vote rule resolved differing analytical perspectives deterministically.,The NO_TRADE decision missed a profitable market outcome. | The resolved NO_TRADE decision missed a profitable Open-to-Close opportunity.,"MA and SM issued different analytical votes. | SM and RM issued different analytical votes. | Configuration 4 contained analytical disagreement; dissenting agent(s): MA, RM.",CONFIG_4_MA_SM_RM_EX_RF | NO_TRADE | PARTIAL_AGENT_AGREEMENT | MAJORITY_NO_TRADE | CONSENSUS_SINGLE_BUY | LOW_CONFIDENCE | MISSED_PROFITABLE_OPPORTUNITY,0.8125126404062573
2025-09-16,decision_2094108345ac4e2494f10fbdc5681e74,UNANIMOUS_NO_TRADE,0,,MA|SM|RM,False,0.0,NO_TRADE_REVIEW,EX did not execute a trade under CONFIG_4_MA_SM_RM_EX_RF. The resolved analytical decision was NO_TRADE using MAJORITY_CONSENSUS. 0 of 3 active analytical agents voted BUY; 2 BUY vote(s) were required. Consensus category was UNANIMOUS_NO_TRADE. Reason: Configuration 4 majority not reached: 0/3 agents voted BUY.,No trade was executed. The counterfactual net Open-to-Close return was 0.376292%.,All three analytical agents reached the same directional decision.,The NO_TRADE decision missed a profitable market outcome. | The resolved NO_TRADE decision missed a profitable Open-to-Close opportunity.,,CONFIG_4_MA_SM_RM_EX_RF | NO_TRADE | FULL_AGENT_AGREEMENT | UNANIMOUS_NO_TRADE | CONSENSUS_UNANIMOUS_NO_TRADE | MISSED_PROFITABLE_OPPORTUNITY,0.9354260344626845
2025-09-17,decision_0c3bbb96beaf4fa48593b9f26eed4e4c,UNANIMOUS_NO_TRADE,0,,MA|SM|RM,False,0.0,NO_TRADE_REVIEW,EX did not execute a trade under CONFIG_4_MA_SM_RM_EX_RF. The resolved analytical decision was NO_TRADE using MAJORITY_CONSENSUS. 0 of 3 active analytical agents voted BUY; 2 BUY vote(s) were required. Consensus category was UNANIMOUS_NO_TRADE. Reason: Configuration 4 majority not reached: 0/3 agents voted BUY.,No trade was executed. The counterfactual net Open-to-Close return was -1.019239%.,The NO_TRADE decision avoided a non-profitable market outcome. | All three analytical agents reached the same directional decision. | The resolved NO_TRADE decision avoided a non-profitable Open-to-Close outcome.,,,CONFIG_4_MA_SM_RM_EX_RF | NO_TRADE | FULL_AGENT_AGREEMENT | UNANIMOUS_NO_TRADE | CONSENSUS_UNANIMOUS_NO_TRADE | CORRECT_TRADE_REJECTION,0.915398481559267
2025-09-18,decision_0115d64743604f4585bb53e7fa3cb5db,UNANIMOUS_NO_TRADE,0,,MA|SM|RM,False,0.0,NO_TRADE_REVIEW,EX did not execute a trade under CONFIG_4_MA_SM_RM_EX_RF. The resolved analytical decision was NO_TRADE using MAJORITY_CONSENSUS. 0 of 3 active analytical agents voted BUY; 2 BUY vote(s) were required. Consensus category was UNANIMOUS_NO_TRADE. Reason: Configuration 4 majority not reached: 0/3 agents voted BUY.,No trade was executed. The counterfactual net Open-to-Close return was -0.645953%.,The NO_TRADE decision avoided a non-profitable market outcome. | All three analytical agents reached the same directional decision. | The resolved NO_TRADE decision avoided a non-profitable Open-to-Close outcome.,,,CONFIG_4_MA_SM_RM_EX_RF | NO_TRADE | FULL_AGENT_AGREEMENT | UNANIMOUS_NO_TRADE | CONSENSUS_UNANIMOUS_NO_TRADE | CORRECT_TRADE_REJECTION,0.9151092911807742
2025-09-19,decision_734d4f46a0284380871f56815c702dec,UNANIMOUS_NO_TRADE,0,,MA|SM|RM,False,0.0,NO_TRADE_REVIEW,EX did not execute a trade under CONFIG_4_MA_SM_RM_EX_RF. The resolved analytical decision was NO_TRADE using MAJORITY_CONSENSUS. 0 of 3 active analytical agents voted BUY; 2 BUY vote(s) were required. Consensus category was UNANIMOUS_NO_TRADE. Reason: Configuration 4 majority not reached: 0/3 agents voted BUY.,No trade was executed. The counterfactual net Open-to-Close return was -0.482806%.,The NO_TRADE decision avoided a non-profitable market outcome. | All three analytical agents reached the same directional decision. | The resolved NO_TRADE decision avoided a non-profitable Open-to-Close outcome.,,,CONFIG_4_MA_SM_RM_EX_RF | NO_TRADE | FULL_AGENT_AGREEMENT | UNANIMOUS_NO_TRADE | CONSENSUS_UNANIMOUS_NO_TRADE | CORRECT_TRADE_REJECTION,0.916195296208581
2025-09-22,decision_b15f602d793846759b3363b5c29a7175,UNANIMOUS_NO_TRADE,0,,MA|SM|RM,False,0.0,NO_TRADE_REVIEW,EX did not execute a trade under CONFIG_4_MA_SM_RM_EX_RF. The resolved analytical decision was NO_TRADE using MAJORITY_CONSENSUS. 0 of 3 active analytical agents voted BUY; 2 BUY vote(s) were required. Consensus category was UNANIMOUS_NO_TRADE. Reason: Configuration 4 majority not reached: 0/3 agents voted BUY.,No trade was executed. The counterfactual net Open-to-Close return was -1.370168%.,The NO_TRADE decision avoided a non-profitable market outcome. | All three analytical agents reached the same directional decision. | The resolved NO_TRADE decision avoided a non-profitable Open-to-Close outcome.,,,CONFIG_4_MA_SM_RM_EX_RF | NO_TRADE | FULL_AGENT_AGREEMENT | UNANIMOUS_NO_TRADE | CONSENSUS_UNANIMOUS_NO_TRADE | CORRECT_TRADE_REJECTION,0.9273911162280132
2025-09-23,decision_38ca438995984f3d8da8417d88c0c4fd,UNANIMOUS_NO_TRADE,0,,MA|SM|RM,False,0.0,NO_TRADE_REVIEW,EX did not execute a trade under CONFIG_4_MA_SM_RM_EX_RF. The resolved analytical decision was NO_TRADE using MAJORITY_CONSENSUS. 0 of 3 active analytical agents voted BUY; 2 BUY vote(s) were required. Consensus category was UNANIMOUS_NO_TRADE. Reason: Configuration 4 majority not reached: 0/3 agents voted BUY.,No trade was executed. The counterfactual net Open-to-Close return was -3.223560%.,The NO_TRADE decision avoided a non-profitable market outcome. | All three analytical agents reached the same directional decision. | The resolved NO_TRADE decision avoided a non-profitable Open-to-Close outcome.,,,CONFIG_4_MA_SM_RM_EX_RF | NO_TRADE | FULL_AGENT_AGREEMENT | UNANIMOUS_NO_TRADE | CONSENSUS_UNANIMOUS_NO_TRADE | CORRECT_TRADE_REJECTION,0.9198601704961096
2025-09-24,decision_8405166bc9574f6bb707c1dcff7490ae,UNANIMOUS_NO_TRADE,0,,MA|SM|RM,False,0.0,NO_TRADE_REVIEW,EX did not execute a trade under CONFIG_4_MA_SM_RM_EX_RF. The resolved analytical decision was NO_TRADE using MAJORITY_CONSENSUS. 0 of 3 active analytical agents voted BUY; 2 BUY vote(s) were required. Consensus category was UNANIMOUS_NO_TRADE. Reason: Configuration 4 majority not reached: 0/3 agents voted BUY.,No trade was executed. The counterfactual net Open-to-Close return was -1.856855%.,The NO_TRADE decision avoided a non-profitable market outcome. | All three analytical agents reached the same directional decision. | The resolved NO_TRADE decision avoided a non-profitable Open-to-Close outcome.,,,CONFIG_4_MA_SM_RM_EX_RF | NO_TRADE | FULL_AGENT_AGREEMENT | UNANIMOUS_NO_TRADE | CONSENSUS_UNANIMOUS_NO_TRADE | CORRECT_TRADE_REJECTION,0.9204189936608059
2025-09-25,decision_03a67196add84834963b77c43831265a,SINGLE_BUY,1,MA,SM|RM,False,0.0,NO_TRADE_REVIEW,EX did not execute a trade under CONFIG_4_MA_SM_RM_EX_RF. The resolved analytical decision was NO_TRADE using MAJORITY_CONSENSUS. 1 of 3 active analytical agents voted BUY; 2 BUY vote(s) were required. Consensus category was SINGLE_BUY. Reason: Configuration 4 majority not reached: 1/3 agents voted BUY.,No trade was executed. The counterfactual net Open-to-Close return was -0.967500%.,The NO_TRADE decision avoided a non-profitable market outcome. | The configured majority-vote rule resolved differing analytical perspectives deterministically. | The resolved NO_TRADE decision avoided a non-profitable Open-to-Close outcome.,,"MA and SM issued different analytical votes. | MA and RM issued different analytical votes. | Configuration 4 contained analytical disagreement; dissenting agent(s): SM, RM.",CONFIG_4_MA_SM_RM_EX_RF | NO_TRADE | PARTIAL_AGENT_AGREEMENT | MAJORITY_NO_TRADE | CONSENSUS_SINGLE_BUY | CORRECT_TRADE_REJECTION,0.7825960199926181
2025-09-26,decision_973355b095cb4a718ec3e6a100afdb85,UNANIMOUS_NO_TRADE,0,,MA|SM|RM,False,0.0,NO_TRADE_REVIEW,EX did not execute a trade under CONFIG_4_MA_SM_RM_EX_RF. The resolved analytical decision was NO_TRADE using MAJORITY_CONSENSUS. 0 of 3 active analytical agents voted BUY; 2 BUY vote(s) were required. Consensus category was UNANIMOUS_NO_TRADE. Reason: Configuration 4 majority not reached: 0/3 agents voted BUY.,No trade was executed. The counterfactual net Open-to-Close return was 0.219369%.,All three analytical agents reached the same directional decision.,The NO_TRADE decision missed a profitable market outcome. | The resolved NO_TRADE decision missed a profitable Open-to-Close opportunity.,,CONFIG_4_MA_SM_RM_EX_RF | NO_TRADE | FULL_AGENT_AGREEMENT | UNANIMOUS_NO_TRADE | CONSENSUS_UNANIMOUS_NO_TRADE | MISSED_PROFITABLE_OPPORTUNITY,0.9388474289737038
2025-09-29,decision_a4027cc4bc984ccd9e039b3ca4b8c39e,UNANIMOUS_NO_TRADE,0,,MA|SM|RM,False,0.0,NO_TRADE_REVIEW,EX did not execute a trade under CONFIG_4_MA_SM_RM_EX_RF. The resolved analytical decision was NO_TRADE using MAJORITY_CONSENSUS. 0 of 3 active analytical agents voted BUY; 2 BUY vote(s) were required. Consensus category was UNANIMOUS_NO_TRADE. Reason: Configuration 4 majority not reached: 0/3 agents voted BUY.,No trade was executed. The counterfactual net Open-to-Close return was 0.849191%.,All three analytical agents reached the same directional decision.,The NO_TRADE decision missed a profitable market outcome. | The resolved NO_TRADE decision missed a profitable Open-to-Close opportunity.,,CONFIG_4_MA_SM_RM_EX_RF | NO_TRADE | FULL_AGENT_AGREEMENT | UNANIMOUS_NO_TRADE | CONSENSUS_UNANIMOUS_NO_TRADE | MISSED_PROFITABLE_OPPORTUNITY,0.9397393322868131
2025-09-30,decision_f74c1f48a0ce4a4aa47ea82caaaeb94b,UNANIMOUS_NO_TRADE,0,,MA|SM|RM,False,0.0,NO_TRADE_REVIEW,EX did not execute a trade under CONFIG_4_MA_SM_RM_EX_RF. The resolved analytical decision was NO_TRADE using MAJORITY_CONSENSUS. 0 of 3 active analytical agents voted BUY; 2 BUY vote(s) were required. Consensus category was UNANIMOUS_NO_TRADE. Reason: Configuration 4 majority not reached: 0/3 agents voted BUY.,No trade was executed. The counterfactual net Open-to-Close return was -1.207388%.,The NO_TRADE decision avoided a non-profitable market outcome. | All three analytical agents reached the same directional decision. | The resolved NO_TRADE decision avoided a non-profitable Open-to-Close outcome.,,,CONFIG_4_MA_SM_RM_EX_RF | NO_TRADE | FULL_AGENT_AGREEMENT | UNANIMOUS_NO_TRADE | CONSENSUS_UNANIMOUS_NO_TRADE | CORRECT_TRADE_REJECTION,0.914550341108561
2025-10-01,decision_d88910c956b94305be159a666a2240ca,UNANIMOUS_NO_TRADE,0,,MA|SM|RM,False,0.0,NO_TRADE_REVIEW,EX did not execute a trade under CONFIG_4_MA_SM_RM_EX_RF. The resolved analytical decision was NO_TRADE using MAJORITY_CONSENSUS. 0 of 3 active analytical agents voted BUY; 2 BUY vote(s) were required. Consensus category was UNANIMOUS_NO_TRADE. Reason: Configuration 4 majority not reached: 0/3 agents voted BUY.,No trade was executed. The counterfactual net Open-to-Close return was 1.403679%.,All three analytical agents reached the same directional decision.,The NO_TRADE decision missed a profitable market outcome. | The resolved NO_TRADE decision missed a profitable Open-to-Close opportunity.,,CONFIG_4_MA_SM_RM_EX_RF | NO_TRADE | FULL_AGENT_AGREEMENT | UNANIMOUS_NO_TRADE | CONSENSUS_UNANIMOUS_NO_TRADE | MISSED_PROFITABLE_OPPORTUNITY,0.9354490990875238
2025-10-02,decision_708cc7eed48f44da86c9198694c51bc4,UNANIMOUS_NO_TRADE,0,,MA|SM|RM,False,0.0,NO_TRADE_REVIEW,EX did not execute a trade under CONFIG_4_MA_SM_RM_EX_RF. The resolved analytical decision was NO_TRADE using MAJORITY_CONSENSUS. 0 of 3 active analytical agents voted BUY; 2 BUY vote(s) were required. Consensus category was UNANIMOUS_NO_TRADE. Reason: Configuration 4 majority not reached: 0/3 agents voted BUY.,No trade was executed. The counterfactual net Open-to-Close return was 0.533156%.,All three analytical agents reached the same directional decision.,The NO_TRADE decision missed a profitable market outcome. | The resolved NO_TRADE decision missed a profitable Open-to-Close opportunity.,,CONFIG_4_MA_SM_RM_EX_RF | NO_TRADE | FULL_AGENT_AGREEMENT | UNANIMOUS_NO_TRADE | CONSENSUS_UNANIMOUS_NO_TRADE | MISSED_PROFITABLE_OPPORTUNITY,0.9367179060177245
2025-10-03,decision_5d16a846c1994568a343dcefbd98697d,UNANIMOUS_NO_TRADE,0,,MA|SM|RM,False,0.0,NO_TRADE_REVIEW,EX did not execute a trade under CONFIG_4_MA_SM_RM_EX_RF. The resolved analytical decision was NO_TRADE using MAJORITY_CONSENSUS. 0 of 3 active analytical agents voted BUY; 2 BUY vote(s) were required. Consensus category was UNANIMOUS_NO_TRADE. Reason: Configuration 4 majority not reached: 0/3 agents voted BUY.,No trade was executed. The counterfactual net Open-to-Close return was -1.857973%.,The NO_TRADE decision avoided a non-profitable market outcome. | All three analytical agents reached the same directional decision. | The resolved NO_TRADE decision avoided a non-profitable Open-to-Close outcome.,,,CONFIG_4_MA_SM_RM_EX_RF | NO_TRADE | FULL_AGENT_AGREEMENT | UNANIMOUS_NO_TRADE | CONSENSUS_UNANIMOUS_NO_TRADE | CORRECT_TRADE_REJECTION,0.9212430179522544
2025-10-06,decision_a82d255fb26c4fbab88f027c3fccb76d,UNANIMOUS_NO_TRADE,0,,MA|SM|RM,False,0.0,NO_TRADE_REVIEW,EX did not execute a trade under CONFIG_4_MA_SM_RM_EX_RF. The resolved analytical decision was NO_TRADE using MAJORITY_CONSENSUS. 0 of 3 active analytical agents voted BUY; 2 BUY vote(s) were required. Consensus category was UNANIMOUS_NO_TRADE. Reason: Configuration 4 majority not reached: 0/3 agents voted BUY.,No trade was executed. The counterfactual net Open-to-Close return was -0.145217%.,The NO_TRADE decision avoided a non-profitable market outcome. | All three analytical agents reached the same directional decision. | The resolved NO_TRADE decision avoided a non-profitable Open-to-Close outcome.,,,CONFIG_4_MA_SM_RM_EX_RF | NO_TRADE | FULL_AGENT_AGREEMENT | UNANIMOUS_NO_TRADE | CONSENSUS_UNANIMOUS_NO_TRADE | CORRECT_TRADE_REJECTION,0.9182116524386016
2025-10-07,decision_14ec40ac3a6e48baba0ec386e76f5f08,UNANIMOUS_NO_TRADE,0,,MA|SM|RM,False,0.0,NO_TRADE_REVIEW,EX did not execute a trade under CONFIG_4_MA_SM_RM_EX_RF. The resolved analytical decision was NO_TRADE using MAJORITY_CONSENSUS. 0 of 3 active analytical agents voted BUY; 2 BUY vote(s) were required. Consensus category was UNANIMOUS_NO_TRADE. Reason: Configuration 4 majority not reached: 0/3 agents voted BUY.,No trade was executed. The counterfactual net Open-to-Close return was 0.307267%.,All three analytical agents reached the same directional decision.,The NO_TRADE decision missed a profitable market outcome. | The resolved NO_TRADE decision missed a profitable Open-to-Close opportunity.,,CONFIG_4_MA_SM_RM_EX_RF | NO_TRADE | FULL_AGENT_AGREEMENT | UNANIMOUS_NO_TRADE | CONSENSUS_UNANIMOUS_NO_TRADE | MISSED_PROFITABLE_OPPORTUNITY,0.9348324853682876
2025-10-08,decision_c3f3a847904d48a9b21313401918cc7d,UNANIMOUS_NO_TRADE,0,,MA|SM|RM,False,0.0,NO_TRADE_REVIEW,EX did not execute a trade under CONFIG_4_MA_SM_RM_EX_RF. The resolved analytical decision was NO_TRADE using MAJORITY_CONSENSUS. 0 of 3 active analytical agents voted BUY; 2 BUY vote(s) were required. Consensus category was UNANIMOUS_NO_TRADE. Reason: Configuration 4 majority not reached: 0/3 agents voted BUY.,No trade was executed. The counterfactual net Open-to-Close return was 0.931258%.,All three analytical agents reached the same directional decision.,The NO_TRADE decision missed a profitable market outcome. | The resolved NO_TRADE decision missed a profitable Open-to-Close opportunity.,,CONFIG_4_MA_SM_RM_EX_RF | NO_TRADE | FULL_AGENT_AGREEMENT | UNANIMOUS_NO_TRADE | CONSENSUS_UNANIMOUS_NO_TRADE | MISSED_PROFITABLE_OPPORTUNITY,0.931199581853293
2025-10-09,decision_45af8c811a9b41b7a9e6341b800f9c78,UNANIMOUS_NO_TRADE,0,,MA|SM|RM,False,0.0,NO_TRADE_REVIEW,EX did not execute a trade under CONFIG_4_MA_SM_RM_EX_RF. The resolved analytical decision was NO_TRADE using MAJORITY_CONSENSUS. 0 of 3 active analytical agents voted BUY; 2 BUY vote(s) were required. Consensus category was UNANIMOUS_NO_TRADE. Reason: Configuration 4 majority not reached: 0/3 agents voted BUY.,No trade was executed. The counterfactual net Open-to-Close return was 1.117184%.,All three analytical agents reached the same directional decision.,The NO_TRADE decision missed a profitable market outcome. | The resolved NO_TRADE decision missed a profitable Open-to-Close opportunity.,,CONFIG_4_MA_SM_RM_EX_RF | NO_TRADE | FULL_AGENT_AGREEMENT | UNANIMOUS_NO_TRADE | CONSENSUS_UNANIMOUS_NO_TRADE | MISSED_PROFITABLE_OPPORTUNITY,0.922531960968725
2025-10-10,decision_adca4436ddd34354a12b5209d3977e4c,UNANIMOUS_NO_TRADE,0,,MA|SM|RM,False,0.0,NO_TRADE_REVIEW,EX did not execute a trade under CONFIG_4_MA_SM_RM_EX_RF. The resolved analytical decision was NO_TRADE using MAJORITY_CONSENSUS. 0 of 3 active analytical agents voted BUY; 2 BUY vote(s) were required. Consensus category was UNANIMOUS_NO_TRADE. Reason: Configuration 4 majority not reached: 0/3 agents voted BUY.,No trade was executed. The counterfactual net Open-to-Close return was -4.447758%.,The NO_TRADE decision avoided a non-profitable market outcome. | All three analytical agents reached the same directional decision. | The resolved NO_TRADE decision avoided a non-profitable Open-to-Close outcome.,,,CONFIG_4_MA_SM_RM_EX_RF | NO_TRADE | FULL_AGENT_AGREEMENT | UNANIMOUS_NO_TRADE | CONSENSUS_UNANIMOUS_NO_TRADE | CORRECT_TRADE_REJECTION,0.9280518691182275
2025-10-13,decision_3b99a91fd7c9449dbf8024b87988308f,UNANIMOUS_NO_TRADE,0,,MA|SM|RM,False,0.0,NO_TRADE_REVIEW,EX did not execute a trade under CONFIG_4_MA_SM_RM_EX_RF. The resolved analytical decision was NO_TRADE using MAJORITY_CONSENSUS. 0 of 3 active analytical agents voted BUY; 2 BUY vote(s) were required. Consensus category was UNANIMOUS_NO_TRADE. Reason: Configuration 4 majority not reached: 0/3 agents voted BUY.,No trade was executed. The counterfactual net Open-to-Close return was 0.988127%.,All three analytical agents reached the same directional decision.,The NO_TRADE decision missed a profitable market outcome. | The resolved NO_TRADE decision missed a profitable Open-to-Close opportunity.,,CONFIG_4_MA_SM_RM_EX_RF | NO_TRADE | FULL_AGENT_AGREEMENT | UNANIMOUS_NO_TRADE | CONSENSUS_UNANIMOUS_NO_TRADE | MISSED_PROFITABLE_OPPORTUNITY,0.9248992784206438
2025-10-14,decision_b0e48f6df04145cc847d5bcdaa9825b5,UNANIMOUS_NO_TRADE,0,,MA|SM|RM,False,0.0,NO_TRADE_REVIEW,EX did not execute a trade under CONFIG_4_MA_SM_RM_EX_RF. The resolved analytical decision was NO_TRADE using MAJORITY_CONSENSUS. 0 of 3 active analytical agents voted BUY; 2 BUY vote(s) were required. Consensus category was UNANIMOUS_NO_TRADE. Reason: Configuration 4 majority not reached: 0/3 agents voted BUY.,No trade was executed. The counterfactual net Open-to-Close return was 0.284864%.,All three analytical agents reached the same directional decision.,The NO_TRADE decision missed a profitable market outcome. | The resolved NO_TRADE decision missed a profitable Open-to-Close opportunity.,,CONFIG_4_MA_SM_RM_EX_RF | NO_TRADE | FULL_AGENT_AGREEMENT | UNANIMOUS_NO_TRADE | CONSENSUS_UNANIMOUS_NO_TRADE | MISSED_PROFITABLE_OPPORTUNITY,0.9348909880358516
2025-10-15,decision_637b71fd71a5424e9d6e6041ec923676,UNANIMOUS_NO_TRADE,0,,MA|SM|RM,False,0.0,NO_TRADE_REVIEW,EX did not execute a trade under CONFIG_4_MA_SM_RM_EX_RF. The resolved analytical decision was NO_TRADE using MAJORITY_CONSENSUS. 0 of 3 active analytical agents voted BUY; 2 BUY vote(s) were required. Consensus category was UNANIMOUS_NO_TRADE. Reason: Configuration 4 majority not reached: 0/3 agents voted BUY.,No trade was executed. The counterfactual net Open-to-Close return was -0.584459%.,The NO_TRADE decision avoided a non-profitable market outcome. | All three analytical agents reached the same directional decision. | The resolved NO_TRADE decision avoided a non-profitable Open-to-Close outcome.,,,CONFIG_4_MA_SM_RM_EX_RF | NO_TRADE | FULL_AGENT_AGREEMENT | UNANIMOUS_NO_TRADE | CONSENSUS_UNANIMOUS_NO_TRADE | CORRECT_TRADE_REJECTION,0.9234211118724411
2025-10-16,decision_e67d486ee2ff4631b730757a98473efa,UNANIMOUS_NO_TRADE,0,,MA|SM|RM,False,0.0,NO_TRADE_REVIEW,EX did not execute a trade under CONFIG_4_MA_SM_RM_EX_RF. The resolved analytical decision was NO_TRADE using MAJORITY_CONSENSUS. 0 of 3 active analytical agents voted BUY; 2 BUY vote(s) were required. Consensus category was UNANIMOUS_NO_TRADE. Reason: Configuration 4 majority not reached: 0/3 agents voted BUY.,No trade was executed. The counterfactual net Open-to-Close return was -0.656114%.,The NO_TRADE decision avoided a non-profitable market outcome. | All three analytical agents reached the same directional decision. | The resolved NO_TRADE decision avoided a non-profitable Open-to-Close outcome.,,,CONFIG_4_MA_SM_RM_EX_RF | NO_TRADE | FULL_AGENT_AGREEMENT | UNANIMOUS_NO_TRADE | CONSENSUS_UNANIMOUS_NO_TRADE | CORRECT_TRADE_REJECTION,0.9156202974101405
2025-10-17,decision_f66669210f0347c09e0821b09c2d7874,UNANIMOUS_NO_TRADE,0,,MA|SM|RM,False,0.0,NO_TRADE_REVIEW,EX did not execute a trade under CONFIG_4_MA_SM_RM_EX_RF. The resolved analytical decision was NO_TRADE using MAJORITY_CONSENSUS. 0 of 3 active analytical agents voted BUY; 2 BUY vote(s) were required. Consensus category was UNANIMOUS_NO_TRADE. Reason: Configuration 4 majority not reached: 0/3 agents voted BUY.,No trade was executed. The counterfactual net Open-to-Close return was -0.808062%.,The NO_TRADE decision avoided a non-profitable market outcome. | All three analytical agents reached the same directional decision. | The resolved NO_TRADE decision avoided a non-profitable Open-to-Close outcome.,,,CONFIG_4_MA_SM_RM_EX_RF | NO_TRADE | FULL_AGENT_AGREEMENT | UNANIMOUS_NO_TRADE | CONSENSUS_UNANIMOUS_NO_TRADE | CORRECT_TRADE_REJECTION,0.9188057429275732
2025-10-20,decision_d6fe36410bb5473b96fd137bfe5fb3ee,UNANIMOUS_NO_TRADE,0,,MA|SM|RM,False,0.0,NO_TRADE_REVIEW,EX did not execute a trade under CONFIG_4_MA_SM_RM_EX_RF. The resolved analytical decision was NO_TRADE using MAJORITY_CONSENSUS. 0 of 3 active analytical agents voted BUY; 2 BUY vote(s) were required. Consensus category was UNANIMOUS_NO_TRADE. Reason: Configuration 4 majority not reached: 0/3 agents voted BUY.,No trade was executed. The counterfactual net Open-to-Close return was 1.115035%.,All three analytical agents reached the same directional decision.,The NO_TRADE decision missed a profitable market outcome. | The resolved NO_TRADE decision missed a profitable Open-to-Close opportunity.,,CONFIG_4_MA_SM_RM_EX_RF | NO_TRADE | FULL_AGENT_AGREEMENT | UNANIMOUS_NO_TRADE | CONSENSUS_UNANIMOUS_NO_TRADE | LOW_CONFIDENCE | MISSED_PROFITABLE_OPPORTUNITY,0.9421715911787975
2025-10-21,decision_00322e5772d84ce089d8036bdff1809a,UNANIMOUS_NO_TRADE,0,,MA|SM|RM,False,0.0,NO_TRADE_REVIEW,EX did not execute a trade under CONFIG_4_MA_SM_RM_EX_RF. The resolved analytical decision was NO_TRADE using MAJORITY_CONSENSUS. 0 of 3 active analytical agents voted BUY; 2 BUY vote(s) were required. Consensus category was UNANIMOUS_NO_TRADE. Reason: Configuration 4 majority not reached: 0/3 agents voted BUY.,No trade was executed. The counterfactual net Open-to-Close return was 1.547317%.,All three analytical agents reached the same directional decision.,The NO_TRADE decision missed a profitable market outcome. | The resolved NO_TRADE decision missed a profitable Open-to-Close opportunity.,,CONFIG_4_MA_SM_RM_EX_RF | NO_TRADE | FULL_AGENT_AGREEMENT | UNANIMOUS_NO_TRADE | CONSENSUS_UNANIMOUS_NO_TRADE | MISSED_PROFITABLE_OPPORTUNITY,0.933612179081439
2025-10-22,decision_70db0ee020ff44b98f445fb3d1f962f9,UNANIMOUS_NO_TRADE,0,,MA|SM|RM,False,0.0,NO_TRADE_REVIEW,EX did not execute a trade under CONFIG_4_MA_SM_RM_EX_RF. The resolved analytical decision was NO_TRADE using MAJORITY_CONSENSUS. 0 of 3 active analytical agents voted BUY; 2 BUY vote(s) were required. Consensus category was UNANIMOUS_NO_TRADE. Reason: Configuration 4 majority not reached: 0/3 agents voted BUY.,No trade was executed. The counterfactual net Open-to-Close return was -0.715278%.,The NO_TRADE decision avoided a non-profitable market outcome. | All three analytical agents reached the same directional decision. | The resolved NO_TRADE decision avoided a non-profitable Open-to-Close outcome.,,,CONFIG_4_MA_SM_RM_EX_RF | NO_TRADE | FULL_AGENT_AGREEMENT | UNANIMOUS_NO_TRADE | CONSENSUS_UNANIMOUS_NO_TRADE | CORRECT_TRADE_REJECTION,0.9241187681846892
2025-10-23,decision_d8db0f11226f4b78ad76439d38a2dd7b,UNANIMOUS_NO_TRADE,0,,MA|SM|RM,False,0.0,NO_TRADE_REVIEW,EX did not execute a trade under CONFIG_4_MA_SM_RM_EX_RF. The resolved analytical decision was NO_TRADE using MAJORITY_CONSENSUS. 0 of 3 active analytical agents voted BUY; 2 BUY vote(s) were required. Consensus category was UNANIMOUS_NO_TRADE. Reason: Configuration 4 majority not reached: 0/3 agents voted BUY.,No trade was executed. The counterfactual net Open-to-Close return was 0.853872%.,All three analytical agents reached the same directional decision.,The NO_TRADE decision missed a profitable market outcome. | The resolved NO_TRADE decision missed a profitable Open-to-Close opportunity.,,CONFIG_4_MA_SM_RM_EX_RF | NO_TRADE | FULL_AGENT_AGREEMENT | UNANIMOUS_NO_TRADE | CONSENSUS_UNANIMOUS_NO_TRADE | MISSED_PROFITABLE_OPPORTUNITY,0.9334769193827295
2025-10-24,decision_70f5d8e9a8d64caf89c479dd970810ad,SINGLE_BUY,1,MA,SM|RM,False,0.0,NO_TRADE_REVIEW,EX did not execute a trade under CONFIG_4_MA_SM_RM_EX_RF. The resolved analytical decision was NO_TRADE using MAJORITY_CONSENSUS. 1 of 3 active analytical agents voted BUY; 2 BUY vote(s) were required. Consensus category was SINGLE_BUY. Reason: Configuration 4 majority not reached: 1/3 agents voted BUY.,No trade was executed. The counterfactual net Open-to-Close return was 0.908656%.,The configured majority-vote rule resolved differing analytical perspectives deterministically.,The NO_TRADE decision missed a profitable market outcome. | The resolved NO_TRADE decision missed a profitable Open-to-Close opportunity.,"MA and SM issued different analytical votes. | MA and RM issued different analytical votes. | Configuration 4 contained analytical disagreement; dissenting agent(s): SM, RM.",CONFIG_4_MA_SM_RM_EX_RF | NO_TRADE | PARTIAL_AGENT_AGREEMENT | MAJORITY_NO_TRADE | CONSENSUS_SINGLE_BUY | MISSED_PROFITABLE_OPPORTUNITY,0.7932086660987402
2025-10-27,decision_9b51a2bd69c74f2bafcbaa15327df28d,UNANIMOUS_NO_TRADE,0,,MA|SM|RM,False,0.0,NO_TRADE_REVIEW,EX did not execute a trade under CONFIG_4_MA_SM_RM_EX_RF. The resolved analytical decision was NO_TRADE using MAJORITY_CONSENSUS. 0 of 3 active analytical agents voted BUY; 2 BUY vote(s) were required. Consensus category was UNANIMOUS_NO_TRADE. Reason: Configuration 4 majority not reached: 0/3 agents voted BUY.,No trade was executed. The counterfactual net Open-to-Close return was -0.402921%.,The NO_TRADE decision avoided a non-profitable market outcome. | All three analytical agents reached the same directional decision. | The resolved NO_TRADE decision avoided a non-profitable Open-to-Close outcome.,,,CONFIG_4_MA_SM_RM_EX_RF | NO_TRADE | FULL_AGENT_AGREEMENT | UNANIMOUS_NO_TRADE | CONSENSUS_UNANIMOUS_NO_TRADE | CORRECT_TRADE_REJECTION,0.9131891371580627
2025-10-28,decision_5f52f61a96a04fb7a54a69087a4978e5,UNANIMOUS_NO_TRADE,0,,MA|SM|RM,False,0.0,NO_TRADE_REVIEW,EX did not execute a trade under CONFIG_4_MA_SM_RM_EX_RF. The resolved analytical decision was NO_TRADE using MAJORITY_CONSENSUS. 0 of 3 active analytical agents voted BUY; 2 BUY vote(s) were required. Consensus category was UNANIMOUS_NO_TRADE. Reason: Configuration 4 majority not reached: 0/3 agents voted BUY.,No trade was executed. The counterfactual net Open-to-Close return was 0.351105%.,All three analytical agents reached the same directional decision.,The NO_TRADE decision missed a profitable market outcome. | The resolved NO_TRADE decision missed a profitable Open-to-Close opportunity.,,CONFIG_4_MA_SM_RM_EX_RF | NO_TRADE | FULL_AGENT_AGREEMENT | UNANIMOUS_NO_TRADE | CONSENSUS_UNANIMOUS_NO_TRADE | MISSED_PROFITABLE_OPPORTUNITY,0.9363331022603991
2025-10-29,decision_204d90765f1949178d95142a47c5d6f4,UNANIMOUS_NO_TRADE,0,,MA|SM|RM,False,0.0,NO_TRADE_REVIEW,EX did not execute a trade under CONFIG_4_MA_SM_RM_EX_RF. The resolved analytical decision was NO_TRADE using MAJORITY_CONSENSUS. 0 of 3 active analytical agents voted BUY; 2 BUY vote(s) were required. Consensus category was UNANIMOUS_NO_TRADE. Reason: Configuration 4 majority not reached: 0/3 agents voted BUY.,No trade was executed. The counterfactual net Open-to-Close return was -0.691048%.,The NO_TRADE decision avoided a non-profitable market outcome. | All three analytical agents reached the same directional decision. | The resolved NO_TRADE decision avoided a non-profitable Open-to-Close outcome.,,,CONFIG_4_MA_SM_RM_EX_RF | NO_TRADE | FULL_AGENT_AGREEMENT | UNANIMOUS_NO_TRADE | CONSENSUS_UNANIMOUS_NO_TRADE | CORRECT_TRADE_REJECTION,0.9287981037165743
2025-10-30,decision_f306c2c704484e7a842f9c254ee7dc5c,UNANIMOUS_NO_TRADE,0,,MA|SM|RM,False,0.0,NO_TRADE_REVIEW,EX did not execute a trade under CONFIG_4_MA_SM_RM_EX_RF. The resolved analytical decision was NO_TRADE using MAJORITY_CONSENSUS. 0 of 3 active analytical agents voted BUY; 2 BUY vote(s) were required. Consensus category was UNANIMOUS_NO_TRADE. Reason: Configuration 4 majority not reached: 0/3 agents voted BUY.,No trade was executed. The counterfactual net Open-to-Close return was -1.948793%.,The NO_TRADE decision avoided a non-profitable market outcome. | All three analytical agents reached the same directional decision. | The resolved NO_TRADE decision avoided a non-profitable Open-to-Close outcome.,,,CONFIG_4_MA_SM_RM_EX_RF | NO_TRADE | FULL_AGENT_AGREEMENT | UNANIMOUS_NO_TRADE | CONSENSUS_UNANIMOUS_NO_TRADE | CORRECT_TRADE_REJECTION,0.9221495286887639
2025-10-31,decision_1816131630ed425a9e513711b15c3cf1,UNANIMOUS_NO_TRADE,0,,MA|SM|RM,False,0.0,NO_TRADE_REVIEW,EX did not execute a trade under CONFIG_4_MA_SM_RM_EX_RF. The resolved analytical decision was NO_TRADE using MAJORITY_CONSENSUS. 0 of 3 active analytical agents voted BUY; 2 BUY vote(s) were required. Consensus category was UNANIMOUS_NO_TRADE. Reason: Configuration 4 majority not reached: 0/3 agents voted BUY.,No trade was executed. The counterfactual net Open-to-Close return was -2.449874%.,The NO_TRADE decision avoided a non-profitable market outcome. | All three analytical agents reached the same directional decision. | The resolved NO_TRADE decision avoided a non-profitable Open-to-Close outcome.,,,CONFIG_4_MA_SM_RM_EX_RF | NO_TRADE | FULL_AGENT_AGREEMENT | UNANIMOUS_NO_TRADE | CONSENSUS_UNANIMOUS_NO_TRADE | CORRECT_TRADE_REJECTION,0.9197891689965763
2025-11-03,decision_d59225c82bdf4802bcfb716db97eb940,UNANIMOUS_NO_TRADE,0,,MA|SM|RM,False,0.0,NO_TRADE_REVIEW,EX did not execute a trade under CONFIG_4_MA_SM_RM_EX_RF. The resolved analytical decision was NO_TRADE using MAJORITY_CONSENSUS. 0 of 3 active analytical agents voted BUY; 2 BUY vote(s) were required. Consensus category was UNANIMOUS_NO_TRADE. Reason: Configuration 4 majority not reached: 0/3 agents voted BUY.,No trade was executed. The counterfactual net Open-to-Close return was -0.632303%.,The NO_TRADE decision avoided a non-profitable market outcome. | All three analytical agents reached the same directional decision. | The resolved NO_TRADE decision avoided a non-profitable Open-to-Close outcome.,,,CONFIG_4_MA_SM_RM_EX_RF | NO_TRADE | FULL_AGENT_AGREEMENT | UNANIMOUS_NO_TRADE | CONSENSUS_UNANIMOUS_NO_TRADE | CORRECT_TRADE_REJECTION,0.9153658325499818
2025-11-04,decision_682b63c234f84af9bbf7bb4b72ed8e99,UNANIMOUS_NO_TRADE,0,,MA|SM|RM,False,0.0,NO_TRADE_REVIEW,EX did not execute a trade under CONFIG_4_MA_SM_RM_EX_RF. The resolved analytical decision was NO_TRADE using MAJORITY_CONSENSUS. 0 of 3 active analytical agents voted BUY; 2 BUY vote(s) were required. Consensus category was UNANIMOUS_NO_TRADE. Reason: Configuration 4 majority not reached: 0/3 agents voted BUY.,No trade was executed. The counterfactual net Open-to-Close return was -0.523131%.,The NO_TRADE decision avoided a non-profitable market outcome. | All three analytical agents reached the same directional decision. | The resolved NO_TRADE decision avoided a non-profitable Open-to-Close outcome.,,,CONFIG_4_MA_SM_RM_EX_RF | NO_TRADE | FULL_AGENT_AGREEMENT | UNANIMOUS_NO_TRADE | CONSENSUS_UNANIMOUS_NO_TRADE | CORRECT_TRADE_REJECTION,0.9186153076926216
2025-11-05,decision_260dabaad70a40378ed4eeac45c26d33,UNANIMOUS_NO_TRADE,0,,MA|SM|RM,False,0.0,NO_TRADE_REVIEW,EX did not execute a trade under CONFIG_4_MA_SM_RM_EX_RF. The resolved analytical decision was NO_TRADE using MAJORITY_CONSENSUS. 0 of 3 active analytical agents voted BUY; 2 BUY vote(s) were required. Consensus category was UNANIMOUS_NO_TRADE. Reason: Configuration 4 majority not reached: 0/3 agents voted BUY.,No trade was executed. The counterfactual net Open-to-Close return was 0.369600%.,All three analytical agents reached the same directional decision.,The NO_TRADE decision missed a profitable market outcome. | The resolved NO_TRADE decision missed a profitable Open-to-Close opportunity.,,CONFIG_4_MA_SM_RM_EX_RF | NO_TRADE | FULL_AGENT_AGREEMENT | UNANIMOUS_NO_TRADE | CONSENSUS_UNANIMOUS_NO_TRADE | MISSED_PROFITABLE_OPPORTUNITY,0.9376532903561223
2025-11-06,decision_56db72c4e20940ada79831fb061a365a,UNANIMOUS_NO_TRADE,0,,MA|SM|RM,False,0.0,NO_TRADE_REVIEW,EX did not execute a trade under CONFIG_4_MA_SM_RM_EX_RF. The resolved analytical decision was NO_TRADE using MAJORITY_CONSENSUS. 0 of 3 active analytical agents voted BUY; 2 BUY vote(s) were required. Consensus category was UNANIMOUS_NO_TRADE. Reason: Configuration 4 majority not reached: 0/3 agents voted BUY.,No trade was executed. The counterfactual net Open-to-Close return was -2.555017%.,The NO_TRADE decision avoided a non-profitable market outcome. | All three analytical agents reached the same directional decision. | The resolved NO_TRADE decision avoided a non-profitable Open-to-Close outcome.,,,CONFIG_4_MA_SM_RM_EX_RF | NO_TRADE | FULL_AGENT_AGREEMENT | UNANIMOUS_NO_TRADE | CONSENSUS_UNANIMOUS_NO_TRADE | CORRECT_TRADE_REJECTION,0.9167332160215499
2025-11-07,decision_affc492e943b469ea7b70285d06c2bac,SINGLE_BUY,1,SM,MA|RM,False,0.0,NO_TRADE_REVIEW,EX did not execute a trade under CONFIG_4_MA_SM_RM_EX_RF. The resolved analytical decision was NO_TRADE using MAJORITY_CONSENSUS. 1 of 3 active analytical agents voted BUY; 2 BUY vote(s) were required. Consensus category was SINGLE_BUY. Reason: Configuration 4 majority not reached: 1/3 agents voted BUY.,No trade was executed. The counterfactual net Open-to-Close return was 0.521361%.,The configured majority-vote rule resolved differing analytical perspectives deterministically.,The NO_TRADE decision missed a profitable market outcome. | The resolved NO_TRADE decision missed a profitable Open-to-Close opportunity.,"MA and SM issued different analytical votes. | SM and RM issued different analytical votes. | Configuration 4 contained analytical disagreement; dissenting agent(s): MA, RM.",CONFIG_4_MA_SM_RM_EX_RF | NO_TRADE | PARTIAL_AGENT_AGREEMENT | MAJORITY_NO_TRADE | CONSENSUS_SINGLE_BUY | MISSED_PROFITABLE_OPPORTUNITY,0.8043691425233777
2025-11-10,decision_8698d2f32ab547189430b140a05b2945,UNANIMOUS_NO_TRADE,0,,MA|SM|RM,False,0.0,NO_TRADE_REVIEW,EX did not execute a trade under CONFIG_4_MA_SM_RM_EX_RF. The resolved analytical decision was NO_TRADE using MAJORITY_CONSENSUS. 0 of 3 active analytical agents voted BUY; 2 BUY vote(s) were required. Consensus category was UNANIMOUS_NO_TRADE. Reason: Configuration 4 majority not reached: 0/3 agents voted BUY.,No trade was executed. The counterfactual net Open-to-Close return was -0.075840%.,The NO_TRADE decision avoided a non-profitable market outcome. | All three analytical agents reached the same directional decision. | The resolved NO_TRADE decision avoided a non-profitable Open-to-Close outcome.,,,CONFIG_4_MA_SM_RM_EX_RF | NO_TRADE | FULL_AGENT_AGREEMENT | UNANIMOUS_NO_TRADE | CONSENSUS_UNANIMOUS_NO_TRADE | CORRECT_TRADE_REJECTION,0.9265495586035811
2025-11-11,decision_c735fd44bff04127ba31760ae0c3dcc8,UNANIMOUS_NO_TRADE,0,,MA|SM|RM,False,0.0,NO_TRADE_REVIEW,EX did not execute a trade under CONFIG_4_MA_SM_RM_EX_RF. The resolved analytical decision was NO_TRADE using MAJORITY_CONSENSUS. 0 of 3 active analytical agents voted BUY; 2 BUY vote(s) were required. Consensus category was UNANIMOUS_NO_TRADE. Reason: Configuration 4 majority not reached: 0/3 agents voted BUY.,No trade was executed. The counterfactual net Open-to-Close return was 0.177641%.,All three analytical agents reached the same directional decision.,The NO_TRADE decision missed a profitable market outcome. | The resolved NO_TRADE decision missed a profitable Open-to-Close opportunity.,,CONFIG_4_MA_SM_RM_EX_RF | NO_TRADE | FULL_AGENT_AGREEMENT | UNANIMOUS_NO_TRADE | CONSENSUS_UNANIMOUS_NO_TRADE | MISSED_PROFITABLE_OPPORTUNITY,0.9304393995878218
2025-11-12,decision_dbaabc1741534517bc4ce8b24de5c51e,UNANIMOUS_NO_TRADE,0,,MA|SM|RM,False,0.0,NO_TRADE_REVIEW,EX did not execute a trade under CONFIG_4_MA_SM_RM_EX_RF. The resolved analytical decision was NO_TRADE using MAJORITY_CONSENSUS. 0 of 3 active analytical agents voted BUY; 2 BUY vote(s) were required. Consensus category was UNANIMOUS_NO_TRADE. Reason: Configuration 4 majority not reached: 0/3 agents voted BUY.,No trade was executed. The counterfactual net Open-to-Close return was -2.512467%.,The NO_TRADE decision avoided a non-profitable market outcome. | All three analytical agents reached the same directional decision. | The resolved NO_TRADE decision avoided a non-profitable Open-to-Close outcome.,,,CONFIG_4_MA_SM_RM_EX_RF | NO_TRADE | FULL_AGENT_AGREEMENT | UNANIMOUS_NO_TRADE | CONSENSUS_UNANIMOUS_NO_TRADE | CORRECT_TRADE_REJECTION,0.9191750433213479
2025-11-13,decision_447050a6435c4c85952f49a56d923696,UNANIMOUS_NO_TRADE,0,,MA|SM|RM,False,0.0,NO_TRADE_REVIEW,EX did not execute a trade under CONFIG_4_MA_SM_RM_EX_RF. The resolved analytical decision was NO_TRADE using MAJORITY_CONSENSUS. 0 of 3 active analytical agents voted BUY; 2 BUY vote(s) were required. Consensus category was UNANIMOUS_NO_TRADE. Reason: Configuration 4 majority not reached: 0/3 agents voted BUY.,No trade was executed. The counterfactual net Open-to-Close return was -2.349429%.,The NO_TRADE decision avoided a non-profitable market outcome. | All three analytical agents reached the same directional decision. | The resolved NO_TRADE decision avoided a non-profitable Open-to-Close outcome.,,,CONFIG_4_MA_SM_RM_EX_RF | NO_TRADE | FULL_AGENT_AGREEMENT | UNANIMOUS_NO_TRADE | CONSENSUS_UNANIMOUS_NO_TRADE | CORRECT_TRADE_REJECTION,0.91096077174344
2025-11-14,decision_55dd8bd317e548c288315a577ac14a98,UNANIMOUS_NO_TRADE,0,,MA|SM|RM,False,0.0,NO_TRADE_REVIEW,EX did not execute a trade under CONFIG_4_MA_SM_RM_EX_RF. The resolved analytical decision was NO_TRADE using MAJORITY_CONSENSUS. 0 of 3 active analytical agents voted BUY; 2 BUY vote(s) were required. Consensus category was UNANIMOUS_NO_TRADE. Reason: Configuration 4 majority not reached: 0/3 agents voted BUY.,No trade was executed. The counterfactual net Open-to-Close return was -0.257313%.,The NO_TRADE decision avoided a non-profitable market outcome. | All three analytical agents reached the same directional decision. | The resolved NO_TRADE decision avoided a non-profitable Open-to-Close outcome.,,,CONFIG_4_MA_SM_RM_EX_RF | NO_TRADE | FULL_AGENT_AGREEMENT | UNANIMOUS_NO_TRADE | CONSENSUS_UNANIMOUS_NO_TRADE | CORRECT_TRADE_REJECTION,0.9126176852037168
2025-11-17,decision_a2856339edc947219fe3fc49cb8ac8ef,UNANIMOUS_NO_TRADE,0,,MA|SM|RM,False,0.0,NO_TRADE_REVIEW,EX did not execute a trade under CONFIG_4_MA_SM_RM_EX_RF. The resolved analytical decision was NO_TRADE using MAJORITY_CONSENSUS. 0 of 3 active analytical agents voted BUY; 2 BUY vote(s) were required. Consensus category was UNANIMOUS_NO_TRADE. Reason: Configuration 4 majority not reached: 0/3 agents voted BUY.,No trade was executed. The counterfactual net Open-to-Close return was -0.262823%.,The NO_TRADE decision avoided a non-profitable market outcome. | All three analytical agents reached the same directional decision. | The resolved NO_TRADE decision avoided a non-profitable Open-to-Close outcome.,,,CONFIG_4_MA_SM_RM_EX_RF | NO_TRADE | FULL_AGENT_AGREEMENT | UNANIMOUS_NO_TRADE | CONSENSUS_UNANIMOUS_NO_TRADE | CORRECT_TRADE_REJECTION,0.9167440123356055
2025-11-18,decision_491f9542f3d648f1a76dcb8cc4383afe,UNANIMOUS_NO_TRADE,0,,MA|SM|RM,False,0.0,NO_TRADE_REVIEW,EX did not execute a trade under CONFIG_4_MA_SM_RM_EX_RF. The resolved analytical decision was NO_TRADE using MAJORITY_CONSENSUS. 0 of 3 active analytical agents voted BUY; 2 BUY vote(s) were required. Consensus category was UNANIMOUS_NO_TRADE. Reason: Configuration 4 majority not reached: 0/3 agents voted BUY.,No trade was executed. The counterfactual net Open-to-Close return was -2.531916%.,The NO_TRADE decision avoided a non-profitable market outcome. | All three analytical agents reached the same directional decision. | The resolved NO_TRADE decision avoided a non-profitable Open-to-Close outcome.,,,CONFIG_4_MA_SM_RM_EX_RF | NO_TRADE | FULL_AGENT_AGREEMENT | UNANIMOUS_NO_TRADE | CONSENSUS_UNANIMOUS_NO_TRADE | CORRECT_TRADE_REJECTION,0.9225389418393275
2025-11-19,decision_378468ea9d304ceaa620cee9f6f92e53,UNANIMOUS_NO_TRADE,0,,MA|SM|RM,False,0.0,NO_TRADE_REVIEW,EX did not execute a trade under CONFIG_4_MA_SM_RM_EX_RF. The resolved analytical decision was NO_TRADE using MAJORITY_CONSENSUS. 0 of 3 active analytical agents voted BUY; 2 BUY vote(s) were required. Consensus category was UNANIMOUS_NO_TRADE. Reason: Configuration 4 majority not reached: 0/3 agents voted BUY.,No trade was executed. The counterfactual net Open-to-Close return was -0.569049%.,The NO_TRADE decision avoided a non-profitable market outcome. | All three analytical agents reached the same directional decision. | The resolved NO_TRADE decision avoided a non-profitable Open-to-Close outcome.,,,CONFIG_4_MA_SM_RM_EX_RF | NO_TRADE | FULL_AGENT_AGREEMENT | UNANIMOUS_NO_TRADE | CONSENSUS_UNANIMOUS_NO_TRADE | LOW_CONFIDENCE | CORRECT_TRADE_REJECTION,0.9084554294154171
2025-11-20,decision_ba6c463b43624e03b4bafac38a597ac3,UNANIMOUS_NO_TRADE,0,,MA|SM|RM,False,0.0,NO_TRADE_REVIEW,EX did not execute a trade under CONFIG_4_MA_SM_RM_EX_RF. The resolved analytical decision was NO_TRADE using MAJORITY_CONSENSUS. 0 of 3 active analytical agents voted BUY; 2 BUY vote(s) were required. Consensus category was UNANIMOUS_NO_TRADE. Reason: Configuration 4 majority not reached: 0/3 agents voted BUY.,No trade was executed. The counterfactual net Open-to-Close return was -4.462485%.,The NO_TRADE decision avoided a non-profitable market outcome. | All three analytical agents reached the same directional decision. | The resolved NO_TRADE decision avoided a non-profitable Open-to-Close outcome.,,,CONFIG_4_MA_SM_RM_EX_RF | NO_TRADE | FULL_AGENT_AGREEMENT | UNANIMOUS_NO_TRADE | CONSENSUS_UNANIMOUS_NO_TRADE | LOW_CONFIDENCE | CORRECT_TRADE_REJECTION,0.9081541848079085
2025-11-21,decision_fc289441212e44e08a6075991d4d8062,SINGLE_BUY,1,RM,MA|SM,False,0.0,NO_TRADE_REVIEW,EX did not execute a trade under CONFIG_4_MA_SM_RM_EX_RF. The resolved analytical decision was NO_TRADE using MAJORITY_CONSENSUS. 1 of 3 active analytical agents voted BUY; 2 BUY vote(s) were required. Consensus category was SINGLE_BUY. Reason: Configuration 4 majority not reached: 1/3 agents voted BUY.,No trade was executed. The counterfactual net Open-to-Close return was 1.905017%.,The configured majority-vote rule resolved differing analytical perspectives deterministically.,The NO_TRADE decision missed a profitable market outcome. | The resolved NO_TRADE decision missed a profitable Open-to-Close opportunity.,"MA and RM issued different analytical votes. | SM and RM issued different analytical votes. | Configuration 4 contained analytical disagreement; dissenting agent(s): MA, SM.",CONFIG_4_MA_SM_RM_EX_RF | NO_TRADE | PARTIAL_AGENT_AGREEMENT | MAJORITY_NO_TRADE | CONSENSUS_SINGLE_BUY | MISSED_PROFITABLE_OPPORTUNITY,0.7922073547656255
2025-11-24,decision_868950bc91ea48de8ab00889e588f7ea,UNANIMOUS_NO_TRADE,0,,MA|SM|RM,False,0.0,NO_TRADE_REVIEW,EX did not execute a trade under CONFIG_4_MA_SM_RM_EX_RF. The resolved analytical decision was NO_TRADE using MAJORITY_CONSENSUS. 0 of 3 active analytical agents voted BUY; 2 BUY vote(s) were required. Consensus category was UNANIMOUS_NO_TRADE. Reason: Configuration 4 majority not reached: 0/3 agents voted BUY.,No trade was executed. The counterfactual net Open-to-Close return was 1.570637%.,All three analytical agents reached the same directional decision.,The NO_TRADE decision missed a profitable market outcome. | The resolved NO_TRADE decision missed a profitable Open-to-Close opportunity.,,CONFIG_4_MA_SM_RM_EX_RF | NO_TRADE | FULL_AGENT_AGREEMENT | UNANIMOUS_NO_TRADE | CONSENSUS_UNANIMOUS_NO_TRADE | MISSED_PROFITABLE_OPPORTUNITY,0.9383066985471895
2025-11-25,decision_8686f39820e04205865e3816ac603849,UNANIMOUS_NO_TRADE,0,,MA|SM|RM,False,0.0,NO_TRADE_REVIEW,EX did not execute a trade under CONFIG_4_MA_SM_RM_EX_RF. The resolved analytical decision was NO_TRADE using MAJORITY_CONSENSUS. 0 of 3 active analytical agents voted BUY; 2 BUY vote(s) were required. Consensus category was UNANIMOUS_NO_TRADE. Reason: Configuration 4 majority not reached: 0/3 agents voted BUY.,No trade was executed. The counterfactual net Open-to-Close return was 1.352592%.,All three analytical agents reached the same directional decision.,The NO_TRADE decision missed a profitable market outcome. | The resolved NO_TRADE decision missed a profitable Open-to-Close opportunity.,,CONFIG_4_MA_SM_RM_EX_RF | NO_TRADE | FULL_AGENT_AGREEMENT | UNANIMOUS_NO_TRADE | CONSENSUS_UNANIMOUS_NO_TRADE | MISSED_PROFITABLE_OPPORTUNITY,0.9377041929289988
2025-11-26,decision_c96e06379cf94470bffb8f821bd818a0,UNANIMOUS_NO_TRADE,0,,MA|SM|RM,False,0.0,NO_TRADE_REVIEW,EX did not execute a trade under CONFIG_4_MA_SM_RM_EX_RF. The resolved analytical decision was NO_TRADE using MAJORITY_CONSENSUS. 0 of 3 active analytical agents voted BUY; 2 BUY vote(s) were required. Consensus category was UNANIMOUS_NO_TRADE. Reason: Configuration 4 majority not reached: 0/3 agents voted BUY.,No trade was executed. The counterfactual net Open-to-Close return was -0.784399%.,The NO_TRADE decision avoided a non-profitable market outcome. | All three analytical agents reached the same directional decision. | The resolved NO_TRADE decision avoided a non-profitable Open-to-Close outcome.,,,CONFIG_4_MA_SM_RM_EX_RF | NO_TRADE | FULL_AGENT_AGREEMENT | UNANIMOUS_NO_TRADE | CONSENSUS_UNANIMOUS_NO_TRADE | CORRECT_TRADE_REJECTION,0.914693725370468
2025-11-28,decision_1021eb42937b48c8bc1b5dba5a65053c,UNANIMOUS_NO_TRADE,0,,MA|SM|RM,False,0.0,NO_TRADE_REVIEW,EX did not execute a trade under CONFIG_4_MA_SM_RM_EX_RF. The resolved analytical decision was NO_TRADE using MAJORITY_CONSENSUS. 0 of 3 active analytical agents voted BUY; 2 BUY vote(s) were required. Consensus category was UNANIMOUS_NO_TRADE. Reason: Configuration 4 majority not reached: 0/3 agents voted BUY.,No trade was executed. The counterfactual net Open-to-Close return was 0.755836%.,All three analytical agents reached the same directional decision.,The NO_TRADE decision missed a profitable market outcome. | The resolved NO_TRADE decision missed a profitable Open-to-Close opportunity.,,CONFIG_4_MA_SM_RM_EX_RF | NO_TRADE | FULL_AGENT_AGREEMENT | UNANIMOUS_NO_TRADE | CONSENSUS_UNANIMOUS_NO_TRADE | MISSED_PROFITABLE_OPPORTUNITY,0.9333806931919469
2025-12-01,decision_a97ea6c86e7648bf9c31d135b8e884ca,UNANIMOUS_NO_TRADE,0,,MA|SM|RM,False,0.0,NO_TRADE_REVIEW,EX did not execute a trade under CONFIG_4_MA_SM_RM_EX_RF. The resolved analytical decision was NO_TRADE using MAJORITY_CONSENSUS. 0 of 3 active analytical agents voted BUY; 2 BUY vote(s) were required. Consensus category was UNANIMOUS_NO_TRADE. Reason: Configuration 4 majority not reached: 0/3 agents voted BUY.,No trade was executed. The counterfactual net Open-to-Close return was 0.182867%.,All three analytical agents reached the same directional decision.,The NO_TRADE decision missed a profitable market outcome. | The resolved NO_TRADE decision missed a profitable Open-to-Close opportunity.,,CONFIG_4_MA_SM_RM_EX_RF | NO_TRADE | FULL_AGENT_AGREEMENT | UNANIMOUS_NO_TRADE | CONSENSUS_UNANIMOUS_NO_TRADE | MISSED_PROFITABLE_OPPORTUNITY,0.9271722282137249
2025-12-02,decision_921b9822d83b44bdbad51b38c7035ac3,UNANIMOUS_NO_TRADE,0,,MA|SM|RM,False,0.0,NO_TRADE_REVIEW,EX did not execute a trade under CONFIG_4_MA_SM_RM_EX_RF. The resolved analytical decision was NO_TRADE using MAJORITY_CONSENSUS. 0 of 3 active analytical agents voted BUY; 2 BUY vote(s) were required. Consensus category was UNANIMOUS_NO_TRADE. Reason: Configuration 4 majority not reached: 0/3 agents voted BUY.,No trade was executed. The counterfactual net Open-to-Close return was -0.350914%.,The NO_TRADE decision avoided a non-profitable market outcome. | All three analytical agents reached the same directional decision. | The resolved NO_TRADE decision avoided a non-profitable Open-to-Close outcome.,,,CONFIG_4_MA_SM_RM_EX_RF | NO_TRADE | FULL_AGENT_AGREEMENT | UNANIMOUS_NO_TRADE | CONSENSUS_UNANIMOUS_NO_TRADE | CORRECT_TRADE_REJECTION,0.9126338686380089
2025-12-03,decision_2582c57659b94b85b3e4cecffc94f210,UNANIMOUS_NO_TRADE,0,,MA|SM|RM,False,0.0,NO_TRADE_REVIEW,EX did not execute a trade under CONFIG_4_MA_SM_RM_EX_RF. The resolved analytical decision was NO_TRADE using MAJORITY_CONSENSUS. 0 of 3 active analytical agents voted BUY; 2 BUY vote(s) were required. Consensus category was UNANIMOUS_NO_TRADE. Reason: Configuration 4 majority not reached: 0/3 agents voted BUY.,No trade was executed. The counterfactual net Open-to-Close return was -0.515465%.,The NO_TRADE decision avoided a non-profitable market outcome. | All three analytical agents reached the same directional decision. | The resolved NO_TRADE decision avoided a non-profitable Open-to-Close outcome.,,,CONFIG_4_MA_SM_RM_EX_RF | NO_TRADE | FULL_AGENT_AGREEMENT | UNANIMOUS_NO_TRADE | CONSENSUS_UNANIMOUS_NO_TRADE | CORRECT_TRADE_REJECTION,0.9116481330991794
2025-12-04,decision_17c9c9148630470f9dd35e449b14ebf7,UNANIMOUS_NO_TRADE,0,,MA|SM|RM,False,0.0,NO_TRADE_REVIEW,EX did not execute a trade under CONFIG_4_MA_SM_RM_EX_RF. The resolved analytical decision was NO_TRADE using MAJORITY_CONSENSUS. 0 of 3 active analytical agents voted BUY; 2 BUY vote(s) were required. Consensus category was UNANIMOUS_NO_TRADE. Reason: Configuration 4 majority not reached: 0/3 agents voted BUY.,No trade was executed. The counterfactual net Open-to-Close return was -1.671571%.,The NO_TRADE decision avoided a non-profitable market outcome. | All three analytical agents reached the same directional decision. | The resolved NO_TRADE decision avoided a non-profitable Open-to-Close outcome.,,,CONFIG_4_MA_SM_RM_EX_RF | NO_TRADE | FULL_AGENT_AGREEMENT | UNANIMOUS_NO_TRADE | CONSENSUS_UNANIMOUS_NO_TRADE | LOW_CONFIDENCE | CORRECT_TRADE_REJECTION,0.9089174081646265
2025-12-05,decision_b69662294fac4f4a9cd5e8e2b6412d73,UNANIMOUS_NO_TRADE,0,,MA|SM|RM,False,0.0,NO_TRADE_REVIEW,EX did not execute a trade under CONFIG_4_MA_SM_RM_EX_RF. The resolved analytical decision was NO_TRADE using MAJORITY_CONSENSUS. 0 of 3 active analytical agents voted BUY; 2 BUY vote(s) were required. Consensus category was UNANIMOUS_NO_TRADE. Reason: Configuration 4 majority not reached: 0/3 agents voted BUY.,No trade was executed. The counterfactual net Open-to-Close return was -0.442821%.,The NO_TRADE decision avoided a non-profitable market outcome. | All three analytical agents reached the same directional decision. | The resolved NO_TRADE decision avoided a non-profitable Open-to-Close outcome.,,,CONFIG_4_MA_SM_RM_EX_RF | NO_TRADE | FULL_AGENT_AGREEMENT | UNANIMOUS_NO_TRADE | CONSENSUS_UNANIMOUS_NO_TRADE | CORRECT_TRADE_REJECTION,0.9136134764250372
2025-12-08,decision_1f52a2e97976455bbf335237f425ed31,UNANIMOUS_NO_TRADE,0,,MA|SM|RM,False,0.0,NO_TRADE_REVIEW,EX did not execute a trade under CONFIG_4_MA_SM_RM_EX_RF. The resolved analytical decision was NO_TRADE using MAJORITY_CONSENSUS. 0 of 3 active analytical agents voted BUY; 2 BUY vote(s) were required. Consensus category was UNANIMOUS_NO_TRADE. Reason: Configuration 4 majority not reached: 0/3 agents voted BUY.,No trade was executed. The counterfactual net Open-to-Close return was -1.275408%.,The NO_TRADE decision avoided a non-profitable market outcome. | All three analytical agents reached the same directional decision. | The resolved NO_TRADE decision avoided a non-profitable Open-to-Close outcome.,,,CONFIG_4_MA_SM_RM_EX_RF | NO_TRADE | FULL_AGENT_AGREEMENT | UNANIMOUS_NO_TRADE | CONSENSUS_UNANIMOUS_NO_TRADE | CORRECT_TRADE_REJECTION,0.9118099320214822
2025-12-09,decision_efc223a857c84fffb2256824fa0700a2,UNANIMOUS_NO_TRADE,0,,MA|SM|RM,False,0.0,NO_TRADE_REVIEW,EX did not execute a trade under CONFIG_4_MA_SM_RM_EX_RF. The resolved analytical decision was NO_TRADE using MAJORITY_CONSENSUS. 0 of 3 active analytical agents voted BUY; 2 BUY vote(s) were required. Consensus category was UNANIMOUS_NO_TRADE. Reason: Configuration 4 majority not reached: 0/3 agents voted BUY.,No trade was executed. The counterfactual net Open-to-Close return was 0.375882%.,All three analytical agents reached the same directional decision.,The NO_TRADE decision missed a profitable market outcome. | The resolved NO_TRADE decision missed a profitable Open-to-Close opportunity.,,CONFIG_4_MA_SM_RM_EX_RF | NO_TRADE | FULL_AGENT_AGREEMENT | UNANIMOUS_NO_TRADE | CONSENSUS_UNANIMOUS_NO_TRADE | LOW_CONFIDENCE | MISSED_PROFITABLE_OPPORTUNITY,0.9424326890727831
2025-12-10,decision_5e37ccda3d31474fa5120deb6b014728,UNANIMOUS_NO_TRADE,0,,MA|SM|RM,False,0.0,NO_TRADE_REVIEW,EX did not execute a trade under CONFIG_4_MA_SM_RM_EX_RF. The resolved analytical decision was NO_TRADE using MAJORITY_CONSENSUS. 0 of 3 active analytical agents voted BUY; 2 BUY vote(s) were required. Consensus category was UNANIMOUS_NO_TRADE. Reason: Configuration 4 majority not reached: 0/3 agents voted BUY.,No trade was executed. The counterfactual net Open-to-Close return was 1.197384%.,All three analytical agents reached the same directional decision.,The NO_TRADE decision missed a profitable market outcome. | The resolved NO_TRADE decision missed a profitable Open-to-Close opportunity.,,CONFIG_4_MA_SM_RM_EX_RF | NO_TRADE | FULL_AGENT_AGREEMENT | UNANIMOUS_NO_TRADE | CONSENSUS_UNANIMOUS_NO_TRADE | MISSED_PROFITABLE_OPPORTUNITY,0.9320871740829724
2025-12-11,decision_5492d389719947cf96c87c381e45bf9c,UNANIMOUS_NO_TRADE,0,,MA|SM|RM,False,0.0,NO_TRADE_REVIEW,EX did not execute a trade under CONFIG_4_MA_SM_RM_EX_RF. The resolved analytical decision was NO_TRADE using MAJORITY_CONSENSUS. 0 of 3 active analytical agents voted BUY; 2 BUY vote(s) were required. Consensus category was UNANIMOUS_NO_TRADE. Reason: Configuration 4 majority not reached: 0/3 agents voted BUY.,No trade was executed. The counterfactual net Open-to-Close return was -0.286279%.,The NO_TRADE decision avoided a non-profitable market outcome. | All three analytical agents reached the same directional decision. | The resolved NO_TRADE decision avoided a non-profitable Open-to-Close outcome.,,,CONFIG_4_MA_SM_RM_EX_RF | NO_TRADE | FULL_AGENT_AGREEMENT | UNANIMOUS_NO_TRADE | CONSENSUS_UNANIMOUS_NO_TRADE | CORRECT_TRADE_REJECTION,0.912614781239384
2025-12-12,decision_4e4f41a1d8084c89b3cd0f402dc6049f,UNANIMOUS_NO_TRADE,0,,MA|SM|RM,False,0.0,NO_TRADE_REVIEW,EX did not execute a trade under CONFIG_4_MA_SM_RM_EX_RF. The resolved analytical decision was NO_TRADE using MAJORITY_CONSENSUS. 0 of 3 active analytical agents voted BUY; 2 BUY vote(s) were required. Consensus category was UNANIMOUS_NO_TRADE. Reason: Configuration 4 majority not reached: 0/3 agents voted BUY.,No trade was executed. The counterfactual net Open-to-Close return was -1.700089%.,The NO_TRADE decision avoided a non-profitable market outcome. | All three analytical agents reached the same directional decision. | The resolved NO_TRADE decision avoided a non-profitable Open-to-Close outcome.,,,CONFIG_4_MA_SM_RM_EX_RF | NO_TRADE | FULL_AGENT_AGREEMENT | UNANIMOUS_NO_TRADE | CONSENSUS_UNANIMOUS_NO_TRADE | CORRECT_TRADE_REJECTION,0.9124647073365089
2025-12-15,decision_6629d265cf974fc0b5e7c2215e53649b,UNANIMOUS_NO_TRADE,0,,MA|SM|RM,False,0.0,NO_TRADE_REVIEW,EX did not execute a trade under CONFIG_4_MA_SM_RM_EX_RF. The resolved analytical decision was NO_TRADE using MAJORITY_CONSENSUS. 0 of 3 active analytical agents voted BUY; 2 BUY vote(s) were required. Consensus category was UNANIMOUS_NO_TRADE. Reason: Configuration 4 majority not reached: 0/3 agents voted BUY.,No trade was executed. The counterfactual net Open-to-Close return was -2.463566%.,The NO_TRADE decision avoided a non-profitable market outcome. | All three analytical agents reached the same directional decision. | The resolved NO_TRADE decision avoided a non-profitable Open-to-Close outcome.,,,CONFIG_4_MA_SM_RM_EX_RF | NO_TRADE | FULL_AGENT_AGREEMENT | UNANIMOUS_NO_TRADE | CONSENSUS_UNANIMOUS_NO_TRADE | CORRECT_TRADE_REJECTION,0.9119573034937883
2025-12-16,decision_5e3de26f6c214699a0afd6d406980086,UNANIMOUS_NO_TRADE,0,,MA|SM|RM,False,0.0,NO_TRADE_REVIEW,EX did not execute a trade under CONFIG_4_MA_SM_RM_EX_RF. The resolved analytical decision was NO_TRADE using MAJORITY_CONSENSUS. 0 of 3 active analytical agents voted BUY; 2 BUY vote(s) were required. Consensus category was UNANIMOUS_NO_TRADE. Reason: Configuration 4 majority not reached: 0/3 agents voted BUY.,No trade was executed. The counterfactual net Open-to-Close return was -0.315086%.,The NO_TRADE decision avoided a non-profitable market outcome. | All three analytical agents reached the same directional decision. | The resolved NO_TRADE decision avoided a non-profitable Open-to-Close outcome.,,,CONFIG_4_MA_SM_RM_EX_RF | NO_TRADE | FULL_AGENT_AGREEMENT | UNANIMOUS_NO_TRADE | CONSENSUS_UNANIMOUS_NO_TRADE | CORRECT_TRADE_REJECTION,0.9171090927031412
2025-12-17,decision_dd96a88923ff49deb0eb6fba402a4d81,UNANIMOUS_NO_TRADE,0,,MA|SM|RM,False,0.0,NO_TRADE_REVIEW,EX did not execute a trade under CONFIG_4_MA_SM_RM_EX_RF. The resolved analytical decision was NO_TRADE using MAJORITY_CONSENSUS. 0 of 3 active analytical agents voted BUY; 2 BUY vote(s) were required. Consensus category was UNANIMOUS_NO_TRADE. Reason: Configuration 4 majority not reached: 0/3 agents voted BUY.,No trade was executed. The counterfactual net Open-to-Close return was -1.608180%.,The NO_TRADE decision avoided a non-profitable market outcome. | All three analytical agents reached the same directional decision. | The resolved NO_TRADE decision avoided a non-profitable Open-to-Close outcome.,,,CONFIG_4_MA_SM_RM_EX_RF | NO_TRADE | FULL_AGENT_AGREEMENT | UNANIMOUS_NO_TRADE | CONSENSUS_UNANIMOUS_NO_TRADE | LOW_CONFIDENCE | CORRECT_TRADE_REJECTION,0.9098309511363504
2025-12-18,decision_dd411a3209744d1c8631033e07ecba83,UNANIMOUS_NO_TRADE,0,,MA|SM|RM,False,0.0,NO_TRADE_REVIEW,EX did not execute a trade under CONFIG_4_MA_SM_RM_EX_RF. The resolved analytical decision was NO_TRADE using MAJORITY_CONSENSUS. 0 of 3 active analytical agents voted BUY; 2 BUY vote(s) were required. Consensus category was UNANIMOUS_NO_TRADE. Reason: Configuration 4 majority not reached: 0/3 agents voted BUY.,No trade was executed. The counterfactual net Open-to-Close return was 0.364973%.,All three analytical agents reached the same directional decision.,The NO_TRADE decision missed a profitable market outcome. | The resolved NO_TRADE decision missed a profitable Open-to-Close opportunity.,,CONFIG_4_MA_SM_RM_EX_RF | NO_TRADE | FULL_AGENT_AGREEMENT | UNANIMOUS_NO_TRADE | CONSENSUS_UNANIMOUS_NO_TRADE | MISSED_PROFITABLE_OPPORTUNITY,0.9300529377767062
2025-12-19,decision_9e77619432cb48f7ab383119df94b61f,UNANIMOUS_NO_TRADE,0,,MA|SM|RM,False,0.0,NO_TRADE_REVIEW,EX did not execute a trade under CONFIG_4_MA_SM_RM_EX_RF. The resolved analytical decision was NO_TRADE using MAJORITY_CONSENSUS. 0 of 3 active analytical agents voted BUY; 2 BUY vote(s) were required. Consensus category was UNANIMOUS_NO_TRADE. Reason: Configuration 4 majority not reached: 0/3 agents voted BUY.,No trade was executed. The counterfactual net Open-to-Close return was 0.160075%.,All three analytical agents reached the same directional decision.,The NO_TRADE decision missed a profitable market outcome. | The resolved NO_TRADE decision missed a profitable Open-to-Close opportunity.,,CONFIG_4_MA_SM_RM_EX_RF | NO_TRADE | FULL_AGENT_AGREEMENT | UNANIMOUS_NO_TRADE | CONSENSUS_UNANIMOUS_NO_TRADE | MISSED_PROFITABLE_OPPORTUNITY,0.9338128653284566
2025-12-22,decision_5a3a1b89046348c9b79cadc4dfe6f0e3,UNANIMOUS_NO_TRADE,0,,MA|SM|RM,False,0.0,NO_TRADE_REVIEW,EX did not execute a trade under CONFIG_4_MA_SM_RM_EX_RF. The resolved analytical decision was NO_TRADE using MAJORITY_CONSENSUS. 0 of 3 active analytical agents voted BUY; 2 BUY vote(s) were required. Consensus category was UNANIMOUS_NO_TRADE. Reason: Configuration 4 majority not reached: 0/3 agents voted BUY.,No trade was executed. The counterfactual net Open-to-Close return was -0.178688%.,The NO_TRADE decision avoided a non-profitable market outcome. | All three analytical agents reached the same directional decision. | The resolved NO_TRADE decision avoided a non-profitable Open-to-Close outcome.,,,CONFIG_4_MA_SM_RM_EX_RF | NO_TRADE | FULL_AGENT_AGREEMENT | UNANIMOUS_NO_TRADE | CONSENSUS_UNANIMOUS_NO_TRADE | CORRECT_TRADE_REJECTION,0.9166613756298334
2025-12-23,decision_b14640f7750f45fe91fe720b10db389d,UNANIMOUS_NO_TRADE,0,,MA|SM|RM,False,0.0,NO_TRADE_REVIEW,EX did not execute a trade under CONFIG_4_MA_SM_RM_EX_RF. The resolved analytical decision was NO_TRADE using MAJORITY_CONSENSUS. 0 of 3 active analytical agents voted BUY; 2 BUY vote(s) were required. Consensus category was UNANIMOUS_NO_TRADE. Reason: Configuration 4 majority not reached: 0/3 agents voted BUY.,No trade was executed. The counterfactual net Open-to-Close return was 1.243967%.,All three analytical agents reached the same directional decision.,The NO_TRADE decision missed a profitable market outcome. | The resolved NO_TRADE decision missed a profitable Open-to-Close opportunity.,,CONFIG_4_MA_SM_RM_EX_RF | NO_TRADE | FULL_AGENT_AGREEMENT | UNANIMOUS_NO_TRADE | CONSENSUS_UNANIMOUS_NO_TRADE | LOW_CONFIDENCE | MISSED_PROFITABLE_OPPORTUNITY,0.9414937950337866
2025-12-24,decision_0d8d536b42974e4fa2376c6218f4f426,UNANIMOUS_NO_TRADE,0,,MA|SM|RM,False,0.0,NO_TRADE_REVIEW,EX did not execute a trade under CONFIG_4_MA_SM_RM_EX_RF. The resolved analytical decision was NO_TRADE using MAJORITY_CONSENSUS. 0 of 3 active analytical agents voted BUY; 2 BUY vote(s) were required. Consensus category was UNANIMOUS_NO_TRADE. Reason: Configuration 4 majority not reached: 0/3 agents voted BUY.,No trade was executed. The counterfactual net Open-to-Close return was 0.007657%.,All three analytical agents reached the same directional decision.,The NO_TRADE decision missed a profitable market outcome. | The resolved NO_TRADE decision missed a profitable Open-to-Close opportunity.,,CONFIG_4_MA_SM_RM_EX_RF | NO_TRADE | FULL_AGENT_AGREEMENT | UNANIMOUS_NO_TRADE | CONSENSUS_UNANIMOUS_NO_TRADE | MISSED_PROFITABLE_OPPORTUNITY,0.9319370338774174
2025-12-26,decision_07d1889c3ba24c97b299828399beae34,UNANIMOUS_NO_TRADE,0,,MA|SM|RM,False,0.0,NO_TRADE_REVIEW,EX did not execute a trade under CONFIG_4_MA_SM_RM_EX_RF. The resolved analytical decision was NO_TRADE using MAJORITY_CONSENSUS. 0 of 3 active analytical agents voted BUY; 2 BUY vote(s) were required. Consensus category was UNANIMOUS_NO_TRADE. Reason: Configuration 4 majority not reached: 0/3 agents voted BUY.,No trade was executed. The counterfactual net Open-to-Close return was 0.106775%.,All three analytical agents reached the same directional decision.,The NO_TRADE decision missed a profitable market outcome. | The resolved NO_TRADE decision missed a profitable Open-to-Close opportunity.,,CONFIG_4_MA_SM_RM_EX_RF | NO_TRADE | FULL_AGENT_AGREEMENT | UNANIMOUS_NO_TRADE | CONSENSUS_UNANIMOUS_NO_TRADE | MISSED_PROFITABLE_OPPORTUNITY,0.9371982335285443
2025-12-29,decision_4b9f760683de48c9a572af2734317da3,UNANIMOUS_NO_TRADE,0,,MA|SM|RM,False,0.0,NO_TRADE_REVIEW,EX did not execute a trade under CONFIG_4_MA_SM_RM_EX_RF. The resolved analytical decision was NO_TRADE using MAJORITY_CONSENSUS. 0 of 3 active analytical agents voted BUY; 2 BUY vote(s) were required. Consensus category was UNANIMOUS_NO_TRADE. Reason: Configuration 4 majority not reached: 0/3 agents voted BUY.,No trade was executed. The counterfactual net Open-to-Close return was -0.043964%.,The NO_TRADE decision avoided a non-profitable market outcome. | All three analytical agents reached the same directional decision. | The resolved NO_TRADE decision avoided a non-profitable Open-to-Close outcome.,,,CONFIG_4_MA_SM_RM_EX_RF | NO_TRADE | FULL_AGENT_AGREEMENT | UNANIMOUS_NO_TRADE | CONSENSUS_UNANIMOUS_NO_TRADE | CORRECT_TRADE_REJECTION,0.9153532955558483
2025-12-30,decision_6b9697f976094ff0b9bc541330378851,UNANIMOUS_NO_TRADE,0,,MA|SM|RM,False,0.0,NO_TRADE_REVIEW,EX did not execute a trade under CONFIG_4_MA_SM_RM_EX_RF. The resolved analytical decision was NO_TRADE using MAJORITY_CONSENSUS. 0 of 3 active analytical agents voted BUY; 2 BUY vote(s) were required. Consensus category was UNANIMOUS_NO_TRADE. Reason: Configuration 4 majority not reached: 0/3 agents voted BUY.,No trade was executed. The counterfactual net Open-to-Close return was 0.470633%.,All three analytical agents reached the same directional decision.,The NO_TRADE decision missed a profitable market outcome. | The resolved NO_TRADE decision missed a profitable Open-to-Close opportunity.,,CONFIG_4_MA_SM_RM_EX_RF | NO_TRADE | FULL_AGENT_AGREEMENT | UNANIMOUS_NO_TRADE | CONSENSUS_UNANIMOUS_NO_TRADE | MISSED_PROFITABLE_OPPORTUNITY,0.9353753411258444
2025-12-31,decision_5a6ef2ac5f754c4fadf2315e328cb7db,UNANIMOUS_NO_TRADE,0,,MA|SM|RM,False,0.0,NO_TRADE_REVIEW,EX did not execute a trade under CONFIG_4_MA_SM_RM_EX_RF. The resolved analytical decision was NO_TRADE using MAJORITY_CONSENSUS. 0 of 3 active analytical agents voted BUY; 2 BUY vote(s) were required. Consensus category was UNANIMOUS_NO_TRADE. Reason: Configuration 4 majority not reached: 0/3 agents voted BUY.,No trade was executed. The counterfactual net Open-to-Close return was -0.996880%.,The NO_TRADE decision avoided a non-profitable market outcome. | All three analytical agents reached the same directional decision. | The resolved NO_TRADE decision avoided a non-profitable Open-to-Close outcome.,,,CONFIG_4_MA_SM_RM_EX_RF | NO_TRADE | FULL_AGENT_AGREEMENT | UNANIMOUS_NO_TRADE | CONSENSUS_UNANIMOUS_NO_TRADE | CORRECT_TRADE_REJECTION,0.912868659393988
2026-01-02,decision_86be60be6751461db2041ea2a1e6b848,UNANIMOUS_NO_TRADE,0,,MA|SM|RM,False,0.0,NO_TRADE_REVIEW,EX did not execute a trade under CONFIG_4_MA_SM_RM_EX_RF. The resolved analytical decision was NO_TRADE using MAJORITY_CONSENSUS. 0 of 3 active analytical agents voted BUY; 2 BUY vote(s) were required. Consensus category was UNANIMOUS_NO_TRADE. Reason: Configuration 4 majority not reached: 0/3 agents voted BUY.,No trade was executed. The counterfactual net Open-to-Close return was -2.191099%.,The NO_TRADE decision avoided a non-profitable market outcome. | All three analytical agents reached the same directional decision. | The resolved NO_TRADE decision avoided a non-profitable Open-to-Close outcome.,,,CONFIG_4_MA_SM_RM_EX_RF | NO_TRADE | FULL_AGENT_AGREEMENT | UNANIMOUS_NO_TRADE | CONSENSUS_UNANIMOUS_NO_TRADE | CORRECT_TRADE_REJECTION,0.9171510795249841
2026-01-05,decision_f67432a285de4e6798df0234a45446cf,UNANIMOUS_NO_TRADE,0,,MA|SM|RM,False,0.0,NO_TRADE_REVIEW,EX did not execute a trade under CONFIG_4_MA_SM_RM_EX_RF. The resolved analytical decision was NO_TRADE using MAJORITY_CONSENSUS. 0 of 3 active analytical agents voted BUY; 2 BUY vote(s) were required. Consensus category was UNANIMOUS_NO_TRADE. Reason: Configuration 4 majority not reached: 0/3 agents voted BUY.,No trade was executed. The counterfactual net Open-to-Close return was 1.743174%.,All three analytical agents reached the same directional decision.,The NO_TRADE decision missed a profitable market outcome. | The resolved NO_TRADE decision missed a profitable Open-to-Close opportunity.,,CONFIG_4_MA_SM_RM_EX_RF | NO_TRADE | FULL_AGENT_AGREEMENT | UNANIMOUS_NO_TRADE | CONSENSUS_UNANIMOUS_NO_TRADE | MISSED_PROFITABLE_OPPORTUNITY,0.927430750498948
2026-01-06,decision_44474a568e7e4a1b934de81379d4e5fc,UNANIMOUS_NO_TRADE,0,,MA|SM|RM,False,0.0,NO_TRADE_REVIEW,EX did not execute a trade under CONFIG_4_MA_SM_RM_EX_RF. The resolved analytical decision was NO_TRADE using MAJORITY_CONSENSUS. 0 of 3 active analytical agents voted BUY; 2 BUY vote(s) were required. Consensus category was UNANIMOUS_NO_TRADE. Reason: Configuration 4 majority not reached: 0/3 agents voted BUY.,No trade was executed. The counterfactual net Open-to-Close return was 3.702500%.,All three analytical agents reached the same directional decision.,The NO_TRADE decision missed a profitable market outcome. | The resolved NO_TRADE decision missed a profitable Open-to-Close opportunity.,,CONFIG_4_MA_SM_RM_EX_RF | NO_TRADE | FULL_AGENT_AGREEMENT | UNANIMOUS_NO_TRADE | CONSENSUS_UNANIMOUS_NO_TRADE | MISSED_PROFITABLE_OPPORTUNITY,0.9235457080830645
2026-01-07,decision_962f1fd4dc9745c7b4feaf4eb8b86935,UNANIMOUS_NO_TRADE,0,,MA|SM|RM,False,0.0,NO_TRADE_REVIEW,EX did not execute a trade under CONFIG_4_MA_SM_RM_EX_RF. The resolved analytical decision was NO_TRADE using MAJORITY_CONSENSUS. 0 of 3 active analytical agents voted BUY; 2 BUY vote(s) were required. Consensus category was UNANIMOUS_NO_TRADE. Reason: Configuration 4 majority not reached: 0/3 agents voted BUY.,No trade was executed. The counterfactual net Open-to-Close return was 0.713427%.,All three analytical agents reached the same directional decision.,The NO_TRADE decision missed a profitable market outcome. | The resolved NO_TRADE decision missed a profitable Open-to-Close opportunity.,,CONFIG_4_MA_SM_RM_EX_RF | NO_TRADE | FULL_AGENT_AGREEMENT | UNANIMOUS_NO_TRADE | CONSENSUS_UNANIMOUS_NO_TRADE | MISSED_PROFITABLE_OPPORTUNITY,0.9302805592932221
2026-01-08,decision_0be32c6cf21441abb59c0126e6775ba4,SINGLE_BUY,1,SM,MA|RM,False,0.0,NO_TRADE_REVIEW,EX did not execute a trade under CONFIG_4_MA_SM_RM_EX_RF. The resolved analytical decision was NO_TRADE using MAJORITY_CONSENSUS. 1 of 3 active analytical agents voted BUY; 2 BUY vote(s) were required. Consensus category was SINGLE_BUY. Reason: Configuration 4 majority not reached: 1/3 agents voted BUY.,No trade was executed. The counterfactual net Open-to-Close return was 1.228236%.,The configured majority-vote rule resolved differing analytical perspectives deterministically.,The NO_TRADE decision missed a profitable market outcome. | The resolved NO_TRADE decision missed a profitable Open-to-Close opportunity.,"MA and SM issued different analytical votes. | SM and RM issued different analytical votes. | Configuration 4 contained analytical disagreement; dissenting agent(s): MA, RM.",CONFIG_4_MA_SM_RM_EX_RF | NO_TRADE | PARTIAL_AGENT_AGREEMENT | MAJORITY_NO_TRADE | CONSENSUS_SINGLE_BUY | MISSED_PROFITABLE_OPPORTUNITY,0.7957593468483016
2026-01-09,decision_baf7407e461d4500a35035f759643c02,SINGLE_BUY,1,SM,MA|RM,False,0.0,NO_TRADE_REVIEW,EX did not execute a trade under CONFIG_4_MA_SM_RM_EX_RF. The resolved analytical decision was NO_TRADE using MAJORITY_CONSENSUS. 1 of 3 active analytical agents voted BUY; 2 BUY vote(s) were required. Consensus category was SINGLE_BUY. Reason: Configuration 4 majority not reached: 1/3 agents voted BUY.,No trade was executed. The counterfactual net Open-to-Close return was 1.048392%.,The configured majority-vote rule resolved differing analytical perspectives deterministically.,The NO_TRADE decision missed a profitable market outcome. | The resolved NO_TRADE decision missed a profitable Open-to-Close opportunity.,"MA and SM issued different analytical votes. | SM and RM issued different analytical votes. | Configuration 4 contained analytical disagreement; dissenting agent(s): MA, RM.",CONFIG_4_MA_SM_RM_EX_RF | NO_TRADE | PARTIAL_AGENT_AGREEMENT | MAJORITY_NO_TRADE | CONSENSUS_SINGLE_BUY | MISSED_PROFITABLE_OPPORTUNITY,0.8015790965902942
2026-01-12,decision_ba99647b4fe34bd3ac3f62302c11b1c0,UNANIMOUS_NO_TRADE,0,,MA|SM|RM,False,0.0,NO_TRADE_REVIEW,EX did not execute a trade under CONFIG_4_MA_SM_RM_EX_RF. The resolved analytical decision was NO_TRADE using MAJORITY_CONSENSUS. 0 of 3 active analytical agents voted BUY; 2 BUY vote(s) were required. Consensus category was UNANIMOUS_NO_TRADE. Reason: Configuration 4 majority not reached: 0/3 agents voted BUY.,No trade was executed. The counterfactual net Open-to-Close return was -0.205311%.,The NO_TRADE decision avoided a non-profitable market outcome. | All three analytical agents reached the same directional decision. | The resolved NO_TRADE decision avoided a non-profitable Open-to-Close outcome.,,,CONFIG_4_MA_SM_RM_EX_RF | NO_TRADE | FULL_AGENT_AGREEMENT | UNANIMOUS_NO_TRADE | CONSENSUS_UNANIMOUS_NO_TRADE | CORRECT_TRADE_REJECTION,0.9243769347056464
2026-01-13,decision_72ea0c82e4f54290bbf3231404ae6b2e,UNANIMOUS_NO_TRADE,0,,MA|SM|RM,False,0.0,NO_TRADE_REVIEW,EX did not execute a trade under CONFIG_4_MA_SM_RM_EX_RF. The resolved analytical decision was NO_TRADE using MAJORITY_CONSENSUS. 0 of 3 active analytical agents voted BUY; 2 BUY vote(s) were required. Consensus category was UNANIMOUS_NO_TRADE. Reason: Configuration 4 majority not reached: 0/3 agents voted BUY.,No trade was executed. The counterfactual net Open-to-Close return was -1.693314%.,The NO_TRADE decision avoided a non-profitable market outcome. | All three analytical agents reached the same directional decision. | The resolved NO_TRADE decision avoided a non-profitable Open-to-Close outcome.,,,CONFIG_4_MA_SM_RM_EX_RF | NO_TRADE | FULL_AGENT_AGREEMENT | UNANIMOUS_NO_TRADE | CONSENSUS_UNANIMOUS_NO_TRADE | CORRECT_TRADE_REJECTION,0.9193282222600596
2026-01-14,decision_1118be6b62a34e459113da1b87b359f3,UNANIMOUS_NO_TRADE,0,,MA|SM|RM,False,0.0,NO_TRADE_REVIEW,EX did not execute a trade under CONFIG_4_MA_SM_RM_EX_RF. The resolved analytical decision was NO_TRADE using MAJORITY_CONSENSUS. 0 of 3 active analytical agents voted BUY; 2 BUY vote(s) were required. Consensus category was UNANIMOUS_NO_TRADE. Reason: Configuration 4 majority not reached: 0/3 agents voted BUY.,No trade was executed. The counterfactual net Open-to-Close return was -1.965113%.,The NO_TRADE decision avoided a non-profitable market outcome. | All three analytical agents reached the same directional decision. | The resolved NO_TRADE decision avoided a non-profitable Open-to-Close outcome.,,,CONFIG_4_MA_SM_RM_EX_RF | NO_TRADE | FULL_AGENT_AGREEMENT | UNANIMOUS_NO_TRADE | CONSENSUS_UNANIMOUS_NO_TRADE | CORRECT_TRADE_REJECTION,0.9203427382369139
2026-01-15,decision_52431aa650564f2e9e42fd5bf5a85de4,UNANIMOUS_NO_TRADE,0,,MA|SM|RM,False,0.0,NO_TRADE_REVIEW,EX did not execute a trade under CONFIG_4_MA_SM_RM_EX_RF. The resolved analytical decision was NO_TRADE using MAJORITY_CONSENSUS. 0 of 3 active analytical agents voted BUY; 2 BUY vote(s) were required. Consensus category was UNANIMOUS_NO_TRADE. Reason: Configuration 4 majority not reached: 0/3 agents voted BUY.,No trade was executed. The counterfactual net Open-to-Close return was -0.571944%.,The NO_TRADE decision avoided a non-profitable market outcome. | All three analytical agents reached the same directional decision. | The resolved NO_TRADE decision avoided a non-profitable Open-to-Close outcome.,,,CONFIG_4_MA_SM_RM_EX_RF | NO_TRADE | FULL_AGENT_AGREEMENT | UNANIMOUS_NO_TRADE | CONSENSUS_UNANIMOUS_NO_TRADE | CORRECT_TRADE_REJECTION,0.913205019673513
2026-01-16,decision_e56df593dd574bd98cb7e866c945751b,SINGLE_BUY,1,SM,MA|RM,False,0.0,NO_TRADE_REVIEW,EX did not execute a trade under CONFIG_4_MA_SM_RM_EX_RF. The resolved analytical decision was NO_TRADE using MAJORITY_CONSENSUS. 1 of 3 active analytical agents voted BUY; 2 BUY vote(s) were required. Consensus category was SINGLE_BUY. Reason: Configuration 4 majority not reached: 1/3 agents voted BUY.,No trade was executed. The counterfactual net Open-to-Close return was -0.087447%.,The NO_TRADE decision avoided a non-profitable market outcome. | The configured majority-vote rule resolved differing analytical perspectives deterministically. | The resolved NO_TRADE decision avoided a non-profitable Open-to-Close outcome.,,"MA and SM issued different analytical votes. | SM and RM issued different analytical votes. | Configuration 4 contained analytical disagreement; dissenting agent(s): MA, RM.",CONFIG_4_MA_SM_RM_EX_RF | NO_TRADE | PARTIAL_AGENT_AGREEMENT | MAJORITY_NO_TRADE | CONSENSUS_SINGLE_BUY | LOW_CONFIDENCE | CORRECT_TRADE_REJECTION,0.7760373738056763
2026-01-20,decision_3125dc540aaf43488dc16bb98653160a,UNANIMOUS_NO_TRADE,0,,MA|SM|RM,False,0.0,NO_TRADE_REVIEW,EX did not execute a trade under CONFIG_4_MA_SM_RM_EX_RF. The resolved analytical decision was NO_TRADE using MAJORITY_CONSENSUS. 0 of 3 active analytical agents voted BUY; 2 BUY vote(s) were required. Consensus category was UNANIMOUS_NO_TRADE. Reason: Configuration 4 majority not reached: 0/3 agents voted BUY.,No trade was executed. The counterfactual net Open-to-Close return was -1.280093%.,The NO_TRADE decision avoided a non-profitable market outcome. | All three analytical agents reached the same directional decision. | The resolved NO_TRADE decision avoided a non-profitable Open-to-Close outcome.,,,CONFIG_4_MA_SM_RM_EX_RF | NO_TRADE | FULL_AGENT_AGREEMENT | UNANIMOUS_NO_TRADE | CONSENSUS_UNANIMOUS_NO_TRADE | CORRECT_TRADE_REJECTION,0.9186943595694417
2026-01-21,decision_bac3a4684e6444069c9f6ade7bc74258,UNANIMOUS_NO_TRADE,0,,MA|SM|RM,False,0.0,NO_TRADE_REVIEW,EX did not execute a trade under CONFIG_4_MA_SM_RM_EX_RF. The resolved analytical decision was NO_TRADE using MAJORITY_CONSENSUS. 0 of 3 active analytical agents voted BUY; 2 BUY vote(s) were required. Consensus category was UNANIMOUS_NO_TRADE. Reason: Configuration 4 majority not reached: 0/3 agents voted BUY.,No trade was executed. The counterfactual net Open-to-Close return was -0.004834%.,The NO_TRADE decision avoided a non-profitable market outcome. | All three analytical agents reached the same directional decision. | The resolved NO_TRADE decision avoided a non-profitable Open-to-Close outcome.,,,CONFIG_4_MA_SM_RM_EX_RF | NO_TRADE | FULL_AGENT_AGREEMENT | UNANIMOUS_NO_TRADE | CONSENSUS_UNANIMOUS_NO_TRADE | CORRECT_TRADE_REJECTION,0.9251346925326338
2026-01-22,decision_02e937dfde0f49cc9837e4c22b28159f,UNANIMOUS_NO_TRADE,0,,MA|SM|RM,False,0.0,NO_TRADE_REVIEW,EX did not execute a trade under CONFIG_4_MA_SM_RM_EX_RF. The resolved analytical decision was NO_TRADE using MAJORITY_CONSENSUS. 0 of 3 active analytical agents voted BUY; 2 BUY vote(s) were required. Consensus category was UNANIMOUS_NO_TRADE. Reason: Configuration 4 majority not reached: 0/3 agents voted BUY.,No trade was executed. The counterfactual net Open-to-Close return was 0.023853%.,All three analytical agents reached the same directional decision.,The NO_TRADE decision missed a profitable market outcome. | The resolved NO_TRADE decision missed a profitable Open-to-Close opportunity.,,CONFIG_4_MA_SM_RM_EX_RF | NO_TRADE | FULL_AGENT_AGREEMENT | UNANIMOUS_NO_TRADE | CONSENSUS_UNANIMOUS_NO_TRADE | MISSED_PROFITABLE_OPPORTUNITY,0.9262838656242909
2026-01-23,decision_146c11adf073438f9d72845909223b32,UNANIMOUS_NO_TRADE,0,,MA|SM|RM,False,0.0,NO_TRADE_REVIEW,EX did not execute a trade under CONFIG_4_MA_SM_RM_EX_RF. The resolved analytical decision was NO_TRADE using MAJORITY_CONSENSUS. 0 of 3 active analytical agents voted BUY; 2 BUY vote(s) were required. Consensus category was UNANIMOUS_NO_TRADE. Reason: Configuration 4 majority not reached: 0/3 agents voted BUY.,No trade was executed. The counterfactual net Open-to-Close return was 1.686656%.,All three analytical agents reached the same directional decision.,The NO_TRADE decision missed a profitable market outcome. | The resolved NO_TRADE decision missed a profitable Open-to-Close opportunity.,,CONFIG_4_MA_SM_RM_EX_RF | NO_TRADE | FULL_AGENT_AGREEMENT | UNANIMOUS_NO_TRADE | CONSENSUS_UNANIMOUS_NO_TRADE | MISSED_PROFITABLE_OPPORTUNITY,0.9370311309430555
2026-01-26,decision_f589dcec8d924eefa3e9746216122af2,UNANIMOUS_NO_TRADE,0,,MA|SM|RM,False,0.0,NO_TRADE_REVIEW,EX did not execute a trade under CONFIG_4_MA_SM_RM_EX_RF. The resolved analytical decision was NO_TRADE using MAJORITY_CONSENSUS. 0 of 3 active analytical agents voted BUY; 2 BUY vote(s) were required. Consensus category was UNANIMOUS_NO_TRADE. Reason: Configuration 4 majority not reached: 0/3 agents voted BUY.,No trade was executed. The counterfactual net Open-to-Close return was -0.749716%.,The NO_TRADE decision avoided a non-profitable market outcome. | All three analytical agents reached the same directional decision. | The resolved NO_TRADE decision avoided a non-profitable Open-to-Close outcome.,,,CONFIG_4_MA_SM_RM_EX_RF | NO_TRADE | FULL_AGENT_AGREEMENT | UNANIMOUS_NO_TRADE | CONSENSUS_UNANIMOUS_NO_TRADE | CORRECT_TRADE_REJECTION,0.9112375212439405
2026-01-27,decision_ce3490d1b88a482dbe3b38c62095205f,UNANIMOUS_NO_TRADE,0,,MA|SM|RM,False,0.0,NO_TRADE_REVIEW,EX did not execute a trade under CONFIG_4_MA_SM_RM_EX_RF. The resolved analytical decision was NO_TRADE using MAJORITY_CONSENSUS. 0 of 3 active analytical agents voted BUY; 2 BUY vote(s) were required. Consensus category was UNANIMOUS_NO_TRADE. Reason: Configuration 4 majority not reached: 0/3 agents voted BUY.,No trade was executed. The counterfactual net Open-to-Close return was 1.980823%.,All three analytical agents reached the same directional decision.,The NO_TRADE decision missed a profitable market outcome. | The resolved NO_TRADE decision missed a profitable Open-to-Close opportunity.,,CONFIG_4_MA_SM_RM_EX_RF | NO_TRADE | FULL_AGENT_AGREEMENT | UNANIMOUS_NO_TRADE | CONSENSUS_UNANIMOUS_NO_TRADE | MISSED_PROFITABLE_OPPORTUNITY,0.9391997769909745
2026-01-28,decision_98bb18ff0cee43cab581d3014aab9af5,UNANIMOUS_NO_TRADE,0,,MA|SM|RM,False,0.0,NO_TRADE_REVIEW,EX did not execute a trade under CONFIG_4_MA_SM_RM_EX_RF. The resolved analytical decision was NO_TRADE using MAJORITY_CONSENSUS. 0 of 3 active analytical agents voted BUY; 2 BUY vote(s) were required. Consensus category was UNANIMOUS_NO_TRADE. Reason: Configuration 4 majority not reached: 0/3 agents voted BUY.,No trade was executed. The counterfactual net Open-to-Close return was -1.463108%.,The NO_TRADE decision avoided a non-profitable market outcome. | All three analytical agents reached the same directional decision. | The resolved NO_TRADE decision avoided a non-profitable Open-to-Close outcome.,,,CONFIG_4_MA_SM_RM_EX_RF | NO_TRADE | FULL_AGENT_AGREEMENT | UNANIMOUS_NO_TRADE | CONSENSUS_UNANIMOUS_NO_TRADE | CORRECT_TRADE_REJECTION,0.9130800204311788
2026-01-29,decision_549db1bb9cfc45c0a1b228125700f674,UNANIMOUS_NO_TRADE,0,,MA|SM|RM,False,0.0,NO_TRADE_REVIEW,EX did not execute a trade under CONFIG_4_MA_SM_RM_EX_RF. The resolved analytical decision was NO_TRADE using MAJORITY_CONSENSUS. 0 of 3 active analytical agents voted BUY; 2 BUY vote(s) were required. Consensus category was UNANIMOUS_NO_TRADE. Reason: Configuration 4 majority not reached: 0/3 agents voted BUY.,No trade was executed. The counterfactual net Open-to-Close return was -0.548660%.,The NO_TRADE decision avoided a non-profitable market outcome. | All three analytical agents reached the same directional decision. | The resolved NO_TRADE decision avoided a non-profitable Open-to-Close outcome.,,,CONFIG_4_MA_SM_RM_EX_RF | NO_TRADE | FULL_AGENT_AGREEMENT | UNANIMOUS_NO_TRADE | CONSENSUS_UNANIMOUS_NO_TRADE | CORRECT_TRADE_REJECTION,0.9230834631513212
2026-01-30,decision_858a2ce7453543448c04cfcaa2c92a41,SINGLE_BUY,1,MA,SM|RM,False,0.0,NO_TRADE_REVIEW,EX did not execute a trade under CONFIG_4_MA_SM_RM_EX_RF. The resolved analytical decision was NO_TRADE using MAJORITY_CONSENSUS. 1 of 3 active analytical agents voted BUY; 2 BUY vote(s) were required. Consensus category was SINGLE_BUY. Reason: Configuration 4 majority not reached: 1/3 agents voted BUY.,No trade was executed. The counterfactual net Open-to-Close return was -0.345809%.,The NO_TRADE decision avoided a non-profitable market outcome. | The configured majority-vote rule resolved differing analytical perspectives deterministically. | The resolved NO_TRADE decision avoided a non-profitable Open-to-Close outcome.,,"MA and SM issued different analytical votes. | MA and RM issued different analytical votes. | Configuration 4 contained analytical disagreement; dissenting agent(s): SM, RM.",CONFIG_4_MA_SM_RM_EX_RF | NO_TRADE | PARTIAL_AGENT_AGREEMENT | MAJORITY_NO_TRADE | CONSENSUS_SINGLE_BUY | CORRECT_TRADE_REJECTION,0.7927237959185491
2026-02-02,decision_d07edc307ee944279c5c4ce61b0b500f,UNANIMOUS_NO_TRADE,0,,MA|SM|RM,False,0.0,NO_TRADE_REVIEW,EX did not execute a trade under CONFIG_4_MA_SM_RM_EX_RF. The resolved analytical decision was NO_TRADE using MAJORITY_CONSENSUS. 0 of 3 active analytical agents voted BUY; 2 BUY vote(s) were required. Consensus category was UNANIMOUS_NO_TRADE. Reason: Configuration 4 majority not reached: 0/3 agents voted BUY.,No trade was executed. The counterfactual net Open-to-Close return was 1.850281%.,All three analytical agents reached the same directional decision.,The NO_TRADE decision missed a profitable market outcome. | The resolved NO_TRADE decision missed a profitable Open-to-Close opportunity.,,CONFIG_4_MA_SM_RM_EX_RF | NO_TRADE | FULL_AGENT_AGREEMENT | UNANIMOUS_NO_TRADE | CONSENSUS_UNANIMOUS_NO_TRADE | MISSED_PROFITABLE_OPPORTUNITY,0.9358648003796027
2026-02-03,decision_74528d5c141546d38c651e628aba3db4,UNANIMOUS_NO_TRADE,0,,MA|SM|RM,False,0.0,NO_TRADE_REVIEW,EX did not execute a trade under CONFIG_4_MA_SM_RM_EX_RF. The resolved analytical decision was NO_TRADE using MAJORITY_CONSENSUS. 0 of 3 active analytical agents voted BUY; 2 BUY vote(s) were required. Consensus category was UNANIMOUS_NO_TRADE. Reason: Configuration 4 majority not reached: 0/3 agents voted BUY.,No trade was executed. The counterfactual net Open-to-Close return was -2.694820%.,The NO_TRADE decision avoided a non-profitable market outcome. | All three analytical agents reached the same directional decision. | The resolved NO_TRADE decision avoided a non-profitable Open-to-Close outcome.,,,CONFIG_4_MA_SM_RM_EX_RF | NO_TRADE | FULL_AGENT_AGREEMENT | UNANIMOUS_NO_TRADE | CONSENSUS_UNANIMOUS_NO_TRADE | CORRECT_TRADE_REJECTION,0.9186687613210908
2026-02-04,decision_3b1315cca60144378f14d22e063f96d9,UNANIMOUS_NO_TRADE,0,,MA|SM|RM,False,0.0,NO_TRADE_REVIEW,EX did not execute a trade under CONFIG_4_MA_SM_RM_EX_RF. The resolved analytical decision was NO_TRADE using MAJORITY_CONSENSUS. 0 of 3 active analytical agents voted BUY; 2 BUY vote(s) were required. Consensus category was UNANIMOUS_NO_TRADE. Reason: Configuration 4 majority not reached: 0/3 agents voted BUY.,No trade was executed. The counterfactual net Open-to-Close return was -2.556263%.,The NO_TRADE decision avoided a non-profitable market outcome. | All three analytical agents reached the same directional decision. | The resolved NO_TRADE decision avoided a non-profitable Open-to-Close outcome.,,,CONFIG_4_MA_SM_RM_EX_RF | NO_TRADE | FULL_AGENT_AGREEMENT | UNANIMOUS_NO_TRADE | CONSENSUS_UNANIMOUS_NO_TRADE | CORRECT_TRADE_REJECTION,0.920336162025589
2026-02-05,decision_7bb30544039f427da3a134a2f7672d1a,SINGLE_BUY,1,SM,MA|RM,False,0.0,NO_TRADE_REVIEW,EX did not execute a trade under CONFIG_4_MA_SM_RM_EX_RF. The resolved analytical decision was NO_TRADE using MAJORITY_CONSENSUS. 1 of 3 active analytical agents voted BUY; 2 BUY vote(s) were required. Consensus category was SINGLE_BUY. Reason: Configuration 4 majority not reached: 1/3 agents voted BUY.,No trade was executed. The counterfactual net Open-to-Close return was -1.086556%.,The NO_TRADE decision avoided a non-profitable market outcome. | The configured majority-vote rule resolved differing analytical perspectives deterministically. | The resolved NO_TRADE decision avoided a non-profitable Open-to-Close outcome.,,"MA and SM issued different analytical votes. | SM and RM issued different analytical votes. | Configuration 4 contained analytical disagreement; dissenting agent(s): MA, RM.",CONFIG_4_MA_SM_RM_EX_RF | NO_TRADE | PARTIAL_AGENT_AGREEMENT | MAJORITY_NO_TRADE | CONSENSUS_SINGLE_BUY | CORRECT_TRADE_REJECTION,0.7770885220126551
2026-02-06,decision_8f18232519e84a5889c43689dde757a8,UNANIMOUS_BUY,3,MA|SM|RM,,True,0.036573886378317766,CONSISTENT_SUCCESS,EX executed an Open-to-Close trade under CONFIG_4_MA_SM_RM_EX_RF. The resolved analytical decision was BUY using MAJORITY_CONSENSUS. 3 of 3 active analytical agents voted BUY; 2 BUY vote(s) were required. Consensus category was UNANIMOUS_BUY. Execution rationale: Configuration 4 majority BUY consensus: 3/3 agents voted BUY.,"The executed trade outcome was PROFIT. Portfolio net return was 3.657389%; capital changed from $100,000.00 to $103,657.39.",All three analytical agents reached the same directional decision. | The resolved BUY decision produced a positive net Open-to-Close return.,,,CONFIG_4_MA_SM_RM_EX_RF | TRADE_EXECUTED | PROFITABLE_OUTCOME | FULL_AGENT_AGREEMENT | UNANIMOUS_BUY | CONSENSUS_UNANIMOUS_BUY,0.9454082927629676
2026-02-09,decision_e6cbbdd8ed164ce78d8065c026dc504e,SINGLE_BUY,1,RM,MA|SM,False,0.0,NO_TRADE_REVIEW,EX did not execute a trade under CONFIG_4_MA_SM_RM_EX_RF. The resolved analytical decision was NO_TRADE using MAJORITY_CONSENSUS. 1 of 3 active analytical agents voted BUY; 2 BUY vote(s) were required. Consensus category was SINGLE_BUY. Reason: Configuration 4 majority not reached: 1/3 agents voted BUY.,No trade was executed. The counterfactual net Open-to-Close return was -0.219562%.,The NO_TRADE decision avoided a non-profitable market outcome. | The configured majority-vote rule resolved differing analytical perspectives deterministically. | The resolved NO_TRADE decision avoided a non-profitable Open-to-Close outcome.,,"MA and RM issued different analytical votes. | SM and RM issued different analytical votes. | Configuration 4 contained analytical disagreement; dissenting agent(s): MA, SM.",CONFIG_4_MA_SM_RM_EX_RF | NO_TRADE | PARTIAL_AGENT_AGREEMENT | MAJORITY_NO_TRADE | CONSENSUS_SINGLE_BUY | CORRECT_TRADE_REJECTION,0.8025465069949101
2026-02-10,decision_7d1128ca173544d384692565cb457b2a,UNANIMOUS_NO_TRADE,0,,MA|SM|RM,False,0.0,NO_TRADE_REVIEW,EX did not execute a trade under CONFIG_4_MA_SM_RM_EX_RF. The resolved analytical decision was NO_TRADE using MAJORITY_CONSENSUS. 0 of 3 active analytical agents voted BUY; 2 BUY vote(s) were required. Consensus category was UNANIMOUS_NO_TRADE. Reason: Configuration 4 majority not reached: 0/3 agents voted BUY.,No trade was executed. The counterfactual net Open-to-Close return was -0.980771%.,The NO_TRADE decision avoided a non-profitable market outcome. | All three analytical agents reached the same directional decision. | The resolved NO_TRADE decision avoided a non-profitable Open-to-Close outcome.,,,CONFIG_4_MA_SM_RM_EX_RF | NO_TRADE | FULL_AGENT_AGREEMENT | UNANIMOUS_NO_TRADE | CONSENSUS_UNANIMOUS_NO_TRADE | CORRECT_TRADE_REJECTION,0.919322898266896
2026-02-11,decision_fd439c64aeba41ad8032177ce4ac3d56,SINGLE_BUY,1,RM,MA|SM,False,0.0,NO_TRADE_REVIEW,EX did not execute a trade under CONFIG_4_MA_SM_RM_EX_RF. The resolved analytical decision was NO_TRADE using MAJORITY_CONSENSUS. 1 of 3 active analytical agents voted BUY; 2 BUY vote(s) were required. Consensus category was SINGLE_BUY. Reason: Configuration 4 majority not reached: 1/3 agents voted BUY.,No trade was executed. The counterfactual net Open-to-Close return was -2.011939%.,The NO_TRADE decision avoided a non-profitable market outcome. | The configured majority-vote rule resolved differing analytical perspectives deterministically. | The resolved NO_TRADE decision avoided a non-profitable Open-to-Close outcome.,,"MA and RM issued different analytical votes. | SM and RM issued different analytical votes. | Configuration 4 contained analytical disagreement; dissenting agent(s): MA, SM.",CONFIG_4_MA_SM_RM_EX_RF | NO_TRADE | PARTIAL_AGENT_AGREEMENT | MAJORITY_NO_TRADE | CONSENSUS_SINGLE_BUY | CORRECT_TRADE_REJECTION,0.8093459794089727
2026-02-12,decision_92a1b4f14e914f828076bebebdae5149,SM_RM_BUY,2,SM|RM,MA,True,-0.022365932157450363,CONSISTENT_FAILURE,EX executed an Open-to-Close trade under CONFIG_4_MA_SM_RM_EX_RF. The resolved analytical decision was BUY using MAJORITY_CONSENSUS. 2 of 3 active analytical agents voted BUY; 2 BUY vote(s) were required. Consensus category was SM_RM_BUY. Execution rationale: Configuration 4 majority BUY consensus: 2/3 agents voted BUY.,"The executed trade outcome was LOSS. Portfolio net return was -2.236593%; capital changed from $103,657.39 to $101,338.99.",The configured majority-vote rule resolved differing analytical perspectives deterministically.,The resolved BUY decision produced a negative net Open-to-Close return.,MA and SM issued different analytical votes. | MA and RM issued different analytical votes. | Configuration 4 contained analytical disagreement; dissenting agent(s): MA.,CONFIG_4_MA_SM_RM_EX_RF | TRADE_EXECUTED | LOSING_OUTCOME | PARTIAL_AGENT_AGREEMENT | MAJORITY_BUY | CONSENSUS_SM_RM_BUY | MATERIAL_TRADE_LOSS,0.7828622418429372
2026-02-13,decision_f1c7912f45294fca87270670d830ecda,UNANIMOUS_NO_TRADE,0,,MA|SM|RM,False,0.0,NO_TRADE_REVIEW,EX did not execute a trade under CONFIG_4_MA_SM_RM_EX_RF. The resolved analytical decision was NO_TRADE using MAJORITY_CONSENSUS. 0 of 3 active analytical agents voted BUY; 2 BUY vote(s) were required. Consensus category was UNANIMOUS_NO_TRADE. Reason: Configuration 4 majority not reached: 0/3 agents voted BUY.,No trade was executed. The counterfactual net Open-to-Close return was -0.145224%.,The NO_TRADE decision avoided a non-profitable market outcome. | All three analytical agents reached the same directional decision. | The resolved NO_TRADE decision avoided a non-profitable Open-to-Close outcome.,,,CONFIG_4_MA_SM_RM_EX_RF | NO_TRADE | FULL_AGENT_AGREEMENT | UNANIMOUS_NO_TRADE | CONSENSUS_UNANIMOUS_NO_TRADE | LOW_CONFIDENCE | CORRECT_TRADE_REJECTION,0.8992833650073936
2026-02-17,decision_34f4d76ed0224bb2bdf4fc1779b73568,SINGLE_BUY,1,SM,MA|RM,False,0.0,NO_TRADE_REVIEW,EX did not execute a trade under CONFIG_4_MA_SM_RM_EX_RF. The resolved analytical decision was NO_TRADE using MAJORITY_CONSENSUS. 1 of 3 active analytical agents voted BUY; 2 BUY vote(s) were required. Consensus category was SINGLE_BUY. Reason: Configuration 4 majority not reached: 1/3 agents voted BUY.,No trade was executed. The counterfactual net Open-to-Close return was 1.423497%.,The configured majority-vote rule resolved differing analytical perspectives deterministically.,The NO_TRADE decision missed a profitable market outcome. | The resolved NO_TRADE decision missed a profitable Open-to-Close opportunity.,"MA and SM issued different analytical votes. | SM and RM issued different analytical votes. | Configuration 4 contained analytical disagreement; dissenting agent(s): MA, RM.",CONFIG_4_MA_SM_RM_EX_RF | NO_TRADE | PARTIAL_AGENT_AGREEMENT | MAJORITY_NO_TRADE | CONSENSUS_SINGLE_BUY | LOW_CONFIDENCE | MISSED_PROFITABLE_OPPORTUNITY,0.809712458455303
2026-02-18,decision_b505d74eceeb4c1fa3205d4647d3b5a0,SINGLE_BUY,1,RM,MA|SM,False,0.0,NO_TRADE_REVIEW,EX did not execute a trade under CONFIG_4_MA_SM_RM_EX_RF. The resolved analytical decision was NO_TRADE using MAJORITY_CONSENSUS. 1 of 3 active analytical agents voted BUY; 2 BUY vote(s) were required. Consensus category was SINGLE_BUY. Reason: Configuration 4 majority not reached: 1/3 agents voted BUY.,No trade was executed. The counterfactual net Open-to-Close return was 1.245401%.,The configured majority-vote rule resolved differing analytical perspectives deterministically.,The NO_TRADE decision missed a profitable market outcome. | The resolved NO_TRADE decision missed a profitable Open-to-Close opportunity.,"MA and RM issued different analytical votes. | SM and RM issued different analytical votes. | Configuration 4 contained analytical disagreement; dissenting agent(s): MA, SM.",CONFIG_4_MA_SM_RM_EX_RF | NO_TRADE | PARTIAL_AGENT_AGREEMENT | MAJORITY_NO_TRADE | CONSENSUS_SINGLE_BUY | MISSED_PROFITABLE_OPPORTUNITY,0.7844724044056338
2026-02-19,decision_ad0cea167ba5474cb2b47ece51ecd491,UNANIMOUS_NO_TRADE,0,,MA|SM|RM,False,0.0,NO_TRADE_REVIEW,EX did not execute a trade under CONFIG_4_MA_SM_RM_EX_RF. The resolved analytical decision was NO_TRADE using MAJORITY_CONSENSUS. 0 of 3 active analytical agents voted BUY; 2 BUY vote(s) were required. Consensus category was UNANIMOUS_NO_TRADE. Reason: Configuration 4 majority not reached: 0/3 agents voted BUY.,No trade was executed. The counterfactual net Open-to-Close return was 0.419869%.,All three analytical agents reached the same directional decision.,The NO_TRADE decision missed a profitable market outcome. | The resolved NO_TRADE decision missed a profitable Open-to-Close opportunity.,,CONFIG_4_MA_SM_RM_EX_RF | NO_TRADE | FULL_AGENT_AGREEMENT | UNANIMOUS_NO_TRADE | CONSENSUS_UNANIMOUS_NO_TRADE | MISSED_PROFITABLE_OPPORTUNITY,0.9364642210196596
2026-02-20,decision_709fab86091243888b36aa1a74814610,UNANIMOUS_NO_TRADE,0,,MA|SM|RM,False,0.0,NO_TRADE_REVIEW,EX did not execute a trade under CONFIG_4_MA_SM_RM_EX_RF. The resolved analytical decision was NO_TRADE using MAJORITY_CONSENSUS. 0 of 3 active analytical agents voted BUY; 2 BUY vote(s) were required. Consensus category was UNANIMOUS_NO_TRADE. Reason: Configuration 4 majority not reached: 0/3 agents voted BUY.,No trade was executed. The counterfactual net Open-to-Close return was 2.511524%.,All three analytical agents reached the same directional decision.,The NO_TRADE decision missed a profitable market outcome. | The resolved NO_TRADE decision missed a profitable Open-to-Close opportunity.,,CONFIG_4_MA_SM_RM_EX_RF | NO_TRADE | FULL_AGENT_AGREEMENT | UNANIMOUS_NO_TRADE | CONSENSUS_UNANIMOUS_NO_TRADE | MISSED_PROFITABLE_OPPORTUNITY,0.937013768566454
2026-02-23,decision_13e297d09b8d44febe75b58897f4c38e,SINGLE_BUY,1,RM,MA|SM,False,0.0,NO_TRADE_REVIEW,EX did not execute a trade under CONFIG_4_MA_SM_RM_EX_RF. The resolved analytical decision was NO_TRADE using MAJORITY_CONSENSUS. 1 of 3 active analytical agents voted BUY; 2 BUY vote(s) were required. Consensus category was SINGLE_BUY. Reason: Configuration 4 majority not reached: 1/3 agents voted BUY.,No trade was executed. The counterfactual net Open-to-Close return was -1.459232%.,The NO_TRADE decision avoided a non-profitable market outcome. | The configured majority-vote rule resolved differing analytical perspectives deterministically. | The resolved NO_TRADE decision avoided a non-profitable Open-to-Close outcome.,,"MA and RM issued different analytical votes. | SM and RM issued different analytical votes. | Configuration 4 contained analytical disagreement; dissenting agent(s): MA, SM.",CONFIG_4_MA_SM_RM_EX_RF | NO_TRADE | PARTIAL_AGENT_AGREEMENT | MAJORITY_NO_TRADE | CONSENSUS_SINGLE_BUY | CORRECT_TRADE_REJECTION,0.8044066709281357
2026-02-24,decision_17b09baba45a46e18117aa0109cace90,UNANIMOUS_NO_TRADE,0,,MA|SM|RM,False,0.0,NO_TRADE_REVIEW,EX did not execute a trade under CONFIG_4_MA_SM_RM_EX_RF. The resolved analytical decision was NO_TRADE using MAJORITY_CONSENSUS. 0 of 3 active analytical agents voted BUY; 2 BUY vote(s) were required. Consensus category was UNANIMOUS_NO_TRADE. Reason: Configuration 4 majority not reached: 0/3 agents voted BUY.,No trade was executed. The counterfactual net Open-to-Close return was 1.403128%.,All three analytical agents reached the same directional decision.,The NO_TRADE decision missed a profitable market outcome. | The resolved NO_TRADE decision missed a profitable Open-to-Close opportunity.,,CONFIG_4_MA_SM_RM_EX_RF | NO_TRADE | FULL_AGENT_AGREEMENT | UNANIMOUS_NO_TRADE | CONSENSUS_UNANIMOUS_NO_TRADE | MISSED_PROFITABLE_OPPORTUNITY,0.9390748472731002
2026-02-25,decision_4edd2f3664ea4294b31bee2d529e6837,SINGLE_BUY,1,MA,SM|RM,False,0.0,NO_TRADE_REVIEW,EX did not execute a trade under CONFIG_4_MA_SM_RM_EX_RF. The resolved analytical decision was NO_TRADE using MAJORITY_CONSENSUS. 1 of 3 active analytical agents voted BUY; 2 BUY vote(s) were required. Consensus category was SINGLE_BUY. Reason: Configuration 4 majority not reached: 1/3 agents voted BUY.,No trade was executed. The counterfactual net Open-to-Close return was -0.014507%.,The NO_TRADE decision avoided a non-profitable market outcome. | The configured majority-vote rule resolved differing analytical perspectives deterministically. | The resolved NO_TRADE decision avoided a non-profitable Open-to-Close outcome.,,"MA and SM issued different analytical votes. | MA and RM issued different analytical votes. | Configuration 4 contained analytical disagreement; dissenting agent(s): SM, RM.",CONFIG_4_MA_SM_RM_EX_RF | NO_TRADE | PARTIAL_AGENT_AGREEMENT | MAJORITY_NO_TRADE | CONSENSUS_SINGLE_BUY | CORRECT_TRADE_REJECTION,0.7815997319510105
2026-02-26,decision_3ed1643fffa5426a9b331aab748529f7,UNANIMOUS_NO_TRADE,0,,MA|SM|RM,False,0.0,NO_TRADE_REVIEW,EX did not execute a trade under CONFIG_4_MA_SM_RM_EX_RF. The resolved analytical decision was NO_TRADE using MAJORITY_CONSENSUS. 0 of 3 active analytical agents voted BUY; 2 BUY vote(s) were required. Consensus category was UNANIMOUS_NO_TRADE. Reason: Configuration 4 majority not reached: 0/3 agents voted BUY.,No trade was executed. The counterfactual net Open-to-Close return was -1.432780%.,The NO_TRADE decision avoided a non-profitable market outcome. | All three analytical agents reached the same directional decision. | The resolved NO_TRADE decision avoided a non-profitable Open-to-Close outcome.,,,CONFIG_4_MA_SM_RM_EX_RF | NO_TRADE | FULL_AGENT_AGREEMENT | UNANIMOUS_NO_TRADE | CONSENSUS_UNANIMOUS_NO_TRADE | CORRECT_TRADE_REJECTION,0.9118453023734813
2026-02-27,decision_c2de66bc50424c06a1bb6ffe5bd7bd1c,UNANIMOUS_NO_TRADE,0,,MA|SM|RM,False,0.0,NO_TRADE_REVIEW,EX did not execute a trade under CONFIG_4_MA_SM_RM_EX_RF. The resolved analytical decision was NO_TRADE using MAJORITY_CONSENSUS. 0 of 3 active analytical agents voted BUY; 2 BUY vote(s) were required. Consensus category was UNANIMOUS_NO_TRADE. Reason: Configuration 4 majority not reached: 0/3 agents voted BUY.,No trade was executed. The counterfactual net Open-to-Close return was 1.431905%.,All three analytical agents reached the same directional decision.,The NO_TRADE decision missed a profitable market outcome. | The resolved NO_TRADE decision missed a profitable Open-to-Close opportunity.,,CONFIG_4_MA_SM_RM_EX_RF | NO_TRADE | FULL_AGENT_AGREEMENT | UNANIMOUS_NO_TRADE | CONSENSUS_UNANIMOUS_NO_TRADE | MISSED_PROFITABLE_OPPORTUNITY,0.9392003668390319
2026-03-02,decision_58a2330dd0c94645b9894654935dc7bd,UNANIMOUS_NO_TRADE,0,,MA|SM|RM,False,0.0,NO_TRADE_REVIEW,EX did not execute a trade under CONFIG_4_MA_SM_RM_EX_RF. The resolved analytical decision was NO_TRADE using MAJORITY_CONSENSUS. 0 of 3 active analytical agents voted BUY; 2 BUY vote(s) were required. Consensus category was UNANIMOUS_NO_TRADE. Reason: Configuration 4 majority not reached: 0/3 agents voted BUY.,No trade was executed. The counterfactual net Open-to-Close return was 1.776364%.,All three analytical agents reached the same directional decision.,The NO_TRADE decision missed a profitable market outcome. | The resolved NO_TRADE decision missed a profitable Open-to-Close opportunity.,,CONFIG_4_MA_SM_RM_EX_RF | NO_TRADE | FULL_AGENT_AGREEMENT | UNANIMOUS_NO_TRADE | CONSENSUS_UNANIMOUS_NO_TRADE | MISSED_PROFITABLE_OPPORTUNITY,0.931859320637731
2026-03-03,decision_8ad9ee75658e428eafcb54aec2714236,UNANIMOUS_NO_TRADE,0,,MA|SM|RM,False,0.0,NO_TRADE_REVIEW,EX did not execute a trade under CONFIG_4_MA_SM_RM_EX_RF. The resolved analytical decision was NO_TRADE using MAJORITY_CONSENSUS. 0 of 3 active analytical agents voted BUY; 2 BUY vote(s) were required. Consensus category was UNANIMOUS_NO_TRADE. Reason: Configuration 4 majority not reached: 0/3 agents voted BUY.,No trade was executed. The counterfactual net Open-to-Close return was 2.670655%.,All three analytical agents reached the same directional decision.,The NO_TRADE decision missed a profitable market outcome. | The resolved NO_TRADE decision missed a profitable Open-to-Close opportunity.,,CONFIG_4_MA_SM_RM_EX_RF | NO_TRADE | FULL_AGENT_AGREEMENT | UNANIMOUS_NO_TRADE | CONSENSUS_UNANIMOUS_NO_TRADE | MISSED_PROFITABLE_OPPORTUNITY,0.9326643170904653
2026-03-04,decision_cb60d969e48d4555ae1c92445c4ff447,SINGLE_BUY,1,SM,MA|RM,False,0.0,NO_TRADE_REVIEW,EX did not execute a trade under CONFIG_4_MA_SM_RM_EX_RF. The resolved analytical decision was NO_TRADE using MAJORITY_CONSENSUS. 1 of 3 active analytical agents voted BUY; 2 BUY vote(s) were required. Consensus category was SINGLE_BUY. Reason: Configuration 4 majority not reached: 1/3 agents voted BUY.,No trade was executed. The counterfactual net Open-to-Close return was 2.915564%.,The configured majority-vote rule resolved differing analytical perspectives deterministically.,The NO_TRADE decision missed a profitable market outcome. | The resolved NO_TRADE decision missed a profitable Open-to-Close opportunity.,"MA and SM issued different analytical votes. | SM and RM issued different analytical votes. | Configuration 4 contained analytical disagreement; dissenting agent(s): MA, RM.",CONFIG_4_MA_SM_RM_EX_RF | NO_TRADE | PARTIAL_AGENT_AGREEMENT | MAJORITY_NO_TRADE | CONSENSUS_SINGLE_BUY | MISSED_PROFITABLE_OPPORTUNITY,0.8060606830457031
2026-03-05,decision_9952249cb955461e88863a73d41bab8a,SM_RM_BUY,2,SM|RM,MA,True,0.012698278218796932,CONSISTENT_SUCCESS,EX executed an Open-to-Close trade under CONFIG_4_MA_SM_RM_EX_RF. The resolved analytical decision was BUY using MAJORITY_CONSENSUS. 2 of 3 active analytical agents voted BUY; 2 BUY vote(s) were required. Consensus category was SM_RM_BUY. Execution rationale: Configuration 4 majority BUY consensus: 2/3 agents voted BUY.,"The executed trade outcome was PROFIT. Portfolio net return was 1.269828%; capital changed from $101,338.99 to $102,625.83.",The configured majority-vote rule resolved differing analytical perspectives deterministically. | The resolved BUY decision produced a positive net Open-to-Close return.,,MA and SM issued different analytical votes. | MA and RM issued different analytical votes. | Configuration 4 contained analytical disagreement; dissenting agent(s): MA.,CONFIG_4_MA_SM_RM_EX_RF | TRADE_EXECUTED | PROFITABLE_OUTCOME | PARTIAL_AGENT_AGREEMENT | MAJORITY_BUY | CONSENSUS_SM_RM_BUY,0.7952990178495042
2026-03-06,decision_73a9278bab4d4b5d99545de1f2153726,SM_RM_BUY,2,SM|RM,MA,True,-0.00927518531029653,CONSISTENT_FAILURE,EX executed an Open-to-Close trade under CONFIG_4_MA_SM_RM_EX_RF. The resolved analytical decision was BUY using MAJORITY_CONSENSUS. 2 of 3 active analytical agents voted BUY; 2 BUY vote(s) were required. Consensus category was SM_RM_BUY. Execution rationale: Configuration 4 majority BUY consensus: 2/3 agents voted BUY.,"The executed trade outcome was LOSS. Portfolio net return was -0.927519%; capital changed from $102,625.83 to $101,673.95.",The configured majority-vote rule resolved differing analytical perspectives deterministically.,The resolved BUY decision produced a negative net Open-to-Close return.,MA and SM issued different analytical votes. | MA and RM issued different analytical votes. | Configuration 4 contained analytical disagreement; dissenting agent(s): MA.,CONFIG_4_MA_SM_RM_EX_RF | TRADE_EXECUTED | LOSING_OUTCOME | PARTIAL_AGENT_AGREEMENT | MAJORITY_BUY | CONSENSUS_SM_RM_BUY,0.7832090655351863
2026-03-09,decision_4062e60055844f479fc0b2172fd62113,UNANIMOUS_NO_TRADE,0,,MA|SM|RM,False,0.0,NO_TRADE_REVIEW,EX did not execute a trade under CONFIG_4_MA_SM_RM_EX_RF. The resolved analytical decision was NO_TRADE using MAJORITY_CONSENSUS. 0 of 3 active analytical agents voted BUY; 2 BUY vote(s) were required. Consensus category was UNANIMOUS_NO_TRADE. Reason: Configuration 4 majority not reached: 0/3 agents voted BUY.,No trade was executed. The counterfactual net Open-to-Close return was 1.343818%.,All three analytical agents reached the same directional decision.,The NO_TRADE decision missed a profitable market outcome. | The resolved NO_TRADE decision missed a profitable Open-to-Close opportunity.,,CONFIG_4_MA_SM_RM_EX_RF | NO_TRADE | FULL_AGENT_AGREEMENT | UNANIMOUS_NO_TRADE | CONSENSUS_UNANIMOUS_NO_TRADE | LOW_CONFIDENCE | MISSED_PROFITABLE_OPPORTUNITY,0.9419296824486495
2026-03-10,decision_244a9784a64c4828bb5d54e4b5069c3a,SINGLE_BUY,1,RM,MA|SM,False,0.0,NO_TRADE_REVIEW,EX did not execute a trade under CONFIG_4_MA_SM_RM_EX_RF. The resolved analytical decision was NO_TRADE using MAJORITY_CONSENSUS. 1 of 3 active analytical agents voted BUY; 2 BUY vote(s) were required. Consensus category was SINGLE_BUY. Reason: Configuration 4 majority not reached: 1/3 agents voted BUY.,No trade was executed. The counterfactual net Open-to-Close return was -0.034658%.,The NO_TRADE decision avoided a non-profitable market outcome. | The configured majority-vote rule resolved differing analytical perspectives deterministically. | The resolved NO_TRADE decision avoided a non-profitable Open-to-Close outcome.,,"MA and RM issued different analytical votes. | SM and RM issued different analytical votes. | Configuration 4 contained analytical disagreement; dissenting agent(s): MA, SM.",CONFIG_4_MA_SM_RM_EX_RF | NO_TRADE | PARTIAL_AGENT_AGREEMENT | MAJORITY_NO_TRADE | CONSENSUS_SINGLE_BUY | CORRECT_TRADE_REJECTION,0.8008204937571107
2026-03-11,decision_2b2cab08afc64483952be597739f2935,UNANIMOUS_NO_TRADE,0,,MA|SM|RM,False,0.0,NO_TRADE_REVIEW,EX did not execute a trade under CONFIG_4_MA_SM_RM_EX_RF. The resolved analytical decision was NO_TRADE using MAJORITY_CONSENSUS. 0 of 3 active analytical agents voted BUY; 2 BUY vote(s) were required. Consensus category was UNANIMOUS_NO_TRADE. Reason: Configuration 4 majority not reached: 0/3 agents voted BUY.,No trade was executed. The counterfactual net Open-to-Close return was -1.517856%.,The NO_TRADE decision avoided a non-profitable market outcome. | All three analytical agents reached the same directional decision. | The resolved NO_TRADE decision avoided a non-profitable Open-to-Close outcome.,,,CONFIG_4_MA_SM_RM_EX_RF | NO_TRADE | FULL_AGENT_AGREEMENT | UNANIMOUS_NO_TRADE | CONSENSUS_UNANIMOUS_NO_TRADE | CORRECT_TRADE_REJECTION,0.9185507504708597
2026-03-12,decision_0a1c29b5b7864297990f3fff5f7a42f9,UNANIMOUS_NO_TRADE,0,,MA|SM|RM,False,0.0,NO_TRADE_REVIEW,EX did not execute a trade under CONFIG_4_MA_SM_RM_EX_RF. The resolved analytical decision was NO_TRADE using MAJORITY_CONSENSUS. 0 of 3 active analytical agents voted BUY; 2 BUY vote(s) were required. Consensus category was UNANIMOUS_NO_TRADE. Reason: Configuration 4 majority not reached: 0/3 agents voted BUY.,No trade was executed. The counterfactual net Open-to-Close return was -0.508548%.,The NO_TRADE decision avoided a non-profitable market outcome. | All three analytical agents reached the same directional decision. | The resolved NO_TRADE decision avoided a non-profitable Open-to-Close outcome.,,,CONFIG_4_MA_SM_RM_EX_RF | NO_TRADE | FULL_AGENT_AGREEMENT | UNANIMOUS_NO_TRADE | CONSENSUS_UNANIMOUS_NO_TRADE | CORRECT_TRADE_REJECTION,0.9128741687297212
2026-03-13,decision_ab28a33bde1b4d37858920075e0a79dd,UNANIMOUS_NO_TRADE,0,,MA|SM|RM,False,0.0,NO_TRADE_REVIEW,EX did not execute a trade under CONFIG_4_MA_SM_RM_EX_RF. The resolved analytical decision was NO_TRADE using MAJORITY_CONSENSUS. 0 of 3 active analytical agents voted BUY; 2 BUY vote(s) were required. Consensus category was UNANIMOUS_NO_TRADE. Reason: Configuration 4 majority not reached: 0/3 agents voted BUY.,No trade was executed. The counterfactual net Open-to-Close return was -1.025054%.,The NO_TRADE decision avoided a non-profitable market outcome. | All three analytical agents reached the same directional decision. | The resolved NO_TRADE decision avoided a non-profitable Open-to-Close outcome.,,,CONFIG_4_MA_SM_RM_EX_RF | NO_TRADE | FULL_AGENT_AGREEMENT | UNANIMOUS_NO_TRADE | CONSENSUS_UNANIMOUS_NO_TRADE | LOW_CONFIDENCE | CORRECT_TRADE_REJECTION,0.9096626080245911
2026-03-16,decision_1d618b8914854714bf42a5c6d311fc88,UNANIMOUS_NO_TRADE,0,,MA|SM|RM,False,0.0,NO_TRADE_REVIEW,EX did not execute a trade under CONFIG_4_MA_SM_RM_EX_RF. The resolved analytical decision was NO_TRADE using MAJORITY_CONSENSUS. 0 of 3 active analytical agents voted BUY; 2 BUY vote(s) were required. Consensus category was UNANIMOUS_NO_TRADE. Reason: Configuration 4 majority not reached: 0/3 agents voted BUY.,No trade was executed. The counterfactual net Open-to-Close return was 1.526269%.,All three analytical agents reached the same directional decision.,The NO_TRADE decision missed a profitable market outcome. | The resolved NO_TRADE decision missed a profitable Open-to-Close opportunity.,,CONFIG_4_MA_SM_RM_EX_RF | NO_TRADE | FULL_AGENT_AGREEMENT | UNANIMOUS_NO_TRADE | CONSENSUS_UNANIMOUS_NO_TRADE | MISSED_PROFITABLE_OPPORTUNITY,0.9349191943653163
2026-03-17,decision_490d462780d24cfc8f1aa65989b7023a,UNANIMOUS_NO_TRADE,0,,MA|SM|RM,False,0.0,NO_TRADE_REVIEW,EX did not execute a trade under CONFIG_4_MA_SM_RM_EX_RF. The resolved analytical decision was NO_TRADE using MAJORITY_CONSENSUS. 0 of 3 active analytical agents voted BUY; 2 BUY vote(s) were required. Consensus category was UNANIMOUS_NO_TRADE. Reason: Configuration 4 majority not reached: 0/3 agents voted BUY.,No trade was executed. The counterfactual net Open-to-Close return was 1.017765%.,All three analytical agents reached the same directional decision.,The NO_TRADE decision missed a profitable market outcome. | The resolved NO_TRADE decision missed a profitable Open-to-Close opportunity.,,CONFIG_4_MA_SM_RM_EX_RF | NO_TRADE | FULL_AGENT_AGREEMENT | UNANIMOUS_NO_TRADE | CONSENSUS_UNANIMOUS_NO_TRADE | LOW_CONFIDENCE | MISSED_PROFITABLE_OPPORTUNITY,0.9415345573162762
2026-03-18,decision_ff66e909f3eb4de3a11e3d5ba5a2a2dc,SINGLE_BUY,1,MA,SM|RM,False,0.0,NO_TRADE_REVIEW,EX did not execute a trade under CONFIG_4_MA_SM_RM_EX_RF. The resolved analytical decision was NO_TRADE using MAJORITY_CONSENSUS. 1 of 3 active analytical agents voted BUY; 2 BUY vote(s) were required. Consensus category was SINGLE_BUY. Reason: Configuration 4 majority not reached: 1/3 agents voted BUY.,No trade was executed. The counterfactual net Open-to-Close return was -1.996855%.,The NO_TRADE decision avoided a non-profitable market outcome. | The configured majority-vote rule resolved differing analytical perspectives deterministically. | The resolved NO_TRADE decision avoided a non-profitable Open-to-Close outcome.,,"MA and SM issued different analytical votes. | MA and RM issued different analytical votes. | Configuration 4 contained analytical disagreement; dissenting agent(s): SM, RM.",CONFIG_4_MA_SM_RM_EX_RF | NO_TRADE | PARTIAL_AGENT_AGREEMENT | MAJORITY_NO_TRADE | CONSENSUS_SINGLE_BUY | CORRECT_TRADE_REJECTION,0.7820558346296421
2026-03-19,decision_76669a7fb562421fb537b6e63c0c3444,UNANIMOUS_NO_TRADE,0,,MA|SM|RM,False,0.0,NO_TRADE_REVIEW,EX did not execute a trade under CONFIG_4_MA_SM_RM_EX_RF. The resolved analytical decision was NO_TRADE using MAJORITY_CONSENSUS. 0 of 3 active analytical agents voted BUY; 2 BUY vote(s) were required. Consensus category was UNANIMOUS_NO_TRADE. Reason: Configuration 4 majority not reached: 0/3 agents voted BUY.,No trade was executed. The counterfactual net Open-to-Close return was 0.720619%.,All three analytical agents reached the same directional decision.,The NO_TRADE decision missed a profitable market outcome. | The resolved NO_TRADE decision missed a profitable Open-to-Close opportunity.,,CONFIG_4_MA_SM_RM_EX_RF | NO_TRADE | FULL_AGENT_AGREEMENT | UNANIMOUS_NO_TRADE | CONSENSUS_UNANIMOUS_NO_TRADE | LOW_CONFIDENCE | MISSED_PROFITABLE_OPPORTUNITY,0.9411439213055891
2026-03-20,decision_0bdee0e539854b6eb7f120ac45c6364b,UNANIMOUS_NO_TRADE,0,,MA|SM|RM,False,0.0,NO_TRADE_REVIEW,EX did not execute a trade under CONFIG_4_MA_SM_RM_EX_RF. The resolved analytical decision was NO_TRADE using MAJORITY_CONSENSUS. 0 of 3 active analytical agents voted BUY; 2 BUY vote(s) were required. Consensus category was UNANIMOUS_NO_TRADE. Reason: Configuration 4 majority not reached: 0/3 agents voted BUY.,No trade was executed. The counterfactual net Open-to-Close return was -1.078283%.,The NO_TRADE decision avoided a non-profitable market outcome. | All three analytical agents reached the same directional decision. | The resolved NO_TRADE decision avoided a non-profitable Open-to-Close outcome.,,,CONFIG_4_MA_SM_RM_EX_RF | NO_TRADE | FULL_AGENT_AGREEMENT | UNANIMOUS_NO_TRADE | CONSENSUS_UNANIMOUS_NO_TRADE | CORRECT_TRADE_REJECTION,0.9142953728895429
2026-03-23,decision_28078b9257ac4996bd12337462493105,UNANIMOUS_NO_TRADE,0,,MA|SM|RM,False,0.0,NO_TRADE_REVIEW,EX did not execute a trade under CONFIG_4_MA_SM_RM_EX_RF. The resolved analytical decision was NO_TRADE using MAJORITY_CONSENSUS. 0 of 3 active analytical agents voted BUY; 2 BUY vote(s) were required. Consensus category was UNANIMOUS_NO_TRADE. Reason: Configuration 4 majority not reached: 0/3 agents voted BUY.,No trade was executed. The counterfactual net Open-to-Close return was 0.066766%.,All three analytical agents reached the same directional decision.,The NO_TRADE decision missed a profitable market outcome. | The resolved NO_TRADE decision missed a profitable Open-to-Close opportunity.,,CONFIG_4_MA_SM_RM_EX_RF | NO_TRADE | FULL_AGENT_AGREEMENT | UNANIMOUS_NO_TRADE | CONSENSUS_UNANIMOUS_NO_TRADE | MISSED_PROFITABLE_OPPORTUNITY,0.9384344660074441
2026-03-24,decision_d8a4279af00b4084af4f5f2b8e5ed695,UNANIMOUS_NO_TRADE,0,,MA|SM|RM,False,0.0,NO_TRADE_REVIEW,EX did not execute a trade under CONFIG_4_MA_SM_RM_EX_RF. The resolved analytical decision was NO_TRADE using MAJORITY_CONSENSUS. 0 of 3 active analytical agents voted BUY; 2 BUY vote(s) were required. Consensus category was UNANIMOUS_NO_TRADE. Reason: Configuration 4 majority not reached: 0/3 agents voted BUY.,No trade was executed. The counterfactual net Open-to-Close return was -0.441241%.,The NO_TRADE decision avoided a non-profitable market outcome. | All three analytical agents reached the same directional decision. | The resolved NO_TRADE decision avoided a non-profitable Open-to-Close outcome.,,,CONFIG_4_MA_SM_RM_EX_RF | NO_TRADE | FULL_AGENT_AGREEMENT | UNANIMOUS_NO_TRADE | CONSENSUS_UNANIMOUS_NO_TRADE | CORRECT_TRADE_REJECTION,0.9136906630470808
2026-03-25,decision_15d6d7c8fdab4211a9824807f15c710a,UNANIMOUS_NO_TRADE,0,,MA|SM|RM,False,0.0,NO_TRADE_REVIEW,EX did not execute a trade under CONFIG_4_MA_SM_RM_EX_RF. The resolved analytical decision was NO_TRADE using MAJORITY_CONSENSUS. 0 of 3 active analytical agents voted BUY; 2 BUY vote(s) were required. Consensus category was UNANIMOUS_NO_TRADE. Reason: Configuration 4 majority not reached: 0/3 agents voted BUY.,No trade was executed. The counterfactual net Open-to-Close return was -0.029117%.,The NO_TRADE decision avoided a non-profitable market outcome. | All three analytical agents reached the same directional decision. | The resolved NO_TRADE decision avoided a non-profitable Open-to-Close outcome.,,,CONFIG_4_MA_SM_RM_EX_RF | NO_TRADE | FULL_AGENT_AGREEMENT | UNANIMOUS_NO_TRADE | CONSENSUS_UNANIMOUS_NO_TRADE | CORRECT_TRADE_REJECTION,0.911822630219619
2026-03-26,decision_879c20ac9b0f4aa29f74478671b40ad6,UNANIMOUS_NO_TRADE,0,,MA|SM|RM,False,0.0,NO_TRADE_REVIEW,EX did not execute a trade under CONFIG_4_MA_SM_RM_EX_RF. The resolved analytical decision was NO_TRADE using MAJORITY_CONSENSUS. 0 of 3 active analytical agents voted BUY; 2 BUY vote(s) were required. Consensus category was UNANIMOUS_NO_TRADE. Reason: Configuration 4 majority not reached: 0/3 agents voted BUY.,No trade was executed. The counterfactual net Open-to-Close return was -1.556933%.,The NO_TRADE decision avoided a non-profitable market outcome. | All three analytical agents reached the same directional decision. | The resolved NO_TRADE decision avoided a non-profitable Open-to-Close outcome.,,,CONFIG_4_MA_SM_RM_EX_RF | NO_TRADE | FULL_AGENT_AGREEMENT | UNANIMOUS_NO_TRADE | CONSENSUS_UNANIMOUS_NO_TRADE | LOW_CONFIDENCE | CORRECT_TRADE_REJECTION,0.9061756850919062
2026-03-27,decision_b90c6626ded24ab5b0e2435a360fada3,UNANIMOUS_NO_TRADE,0,,MA|SM|RM,False,0.0,NO_TRADE_REVIEW,EX did not execute a trade under CONFIG_4_MA_SM_RM_EX_RF. The resolved analytical decision was NO_TRADE using MAJORITY_CONSENSUS. 0 of 3 active analytical agents voted BUY; 2 BUY vote(s) were required. Consensus category was UNANIMOUS_NO_TRADE. Reason: Configuration 4 majority not reached: 0/3 agents voted BUY.,No trade was executed. The counterfactual net Open-to-Close return was -3.546878%.,The NO_TRADE decision avoided a non-profitable market outcome. | All three analytical agents reached the same directional decision. | The resolved NO_TRADE decision avoided a non-profitable Open-to-Close outcome.,,,CONFIG_4_MA_SM_RM_EX_RF | NO_TRADE | FULL_AGENT_AGREEMENT | UNANIMOUS_NO_TRADE | CONSENSUS_UNANIMOUS_NO_TRADE | LOW_CONFIDENCE | CORRECT_TRADE_REJECTION,0.9082740931114802
2026-03-30,decision_a582a98b1cd746989a8379dbd5f186a4,UNANIMOUS_NO_TRADE,0,,MA|SM|RM,False,0.0,NO_TRADE_REVIEW,EX did not execute a trade under CONFIG_4_MA_SM_RM_EX_RF. The resolved analytical decision was NO_TRADE using MAJORITY_CONSENSUS. 0 of 3 active analytical agents voted BUY; 2 BUY vote(s) were required. Consensus category was UNANIMOUS_NO_TRADE. Reason: Configuration 4 majority not reached: 0/3 agents voted BUY.,No trade was executed. The counterfactual net Open-to-Close return was -0.362909%.,The NO_TRADE decision avoided a non-profitable market outcome. | All three analytical agents reached the same directional decision. | The resolved NO_TRADE decision avoided a non-profitable Open-to-Close outcome.,,,CONFIG_4_MA_SM_RM_EX_RF | NO_TRADE | FULL_AGENT_AGREEMENT | UNANIMOUS_NO_TRADE | CONSENSUS_UNANIMOUS_NO_TRADE | LOW_CONFIDENCE | CORRECT_TRADE_REJECTION,0.9092202927174285
2026-03-31,decision_ec91f4f0c54a4a31bccc7d0b02253c56,SINGLE_BUY,1,RM,MA|SM,False,0.0,NO_TRADE_REVIEW,EX did not execute a trade under CONFIG_4_MA_SM_RM_EX_RF. The resolved analytical decision was NO_TRADE using MAJORITY_CONSENSUS. 1 of 3 active analytical agents voted BUY; 2 BUY vote(s) were required. Consensus category was SINGLE_BUY. Reason: Configuration 4 majority not reached: 1/3 agents voted BUY.,No trade was executed. The counterfactual net Open-to-Close return was 1.568691%.,The configured majority-vote rule resolved differing analytical perspectives deterministically.,The NO_TRADE decision missed a profitable market outcome. | The resolved NO_TRADE decision missed a profitable Open-to-Close opportunity.,"MA and RM issued different analytical votes. | SM and RM issued different analytical votes. | Configuration 4 contained analytical disagreement; dissenting agent(s): MA, SM.",CONFIG_4_MA_SM_RM_EX_RF | NO_TRADE | PARTIAL_AGENT_AGREEMENT | MAJORITY_NO_TRADE | CONSENSUS_SINGLE_BUY | MISSED_PROFITABLE_OPPORTUNITY,0.7861124045968965
2026-04-01,decision_2c22aa2ac73c4ef1a88efb9320c782a4,UNANIMOUS_NO_TRADE,0,,MA|SM|RM,False,0.0,NO_TRADE_REVIEW,EX did not execute a trade under CONFIG_4_MA_SM_RM_EX_RF. The resolved analytical decision was NO_TRADE using MAJORITY_CONSENSUS. 0 of 3 active analytical agents voted BUY; 2 BUY vote(s) were required. Consensus category was UNANIMOUS_NO_TRADE. Reason: Configuration 4 majority not reached: 0/3 agents voted BUY.,No trade was executed. The counterfactual net Open-to-Close return was -0.038241%.,The NO_TRADE decision avoided a non-profitable market outcome. | All three analytical agents reached the same directional decision. | The resolved NO_TRADE decision avoided a non-profitable Open-to-Close outcome.,,,CONFIG_4_MA_SM_RM_EX_RF | NO_TRADE | FULL_AGENT_AGREEMENT | UNANIMOUS_NO_TRADE | CONSENSUS_UNANIMOUS_NO_TRADE | CORRECT_TRADE_REJECTION,0.9142605665398783
2026-04-02,decision_bd11839fb82c4dc48ea70014c23870ca,UNANIMOUS_NO_TRADE,0,,MA|SM|RM,False,0.0,NO_TRADE_REVIEW,EX did not execute a trade under CONFIG_4_MA_SM_RM_EX_RF. The resolved analytical decision was NO_TRADE using MAJORITY_CONSENSUS. 0 of 3 active analytical agents voted BUY; 2 BUY vote(s) were required. Consensus category was UNANIMOUS_NO_TRADE. Reason: Configuration 4 majority not reached: 0/3 agents voted BUY.,No trade was executed. The counterfactual net Open-to-Close return was 1.463098%.,All three analytical agents reached the same directional decision.,The NO_TRADE decision missed a profitable market outcome. | The resolved NO_TRADE decision missed a profitable Open-to-Close opportunity.,,CONFIG_4_MA_SM_RM_EX_RF | NO_TRADE | FULL_AGENT_AGREEMENT | UNANIMOUS_NO_TRADE | CONSENSUS_UNANIMOUS_NO_TRADE | MISSED_PROFITABLE_OPPORTUNITY,0.926548233497139
2026-04-06,decision_38175187091348e1bb334716fa1f91ca,UNANIMOUS_NO_TRADE,0,,MA|SM|RM,False,0.0,NO_TRADE_REVIEW,EX did not execute a trade under CONFIG_4_MA_SM_RM_EX_RF. The resolved analytical decision was NO_TRADE using MAJORITY_CONSENSUS. 0 of 3 active analytical agents voted BUY; 2 BUY vote(s) were required. Consensus category was UNANIMOUS_NO_TRADE. Reason: Configuration 4 majority not reached: 0/3 agents voted BUY.,No trade was executed. The counterfactual net Open-to-Close return was 1.324462%.,All three analytical agents reached the same directional decision.,The NO_TRADE decision missed a profitable market outcome. | The resolved NO_TRADE decision missed a profitable Open-to-Close opportunity.,,CONFIG_4_MA_SM_RM_EX_RF | NO_TRADE | FULL_AGENT_AGREEMENT | UNANIMOUS_NO_TRADE | CONSENSUS_UNANIMOUS_NO_TRADE | MISSED_PROFITABLE_OPPORTUNITY,0.9358190753409594
2026-04-07,decision_2046c7e1fda244e7be9dd227fd036d73,UNANIMOUS_NO_TRADE,0,,MA|SM|RM,False,0.0,NO_TRADE_REVIEW,EX did not execute a trade under CONFIG_4_MA_SM_RM_EX_RF. The resolved analytical decision was NO_TRADE using MAJORITY_CONSENSUS. 0 of 3 active analytical agents voted BUY; 2 BUY vote(s) were required. Consensus category was UNANIMOUS_NO_TRADE. Reason: Configuration 4 majority not reached: 0/3 agents voted BUY.,No trade was executed. The counterfactual net Open-to-Close return was 1.097103%.,All three analytical agents reached the same directional decision.,The NO_TRADE decision missed a profitable market outcome. | The resolved NO_TRADE decision missed a profitable Open-to-Close opportunity.,,CONFIG_4_MA_SM_RM_EX_RF | NO_TRADE | FULL_AGENT_AGREEMENT | UNANIMOUS_NO_TRADE | CONSENSUS_UNANIMOUS_NO_TRADE | LOW_CONFIDENCE | MISSED_PROFITABLE_OPPORTUNITY,0.9432355650731573
2026-04-08,decision_ffc11846de3143489987202ebeab9b8e,UNANIMOUS_NO_TRADE,0,,MA|SM|RM,False,0.0,NO_TRADE_REVIEW,EX did not execute a trade under CONFIG_4_MA_SM_RM_EX_RF. The resolved analytical decision was NO_TRADE using MAJORITY_CONSENSUS. 0 of 3 active analytical agents voted BUY; 2 BUY vote(s) were required. Consensus category was UNANIMOUS_NO_TRADE. Reason: Configuration 4 majority not reached: 0/3 agents voted BUY.,No trade was executed. The counterfactual net Open-to-Close return was -1.234410%.,The NO_TRADE decision avoided a non-profitable market outcome. | All three analytical agents reached the same directional decision. | The resolved NO_TRADE decision avoided a non-profitable Open-to-Close outcome.,,,CONFIG_4_MA_SM_RM_EX_RF | NO_TRADE | FULL_AGENT_AGREEMENT | UNANIMOUS_NO_TRADE | CONSENSUS_UNANIMOUS_NO_TRADE | CORRECT_TRADE_REJECTION,0.9188430929603346
2026-04-09,decision_8c0b5f07b97b44108f74ed244c9c984b,UNANIMOUS_NO_TRADE,0,,MA|SM|RM,False,0.0,NO_TRADE_REVIEW,EX did not execute a trade under CONFIG_4_MA_SM_RM_EX_RF. The resolved analytical decision was NO_TRADE using MAJORITY_CONSENSUS. 0 of 3 active analytical agents voted BUY; 2 BUY vote(s) were required. Consensus category was UNANIMOUS_NO_TRADE. Reason: Configuration 4 majority not reached: 0/3 agents voted BUY.,No trade was executed. The counterfactual net Open-to-Close return was 3.636544%.,All three analytical agents reached the same directional decision.,The NO_TRADE decision missed a profitable market outcome. | The resolved NO_TRADE decision missed a profitable Open-to-Close opportunity.,,CONFIG_4_MA_SM_RM_EX_RF | NO_TRADE | FULL_AGENT_AGREEMENT | UNANIMOUS_NO_TRADE | CONSENSUS_UNANIMOUS_NO_TRADE | MISSED_PROFITABLE_OPPORTUNITY,0.9347478841167758
2026-04-10,decision_3f5a6f78d00640e5bc29142a1f6584f9,UNANIMOUS_NO_TRADE,0,,MA|SM|RM,False,0.0,NO_TRADE_REVIEW,EX did not execute a trade under CONFIG_4_MA_SM_RM_EX_RF. The resolved analytical decision was NO_TRADE using MAJORITY_CONSENSUS. 0 of 3 active analytical agents voted BUY; 2 BUY vote(s) were required. Consensus category was UNANIMOUS_NO_TRADE. Reason: Configuration 4 majority not reached: 0/3 agents voted BUY.,No trade was executed. The counterfactual net Open-to-Close return was 1.208326%.,All three analytical agents reached the same directional decision.,The NO_TRADE decision missed a profitable market outcome. | The resolved NO_TRADE decision missed a profitable Open-to-Close opportunity.,,CONFIG_4_MA_SM_RM_EX_RF | NO_TRADE | FULL_AGENT_AGREEMENT | UNANIMOUS_NO_TRADE | CONSENSUS_UNANIMOUS_NO_TRADE | MISSED_PROFITABLE_OPPORTUNITY,0.9177401111455112
2026-04-13,decision_b650ed33dfd54858b1118050f9f253db,UNANIMOUS_NO_TRADE,0,,MA|SM|RM,False,0.0,NO_TRADE_REVIEW,EX did not execute a trade under CONFIG_4_MA_SM_RM_EX_RF. The resolved analytical decision was NO_TRADE using MAJORITY_CONSENSUS. 0 of 3 active analytical agents voted BUY; 2 BUY vote(s) were required. Consensus category was UNANIMOUS_NO_TRADE. Reason: Configuration 4 majority not reached: 0/3 agents voted BUY.,No trade was executed. The counterfactual net Open-to-Close return was 0.927085%.,All three analytical agents reached the same directional decision.,The NO_TRADE decision missed a profitable market outcome. | The resolved NO_TRADE decision missed a profitable Open-to-Close opportunity.,,CONFIG_4_MA_SM_RM_EX_RF | NO_TRADE | FULL_AGENT_AGREEMENT | UNANIMOUS_NO_TRADE | CONSENSUS_UNANIMOUS_NO_TRADE | MISSED_PROFITABLE_OPPORTUNITY,0.9305864279188107
2026-04-14,decision_95af2d55715643b7a6d1feaefb59cdb1,UNANIMOUS_NO_TRADE,0,,MA|SM|RM,False,0.0,NO_TRADE_REVIEW,EX did not execute a trade under CONFIG_4_MA_SM_RM_EX_RF. The resolved analytical decision was NO_TRADE using MAJORITY_CONSENSUS. 0 of 3 active analytical agents voted BUY; 2 BUY vote(s) were required. Consensus category was UNANIMOUS_NO_TRADE. Reason: Configuration 4 majority not reached: 0/3 agents voted BUY.,No trade was executed. The counterfactual net Open-to-Close return was 2.892976%.,All three analytical agents reached the same directional decision.,The NO_TRADE decision missed a profitable market outcome. | The resolved NO_TRADE decision missed a profitable Open-to-Close opportunity.,,CONFIG_4_MA_SM_RM_EX_RF | NO_TRADE | FULL_AGENT_AGREEMENT | UNANIMOUS_NO_TRADE | CONSENSUS_UNANIMOUS_NO_TRADE | MISSED_PROFITABLE_OPPORTUNITY,0.935566464360149
2026-04-15,decision_b0d2cadc12b74d418bc57337590125f7,UNANIMOUS_NO_TRADE,0,,MA|SM|RM,False,0.0,NO_TRADE_REVIEW,EX did not execute a trade under CONFIG_4_MA_SM_RM_EX_RF. The resolved analytical decision was NO_TRADE using MAJORITY_CONSENSUS. 0 of 3 active analytical agents voted BUY; 2 BUY vote(s) were required. Consensus category was UNANIMOUS_NO_TRADE. Reason: Configuration 4 majority not reached: 0/3 agents voted BUY.,No trade was executed. The counterfactual net Open-to-Close return was -0.400740%.,The NO_TRADE decision avoided a non-profitable market outcome. | All three analytical agents reached the same directional decision. | The resolved NO_TRADE decision avoided a non-profitable Open-to-Close outcome.,,,CONFIG_4_MA_SM_RM_EX_RF | NO_TRADE | FULL_AGENT_AGREEMENT | UNANIMOUS_NO_TRADE | CONSENSUS_UNANIMOUS_NO_TRADE | CORRECT_TRADE_REJECTION,0.9278644680678813
2026-04-16,decision_0179c31e0ba4488091e506992cc98082,UNANIMOUS_NO_TRADE,0,,MA|SM|RM,False,0.0,NO_TRADE_REVIEW,EX did not execute a trade under CONFIG_4_MA_SM_RM_EX_RF. The resolved analytical decision was NO_TRADE using MAJORITY_CONSENSUS. 0 of 3 active analytical agents voted BUY; 2 BUY vote(s) were required. Consensus category was UNANIMOUS_NO_TRADE. Reason: Configuration 4 majority not reached: 0/3 agents voted BUY.,No trade was executed. The counterfactual net Open-to-Close return was 0.378628%.,All three analytical agents reached the same directional decision.,The NO_TRADE decision missed a profitable market outcome. | The resolved NO_TRADE decision missed a profitable Open-to-Close opportunity.,,CONFIG_4_MA_SM_RM_EX_RF | NO_TRADE | FULL_AGENT_AGREEMENT | UNANIMOUS_NO_TRADE | CONSENSUS_UNANIMOUS_NO_TRADE | MISSED_PROFITABLE_OPPORTUNITY,0.9253312700286609
2026-04-17,decision_51149ed2c07046219877b7d2abb521b6,UNANIMOUS_NO_TRADE,0,,MA|SM|RM,False,0.0,NO_TRADE_REVIEW,EX did not execute a trade under CONFIG_4_MA_SM_RM_EX_RF. The resolved analytical decision was NO_TRADE using MAJORITY_CONSENSUS. 0 of 3 active analytical agents voted BUY; 2 BUY vote(s) were required. Consensus category was UNANIMOUS_NO_TRADE. Reason: Configuration 4 majority not reached: 0/3 agents voted BUY.,No trade was executed. The counterfactual net Open-to-Close return was -1.836445%.,The NO_TRADE decision avoided a non-profitable market outcome. | All three analytical agents reached the same directional decision. | The resolved NO_TRADE decision avoided a non-profitable Open-to-Close outcome.,,,CONFIG_4_MA_SM_RM_EX_RF | NO_TRADE | FULL_AGENT_AGREEMENT | UNANIMOUS_NO_TRADE | CONSENSUS_UNANIMOUS_NO_TRADE | CORRECT_TRADE_REJECTION,0.9130007370177559
2026-04-20,decision_f729b432a8dd4563ad197f77eaa24fa3,UNANIMOUS_NO_TRADE,0,,MA|SM|RM,False,0.0,NO_TRADE_REVIEW,EX did not execute a trade under CONFIG_4_MA_SM_RM_EX_RF. The resolved analytical decision was NO_TRADE using MAJORITY_CONSENSUS. 0 of 3 active analytical agents voted BUY; 2 BUY vote(s) were required. Consensus category was UNANIMOUS_NO_TRADE. Reason: Configuration 4 majority not reached: 0/3 agents voted BUY.,No trade was executed. The counterfactual net Open-to-Close return was -0.464990%.,The NO_TRADE decision avoided a non-profitable market outcome. | All three analytical agents reached the same directional decision. | The resolved NO_TRADE decision avoided a non-profitable Open-to-Close outcome.,,,CONFIG_4_MA_SM_RM_EX_RF | NO_TRADE | FULL_AGENT_AGREEMENT | UNANIMOUS_NO_TRADE | CONSENSUS_UNANIMOUS_NO_TRADE | CORRECT_TRADE_REJECTION,0.9149946379640698
2026-04-21,decision_8b110896f3c1440bafd9a7ef0c8dbcd7,UNANIMOUS_NO_TRADE,0,,MA|SM|RM,False,0.0,NO_TRADE_REVIEW,EX did not execute a trade under CONFIG_4_MA_SM_RM_EX_RF. The resolved analytical decision was NO_TRADE using MAJORITY_CONSENSUS. 0 of 3 active analytical agents voted BUY; 2 BUY vote(s) were required. Consensus category was UNANIMOUS_NO_TRADE. Reason: Configuration 4 majority not reached: 0/3 agents voted BUY.,No trade was executed. The counterfactual net Open-to-Close return was -2.129625%.,The NO_TRADE decision avoided a non-profitable market outcome. | All three analytical agents reached the same directional decision. | The resolved NO_TRADE decision avoided a non-profitable Open-to-Close outcome.,,,CONFIG_4_MA_SM_RM_EX_RF | NO_TRADE | FULL_AGENT_AGREEMENT | UNANIMOUS_NO_TRADE | CONSENSUS_UNANIMOUS_NO_TRADE | CORRECT_TRADE_REJECTION,0.9192015400714275
2026-04-22,decision_4cc4084d3d4845a9940713f079aeb54c,UNANIMOUS_NO_TRADE,0,,MA|SM|RM,False,0.0,NO_TRADE_REVIEW,EX did not execute a trade under CONFIG_4_MA_SM_RM_EX_RF. The resolved analytical decision was NO_TRADE using MAJORITY_CONSENSUS. 0 of 3 active analytical agents voted BUY; 2 BUY vote(s) were required. Consensus category was UNANIMOUS_NO_TRADE. Reason: Configuration 4 majority not reached: 0/3 agents voted BUY.,No trade was executed. The counterfactual net Open-to-Close return was 1.056144%.,All three analytical agents reached the same directional decision.,The NO_TRADE decision missed a profitable market outcome. | The resolved NO_TRADE decision missed a profitable Open-to-Close opportunity.,,CONFIG_4_MA_SM_RM_EX_RF | NO_TRADE | FULL_AGENT_AGREEMENT | UNANIMOUS_NO_TRADE | CONSENSUS_UNANIMOUS_NO_TRADE | LOW_CONFIDENCE | MISSED_PROFITABLE_OPPORTUNITY,0.9415473718083128
2026-04-23,decision_ebc6796ca39b4f668cabc9a576652687,UNANIMOUS_NO_TRADE,0,,MA|SM|RM,False,0.0,NO_TRADE_REVIEW,EX did not execute a trade under CONFIG_4_MA_SM_RM_EX_RF. The resolved analytical decision was NO_TRADE using MAJORITY_CONSENSUS. 0 of 3 active analytical agents voted BUY; 2 BUY vote(s) were required. Consensus category was UNANIMOUS_NO_TRADE. Reason: Configuration 4 majority not reached: 0/3 agents voted BUY.,No trade was executed. The counterfactual net Open-to-Close return was -0.221309%.,The NO_TRADE decision avoided a non-profitable market outcome. | All three analytical agents reached the same directional decision. | The resolved NO_TRADE decision avoided a non-profitable Open-to-Close outcome.,,,CONFIG_4_MA_SM_RM_EX_RF | NO_TRADE | FULL_AGENT_AGREEMENT | UNANIMOUS_NO_TRADE | CONSENSUS_UNANIMOUS_NO_TRADE | CORRECT_TRADE_REJECTION,0.9136987448914998
2026-04-24,decision_bef73dd1d0fc4b36b600ec4c964f5381,UNANIMOUS_NO_TRADE,0,,MA|SM|RM,False,0.0,NO_TRADE_REVIEW,EX did not execute a trade under CONFIG_4_MA_SM_RM_EX_RF. The resolved analytical decision was NO_TRADE using MAJORITY_CONSENSUS. 0 of 3 active analytical agents voted BUY; 2 BUY vote(s) were required. Consensus category was UNANIMOUS_NO_TRADE. Reason: Configuration 4 majority not reached: 0/3 agents voted BUY.,No trade was executed. The counterfactual net Open-to-Close return was 1.441660%.,All three analytical agents reached the same directional decision.,The NO_TRADE decision missed a profitable market outcome. | The resolved NO_TRADE decision missed a profitable Open-to-Close opportunity.,,CONFIG_4_MA_SM_RM_EX_RF | NO_TRADE | FULL_AGENT_AGREEMENT | UNANIMOUS_NO_TRADE | CONSENSUS_UNANIMOUS_NO_TRADE | MISSED_PROFITABLE_OPPORTUNITY,0.9306556899215572
2026-04-27,decision_a06441738d074ab4bbcb3178aa665aed,UNANIMOUS_NO_TRADE,0,,MA|SM|RM,False,0.0,NO_TRADE_REVIEW,EX did not execute a trade under CONFIG_4_MA_SM_RM_EX_RF. The resolved analytical decision was NO_TRADE using MAJORITY_CONSENSUS. 0 of 3 active analytical agents voted BUY; 2 BUY vote(s) were required. Consensus category was UNANIMOUS_NO_TRADE. Reason: Configuration 4 majority not reached: 0/3 agents voted BUY.,No trade was executed. The counterfactual net Open-to-Close return was -0.987723%.,The NO_TRADE decision avoided a non-profitable market outcome. | All three analytical agents reached the same directional decision. | The resolved NO_TRADE decision avoided a non-profitable Open-to-Close outcome.,,,CONFIG_4_MA_SM_RM_EX_RF | NO_TRADE | FULL_AGENT_AGREEMENT | UNANIMOUS_NO_TRADE | CONSENSUS_UNANIMOUS_NO_TRADE | CORRECT_TRADE_REJECTION,0.9255397242913129
2026-04-28,decision_4bcf48715d9b4854899b8d71e94e3e5a,UNANIMOUS_NO_TRADE,0,,MA|SM|RM,False,0.0,NO_TRADE_REVIEW,EX did not execute a trade under CONFIG_4_MA_SM_RM_EX_RF. The resolved analytical decision was NO_TRADE using MAJORITY_CONSENSUS. 0 of 3 active analytical agents voted BUY; 2 BUY vote(s) were required. Consensus category was UNANIMOUS_NO_TRADE. Reason: Configuration 4 majority not reached: 0/3 agents voted BUY.,No trade was executed. The counterfactual net Open-to-Close return was 0.406744%.,All three analytical agents reached the same directional decision.,The NO_TRADE decision missed a profitable market outcome. | The resolved NO_TRADE decision missed a profitable Open-to-Close opportunity.,,CONFIG_4_MA_SM_RM_EX_RF | NO_TRADE | FULL_AGENT_AGREEMENT | UNANIMOUS_NO_TRADE | CONSENSUS_UNANIMOUS_NO_TRADE | MISSED_PROFITABLE_OPPORTUNITY,0.9362266194684162
2026-04-29,decision_759b776fdb104d30aa375cbf74f87146,SINGLE_BUY,1,MA,SM|RM,False,0.0,NO_TRADE_REVIEW,EX did not execute a trade under CONFIG_4_MA_SM_RM_EX_RF. The resolved analytical decision was NO_TRADE using MAJORITY_CONSENSUS. 1 of 3 active analytical agents voted BUY; 2 BUY vote(s) were required. Consensus category was SINGLE_BUY. Reason: Configuration 4 majority not reached: 1/3 agents voted BUY.,No trade was executed. The counterfactual net Open-to-Close return was 1.856481%.,The configured majority-vote rule resolved differing analytical perspectives deterministically.,The NO_TRADE decision missed a profitable market outcome. | The resolved NO_TRADE decision missed a profitable Open-to-Close opportunity.,"MA and SM issued different analytical votes. | MA and RM issued different analytical votes. | Configuration 4 contained analytical disagreement; dissenting agent(s): SM, RM.",CONFIG_4_MA_SM_RM_EX_RF | NO_TRADE | PARTIAL_AGENT_AGREEMENT | MAJORITY_NO_TRADE | CONSENSUS_SINGLE_BUY | MISSED_PROFITABLE_OPPORTUNITY,0.7965131671445838
2026-04-30,decision_9971d84f5f724bf5bf4de33cce2c1ffc,UNANIMOUS_NO_TRADE,0,,MA|SM|RM,False,0.0,NO_TRADE_REVIEW,EX did not execute a trade under CONFIG_4_MA_SM_RM_EX_RF. The resolved analytical decision was NO_TRADE using MAJORITY_CONSENSUS. 0 of 3 active analytical agents voted BUY; 2 BUY vote(s) were required. Consensus category was UNANIMOUS_NO_TRADE. Reason: Configuration 4 majority not reached: 0/3 agents voted BUY.,No trade was executed. The counterfactual net Open-to-Close return was -3.067356%.,The NO_TRADE decision avoided a non-profitable market outcome. | All three analytical agents reached the same directional decision. | The resolved NO_TRADE decision avoided a non-profitable Open-to-Close outcome.,,,CONFIG_4_MA_SM_RM_EX_RF | NO_TRADE | FULL_AGENT_AGREEMENT | UNANIMOUS_NO_TRADE | CONSENSUS_UNANIMOUS_NO_TRADE | CORRECT_TRADE_REJECTION,0.9196146257697264
2026-05-01,decision_1e761a972a9f495599d9ac735104840a,UNANIMOUS_NO_TRADE,0,,MA|SM|RM,False,0.0,NO_TRADE_REVIEW,EX did not execute a trade under CONFIG_4_MA_SM_RM_EX_RF. The resolved analytical decision was NO_TRADE using MAJORITY_CONSENSUS. 0 of 3 active analytical agents voted BUY; 2 BUY vote(s) were required. Consensus category was UNANIMOUS_NO_TRADE. Reason: Configuration 4 majority not reached: 0/3 agents voted BUY.,No trade was executed. The counterfactual net Open-to-Close return was 0.908629%.,All three analytical agents reached the same directional decision.,The NO_TRADE decision missed a profitable market outcome. | The resolved NO_TRADE decision missed a profitable Open-to-Close opportunity.,,CONFIG_4_MA_SM_RM_EX_RF | NO_TRADE | FULL_AGENT_AGREEMENT | UNANIMOUS_NO_TRADE | CONSENSUS_UNANIMOUS_NO_TRADE | MISSED_PROFITABLE_OPPORTUNITY,0.9193179491268453
2026-05-04,decision_badb2b3c50eb476ebd74d02acf1a6bf1,UNANIMOUS_NO_TRADE,0,,MA|SM|RM,False,0.0,NO_TRADE_REVIEW,EX did not execute a trade under CONFIG_4_MA_SM_RM_EX_RF. The resolved analytical decision was NO_TRADE using MAJORITY_CONSENSUS. 0 of 3 active analytical agents voted BUY; 2 BUY vote(s) were required. Consensus category was UNANIMOUS_NO_TRADE. Reason: Configuration 4 majority not reached: 0/3 agents voted BUY.,No trade was executed. The counterfactual net Open-to-Close return was 1.108486%.,All three analytical agents reached the same directional decision.,The NO_TRADE decision missed a profitable market outcome. | The resolved NO_TRADE decision missed a profitable Open-to-Close opportunity.,,CONFIG_4_MA_SM_RM_EX_RF | NO_TRADE | FULL_AGENT_AGREEMENT | UNANIMOUS_NO_TRADE | CONSENSUS_UNANIMOUS_NO_TRADE | MISSED_PROFITABLE_OPPORTUNITY,0.9316916813991084
2026-05-05,decision_0d1e67e757c9462d8aae4b2d90b742e0,UNANIMOUS_NO_TRADE,0,,MA|SM|RM,False,0.0,NO_TRADE_REVIEW,EX did not execute a trade under CONFIG_4_MA_SM_RM_EX_RF. The resolved analytical decision was NO_TRADE using MAJORITY_CONSENSUS. 0 of 3 active analytical agents voted BUY; 2 BUY vote(s) were required. Consensus category was UNANIMOUS_NO_TRADE. Reason: Configuration 4 majority not reached: 0/3 agents voted BUY.,No trade was executed. The counterfactual net Open-to-Close return was -1.015930%.,The NO_TRADE decision avoided a non-profitable market outcome. | All three analytical agents reached the same directional decision. | The resolved NO_TRADE decision avoided a non-profitable Open-to-Close outcome.,,,CONFIG_4_MA_SM_RM_EX_RF | NO_TRADE | FULL_AGENT_AGREEMENT | UNANIMOUS_NO_TRADE | CONSENSUS_UNANIMOUS_NO_TRADE | CORRECT_TRADE_REJECTION,0.9215387800763408
2026-05-06,decision_034a32b39b524b00b24c695e0eb3ddf5,SINGLE_BUY,1,SM,MA|RM,False,0.0,NO_TRADE_REVIEW,EX did not execute a trade under CONFIG_4_MA_SM_RM_EX_RF. The resolved analytical decision was NO_TRADE using MAJORITY_CONSENSUS. 1 of 3 active analytical agents voted BUY; 2 BUY vote(s) were required. Consensus category was SINGLE_BUY. Reason: Configuration 4 majority not reached: 1/3 agents voted BUY.,No trade was executed. The counterfactual net Open-to-Close return was 0.669160%.,The configured majority-vote rule resolved differing analytical perspectives deterministically.,The NO_TRADE decision missed a profitable market outcome. | The resolved NO_TRADE decision missed a profitable Open-to-Close opportunity.,"MA and SM issued different analytical votes. | SM and RM issued different analytical votes. | Configuration 4 contained analytical disagreement; dissenting agent(s): MA, RM.",CONFIG_4_MA_SM_RM_EX_RF | NO_TRADE | PARTIAL_AGENT_AGREEMENT | MAJORITY_NO_TRADE | CONSENSUS_SINGLE_BUY | LOW_CONFIDENCE | MISSED_PROFITABLE_OPPORTUNITY,0.8112990709246961
2026-05-07,decision_fc50750938f9428dbf9fb6f3d9b71a84,UNANIMOUS_NO_TRADE,0,,MA|SM|RM,False,0.0,NO_TRADE_REVIEW,EX did not execute a trade under CONFIG_4_MA_SM_RM_EX_RF. The resolved analytical decision was NO_TRADE using MAJORITY_CONSENSUS. 0 of 3 active analytical agents voted BUY; 2 BUY vote(s) were required. Consensus category was UNANIMOUS_NO_TRADE. Reason: Configuration 4 majority not reached: 0/3 agents voted BUY.,No trade was executed. The counterfactual net Open-to-Close return was -1.499177%.,The NO_TRADE decision avoided a non-profitable market outcome. | All three analytical agents reached the same directional decision. | The resolved NO_TRADE decision avoided a non-profitable Open-to-Close outcome.,,,CONFIG_4_MA_SM_RM_EX_RF | NO_TRADE | FULL_AGENT_AGREEMENT | UNANIMOUS_NO_TRADE | CONSENSUS_UNANIMOUS_NO_TRADE | LOW_CONFIDENCE | CORRECT_TRADE_REJECTION,0.9049380547192122
2026-05-08,decision_1fbea86953a740f995f04e90310e4d92,UNANIMOUS_NO_TRADE,0,,MA|SM|RM,False,0.0,NO_TRADE_REVIEW,EX did not execute a trade under CONFIG_4_MA_SM_RM_EX_RF. The resolved analytical decision was NO_TRADE using MAJORITY_CONSENSUS. 0 of 3 active analytical agents voted BUY; 2 BUY vote(s) were required. Consensus category was UNANIMOUS_NO_TRADE. Reason: Configuration 4 majority not reached: 0/3 agents voted BUY.,No trade was executed. The counterfactual net Open-to-Close return was 0.286370%.,All three analytical agents reached the same directional decision.,The NO_TRADE decision missed a profitable market outcome. | The resolved NO_TRADE decision missed a profitable Open-to-Close opportunity.,,CONFIG_4_MA_SM_RM_EX_RF | NO_TRADE | FULL_AGENT_AGREEMENT | UNANIMOUS_NO_TRADE | CONSENSUS_UNANIMOUS_NO_TRADE | LOW_CONFIDENCE | MISSED_PROFITABLE_OPPORTUNITY,0.9424160753245642
2026-05-11,decision_af9709d36aed4b33aeaf98479fa80369,UNANIMOUS_NO_TRADE,0,,MA|SM|RM,False,0.0,NO_TRADE_REVIEW,EX did not execute a trade under CONFIG_4_MA_SM_RM_EX_RF. The resolved analytical decision was NO_TRADE using MAJORITY_CONSENSUS. 0 of 3 active analytical agents voted BUY; 2 BUY vote(s) were required. Consensus category was UNANIMOUS_NO_TRADE. Reason: Configuration 4 majority not reached: 0/3 agents voted BUY.,No trade was executed. The counterfactual net Open-to-Close return was -0.414834%.,The NO_TRADE decision avoided a non-profitable market outcome. | All three analytical agents reached the same directional decision. | The resolved NO_TRADE decision avoided a non-profitable Open-to-Close outcome.,,,CONFIG_4_MA_SM_RM_EX_RF | NO_TRADE | FULL_AGENT_AGREEMENT | UNANIMOUS_NO_TRADE | CONSENSUS_UNANIMOUS_NO_TRADE | CORRECT_TRADE_REJECTION,0.9126375157665267
2026-05-12,decision_99f5c7eca41f4bea85cd9459787db31b,UNANIMOUS_NO_TRADE,0,,MA|SM|RM,False,0.0,NO_TRADE_REVIEW,EX did not execute a trade under CONFIG_4_MA_SM_RM_EX_RF. The resolved analytical decision was NO_TRADE using MAJORITY_CONSENSUS. 0 of 3 active analytical agents voted BUY; 2 BUY vote(s) were required. Consensus category was UNANIMOUS_NO_TRADE. Reason: Configuration 4 majority not reached: 0/3 agents voted BUY.,No trade was executed. The counterfactual net Open-to-Close return was -0.433511%.,The NO_TRADE decision avoided a non-profitable market outcome. | All three analytical agents reached the same directional decision. | The resolved NO_TRADE decision avoided a non-profitable Open-to-Close outcome.,,,CONFIG_4_MA_SM_RM_EX_RF | NO_TRADE | FULL_AGENT_AGREEMENT | UNANIMOUS_NO_TRADE | CONSENSUS_UNANIMOUS_NO_TRADE | CORRECT_TRADE_REJECTION,0.9151996845461114
2026-05-13,decision_6945e0cac6ef4b14bb6193ec8742d4f9,UNANIMOUS_NO_TRADE,0,,MA|SM|RM,False,0.0,NO_TRADE_REVIEW,EX did not execute a trade under CONFIG_4_MA_SM_RM_EX_RF. The resolved analytical decision was NO_TRADE using MAJORITY_CONSENSUS. 0 of 3 active analytical agents voted BUY; 2 BUY vote(s) were required. Consensus category was UNANIMOUS_NO_TRADE. Reason: Configuration 4 majority not reached: 0/3 agents voted BUY.,No trade was executed. The counterfactual net Open-to-Close return was 2.054520%.,All three analytical agents reached the same directional decision.,The NO_TRADE decision missed a profitable market outcome. | The resolved NO_TRADE decision missed a profitable Open-to-Close opportunity.,,CONFIG_4_MA_SM_RM_EX_RF | NO_TRADE | FULL_AGENT_AGREEMENT | UNANIMOUS_NO_TRADE | CONSENSUS_UNANIMOUS_NO_TRADE | MISSED_PROFITABLE_OPPORTUNITY,0.9372984877654756
2026-05-14,decision_4c94f7f00dd14e8c8d0fc52f2230e487,UNANIMOUS_NO_TRADE,0,,MA|SM|RM,False,0.0,NO_TRADE_REVIEW,EX did not execute a trade under CONFIG_4_MA_SM_RM_EX_RF. The resolved analytical decision was NO_TRADE using MAJORITY_CONSENSUS. 0 of 3 active analytical agents voted BUY; 2 BUY vote(s) were required. Consensus category was UNANIMOUS_NO_TRADE. Reason: Configuration 4 majority not reached: 0/3 agents voted BUY.,No trade was executed. The counterfactual net Open-to-Close return was -0.816699%.,The NO_TRADE decision avoided a non-profitable market outcome. | All three analytical agents reached the same directional decision. | The resolved NO_TRADE decision avoided a non-profitable Open-to-Close outcome.,,,CONFIG_4_MA_SM_RM_EX_RF | NO_TRADE | FULL_AGENT_AGREEMENT | UNANIMOUS_NO_TRADE | CONSENSUS_UNANIMOUS_NO_TRADE | LOW_CONFIDENCE | CORRECT_TRADE_REJECTION,0.9064487428584392
2026-05-15,decision_df0c2fe06b084684be7641e90d5128e6,UNANIMOUS_NO_TRADE,0,,MA|SM|RM,False,0.0,NO_TRADE_REVIEW,EX did not execute a trade under CONFIG_4_MA_SM_RM_EX_RF. The resolved analytical decision was NO_TRADE using MAJORITY_CONSENSUS. 0 of 3 active analytical agents voted BUY; 2 BUY vote(s) were required. Consensus category was UNANIMOUS_NO_TRADE. Reason: Configuration 4 majority not reached: 0/3 agents voted BUY.,No trade was executed. The counterfactual net Open-to-Close return was 0.524468%.,All three analytical agents reached the same directional decision.,The NO_TRADE decision missed a profitable market outcome. | The resolved NO_TRADE decision missed a profitable Open-to-Close opportunity.,,CONFIG_4_MA_SM_RM_EX_RF | NO_TRADE | FULL_AGENT_AGREEMENT | UNANIMOUS_NO_TRADE | CONSENSUS_UNANIMOUS_NO_TRADE | MISSED_PROFITABLE_OPPORTUNITY,0.9395400909079089
2026-05-18,decision_2ff1907d3ca848c0af4001caad21e5ca,UNANIMOUS_NO_TRADE,0,,MA|SM|RM,False,0.0,NO_TRADE_REVIEW,EX did not execute a trade under CONFIG_4_MA_SM_RM_EX_RF. The resolved analytical decision was NO_TRADE using MAJORITY_CONSENSUS. 0 of 3 active analytical agents voted BUY; 2 BUY vote(s) were required. Consensus category was UNANIMOUS_NO_TRADE. Reason: Configuration 4 majority not reached: 0/3 agents voted BUY.,No trade was executed. The counterfactual net Open-to-Close return was 0.275006%.,All three analytical agents reached the same directional decision.,The NO_TRADE decision missed a profitable market outcome. | The resolved NO_TRADE decision missed a profitable Open-to-Close opportunity.,,CONFIG_4_MA_SM_RM_EX_RF | NO_TRADE | FULL_AGENT_AGREEMENT | UNANIMOUS_NO_TRADE | CONSENSUS_UNANIMOUS_NO_TRADE | MISSED_PROFITABLE_OPPORTUNITY,0.9319794412894118
2026-05-19,decision_47f81807feb2447d9c0431f338090b3b,UNANIMOUS_NO_TRADE,0,,MA|SM|RM,False,0.0,NO_TRADE_REVIEW,EX did not execute a trade under CONFIG_4_MA_SM_RM_EX_RF. The resolved analytical decision was NO_TRADE using MAJORITY_CONSENSUS. 0 of 3 active analytical agents voted BUY; 2 BUY vote(s) were required. Consensus category was UNANIMOUS_NO_TRADE. Reason: Configuration 4 majority not reached: 0/3 agents voted BUY.,No trade was executed. The counterfactual net Open-to-Close return was -1.129854%.,The NO_TRADE decision avoided a non-profitable market outcome. | All three analytical agents reached the same directional decision. | The resolved NO_TRADE decision avoided a non-profitable Open-to-Close outcome.,,,CONFIG_4_MA_SM_RM_EX_RF | NO_TRADE | FULL_AGENT_AGREEMENT | UNANIMOUS_NO_TRADE | CONSENSUS_UNANIMOUS_NO_TRADE | LOW_CONFIDENCE | CORRECT_TRADE_REJECTION,0.909141142779193
2026-05-20,decision_7c2ffb13683c4a14a9ab7be633fb3964,UNANIMOUS_NO_TRADE,0,,MA|SM|RM,False,0.0,NO_TRADE_REVIEW,EX did not execute a trade under CONFIG_4_MA_SM_RM_EX_RF. The resolved analytical decision was NO_TRADE using MAJORITY_CONSENSUS. 0 of 3 active analytical agents voted BUY; 2 BUY vote(s) were required. Consensus category was UNANIMOUS_NO_TRADE. Reason: Configuration 4 majority not reached: 0/3 agents voted BUY.,No trade was executed. The counterfactual net Open-to-Close return was 1.806393%.,All three analytical agents reached the same directional decision.,The NO_TRADE decision missed a profitable market outcome. | The resolved NO_TRADE decision missed a profitable Open-to-Close opportunity.,,CONFIG_4_MA_SM_RM_EX_RF | NO_TRADE | FULL_AGENT_AGREEMENT | UNANIMOUS_NO_TRADE | CONSENSUS_UNANIMOUS_NO_TRADE | MISSED_PROFITABLE_OPPORTUNITY,0.9331631525668028
2026-05-21,decision_e5823bcf06ca478fb0443e7e2587235c,SINGLE_BUY,1,MA,SM|RM,False,0.0,NO_TRADE_REVIEW,EX did not execute a trade under CONFIG_4_MA_SM_RM_EX_RF. The resolved analytical decision was NO_TRADE using MAJORITY_CONSENSUS. 1 of 3 active analytical agents voted BUY; 2 BUY vote(s) were required. Consensus category was SINGLE_BUY. Reason: Configuration 4 majority not reached: 1/3 agents voted BUY.,No trade was executed. The counterfactual net Open-to-Close return was 1.781421%.,The configured majority-vote rule resolved differing analytical perspectives deterministically.,The NO_TRADE decision missed a profitable market outcome. | The resolved NO_TRADE decision missed a profitable Open-to-Close opportunity.,"MA and SM issued different analytical votes. | MA and RM issued different analytical votes. | Configuration 4 contained analytical disagreement; dissenting agent(s): SM, RM.",CONFIG_4_MA_SM_RM_EX_RF | NO_TRADE | PARTIAL_AGENT_AGREEMENT | MAJORITY_NO_TRADE | CONSENSUS_SINGLE_BUY | MISSED_PROFITABLE_OPPORTUNITY,0.8014372500145064
2026-05-22,decision_ec62f252a1c54921a72bd08cdd264487,UNANIMOUS_NO_TRADE,0,,MA|SM|RM,False,0.0,NO_TRADE_REVIEW,EX did not execute a trade under CONFIG_4_MA_SM_RM_EX_RF. The resolved analytical decision was NO_TRADE using MAJORITY_CONSENSUS. 0 of 3 active analytical agents voted BUY; 2 BUY vote(s) were required. Consensus category was UNANIMOUS_NO_TRADE. Reason: Configuration 4 majority not reached: 0/3 agents voted BUY.,No trade was executed. The counterfactual net Open-to-Close return was -0.970540%.,The NO_TRADE decision avoided a non-profitable market outcome. | All three analytical agents reached the same directional decision. | The resolved NO_TRADE decision avoided a non-profitable Open-to-Close outcome.,,,CONFIG_4_MA_SM_RM_EX_RF | NO_TRADE | FULL_AGENT_AGREEMENT | UNANIMOUS_NO_TRADE | CONSENSUS_UNANIMOUS_NO_TRADE | CORRECT_TRADE_REJECTION,0.9197583045386374
2026-05-26,decision_af425028f0304053be67888534fe9fa5,UNANIMOUS_NO_TRADE,0,,MA|SM|RM,False,0.0,NO_TRADE_REVIEW,EX did not execute a trade under CONFIG_4_MA_SM_RM_EX_RF. The resolved analytical decision was NO_TRADE using MAJORITY_CONSENSUS. 0 of 3 active analytical agents voted BUY; 2 BUY vote(s) were required. Consensus category was UNANIMOUS_NO_TRADE. Reason: Configuration 4 majority not reached: 0/3 agents voted BUY.,No trade was executed. The counterfactual net Open-to-Close return was -1.088518%.,The NO_TRADE decision avoided a non-profitable market outcome. | All three analytical agents reached the same directional decision. | The resolved NO_TRADE decision avoided a non-profitable Open-to-Close outcome.,,,CONFIG_4_MA_SM_RM_EX_RF | NO_TRADE | FULL_AGENT_AGREEMENT | UNANIMOUS_NO_TRADE | CONSENSUS_UNANIMOUS_NO_TRADE | CORRECT_TRADE_REJECTION,0.9212390067633013
2026-05-27,decision_9152363df61d43e297cdf48515643bae,UNANIMOUS_NO_TRADE,0,,MA|SM|RM,False,0.0,NO_TRADE_REVIEW,EX did not execute a trade under CONFIG_4_MA_SM_RM_EX_RF. The resolved analytical decision was NO_TRADE using MAJORITY_CONSENSUS. 0 of 3 active analytical agents voted BUY; 2 BUY vote(s) were required. Consensus category was UNANIMOUS_NO_TRADE. Reason: Configuration 4 majority not reached: 0/3 agents voted BUY.,No trade was executed. The counterfactual net Open-to-Close return was 2.040596%.,All three analytical agents reached the same directional decision.,The NO_TRADE decision missed a profitable market outcome. | The resolved NO_TRADE decision missed a profitable Open-to-Close opportunity.,,CONFIG_4_MA_SM_RM_EX_RF | NO_TRADE | FULL_AGENT_AGREEMENT | UNANIMOUS_NO_TRADE | CONSENSUS_UNANIMOUS_NO_TRADE | MISSED_PROFITABLE_OPPORTUNITY,0.936813182210391
2026-05-28,decision_80b2ab4e0abe4e33af5ad1ff039b75f7,UNANIMOUS_NO_TRADE,0,,MA|SM|RM,False,0.0,NO_TRADE_REVIEW,EX did not execute a trade under CONFIG_4_MA_SM_RM_EX_RF. The resolved analytical decision was NO_TRADE using MAJORITY_CONSENSUS. 0 of 3 active analytical agents voted BUY; 2 BUY vote(s) were required. Consensus category was UNANIMOUS_NO_TRADE. Reason: Configuration 4 majority not reached: 0/3 agents voted BUY.,No trade was executed. The counterfactual net Open-to-Close return was 0.535098%.,All three analytical agents reached the same directional decision.,The NO_TRADE decision missed a profitable market outcome. | The resolved NO_TRADE decision missed a profitable Open-to-Close opportunity.,,CONFIG_4_MA_SM_RM_EX_RF | NO_TRADE | FULL_AGENT_AGREEMENT | UNANIMOUS_NO_TRADE | CONSENSUS_UNANIMOUS_NO_TRADE | MISSED_PROFITABLE_OPPORTUNITY,0.9387820845496039
2026-05-29,decision_bb7138be01254be4b59f131438bb4e99,UNANIMOUS_NO_TRADE,0,,MA|SM|RM,False,0.0,NO_TRADE_REVIEW,EX did not execute a trade under CONFIG_4_MA_SM_RM_EX_RF. The resolved analytical decision was NO_TRADE using MAJORITY_CONSENSUS. 0 of 3 active analytical agents voted BUY; 2 BUY vote(s) were required. Consensus category was UNANIMOUS_NO_TRADE. Reason: Configuration 4 majority not reached: 0/3 agents voted BUY.,No trade was executed. The counterfactual net Open-to-Close return was -0.339461%.,The NO_TRADE decision avoided a non-profitable market outcome. | All three analytical agents reached the same directional decision. | The resolved NO_TRADE decision avoided a non-profitable Open-to-Close outcome.,,,CONFIG_4_MA_SM_RM_EX_RF | NO_TRADE | FULL_AGENT_AGREEMENT | UNANIMOUS_NO_TRADE | CONSENSUS_UNANIMOUS_NO_TRADE | CORRECT_TRADE_REJECTION,0.9293854823528538
2026-06-01,decision_f80ff369cda24a9bae2d517d6d3a8a18,UNANIMOUS_NO_TRADE,0,,MA|SM|RM,False,0.0,NO_TRADE_REVIEW,EX did not execute a trade under CONFIG_4_MA_SM_RM_EX_RF. The resolved analytical decision was NO_TRADE using MAJORITY_CONSENSUS. 0 of 3 active analytical agents voted BUY; 2 BUY vote(s) were required. Consensus category was UNANIMOUS_NO_TRADE. Reason: Configuration 4 majority not reached: 0/3 agents voted BUY.,No trade was executed. The counterfactual net Open-to-Close return was -1.987961%.,The NO_TRADE decision avoided a non-profitable market outcome. | All three analytical agents reached the same directional decision. | The resolved NO_TRADE decision avoided a non-profitable Open-to-Close outcome.,,,CONFIG_4_MA_SM_RM_EX_RF | NO_TRADE | FULL_AGENT_AGREEMENT | UNANIMOUS_NO_TRADE | CONSENSUS_UNANIMOUS_NO_TRADE | CORRECT_TRADE_REJECTION,0.9189921801352672
2026-06-02,decision_b5bea5ef478a498c85dc11ea8a74adcd,SINGLE_BUY,1,MA,SM|RM,False,0.0,NO_TRADE_REVIEW,EX did not execute a trade under CONFIG_4_MA_SM_RM_EX_RF. The resolved analytical decision was NO_TRADE using MAJORITY_CONSENSUS. 1 of 3 active analytical agents voted BUY; 2 BUY vote(s) were required. Consensus category was SINGLE_BUY. Reason: Configuration 4 majority not reached: 1/3 agents voted BUY.,No trade was executed. The counterfactual net Open-to-Close return was -0.348741%.,The NO_TRADE decision avoided a non-profitable market outcome. | The configured majority-vote rule resolved differing analytical perspectives deterministically. | The resolved NO_TRADE decision avoided a non-profitable Open-to-Close outcome.,,"MA and SM issued different analytical votes. | MA and RM issued different analytical votes. | Configuration 4 contained analytical disagreement; dissenting agent(s): SM, RM.",CONFIG_4_MA_SM_RM_EX_RF | NO_TRADE | PARTIAL_AGENT_AGREEMENT | MAJORITY_NO_TRADE | CONSENSUS_SINGLE_BUY | CORRECT_TRADE_REJECTION,0.78559181649872
2026-06-03,decision_1c1e8fdf09fd4fcc89523b55b1e9ce35,UNANIMOUS_NO_TRADE,0,,MA|SM|RM,False,0.0,NO_TRADE_REVIEW,EX did not execute a trade under CONFIG_4_MA_SM_RM_EX_RF. The resolved analytical decision was NO_TRADE using MAJORITY_CONSENSUS. 0 of 3 active analytical agents voted BUY; 2 BUY vote(s) were required. Consensus category was UNANIMOUS_NO_TRADE. Reason: Configuration 4 majority not reached: 0/3 agents voted BUY.,No trade was executed. The counterfactual net Open-to-Close return was -1.936522%.,The NO_TRADE decision avoided a non-profitable market outcome. | All three analytical agents reached the same directional decision. | The resolved NO_TRADE decision avoided a non-profitable Open-to-Close outcome.,,,CONFIG_4_MA_SM_RM_EX_RF | NO_TRADE | FULL_AGENT_AGREEMENT | UNANIMOUS_NO_TRADE | CONSENSUS_UNANIMOUS_NO_TRADE | LOW_CONFIDENCE | CORRECT_TRADE_REJECTION,0.9093541526523393
2026-06-04,decision_6efcaf93b48e4f2582461e5baa2e1de8,UNANIMOUS_NO_TRADE,0,,MA|SM|RM,False,0.0,NO_TRADE_REVIEW,EX did not execute a trade under CONFIG_4_MA_SM_RM_EX_RF. The resolved analytical decision was NO_TRADE using MAJORITY_CONSENSUS. 0 of 3 active analytical agents voted BUY; 2 BUY vote(s) were required. Consensus category was UNANIMOUS_NO_TRADE. Reason: Configuration 4 majority not reached: 0/3 agents voted BUY.,No trade was executed. The counterfactual net Open-to-Close return was 0.164576%.,All three analytical agents reached the same directional decision.,The NO_TRADE decision missed a profitable market outcome. | The resolved NO_TRADE decision missed a profitable Open-to-Close opportunity.,,CONFIG_4_MA_SM_RM_EX_RF | NO_TRADE | FULL_AGENT_AGREEMENT | UNANIMOUS_NO_TRADE | CONSENSUS_UNANIMOUS_NO_TRADE | LOW_CONFIDENCE | MISSED_PROFITABLE_OPPORTUNITY,0.9406182745707584
2026-06-05,decision_f133da94cf114d0e91fd8019fe425e99,SINGLE_BUY,1,SM,MA|RM,False,0.0,NO_TRADE_REVIEW,EX did not execute a trade under CONFIG_4_MA_SM_RM_EX_RF. The resolved analytical decision was NO_TRADE using MAJORITY_CONSENSUS. 1 of 3 active analytical agents voted BUY; 2 BUY vote(s) were required. Consensus category was SINGLE_BUY. Reason: Configuration 4 majority not reached: 1/3 agents voted BUY.,No trade was executed. The counterfactual net Open-to-Close return was -3.335212%.,The NO_TRADE decision avoided a non-profitable market outcome. | The configured majority-vote rule resolved differing analytical perspectives deterministically. | The resolved NO_TRADE decision avoided a non-profitable Open-to-Close outcome.,,"MA and SM issued different analytical votes. | SM and RM issued different analytical votes. | Configuration 4 contained analytical disagreement; dissenting agent(s): MA, RM.",CONFIG_4_MA_SM_RM_EX_RF | NO_TRADE | PARTIAL_AGENT_AGREEMENT | MAJORITY_NO_TRADE | CONSENSUS_SINGLE_BUY | LOW_CONFIDENCE | CORRECT_TRADE_REJECTION,0.7726167018978445
2026-06-08,decision_346dc437079149a9a0b566d76a535ad5,UNANIMOUS_NO_TRADE,0,,MA|SM|RM,False,0.0,NO_TRADE_REVIEW,EX did not execute a trade under CONFIG_4_MA_SM_RM_EX_RF. The resolved analytical decision was NO_TRADE using MAJORITY_CONSENSUS. 0 of 3 active analytical agents voted BUY; 2 BUY vote(s) were required. Consensus category was UNANIMOUS_NO_TRADE. Reason: Configuration 4 majority not reached: 0/3 agents voted BUY.,No trade was executed. The counterfactual net Open-to-Close return was -0.691548%.,The NO_TRADE decision avoided a non-profitable market outcome. | All three analytical agents reached the same directional decision. | The resolved NO_TRADE decision avoided a non-profitable Open-to-Close outcome.,,,CONFIG_4_MA_SM_RM_EX_RF | NO_TRADE | FULL_AGENT_AGREEMENT | UNANIMOUS_NO_TRADE | CONSENSUS_UNANIMOUS_NO_TRADE | CORRECT_TRADE_REJECTION,0.9238696310527502
2026-06-09,decision_2f89bef6021a41ed88829c9b61aa95dd,UNANIMOUS_NO_TRADE,0,,MA|SM|RM,False,0.0,NO_TRADE_REVIEW,EX did not execute a trade under CONFIG_4_MA_SM_RM_EX_RF. The resolved analytical decision was NO_TRADE using MAJORITY_CONSENSUS. 0 of 3 active analytical agents voted BUY; 2 BUY vote(s) were required. Consensus category was UNANIMOUS_NO_TRADE. Reason: Configuration 4 majority not reached: 0/3 agents voted BUY.,No trade was executed. The counterfactual net Open-to-Close return was -1.528246%.,The NO_TRADE decision avoided a non-profitable market outcome. | All three analytical agents reached the same directional decision. | The resolved NO_TRADE decision avoided a non-profitable Open-to-Close outcome.,,,CONFIG_4_MA_SM_RM_EX_RF | NO_TRADE | FULL_AGENT_AGREEMENT | UNANIMOUS_NO_TRADE | CONSENSUS_UNANIMOUS_NO_TRADE | CORRECT_TRADE_REJECTION,0.9193563884775572
2026-06-10,decision_0c3feb15de2b4f219bc785c41b8b2c1c,UNANIMOUS_NO_TRADE,0,,MA|SM|RM,False,0.0,NO_TRADE_REVIEW,EX did not execute a trade under CONFIG_4_MA_SM_RM_EX_RF. The resolved analytical decision was NO_TRADE using MAJORITY_CONSENSUS. 0 of 3 active analytical agents voted BUY; 2 BUY vote(s) were required. Consensus category was UNANIMOUS_NO_TRADE. Reason: Configuration 4 majority not reached: 0/3 agents voted BUY.,No trade was executed. The counterfactual net Open-to-Close return was -2.401698%.,The NO_TRADE decision avoided a non-profitable market outcome. | All three analytical agents reached the same directional decision. | The resolved NO_TRADE decision avoided a non-profitable Open-to-Close outcome.,,,CONFIG_4_MA_SM_RM_EX_RF | NO_TRADE | FULL_AGENT_AGREEMENT | UNANIMOUS_NO_TRADE | CONSENSUS_UNANIMOUS_NO_TRADE | CORRECT_TRADE_REJECTION,0.9197816209882479
2026-06-11,decision_fb8675514f3f48d2b99417e744ac8b68,SINGLE_BUY,1,MA,SM|RM,False,0.0,NO_TRADE_REVIEW,EX did not execute a trade under CONFIG_4_MA_SM_RM_EX_RF. The resolved analytical decision was NO_TRADE using MAJORITY_CONSENSUS. 1 of 3 active analytical agents voted BUY; 2 BUY vote(s) were required. Consensus category was SINGLE_BUY. Reason: Configuration 4 majority not reached: 1/3 agents voted BUY.,No trade was executed. The counterfactual net Open-to-Close return was 1.403905%.,The configured majority-vote rule resolved differing analytical perspectives deterministically.,The NO_TRADE decision missed a profitable market outcome. | The resolved NO_TRADE decision missed a profitable Open-to-Close opportunity.,"MA and SM issued different analytical votes. | MA and RM issued different analytical votes. | Configuration 4 contained analytical disagreement; dissenting agent(s): SM, RM.",CONFIG_4_MA_SM_RM_EX_RF | NO_TRADE | PARTIAL_AGENT_AGREEMENT | MAJORITY_NO_TRADE | CONSENSUS_SINGLE_BUY | MISSED_PROFITABLE_OPPORTUNITY,0.7900435678455021
2026-06-12,decision_d64934d4424545bda7870d07030e0830,UNANIMOUS_NO_TRADE,0,,MA|SM|RM,False,0.0,NO_TRADE_REVIEW,EX did not execute a trade under CONFIG_4_MA_SM_RM_EX_RF. The resolved analytical decision was NO_TRADE using MAJORITY_CONSENSUS. 0 of 3 active analytical agents voted BUY; 2 BUY vote(s) were required. Consensus category was UNANIMOUS_NO_TRADE. Reason: Configuration 4 majority not reached: 0/3 agents voted BUY.,No trade was executed. The counterfactual net Open-to-Close return was -2.015071%.,The NO_TRADE decision avoided a non-profitable market outcome. | All three analytical agents reached the same directional decision. | The resolved NO_TRADE decision avoided a non-profitable Open-to-Close outcome.,,,CONFIG_4_MA_SM_RM_EX_RF | NO_TRADE | FULL_AGENT_AGREEMENT | UNANIMOUS_NO_TRADE | CONSENSUS_UNANIMOUS_NO_TRADE | CORRECT_TRADE_REJECTION,0.9205458820038208
2026-06-15,decision_95fca521e2004eb184c2b153d70c5b8f,UNANIMOUS_NO_TRADE,0,,MA|SM|RM,False,0.0,NO_TRADE_REVIEW,EX did not execute a trade under CONFIG_4_MA_SM_RM_EX_RF. The resolved analytical decision was NO_TRADE using MAJORITY_CONSENSUS. 0 of 3 active analytical agents voted BUY; 2 BUY vote(s) were required. Consensus category was UNANIMOUS_NO_TRADE. Reason: Configuration 4 majority not reached: 0/3 agents voted BUY.,No trade was executed. The counterfactual net Open-to-Close return was 0.307938%.,All three analytical agents reached the same directional decision.,The NO_TRADE decision missed a profitable market outcome. | The resolved NO_TRADE decision missed a profitable Open-to-Close opportunity.,,CONFIG_4_MA_SM_RM_EX_RF | NO_TRADE | FULL_AGENT_AGREEMENT | UNANIMOUS_NO_TRADE | CONSENSUS_UNANIMOUS_NO_TRADE | MISSED_PROFITABLE_OPPORTUNITY,0.9306773932839688
2026-06-16,decision_e9a5e7823ef242199b2e7892e2ca5fdc,UNANIMOUS_NO_TRADE,0,,MA|SM|RM,False,0.0,NO_TRADE_REVIEW,EX did not execute a trade under CONFIG_4_MA_SM_RM_EX_RF. The resolved analytical decision was NO_TRADE using MAJORITY_CONSENSUS. 0 of 3 active analytical agents voted BUY; 2 BUY vote(s) were required. Consensus category was UNANIMOUS_NO_TRADE. Reason: Configuration 4 majority not reached: 0/3 agents voted BUY.,No trade was executed. The counterfactual net Open-to-Close return was -0.906036%.,The NO_TRADE decision avoided a non-profitable market outcome. | All three analytical agents reached the same directional decision. | The resolved NO_TRADE decision avoided a non-profitable Open-to-Close outcome.,,,CONFIG_4_MA_SM_RM_EX_RF | NO_TRADE | FULL_AGENT_AGREEMENT | UNANIMOUS_NO_TRADE | CONSENSUS_UNANIMOUS_NO_TRADE | CORRECT_TRADE_REJECTION,0.920578810464677
2026-06-17,decision_4292fc3373f84d6f8d9ed407b817511f,UNANIMOUS_NO_TRADE,0,,MA|SM|RM,False,0.0,NO_TRADE_REVIEW,EX did not execute a trade under CONFIG_4_MA_SM_RM_EX_RF. The resolved analytical decision was NO_TRADE using MAJORITY_CONSENSUS. 0 of 3 active analytical agents voted BUY; 2 BUY vote(s) were required. Consensus category was UNANIMOUS_NO_TRADE. Reason: Configuration 4 majority not reached: 0/3 agents voted BUY.,No trade was executed. The counterfactual net Open-to-Close return was -3.120116%.,The NO_TRADE decision avoided a non-profitable market outcome. | All three analytical agents reached the same directional decision. | The resolved NO_TRADE decision avoided a non-profitable Open-to-Close outcome.,,,CONFIG_4_MA_SM_RM_EX_RF | NO_TRADE | FULL_AGENT_AGREEMENT | UNANIMOUS_NO_TRADE | CONSENSUS_UNANIMOUS_NO_TRADE | LOW_CONFIDENCE | CORRECT_TRADE_REJECTION,0.9097786748163474
2026-06-18,decision_e9933083a0a14569918f76b910e1bc0d,UNANIMOUS_NO_TRADE,0,,MA|SM|RM,False,0.0,NO_TRADE_REVIEW,EX did not execute a trade under CONFIG_4_MA_SM_RM_EX_RF. The resolved analytical decision was NO_TRADE using MAJORITY_CONSENSUS. 0 of 3 active analytical agents voted BUY; 2 BUY vote(s) were required. Consensus category was UNANIMOUS_NO_TRADE. Reason: Configuration 4 majority not reached: 0/3 agents voted BUY.,No trade was executed. The counterfactual net Open-to-Close return was 1.677403%.,All three analytical agents reached the same directional decision.,The NO_TRADE decision missed a profitable market outcome. | The resolved NO_TRADE decision missed a profitable Open-to-Close opportunity.,,CONFIG_4_MA_SM_RM_EX_RF | NO_TRADE | FULL_AGENT_AGREEMENT | UNANIMOUS_NO_TRADE | CONSENSUS_UNANIMOUS_NO_TRADE | MISSED_PROFITABLE_OPPORTUNITY,0.933841457423836
2026-06-22,decision_5857cf47bd124d15a527208c5e503815,UNANIMOUS_NO_TRADE,0,,MA|SM|RM,False,0.0,NO_TRADE_REVIEW,EX did not execute a trade under CONFIG_4_MA_SM_RM_EX_RF. The resolved analytical decision was NO_TRADE using MAJORITY_CONSENSUS. 0 of 3 active analytical agents voted BUY; 2 BUY vote(s) were required. Consensus category was UNANIMOUS_NO_TRADE. Reason: Configuration 4 majority not reached: 0/3 agents voted BUY.,No trade was executed. The counterfactual net Open-to-Close return was -3.134961%.,The NO_TRADE decision avoided a non-profitable market outcome. | All three analytical agents reached the same directional decision. | The resolved NO_TRADE decision avoided a non-profitable Open-to-Close outcome.,,,CONFIG_4_MA_SM_RM_EX_RF | NO_TRADE | FULL_AGENT_AGREEMENT | UNANIMOUS_NO_TRADE | CONSENSUS_UNANIMOUS_NO_TRADE | CORRECT_TRADE_REJECTION,0.9262364711373289
2026-06-23,decision_98391c453a0b4306ad743aabb7d96a18,MA_SM_BUY,2,MA|SM,RM,True,0.005704995896746501,CONSISTENT_SUCCESS,EX executed an Open-to-Close trade under CONFIG_4_MA_SM_RM_EX_RF. The resolved analytical decision was BUY using MAJORITY_CONSENSUS. 2 of 3 active analytical agents voted BUY; 2 BUY vote(s) were required. Consensus category was MA_SM_BUY. Execution rationale: Configuration 4 majority BUY consensus: 2/3 agents voted BUY.,"The executed trade outcome was PROFIT. Portfolio net return was 0.570500%; capital changed from $101,673.95 to $102,254.00.",The configured majority-vote rule resolved differing analytical perspectives deterministically. | The resolved BUY decision produced a positive net Open-to-Close return.,,MA and RM issued different analytical votes. | SM and RM issued different analytical votes. | Configuration 4 contained analytical disagreement; dissenting agent(s): RM.,CONFIG_4_MA_SM_RM_EX_RF | TRADE_EXECUTED | PROFITABLE_OUTCOME | PARTIAL_AGENT_AGREEMENT | MAJORITY_BUY | CONSENSUS_MA_SM_BUY,0.7974245958152081
2026-06-24,decision_d899107b81e74da3ad763d604d62c50f,SINGLE_BUY,1,MA,SM|RM,False,0.0,NO_TRADE_REVIEW,EX did not execute a trade under CONFIG_4_MA_SM_RM_EX_RF. The resolved analytical decision was NO_TRADE using MAJORITY_CONSENSUS. 1 of 3 active analytical agents voted BUY; 2 BUY vote(s) were required. Consensus category was SINGLE_BUY. Reason: Configuration 4 majority not reached: 1/3 agents voted BUY.,No trade was executed. The counterfactual net Open-to-Close return was 0.079524%.,The configured majority-vote rule resolved differing analytical perspectives deterministically.,The NO_TRADE decision missed a profitable market outcome. | The resolved NO_TRADE decision missed a profitable Open-to-Close opportunity.,"MA and SM issued different analytical votes. | MA and RM issued different analytical votes. | Configuration 4 contained analytical disagreement; dissenting agent(s): SM, RM.",CONFIG_4_MA_SM_RM_EX_RF | NO_TRADE | PARTIAL_AGENT_AGREEMENT | MAJORITY_NO_TRADE | CONSENSUS_SINGLE_BUY | MISSED_PROFITABLE_OPPORTUNITY,0.79871012127849
2026-06-25,decision_cf59af5ae7ab41588e50ceddbac6e960,UNANIMOUS_NO_TRADE,0,,MA|SM|RM,False,0.0,NO_TRADE_REVIEW,EX did not execute a trade under CONFIG_4_MA_SM_RM_EX_RF. The resolved analytical decision was NO_TRADE using MAJORITY_CONSENSUS. 0 of 3 active analytical agents voted BUY; 2 BUY vote(s) were required. Consensus category was UNANIMOUS_NO_TRADE. Reason: Configuration 4 majority not reached: 0/3 agents voted BUY.,No trade was executed. The counterfactual net Open-to-Close return was -2.258209%.,The NO_TRADE decision avoided a non-profitable market outcome. | All three analytical agents reached the same directional decision. | The resolved NO_TRADE decision avoided a non-profitable Open-to-Close outcome.,,,CONFIG_4_MA_SM_RM_EX_RF | NO_TRADE | FULL_AGENT_AGREEMENT | UNANIMOUS_NO_TRADE | CONSENSUS_UNANIMOUS_NO_TRADE | CORRECT_TRADE_REJECTION,0.9108715007414172
2026-06-26,decision_a3d41f653f3e4867bb5eff183c9480c3,UNANIMOUS_NO_TRADE,0,,MA|SM|RM,False,0.0,NO_TRADE_REVIEW,EX did not execute a trade under CONFIG_4_MA_SM_RM_EX_RF. The resolved analytical decision was NO_TRADE using MAJORITY_CONSENSUS. 0 of 3 active analytical agents voted BUY; 2 BUY vote(s) were required. Consensus category was UNANIMOUS_NO_TRADE. Reason: Configuration 4 majority not reached: 0/3 agents voted BUY.,No trade was executed. The counterfactual net Open-to-Close return was 2.310671%.,All three analytical agents reached the same directional decision.,The NO_TRADE decision missed a profitable market outcome. | The resolved NO_TRADE decision missed a profitable Open-to-Close opportunity.,,CONFIG_4_MA_SM_RM_EX_RF | NO_TRADE | FULL_AGENT_AGREEMENT | UNANIMOUS_NO_TRADE | CONSENSUS_UNANIMOUS_NO_TRADE | MISSED_PROFITABLE_OPPORTUNITY,0.9382404196541492
2026-06-29,decision_8498385163174c63826ac94974b4633b,UNANIMOUS_NO_TRADE,0,,MA|SM|RM,False,0.0,NO_TRADE_REVIEW,EX did not execute a trade under CONFIG_4_MA_SM_RM_EX_RF. The resolved analytical decision was NO_TRADE using MAJORITY_CONSENSUS. 0 of 3 active analytical agents voted BUY; 2 BUY vote(s) were required. Consensus category was UNANIMOUS_NO_TRADE. Reason: Configuration 4 majority not reached: 0/3 agents voted BUY.,No trade was executed. The counterfactual net Open-to-Close return was 2.426286%.,All three analytical agents reached the same directional decision.,The NO_TRADE decision missed a profitable market outcome. | The resolved NO_TRADE decision missed a profitable Open-to-Close opportunity.,,CONFIG_4_MA_SM_RM_EX_RF | NO_TRADE | FULL_AGENT_AGREEMENT | UNANIMOUS_NO_TRADE | CONSENSUS_UNANIMOUS_NO_TRADE | MISSED_PROFITABLE_OPPORTUNITY,0.9352852438978859
2026-06-30,decision_86af3195dece45efad3c230f4da5fda8,UNANIMOUS_NO_TRADE,0,,MA|SM|RM,False,0.0,NO_TRADE_REVIEW,EX did not execute a trade under CONFIG_4_MA_SM_RM_EX_RF. The resolved analytical decision was NO_TRADE using MAJORITY_CONSENSUS. 0 of 3 active analytical agents voted BUY; 2 BUY vote(s) were required. Consensus category was UNANIMOUS_NO_TRADE. Reason: Configuration 4 majority not reached: 0/3 agents voted BUY.,No trade was executed. The counterfactual net Open-to-Close return was 0.316905%.,All three analytical agents reached the same directional decision.,The NO_TRADE decision missed a profitable market outcome. | The resolved NO_TRADE decision missed a profitable Open-to-Close opportunity.,,CONFIG_4_MA_SM_RM_EX_RF | NO_TRADE | FULL_AGENT_AGREEMENT | UNANIMOUS_NO_TRADE | CONSENSUS_UNANIMOUS_NO_TRADE | LOW_CONFIDENCE | MISSED_PROFITABLE_OPPORTUNITY,0.944020242457597
2026-07-01,decision_bbca528f824e4db4830cd982a614b676,UNANIMOUS_NO_TRADE,0,,MA|SM|RM,False,0.0,NO_TRADE_REVIEW,EX did not execute a trade under CONFIG_4_MA_SM_RM_EX_RF. The resolved analytical decision was NO_TRADE using MAJORITY_CONSENSUS. 0 of 3 active analytical agents voted BUY; 2 BUY vote(s) were required. Consensus category was UNANIMOUS_NO_TRADE. Reason: Configuration 4 majority not reached: 0/3 agents voted BUY.,No trade was executed. The counterfactual net Open-to-Close return was 0.712952%.,All three analytical agents reached the same directional decision.,The NO_TRADE decision missed a profitable market outcome. | The resolved NO_TRADE decision missed a profitable Open-to-Close opportunity.,,CONFIG_4_MA_SM_RM_EX_RF | NO_TRADE | FULL_AGENT_AGREEMENT | UNANIMOUS_NO_TRADE | CONSENSUS_UNANIMOUS_NO_TRADE | LOW_CONFIDENCE | MISSED_PROFITABLE_OPPORTUNITY,0.9445981310504692
2026-07-02,decision_260cecff0eb445e8b032aef5d6a872b2,UNANIMOUS_NO_TRADE,0,,MA|SM|RM,False,0.0,NO_TRADE_REVIEW,EX did not execute a trade under CONFIG_4_MA_SM_RM_EX_RF. The resolved analytical decision was NO_TRADE using MAJORITY_CONSENSUS. 0 of 3 active analytical agents voted BUY; 2 BUY vote(s) were required. Consensus category was UNANIMOUS_NO_TRADE. Reason: Configuration 4 majority not reached: 0/3 agents voted BUY.,No trade was executed. The counterfactual net Open-to-Close return was 0.338516%.,All three analytical agents reached the same directional decision.,The NO_TRADE decision missed a profitable market outcome. | The resolved NO_TRADE decision missed a profitable Open-to-Close opportunity.,,CONFIG_4_MA_SM_RM_EX_RF | NO_TRADE | FULL_AGENT_AGREEMENT | UNANIMOUS_NO_TRADE | CONSENSUS_UNANIMOUS_NO_TRADE | MISSED_PROFITABLE_OPPORTUNITY,0.9373303857265992
2026-07-06,decision_0e79ee336440488eb38b128f955e3985,UNANIMOUS_NO_TRADE,0,,MA|SM|RM,False,0.0,NO_TRADE_REVIEW,EX did not execute a trade under CONFIG_4_MA_SM_RM_EX_RF. The resolved analytical decision was NO_TRADE using MAJORITY_CONSENSUS. 0 of 3 active analytical agents voted BUY; 2 BUY vote(s) were required. Consensus category was UNANIMOUS_NO_TRADE. Reason: Configuration 4 majority not reached: 0/3 agents voted BUY.,No trade was executed. The counterfactual net Open-to-Close return was 0.047601%.,All three analytical agents reached the same directional decision.,The NO_TRADE decision missed a profitable market outcome. | The resolved NO_TRADE decision missed a profitable Open-to-Close opportunity.,,CONFIG_4_MA_SM_RM_EX_RF | NO_TRADE | FULL_AGENT_AGREEMENT | UNANIMOUS_NO_TRADE | CONSENSUS_UNANIMOUS_NO_TRADE | MISSED_PROFITABLE_OPPORTUNITY,0.9329081525442376
2026-07-07,decision_5f805a366e8f413dae36d665ab167513,UNANIMOUS_NO_TRADE,0,,MA|SM|RM,False,0.0,NO_TRADE_REVIEW,EX did not execute a trade under CONFIG_4_MA_SM_RM_EX_RF. The resolved analytical decision was NO_TRADE using MAJORITY_CONSENSUS. 0 of 3 active analytical agents voted BUY; 2 BUY vote(s) were required. Consensus category was UNANIMOUS_NO_TRADE. Reason: Configuration 4 majority not reached: 0/3 agents voted BUY.,No trade was executed. The counterfactual net Open-to-Close return was -0.504676%.,The NO_TRADE decision avoided a non-profitable market outcome. | All three analytical agents reached the same directional decision. | The resolved NO_TRADE decision avoided a non-profitable Open-to-Close outcome.,,,CONFIG_4_MA_SM_RM_EX_RF | NO_TRADE | FULL_AGENT_AGREEMENT | UNANIMOUS_NO_TRADE | CONSENSUS_UNANIMOUS_NO_TRADE | CORRECT_TRADE_REJECTION,0.9166786072094132
2026-07-08,decision_598bccbce7394ebcb1c4e8d7869f06d7,UNANIMOUS_NO_TRADE,0,,MA|SM|RM,False,0.0,NO_TRADE_REVIEW,EX did not execute a trade under CONFIG_4_MA_SM_RM_EX_RF. The resolved analytical decision was NO_TRADE using MAJORITY_CONSENSUS. 0 of 3 active analytical agents voted BUY; 2 BUY vote(s) were required. Consensus category was UNANIMOUS_NO_TRADE. Reason: Configuration 4 majority not reached: 0/3 agents voted BUY.,No trade was executed. The counterfactual net Open-to-Close return was -0.365957%.,The NO_TRADE decision avoided a non-profitable market outcome. | All three analytical agents reached the same directional decision. | The resolved NO_TRADE decision avoided a non-profitable Open-to-Close outcome.,,,CONFIG_4_MA_SM_RM_EX_RF | NO_TRADE | FULL_AGENT_AGREEMENT | UNANIMOUS_NO_TRADE | CONSENSUS_UNANIMOUS_NO_TRADE | CORRECT_TRADE_REJECTION,0.9132389767754219
2026-07-09,decision_df5a983792054a96bbfadfc84ea3bcd1,UNANIMOUS_NO_TRADE,0,,MA|SM|RM,False,0.0,NO_TRADE_REVIEW,EX did not execute a trade under CONFIG_4_MA_SM_RM_EX_RF. The resolved analytical decision was NO_TRADE using MAJORITY_CONSENSUS. 0 of 3 active analytical agents voted BUY; 2 BUY vote(s) were required. Consensus category was UNANIMOUS_NO_TRADE. Reason: Configuration 4 majority not reached: 0/3 agents voted BUY.,No trade was executed. The counterfactual net Open-to-Close return was 2.909093%.,All three analytical agents reached the same directional decision.,The NO_TRADE decision missed a profitable market outcome. | The resolved NO_TRADE decision missed a profitable Open-to-Close opportunity.,,CONFIG_4_MA_SM_RM_EX_RF | NO_TRADE | FULL_AGENT_AGREEMENT | UNANIMOUS_NO_TRADE | CONSENSUS_UNANIMOUS_NO_TRADE | MISSED_PROFITABLE_OPPORTUNITY,0.9358250913646985
2026-07-10,decision_1319da3b1504411096e80702d83f07ff,UNANIMOUS_NO_TRADE,0,,MA|SM|RM,False,0.0,NO_TRADE_REVIEW,EX did not execute a trade under CONFIG_4_MA_SM_RM_EX_RF. The resolved analytical decision was NO_TRADE using MAJORITY_CONSENSUS. 0 of 3 active analytical agents voted BUY; 2 BUY vote(s) were required. Consensus category was UNANIMOUS_NO_TRADE. Reason: Configuration 4 majority not reached: 0/3 agents voted BUY.,No trade was executed. The counterfactual net Open-to-Close return was -1.786184%.,The NO_TRADE decision avoided a non-profitable market outcome. | All three analytical agents reached the same directional decision. | The resolved NO_TRADE decision avoided a non-profitable Open-to-Close outcome.,,,CONFIG_4_MA_SM_RM_EX_RF | NO_TRADE | FULL_AGENT_AGREEMENT | UNANIMOUS_NO_TRADE | CONSENSUS_UNANIMOUS_NO_TRADE | CORRECT_TRADE_REJECTION,0.9154641610017975
2026-07-13,decision_758bc9b3f1584c10b121e9f6318292e9,UNANIMOUS_NO_TRADE,0,,MA|SM|RM,False,0.0,NO_TRADE_REVIEW,EX did not execute a trade under CONFIG_4_MA_SM_RM_EX_RF. The resolved analytical decision was NO_TRADE using MAJORITY_CONSENSUS. 0 of 3 active analytical agents voted BUY; 2 BUY vote(s) were required. Consensus category was UNANIMOUS_NO_TRADE. Reason: Configuration 4 majority not reached: 0/3 agents voted BUY.,No trade was executed. The counterfactual net Open-to-Close return was 0.974351%.,All three analytical agents reached the same directional decision.,The NO_TRADE decision missed a profitable market outcome. | The resolved NO_TRADE decision missed a profitable Open-to-Close opportunity.,,CONFIG_4_MA_SM_RM_EX_RF | NO_TRADE | FULL_AGENT_AGREEMENT | UNANIMOUS_NO_TRADE | CONSENSUS_UNANIMOUS_NO_TRADE | MISSED_PROFITABLE_OPPORTUNITY,0.9392578077599145
2026-07-14,decision_9f58ccf3167440e5a32ecac0fe56b472,UNANIMOUS_NO_TRADE,0,,MA|SM|RM,False,0.0,NO_TRADE_REVIEW,EX did not execute a trade under CONFIG_4_MA_SM_RM_EX_RF. The resolved analytical decision was NO_TRADE using MAJORITY_CONSENSUS. 0 of 3 active analytical agents voted BUY; 2 BUY vote(s) were required. Consensus category was UNANIMOUS_NO_TRADE. Reason: Configuration 4 majority not reached: 0/3 agents voted BUY.,No trade was executed. The counterfactual net Open-to-Close return was 0.689682%.,All three analytical agents reached the same directional decision.,The NO_TRADE decision missed a profitable market outcome. | The resolved NO_TRADE decision missed a profitable Open-to-Close opportunity.,,CONFIG_4_MA_SM_RM_EX_RF | NO_TRADE | FULL_AGENT_AGREEMENT | UNANIMOUS_NO_TRADE | CONSENSUS_UNANIMOUS_NO_TRADE | MISSED_PROFITABLE_OPPORTUNITY,0.9319778233077556
2026-07-15,decision_c22a5df731fb4b12928b31fb2568c52e,UNANIMOUS_NO_TRADE,0,,MA|SM|RM,False,0.0,NO_TRADE_REVIEW,EX did not execute a trade under CONFIG_4_MA_SM_RM_EX_RF. The resolved analytical decision was NO_TRADE using MAJORITY_CONSENSUS. 0 of 3 active analytical agents voted BUY; 2 BUY vote(s) were required. Consensus category was UNANIMOUS_NO_TRADE. Reason: Configuration 4 majority not reached: 0/3 agents voted BUY.,No trade was executed. The counterfactual net Open-to-Close return was 1.985058%.,All three analytical agents reached the same directional decision.,The NO_TRADE decision missed a profitable market outcome. | The resolved NO_TRADE decision missed a profitable Open-to-Close opportunity.,,CONFIG_4_MA_SM_RM_EX_RF | NO_TRADE | FULL_AGENT_AGREEMENT | UNANIMOUS_NO_TRADE | CONSENSUS_UNANIMOUS_NO_TRADE | MISSED_PROFITABLE_OPPORTUNITY,0.9367822141652556
2026-07-16,decision_13e30367abf447aa9c9ca6928f607cec,UNANIMOUS_NO_TRADE,0,,MA|SM|RM,False,0.0,NO_TRADE_REVIEW,EX did not execute a trade under CONFIG_4_MA_SM_RM_EX_RF. The resolved analytical decision was NO_TRADE using MAJORITY_CONSENSUS. 0 of 3 active analytical agents voted BUY; 2 BUY vote(s) were required. Consensus category was UNANIMOUS_NO_TRADE. Reason: Configuration 4 majority not reached: 0/3 agents voted BUY.,No trade was executed. The counterfactual net Open-to-Close return was -2.148977%.,The NO_TRADE decision avoided a non-profitable market outcome. | All three analytical agents reached the same directional decision. | The resolved NO_TRADE decision avoided a non-profitable Open-to-Close outcome.,,,CONFIG_4_MA_SM_RM_EX_RF | NO_TRADE | FULL_AGENT_AGREEMENT | UNANIMOUS_NO_TRADE | CONSENSUS_UNANIMOUS_NO_TRADE | CORRECT_TRADE_REJECTION,0.9270132018838216
2026-07-17,decision_454f13a6eb424f9dada4f67bbc18dbc5,UNANIMOUS_NO_TRADE,0,,MA|SM|RM,False,0.0,NO_TRADE_REVIEW,EX did not execute a trade under CONFIG_4_MA_SM_RM_EX_RF. The resolved analytical decision was NO_TRADE using MAJORITY_CONSENSUS. 0 of 3 active analytical agents voted BUY; 2 BUY vote(s) were required. Consensus category was UNANIMOUS_NO_TRADE. Reason: Configuration 4 majority not reached: 0/3 agents voted BUY.,No trade was executed. The counterfactual net Open-to-Close return was 1.032551%.,All three analytical agents reached the same directional decision.,The NO_TRADE decision missed a profitable market outcome. | The resolved NO_TRADE decision missed a profitable Open-to-Close opportunity.,,CONFIG_4_MA_SM_RM_EX_RF | NO_TRADE | FULL_AGENT_AGREEMENT | UNANIMOUS_NO_TRADE | CONSENSUS_UNANIMOUS_NO_TRADE | MISSED_PROFITABLE_OPPORTUNITY,0.9343165156825672
2026-07-20,decision_9850e91ebeb24c258e0a2ea1b4d09b51,SINGLE_BUY,1,MA,SM|RM,False,0.0,NO_TRADE_REVIEW,EX did not execute a trade under CONFIG_4_MA_SM_RM_EX_RF. The resolved analytical decision was NO_TRADE using MAJORITY_CONSENSUS. 1 of 3 active analytical agents voted BUY; 2 BUY vote(s) were required. Consensus category was SINGLE_BUY. Reason: Configuration 4 majority not reached: 1/3 agents voted BUY.,No trade was executed. The counterfactual net Open-to-Close return was 0.394222%.,The configured majority-vote rule resolved differing analytical perspectives deterministically.,The NO_TRADE decision missed a profitable market outcome. | The resolved NO_TRADE decision missed a profitable Open-to-Close opportunity.,"MA and SM issued different analytical votes. | MA and RM issued different analytical votes. | Configuration 4 contained analytical disagreement; dissenting agent(s): SM, RM.",CONFIG_4_MA_SM_RM_EX_RF | NO_TRADE | PARTIAL_AGENT_AGREEMENT | MAJORITY_NO_TRADE | CONSENSUS_SINGLE_BUY | MISSED_PROFITABLE_OPPORTUNITY,0.7922330583625896
2026-07-21,decision_92c613201bc24fafae17fa1728783741,UNANIMOUS_NO_TRADE,0,,MA|SM|RM,False,0.0,NO_TRADE_REVIEW,EX did not execute a trade under CONFIG_4_MA_SM_RM_EX_RF. The resolved analytical decision was NO_TRADE using MAJORITY_CONSENSUS. 0 of 3 active analytical agents voted BUY; 2 BUY vote(s) were required. Consensus category was UNANIMOUS_NO_TRADE. Reason: Configuration 4 majority not reached: 0/3 agents voted BUY.,No trade was executed. The counterfactual net Open-to-Close return was -0.725903%.,The NO_TRADE decision avoided a non-profitable market outcome. | All three analytical agents reached the same directional decision. | The resolved NO_TRADE decision avoided a non-profitable Open-to-Close outcome.,,,CONFIG_4_MA_SM_RM_EX_RF | NO_TRADE | FULL_AGENT_AGREEMENT | UNANIMOUS_NO_TRADE | CONSENSUS_UNANIMOUS_NO_TRADE | CORRECT_TRADE_REJECTION,0.9138444514371237
2026-07-22,decision_7c6e308ade7744a8b0ef332119bf7db8,UNANIMOUS_NO_TRADE,0,,MA|SM|RM,False,0.0,NO_TRADE_REVIEW,EX did not execute a trade under CONFIG_4_MA_SM_RM_EX_RF. The resolved analytical decision was NO_TRADE using MAJORITY_CONSENSUS. 0 of 3 active analytical agents voted BUY; 2 BUY vote(s) were required. Consensus category was UNANIMOUS_NO_TRADE. Reason: Configuration 4 majority not reached: 0/3 agents voted BUY.,No trade was executed. The counterfactual net Open-to-Close return was -1.476831%.,The NO_TRADE decision avoided a non-profitable market outcome. | All three analytical agents reached the same directional decision. | The resolved NO_TRADE decision avoided a non-profitable Open-to-Close outcome.,,,CONFIG_4_MA_SM_RM_EX_RF | NO_TRADE | FULL_AGENT_AGREEMENT | UNANIMOUS_NO_TRADE | CONSENSUS_UNANIMOUS_NO_TRADE | CORRECT_TRADE_REJECTION,0.9248414855643582
2026-07-23,decision_8678f94a789d4512b15b4d7921ac29ec,UNANIMOUS_NO_TRADE,0,,MA|SM|RM,False,0.0,NO_TRADE_REVIEW,EX did not execute a trade under CONFIG_4_MA_SM_RM_EX_RF. The resolved analytical decision was NO_TRADE using MAJORITY_CONSENSUS. 0 of 3 active analytical agents voted BUY; 2 BUY vote(s) were required. Consensus category was UNANIMOUS_NO_TRADE. Reason: Configuration 4 majority not reached: 0/3 agents voted BUY.,No trade was executed. The counterfactual net Open-to-Close return was -1.199916%.,The NO_TRADE decision avoided a non-profitable market outcome. | All three analytical agents reached the same directional decision. | The resolved NO_TRADE decision avoided a non-profitable Open-to-Close outcome.,,,CONFIG_4_MA_SM_RM_EX_RF | NO_TRADE | FULL_AGENT_AGREEMENT | UNANIMOUS_NO_TRADE | CONSENSUS_UNANIMOUS_NO_TRADE | LOW_CONFIDENCE | CORRECT_TRADE_REJECTION,0.9031229351795532
2026-07-24,decision_513c656f09964a818a7de17cf18a40ec,UNANIMOUS_NO_TRADE,0,,MA|SM|RM,False,0.0,NO_TRADE_REVIEW,EX did not execute a trade under CONFIG_4_MA_SM_RM_EX_RF. The resolved analytical decision was NO_TRADE using MAJORITY_CONSENSUS. 0 of 3 active analytical agents voted BUY; 2 BUY vote(s) were required. Consensus category was UNANIMOUS_NO_TRADE. Reason: Configuration 4 majority not reached: 0/3 agents voted BUY.,No trade was executed. The counterfactual net Open-to-Close return was -1.068018%.,The NO_TRADE decision avoided a non-profitable market outcome. | All three analytical agents reached the same directional decision. | The resolved NO_TRADE decision avoided a non-profitable Open-to-Close outcome.,,,CONFIG_4_MA_SM_RM_EX_RF | NO_TRADE | FULL_AGENT_AGREEMENT | UNANIMOUS_NO_TRADE | CONSENSUS_UNANIMOUS_NO_TRADE | CORRECT_TRADE_REJECTION,0.9100432742165111
2026-07-27,decision_c2d903bf668f4af69533310e5225d2eb,SINGLE_BUY,1,MA,SM|RM,False,0.0,NO_TRADE_REVIEW,EX did not execute a trade under CONFIG_4_MA_SM_RM_EX_RF. The resolved analytical decision was NO_TRADE using MAJORITY_CONSENSUS. 1 of 3 active analytical agents voted BUY; 2 BUY vote(s) were required. Consensus category was SINGLE_BUY. Reason: Configuration 4 majority not reached: 1/3 agents voted BUY.,No trade was executed. The counterfactual net Open-to-Close return was -1.915178%.,The NO_TRADE decision avoided a non-profitable market outcome. | The configured majority-vote rule resolved differing analytical perspectives deterministically. | The resolved NO_TRADE decision avoided a non-profitable Open-to-Close outcome.,,"MA and SM issued different analytical votes. | MA and RM issued different analytical votes. | Configuration 4 contained analytical disagreement; dissenting agent(s): SM, RM.",CONFIG_4_MA_SM_RM_EX_RF | NO_TRADE | PARTIAL_AGENT_AGREEMENT | MAJORITY_NO_TRADE | CONSENSUS_SINGLE_BUY | CORRECT_TRADE_REJECTION,0.7812984992040538
2026-07-28,decision_9e6796c824f54861899c0a354eeb1090,UNANIMOUS_NO_TRADE,0,,MA|SM|RM,False,0.0,NO_TRADE_REVIEW,EX did not execute a trade under CONFIG_4_MA_SM_RM_EX_RF. The resolved analytical decision was NO_TRADE using MAJORITY_CONSENSUS. 0 of 3 active analytical agents voted BUY; 2 BUY vote(s) were required. Consensus category was UNANIMOUS_NO_TRADE. Reason: Configuration 4 majority not reached: 0/3 agents voted BUY.,No trade was executed. The counterfactual net Open-to-Close return was -0.954190%.,The NO_TRADE decision avoided a non-profitable market outcome. | All three analytical agents reached the same directional decision. | The resolved NO_TRADE decision avoided a non-profitable Open-to-Close outcome.,,,CONFIG_4_MA_SM_RM_EX_RF | NO_TRADE | FULL_AGENT_AGREEMENT | UNANIMOUS_NO_TRADE | CONSENSUS_UNANIMOUS_NO_TRADE | CORRECT_TRADE_REJECTION,0.9130157951119092
2026-07-29,decision_2e9467850df4432391173ed5cdc223d7,UNANIMOUS_NO_TRADE,0,,MA|SM|RM,False,0.0,NO_TRADE_REVIEW,EX did not execute a trade under CONFIG_4_MA_SM_RM_EX_RF. The resolved analytical decision was NO_TRADE using MAJORITY_CONSENSUS. 0 of 3 active analytical agents voted BUY; 2 BUY vote(s) were required. Consensus category was UNANIMOUS_NO_TRADE. Reason: Configuration 4 majority not reached: 0/3 agents voted BUY.,No trade was executed. The counterfactual net Open-to-Close return was -1.263723%.,The NO_TRADE decision avoided a non-profitable market outcome. | All three analytical agents reached the same directional decision. | The resolved NO_TRADE decision avoided a non-profitable Open-to-Close outcome.,,,CONFIG_4_MA_SM_RM_EX_RF | NO_TRADE | FULL_AGENT_AGREEMENT | UNANIMOUS_NO_TRADE | CONSENSUS_UNANIMOUS_NO_TRADE | CORRECT_TRADE_REJECTION,0.9150461099356029
2026-07-30,decision_45ca581770274d028a0fefd22a83e5ae,UNANIMOUS_NO_TRADE,0,,MA|SM|RM,False,0.0,NO_TRADE_REVIEW,EX did not execute a trade under CONFIG_4_MA_SM_RM_EX_RF. The resolved analytical decision was NO_TRADE using MAJORITY_CONSENSUS. 0 of 3 active analytical agents voted BUY; 2 BUY vote(s) were required. Consensus category was UNANIMOUS_NO_TRADE. Reason: Configuration 4 majority not reached: 0/3 agents voted BUY.,No trade was executed. The counterfactual net Open-to-Close return was 0.820912%.,All three analytical agents reached the same directional decision.,The NO_TRADE decision missed a profitable market outcome. | The resolved NO_TRADE decision missed a profitable Open-to-Close opportunity.,,CONFIG_4_MA_SM_RM_EX_RF | NO_TRADE | FULL_AGENT_AGREEMENT | UNANIMOUS_NO_TRADE | CONSENSUS_UNANIMOUS_NO_TRADE | MISSED_PROFITABLE_OPPORTUNITY,0.9352400120923747
